date,fold,top1_profit,oracle_profit,top1_regret,top1_predicted_spread,top1_prior_score,top1_weather_bid_spread,top1_orig_bid_spread,top1_charge_start,top1_discharge_start,wind_charge_mean,wind_discharge_mean,ghi_charge_mean,ghi_discharge_mean,top10_pred_spread_mean,top10_pred_spread_std,top10_pred_spread_min,top10_prior_score_mean,top10_prior_score_std,top10_prior_score_min,top10_weather_spread_mean,top10_weather_spread_std,top10_weather_spread_max,top10_weather_delta_max,top10_weather_delta_min,top10_charge_std,top10_discharge_std,top10_charge_min,top10_charge_max,top10_discharge_min,top10_discharge_max,rank2_predicted_spread,rank2_prior_score,rank2_profit,rank10_predicted_spread,rank10_prior_score,rank10_profit,top1_rank2_pred_gap,top1_rank2_prior_gap,top1_rank10_prior_gap,top10_pred_spread_range,top10_prior_score_range,top10_charge_range,top10_discharge_range,top1_weather_minus_pred,top1_orig_bid_minus_pred,top1_wind_delta,top1_ghi_delta,top1_gap_slots,top1_charge_hour,top1_discharge_hour,month,dayofweek,is_weekend,oracle10_rank,oracle10_profit,oracle10_lift,top1_top2_gap,top1_top5_mean_gap,top5_spread_std,profit_ratio_day,charge_start_gap,discharge_start_gap,loss_day,high_regret_top25,high_oracle10_lift_top25,bottom_profit25
2025-09-01,valid_2025_09,6959.229019103534,7673.0470813487245,713.818062245191,7.233412161892758,5.459219844245159,0.8358393014918857,1.205034000443412,55,71,5.658159966289297,6.5590604660242775,727.3671123690476,183.40887865972127,7.12190466311687,0.13847247235772916,6.908552329420811,5.303597493585104,0.08266855696794753,5.199935588289037,0.8585695127930606,0.04460734166310722,0.9184954669692668,0.0826561654773812,-0.0559545908280689,1.7288403306519922,0.8432740427115671,52,57,71,73,7.276941168871392,5.421391528950043,5495.802573943476,7.01642984038482,5.199935588289037,4811.809778923014,-0.043529006978634044,0.03782831529511643,0.25928425595612214,0.3248598324719474,0.25928425595612214,5,2,-6.397572860400873,-6.028378161449346,0.9009004997349805,-543.9582337093264,16,13.75,17.75,9,0,0,3,7460.293508478987,501.0644893754534,-0.043529006978634,0.0097744128833765,0.0721042338458508,0.9069707178025396,2,5,False,False,False,False
2025-09-02,valid_2025_09,6350.049129049124,7323.284979593634,973.23585054451,6.372782708436866,4.366769211098675,0.5864535046020523,0.8272609205265926,32,79,5.714579846939657,5.501165012333857,180.04058215179504,17.07942305226834,6.324390190446691,0.07903355443342941,6.209505006629386,4.313312286038504,0.03266403267579029,4.253503370541356,0.5080805695147093,0.07002241646761673,0.5886400672487362,0.0021865626466839,-0.1718008057017672,2.0,1.7795130420052183,27,32,75,79,6.372501845285181,4.34073019609167,6350.049129049124,6.351465480157424,4.253503370541356,6350.049129049124,0.00028086315168440734,0.02603901500700534,0.11326584055731903,0.16327770180747958,0.11326584055731903,5,4,-5.786329203834813,-5.545521787910273,-0.2134148346057998,-162.9611590995267,47,8.0,19.75,9,1,0,1,6350.049129049124,0.0,0.0002808631516844,0.0308405301081542,0.0654742894640447,0.8671039221802189,-12,-2,False,False,False,False
2025-09-03,valid_2025_09,7206.793053197055,8892.914826968426,1686.1217737713714,9.317121114972675,7.353657597686047,0.8968462857639308,1.270073023499589,52,69,4.743486928701721,4.797442020321334,732.6965430295577,277.44428110422996,9.171381113615727,0.19491639106618017,8.868147059006414,7.257582021702866,0.05763423773167472,7.172311994185227,0.9350965673915038,0.0917817396753446,1.0738131617852833,0.1769668760213525,-0.0788832233247269,1.8257418583505542,0.9660917830792976,49,55,69,71,9.366776336044545,7.3350046868510335,6443.2662122439815,8.868147059006414,7.172311994185227,7823.290075477264,-0.049655221071869704,0.01865291083501397,0.1813456035008203,0.4489740559662607,0.1813456035008203,6,2,-8.420274829208743,-8.047048091473087,0.05395509161961343,-455.25226192532773,17,13.0,17.25,9,2,0,7,7970.319894150128,763.5268409530727,-0.0496552210718697,-0.0134563619459502,0.0406302552128966,0.8103971749894555,3,2,False,False,True,False
2025-09-04,valid_2025_09,6617.232621593302,8239.727158618583,1622.4945370252815,8.226386055898008,6.550571605396661,0.9078931322391846,1.245863941429893,52,71,5.7774755782438945,6.653699181771216,626.743880165296,132.83153481800855,8.287268080053142,0.14557504642476346,8.026728191249898,6.447835360608513,0.052783956977787566,6.375156571508699,0.8664686415666039,0.050529898025780035,0.92756465322595,0.0196715209867655,-0.1246919465166636,1.3374935098492586,0.9944289260117536,49,53,69,71,8.197618734479967,6.5017836696587805,6489.978148101123,8.358640703115167,6.375156571508699,5503.7559785367375,0.028767321418040837,0.04878793573788087,0.17541503388796276,0.19965786464810975,0.17541503388796276,4,2,-7.318492923658823,-6.980522114468115,0.8762236035273219,-493.91234534728744,19,13.0,17.75,9,3,0,4,7348.94584417333,731.7132225800287,0.0287673214180408,-0.0173624615346508,0.1029341183067713,0.8030888030888031,-3,-2,False,False,False,False
2025-09-05,valid_2025_09,10679.373571726544,10689.375773343028,10.002201616485763,8.469152330420618,6.652658078324835,1.1133455006080704,1.6134452438598648,60,73,6.367037034065078,5.832084001891857,538.1597366464848,131.5258878664904,8.31533458131474,0.15825696061196465,8.059450723358248,6.479028486625003,0.07677001352040595,6.409823162873235,1.1655516440436449,0.08063076732272674,1.2520790549728682,0.1387335543647978,-0.0979026943778063,3.5916569992135936,0.3162277660168395,52,62,73,74,8.411914964743168,6.5348557100555675,10688.83176046885,8.181080817878454,6.409823162873235,10593.934918223897,0.05723736567744986,0.11780236826926771,0.24283491545160008,0.40970160706237024,0.24283491545160008,10,1,-7.355806829812548,-6.855707086560754,-0.5349530321732203,-406.6338487799944,13,15.0,18.25,9,4,0,5,10689.375773343028,10.002201616483944,0.0572373656774498,0.0874708857858745,0.0944431019757592,0.9990642857142856,3,0,False,False,False,False
2025-09-06,valid_2025_09,7182.732413621523,7348.945844173331,166.2134305518084,6.329044307075275,4.395615434516394,1.45855073739712,2.013266517769387,62,88,6.582264691981649,5.649779945554606,573.3035635418355,0.0,6.453190384636173,0.20216581420564472,6.132335663369535,4.320980835978775,0.04716883524991468,4.2681555824425566,1.325071915368225,0.1556840105940124,1.5325035688770683,0.0739528314799482,-0.3654804683120076,1.5491933384829657,4.17532433869913,60,64,79,88,6.322989825839265,4.389560953280384,7172.06530738104,6.399334666961696,4.2681555824425566,7176.369689946913,0.006054481236009934,0.006054481236009934,0.12745985207383725,0.19670864370574037,0.12745985207383725,4,9,-4.870493569678155,-4.315777789305888,-0.9324847464270434,-573.3035635418355,26,15.5,22.0,9,5,1,3,7189.553253400703,6.82083977918046,0.0060544812360134,-0.1172854235869955,0.2372258596439765,0.977382683982684,27,0,False,False,False,False
2025-09-07,valid_2025_09,8239.727158618583,24814.62233097489,16574.8951723563,15.866123611971396,14.166565676555964,1.7480790518554006,2.0329835421455913,55,88,5.382519170398073,4.350294209078498,732.1903052441685,0.0,15.801987614555046,0.19498454148718494,15.469529050979482,14.017776948548018,0.07890270434684035,13.924257457432828,1.7448694303909433,0.012924416810601757,1.7586635582719552,0.0105845064165546,-0.0350789701587199,2.451756739791106,0.674948557710552,49,57,86,88,15.817119787374216,14.081441126775596,8239.727158618583,16.030589095909797,13.924257457432828,8271.540776991627,0.04900382459718067,0.08512454978036743,0.24230821912313516,0.3965945609919146,0.24230821912313516,8,2,-14.118044560115996,-13.833140069825806,-1.0322249613195744,-732.1903052441685,33,13.75,22.0,9,6,1,8,8303.354395364673,63.62723674608969,0.0490038245971788,0.0835982714952017,0.0754601636682641,0.3320512820512821,9,16,False,True,False,False
2025-09-08,valid_2025_09,18294.220819623617,20080.27235006656,1786.0515304429427,11.351190368298212,9.576998050650614,1.2228848967762822,1.5810134043136008,55,71,4.793154143324962,4.681484822837859,730.1823798202445,194.4119003725505,11.16108993244074,0.12931966004199072,10.98845848775278,9.351830082327087,0.10373160429869462,9.221730552963558,1.2766065540194727,0.06762419528561045,1.3697572472761692,0.146872350499887,-0.0548766954631183,1.4337208778404378,0.8432740427115692,52,57,71,73,11.260255178565984,9.449942135735196,18381.183345446338,10.99298820796878,9.221730552963558,14627.176377427058,0.09093518973222814,0.12705591491541846,0.35526749768705557,0.36273188054543226,0.35526749768705557,5,2,-10.12830547152193,-9.77017696398461,-0.11166932048710265,-535.770479447694,16,13.75,17.75,9,0,0,3,18389.66167474275,95.44085511913363,0.0909351897322281,0.1482185737947823,0.0959088616165401,0.9110544170265188,4,2,False,False,False,False
2025-09-09,valid_2025_09,15111.468727196245,22555.85542648871,7444.386699292467,12.769710244665047,10.806246727378422,1.6357217199581455,2.093159153494522,52,79,4.228593326943113,5.084580871045553,760.0673161576751,12.384021065405705,12.720521054376379,0.0994643228451445,12.558668866841211,10.70407570192853,0.0743737106270151,10.61972721889233,1.6207352640333532,0.04233760738955767,1.674659380453262,0.0389376604951161,-0.098176787632461,1.7919573407620817,0.8164965809277265,49,55,78,81,12.824546167005687,10.792774517812177,15016.027872077111,12.677746247404649,10.61972721889233,13266.278861559653,-0.05483592234064005,0.013472209566245397,0.1865195084860929,0.21104137782383603,0.1865195084860929,6,3,-11.133988524706902,-10.676551091170525,0.8559875441024403,-747.6832950922694,27,13.0,19.75,9,1,0,8,18770.034840096385,3658.56611290014,-0.05483592234064,-0.0274570317940288,0.060446745885166,0.6699576868829338,4,6,False,True,True,False
2025-09-10,valid_2025_09,6464.543160211875,6763.524364319911,298.98120410803585,3.6442771907116054,1.8277829386158229,0.7328861336791332,1.0652049145586149,60,73,6.8633195780697065,7.055801398671129,571.5884815600789,105.33710091563898,3.6111755284615406,0.056903300162301426,3.526282412906326,1.748677854060698,0.049752844714650475,1.6977612579853434,0.770127340802493,0.05454100003501007,0.847905789324189,0.1150196556450557,-0.057091787203495,1.96920739836559,0.7888106377466159,55,60,71,73,3.616220722606421,1.7997264705106386,6468.984341336752,3.5387752094982083,1.6977612579853434,5780.515370211202,0.02805646810518425,0.02805646810518425,0.13002168063047947,0.11799477780527923,0.13002168063047947,5,2,-2.911391057032472,-2.5790722761529903,0.19248182060142227,-466.2513806444399,13,15.0,18.25,9,2,0,2,6468.984341336752,4.441181124876493,0.0280564681051842,0.0208583248513698,0.0520522841568135,0.9557950577238588,8,-3,False,False,False,False
2025-09-11,valid_2025_09,7755.075314961783,8893.14388502071,1138.0685700589274,8.125878742063309,6.513315911192782,1.091004544704277,1.4941793961331131,46,71,4.911500829429642,5.312464582142624,610.8956194717863,149.40402835147052,8.070467079926969,0.06165524582139507,7.970883273787559,6.400518647258471,0.0443056732762713,6.35716833245287,1.1036240492748406,0.036585083489677914,1.1670696276614718,0.0760650829571947,-0.0480740677612447,2.9230881691191666,0.6749485577105533,40,49,71,73,8.148383461415436,6.430019030862528,7890.668137829538,8.075532763005778,6.35716833245287,8371.40054370278,-0.022504719352127722,0.08329688033025384,0.1561475787399118,0.15499546827575017,0.1561475787399118,9,2,-7.034874197359032,-6.631699345930196,0.40096375271298257,-461.4915911203158,25,11.5,17.75,9,3,0,10,8371.40054370278,616.3252287409978,-0.0225047193521277,0.0444161990540301,0.0697762099841322,0.872028544148954,7,9,False,False,False,False
2025-09-12,valid_2025_09,4986.606523711871,5677.372438083954,690.765914372083,8.22362870958964,6.449436391942041,0.7319403545866958,1.0637864934413237,55,71,5.498455096212794,6.4404131481494815,647.8071286321908,160.24277747358656,8.112782971895385,0.14970029087070164,7.878979360472229,6.241325451060677,0.10908505083040444,6.130501441186529,0.7569275273596558,0.04546496699888377,0.8210314392104934,0.0890910846237975,-0.0449757023747778,1.159501808728405,0.9189365834726829,52,56,70,73,8.214912635235038,6.404599592404252,4350.334156250977,8.138564695977575,6.130501441186529,5559.251654426676,0.008716074354602199,0.04483679953778896,0.31893495075551215,0.34464934911741096,0.31893495075551215,4,3,-7.491688355002944,-7.159842216148316,0.9419580519366875,-487.56435115860427,16,13.75,17.75,9,4,0,10,5559.251654426676,572.6451307148054,0.0087160743546021,0.1366182966201297,0.1267597263504115,0.8783299982684935,23,2,False,False,False,False
2025-09-13,valid_2025_09,5454.540310913638,5455.46926857013,0.9289576564924572,2.975109463886795,1.1941942061976114,1.1521989055630026,1.943465769794025,60,88,8.103599142951055,6.231865543949027,559.5784020469537,0.0,2.9799828690862777,0.08653402661792235,2.8132609969756404,1.01061801617657,0.10892241564578631,0.8631081538357026,1.125697707062296,0.09102059608381335,1.2612668453998124,0.1090679398368097,-0.1828762043475951,2.1705094128132942,0.6749485577105507,57,64,86,88,2.9455600857176347,1.1040798254366324,5454.45441414403,3.0507971145864237,0.8631081538357026,5321.7757187192465,0.029549378169160256,0.090114380760979,0.3310860523619088,0.16184846691115462,0.3310860523619088,7,2,-1.8229105583237923,-1.03164369409277,-1.8717335990020274,-559.5784020469537,28,15.0,22.0,9,5,1,7,5455.3833718005235,0.8430608868857234,0.0295493781691602,0.022687322967851,0.075120019132446,0.9998297199359466,37,0,False,False,False,False
2025-09-14,valid_2025_09,36565.65672576847,37794.00916340826,1228.3524376397836,12.118728179047531,10.155264661760905,1.1157190791452267,1.500320489183304,52,69,5.086520561835272,5.437091305653482,699.0618777965474,223.0550147367885,11.974562789374339,0.17512823664573307,11.65599573420104,10.028109774930053,0.07031998502498,9.96437684242609,1.1501150584733841,0.06452261880982439,1.2594118913376642,0.1436928121924374,-0.0753422856123773,1.5238839267549948,0.8432740427115655,49,54,69,71,12.17123186968081,10.139460220487296,37145.14178443348,11.70849942483432,9.96437684242609,32509.89758748085,-0.05250369063327831,0.015804441273608916,0.19088781933481513,0.4627324448464911,0.19088781933481513,5,2,-11.003009099902304,-10.618407689864227,0.35057074381820996,-476.00686305975887,17,13.0,17.25,9,6,1,6,37209.704341559736,644.0476157912635,-0.0525036906332783,0.0261170159387322,0.0488172386585131,0.967498752716897,-3,0,False,False,False,False
2025-09-15,valid_2025_09,7262.180562784527,7262.180562784526,-9.094947017729282e-13,7.74833436765617,5.714910399230242,1.2341704767749029,1.7572670044985532,57,75,6.480621983698306,6.193974866387848,547.2818968327229,47.95088451533911,7.76764229319745,0.06297254173300601,7.647845523630295,5.6463102675403025,0.0437536369707925,5.606203443763272,1.261726501316084,0.06801371530927286,1.3615769481490894,0.1274064713741864,-0.0797824397721447,1.9465068427541912,1.567021236472422,55,60,75,79,7.740107944364226,5.706683975938298,7262.180562784527,7.843957661695596,5.606203443763272,7158.064133935063,0.00822642329194423,0.00822642329194423,0.10870695546697018,0.10048884402587532,0.10870695546697018,5,4,-6.514163890881267,-5.991067363157617,-0.28664711731045767,-499.33101231738374,18,14.25,18.75,9,0,0,1,7262.180562784527,0.0,0.0082264232919442,0.0075895720149175,0.0539336707503001,1.0,21,0,False,False,False,False
2025-09-16,valid_2025_09,32795.51389051038,32795.513890510374,-7.275957614183426e-12,6.621375375251574,4.502545995048537,0.5602014121738339,0.6998720078230409,46,67,5.356253242069201,5.301029216604704,566.8453020366438,255.8470940057996,6.596800326586842,0.07857740857309459,6.436806220135466,4.3803516193352605,0.05881626314694471,4.317976839932429,0.42773446742101007,0.16078681773251308,0.6189423134849275,0.0587409013110935,-0.3661056725360785,7.862710869809612,0.6749485577105515,31,48,66,68,6.657967931030186,4.458870272642288,32795.51389051038,6.436806220135466,4.317976839932429,32795.51389051038,-0.03659255577861131,0.04367572240624895,0.18456915511610816,0.18456915511610816,0.18456915511610816,17,2,-6.06117396307774,-5.921503367428533,-0.05522402546449712,-310.99820803084424,21,11.5,16.75,9,1,0,1,32795.51389051038,0.0,-0.0365925557786113,-0.0008713592328959,0.0259709406328163,1.0,0,2,False,False,False,False
2025-09-17,valid_2025_09,29075.897443952363,34819.496291403484,5743.598847451121,12.124170785839922,10.223958888184114,1.1177524217738384,1.4288684047493554,49,69,4.401175149912291,4.355145250620772,664.8469281663647,222.81867061467577,11.96422000979325,0.20295620767782752,11.672256246888251,10.093680538763035,0.07967080384010386,10.007222937432337,1.1490265730944174,0.07783609701663431,1.2691882721352048,0.1514358503613664,-0.0751287053685487,1.6465452046971292,0.9486832980505129,48,53,69,71,12.155637756268888,10.172153624662418,29456.744632219757,11.68303738793368,10.007222937432337,26088.643217789184,-0.031466970428965624,0.05180526352169679,0.21673595075177765,0.4519145389516712,0.21673595075177765,5,2,-11.006418364066084,-10.695302381090567,-0.04602989929151846,-442.02825755168897,20,12.25,17.25,9,2,0,6,31031.219693672763,1955.3222497204006,-0.0314669704289656,0.0784010811503943,0.1870355141713715,0.8350464693864871,-8,1,False,True,True,False
2025-09-18,valid_2025_09,26946.13476196888,32148.628499960232,5202.493737991354,9.417712213160897,7.517500315505088,0.9845369549701636,1.291936822527889,46,69,4.363822971119369,4.167358838152616,612.6598136411368,203.758221299232,9.196236931916832,0.20354324875471297,8.902211979108088,7.294947166915695,0.1113288914857293,7.166589509646259,1.0037175823887519,0.08275302688852156,1.10232786234943,0.1177909073792662,-0.1411543159452204,0.9189365834726814,1.349897115421104,45,48,67,71,9.048428189253045,7.435865358382518,26583.459512516172,9.08065439470657,7.166589509646259,28492.276614898852,0.3692840239078521,0.08163495712256985,0.3509108058588293,0.5155002340528085,0.3509108058588293,3,4,-8.433175258190733,-8.125775390633008,-0.1964641329667529,-408.9015923419048,23,11.5,17.25,9,3,0,10,28492.276614898852,1546.1418529299735,0.3692840239078521,0.1312359975020847,0.1488128867959341,0.8381736957146466,-8,4,False,True,True,False
2025-09-19,valid_2025_09,5484.779155177218,13626.008169951016,8141.229014773798,11.147333630700494,9.534770799829968,1.0587480238250002,1.376581956849412,46,71,3.6672780689113296,4.604191704680389,612.4107464489568,135.56613634827863,11.063883982241814,0.12519174082024026,10.854164231065203,9.28458202080961,0.15397885589776328,9.138518768146612,1.0293514743619891,0.03574353745301346,1.0633589558874377,0.0046109320624374,-0.1067686207137796,1.549193338482966,0.7071067811865465,45,50,69,71,11.088870840454868,9.462455022179835,5484.779155177218,10.85688319869952,9.138518768146612,5484.779155177218,0.05846279024562584,0.07231577765013242,0.3962520316833551,0.2931693996352909,0.3962520316833551,5,2,-10.088585606875494,-9.770751673851082,0.9369136357690593,-476.8446101006782,25,11.5,17.75,9,4,0,1,5484.779155177218,0.0,0.0584627902456276,0.0349326745996769,0.0673994773809703,0.4025228142217482,45,-12,False,True,False,False
2025-09-20,valid_2025_09,14214.324689076382,14612.977959547172,398.6532704707897,6.5478825726756185,4.348784914287721,0.4503745626800217,0.6666388150240756,46,66,4.934901420185259,5.087198838032009,566.4140910865503,261.4618232178075,6.425922359410022,0.12404008270810074,6.216027191319185,4.247233400266943,0.0952832569276116,4.067942193406531,0.49350107286205047,0.037080558083785624,0.5515200628915125,0.1011455002114907,0.0,1.1595018087284064,0.788810637746613,46,49,66,68,6.601899188916661,4.3195292965781045,14214.324689076382,6.270043807560228,4.067942193406531,12016.003659498994,-0.054016616241042925,0.02925561770961682,0.2808427208811901,0.33185538135643355,0.2808427208811901,3,2,-6.097508009995597,-5.881243757651543,0.15229741784675,-304.95226786874287,20,11.5,16.5,9,5,1,1,14214.324689076382,0.0,-0.0540166162410429,0.0310545786294103,0.0606215114937749,0.9727192313863492,10,0,False,False,False,False
2025-09-21,valid_2025_09,459.25821347143625,3813.921555501232,3354.663342029796,4.508294760026928,2.446453375594047,0.114437361750225,0.2478079850341377,55,69,5.0762368242647185,5.543647043889521,508.9228384512824,153.39274344410092,4.53143072639622,0.13058899777435284,4.261156694674298,2.3464413421664823,0.05261832298204187,2.2791713019592876,0.12714419539565272,0.017885949978063878,0.1598772554230958,0.0454398936728708,-0.0140474925914517,1.0327955589886435,0.8755950357709154,52,55,67,69,4.671142010928008,2.3906831439478995,608.8967488508903,4.529560433700027,2.2791713019592876,810.9641273091208,-0.16284725090108054,0.05577023164614747,0.16728207363475933,0.2471380653526296,0.16728207363475933,3,2,-4.393857398276703,-4.26048677499279,0.4674102196248029,-355.5300950071815,14,13.75,17.25,9,6,1,10,810.9641273091208,351.7059138376846,-0.1628472509010805,-0.0318998486030368,0.1071266058934099,0.1204162714906914,13,5,False,False,False,True
2025-09-22,valid_2025_09,0.0,2920.585607500625,2920.585607500625,8.278298995094254,6.665736164223727,0.8202999329736453,1.2871187096548953,46,71,6.285370109685616,6.72691583522775,449.06772782733304,100.39814237388237,8.289552217070646,0.12010544036121422,8.097490637160423,6.520793366455801,0.07582790723286036,6.41810617242463,0.8014702632682263,0.03819260734976306,0.857032643462226,0.0367327104885806,-0.0734654209771612,1.2292725943057181,1.074967699773138,45,49,69,72,8.21628682540188,6.589871007126851,-254.50894698435712,8.097490637160423,6.41810617242463,-31.81361837304486,0.06201216969237322,0.07586515709687625,0.24762999179909695,0.18080835793383088,0.24762999179909695,4,3,-7.457999062120608,-6.991180285439358,0.44154572554213445,-348.6695854534507,25,11.5,17.75,9,0,0,6,127.25447349217856,127.25447349217856,0.0620121696923732,0.009472066393604,0.0981462521885251,-3.8926041897092964e-17,46,46,False,False,False,True
2025-09-23,valid_2025_09,3075.9728637200874,6171.437931417339,3095.465067697252,7.455087553533952,5.3932461691010705,1.2320367399821237,1.9323380136365595,55,79,6.278136920877365,5.134332380208562,517.2602981912888,5.273807427852034,7.41153603832993,0.06065428927400817,7.306615115774436,5.329643437860741,0.03259340224771482,5.280763591082023,1.2286533955706813,0.03025682108118627,1.2708040794919455,0.038767339509822,-0.0606931759178301,1.8135294011647263,0.5270462766947281,52,57,78,79,7.471806561251597,5.365474922774626,3107.786482093132,7.468452551832744,5.280763591082023,4857.535492610592,-0.01671900771764534,0.02777124632644412,0.11248257801904771,0.14847243775951569,0.11248257801904771,5,1,-6.223050813551828,-5.522749539897392,-1.1438045406688033,-511.9864907634368,24,13.75,19.75,9,1,0,10,4857.535492610592,1781.5626288905046,-0.0167190077176453,0.0478964156355434,0.0607907037236963,0.4984207729062676,-5,-4,False,False,True,True
2025-09-24,valid_2025_09,14729.705306719708,15906.80918652236,1177.1038798026548,16.302052892921054,14.380055982008248,1.5232147240463512,1.948521465957855,53,75,4.87334057972048,4.581628920456744,659.6955696004882,31.200246967567185,16.171861701729895,0.14670178252865754,15.909999839460705,14.317756689840758,0.042640512776683695,14.27192194304066,1.4814247038209247,0.04713474756541913,1.5622924918150698,0.0390777677687186,-0.1226578082195715,1.0801234497346435,0.9428090415820648,52,55,73,75,16.367619230921488,14.379431859586123,14666.078069973615,16.293461957951646,14.27192194304066,15461.418529299735,-0.06556633800043343,0.0006241224221241737,0.108134038967588,0.3920530534603497,0.108134038967588,3,2,-14.778838168874703,-14.3535314269632,-0.2917116592637363,-628.495322632921,22,13.25,18.75,9,2,0,8,15906.80918652236,1177.1038798026511,-0.0655663380004334,0.0810248290540869,0.1197102287536829,0.926,17,2,False,False,True,False
2025-09-25,valid_2025_09,11160.35730518493,14059.039236435716,2898.681931250785,6.557426457745127,3.96282837543671,-0.1594502934311101,-0.1660225286440035,16,66,3.959840047146116,4.115697729063044,0.0,272.55037864010524,6.223582986851003,0.23352955703093825,5.903652109829736,3.8243313503911756,0.07797381510632768,3.709929115458559,0.10594683652240348,0.3222721884417683,0.5005368899343843,0.6599871833654944,-0.014259523687075,17.308957218735046,0.5163977794943213,9,49,66,67,6.44193408126063,3.927604277137074,11118.999601299973,6.502277409727235,3.709929115458559,11288.07307614352,0.11549237648449662,0.03522409829963635,0.2528992599781512,0.653774347915391,0.2528992599781512,40,1,-6.716876751176237,-6.72344898638913,0.1558576819169275,272.55037864010524,50,4.0,16.5,9,3,0,10,11288.07307614352,127.71577095858993,0.1154923764844966,0.2862451332120272,0.2269463521120872,0.7938207666610321,1,4,False,False,False,False
2025-09-26,valid_2025_09,4880.880325772732,21780.630718059863,16899.750392287133,8.475966505412941,6.273864891259245,0.7640949429308677,1.0783855165807488,51,67,3.833178335052974,4.013661462882659,595.2521920400195,224.28459547644775,8.324565802854021,0.15092340116516978,8.042923726862362,6.194656408913604,0.04435948054704559,6.1427118292065535,0.7909797003567924,0.06725187645314956,0.8930571410186747,0.128962198087807,-0.0745094176674321,1.1352924243950924,1.1785113019775784,49,52,66,69,8.43220418919526,6.250123189361404,4880.880325772732,8.042923726862362,6.1427118292065535,4899.297229448887,0.043762316217680564,0.023741701897840528,0.13115306205269128,0.43304277855057904,0.13115306205269128,3,3,-7.711871562482074,-7.397580988832193,0.18048312782968523,-370.96759656357176,16,12.75,16.75,9,4,0,7,5790.749811241813,909.8694854690812,0.0437623162176805,0.1074248441382472,0.1047762644924945,0.2240926991028615,51,52,False,True,True,False
2025-09-27,valid_2025_09,1959.7188917795556,2564.1776408674077,604.4587490878521,9.759730850853174,8.024593921031142,1.084619795311296,1.3568674746429092,55,73,3.893039887561254,3.98587949298053,486.0572234539187,59.301372570218746,9.724355928823812,0.1066903721030794,9.510988466169152,7.868583992993545,0.07143255500596747,7.789316642831674,1.065051638027437,0.0622449137515973,1.149046735202914,0.0644269398916179,-0.1289680497493961,1.100504934614612,1.229272594305716,53,57,71,75,9.876960101667088,7.907952234701609,1959.7188917795556,9.79737989762272,7.789316642831674,1768.8371815412866,-0.11722925081391367,0.1166416863295332,0.23527727819946875,0.24874238468402154,0.23527727819946875,4,4,-8.675111055541878,-8.402863376210265,0.09283960541927572,-426.75585088369996,18,13.75,18.25,9,5,1,6,2118.78698364478,159.06809186522423,-0.1172292508139136,0.0184915060099726,0.0748267760951564,0.7642679900744411,0,-15,False,False,False,True
2025-09-28,valid_2025_09,16780.016658178345,17425.75039574338,645.733737565035,12.497435970209764,10.583371085149452,1.2022069711071044,1.5215527781932856,48,69,4.190814757601501,4.667275116535521,626.9774193386335,168.002699541757,12.481354802394204,0.10379302183782084,12.309697210209784,10.442696597058234,0.08242867528519031,10.326649773113918,1.108232068350262,0.1010473439600978,1.2022069711071044,0.0,-0.2391266717931515,1.1972189997378657,0.9189365834726815,46,50,67,69,12.458280000083512,10.558068102427704,16875.82336990877,12.310133904720388,10.326649773113918,16932.94790305941,0.03915597012625227,0.02530298272174747,0.25672131203553405,0.1877387599999807,0.25672131203553405,4,2,-11.29522899910266,-10.975883192016479,0.4764603589340197,-458.97471979687646,21,12.0,17.25,9,6,1,6,17143.057764242345,363.0411060639999,0.0391559701262522,-0.0150914328547173,0.0651451102593864,0.9629437055564176,-6,2,False,False,False,False
2025-10-01,valid_2025_10,6737.968484680847,10953.4288058393,4215.460321158453,5.022588890062366,2.4633589998747034,0.3375131517819225,0.3312566340363765,0,23,4.66560332449614,4.338224332733349,0.0,2.343018117446418,4.569756603677615,0.5933480143528397,3.45261438206645,2.027728941719474,0.21138939776312002,1.8088990032211745,0.3400277097363059,0.03909179664625499,0.4201767586230289,0.0826636068411064,-0.0368833245066539,23.32285479000278,21.10818693198342,0,57,21,73,4.778878231434113,2.219648341246451,4661.620867945708,3.45261438206645,1.8088990032211745,-512.1006335890623,0.24371065862825247,0.24371065862825247,0.6544599966535289,1.5699745079959158,0.6544599966535289,57,52,-4.685075738280443,-4.691332256025989,-0.3273789917627914,2.343018117446418,23,0.0,5.75,10,2,0,3,10841.378060567602,4103.409575886755,0.2437106586282524,0.2277615108943464,0.221667451834314,0.61514696485623,0,4,False,True,True,False
2025-10-02,valid_2025_10,6744.487095085482,7057.176787350463,312.6896922649812,5.382245779724073,3.7385304008787967,0.7300516841935911,1.262198674763697,55,73,6.927513514655459,6.955588321885003,590.044470126089,53.28912726217686,5.437879536946714,0.10102843637661743,5.26956310158301,3.616856310416974,0.0931841480989351,3.4863109617864616,0.7024699560747943,0.04251706204964359,0.7560574679878007,0.0260057837942095,-0.0996805339285336,1.1737877907772674,0.7888106377466164,54,57,71,73,5.451797694975966,3.7297250633042776,6871.7415685776605,5.5928455590955615,3.4863109617864616,6789.484276912316,-0.06955191525189264,0.008805337574519179,0.25221943909233513,0.11268267814106281,0.25221943909233513,3,2,-4.652194095530482,-4.120047104960376,0.028074807229543808,-536.7553428639121,18,13.75,18.25,10,3,0,6,6993.549550604374,249.06245551889242,-0.0695519152518926,-0.066899153627153,0.0828942715494729,0.955691957040745,-3,2,False,False,False,False
2025-10-03,valid_2025_10,8626.962521455285,8844.185907706433,217.22338625114753,6.338268935069378,4.732589193084199,1.2596131844504432,1.7321244420974256,52,73,5.47228469732417,5.472220506911427,600.2531948775916,49.091087828182026,6.272618870768446,0.06582955890169316,6.12429643796777,4.566092316891184,0.08554151878631151,4.466211959732116,1.2377384987653721,0.047749879843576426,1.3051482322199757,0.0455350477695324,-0.0930740862172321,1.1972189997378644,0.8232726023485649,50,54,71,73,6.313587721932684,4.647342977355687,8563.335284709196,6.239762298946985,4.466211959732116,8722.403376574417,0.02468121313669336,0.0852462157285121,0.26637723335208285,0.21397249710160793,0.26637723335208285,4,2,-5.0786557506189345,-4.606144492971952,-6.419041274341453e-05,-551.1621070494095,21,13.0,18.25,10,4,0,4,8786.030613320507,159.0680918652215,0.0246812131366933,0.033281479512115,0.0373238986878157,0.9754388489208632,18,2,False,False,False,False
2025-10-04,valid_2025_10,10029.535877391383,14344.219692893525,4314.68381550214,11.635861407347946,9.663166344677654,0.3503326066136765,0.3211193378760693,0,66,5.050729762762117,3.945727031738599,0.0,199.61160552528057,11.323337196208488,0.35893327962605964,10.618252962780446,9.127461773925786,0.3399474801771828,8.67214203056695,0.3317662943685511,0.11066755577091103,0.4889801299682084,0.1386475233545319,-0.2140899019967648,0.48304589153964794,2.0976176963403033,0,1,62,69,11.404368065420073,9.48891334020605,10328.583890098003,11.465092075220298,8.67214203056695,9800.47782510546,0.23149334192787308,0.17425300447160375,0.9910243141107031,1.0176084445675002,0.9910243141107031,1,7,-11.28552880073427,-11.314742069471876,-1.105002731023518,199.61160552528057,66,0.0,16.5,10,5,1,3,11073.022560027252,1043.4866826358684,0.231493341927873,0.1023193470372323,0.2394672090813638,0.699204006360852,0,-17,False,True,True,False
2025-10-05,valid_2025_10,12372.507066987331,27690.118497155396,15317.611430168065,9.64311881821284,7.305563017212323,-0.0659217917052519,-0.0351148585986322,32,62,4.110041254669994,4.895431689755213,77.94818808048328,284.29017549363925,9.485360033896193,0.24949727536920716,9.07296036238592,7.017454279688539,0.1891046357250324,6.823228360535509,-0.02025287374075669,0.04426334559419365,0.0419304400654816,0.1078522317707335,-0.0376967944521027,0.7888106377466153,1.5634719199411433,31,33,62,66,9.815040051821526,7.24236958486016,15833.857378231132,9.510376805506477,6.823228360535509,14956.237357706808,-0.17192123360868727,0.06319343235216301,0.4823346566768141,0.5701584558269186,0.4823346566768141,2,4,-9.709040609918091,-9.678233676811471,0.785390435085219,206.34198741315598,30,8.0,15.5,10,6,1,4,17515.856107061358,5143.349040074027,-0.1719212336086855,-0.0260043632399824,0.1110818989513591,0.4468203004713886,16,-13,False,True,True,False
2025-10-06,valid_2025_10,13839.525269661708,16639.969928738366,2800.4446590766584,8.105405613181517,6.010215698547492,0.6512320130614739,0.8554294538220102,52,67,4.977983753980283,5.142306520659936,494.5826940760244,176.97180965822872,8.001389644728047,0.10963315339347861,7.807329735542581,5.899126601732699,0.08753189926836488,5.765402156164228,0.6624773565112829,0.06782285075017307,0.7588989893589861,0.1076669762975122,-0.0823973638682016,0.7888106377466163,1.1595018087284064,51,53,66,69,8.150592303585498,5.998162051495203,13865.2370360308,7.978397410846341,5.765402156164228,13833.423417657756,-0.04518669040398038,0.012053647052288952,0.24481354238326425,0.2980758776389365,0.24481354238326425,2,3,-7.454173600120043,-7.249976159359507,0.1643227666796534,-317.61088441779566,15,13.0,16.75,10,0,0,5,15018.165747231778,1178.6404775700703,-0.0451866904039803,0.0526476543854048,0.1001997870648814,0.8317037427910191,47,46,False,False,True,False
2025-10-07,valid_2025_10,12812.68983488229,13434.693794502877,622.0039596205843,6.91567960937509,4.833353015301905,0.6312487374129958,0.8989592886080189,46,66,3.863260744321984,4.363875745009281,489.3922678559663,200.602070833771,7.03217447067868,0.1410734838552654,6.8053291109715275,4.719594277022168,0.0769955096454431,4.614863222021135,0.5889384402311327,0.03673138646261715,0.6439012705347178,0.0126525331217219,-0.0968517045285199,1.9321835661585924,0.4830458915396489,41,47,65,66,7.008629169325864,4.795633914643751,12748.661746544702,6.8053291109715275,4.614863222021135,12846.902200080664,-0.09294955995077459,0.03771910065815387,0.2184897932807699,0.11035049840356237,0.2184897932807699,6,1,-6.284430871962094,-6.016720320767071,0.5006150006872971,-288.7901970221953,20,11.5,16.5,10,1,0,5,13434.693794502877,622.0039596205861,-0.0929495599507745,-0.0769774822297977,0.0429024392605793,0.9537016645757054,4,0,False,False,False,False
2025-10-08,valid_2025_10,-15925.897357546191,17107.04156688222,33032.93892442841,6.062357797535242,4.542168225898291,0.4191078956860714,0.4290226951378102,46,88,4.827623737116447,4.7905472672832445,299.9249247897639,0.0,5.9958194224047805,0.07869154379972199,5.827595039450635,4.374246091573761,0.11341908513494615,4.199266172936477,0.41022333266301453,0.04987309133181733,0.4809201704272396,0.0618122747411682,-0.0817990084966204,3.0276503540974917,0.0,41,50,88,88,6.080999622320327,4.53594298975683,-15992.705956129585,5.827595039450635,4.199266172936477,-12601.374237563015,-0.018641824785085248,0.006225236141461643,0.3429020529618141,0.23476275808460656,0.3429020529618141,9,0,-5.64324990184917,-5.633335102397432,-0.03707646983320245,-299.9249247897639,42,11.5,22.0,10,2,0,9,-9224.947199204216,6700.950158341975,-0.0186418247850852,0.0213884784105449,0.0364804125314895,-0.9309556708143724,16,41,True,True,True,True
2025-10-09,valid_2025_10,864.5032656691143,11716.462535707593,10851.959270038476,11.011406367182126,8.862231487502418,0.1422522713780942,0.1414712398510982,23,69,4.034844002389271,4.229702486967433,0.4086245879192754,99.18397858725416,10.90457655151864,0.22735594286914143,10.569573190785192,8.640539467542961,0.15126845578801382,8.49639717340782,0.10215885819582007,0.04913530265445619,0.1596535976442945,0.0174013262662002,-0.1254103954723415,2.4060109910158114,1.2292725943057166,23,28,66,69,11.179739763093956,8.826234633907852,-4163.273261579313,10.935270877325664,8.49639717340782,2652.4286182342253,-0.16833339591183005,0.0359968535945665,0.36583431409459877,0.4418331763969334,0.36583431409459877,5,3,-10.869154095804031,-10.869935127331027,0.19485848457816246,98.77535399933488,46,5.75,17.25,10,3,0,10,2652.4286182342253,1787.925352565111,-0.16833339591183,-0.0160179390799974,0.2386558602083404,0.0737853480122025,-41,-19,False,True,True,True
2025-10-10,valid_2025_10,12073.344525254572,24860.30350559674,12786.958980342168,9.214440778153488,6.725042545142783,0.3378978938121513,0.3548621699544778,48,64,4.375958245702321,4.616220024518611,355.2360052589883,212.07606255109488,8.789296366197789,0.2706508196738421,8.314393347302797,6.422586304191222,0.1642662798403333,6.264440029759335,0.36037029948587535,0.04758968633647825,0.4436673764578529,0.1057694826457016,-0.0516998000636519,0.8432740427115681,1.4181364924121758,46,49,62,67,8.73269254713918,6.625498892139449,4505.746863365136,8.314393347302797,6.264440029759335,509.95639571072,0.48174823101430775,0.09954365300333379,0.46060251538344765,0.9000474308506909,0.46060251538344765,3,5,-8.876542884341337,-8.85957860819901,0.24026177881628996,-143.15994270789344,16,12.0,16.0,10,4,0,8,14807.922268851671,2734.5777435970995,0.4817482310143077,0.2883346714707677,0.2290085727111059,0.4856475112034141,23,1,False,True,True,False
2025-10-11,valid_2025_10,20681.199787515005,23880.72083818681,3199.5210506718067,10.84342541921314,8.538481552253149,0.3179208676075298,0.3969439103664971,33,66,3.6256091122783474,4.4178154632339925,124.83269677128293,184.5542987529534,10.848327033160068,0.19646296871626226,10.421362508610564,8.377455812150925,0.10157981843531474,8.20836725392845,0.27150632585060475,0.08944881174480555,0.430851262442081,0.1129303948345512,-0.1847042668403427,1.0327955589886468,0.8755950357709116,32,35,64,66,10.696595959678852,8.50613007072846,20617.572550768917,10.421362508610564,8.20836725392845,20916.08291332503,0.14682945953428828,0.03235148152468881,0.3301142983246983,0.42206291060257684,0.3301142983246983,3,2,-10.52550455160561,-10.446481508846643,0.7922063509556452,59.721601981670474,33,8.25,16.5,10,5,1,9,23439.943155628273,2758.743368113268,0.1468294595342882,-0.0090877554359778,0.1479981902551422,0.8660207506987992,-6,2,False,False,True,False
2025-10-12,valid_2025_10,9828.677416431328,10051.37274504264,222.6953286113112,4.98487824754141,3.094018582413782,0.7267264964090341,1.0891637463194783,52,69,6.014454952865151,6.0198397534740025,508.25037372430177,122.49040202716152,5.036120925761407,0.06295455462655522,4.914745331447598,2.9596230603273463,0.08413605698641172,2.8530011750185675,0.6589330924932353,0.06147963458586742,0.7267264964090341,0.0,-0.1596205967130295,1.0327955589886477,0.8755950357709141,51,54,67,69,5.025024909372789,3.0736002416533417,9353.20380167515,5.034514244099732,2.8530011750185675,8080.659066753359,-0.04014666183137905,0.020418340760440135,0.24101740739521427,0.07013291609381156,0.24101740739521427,3,2,-4.258151751132376,-3.8957145012219314,0.005384800608851492,-385.75997169714026,17,13.0,17.25,10,6,1,4,9892.304653177416,63.627236746087874,-0.040146661831379,-0.01708285361443,0.0567315827664848,0.9778442871177824,3,-1,False,False,False,False
2025-10-13,valid_2025_10,6451.327783139712,6560.079456186127,108.75167304641492,6.971929169683211,4.994746350108443,0.8941629018399118,1.456959774428228,54,69,5.396824264898896,5.490464864686835,569.4592284083565,123.22206406637451,6.758948016105299,0.15008858003044132,6.52952534804043,4.864415494878749,0.07214402371852172,4.778504374557282,0.942433299206356,0.05014353640656145,1.0275814336972555,0.1334185318573437,-0.0208555645470669,1.885618083164127,0.948683298050512,49,55,69,71,6.904198182971346,4.952773515251899,6453.061625341043,6.52952534804043,4.778504374557282,6134.795005775266,0.06773098671186517,0.04197283485654424,0.21624197555116087,0.442403821642781,0.21624197555116087,6,2,-6.077766267843299,-5.514969395254983,0.09364059978793904,-446.23716434198195,15,13.5,17.25,10,0,0,9,6462.850675714428,11.522892574716025,0.0677309867118651,0.1388480047813267,0.1015001984689258,0.983422201853994,7,1,False,False,False,False
2025-10-14,valid_2025_10,8996.671761930273,23334.18514407076,14337.513382140489,6.3715266279982234,4.727811249152947,0.928081862179444,1.280920198633855,55,73,6.401933088692154,6.153336001449297,493.6655743311612,29.012721345590307,6.419891408282732,0.06441086880140144,6.366115651880063,4.592537860051477,0.09481390707111616,4.439062460505923,0.8932944461043562,0.08562642346663159,0.9819256279354454,0.0538437657560013,-0.1986630442061869,0.5270462766947306,2.108185106778919,54,55,69,75,6.449053756096703,4.698032782613555,12718.865111576506,6.38546086362624,4.439062460505923,9869.1920594294,-0.07752712809847928,0.029778466539392312,0.28874878864702413,0.005410976118160882,0.28874878864702413,1,6,-5.4434447658187795,-5.090606429364368,-0.24859708724285667,-464.6528529855709,18,13.75,18.25,10,1,0,7,13750.453500940856,4753.781739010583,-0.0775271280984792,-0.0615399884690015,0.058926617075402,0.3855575717078913,10,-9,False,True,True,False
2025-10-15,valid_2025_10,-132.53235278026665,14486.121156284657,14618.65350906492,13.627384325856829,11.272484685175565,0.178124987998449,0.1640554152610021,0,64,5.053304352616395,4.512383021723082,0.0,247.895490133732,13.391843579957236,0.2301972854192684,12.922430147667228,10.82615682980603,0.23544328971255613,10.617486280707237,0.12003101287480937,0.10345987584949393,0.3057583950423759,0.1276334070439269,-0.2230669932013189,3.1073389830457114,0.843274042711568,0,9,64,66,13.461448666608694,11.106549025927428,-1071.034094785084,12.922430147667228,10.617486280707237,1484.5315995887347,0.16593565924813447,0.16593565924813625,0.6549984044683281,0.7049541781896007,0.6549984044683281,9,2,-13.44925933785838,-13.463328910595827,-0.5409213308933136,247.895490133732,64,0.0,16.0,10,2,0,10,1484.5315995887347,1617.0639523690013,0.1659356592481344,0.2034470311672738,0.2023553029901037,-0.0091489192552258,-11,41,True,True,True,True
2025-10-16,valid_2025_10,407.0743352541317,4568.566034204552,4161.49169895042,2.2252100477111085,0.5332071512787905,0.310366486214102,0.5239258129346975,54,73,6.9411310301855025,6.429921447627699,367.5443408998772,25.13872134058056,2.1985503767365424,0.1854707204996592,1.9339853716321755,0.3688982276328806,0.08875003064574229,0.2857146921362212,0.2817435043966629,0.046263780511624435,0.3309884388315574,0.0206219526174553,-0.1073311838555284,1.159501808728407,2.573367875415837,51,55,67,73,2.163360092935946,0.4971153483589493,627.9721944273682,2.237139359855668,0.2857146921362212,627.9721944273682,0.06184995477516253,0.036091802919841154,0.2474924591425693,0.291224676078933,0.2474924591425693,4,6,-1.9148435614970065,-1.701284234776411,-0.5112095825578038,-342.40561955929667,19,13.5,18.25,10,3,0,7,1105.1764700230392,698.1021347689075,0.0618499547751625,0.0320762248476755,0.1761620671669001,0.0891033055462901,15,12,False,True,False,True
2025-10-17,valid_2025_10,5525.729644747003,15486.258602525406,9960.528957778402,14.141897019143308,12.047565977660362,0.9249864645328448,1.2962429950195735,49,66,5.261458782417655,5.267806782443131,515.7637459352997,205.6637020713424,13.999270185388905,0.12942464236725357,13.776021962149713,11.87538953425462,0.11248120020534323,11.72606864460625,0.9500446966671415,0.046241235417583904,1.0178058828910626,0.0928194183582178,-0.0344833597634481,1.5811388300841893,0.5163977794943214,47,52,66,67,14.17891901386364,12.00847373923309,3743.050357851605,13.776021962149713,11.72606864460625,6023.641404541687,-0.037021994720332074,0.03909223842727272,0.3214973330541113,0.3658750569935947,0.3214973330541113,5,1,-13.216910554610463,-12.845654024123734,0.006348000025475642,-310.10004386395724,17,12.25,16.5,10,4,0,10,6023.641404541687,497.91175979468426,-0.0370219947203338,0.0584458391444364,0.1037641494794247,0.3568150181765592,49,-7,False,True,False,False
2025-10-18,valid_2025_10,-432.6652098734076,3072.1838617718595,3504.849071645267,5.493018641945497,3.1071753233579367,0.2296062825050597,0.3947037986388899,54,62,4.534648766185796,4.850406087772754,497.2925987625736,320.6530191196034,5.151376733123991,0.24495953580621227,4.746015592290874,2.7566730526172796,0.24058449182019093,2.491732025241016,0.2764780221736856,0.05536011405996868,0.3672564577346904,0.1376501752296306,0.0,2.0655911179772897,0.9660917830792957,48,54,62,64,5.43192095946597,3.0718357927337303,-432.6652098734076,4.746015592290874,2.491732025241016,182.2474942118255,0.06109768247952729,0.03533953062420636,0.6154432981169209,0.7470030496546229,0.6154432981169209,6,2,-5.263412359440437,-5.098314843306607,0.3157573215869576,-176.6395796429702,8,13.5,15.5,10,5,1,10,182.2474942118255,614.9127040852331,0.0610976824795272,0.2034224905613424,0.1799247017819689,-0.1408331106927538,54,48,True,False,False,True
2025-10-19,valid_2025_10,10790.768956459757,13575.663118875676,2784.894162415918,10.56049036309416,9.02829634404745,1.659235548075154,1.951140886937177,49,88,4.872458267230002,4.930420075851799,569.3233494095315,0.0,10.353900924732649,0.15709817933158654,10.053388288915478,8.714174001077112,0.24357522148661262,8.320721632277888,1.648425649753531,0.02658048478131631,1.6809806026724772,0.0217450545973232,-0.0652351637919697,2.6012817353502227,0.31622776601683894,44,52,87,88,10.48838923042686,8.943332597863364,10805.603646707108,10.307747079122962,8.320721632277888,11132.014552576386,0.07210113266730112,0.08496374618408531,0.7075747117695617,0.5071020741786825,0.7075747117695617,8,1,-8.901254815019007,-8.609349476156984,0.05796180862179767,-569.3233494095315,39,12.25,22.0,10,6,1,10,11132.014552576386,341.2455961166288,0.0721011326672993,0.085303734490072,0.0559574009741238,0.7948612794800585,3,14,False,False,False,False
2025-10-20,valid_2025_10,3145.533340292751,7375.971512981234,4230.438172688483,11.641803236043415,10.109609216996704,1.569260307569996,1.8711039173356987,49,88,3.768552813434084,4.26090752959351,530.4595786162932,0.0,11.39139832576322,0.25097792609859165,10.898331603469783,9.75725419081715,0.3183864769013447,9.242517048819174,1.5545249469478901,0.026552512902670716,1.582011468516626,0.0127511609466299,-0.0772564527674024,2.581988897471611,0.31622776601683894,45,53,87,88,11.654679021829224,10.026350155315066,3264.389018534446,11.229542495664248,9.242517048819174,3145.533340292751,-0.012875785785809057,0.08325906168163755,0.8670921681775301,0.7434716325736321,0.8670921681775301,8,1,-10.07254292847342,-9.770699318707717,0.4923547161594257,-530.4595786162932,39,12.25,22.0,10,0,0,8,3502.1099191033472,356.5765788105964,-0.012875785785809,0.0514773608490823,0.0675792968472868,0.4264568178926415,-4,25,False,True,False,True
2025-10-21,valid_2025_10,1974.3531562311532,3713.886813889032,1739.5336576578788,6.791136981843621,4.218466514882255,-0.0196608894769667,0.0094347807123824,32,64,3.6939980948124287,3.592864586292773,89.23508207305218,242.8891543240015,6.399531651296115,0.25714753410802194,5.994745072948717,4.016240302816925,0.11171315765137854,3.900414031465772,0.21279053379307838,0.2310330680684838,0.5312832735001578,0.5509441629771246,-0.0669670485243258,8.363943780033166,1.3374935098492586,32,49,62,66,6.392066047044224,4.201600158093832,2006.166774604198,5.994745072948717,3.900414031465772,2131.894194414473,0.39907093479939704,0.016866356788423076,0.3180524834164835,0.7963919088949041,0.3180524834164835,17,4,-6.810797871320588,-6.781702201131239,-0.10113350851965563,153.65407225094933,32,8.0,16.0,10,1,0,10,2131.894194414473,157.54103818331987,0.399070934799397,0.2272145927353479,0.1787351405752026,0.5316137123101209,-6,-24,False,False,False,True
2025-10-22,valid_2025_10,680.0033672764805,18265.77944479812,17585.776077521637,7.47236920578068,5.319938953690386,0.3820524177860243,0.5670138580740094,52,66,2.9660395045387986,3.4830688355800064,502.3747195803817,175.48333342614842,7.5135575333971545,0.22356660658761696,7.081884606754528,5.114040448021388,0.12458277369733467,4.966702597056223,0.3204986061517178,0.057215127335079496,0.3820524177860243,0.0,-0.1362424449151316,1.2516655570345723,0.8755950357709139,49,53,64,66,7.77156214283373,5.236927312732462,1543.7558315519962,7.56190242974931,4.966702597056223,1191.3595621956165,-0.29919293705304995,0.08301164095792402,0.353236356634163,0.39048459902615207,0.353236356634163,4,2,-7.090316787994656,-6.905355347706671,0.5170293310412077,-326.89138615423326,14,13.0,16.5,10,2,0,5,2674.9749295752085,1994.971562298728,-0.2991929370530499,-0.1305492258722722,0.1666216524839428,0.0372282699093982,47,27,False,True,True,True
2025-10-23,valid_2025_10,1464.861239348682,6028.104855199423,4563.243615850741,9.115986313362953,7.008792658363221,0.7723784501282296,1.1026643110799377,48,66,2.834332431691194,3.2290965955127504,497.6810835914935,173.32539009121865,9.188031991194137,0.21411123805037702,8.853951087744463,6.889674713296754,0.06560086633450325,6.809295648243907,0.7205180385375858,0.10034741345682892,0.8651475233449268,0.0927690732166972,-0.1923829901612634,0.7888106377466156,1.0801234497346432,48,50,64,67,9.447181727503306,6.957783494492601,2552.8869877068114,9.381966115205271,6.809295648243907,2575.134251035083,-0.33119541414035325,0.05100916387062071,0.1994970101193143,0.26203522561849013,0.1994970101193143,2,3,-8.343607863234723,-8.013322002283015,0.3947641638215562,-324.35569350027487,18,12.0,16.5,10,3,0,8,3641.284955399904,2176.423716051222,-0.3311954141403532,-0.0745099604133887,0.2044402267540386,0.2430052685771043,-7,3,False,True,True,True
2025-10-24,valid_2025_10,15286.01732576179,18973.215695197672,3687.1983694358823,8.656847799117031,6.705423131397584,1.0632928647539115,1.3552380534403683,53,69,3.841120225900759,4.338566667451715,482.4971924788524,79.42712533787335,8.458907412582201,0.16691569144752005,8.13685904635173,6.603191212639994,0.07904097034756168,6.4706143017747335,1.113475464280448,0.06691529825341218,1.2179804670977017,0.1546876023437899,-0.0545526157293672,1.07496769977314,1.337493509849259,52,55,69,73,8.463418306720285,6.689867967505417,15286.01732576179,8.13685904635173,6.4706143017747335,15286.01732576179,0.19342949239674567,0.015555163892167378,0.23480882962285055,0.5199887527653004,0.23480882962285055,3,4,-7.5935549343631195,-7.301609745676663,0.4974464415509563,-403.07006714097906,16,13.25,17.25,10,4,0,1,15286.01732576179,0.0,0.1934294923967456,0.1110176906672588,0.0879893237806094,0.8056629709654778,6,-16,False,False,False,False
2025-10-25,valid_2025_10,9253.114976911716,11193.12215074733,1940.0071738356144,6.754846253258947,5.1111308744136705,1.045337730606601,1.5549475960056238,55,73,4.94830716725345,5.310596136078267,482.63698212741815,18.77122672533619,6.756308058261344,0.10234271120596254,6.551880944531213,5.059309163023821,0.03547124727705518,5.004300413153383,1.028748442260429,0.05197715789403912,1.0957520394661966,0.0504143088595956,-0.1176092198495837,2.4404006956964177,1.0327955589886437,49,57,71,73,6.82916775210591,5.107095120434222,7026.161690798583,6.551880944531213,5.004300413153383,10438.025918663114,-0.07432149884696315,0.004035753979448664,0.10683046126028728,0.20296530872773388,0.10683046126028728,8,2,-5.709508522652346,-5.199898657253323,0.3622889688248172,-463.86575540208196,18,13.75,18.25,10,5,1,8,11193.12215074733,1940.0071738356128,-0.0743214988469631,-0.0610243660532319,0.0565851344400783,0.8266786382112261,2,7,False,False,True,False
2025-10-26,valid_2025_10,13100.84804601982,19018.18106340614,5917.333017386321,9.721408330703008,7.830548665575378,1.24839552560905,1.7365076247988611,52,69,5.067061250589575,4.975818337208075,562.2048193000728,90.26103300475324,9.656939027323748,0.03750946500020371,9.614538339281722,7.753269363178498,0.05719409279317556,7.667030607283824,1.2297350443108723,0.024864539376332043,1.24839552560905,0.0,-0.0753503098661987,3.0276503540974913,0.0,45,54,69,69,9.640510843960868,7.807750389440589,13100.84804601982,9.61845527500327,7.667030607283824,12771.545282240431,0.08089748674214015,0.022798276134789575,0.16351805829155452,0.10686999142128606,0.16351805829155452,9,0,-8.473012805093958,-7.984900705904147,-0.09124291338149959,-471.94378629531957,17,13.0,17.25,10,6,1,1,13100.84804601982,0.0,0.0808974867421383,0.0598155753170353,0.0417379852589919,0.6888591502174639,4,-5,False,True,False,False
2025-10-27,valid_2025_10,15574.312335458326,23751.87568377598,8177.563348317653,14.129289137284587,12.30853313017407,1.6310810205475406,2.122161496536849,46,69,3.4881450107649243,3.57432286426436,521.0171060955014,87.2110172642499,14.05272635998972,0.12344453506096972,13.776360602140931,12.159187956023311,0.05947083874442,12.105438389586476,1.6262017556270103,0.04232583971928711,1.7257828403169275,0.0947018197693871,-0.0658380554284763,2.601281735350224,0.6324555320336752,41,49,69,71,14.173351925023256,12.196169105448488,13554.481611762902,13.938198844106754,12.105438389586476,16113.51180917755,-0.04406278773866923,0.11236402472558105,0.20309474058759314,0.35292853514365596,0.20309474058759314,8,2,-12.498208116737047,-12.007127640747738,0.08617785349943574,-433.8060888312515,23,11.5,17.25,10,0,0,7,18424.81254168313,2850.500206224806,-0.0440627877386674,-0.0136937530408847,0.0196748575833711,0.6557087340304898,-2,-12,False,True,True,False
2025-10-28,valid_2025_10,10234.59373597668,10870.33799737258,635.7442613958992,5.532053799569617,3.781032826086469,0.7453294018948684,1.3017102596920136,55,71,5.030841491712369,5.234053672626139,477.1151483074418,40.430246821141054,5.570826836359683,0.11326524147321898,5.374252723399593,3.7283165721964813,0.04848334772738918,3.6409220115034246,0.7633991251820283,0.04085344235720063,0.8203813516606573,0.0750519497657888,-0.0519924214644937,1.49071198499986,1.0540925533894598,51,55,69,71,5.707597775341334,3.778702473353608,9960.8948143897,5.54979669917131,3.6409220115034246,9960.8948143897,-0.175543975771717,0.002330352732861307,0.14011081458304453,0.15780107617002415,0.14011081458304453,4,2,-4.786724397674749,-4.2303435398776035,0.2032121809137699,-436.68490148630076,16,13.75,17.75,10,1,0,1,10234.59373597668,0.0,-0.175543975771717,-0.0501023037263026,0.1016487389440162,0.9415156859382328,6,-5,False,False,False,False
2025-10-29,valid_2025_10,18469.746096273215,18469.746096273215,0.0,21.321064068331605,19.910506028097547,1.434615936144335,1.5459222361067515,0,88,5.735472789090568,3.945885450767662,0.0,0.0,21.011823805381816,0.2234684404458236,20.769916002776384,19.348348322678312,0.22019033626838347,19.136758559975895,1.6494515887650731,0.1946084631178334,1.8397455259800388,0.4051295898357039,0.0,25.156399671742466,0.0,0,52,88,88,21.342727951786447,19.494119507580308,18201.93905680893,20.87956540449965,19.136758559975895,18042.870964943704,-0.021663883454841937,0.41638652051723923,0.7737474681216518,0.5511480655552212,0.7737474681216518,52,0,-19.88644813218727,-19.775141832224854,-1.7895873383229057,0.0,88,0.0,22.0,10,2,0,1,18469.746096273215,0.0,-0.0216638834548419,0.140850382134122,0.1766270437991413,1.0,0,0,False,False,False,False
2025-10-30,valid_2025_10,15647.21642332199,15900.032885808903,252.8164624869132,7.235623501673928,5.083193249583633,0.8996977258155106,1.1879963571870746,52,66,4.052189093103422,4.509195673087699,497.62808159216854,158.78969235206978,7.137646398649882,0.14236617385867995,6.923390145543095,5.04586901926104,0.025271169287043038,5.008006734927651,0.9685794971436629,0.11793814520512055,1.1504422241946166,0.250744498379106,-0.0681855729014699,1.8885620632287052,1.4491376746189426,48,54,66,69,7.250504321453405,5.080059046822854,15300.810658305256,6.959431402647098,5.008006734927651,10972.526520948635,-0.014880819779476973,0.0031342027607790257,0.07518651465598225,0.31223335613083236,0.07518651465598225,6,3,-6.335925775858417,-6.047627144486853,0.4570065799842773,-338.83838924009876,14,13.0,16.5,10,3,0,9,15900.0328858089,252.8164624869096,-0.014880819779492,0.0054244608328648,0.0415431080668977,0.9840996264408638,-2,0,False,False,False,False
2025-10-31,valid_2025_10,9749.722378353104,10358.816371637906,609.0939932848014,6.04059819864154,4.111702896653814,0.8557407325298128,1.373865560862078,55,69,5.76730735680556,5.5514207550461805,487.515879596686,78.35361540228632,5.895770819143531,0.11460392114088905,5.69801765484975,4.018044561465408,0.06467750505118335,3.917798667370424,0.9074872093656289,0.03238234038311245,0.9626602294596632,0.1069194969298505,0.0,1.4298407059684812,0.9944289260117535,51,55,69,71,5.858237828004391,4.107216854521243,9813.349615099194,5.826673355038309,3.917798667370424,9760.418116850122,0.1823603706371486,0.0044860421325703115,0.19390422928338946,0.34258054379179015,0.19390422928338946,4,2,-5.184857466111727,-4.666732637779462,-0.21588660175937946,-409.16226419439965,14,13.75,17.25,10,4,0,8,9824.045353596211,74.32297524310707,0.1823603706371486,0.0915620251626991,0.0826120601407106,0.9412004256632562,8,-17,False,False,False,False
2025-11-01,valid_2025_11,9442.622338836269,12869.17809566547,3426.5557568292024,15.204722225878474,13.218655260368331,1.714667330915674,2.324077182182839,48,81,4.21979808030369,4.263417116003318,518.7745631793423,0.0,15.121672835286343,0.0631336058500737,14.98350112327496,13.099962566112307,0.06997554083466298,13.008687822021455,1.6898888533245604,0.021223301819220695,1.714667330915674,0.0,-0.0691372840834763,2.0439612955674527,0.9660917830792957,46,52,79,81,15.169044489731755,13.194231188478255,9464.236511158912,14.98350112327496,13.008687822021455,9614.794460109348,0.03567773614671843,0.024424071890075894,0.20996743834687592,0.22122110260351313,0.20996743834687592,6,2,-13.4900548949628,-12.880645043695635,0.04361903569962777,-518.7745631793423,33,12.0,20.25,11,5,1,6,10005.952442091446,563.3301032551772,0.0356777361467166,0.0526078681415924,0.0411034119102607,0.7337393475047705,-2,-7,False,False,False,False
2025-11-02,valid_2025_11,10366.388012810692,10517.23228432648,150.84427151578893,5.5328247102085015,3.416089084089432,0.8260439251273226,1.1446473232634666,54,66,4.759883229377586,5.069611249457708,492.0251129668799,154.89561048107998,5.393731611585665,0.11611169695015669,5.191926161730251,3.3131482418732174,0.060645677901498864,3.227515253943447,0.9135533634226893,0.08266271813361419,1.04973283997038,0.2236889148430574,-0.0553550395638708,1.0327955589886455,1.3165611772087673,52,55,66,69,5.474630377046225,3.400444730978717,10517.232284326485,5.191926161730251,3.227515253943447,6204.380933242627,0.058194333162276735,0.01564435311071488,0.18857383014598472,0.3408985484782505,0.18857383014598472,3,3,-4.706780785081179,-4.388177386945035,0.30972802008012223,-337.1295024857999,12,13.5,16.5,11,6,1,2,10517.232284326485,150.84427151579257,0.0581943331622767,0.0793297267068826,0.0823502498490029,0.9856574175184292,1,0,False,False,False,False
2025-11-03,valid_2025_11,13361.719716678786,13361.719716678785,-1.8189894035458565e-12,13.874693098338431,12.341865518724005,1.860025534897936,2.7924883861709855,48,88,4.986120077427557,4.418402034389601,510.9855972668247,0.0,13.884230508319083,0.17719845876242524,13.732021433277298,12.208355694539591,0.07909853000336553,12.10916759548723,1.828534340437781,0.06265131843194643,1.8924066406264473,0.0323811057285112,-0.1534499136347595,2.907843798341915,0.8432740427115675,46,55,86,88,13.854765673162186,12.333191757804396,13361.719716678786,13.772663835710588,12.10916759548723,13361.719716678786,0.01992742517624535,0.008673760919608142,0.23269792323677407,0.14267166506113327,0.23269792323677407,9,2,-12.014667563440495,-11.082204712167446,-0.5677180430379565,-510.9855972668247,40,12.0,22.0,11,0,0,1,13361.719716678786,0.0,0.0199274251762453,-0.0276059427176829,0.1650910922226748,1.0,10,0,False,False,False,False
2025-11-04,valid_2025_11,6814.664755854581,7323.682649823299,509.01789396871754,8.659279885294197,6.794241322321399,1.097714089918739,1.5488915341488951,49,69,3.955638334947889,4.70347140660342,501.5795800403856,67.35765643141644,8.514592744056028,0.17833685427446716,8.124861259748187,6.615480901885732,0.07604833111608349,6.519898897801571,1.079805065094558,0.06638608054013251,1.1494059423759069,0.0516918524571679,-0.1631040631700919,0.7888106377466158,1.9692073983655913,48,51,66,73,8.30652924049943,6.658420393856776,6401.087717005,8.494712199055073,6.519898897801571,6623.783045616314,0.35275064479476725,0.13582092846462324,0.27434242451982804,0.5344186255460102,0.27434242451982804,3,7,-7.561565795375458,-7.110388351145302,0.7478330716555308,-434.2219236089692,20,12.25,17.25,11,1,0,9,7196.428176331118,381.76342047653725,0.3527506447947672,0.083738038649793,0.1384134409695628,0.9304970029004468,-2,1,False,False,False,False
2025-11-05,valid_2025_11,5631.010452028917,5662.824070401963,31.813618373045756,3.240572832787862,0.8592324152678321,0.4360518154386841,0.4597577678996947,0,21,5.165188239887771,5.203913846408311,0.0,0.017490999035196,2.761520004903935,0.3581398511740566,2.2797777910726325,0.45702449201762774,0.2142492323559867,0.2677351061631474,0.5416623617735834,0.11741665045146202,0.6905834334432885,0.2545316180046044,-0.0477687261674271,25.198985870246624,22.74520706532355,0,49,19,66,3.1528136968089733,0.7714732792889434,4263.024861987994,2.307530809613368,0.2677351061631474,2093.3360889463424,0.08775913597888874,0.08775913597888874,0.5914973091046847,0.9607950417152296,0.5914973091046847,49,47,-2.804521017349178,-2.7808150648881673,0.03872560652053991,0.017490999035196,21,0.0,5.25,11,2,0,1,5631.010452028917,0.0,0.0877591359788887,0.3236938128128832,0.2972716484136706,0.99438202247191,0,-1,False,False,False,False
2025-11-06,valid_2025_11,613.3252045284161,922.5949328182962,309.26972828988016,1.944402841778924,-0.0304104594745771,0.3832948833219021,0.4712521443756108,49,66,6.074109491021858,6.793964456640353,261.2866658083852,65.7131113025232,1.9101359366598814,0.05271283932225198,1.823916148276865,-0.1342889984453034,0.08388706578867948,-0.2483387864429935,0.38148647077472453,0.021589871331574823,0.4116011369379535,0.0283062536160514,-0.0407700609461292,2.173067468400882,0.42163702135578285,45,52,66,67,1.952770383794899,-0.0332965817152421,549.6979677823273,1.83228369029284,-0.2483387864429935,390.0445053390404,-0.008367542015975005,0.0028861222406649997,0.2179283269684164,0.12048669350205898,0.2179283269684164,7,1,-1.561107958457022,-1.4731506974033133,0.7198549656184952,-195.57355450586198,17,12.25,16.5,11,3,0,5,676.952441274505,63.6272367460889,-0.008367542015975,0.0001253589741381,0.0135864632938752,0.6647827586206898,-2,2,False,False,False,True
2025-11-07,valid_2025_11,2731.609533002902,6793.795022201863,4062.185489198961,4.390802066306875,2.826329938807647,0.6463501601541237,1.0413221068209833,46,73,8.282442893990861,8.094174603544246,285.91868917289963,10.117267102713411,4.388217091388663,0.04195222970578222,4.330904037363851,2.704081706865126,0.08320333027089877,2.622416643592884,0.6377706827603413,0.012184583099138786,0.648985545950131,0.0026353857960073,-0.0297271087924286,2.2997584414213783,0.8432740427115691,42,49,73,75,4.392487457825858,2.816761666069989,3106.968872100945,4.384638983052373,2.622416643592884,2819.9336816919863,-0.0016853915189827262,0.009568272737658035,0.20391329521476287,0.05989802894302443,0.20391329521476287,7,2,-3.7444519061527517,-3.349479959485892,-0.18826829044661508,-275.8014220701862,27,11.5,18.25,11,4,0,4,3512.4207128180506,780.8111798151485,-0.0016853915189827,0.0106422718327001,0.0247984976085113,0.402074175637638,17,0,False,False,True,True
2025-11-08,valid_2025_11,7176.22016594056,8037.637510627492,861.4173446869318,4.653932195320049,3.08946006782082,1.2768701149786246,1.9691877934803563,49,73,7.500061568973095,6.231720927838069,483.05473602225646,10.100660612969932,4.690730371156802,0.16248136193025806,4.419418591528224,2.9552613042106928,0.06406089169116673,2.8823829712626416,1.2792032772460278,0.040038871628637764,1.3388569807521131,0.0619868657734887,-0.0706980023885393,1.1785113019775784,5.593647190240809,48,52,72,88,4.5786059905805825,3.002880198824714,7172.7556628997345,4.901686526560233,2.8823829712626416,7650.281256040973,0.07532620473946672,0.08657986899610615,0.2070770965581783,0.23451360379182518,0.2070770965581783,4,16,-3.3770620803414246,-2.684744401839693,-1.2683406411350262,-472.95407540928653,24,12.25,18.25,11,5,1,8,7849.316796668253,673.0966307276931,0.0753262047394667,-0.0428554926796413,0.1228297987038572,0.8928270473073769,0,-13,False,False,False,False
2025-11-09,valid_2025_11,12537.50521731729,12573.171464875311,35.666247558021496,10.125761948349648,8.477653101706993,1.5434203496538172,2.4339701817108006,49,71,5.533976790632998,5.381945863129545,481.5700588408904,25.86557896644831,10.088247156084641,0.08822616028037499,9.959571665123011,8.401564063284079,0.03604988622219189,8.363062029872642,1.5268728016760011,0.02450128636528754,1.5605065129825864,0.0170861633287691,-0.053857915856371,1.5238839267549966,1.3498971154211068,48,52,69,73,10.012581368468444,8.448109240969215,12199.348723544686,10.02690650218588,8.363062029872642,12222.279979667976,0.11318057988120422,0.02954386073777826,0.1145910718343508,0.1661902832266371,0.1145910718343508,4,4,-8.58234159869583,-7.691791766638848,-0.15203092750345348,-455.7044798744421,22,12.25,17.75,11,6,1,5,12560.436473440584,22.931256123294588,0.113180579881206,0.0305565461497021,0.0472385672081092,0.997163305403282,12,0,False,False,False,False
2025-11-10,valid_2025_11,10588.335721390236,11155.171685390123,566.8359639998871,9.551134511414205,7.986662383914975,1.237010460548917,1.9392374622070896,49,73,4.862163092125293,4.553073100606831,442.9205419687124,9.05718869028533,9.536826862630367,0.0635130193423475,9.41221847204988,7.867052906356983,0.06353169771402824,7.776582132331512,1.2180559537547755,0.029874548263154402,1.2513388446560372,0.0143283841071202,-0.0846554062463136,1.897366596101028,1.1352924243950933,47,53,71,75,9.496885112721229,7.921159320965359,10460.903091635171,9.59350635751364,7.776582132331512,10460.903091635171,0.05424939869297596,0.06550306294961672,0.210080251583463,0.13891603936432517,0.210080251583463,6,4,-8.314124050865288,-7.611897049207115,-0.30908999151846217,-433.8633532784271,24,12.25,18.25,11,0,0,8,10651.962958136326,63.62723674608969,0.0542493986929777,0.0096108475841045,0.0224000663050617,0.9491862626603704,10,5,False,False,False,False
2025-11-11,valid_2025_11,7045.679345670445,7485.846206756217,440.1668610857714,4.624632241936325,3.060160114437096,0.5241778390444729,1.166084498002256,49,73,6.0418954731887275,7.435702544418611,464.2524472861821,8.368308176734445,4.587616846929832,0.039304054743225694,4.5122928057745355,2.9195305377100214,0.07326579641884012,2.830560499217019,0.5348465980650825,0.010689781544590302,0.5461488280231164,0.0219709889786434,-0.0005606950019858,1.3498971154211048,0.9189365834726781,48,52,71,73,4.568500942542734,2.9927751507868647,7041.168174585147,4.598062304993519,2.830560499217019,7321.56704420149,0.056131299393591405,0.06738496365023128,0.229599615220077,0.11233943616178976,0.229599615220077,4,2,-4.100454402891852,-3.4585477439340693,1.3938070712298831,-455.88413910944763,24,12.25,18.25,11,1,0,10,7321.56704420149,275.8876985310444,0.0561312993935914,0.0152708366446985,0.029375016866147,0.9412001196753804,-6,4,False,False,False,False
2025-11-12,valid_2025_11,10139.003356851192,10483.503486127382,344.5001292761899,10.42267425713192,8.774565410489267,1.4299008539403542,2.3275802701165844,49,71,5.763280581883329,5.46735500702286,456.13548741601454,25.364474609142917,10.357505392937192,0.09083158995837384,10.188643090397488,8.655732448315648,0.056235715087663174,8.604188975611834,1.4160132180006948,0.07060480391143238,1.5258750774425098,0.0959742235021556,-0.1108631528702017,1.8973665961010273,1.1352924243950957,47,53,69,73,10.3828416058392,8.723479094939908,10145.53469270318,10.317280224451206,8.604188975611834,10152.005582680256,0.039832651292719845,0.05108631554935883,0.17037643487743281,0.23403116673443236,0.17037643487743281,6,4,-8.992773403191565,-8.095093987015336,-0.295925574860469,-430.7710128068716,22,12.25,17.75,11,2,0,8,10393.51230383555,254.50894698435877,0.0398326512927198,0.0475614981289496,0.0754105143247583,0.9671388358164748,5,3,False,False,False,False
2025-11-13,valid_2025_11,9261.017479715578,9537.757783219018,276.7403035034404,4.167945024093065,2.522115574320086,0.7097431591168082,1.3938279703602667,52,73,6.187437875498347,6.39263226967531,474.8302705370261,7.814644445897557,4.1732613327998065,0.06399683570326122,4.015675296321824,2.4852474138134975,0.025692104390051606,2.4490342579437083,0.6931913048288165,0.01591028599953853,0.7145298578158412,0.004786698699033,-0.0415936397406735,1.9002923751652294,1.0327955589886444,49,55,71,73,4.175623244403134,2.5117787720898983,9261.017479715578,4.155428710308506,2.4490342579437083,9261.017479715578,-0.00767822031006915,0.010336802230187736,0.07308131637637771,0.15226972777124104,0.07308131637637771,6,2,-3.4582018649762567,-2.774117053732798,0.2051943941769636,-467.0156260911285,21,13.0,18.25,11,3,0,4,9324.644716461667,63.62723674608969,-0.0076782203100691,-0.0274496175036293,0.0288567013314657,0.9709847628978012,12,5,False,False,False,False
2025-11-14,valid_2025_11,3440.8018951366525,3791.5724885941686,350.77059345751604,4.898773251878174,3.323047460122305,0.947625976864252,1.6742852161959343,48,73,7.59519884996655,8.097954960555143,454.1900951497982,7.572854690950635,4.833510727712627,0.07032937571884168,4.692475805736972,3.172056903041358,0.0839383605417418,3.0985454612557506,0.9320077492288407,0.020544964237133343,0.9655339025789864,0.0179079257147343,-0.0527902577212699,1.1352924243950933,1.1737877907772676,46,50,71,75,4.869283120182116,3.304810992682887,3440.8018951366525,4.915469686437879,3.0985454612557506,3414.495214103981,0.02949013169605763,0.018236467439418202,0.22450199886655442,0.2062974461412015,0.22450199886655442,4,4,-3.9511472750139216,-3.2244880356822394,0.5027561105885923,-446.61724045884756,25,12.0,18.25,11,4,0,1,3440.8018951366525,0.0,0.0294901316960576,0.0289918618284472,0.0180040576773438,0.907486776393513,13,7,False,False,False,True
2025-11-15,valid_2025_11,7722.65723783965,8345.596517840402,622.9392800007518,7.000443565486478,5.025630264232976,1.0063127252374175,1.9390991769414163,49,81,7.292621750992801,6.887658391323825,451.586896410396,0.0,6.827159732119891,0.2045466552068646,6.452049912901282,4.933480397734162,0.0606507603356841,4.858447512451096,1.0030587756532943,0.023536633349367796,1.0331102839448896,0.026797558707472,-0.0460781188079151,0.516397779494321,3.399346342395189,48,49,73,83,6.995300541519949,5.020487240266448,7473.903374418976,6.889004732005327,4.858447512451096,8027.4603341099555,0.005143023966528659,0.005143023966528659,0.1671827517818807,0.5483936525851956,0.1671827517818807,1,10,-5.99413084024906,-5.061344388545061,-0.4049633596689759,-451.586896410396,32,12.25,20.25,11,5,1,7,8207.18182702296,484.5245891833092,0.0051430239665286,0.1200206573261031,0.1943731826825768,0.9253571295150572,2,4,False,False,False,False
2025-11-16,valid_2025_11,8914.175868127131,9645.889090707162,731.7132225800306,5.205676087309072,3.6299502955532033,1.037535080721819,1.7743548117759858,48,73,7.700694019529351,7.266442027162498,448.1980622110609,6.9156263425929865,5.2621544881960505,0.16830409265826035,5.074806722585642,3.564578652276963,0.06020403428382664,3.4814061604361264,1.072137743676848,0.06723618994354573,1.1867372943420338,0.1492022136202146,-0.0578605799917393,1.0327955589886453,6.5903970543005475,46,49,73,88,5.2592818061097795,3.629827276413831,8914.175868127131,5.456219461689628,3.4814061604361264,9365.929249024366,-0.05360571880070708,0.00012301913937218245,0.14854413511707687,0.1308693647234307,0.14854413511707687,3,15,-4.168141006587254,-3.4313212755330866,-0.4342519923668533,-441.2824358684679,25,12.0,18.25,11,6,1,8,9365.929249024366,451.7533808972348,-0.053605718800707,0.0130290963849297,0.0409133158055235,0.9241424802110816,-11,-5,False,False,False,False
2025-11-17,valid_2025_11,7303.570080287859,7342.583120498723,39.01304021086344,4.797010322898622,3.232538195399393,0.6820608090810545,1.396044588933394,49,73,6.467635171961177,6.97642756621304,459.16996409848184,7.018293484544984,4.732387091425093,0.08371977072477153,4.612573042852507,3.0878148046077714,0.08867130661500187,2.9644641962098537,0.6749552502027889,0.020090289709437176,0.6930086921441969,0.0109478830631424,-0.0446999608910481,1.3333333333333337,0.91893658347268,46,50,71,73,4.783319317650971,3.207593525895102,7303.570080287859,4.612573042852507,2.9644641962098537,7073.675329838724,0.013691005247650878,0.024944669504291195,0.26807399918953934,0.18443728004611515,0.26807399918953934,4,2,-4.114949513817567,-3.400965733965228,0.5087923942518628,-452.15167061393686,24,12.25,18.25,11,0,0,1,7303.570080287859,0.0,0.0136910052476508,0.003135893804262,0.0126889459420238,0.9946867417677644,-3,-1,False,False,False,False
2025-11-18,valid_2025_11,8503.385702247027,10104.393321423157,1601.007619176129,8.815311855609504,7.167203008966851,1.0170887384354077,1.8396879156530936,49,71,5.54931233186435,5.739451740061554,455.4587795264088,21.957246322182986,8.749081784971198,0.05246129572557743,8.67441665418625,7.091398151192033,0.049688752833103415,7.044643612558925,1.0208329455294647,0.008195666856631529,1.033195741557213,0.0161070031218053,-0.0087104266028208,1.9550504398153568,1.0540925533894592,47,52,71,73,8.720493365461653,7.156021237962424,8133.9596029755585,8.708488084872162,7.044643612558925,8133.9596029755585,0.09481849014785126,0.011181771004427077,0.1225593964079259,0.14089520142325362,0.1225593964079259,5,2,-7.798223117174096,-6.975623939956411,0.19013940819720432,-433.50153320422584,22,12.25,17.75,11,1,0,1,8503.385702247027,0.0,0.0948184901478548,0.0485447471099149,0.0455543687537745,0.8415533156471948,1,4,False,False,False,False
2025-11-19,valid_2025_11,8716.931434214255,10200.934927737995,1484.0034935237418,8.204645289398783,6.683071374040994,1.4498427344910958,2.4037936630798455,49,88,5.535140365836213,5.0512502725027915,445.09018272701474,0.0,8.197217035014317,0.113714895290008,8.03830351668805,6.530971051892095,0.11648186682936686,6.38225324004449,1.4003866193545416,0.07678228865223309,1.4753069909357714,0.0254642564446756,-0.2012067699918525,2.170509412813294,2.57336787541584,45,52,81,88,8.201621753056958,6.668794173442528,8716.931434214255,8.401556795342081,6.38225324004449,8131.646752919838,0.0030235363418249506,0.014277200598465711,0.30081813399650414,0.1663417727107337,0.30081813399650414,7,7,-6.7548025549076876,-5.800851626318938,-0.4838900933334216,-445.09018272701474,39,12.25,22.0,11,2,0,1,8716.931434214255,0.0,0.0030235363418249,0.0128344036561198,0.0185670856039573,0.8545227957989914,14,20,False,False,False,False
2025-11-20,valid_2025_11,8526.049723975988,8685.117815841211,159.06809186522332,6.735075200358345,4.770664292571541,0.7595444470172108,1.2970156612021126,55,69,5.182674527641566,5.3746052940360585,414.9786115967514,47.62263946164944,6.657344908583495,0.1885656404615684,6.3464023500558895,4.6635158218777075,0.06095260682852208,4.5814459438981645,0.7818696033309139,0.0389807705975492,0.8241008690607021,0.0645564220434913,-0.0613762578859677,0.8755950357709129,1.449137674618943,53,55,67,71,6.745294979774556,4.73833409193619,8526.049723975988,6.750187101191365,4.5814459438981645,8271.540776991627,-0.010219779416210883,0.03233020063535097,0.18921834867337672,0.3886728503024557,0.18921834867337672,2,4,-5.975530753341134,-5.4380595391562325,0.19193076639449203,-367.355972135102,14,13.75,17.25,11,3,0,5,8653.304197468167,127.25447349217939,-0.0102197794162108,0.0528276545721011,0.14449250665188,0.9816849816849816,16,-1,False,False,False,False
2025-11-21,valid_2025_11,6371.688752266469,7103.440151188545,731.7513989220761,6.762632850645296,4.755671962806931,0.854505022725573,1.431658786641119,54,69,5.2043849883101245,5.878005031588522,418.40822801704064,43.78141959230288,6.765592841882605,0.11362485011061077,6.542478602468673,4.667620292630521,0.054109949105270574,4.592638222489307,0.851889213425132,0.045197203161604756,0.9267410577170656,0.0722360349914925,-0.0776660277524152,1.0327955589886462,0.8755950357709121,52,55,67,69,6.68346542243469,4.719054514647886,6371.688752266469,6.7613793797825075,4.592638222489307,7103.440151188545,0.07916742821060652,0.03661744815904466,0.16303374031762363,0.2201542481766232,0.16303374031762363,3,2,-5.908127827919723,-5.330974064004177,0.6736200432783974,-374.62680842473776,15,13.5,17.25,11,4,0,6,7103.440151188545,731.7513989220761,0.0791674282106065,-0.0118353956182755,0.1015480350267391,0.8969863357264101,18,2,False,False,True,False
2025-11-22,valid_2025_11,5774.731654390983,6264.524578776868,489.79292438588527,3.9340644972849663,2.369592369785738,1.0786137961176196,1.674031919666514,49,73,7.805140912759839,7.960130048316586,427.5861210020997,5.338827811684951,3.8768848312245012,0.07992436357651335,3.7583256271471424,2.2560459680970943,0.06103170283096912,2.19090284026145,1.037574448018963,0.07358145116748632,1.0895259499860703,0.0109121538684506,-0.2382219671397543,2.4244128727957572,6.442911695119771,46,55,72,88,3.9441307035812834,2.3684049118254142,5774.731654390983,3.854747312574686,2.19090284026145,5774.731654390983,-0.010066206296317048,0.0011874579603237123,0.17868952952428785,0.17573887013782397,0.17868952952428785,9,16,-2.8554507011673467,-2.2600325776184524,0.15498913555674676,-422.2472931904147,24,12.25,18.25,11,5,1,8,6122.938070207633,348.2064158166504,-0.010066206296317,0.0693271388604772,0.0832291354386375,0.9218148291659324,11,2,False,False,False,False
2025-11-23,valid_2025_11,5747.464202083447,6269.694291762487,522.2300896790402,4.794032280816257,3.0876378284514594,0.8643314707769392,1.5269228048746326,40,73,7.495358130884142,8.409559991618437,227.32481257075935,4.766456615541756,4.6449062117297615,0.07645940554412647,4.55780869615967,2.997968580930194,0.04440878126074507,2.936891684027035,0.9098558406404458,0.06948893920355406,0.9964273827637092,0.1320959119867701,-0.0693206574014064,5.342700108039422,0.0,39,55,73,73,4.604218708668498,3.0397465811692683,5747.464202083447,4.582721133800014,2.936891684027035,5747.464202083447,0.1898135721477594,0.047891247282191074,0.15074614442442424,0.236223584656587,0.15074614442442424,16,0,-3.929700810039318,-3.2671094759416244,0.9142018607342948,-222.5583559552176,33,10.0,18.25,11,6,1,1,5747.464202083447,0.0,0.1898135721477594,0.1109452026933919,0.079041447219473,0.9167056533577436,-12,-2,False,False,False,False
2025-11-24,valid_2025_11,8438.969487765287,10017.17946801529,1578.2099802500034,6.55864917115316,4.910540324510507,1.0020408065651203,1.889342450877776,46,71,7.167676318498181,6.864791920387347,381.1112704120539,19.67687604044841,6.52006990069799,0.09680615347726182,6.379417253822661,4.8422874050059646,0.03212153396055519,4.805237154175377,1.0040987286826464,0.02338973610005927,1.0373580793339987,0.0353172727688781,-0.0350987981449617,4.5018514709691,0.9660917830792972,40,55,71,73,6.428854588737469,4.86438246123824,7308.854322299621,6.3809629459312465,4.805237154175377,7308.854322299621,0.1297945824156912,0.04615786327226701,0.10530317033512926,0.17923191733049926,0.10530317033512926,15,2,-5.5566083645880395,-4.669306720275384,-0.3028843981108338,-361.4343943716055,25,11.5,17.75,11,0,0,1,8438.969487765287,0.0,0.1297945824156912,0.029686931866399,0.0683661709477397,0.8424496650689742,-4,5,False,False,False,False
2025-11-25,valid_2025_11,956.4223532343552,1565.2300239538,608.8076707194448,4.280616669035394,2.6167721967221587,0.7777226410276104,1.412045750154868,55,73,7.681163610249207,7.776431024480118,387.2401505794687,5.184553314764344,4.231925859520873,0.06566700147159418,4.111408853883653,2.548417302504408,0.05798128610130305,2.4257663191283525,0.8914595192050052,0.13130639349563372,1.0228292858553163,0.2451066448277061,-0.13788031980277,2.913569784454954,0.6324555320336753,48,57,73,75,4.237897596669738,2.592068146896759,956.4223532343552,4.330809224867847,2.4257663191283525,1395.8924960777576,0.04271907236565653,0.024704049825399643,0.19100587759380616,0.16920781515174177,0.19100587759380616,9,2,-3.502894028007784,-2.8685709188805264,0.09526741423091067,-382.0555972647044,18,13.75,18.25,11,1,0,10,1395.8924960777576,439.4701428434024,0.0427190723656583,0.0394320519643782,0.0474452484265691,0.6110426829268293,5,-3,False,False,False,True
2025-11-26,valid_2025_11,7374.921663574922,7918.575043866372,543.65338029145,5.599347741850622,3.61328077634048,0.6866854212134945,1.2752235688916016,48,81,8.96713560501081,7.927278272360937,374.7833961534092,0.0,5.444447367437054,0.1817175094053135,5.08942449344795,3.535329721218072,0.05397755065582781,3.469403776399684,0.6433269660089067,0.037571876582108615,0.6930808795083028,0.0063954582948082,-0.1031641857115435,1.1595018087284046,3.098386676965932,46,49,73,81,5.583975379399401,3.59790841388926,7693.910452277767,5.444217077653185,3.469403776399684,7693.910452277767,0.015372362451220312,0.015372362451219868,0.14387699994079606,0.5099232484026714,0.14387699994079606,3,8,-4.912662320637127,-4.32412417295902,-1.0398573326498735,-374.7833961534092,33,12.0,20.25,11,2,0,2,7693.910452277767,318.98878870284534,0.0153723624512203,0.1174154483412701,0.1744249820080377,0.931344544027204,-3,1,False,False,False,False
2025-11-27,valid_2025_11,2305.8351528690946,3235.7981197025892,929.9629668334946,4.562586505496725,2.9981143779974957,1.092288701807291,1.7802797765710174,49,73,6.970335846749052,7.278512696286,420.5308979242277,5.120411347260642,4.518897915259656,0.05357500094975189,4.398590907421891,2.858349200559624,0.07391238889487142,2.773979616322217,1.082916053037332,0.03017744886767514,1.1197481669932263,0.027459465185935,-0.0697469241065027,1.7919573407620815,0.8164965809277265,46,52,72,75,4.555901111064175,2.980175319308306,2305.8351528690946,4.579650177247705,2.773979616322217,2121.456146226277,0.006685394432549785,0.017939058689189658,0.22413476167527868,0.163995598074834,0.22413476167527868,6,3,-3.4702978036894336,-2.7823067289257075,0.3081768495369479,-415.41048657696706,24,12.25,18.25,11,3,0,8,2444.567979870268,138.73282700117352,0.0066853944325497,0.03202121618156,0.0307381478479855,0.7126016727771107,36,5,False,False,False,True
2025-11-28,valid_2025_11,3706.8496415049126,6405.093051558166,2698.2434100532532,3.9864626713107114,2.3226181989974757,0.6902613266010258,1.2355648887646835,55,73,8.070517341080468,8.214052745315726,388.4049555307373,5.011202434169263,3.8935011808338267,0.06402016786963298,3.792542419640412,2.231662128168355,0.043907658850211716,2.1821873928401105,0.7100742250657476,0.08897144754475529,0.844679656398037,0.1544183297970112,-0.0983306855067938,4.779586221049312,7.245688373094719,40,57,73,88,3.967750394796292,2.261355942431494,3738.6632598779574,3.944409732299599,2.1821873928401105,3706.8496415049126,0.0187122765144192,0.0612622565659815,0.14043080615736514,0.19392025167029958,0.14043080615736514,17,15,-3.2962013447096856,-2.750897782546028,0.14353540423525857,-383.39375309656805,18,13.75,18.25,11,4,0,8,4115.587828999955,408.738187495042,0.0187122765144209,0.0608904628423006,0.0460626407292508,0.5787347055954399,12,-11,False,False,False,True
2025-11-29,valid_2025_11,4978.93626032213,5801.283300285127,822.3470399629969,4.4521864613002435,2.887714333801015,0.7150665594191858,1.4012933365877616,49,73,6.820010933659866,7.491032816771437,416.8425860483217,4.890760640539838,4.424595000495776,0.11411130421668385,4.256228808601893,2.7546878051507857,0.06349484030519609,2.676773443044557,0.648746072103045,0.10037256838031738,0.738495424797259,0.0234288653780732,-0.2249527524623031,1.2649110640673527,6.3848779680324865,48,52,72,88,4.407877583631887,2.8321517918760177,4978.93626032213,4.482444003970045,2.676773443044557,4428.557481106619,0.04430887766835667,0.05556254192499743,0.21094089075645828,0.19595765269835042,0.21094089075645828,4,16,-3.7371199018810577,-3.050893124712482,0.6710218831115711,-411.9518254077819,24,12.25,18.25,11,5,1,8,5003.499555067959,24.563294745828898,0.0443088776683566,0.0551162177360371,0.055028876087456,0.8582473915861722,14,6,False,False,False,False
2025-11-30,valid_2025_11,9130.508473063834,10816.630246835208,1686.121773771374,9.49637289498947,7.521559593735969,1.4004467076338396,2.3026656921241417,49,79,6.183314648293646,5.34651061255461,415.5610170458931,0.0045963936122461,9.429744772731636,0.09172069055989776,9.175642175735696,7.429559332802967,0.05248533553585351,7.369971614810208,1.3953030556090424,0.02066363613978615,1.424208864536765,0.0237621569029253,-0.041335695304467,1.3374935098492586,1.6865480854231365,48,52,75,81,9.47903590797375,7.492968942463609,9130.508473063834,9.175642175735696,7.369971614810208,8939.626762825566,0.01733698701572095,0.028590651272359935,0.15158797892576104,0.32073071925377405,0.15158797892576104,4,6,-8.09592618735563,-7.193707202865328,-0.8368040357390356,-415.55642065228085,30,12.25,19.75,11,6,1,3,9353.203801675148,222.69532861131484,0.0173369870157209,0.0353381816950069,0.0231632538965181,0.8441176470588234,-4,-9,False,False,False,False
2025-12-01,valid_2025_12,3043.0489500658205,7602.923503730859,4559.874553665039,3.978340070619367,2.251715276020681,0.6538854320956702,0.987637531330849,53,71,5.432819499648758,5.733387954524851,395.71496375287694,16.899237394908596,3.9097540122816055,0.08883912981252082,3.751644758330187,2.1613397249345985,0.06865400627563749,2.060670303426165,0.6692219688026653,0.018187145179893793,0.6958462313590221,0.0419607992633519,-0.0125807604103691,1.0801234497346435,0.9428090415820609,52,55,71,73,4.048000992642173,2.244436275374637,3507.527778312273,3.982154836781959,2.060670303426165,3571.1550150583626,-0.06966092202280594,0.0072790006460436985,0.1910449725945158,0.22669531228918016,0.1910449725945158,3,2,-3.324454638523697,-2.990702539288518,0.3005684548760925,-378.81572635796834,18,13.25,17.75,12,0,0,7,4589.190802995797,1546.1418529299763,-0.0696609220228055,0.0333691740053838,0.073606025947345,0.4002472139266632,25,34,False,True,True,True
2025-12-02,valid_2025_12,6566.330832196431,7113.525068212801,547.1942360163694,5.711231005978718,4.060179903580879,0.5497104115663829,1.3625777575896798,49,71,6.152034050176496,6.112916408253945,418.1105557841116,17.67192219736944,5.690728806505045,0.046206433894322024,5.629434522486648,4.029655823333966,0.017774668825963034,4.002419679888888,0.5375002362113748,0.012229520741873627,0.5517405568168421,0.0020301452504591,-0.037342442311858,1.9550504398153572,1.0540925533894592,48,53,71,73,5.710334547497894,4.048692155095926,6566.330832196431,5.666170241078611,4.002419679888888,7049.89783146671,0.0008964584808239806,0.011487748484952931,0.057760223691991186,0.08179648349206925,0.057760223691991186,5,2,-5.161520594412335,-4.348653248389038,-0.03911764192255163,-400.4386335867422,22,12.25,17.75,12,1,0,3,7049.89783146671,483.56699927027876,0.0008964584808239,0.0254429773707132,0.047587648865751,0.923076923076923,8,-3,False,False,False,False
2025-12-03,valid_2025_12,8386.06980313459,9007.214795059102,621.1449919245133,6.950039530485988,5.2883971380840205,0.721405841135466,1.6248450340906726,48,71,5.122537052088575,5.348862011862074,409.0965073440421,16.103817638147348,6.943084982850759,0.11764186703268127,6.791603980347167,5.2319675879292635,0.034612292585613914,5.192835821354166,0.705189598689699,0.030358015563730148,0.7496022072047932,0.0281963660693271,-0.0639692652040659,1.2649110640673509,1.632993161855452,46,49,69,73,6.934353922212269,5.2833028198144305,8386.06980313459,6.791603980347167,5.192835821354166,8650.12283563086,0.0156856082737189,0.005094318269589948,0.0955613167298548,0.1584355501388206,0.0955613167298548,3,4,-6.228633689350522,-5.325194496395316,0.22632495977349976,-392.99268970589475,23,12.0,17.75,12,2,0,6,8650.12283563086,264.05303249627104,0.0156856082737189,-0.0213286194974058,0.0663517223783989,0.9310391718131068,-7,-3,False,False,False,False
2025-12-04,valid_2025_12,11492.100173493527,11898.293271518723,406.1930980251982,6.597727356034646,4.618593850699216,0.9308473213031974,1.2942154393603822,50,66,4.728777014481718,5.129812570185521,409.73519565337745,99.13501807046578,6.433867392516818,0.14195540539215876,6.21511215229976,4.373197595205236,0.1458897171691175,4.1976677241947975,0.9253986269448072,0.034415952497030285,0.9642168819794464,0.0333695606762489,-0.0607315494971523,1.264911064067352,1.1005049346146125,49,53,64,67,6.542231826978295,4.578107011251894,10537.691622302187,6.570453038933991,4.1976677241947975,10231.93729884253,0.055495529056351245,0.0404868394473219,0.4209261265044182,0.3826152037348862,0.4209261265044182,4,3,-5.666880034731449,-5.303511916674264,0.4010355557038032,-310.60017758291167,16,12.5,16.5,12,3,0,8,11898.293271518727,406.1930980252,0.0554955290563512,0.1409471228338974,0.0980338620008912,0.965861229946524,3,-1,False,False,False,False
2025-12-05,valid_2025_12,3476.7926416020778,4598.152699291484,1121.3600576894064,3.78784090209721,2.107715420830458,0.3159567797429305,0.6967394630385828,35,73,7.483859971806172,7.935996656115123,81.73177186018773,4.247056350035791,3.7291522078731902,0.09936143100996946,3.547040417535112,2.0188663427763687,0.061168359006525105,1.9387240659228349,0.4668761682461942,0.36004118509002586,0.9964763995576194,0.6805196198146888,-0.2034292436617679,6.93541635375988,0.31622776601683894,31,49,72,73,3.824215123734385,2.106054005607535,3251.5681303301076,3.7996435966868103,1.9387240659228349,3632.4248626830126,-0.036374221637175186,0.0016614152229226242,0.16899135490762296,0.24080048456209813,0.16899135490762296,18,1,-3.4718841223542793,-3.091101439058627,0.45213668430895115,-77.48471551015194,38,8.75,18.25,12,4,0,10,3632.4248626830126,155.63222108093487,-0.0363742216371747,0.0580479226907852,0.095034693898435,0.7561281386191907,-23,-12,False,False,False,True
2025-12-06,valid_2025_12,437.4531594385513,1382.2635419667454,944.810382528194,4.188349912100579,2.5267075196986117,1.000381906546833,1.7617808897870688,48,71,7.689110365498898,8.168692862256137,398.8317911112207,15.69059405840244,4.11752857726859,0.056889876233284994,4.03615994225982,2.461663782235056,0.04199560812799564,2.410328032742558,0.9842600506112527,0.02967403558318786,1.0301967566926642,0.0298148501458312,-0.0690144505035601,1.6633299933166186,1.0327955589886444,46,51,71,73,4.169174460145436,2.5181233577475974,437.4531594385513,4.05906990432325,2.410328032742558,28.632256535740197,0.019175451955142364,0.008584161951014302,0.11637948695605393,0.15218996984075872,0.11637948695605393,5,2,-3.1879680055537456,-2.42656902231351,0.47958249675723863,-383.14119705281826,23,12.0,17.75,12,5,1,1,437.4531594385513,0.0,0.0191754519551423,0.0612193999744503,0.0538079514798306,0.3164759440997219,13,-17,False,False,False,True
2025-12-07,valid_2025_12,10275.798734493448,15016.027872077111,4740.229137583663,10.094467830823916,8.443416728426078,1.431328797989873,2.30523251648894,49,71,5.470246832722026,5.30943202265496,392.5308553942657,16.237927002817287,10.13315351941267,0.11371970086842977,10.015586600192888,8.422036124491173,0.021405371748430806,8.38027372035323,1.4277838134211547,0.035559076301657874,1.4650007201105997,0.0336719221207264,-0.0634765854839383,1.2649110640673518,1.632993161855453,46,49,69,73,10.03153081316234,8.443353944173465,10816.630246835208,10.091889825342887,8.38027372035323,10275.798734493448,0.06293701766157689,6.278425261285747e-05,0.06314300807284745,0.07888123063102803,0.06314300807284745,3,4,-8.663139032834042,-7.789235314334976,-0.1608148100670661,-376.2929283914484,22,12.25,17.75,12,6,1,2,10816.630246835208,540.8315123417597,0.0629370176615768,-0.0181946157362151,0.0954874070270271,0.684322033898305,32,-12,False,True,False,False
2025-12-08,valid_2025_12,6468.201726324775,7915.851798133639,1447.6500718088637,7.062255648645639,5.4112045462478005,0.8362194216126682,1.8294787812834552,49,71,5.153863367244426,4.987671260349138,397.6291727961027,16.264219959149386,7.002695116802018,0.052276047994353356,6.904971105626835,5.346830321768483,0.045254232413030906,5.299634358309088,0.8262068488341457,0.017040562115991476,0.8551664047786289,0.0189469831659607,-0.0378939663319215,1.66332999331662,1.032795558988642,46,51,71,73,7.070289879816034,5.408647487414067,6468.201726324775,6.9483762298897815,5.299634358309088,6172.475055376301,-0.008034231170395145,0.002557058833733805,0.1115701879387121,0.1572845430188039,0.1115701879387121,5,2,-6.226036227032971,-5.232776867362183,-0.16619210689528785,-381.3649528369533,22,12.25,17.75,12,0,0,1,6468.201726324775,0.0,-0.0080342311703951,0.0458500458939692,0.0412287050527517,0.8171201143318292,14,-16,False,False,False,False
2025-12-09,valid_2025_12,9957.662550763,10593.934918223891,636.2723674608933,10.39051882897429,8.678902723984633,0.8877754774250777,1.5512861265164064,51,71,3.643041729025086,4.049497096757662,388.24226374080047,15.290684406428229,10.305304284836243,0.06410082589841869,10.185368485506473,8.644231301665164,0.030607184378556522,8.58660032651347,0.9014932543823463,0.016185739310007868,0.925847965838221,0.0380724884131433,-0.0106369344986063,1.4907119849998598,1.05409255338946,48,52,71,73,10.32938040581796,8.678329303420123,9957.662550763,10.185368485506473,8.58660032651347,9862.221695643866,0.061138423156331,0.0005734205645104851,0.09230239747116364,0.20515034346781746,0.09230239747116364,4,2,-9.502743351549213,-8.839232702457885,0.4064553677325762,-372.95157933437224,20,12.75,17.75,12,1,0,1,9957.662550763,0.0,0.0611384231563292,0.0604430953447163,0.0522745199864389,0.93993993993994,10,6,False,False,False,False
2025-12-10,valid_2025_12,3242.2944605743646,7441.205337455161,4198.910876880796,16.53472961685121,15.0133743817276,1.6513960624725632,2.20329685877153,49,88,4.161604432230625,4.932611458198352,369.6456519732924,0.0,16.288360682260254,0.2535635167870045,15.74169713394123,14.558107338338521,0.3498304935207049,14.158481908546715,1.635479421368783,0.015129109237003474,1.654815274629505,0.0034192121569418,-0.0438354913260639,1.8257418583505536,0.4830458915396474,47,53,87,88,16.592875456793884,14.995946529469428,4094.027739828541,16.27687171659791,14.158481908546715,5212.995413416295,-0.05814583994267508,0.017427852258171228,0.8548924731808842,0.7930324829099789,0.8548924731808842,6,1,-14.883333554378645,-14.331432758079679,0.7710070259677266,-369.6456519732924,39,12.25,22.0,12,2,0,6,6262.844819726771,3020.550359152406,-0.058145839942675,0.1158674910064903,0.174387458900887,0.4357216759298845,-6,21,False,True,True,True
2025-12-11,valid_2025_12,4474.903560352472,25769.030882166226,21294.12732181375,3.443231463880778,1.4640979585453484,0.6829459657537811,0.9478341666834867,53,66,5.865727259174534,6.333349789588496,319.15571444376894,74.65234128156771,3.3159166200579717,0.10328132352549692,3.1252455689551084,1.3109955908581976,0.09293117472959098,1.1919051696831588,0.7219616644389404,0.07061015580593417,0.8335720921296996,0.1506261263759185,-0.0838531214122824,1.1972189997378644,0.8232726023485627,51,55,66,68,3.393627547251242,1.4295027315248412,4369.807272057118,3.1252455689551084,1.1919051696831588,5238.319053641236,0.049603916629536116,0.03459522702050721,0.27219278886218956,0.31798589492566975,0.27219278886218956,4,2,-2.760285498126997,-2.4953972971972913,0.46762253041396207,-244.50337316220123,13,13.25,16.5,12,3,0,5,6116.374920737272,1641.4713603848004,0.0496039166295361,0.0655595731983851,0.061782857407613,0.1736543209876543,47,-19,False,True,True,False
2025-12-12,valid_2025_12,-12550.12249836404,9467.732827818112,22017.85532618215,3.892656554817073,2.228905993627351,0.3203029287145309,0.5059759690605539,53,73,7.595360139931614,7.030319748316423,289.29784063031536,4.471797878675034,3.899072605315652,0.10883808293511442,3.724396224331741,2.1185573461370995,0.05928624338346234,2.0442707430649887,0.339997498727708,0.03180814892942492,0.3827096017839162,0.0624066730693853,-0.0340276239003163,0.9944289260117543,1.9119507199599994,52,55,68,73,3.9069776425712135,2.180352847972527,-12359.014911435324,3.724396224331741,2.0442707430649887,-9394.211555758002,-0.014321087754140649,0.04855314565482427,0.18463525056236252,0.16826033048533207,0.18463525056236252,3,5,-3.572353626102542,-3.386680585756519,-0.5650403916151916,-284.82604275164033,20,13.25,18.25,12,4,0,10,-9394.211555758002,3155.9109426060386,-0.0143210877541406,-0.0106078383386289,0.0898101401314938,-1.325567876344086,19,22,True,True,True,True
2025-12-13,valid_2025_12,3713.209183817685,4825.562806145682,1112.353622327997,6.944680332872965,5.061313646188706,0.9663952850247296,1.9104890950671145,48,68,5.249980652441479,5.381429734480207,389.6707076690542,49.26419925279061,6.874095029893775,0.04617940245720086,6.803213717977808,4.971356247214362,0.059141838369998825,4.869873318705858,0.94851429873931,0.013967863773998014,0.9670651489908204,0.0006698639660909,-0.0454234693441497,1.6633299933166177,0.5163977794943206,46,51,68,69,6.91382334790611,5.041047951225979,3713.209183817685,6.803213717977808,4.869873318705858,3713.209183817685,0.03085698496685474,0.020265694962727565,0.191440327482848,0.14146661489515644,0.191440327482848,5,1,-5.978285047848235,-5.03419123780585,0.13144908203872774,-340.4065084162636,20,12.0,17.0,12,5,1,1,3713.209183817685,0.0,0.0308569849668547,0.0352470086345917,0.0250226251346325,0.7694872770257307,2,2,False,False,False,False
2025-12-14,valid_2025_12,2664.708674926226,3981.9356368529566,1317.2269619267304,6.9061161705475955,4.941392161589587,0.9900870275463336,1.744796215704604,55,68,4.777343738560468,5.126705058113231,356.2652778644641,46.9793867958133,6.829948891851684,0.06284208368157568,6.756595326652608,4.885778284582582,0.027850332937192714,4.853984135187538,1.1589697768905893,0.11509507477586071,1.271324055368929,0.2812370278225953,-0.0548544753448134,3.0983866769659336,0.4830458915396475,46,55,67,68,6.7841097126478385,4.911334315967707,2664.708674926226,6.787324534459487,4.853984135187538,2664.708674926226,0.12200645789975706,0.03005784562187941,0.08740802640204848,0.14952084389498754,0.08740802640204848,9,1,-5.916029143001262,-5.161319954842991,0.34936131955276295,-309.2858910686508,13,13.75,17.0,12,6,1,4,3106.9179703115483,442.2092953853221,0.122006457899757,0.051078121739553,0.068849536060614,0.6691993336768812,-1,3,False,False,False,True
2025-12-15,valid_2025_12,11961.920508264817,11961.920508264817,-1.8189894035458565e-12,13.156621856464186,11.132696015044772,1.745238709790959,2.422066033777269,46,78,3.971888207333208,3.92921288254972,334.554099809125,0.0095313009701385,13.091206056988293,0.05643577351041285,13.024867603718288,11.032509884070782,0.06509099315526513,10.950257291614935,1.741205173325045,0.008814442274459476,1.750824055109243,0.0055853453182841,-0.0253226051315387,1.197218999737865,0.7378647873726235,45,49,77,79,13.195292666257464,11.12139311225036,11961.920508264817,13.06864709966613,10.950257291614935,11961.920508264817,-0.03867080979327753,0.011302902794412262,0.18243872342983636,0.13175425274589792,0.18243872342983636,4,2,-11.411383146673227,-10.734555822686918,-0.04267532478348768,-334.54456850815484,32,11.5,19.5,12,0,0,1,11961.920508264817,0.0,-0.0386708097932793,0.027537208550596,0.04237496209633,1.0,6,-4,False,False,False,False
2025-12-16,valid_2025_12,9480.458275167328,9575.899130286462,95.44085511913364,8.57522752588659,6.611102710160188,1.176345432382398,1.5705864542140835,52,66,3.6207305384075568,3.8976746366113417,391.8576810902001,96.31890614887392,8.45191550854488,0.08713213063944358,8.297820265240503,6.470100135453829,0.07967647355303525,6.349471176359524,1.2375784486327028,0.06815394540920224,1.337410579810971,0.1610651474285731,-0.03862526202942,1.0327955589886457,0.8755950357709161,50,53,66,68,8.53280476688576,6.56867995115936,9480.458275167328,8.297820265240503,6.349471176359524,9257.762946556017,0.04242275900082859,0.04242275900082859,0.2616315338006645,0.27740726064608623,0.2616315338006645,3,2,-7.3988820935041915,-7.004641071672506,0.27694409820378496,-295.5387749413262,14,13.0,16.5,12,1,0,1,9480.458275167328,0.0,0.0424227590008285,0.070673291479741,0.0601611957225973,0.9900332225913624,4,-21,False,False,False,False
2025-12-17,valid_2025_12,6396.239321564947,7365.352127168311,969.112805603364,6.522478580322975,4.860836187921008,0.7684930173716742,1.642934390484826,48,71,4.938339259550556,5.275857559119181,375.93330088623566,16.116774046761748,6.622748635482883,0.0904200854124182,6.50478816155325,4.82625168225401,0.023094438598606676,4.800886547666773,0.7215373975512213,0.03153650007337509,0.7684930173716742,0.0,-0.0891981174284879,1.2649110640673518,1.35400640077266,46,49,68,71,6.5220515741384375,4.86040918173647,6396.239321564947,6.673661944346904,4.800886547666773,6873.443597160619,0.00042700618453750394,0.00042700618453750394,0.05994964025423499,0.01769041876972466,0.05994964025423499,3,3,-5.753985562951301,-4.879544189838149,0.3375182995686252,-359.8165268394739,23,12.0,17.75,12,2,0,4,6971.299105914267,575.0597843493197,0.0004270061845303,-0.0694567259193332,0.0926833381724748,0.8684227462759544,14,5,False,False,False,False
2025-12-18,valid_2025_12,373.62549689671187,4304.280762294157,3930.6552653974454,3.953534718933568,2.354766559940566,0.8235108037133365,1.5278855859034004,48,73,6.995466636606551,8.059529339355358,327.7104877709935,4.156253497326588,4.0089108485426985,0.10147176996346945,3.8895809942990818,2.2990352366349702,0.04113117632122502,2.240839122718389,0.7823070414206568,0.03197010194311443,0.8235108037133365,0.0,-0.1097938643769835,1.663329993316618,1.0327955589886433,46,51,73,75,3.9384224518199553,2.350245582831081,373.62549689671187,3.8895809942990818,2.240839122718389,373.62549689671187,0.015112267113612798,0.00452097710948518,0.11392743722217702,0.06395372463448634,0.11392743722217702,5,2,-3.1300239152202316,-2.4256491330301677,1.0640627027488065,-323.5542342736669,25,12.0,18.25,12,3,0,1,373.62549689671187,0.0,0.0151122671136127,-0.0295750998827073,0.0749875944386914,0.0868032355532429,48,62,False,False,False,True
2025-12-19,valid_2025_12,8844.185907706433,8844.185907706433,0.0,9.182832439758478,7.181517510530682,0.8008104423392854,1.0276889328461694,16,71,7.029837483233781,7.180606124407369,0.0,13.399648412707393,9.018032979983746,0.27608267267472664,8.529688071925863,7.120384457132785,0.044361223361037365,7.0636877226964,0.874268571228652,0.1099304656818012,1.0060617743699845,0.205251332030699,-0.0581390306249405,8.380532998165053,1.8378731669453612,0,18,68,73,8.691997928498933,7.163123345860507,8079.284718439643,8.529688071925863,7.0636877226964,7920.216626574421,0.49083451125954447,0.018394164670175073,0.11782978783428177,0.6531443678326152,0.11782978783428177,18,5,-8.382021997419193,-8.155143506912308,0.15076864117358824,13.399648412707393,55,4.0,17.75,12,4,0,1,8844.185907706433,0.0,0.4908345112595427,0.0804808264037024,0.2722496803434256,1.0,10,1,False,False,False,False
2025-12-20,valid_2025_12,8969.184795655963,9255.507361013366,286.3225653574027,7.967676278282973,6.084309591598714,1.3248753434822331,2.300278748180998,48,68,5.787664549691414,5.529121463428368,380.1183634593345,50.05838578276234,7.903297085165187,0.05150903323927882,7.829574503494346,6.000558302485774,0.05435381215623482,5.946207816810087,1.3089529016588553,0.022902309898303237,1.3488325171092592,0.0239571736270258,-0.0471550675610235,2.01108041719978,0.4830458915396448,46,52,68,69,7.946498254023094,6.073722857342963,8969.184795655963,7.829574503494346,5.946207816810087,9255.507361013364,0.02117802425987847,0.010586734255751296,0.13810177478862684,0.13810177478862684,0.13810177478862684,6,1,-6.642800934800739,-5.667397530101974,-0.258543086263046,-330.05997767657215,20,12.0,17.0,12,5,1,5,9255.507361013364,286.3225653574009,0.0211780242598784,0.033609110655389,0.0402793422410637,0.9690646277735708,9,-1,False,False,False,False
2025-12-21,valid_2025_12,5987.322977807017,7005.358765744448,1018.0357879374304,5.901462472174458,4.0180957854902,1.0477438723124983,1.9224763018210744,48,68,4.671222573505531,5.160551003383546,371.7090746884469,45.87822293720728,5.840356508607979,0.053297220098351826,5.755332056185203,3.9306758012739507,0.0578528535227469,3.867756978884141,1.0230156434427198,0.022258582259960132,1.0534478878985958,0.0057040155860974,-0.0699176556406291,1.9119507199599983,0.48304589153964617,45,51,68,69,5.8904915005221845,4.007124813837926,5987.322977807017,5.80109737815609,3.867756978884141,5987.322977807017,0.010970971652273676,0.010970971652273676,0.15033880660605892,0.1461304159892549,0.15033880660605892,6,1,-4.85371859986196,-3.9789861703533838,0.4893284298780145,-325.8308517512396,20,12.0,17.0,12,6,1,5,6050.950214553106,63.62723674608878,0.0109709716522736,0.0319869417512288,0.0392498144200142,0.8546775658492279,8,-4,False,False,False,False
2025-12-22,valid_2025_12,3240.2615703603274,4748.357517077977,1508.0959467176494,3.8664000335130506,2.2782231645241766,0.5141461619863632,1.0016358792172115,49,73,7.206051921247699,8.5874020346022,307.8975558360419,3.8915260972254377,3.8456875910038066,0.04211895971929281,3.7837628958102663,2.1909020311736236,0.05084263755766822,2.1350210242295735,0.5156977667979988,0.006404628620849048,0.5244511719948699,0.0103050100085066,-0.0093861765982241,1.5811388300841902,1.0327955589886435,47,52,71,73,3.910235004664631,2.259183902266793,2899.8558537687486,3.7837628958102663,2.1350210242295735,3255.703900718603,-0.043834971151580415,0.019039262257383616,0.1432021402946031,0.08263713770278436,0.1432021402946031,5,2,-3.3522538715266874,-2.8647641542958393,1.3813501133545003,-304.00602973881644,24,12.25,18.25,12,0,0,9,4014.69411969168,774.4325493313527,-0.0438349711515808,0.0021852755603823,0.0278102270505856,0.6823962936039207,32,42,False,False,True,True
2025-12-23,valid_2025_12,9490.508197211371,10434.86682635867,944.3586291472984,10.1871467583978,8.43654788147708,0.791149901857841,1.178274289383135,0,69,7.229480610528741,5.177954709304586,0.0,40.6270295224233,10.194705393756996,0.17671597806030642,9.959611134481673,8.247874213816921,0.12180334645101437,8.134609155082561,0.7057644964971054,0.08699806916945282,0.8044324302184622,0.0132825283606212,-0.2217126520425809,5.952590472502988,1.4181364924121758,0,13,67,71,9.959611134481673,8.430736551843244,9363.253723719195,10.449596990870528,8.134609155082561,8997.788419935168,0.22753562391612725,0.0058113296338362375,0.30193872639451946,0.22753562391612725,0.30193872639451946,13,4,-9.39599685653996,-9.008872469014666,-2.0515259012241547,40.6270295224233,69,0.0,17.25,12,1,0,5,9913.043950994805,422.5357537834334,0.227535623916129,0.1032674936889677,0.0779525168039933,0.9094996951219512,-42,2,False,False,False,False
2025-12-24,valid_2025_12,8277.903500666238,9825.502417317695,1547.598916651457,9.392606852149754,7.793838693156751,1.4322446224879162,2.4476855378958,48,73,4.358712708431369,4.654043918578054,385.69995479388103,5.350321081504262,9.446301993817084,0.11380455635169555,9.327603174051154,7.7364263819093555,0.03987955001141268,7.678861302470461,1.4343742734695628,0.014156581673907664,1.4543166878290243,0.0220720653411081,-0.025240738249959,1.6633299933166177,1.0327955589886426,46,51,73,75,9.371456609282276,7.7832797402934,8277.903500666238,9.327603174051154,7.678861302470461,8277.903500666238,0.021150242867477687,0.010558952863350513,0.11497739068629009,0.0650036780986003,0.11497739068629009,5,2,-7.960362229661838,-6.944921314253954,0.29533121014668495,-380.3496337123768,25,12.0,18.25,12,2,0,1,8277.903500666238,0.0,0.0211502428674794,-0.0632206306266827,0.1095581664199923,0.8424916252706043,2,-12,False,False,False,False
2025-12-25,valid_2025_12,11001.750510786114,11095.330269230428,93.57975844431348,11.202753792994862,9.319387106310602,1.5815906478574533,2.590794570577244,48,69,3.9822455990161174,3.887949000383784,375.1701156476014,38.618519495467126,11.106083692811016,0.11693758328372003,10.926723337961498,9.287414310153913,0.019578602354298456,9.25718579756986,1.5852916162360855,0.02187063784117042,1.616413493799925,0.0348228459424717,-0.0222371828653722,1.2649110640673518,1.2516655570345725,46,49,68,71,11.183832858544385,9.311057461864252,11024.39226298221,11.190526196841809,9.25718579756986,10632.171706146455,0.01892093445047749,0.008329644446350315,0.06220130874074137,0.2760304550333643,0.06220130874074137,3,3,-9.621163145137409,-8.611959222417617,-0.09429659863233342,-336.55159615213427,21,12.0,17.25,12,3,0,2,11024.39226298221,22.641752196095695,0.0189209344504774,0.0636315603790258,0.0934030297150155,0.9915658429110644,-3,-1,False,False,False,False
2025-12-26,valid_2025_12,3082.6091845127035,7346.620268670262,4264.011084157559,9.725692718880047,8.20433748375644,1.3025780628395145,2.0077086335131815,49,88,4.483698474427516,4.536641793935445,364.85731929697545,0.0,9.927083859573164,0.16476234400415696,9.704354354928462,8.156057446126727,0.02892027589161317,8.11859959885682,1.2294480175497178,0.055777281773316395,1.3047685137568052,0.0021904509172907,-0.1299255183448373,0.8164965809277265,9.287985070329661,48,50,68,88,10.05883027134513,8.186054874664999,4797.767247773153,10.0669486877378,8.11859959885682,4070.7592593504983,-0.33313755246508236,0.018282609091441415,0.0857378848996202,0.021338363951585393,0.0857378848996202,2,20,-8.423114656040532,-7.717984085366866,0.05294331950792852,-364.85731929697545,39,12.25,22.0,12,4,0,5,4916.960150369603,1834.3509658568996,-0.3331375524650823,-0.1903220721479126,0.1643983542021695,0.4195955516659168,12,22,False,True,True,True
2025-12-27,valid_2025_12,1958.4749793011683,7411.580496026181,5453.105516725012,6.092822723996967,4.220047327316836,0.4648517348249061,1.2577477958363223,49,68,5.4311420417764005,6.585036501673407,379.0160415656749,53.22602409625415,6.056493683526806,0.10158234333967578,5.76898878000619,4.158992607577923,0.033231538307030614,4.117937677608351,0.49244962880762844,0.0244657950002597,0.5245934602272868,0.0597417254023806,-0.0043155695812497,1.4298407059684815,0.9486832980505129,49,53,68,71,6.082211263514438,4.209435866834307,2349.228928329928,5.76898878000619,4.117937677608351,3818.464540204903,0.010611460482529367,0.010611460482529367,0.1021096497084848,0.3238339439907776,0.1021096497084848,4,3,-5.627970989172061,-4.835074928160645,1.153894459897007,-325.7900174694208,19,12.25,17.0,12,5,1,10,3818.464540204903,1859.9895609037349,0.0106114604825293,-0.0007678127624304,0.0080878318506562,0.2642452551586307,-3,-9,False,True,True,True
2025-12-28,valid_2025_12,11889.18821394036,11889.18821394036,1.8189894035458565e-12,9.824804927905726,8.163162535503758,1.6313111321918583,2.647807722817206,48,71,4.901766303267095,4.817143190403144,371.03886632658487,20.20262839436623,9.814395785797108,0.10516531810250718,9.642826205093598,8.090492727315043,0.0456764637448044,8.047458855815119,1.5989837482955231,0.03947580727993123,1.654121776674624,0.0228106444827655,-0.0941473819269296,1.135292424395092,1.6363916944844774,46,50,68,73,9.801624877517634,8.150573775119796,11889.18821394036,9.774083650413806,8.047458855815119,11889.18821394036,0.0231800503880919,0.01258876038396295,0.11570367968863948,0.18197872281212746,0.11570367968863948,4,5,-8.193493795713868,-7.1769972050885205,-0.08462311286395163,-350.83623793221864,23,12.0,17.75,12,6,1,1,11889.18821394036,0.0,0.0231800503880919,0.0421836319072141,0.0588870032789312,1.0,0,0,False,False,False,False
2025-12-29,valid_2025_12,11056.1072591383,12388.222994463616,1332.1157353253166,12.147158574565545,10.625803339441935,1.839132439377181,2.620534383900896,49,88,3.4753650205459437,3.490741446280879,388.0620593242972,0.0,12.16722587217013,0.09349300319711701,12.057386388897278,10.543822757880609,0.09635643116591595,10.337958287536914,1.820505853292851,0.02246179947890118,1.848777139385014,0.0096447000078327,-0.0687846760331734,2.5819888974716108,1.5811388300841898,45,53,83,88,12.201521493558488,10.619601255843062,11102.952812192609,12.39578309299629,10.337958287536914,10809.551716747204,-0.05436291899294332,0.006202083598873642,0.2878450519050215,0.0897721856682665,0.2878450519050215,8,5,-10.308026135188364,-9.526624190664648,0.01537642573493514,-388.0620593242972,39,12.25,22.0,12,0,0,2,11102.952812192609,46.845553054308766,-0.0543629189929433,-0.0223349982131928,0.0306858583054624,0.8924691833590138,-3,22,False,False,False,False
2025-12-30,valid_2025_12,7380.759462546374,31559.109426060364,24178.34996351399,11.895717019838642,9.962376620566692,1.4861730350203288,1.964072422074304,51,68,3.900361265371924,4.701791815331433,381.30608705259795,51.05602481473579,11.720430449962578,0.14835987315404786,11.4991186686793,9.855161232351788,0.061892112150523905,9.772493874080617,1.5090147773756626,0.0288134078503606,1.5535854117295995,0.0674123767092709,-0.0137440277612483,1.0327955589886446,1.3165611772087646,49,52,68,71,11.875919716455812,9.942579317183862,7317.132225800284,11.4991186686793,9.772493874080617,3785.820586392323,0.019797303382830478,0.019797303382830478,0.1898827464860755,0.3965983511593425,0.1898827464860755,3,3,-10.409543984818313,-9.931644597764338,0.8014305499595085,-330.25006223786215,17,12.75,17.0,12,1,0,3,7667.082027903777,286.3225653574027,0.0197973033828304,0.0577928784508792,0.0463911731481222,0.2338709677419354,1,-14,False,True,False,False
2025-12-31,valid_2025_12,2735.9711800818473,22576.10161322132,19840.13043313947,7.215587784157535,5.220079358745074,0.9069572681322172,1.1087821082129548,55,66,4.153897820930396,4.330843792453123,335.01516018374355,102.0321494750658,7.130678722887422,0.07281792844492126,7.012883847292855,5.141086994973811,0.04842706424270731,5.075547740365216,1.0325233072926738,0.08108511815033191,1.169951268130255,0.2629939999980379,0.0,1.4298407059684806,0.9944289260117545,51,55,66,68,7.148487760415975,5.183763751457965,2990.4801270662065,7.039672556091617,5.075547740365216,3054.1073638122925,0.06710002374155977,0.0363156072871087,0.14453161837985817,0.2027039368646797,0.14453161837985817,4,2,-6.3086305160253175,-6.10680567594458,0.17694597152272706,-232.98301070867774,11,13.75,16.5,12,2,0,5,3054.1073638122925,318.1361837304453,0.0671000237415597,0.0315127393160681,0.0341062991690564,0.1211888228957814,55,56,False,True,False,True
