month,slot,rows,price_mean,price_std,bid_fct_mean,bid_act_mean,bid_error_mean,bid_error_mae,price_dev_mean,bid_fct_dev_mean,bid_act_dev_mean
1,0,30,1.238233005188698,1.1988987405024751,1.3847613528003593,1.405306759245065,-0.020545406444705643,0.1374659039232776,0.15598360744637674,0.34471932022933244,0.22037714017956136
1,1,31,1.2570650492180686,1.234371076995483,1.3788099112654661,1.430316475087255,-0.05150656382178891,0.12353352147604538,0.1639330864899351,0.3219157196393656,0.22453668746598796
1,2,31,1.2724061917450031,1.3488577979181597,1.3765502249725392,1.4245124556417537,-0.04796223066921456,0.1210658240560214,0.17927422901686962,0.31965603334643855,0.21873266802048652
1,3,30,1.3233049537169004,1.3747125654897323,1.3778786299532464,1.4268551013116886,-0.04897647135844228,0.11600858906418123,0.21295155120098214,0.3103038250623379,0.21171551546889228
1,4,31,1.3066784896954073,1.3492578761361442,1.3809421440847596,1.430158775732498,-0.04921663164773859,0.1170283043257589,0.21354652696727372,0.32404795245865875,0.22437898811123078
1,5,30,1.2922910236643594,1.3955604920775484,1.365746063688962,1.430281852564545,-0.06453578887558332,0.12846278947031645,0.19452959393942698,0.3154024928250655,0.2263684880378042
1,6,31,1.2476492444254015,1.1793000808492533,1.3751263384731658,1.4337361146745706,-0.05860977620140481,0.12749451030440823,0.15451728169726778,0.3182321468470651,0.22795632705330332
1,7,31,1.3718088685973353,1.4283404542689364,1.3733736156776006,1.4277763866278932,-0.054402770950292736,0.12691746323208722,0.27867690586920185,0.3164794240514999,0.22199659900662608
1,8,30,1.316638409986829,1.2764050188905043,1.369691324055882,1.4227290020959165,-0.05303767804003455,0.12757025998634167,0.20628500747091058,0.30211651916497345,0.20758941625312008
1,9,31,1.3021564404051176,1.2702897542879217,1.3740644524148802,1.4282075431337489,-0.05414309071886846,0.11899179815679563,0.20902447767698387,0.31717026078877975,0.22242775551248165
1,10,31,1.3778183584834283,1.451985722102628,1.375853755307511,1.4364169132166449,-0.060563157909133934,0.12431563878949009,0.28468639575529453,0.3189595636814103,0.2306371255953777
1,11,31,1.3679600365216493,1.455465937957964,1.3772838402896277,1.4395638874298546,-0.062280047140226905,0.12047950188178534,0.2748280737935158,0.3203896486635271,0.23378409980858744
1,12,31,1.3973295480070411,1.4616784300912748,1.3809130519358257,1.4459601560659379,-0.06504710413011232,0.131885705506235,0.3041975852789075,0.324018860309725,0.24018036844467075
1,13,31,1.4128638299848726,1.4401486837968052,1.3828113712092587,1.4501548548403624,-0.0673434836311036,0.1254526757954879,0.319731867256739,0.32591717958315813,0.24437506721909516
1,14,31,1.4162823572159193,1.4344079695623824,1.385560194706111,1.4511598686883682,-0.06559967398225712,0.12473297313127218,0.3231503944877858,0.3286660030800103,0.24538008106710085
1,15,31,1.3998648881422218,1.4394168299935357,1.3922365487978319,1.4546058405162423,-0.06236929171841043,0.12328191736994734,0.30673292541408836,0.33534235717173116,0.24882605289497506
1,16,31,1.3431333044907776,1.3622159197001196,1.3946514233813392,1.4571860155136374,-0.06253459213229817,0.1216807406907957,0.250001341762644,0.3377572317552386,0.2514062278923702
1,17,31,1.335495265217711,1.350229710303967,1.4032802995371971,1.4623435151112536,-0.05906321557405647,0.12203704033753623,0.24236330248957758,0.3463861079110967,0.2565637274899866
1,18,30,1.3479277399290859,1.3653165526482633,1.4065115489853695,1.4610308853445357,-0.05451933635916633,0.12329434223614694,0.23757433741316752,0.33893674409446106,0.24589129950173946
1,19,30,1.3497350715888587,1.3847571085501784,1.4141276088965133,1.462582695859299,-0.048455086962785464,0.12053820950654165,0.2393816690729402,0.346552804005605,0.24744311001650252
1,20,31,1.357781218010906,1.3329204542630446,1.4160426587948398,1.463627505927107,-0.047584847132267086,0.12374153260314252,0.26464925528277244,0.3591484671687393,0.25784771830583986
1,21,31,1.4231682609759018,1.3698335201548602,1.4202053924009572,1.4582170901358045,-0.03801169773484749,0.11785874265796155,0.3300362982477682,0.3633112007748564,0.25243730251453733
1,22,31,1.483902203067826,1.4423110996054065,1.4296949301479411,1.4709092527074896,-0.04121432255954809,0.1144101692771111,0.3907702403396924,0.3728007385218407,0.2651294650862222
1,23,31,1.4856095681287045,1.4418723969454617,1.437008031297237,1.4756744607384946,-0.038666429441257553,0.11857319697182518,0.3924776054005709,0.3801138396711363,0.2698946731172273
1,24,31,1.4934567562864298,1.4450764470802966,1.4386104295751774,1.474060389405461,-0.03544995983028367,0.12212148900936351,0.40032479355829625,0.3817162379490767,0.26828060178419383
1,25,31,1.5142204787527622,1.4264983904953572,1.454000990760376,1.484388260632376,-0.030387269872000047,0.1257916920815864,0.4210885160246286,0.3971067991342752,0.27860847301110864
1,26,31,1.5224507644504444,1.4312213205692887,1.458201096240551,1.4896601380721457,-0.03145904183159486,0.12354609941913029,0.42931880172231063,0.4013069046144503,0.28388035045087856
1,27,31,1.405391734650223,1.2169381329706537,1.471170335515301,1.4970075570985275,-0.025837221583226568,0.12320321473686734,0.3122597719220895,0.4142761438892002,0.2912277694772602
1,28,31,1.4434858744129837,1.2447825656247855,1.4786036057898972,1.4962571787313923,-0.01765357294149523,0.1254541914828741,0.3503539116848502,0.4217094141637964,0.2904773911101251
1,29,31,1.3819484845202772,1.134735804676729,1.4724480826040112,1.4972573514286422,-0.024809268824630866,0.125145511566698,0.2888165217921436,0.4155538909779107,0.29147756380737494
1,30,30,1.4946675244477818,1.3859220468448243,1.4502852801169759,1.4747882194719892,-0.02450293935501322,0.11358407214504856,0.39690609472284927,0.3999417092530796,0.2708748549452482
1,31,31,1.4935278751171799,1.3581424736349585,1.4384066487994418,1.4718535711934504,-0.033446922394008545,0.11760471797648536,0.4003959123890463,0.3815124571733412,0.2660737835721832
1,32,31,1.3499342351023313,1.1749548330350497,1.4083660867614698,1.4412619549907197,-0.03289586822924983,0.12066163321231903,0.2568022723741979,0.35147189513536925,0.23548216736945254
1,33,31,1.2853794774438048,1.0247809694349035,1.3750263709722803,1.405050124715806,-0.03002375374352566,0.12071683137981405,0.1922475147156711,0.3181321793461797,0.19927033709453887
1,34,31,1.119879082441853,0.6255650257304283,1.3257172371495884,1.3564899893060616,-0.030772752156473324,0.1251537460474227,0.02674711971371942,0.2688230455234877,0.1507102016847944
1,35,31,1.1346063247587632,0.6610012031656728,1.22611237012683,1.2862271107916663,-0.06011474066483632,0.12922791374134993,0.04147436203062959,0.16921817850072934,0.08044732317039907
1,36,31,0.9771035655420687,0.4509055573517152,1.1222737584128044,1.2119742417887736,-0.0897004833759692,0.14116060382158294,-0.11602839718606486,0.06537956678670373,0.0061944541675063546
1,37,30,0.8479568967079022,0.5070152168287172,1.0086424714745676,1.1099995605882023,-0.1013570891136346,0.15928943147706337,-0.24980453301703034,-0.04170109938932866,-0.09391380393853868
1,38,31,0.7923540841820678,0.5330130409724348,0.8915646019090624,1.0264752122384238,-0.1349106103293614,0.17631385087938103,-0.3007778785460658,-0.16532958971703832,-0.17930457538284347
1,39,31,0.7015462155192275,0.539146009827042,0.7488975405588614,0.9526776602507653,-0.20378011969190396,0.22398310143907565,-0.39158574720890604,-0.3079966510672392,-0.25310212737050186
1,40,31,0.6252885617807378,0.5741072604699212,0.6310070137101907,0.880289539176813,-0.24928252546662213,0.262990492675614,-0.46784340094739585,-0.42588717791590985,-0.32549024844445434
1,41,31,0.5843765564267284,0.5896680172207585,0.528701010787744,0.817480788605223,-0.288779777817479,0.293798920041161,-0.5087554063014051,-0.5281931808383566,-0.3882989990160442
1,42,31,0.5261751836064495,0.5618973894643494,0.4389311677472093,0.780109457479917,-0.34117828973270775,0.3444000076940336,-0.5669567791216842,-0.6179630238788912,-0.42567033014135014
1,43,31,0.543749950016898,0.5709342022911837,0.3301831993450972,0.7386554527135618,-0.40847225336846454,0.4084722533684645,-0.5493820127112355,-0.7267109922810034,-0.46712433490770544
1,44,30,0.4927089606459579,0.5760504109407225,0.2549829638918582,0.7175740690461861,-0.46259110515432783,0.4625911051543279,-0.6050524690789747,-0.795360606972038,-0.4863392954805549
1,45,30,0.47824765623291215,0.5712721919469292,0.21490693839483635,0.6860799643130587,-0.47117302591822235,0.4711730259182224,-0.6195137734920204,-0.83543663246906,-0.5178334002136823
1,46,31,0.4223338912436251,0.553656578498806,0.19017492513657214,0.6979387959272607,-0.5077638707906886,0.5077638707906885,-0.6707980714845084,-0.8667192664895285,-0.5078409916940064
1,47,30,0.40185679579555716,0.5439429113727624,0.14671942501389443,0.6827806371249762,-0.5360612121110818,0.5360612121110818,-0.6959046339293754,-0.9036241458500018,-0.5211327274017648
1,48,31,0.3625018139202891,0.5145096697441313,0.12927652884870525,0.6981636379710038,-0.5688871091222986,0.5688871091222985,-0.7306301488078445,-0.9276176627773954,-0.5076161496502634
1,49,31,0.3572202401474867,0.5030965719431026,0.09894882322876027,0.6914948396940136,-0.5925460164652534,0.5974012834736347,-0.7359117225806469,-0.9579453683973403,-0.5142849479272535
1,50,30,0.3540237480269495,0.5026397848967658,0.05811383574792851,0.6674343475847728,-0.6093205118368442,0.614105915459678,-0.743737681697983,-0.9922297351159678,-0.5364790169419682
1,51,31,0.3217707356927045,0.4699270042125091,0.046258552802800626,0.6631629550286099,-0.6169044022258092,0.6280996312149889,-0.771361227035429,-1.0106356388233,-0.5426168325926574
1,52,31,0.2963675614218283,0.4607177705031836,0.025022098480283788,0.6504197793963917,-0.625397680916108,0.6366524062907434,-0.7967644013063052,-1.0318720931458167,-0.5553600082248755
1,53,31,0.28896884265858747,0.44915722632864286,0.02215830896408335,0.651345457189723,-0.6291871482256397,0.6391739445462749,-0.804163120069546,-1.0347358826620174,-0.5544343304315441
1,54,30,0.28319125694633834,0.444140919373775,0.01250244903385388,0.6315024911626443,-0.6190000421287905,0.6326566946479183,-0.8145701727785943,-1.0378411218300425,-0.5724108733640967
1,55,31,0.275210068459698,0.4540515622871882,0.030031626269053792,0.6404814398277131,-0.6104498135586593,0.6256462762696334,-0.8179218942684356,-1.026862565357047,-0.565298347793554
1,56,30,0.3018273564530842,0.4759778117850339,0.03993490293619965,0.6348522175955725,-0.5949173146593729,0.6122994438255515,-0.7959340732718484,-1.0104086679276967,-0.5690611469311685
1,57,31,0.2773923800555135,0.4605938546726917,0.07620351342444723,0.647535562033778,-0.5713320486093308,0.5858584870068347,-0.81573958267262,-0.9806906782016535,-0.5582442255874892
1,58,30,0.3069259129789429,0.4876871540851969,0.11356911133025223,0.6647313958765141,-0.5511622845462619,0.5680290603952485,-0.7908355167459896,-0.9367744595336441,-0.5391819686502267
1,59,31,0.2920813434058006,0.48145071373966125,0.1730214837881015,0.678339962647762,-0.5053184788596605,0.5205649366321772,-0.8010506193223329,-0.8838727078379991,-0.5274398249735052
1,60,30,0.32026759011604666,0.5053849734258615,0.2213197513997017,0.6862238920266553,-0.4649041406269536,0.48231464858869916,-0.7774938396088859,-0.8290238194641947,-0.5176894725000857
1,61,31,0.327722755816575,0.48744335586513465,0.2896142655234449,0.7192148617216152,-0.4296005961981703,0.4447984614855316,-0.7654092069115586,-0.7672799261026557,-0.486564925899652
1,62,31,0.36399500149231423,0.5162454469776208,0.37258708765856247,0.7488481110523135,-0.376261023393751,0.3896126909560025,-0.7291369612358193,-0.6843071039675381,-0.45693167656895367
1,63,30,0.43534646162988844,0.5800139335015008,0.4565936651465227,0.7768977905619592,-0.3203041254154365,0.33643450190861335,-0.6624149680950441,-0.5937499057173736,-0.42701557396478174
1,64,31,0.5741372920410762,0.7247040136723254,0.580051458808761,0.8508705673225543,-0.27081910851379326,0.285789801670833,-0.5189946706870573,-0.4768427328173396,-0.35490922029871297
1,65,31,0.6764320320526691,0.610624293419885,0.6819325941968947,0.9148291364430251,-0.23289654224613046,0.2615956078363752,-0.4166999306754645,-0.37496159742920593,-0.29095065117824204
1,66,30,0.9672845830008587,0.8452605221423398,0.7773114570910814,0.9817707909880851,-0.20445933389700363,0.21605705103231448,-0.13047684672407386,-0.2730321137728149,-0.2221425735386559
1,67,31,1.2131376259651718,1.032239442118062,0.9489427350649348,1.0728192317120422,-0.12387649664710759,0.1844305604319247,0.12000566323703811,-0.10795145656116585,-0.13296055590922484
1,68,30,1.482956189206902,1.4674249984856902,1.064986162316797,1.159892031208831,-0.09490586889203396,0.16900958973169106,0.38519475948196946,0.014642591452900717,-0.04402133331790992
1,69,31,1.5814858593212477,1.4112372331063825,1.1789699227337158,1.2480618309424238,-0.06909190820870803,0.14449106669731387,0.48835389659311423,0.12207573110761515,0.04228204332115662
1,70,31,1.5745177532763726,1.504412012591411,1.2780124923584184,1.3182944183312963,-0.04028192597287804,0.14378450753117794,0.4813857905482389,0.22111830073231764,0.11251463071002912
1,71,31,1.4495258437979694,1.253481529580863,1.3826337190742841,1.3866483225161563,-0.0040146034418721,0.14398855977331124,0.3563938810698358,0.32573952744818346,0.180868534894889
1,72,31,1.6090398394432925,1.3876963700758331,1.445752439027438,1.4148150877452705,0.03093735128216748,0.14909699181957617,0.515907876715159,0.38885824740133756,0.20903530012400354
1,73,31,1.671800924773032,1.4229226156117052,1.4803580252504467,1.4219060388925988,0.05845198635784805,0.1700186129875736,0.5786689620448985,0.4234638336243461,0.21612625127133148
1,74,31,1.7202691776135164,1.4656211536651866,1.4921222025644214,1.4411900390175776,0.0509321635468438,0.16922608946222392,0.627137214885383,0.4352280109383208,0.23541025139631044
1,75,30,1.6437240827017974,1.3654503311652049,1.4910776247511979,1.4560137994788147,0.03506382527238297,0.15320367590941283,0.5459626529768649,0.4407340538873015,0.2521004349520739
1,76,31,1.4925455526814806,1.216375877603443,1.4777961968570839,1.4337334226327951,0.044062774224288774,0.1635487995799628,0.3994135899533471,0.42090200523098315,0.2279536350115278
1,77,31,1.4929241347401199,1.1818672899502614,1.4517468695285978,1.40318929042743,0.04855757910116779,0.15244433085635295,0.3997921720119863,0.3948526779024972,0.19740950280616285
1,78,31,1.398078091659986,1.0465810745457858,1.4341585616335055,1.3906859553574176,0.04347260627608807,0.1556294913428133,0.30494612893185263,0.37726437000740504,0.18490616773615043
1,79,31,1.3093121441738182,0.8842335909866329,1.4136636630202044,1.3703755634056287,0.043288099614575894,0.15471148247521185,0.21618018144568482,0.3567694713941039,0.16459577578436144
1,80,31,1.2673684539633439,0.8778637642557168,1.3942083902205924,1.3499981418758527,0.04421024834473964,0.15284598801367835,0.17423649123521032,0.33731419859449174,0.14421835425458557
1,81,31,1.2489943447351288,0.8583209384061179,1.3995276385467288,1.349237334674613,0.05029030387211576,0.16620070957290178,0.1558623820069952,0.3426334469206281,0.1434575470533458
1,82,31,1.3075868198122453,1.042163337872967,1.4018870661185434,1.3505493317738102,0.05133773434473328,0.1722218116476173,0.21445485708411188,0.3449928744924428,0.14476954415254298
1,83,31,1.267978146565777,0.9010775820705039,1.4094950702643414,1.3553209871317562,0.05417408313258498,0.1712569522042444,0.1748461838376434,0.3526008786382407,0.14954119951048914
1,84,30,1.3283275817402422,1.0236907944720066,1.431863561332628,1.3809169610519498,0.05094660028067832,0.1631937599897512,0.2305661520153097,0.38151999046873186,0.17700359652520894
1,85,30,1.4208522945539086,1.3724215325691203,1.4303785835827136,1.3977872199656314,0.03259136361708256,0.13919782862242613,0.32309086482897603,0.38003501271881746,0.19387385543889027
1,86,31,1.4635755586681092,1.3698282611105599,1.4212758296507644,1.3951007907580282,0.026175038892736018,0.14050971788913777,0.37044359593997556,0.3643816380246636,0.18932100313676098
1,87,31,1.4186211712892152,1.4029629570227462,1.4067297778060397,1.3844179545941608,0.022311823211878804,0.13145561224376953,0.3254892085610816,0.34983558617993904,0.17863816697289364
1,88,31,1.5641669359772636,1.5033809717823214,1.391400025093885,1.375838462700451,0.015561562393434059,0.14179321101659542,0.47103497324913024,0.33450583346778434,0.17005867507918374
1,89,31,1.579849510466544,1.5703569318985617,1.4006847188217433,1.3837028442365031,0.016981874585240055,0.1417141690505184,0.48671754773841036,0.3437905271956425,0.1779230566152359
1,90,31,1.4879257021708374,1.4601182870971203,1.415386524512043,1.4006589295139793,0.014727594998063535,0.12815824564633585,0.39479373944270396,0.3584923328859422,0.19487914189271208
1,91,31,1.289076630397054,1.1789535146986163,1.427524375322199,1.4089965448475021,0.018527830474696867,0.12671298116815796,0.19594466766892044,0.37063018369609824,0.2032167572262348
1,92,31,1.2143655290097959,1.1618335733421803,1.4311806657415491,1.4188588738248757,0.012321791916673338,0.12826807642633103,0.12123356628166222,0.37428647411544846,0.21307908620360855
1,93,31,1.1895425940882138,1.1357230430792744,1.426698846007351,1.426926696803667,-0.00022785079631553758,0.1274622058031036,0.0964106313600802,0.3698046543812506,0.22114690918239957
1,94,31,1.2080598645991074,1.1517815481452607,1.4152399552795836,1.4171631137283895,-0.001923158448805826,0.13064772824476073,0.11492790187097397,0.3583457636534831,0.2113833261071223
1,95,31,1.218143344879307,1.1542349719247007,1.400357579190536,1.4127218555984207,-0.012364276407884555,0.1367243451977683,0.1250113821511736,0.3434633875644355,0.20694206797715348
2,0,28,1.2073535179724675,1.3544084790971422,1.1783811137333742,1.3777915099227975,-0.19941039618942344,0.2515476168494285,0.18513818514917646,0.543519335972604,0.33627301527443637
2,1,28,1.1891249963651067,1.33570817116271,1.194277914505541,1.3624774045014783,-0.16819948999593723,0.21100421783579243,0.16690966354181555,0.5594161367447711,0.3209589098531172
2,2,28,1.1644099052116132,1.3448406118185752,1.1973723987517453,1.367079858731944,-0.16970745998019862,0.2088113898384824,0.14219457238832206,0.5625106209909753,0.3255613640835827
2,3,28,1.2622317824258384,1.515450000971025,1.1931265495677172,1.3646691304744842,-0.171542580906767,0.21449538073949617,0.2400164496025474,0.5582647718069473,0.3231506358261232
2,4,28,1.1793621922268787,1.341321546503685,1.1868363451153636,1.3574328381569718,-0.1705964930416081,0.21095703115876713,0.1571468594035875,0.5519745673545937,0.3159143435086106
2,5,28,1.2271986258734415,1.3330511140085568,1.1819938499546367,1.35581669446885,-0.1738228445142131,0.19836247126015355,0.20498329305015053,0.547132072193867,0.31429819982048884
2,6,28,1.2385108668465026,1.3219025552908819,1.1874221962630824,1.3614464858109028,-0.17402428954782018,0.1960486460034432,0.21629553402321156,0.5525604185023124,0.3199279911625415
2,7,28,1.2243653959171907,1.3252913772103843,1.1824992783741557,1.3593830454853086,-0.17688376711115286,0.1899634431176782,0.20215006309389968,0.5476375006133859,0.3178645508369476
2,8,28,1.208244526527044,1.321349632064411,1.1848513739294304,1.3616848236126935,-0.1768334496832631,0.18981945362393113,0.18602919370375298,0.5499895961686605,0.32016632896433245
2,9,28,1.2153528250722385,1.321682560607589,1.1888149796615477,1.3723280491126588,-0.18351306945111118,0.18999818192926754,0.19313749224894736,0.5539532019007778,0.33080955446429783
2,10,28,1.2151965974820136,1.320756109446226,1.1857808312459988,1.3700671961605713,-0.18428636491457254,0.1919595096846743,0.19298126465872256,0.5509190534852287,0.3285487015122101
2,11,28,1.2166744536755072,1.3210894926072003,1.1913987758267812,1.3740868548561613,-0.18268807902938033,0.1877624501221142,0.19445912085221614,0.5565369980660111,0.33256836020780023
2,12,28,1.2144336387413885,1.3219938910257099,1.192601485078778,1.3665504612838084,-0.1739489762050306,0.1795683985002209,0.19221830591809766,0.557739707318008,0.3250319666354474
2,13,28,1.1039732335281431,1.1144406632519688,1.1997701531776233,1.3735718338159943,-0.17380168063837095,0.18134674012911592,0.08175790070485218,0.5649083754168535,0.3320533391676333
2,14,28,1.1170843073800687,1.1188683981881242,1.2042252367034088,1.3719445947468099,-0.16771935804340116,0.17653209612807735,0.0948689745567776,0.5693634589426388,0.3304261000984488
2,15,28,1.0952610741366848,1.1228041946690999,1.206502519836032,1.36696221763747,-0.1604596978014383,0.17402706965458764,0.07304574131339389,0.5716407420752619,0.32544372298910906
2,16,28,1.0975866496397546,1.115828829006198,1.2112563771782912,1.3727062187710495,-0.16144984159275824,0.17250504886044762,0.07537131681646346,0.5763945994175212,0.33118772412268827
2,17,28,0.9991456566879765,0.8518410028930601,1.214410070184839,1.3746354124995857,-0.16022534231474633,0.17243216498032865,-0.02306967613531449,0.5795482924240692,0.33311691785122444
2,18,28,0.9841082682435633,0.8477957651982218,1.2197680873058712,1.3810077177626023,-0.16123963045673137,0.1754937137274413,-0.038107064579727776,0.5849063095451011,0.33948922311424135
2,19,28,0.8572171517212308,0.4338556756288678,1.2242255001102993,1.3877196468793696,-0.16349414676907004,0.17917249626893564,-0.16499818110206024,0.5893637223495294,0.3462011522310083
2,20,28,0.9490379579297094,0.8751029908347414,1.2283749973057303,1.389580615285073,-0.1612056179793426,0.17909643154593885,-0.07317737489358174,0.5935132195449603,0.3480621206367117
2,21,28,1.0961433339462088,1.12900220529255,1.2274373248988941,1.3866338273416388,-0.1591965024427445,0.1796667541693712,0.07392800112291777,0.5925755471381243,0.3451153326932777
2,22,28,1.1145379680895033,1.1130696848570016,1.2307123157169255,1.4047857455303103,-0.17407342981338494,0.1930707258734156,0.09232263526621223,0.5958505379561556,0.36326725088194933
2,23,28,1.1095687945196995,1.1079981951067803,1.235975233149706,1.4093812620168609,-0.17340602886715478,0.1853369447205755,0.0873534616964083,0.6011134553889361,0.3678627673684998
2,24,28,1.2672531076057612,1.2866423685724346,1.2379717004528126,1.4062917869720397,-0.168320086519227,0.1821354138408222,0.24503777478247007,0.6031099226920428,0.3647732923236786
2,25,28,1.3044137998868552,1.2914601134225852,1.2497209826640951,1.412450575026117,-0.16272959236202186,0.1750486211385777,0.2821984670635643,0.6148592049033251,0.3709320803777558
2,26,28,1.176657580184907,1.103987010186451,1.254881562112626,1.4105944154537409,-0.1557128533411149,0.177444271699875,0.1544422473616162,0.6200197843518561,0.3690759208053798
2,27,28,1.3916114056253368,1.32443986402444,1.2615968724403264,1.4173476203899018,-0.15575074794957527,0.17009680015767245,0.3693960728020457,0.6267350946795565,0.37582912574154054
2,28,28,1.4295982294035396,1.4407232739575593,1.2684931151219712,1.4215664198864626,-0.15307330476449152,0.176985629221271,0.4073828965802485,0.6336313373612013,0.3800479252381016
2,29,28,1.3308060368289365,1.3244733173114296,1.2662416794684828,1.418527287315538,-0.15228560784705497,0.18381772907920987,0.30859070400564537,0.631379901707713,0.3770087926671768
2,30,28,1.5282294223451622,1.587625226785336,1.240698033443392,1.3918356575635564,-0.15113762412016457,0.1764691555127031,0.506014089521871,0.605836255682622,0.3503171629151955
2,31,28,1.4295803910532374,1.5119990357879796,1.2084700089091396,1.3469164456360174,-0.13844643672687784,0.18429916342410554,0.4073650582299465,0.5736082311483696,0.30539795098765626
2,32,28,1.1175190177511232,1.2143737090704203,1.1454828079620962,1.2996266041080873,-0.154143796145991,0.1902591362753017,0.09530368492783213,0.5106210302013263,0.2581081094597261
2,33,28,1.006136699325453,1.1560632614072077,1.0759920356298014,1.23913796776475,-0.16314593213494866,0.1855154225658428,-0.016078633497837926,0.4411302578690316,0.19761947311638903
2,34,28,0.7310457046945229,0.9354873439611652,0.9528913123849678,1.122930131036635,-0.17003881865166726,0.19114614061015117,-0.29116962812876823,0.318029534624198,0.081411636388274
2,35,28,0.7312591967978191,0.9227256701582857,0.7748491925000625,1.0182173345036214,-0.243368142003559,0.25340197310930673,-0.29095613602547205,0.1399874147392925,-0.023301160144739683
2,36,28,0.5581855003040593,0.5769775382964523,0.5888541639478289,0.8991774205437375,-0.3103232565959087,0.31592669953868807,-0.4640298325192317,-0.04600761381294112,-0.14234107410462363
2,37,28,0.6871891547064276,0.9309881005070165,0.42477376529492916,0.8161949653911865,-0.39142120009625725,0.3914212000962573,-0.3350261781168634,-0.21008801246584077,-0.22532352925717464
2,38,28,0.5057133679802812,0.5170161621506492,0.27008977687182306,0.742150553495901,-0.47206077662407786,0.4720607766240779,-0.5165019648430099,-0.3647720008889469,-0.2993679411524602
2,39,28,0.5809599607367971,0.936166381849634,0.12210912678511235,0.6887240395379982,-0.5666149127528858,0.5666149127528858,-0.44125537208649396,-0.5127526509756576,-0.35279445511036295
2,40,28,0.44090698219320795,0.5341506803153111,-0.00146942417962118,0.6418017732075342,-0.6432711973871552,0.6432711973871551,-0.5813083506300831,-0.6363312019403911,-0.399716721440827
2,41,28,0.46777937753259075,0.9179393400648225,-0.12052534253792312,0.5897250386542258,-0.7102503811921489,0.7102503811921489,-0.5544359552907003,-0.7553871202986929,-0.45179345599413534
2,42,28,0.33107694110401126,0.5194858891673304,-0.23389256134591113,0.5571180680353685,-0.7910106293812795,0.7910106293812796,-0.6911383917192798,-0.8687543391066811,-0.4844004266129927
2,43,28,0.2935538008135956,0.45820176578926586,-0.3578133159031069,0.5227086615289652,-0.8805219774320721,0.8805219774320721,-0.7286615320096955,-0.9926750936638769,-0.5188098331193959
2,44,28,0.25482446990657903,0.4329828120387752,-0.4484404385158986,0.48516382055505386,-0.9336042590709523,0.9336042590709525,-0.767390862916712,-1.0833022162766686,-0.5563546740933073
2,45,28,0.23343662875464352,0.4201636623183244,-0.5225599884319253,0.43956836644084396,-0.9621283548727693,0.9621283548727693,-0.7887787040686476,-1.157421766192695,-0.6019501282075171
2,46,28,0.21136524928795006,0.4105886397760239,-0.5779242117607147,0.44144210831007336,-1.019366320070788,1.019366320070788,-0.8108500835353409,-1.2127859895214848,-0.6000763863382877
2,47,28,0.20304848772484246,0.39749690120843206,-0.618737556636867,0.4349081310724285,-1.0536456877092955,1.0536456877092955,-0.8191668450984485,-1.2535993343976368,-0.6066103635759327
2,48,28,0.18192174548369713,0.3568139905128269,-0.6654905370066013,0.44041802717938505,-1.1059085641859865,1.1059085641859865,-0.8402935873395939,-1.3003523147673712,-0.601100467468976
2,49,28,0.15583173791616,0.3438744952446412,-0.6937887178260566,0.44738071691737213,-1.1411694347434287,1.1411694347434287,-0.8663835949071311,-1.3286504955868264,-0.594137777730989
2,50,28,0.1690451834472073,0.3390370400250159,-0.735828991442891,0.44371135167447734,-1.1795403431173683,1.1795403431173683,-0.8531701493760837,-1.370690769203661,-0.5978071429738838
2,51,28,0.136691869762477,0.30153409653206803,-0.7662828570314034,0.4340357786516235,-1.2003186356830269,1.200318635683027,-0.8855234630608141,-1.4011446347921732,-0.6074827159967375
2,52,28,0.1466835047128598,0.3247694983115094,-0.7849213940884018,0.428506997855454,-1.2134283919438558,1.2134283919438558,-0.8755318281104313,-1.4197831718491718,-0.6130114967929072
2,53,28,0.16372674179569355,0.3254981914947631,-0.8005756743756233,0.4227680810612782,-1.2233437554369015,1.2233437554369018,-0.8584885910275976,-1.4354374521363933,-0.6187504135870829
2,54,28,0.1603179125870218,0.318016376164942,-0.8063584467279049,0.4027441241318473,-1.2091025708597523,1.2091025708597523,-0.8618974202362691,-1.4412202244886747,-0.6387743705165139
2,55,28,0.15111468727196245,0.30089310116373075,-0.7966052561296254,0.406815302463659,-1.2034205585932845,1.2034205585932842,-0.8711006455513287,-1.4314670338903954,-0.6347031921847021
2,56,28,0.15577310996230115,0.3108480756204686,-0.7726240050618196,0.40550056242273697,-1.1781245674845564,1.1781245674845564,-0.8664422228609899,-1.4074857828225895,-0.6360179322256242
2,57,28,0.1580455112746615,0.3118276245544503,-0.7427834159985967,0.39709018843912985,-1.1398736044377265,1.1398736044377265,-0.8641698215486295,-1.3776451937593666,-0.6444283062092312
2,58,28,0.15804551127466146,0.3136256207747805,-0.7031559745038025,0.3986188464251019,-1.1017748209289044,1.1017748209289042,-0.8641698215486295,-1.3380177522645724,-0.6428996482232592
2,59,28,0.15577310996230115,0.3058638941685581,-0.6576544679615258,0.4090533885954623,-1.0667078565569883,1.0667078565569883,-0.8664422228609899,-1.2925162457222956,-0.6324651060528987
2,60,28,0.16259031389938214,0.31987920109400547,-0.5989418189224338,0.4170649299649753,-1.0160067488874092,1.0160067488874092,-0.8596250189239089,-1.233803596683204,-0.6244535646833859
2,61,28,0.17622472177354417,0.3464438167460613,-0.5356351060651924,0.43021082761378066,-0.9658459336789731,0.9658459336789731,-0.8459906110497469,-1.1704968838259622,-0.6113076670345805
2,62,28,0.1830419257106252,0.3579514943050669,-0.4500718352222309,0.45532741417498557,-0.9053992493972165,0.9053992493972165,-0.8391734071126659,-1.084933612983001,-0.5861910804733755
2,63,28,0.19798841810254406,0.3632859211428163,-0.38564125794275667,0.4663398929548802,-0.8519811508976368,0.8519811508976369,-0.8242269147207469,-1.0205030357035265,-0.5751786016934809
2,64,28,0.19462844552208805,0.3637211276161299,-0.2763176418129683,0.5013601465239022,-0.7776777883368704,0.7776777883368703,-0.827586887301203,-0.9111794195737382,-0.5401583481244591
2,65,28,0.23487971720805795,0.391149764632314,-0.139249336570511,0.5496222740402229,-0.6888716106107339,0.6888716106107337,-0.7873356156152331,-0.7741111143312809,-0.4918962206081382
2,66,28,0.31124262710927086,0.43559052917216146,0.007420555790376958,0.5846822255302032,-0.5772616697398262,0.5772616697398262,-0.7109727057140202,-0.627441221970393,-0.45683626911815794
2,67,28,0.4514737619157491,0.4938749340691229,0.2586215609501265,0.6220831521483883,-0.36346159119826166,0.37320679212033564,-0.570741570907542,-0.3762402168106434,-0.41943534249997283
2,68,28,0.5603499625540825,0.6359803911981814,0.4152217191781738,0.6828606691354684,-0.26763894995729454,0.30982464069027016,-0.46186537026920854,-0.21964005858259614,-0.35865782551289277
2,69,28,0.851945407916686,1.0445978106500873,0.5461588120201658,0.7637725959424688,-0.21761378392230293,0.27011081551763044,-0.17026992490660503,-0.08870296574060409,-0.27774589870589234
2,70,28,1.2520997130743516,1.5331842568354845,0.6880427631039382,0.8703828529132592,-0.18234008980932107,0.23715247446778057,0.22988438025106075,0.053180985343168216,-0.17113564173510193
2,71,28,1.7048170466082901,1.8529440217357396,0.8356980906068464,0.9869336195680368,-0.15123552896119033,0.2234159669299427,0.6826017137849991,0.20083631284607656,-0.05458487508032428
2,72,28,1.7193307601702699,1.7929086415050788,0.9598320868669056,1.0907552541290533,-0.1309231672621478,0.21406298647613778,0.697115427346979,0.32497030910613567,0.04923675948069233
2,73,28,2.060614078148682,1.875550740902629,1.0849151013749325,1.1735257699711004,-0.088610668596168,0.20761040876096246,1.0383987453253911,0.45005332361416256,0.13200727532273934
2,74,28,2.3914187855754725,1.972755321356712,1.1670502501135922,1.2476599718011716,-0.08060972168757953,0.20127141468714088,1.3692034527521815,0.5321884723528222,0.2061414771528106
2,75,28,2.2185290399679487,1.970997189923189,1.2131405882784103,1.2957323006771002,-0.0825917123986899,0.22406042573383975,1.1963137071446575,0.5782788105176404,0.25421380602873916
2,76,28,2.2473736524063286,1.8374478755174333,1.2202244005058323,1.307172890853171,-0.08694849034733884,0.23676659063926095,1.2251583195830378,0.5853626227450622,0.26565439620480985
2,77,28,2.1452669352775167,1.864874007399085,1.214409769632756,1.3049792613836395,-0.09056949175088334,0.2392570152907201,1.1230516024542259,0.5795479918719862,0.26346076673527846
2,78,28,2.188571405366774,1.8893759268999568,1.2040595323216674,1.2978229159201955,-0.09376338359852807,0.24900399447928478,1.166356072543483,0.5691977545608975,0.2563044212718344
2,79,28,2.1668241839472886,1.903322831840331,1.1947042726812334,1.2930780751404254,-0.09837380245919222,0.25085329144576646,1.1446088511239978,0.5598424949204632,0.25155958049206434
2,80,28,2.0366016134809706,1.8412662455211946,1.1831639743516391,1.2799149708848705,-0.09675099653323135,0.2537551468527971,1.0143862806576796,0.5483021965908692,0.23839647623650936
2,81,28,2.0209582892266162,1.8770288080279165,1.1798995279025184,1.2859780080545167,-0.1060784801519982,0.2517133963691905,0.9987429564033252,0.5450377501417484,0.2444595134061555
2,82,28,1.9242480707343976,1.87489819510322,1.1804373157629697,1.293876491748821,-0.11343917598585138,0.25290305665158536,0.9020327379111066,0.5455755380021998,0.25235799710046003
2,83,28,1.5138765947960973,1.6112998414436306,1.190057912800648,1.3069286171477414,-0.11687070434709336,0.23994347624821127,0.49166126197280624,0.5551961350398781,0.26541012249938023
2,84,28,1.5148291854262388,1.6105423653343403,1.207970015473121,1.334770033939111,-0.12680001846599007,0.23525759376871605,0.49261385260294765,0.573108237712351,0.2932515392907499
2,85,28,1.266220073969162,1.3164318175480927,1.2139098513347584,1.35343396764712,-0.13952411631236158,0.2400262282550541,0.24400474114587106,0.5790480735739884,0.3119154729987588
2,86,28,1.4049434705048893,1.4622632872814882,1.201541381740555,1.3419444876655537,-0.14040310592499858,0.23314932109074657,0.3827281376815982,0.5666796039797851,0.3004259930171925
2,87,28,1.419458661127722,1.4257386056376715,1.1800228544405615,1.3310646024462602,-0.151041748005699,0.23330460633361177,0.39724332830443104,0.5451610766797915,0.2895461077978993
2,88,28,1.6193501017093024,1.6696982142964916,1.1623788442260934,1.329148132089236,-0.16676928786314296,0.23223193594951072,0.5971347688860112,0.5275170664653233,0.28762963744087505
2,89,28,1.8729454297460255,1.8969053140122452,1.1514840816786933,1.3285464518651477,-0.1770623701864546,0.2268434628840719,0.8507300969227346,0.5166223039179233,0.28702795721678676
2,90,28,1.6333488891339012,1.7369380059590245,1.1587913293337924,1.3387567571356096,-0.17996542780181723,0.2363266074358076,0.6111335563106103,0.5239295515730225,0.2972382624872485
2,91,28,1.758294034792394,1.8310461074089144,1.177359261697301,1.3658238515772345,-0.18846458987993361,0.2533502781510368,0.736078701969103,0.5424974839365311,0.32430535692887347
2,92,28,1.7110666046975436,1.8543039114310342,1.1880011347128931,1.3835149733307077,-0.19551383861781452,0.25941642102554036,0.6888512718742525,0.5531393569521231,0.34199647868234645
2,93,28,1.5693344352041856,1.7695056949491224,1.2038078700441983,1.411878899918311,-0.2080710298741126,0.275141781880383,0.5471191023808947,0.5689460922834285,0.37036040526994995
2,94,28,1.5820325001175897,1.7550064725953542,1.1905709552062687,1.4022772376618597,-0.21170628245559095,0.2765888149298232,0.5598171672942985,0.5557091774454987,0.36075874301349853
2,95,28,1.4747082359555326,1.6472818030468974,1.169993381340017,1.386038959631431,-0.21604557829141416,0.2749202249032242,0.45249290313224166,0.5351316035792468,0.3445204649830699
3,0,31,0.920728704914704,1.1326385834859949,0.9840226861954033,1.22169855272521,-0.23767586652980663,0.27991486162898027,0.23450625522998325,0.540184167830804,0.3130022194743931
3,1,31,0.9225965748115034,1.0836779409738562,1.046113521256561,1.2153629568289717,-0.16924943557241054,0.23107626956198352,0.23637412512678255,0.6022750028919618,0.3066666235781548
3,2,31,0.9451372418008334,1.1219335975612699,1.0450954317770753,1.2207533293512574,-0.17565789757418218,0.24828348387936222,0.2589147921161125,0.6012569134124759,0.3120569961004406
3,3,31,0.9329506760970248,1.1025730900781496,1.0463075518641862,1.220818956352857,-0.1745114044886708,0.24710120247377834,0.24672822641230388,0.6024690334995868,0.31212262310204003
3,4,31,0.9951933020718589,1.1898923451665326,1.0509781538556568,1.2271160492650477,-0.1761378954093909,0.24600289467382633,0.30897085238713806,0.6071396354910574,0.3184197160142308
3,5,31,0.9136623871511738,1.0509804503958229,1.0534940818056397,1.228382982942257,-0.17488890113661737,0.2480999499724412,0.22743993746645297,0.6096555634410403,0.3196866496914402
3,6,31,0.9037081112113988,1.1337212293859658,1.058649387049876,1.2297126706016923,-0.17106328355181633,0.2418192355329008,0.21748566152667806,0.6148108686852766,0.3210163373508755
3,7,31,0.8978185894539451,1.0445445139052494,1.065801644358643,1.236071951941114,-0.17027030758247097,0.23404337466463873,0.21159613976922434,0.6219631259940437,0.3273756186902972
3,8,31,0.9243873736521796,1.0312157223391707,1.0769656773343084,1.2279789730761532,-0.15101329574184488,0.22020288660925927,0.23816492396745872,0.633127158969709,0.3192826398253363
3,9,31,0.9025506086254971,1.0341777978134152,1.089660916525165,1.2402746363520654,-0.15061371982690042,0.21876192034904213,0.21632815894077623,0.6458223981605656,0.3315783031012486
3,10,31,0.8775747630865737,1.0445042288919308,1.0882403554891613,1.2382090259111629,-0.14996867042200168,0.22490923167640303,0.19135231340185282,0.6444018371245618,0.32951269266034594
3,11,31,0.8746271800320234,1.0456592531538897,1.0924025914068827,1.239101946759194,-0.14669935535231113,0.217922229537124,0.18840473034730254,0.6485640730422834,0.330405613508377
3,12,31,0.87679943441945,1.0425105949296605,1.0966609490515247,1.2339197437194038,-0.137258794667879,0.21730957512232896,0.19057698473472912,0.6528224306869254,0.32522341046858677
3,13,31,0.8844636429592426,1.0465165573500643,1.1039288058012344,1.2361765343707571,-0.13224772856952285,0.20577177816168324,0.19824119327452178,0.660090287436635,0.3274802011199403
3,14,31,0.893266471163064,1.0516094151406037,1.1106101593991096,1.2447626771912064,-0.13415251779209678,0.20520862112003535,0.20704402147834328,0.6667716410345103,0.3360663439403894
3,15,31,0.8810376241341918,1.0374898258114145,1.1166781346717962,1.251286693389521,-0.13460855871772479,0.2106180641567467,0.19481517444947105,0.6728396163071968,0.3425903601387041
3,16,31,0.8922408411565472,1.0388499791410226,1.1148164859842276,1.247976884582201,-0.13316039859797327,0.2022900858803357,0.20601839147182646,0.6709779676196282,0.339280551331384
3,17,31,0.8993358938011887,1.0030143687123159,1.121432891246497,1.2567989543242917,-0.13536606307779467,0.20191650287295362,0.21311344411646782,0.6775943728818976,0.3481026210734747
3,18,31,0.9039027900309269,1.0086179124884287,1.121545368823868,1.2620499967180523,-0.1405046278941842,0.201673472580577,0.21768034034620604,0.6777068504592686,0.35335366346723524
3,19,31,0.7345789112234122,0.5171219254822569,1.1270999558944514,1.26981210328884,-0.14271214739438856,0.19362218642983478,0.048356461538691387,0.683261437529852,0.3611157700380231
3,20,31,0.7331419619187046,0.492817796108787,1.130535182177424,1.2714537058390218,-0.14091852366159766,0.1917961677069402,0.04691951223398375,0.6866966638128247,0.3627573725882048
3,21,31,0.7240126849405456,0.49474832880938213,1.1380580363632007,1.2852210563224702,-0.14716301995926936,0.19513791906036787,0.037790235255824665,0.6942195179986014,0.3765247230716533
3,22,31,0.8305544403803643,0.870832910244522,1.1416001525401955,1.2776298604711187,-0.13602970793092325,0.1895175918771858,0.14433199069564348,0.6977616341755961,0.3689335272203018
3,23,31,0.7311658230948616,0.514673514286596,1.1459530936021725,1.282306841922931,-0.13635374832075883,0.19015454253455868,0.044943373410140666,0.7021145752375729,0.3736105086721142
3,24,31,0.8464496529898669,0.8551152722364288,1.1507319880640523,1.2849599282702593,-0.13422794020620685,0.19872984932130683,0.160227203305146,0.7068934696994529,0.3762635950194422
3,25,31,0.7691909991429555,0.5234571402954616,1.1634800048470262,1.2969544674447264,-0.13347446259770027,0.19542309451095918,0.08296854945823466,0.7196414864824268,0.3882581341939095
3,26,31,0.7373008228366648,0.4508925342188701,1.1661060802878016,1.2988303454959647,-0.13272426520816333,0.19048801638170781,0.05107837315194385,0.7222675619232021,0.3901340122451478
3,27,31,0.7555662526395345,0.47307327396321147,1.1705123644968904,1.3084084491551389,-0.1378960846582486,0.19406809260995528,0.0693438029548136,0.7266738461322908,0.39971211590432193
3,28,31,0.763076319067081,0.5119896569304186,1.1631493813970508,1.3006090385768923,-0.13745965717984127,0.19656866008627857,0.0768538693823601,0.7193108630324515,0.39191270532607525
3,29,31,0.7426980545059395,0.5366629150423358,1.1430602345592378,1.2775965605930235,-0.13453632603378568,0.1938365317728738,0.056475604821218627,0.6992217161946385,0.36890022734220657
3,30,31,0.8102500655135086,0.8753250687995007,1.0966948144846151,1.2317336021980039,-0.1350387877133887,0.1849240863426097,0.12402761582878782,0.6528562961200157,0.3230372689471869
3,31,31,0.6511588831188208,0.5071929725837888,0.9827084042540273,1.1398332682475598,-0.1571248639935327,0.20645356601904583,-0.03506356656590011,0.538869885889428,0.23113693499674307
3,32,31,0.5743340233521121,0.5078144690147732,0.8532377543088979,1.0646427316854457,-0.21140497737654754,0.25104545087429403,-0.1118884263326087,0.4093992359442986,0.1559463984346286
3,33,31,0.527182649063121,0.4872975889680976,0.724526554233021,0.9781691241323551,-0.25364256989933415,0.2778688193908985,-0.15903980062159992,0.28068803586842167,0.0694727908815382
3,34,31,0.4739432770878584,0.49309680440712955,0.5704502126391986,0.8741158051200938,-0.3036655924808952,0.3183321980283168,-0.2122791725968625,0.1266116942745992,-0.034580528130723154
3,35,31,0.44297754295674296,0.4849437077970993,0.4162091135642834,0.8040803475802177,-0.38787123401593426,0.39432494041729216,-0.24324490672797786,-0.027629404800315987,-0.10461598567059924
3,36,31,0.36124271300474425,0.4905939046011596,0.2654723742149086,0.7280835558174795,-0.4626111816025709,0.4626111816025709,-0.3249797366799766,-0.17836614414969085,-0.18061277743333745
3,37,31,0.3826934043787836,0.480737170105,0.12857132701455679,0.6468434132089103,-0.5182720861943535,0.5182720861943535,-0.3035290453059373,-0.3152671913500426,-0.2618529200419067
3,38,31,0.35798469060961824,0.4706859202677849,0.014706352752458062,0.601412063763742,-0.5867057110112839,0.5867057110112838,-0.32823775907510255,-0.42913216561214135,-0.307284269487075
3,39,31,0.3534677725480983,0.4669531788270479,-0.09374736869694596,0.5728077625684304,-0.6665551312653762,0.6665551312653761,-0.3327546771366225,-0.5375858870615454,-0.3358885706823867
3,40,31,0.3616570084156216,0.459257954594908,-0.20357025354442404,0.5294610488341905,-0.7330313023786146,0.7330313023786146,-0.3245654412690992,-0.6474087719090235,-0.37923528441662635
3,41,31,0.2632307017736157,0.449143437896096,-0.3054616820334635,0.4973448094764081,-0.8028064915098717,0.8028064915098716,-0.42299174791110516,-0.749300200398063,-0.4113515237744088
3,42,31,0.2841582130622815,0.4539599835010983,-0.41269529775922964,0.4682541762299456,-0.8809494739891752,0.8809494739891752,-0.40206423662243934,-0.856533816123829,-0.44044215702087136
3,43,31,0.259045055841477,0.44667237030135404,-0.5120336300240264,0.4515459171512024,-0.9635795471752289,0.9635795471752289,-0.4271773938432439,-0.9558721483886258,-0.45715041609961454
3,44,31,0.27741269972144206,0.44787814843671747,-0.5962132786515034,0.4154333757111802,-1.0116466543626836,1.0116466543626836,-0.4088097499632788,-1.040051797016103,-0.4932629575396367
3,45,31,0.24358712654774076,0.4260847243309818,-0.6639341458195545,0.38351867753135405,-1.0474528233509086,1.0474528233509086,-0.44263532313698006,-1.1077726641841539,-0.525177655719463
3,46,31,0.24693001946671997,0.42910008481967965,-0.7219544553609518,0.40665446912629466,-1.1286089244872466,1.1286089244872464,-0.4392924302180009,-1.1657929737255512,-0.5020418641245222
3,47,31,0.23474889286540732,0.4091099961388517,-0.7696210365010709,0.39526686095007496,-1.1648878974511458,1.164887897451146,-0.4514735568193135,-1.2134595548656704,-0.513429472300742
3,48,31,0.21835143558391232,0.38372307824799823,-0.8148877415761455,0.4107223704708792,-1.2256101120470246,1.2256101120470246,-0.4678710141008085,-1.258726259940745,-0.4979739627799378
3,49,31,0.2141090382615791,0.38067247083360645,-0.8578021224501405,0.3650520401070973,-1.2228541625572378,1.2228541625572378,-0.4721134114231417,-1.3016406408147398,-0.5436442931437196
3,50,31,0.2176257772112807,0.38351663070767195,-0.9009198542780751,0.357464984118308,-1.258384838396383,1.2583848383963832,-0.46859667247344017,-1.3447583726426744,-0.5512313491325089
3,51,31,0.19507238477460148,0.37396302359634437,-0.9350151062959523,0.35024386483337083,-1.2852589711293232,1.2852589711293232,-0.4911500649101193,-1.3788536246605516,-0.5584524684174461
3,52,31,0.18474794199136993,0.35801292791538103,-0.9567959638564888,0.3330590238715875,-1.2898549877280763,1.2898549877280763,-0.5014745076933509,-1.400634482221088,-0.5756373093792294
3,53,31,0.1638978096325534,0.3467213225826142,-0.9762429116865771,0.3197859232092172,-1.2960288348957942,1.296028834895794,-0.5223246400521675,-1.4200814300511766,-0.5889104100415997
3,54,31,0.146446911084609,0.3397709728220575,-0.9864407731312813,0.30215827530868505,-1.2885990484399665,1.288599048439966,-0.5397755386001118,-1.4302792914958806,-0.6065380579421319
3,55,31,0.16696392407168711,0.3516669741333137,-0.9800330350399029,0.29045644477734,-1.270489479817243,1.2704894798172428,-0.5192585256130337,-1.4238715534045023,-0.6182398884734769
3,56,31,0.15064497459037074,0.35182874935954866,-0.9667949535428124,0.30705426227669375,-1.273849215819506,1.2738492158195063,-0.53557747509435,-1.4106334719074118,-0.6016420709741231
3,57,31,0.1475757814139751,0.34379043624239397,-0.9394107128267388,0.3040375919342921,-1.243448304761031,1.2434483047610307,-0.5386466682707458,-1.3832492311913382,-0.6046587413165249
3,58,31,0.14961872883640154,0.3481200052691643,-0.9031796084376015,0.3071388466817199,-1.2103184551193213,1.2103184551193213,-0.5366037208483193,-1.3470181268022008,-0.601557486569097
3,59,31,0.15002789301850908,0.3488883604285797,-0.8600560400821203,0.32381857916652423,-1.1838746192486445,1.183874619248645,-0.5361945566662117,-1.3038945584467199,-0.5848777540842927
3,60,31,0.1513649886113555,0.3519981135562728,-0.8159737881438098,0.3394662190301709,-1.1554400071739805,1.1554400071739803,-0.5348574610733653,-1.2598123065084093,-0.5692301142206461
3,61,31,0.1684202694211448,0.3574469792066155,-0.7544309758726382,0.34380296259709575,-1.098233938469734,1.0982339384697337,-0.517802180263576,-1.1982694942372376,-0.5648933706537211
3,62,31,0.17934085836285707,0.37337336951209044,-0.692470037482692,0.3919574593423512,-1.0844274968250431,1.0844274968250431,-0.5068815913218637,-1.1363085558472914,-0.5167388739084657
3,63,31,0.20422290503986773,0.3909990935502063,-0.6215891430921506,0.40150730787398387,-1.0230964509661344,1.0230964509661344,-0.4819995446448531,-1.06542766145675,-0.5071890253768331
3,64,31,0.235073802271114,0.4119490674790211,-0.5307854881432739,0.45012845535657003,-0.9809139434998438,0.9809139434998438,-0.4511486474136069,-0.9746240065078733,-0.4585678778942469
3,65,31,0.21255068408417688,0.40422290746154077,-0.4346550516757295,0.46326498579878966,-0.8979200374745191,0.8979200374745191,-0.47367176560054397,-0.8784935700403289,-0.4454313474520273
3,66,31,0.2248227360592912,0.4210154247135818,-0.3266788169973572,0.49857034452799626,-0.8252491615253533,0.8252491615253533,-0.46139971362542964,-0.7705173353619565,-0.4101259887228207
3,67,31,0.3347378639169821,0.4655392507823286,-0.11156438703194586,0.4865615081232598,-0.5981258951552058,0.5981258951552058,-0.3514845857677387,-0.5554029053965452,-0.42213482512755707
3,68,31,0.4754349252912526,0.7221433368167031,0.020155633483004993,0.546981015063708,-0.5268253815807031,0.526825381580703,-0.21078752439346823,-0.42368288488159445,-0.3617153181871089
3,69,31,0.5271560692980931,0.9247035065545004,0.1436244328454425,0.5756437041566855,-0.43201927131124296,0.4320192713112429,-0.15906638038662774,-0.3002140855191569,-0.33305262909413147
3,70,31,0.593733249463967,0.9230092528382107,0.29527440777826264,0.6502595237330578,-0.3549851159547951,0.3611871730056551,-0.09248920022075381,-0.14856411058633673,-0.25843680951775916
3,71,31,0.7796494696216555,1.1845626703894043,0.46506057766296255,0.7328155770813882,-0.2677549994184257,0.2951530622985727,0.09342701993693463,0.021222059298363134,-0.17588075616942872
3,72,31,0.7354494754965043,0.9826173660273425,0.5971642254420036,0.8302645710860697,-0.2331003456440661,0.25932594515333945,0.04922702581178343,0.1533257070774042,-0.07843176216474722
3,73,31,1.0908082084708663,1.5231646055443597,0.7031889334330296,0.9079880927368109,-0.20479915930378137,0.23250949902987153,0.4045857587861454,0.25935041506843015,-0.0007082405140060292
3,74,31,1.322625732964636,1.7294724467182867,0.8089852250727452,0.9908706975391539,-0.18188547246640877,0.2160505592150472,0.6364032832799151,0.36514670670814575,0.08217436428833698
3,75,31,1.3181315975588541,1.4799703619034765,0.8942558292852415,1.0813497012988007,-0.18709387201355943,0.21498831120156522,0.6319091478741333,0.450417310920642,0.17265336804798387
3,76,31,1.1683955688327738,1.4752308308728257,0.9599882955802836,1.1332700477770041,-0.1732817521967204,0.1977492900712776,0.48217311914805305,0.5161497772156842,0.2245737145261871
3,77,31,1.2803709876661333,1.488363329335049,0.9938313779370679,1.164626000244142,-0.17079462230707415,0.1971162756766687,0.5941485379814125,0.5499928595724686,0.2559296669933251
3,78,31,1.2470021964775237,1.4336416248049584,1.0095806593443846,1.1745626657700357,-0.16498200642565125,0.20242305917071932,0.5607797467928028,0.5657421409797851,0.2658663325192188
3,79,31,1.232553785131967,1.443650563579268,1.0065843489817965,1.1683621017843622,-0.16177775280256562,0.20051306684219294,0.5463313354472461,0.5627458306171971,0.25966576853354517
3,80,31,1.2472425432331034,1.4325170710050197,1.0003688317220596,1.1551855979151082,-0.15481676619304857,0.20403728885915126,0.5610200935483824,0.5565303133574602,0.2464892646642912
3,81,31,1.2528160839229099,1.4976190650281738,1.0017570430123595,1.1605454078454738,-0.1587883648331141,0.21116531779194017,0.5665936342381891,0.5579185246477602,0.25184907459465666
3,82,31,1.1651063485667275,1.47501413493198,1.008154058181036,1.1571016077487795,-0.14894754956774342,0.21723881288137625,0.4788838988820064,0.5643155398164367,0.2484052744979625
3,83,31,1.2865067057799642,1.6000760143328443,1.0133606027078037,1.1815426097829793,-0.16818200707517572,0.22230910389879036,0.6002842560952435,0.5695220843432042,0.2728462765321623
3,84,31,1.2983975074574792,1.612296530313404,1.017323899000545,1.1894982945173964,-0.1721743955168511,0.20895714224794165,0.6121750577727583,0.5734853806359458,0.28080196126657925
3,85,31,1.0580240694882928,1.3163059287416972,1.0253113226812716,1.2034201320032314,-0.17810880932195972,0.20909466260048362,0.371801619803572,0.5814728043166723,0.29472379875241445
3,86,31,1.2717381057591692,1.6184593627692152,1.0224627126611323,1.2063632801963058,-0.18390056753517361,0.21853153586634988,0.5855156560744484,0.5786241942965329,0.2976669469454889
3,87,31,1.1720700417548604,1.4808413478569988,1.0167970053451654,1.2005435156997484,-0.183746510354583,0.22111820343508562,0.4858475920701398,0.5729584869805661,0.29184718244893143
3,88,31,1.156762765337807,1.4918815995060604,1.0091593887398387,1.184252500473988,-0.1750931117341491,0.22342684416836475,0.4705403156530861,0.5653208703752393,0.27555616722317083
3,89,31,1.0668518354639358,1.3247066415715805,0.9960587144842912,1.1812406712823416,-0.1851819567980505,0.22907540385688838,0.38062938577921496,0.5522201961196916,0.2725443380315246
3,90,31,1.0487331588038837,1.318446253178636,1.0032139805456306,1.1931835413524814,-0.18996956080685085,0.238467304189566,0.3625107091191628,0.5593754621810312,0.2844872081016645
3,91,31,1.017537237750153,1.3266424986006837,1.0135939959430682,1.2136710877508496,-0.20007709180778147,0.24149933500562745,0.33131478806543213,0.5697554775784689,0.30497475450003286
3,92,31,0.8988616656382794,1.1376065323413487,1.020123916535529,1.2176758957802116,-0.19755197924468282,0.23845979361923483,0.2126392159535586,0.5762853981709294,0.3089795625293947
3,93,31,0.876021232264215,1.1461730623614206,1.032340899800561,1.2335799130341127,-0.20123901323355167,0.2443495059575525,0.18979878257949426,0.5885023814359616,0.32488357978329574
3,94,31,0.8831922270946502,1.1282618976420082,1.0111155529781424,1.2267838648832867,-0.21566831190514427,0.2541721103520897,0.19696977740992933,0.5672770346135431,0.3180875316324698
3,95,31,0.8748427942649323,1.1289619101908792,0.9883513762592021,1.2055780410192896,-0.21722666476008745,0.2620127838227586,0.18862034458021146,0.5445128578946027,0.2968817077684726
4,0,30,0.6043989394853084,0.6056779131500939,0.9369666571136452,1.1382102106226952,-0.20124355350905002,0.2669331718495375,0.07553885446789187,0.7038524609256418,0.47338077416971225
4,1,30,0.8586559226121516,0.8943305984542438,0.9444021353149414,1.1012210687436463,-0.15681893342870484,0.21781267927240622,0.32979583759473513,0.7112879391269379,0.43639163229066325
4,2,30,0.7208173764234446,0.8075551383901346,0.9371606801805368,1.1079182073584637,-0.17075752717792697,0.24882927687452222,0.191957291406028,0.7040464839925332,0.4430887709054808
4,3,30,0.6813494014698452,0.7496072027498512,0.9394821778640318,1.1094164862077833,-0.16993430834375145,0.2545613260536022,0.15248931645242872,0.7063679816760283,0.44458704975480035
4,4,30,0.8036918522852261,0.9211132694222594,0.9382110462606142,1.1056894667267068,-0.16747842046609254,0.25411561065403304,0.27483176726780945,0.7050968500726107,0.4408600302737238
4,5,30,0.7734516294315176,0.8265954069403144,0.9308501149942962,1.092398325614075,-0.161548210619779,0.2506904957402948,0.24459154441410097,0.6977359188062926,0.42756888916109215
4,6,30,0.7658825333482028,0.8822100193034434,0.9284494184974724,1.0928989051266556,-0.16444948662918302,0.24572364548550765,0.23702244833078617,0.6953352223094689,0.42806946867367246
4,7,30,0.7414837150093636,0.8483791863697089,0.9235809122236989,1.0837809196675854,-0.16020000744388635,0.2623839153377567,0.21262362999194698,0.6904667160356954,0.4189514832146023
4,8,30,0.7412644131333788,0.8338293575738506,0.9132173688040038,1.0700317204831775,-0.15681435167917357,0.2501897525938025,0.21240432811596216,0.6801031726160003,0.40520228403019437
4,9,30,0.729334118649184,0.839866063952353,0.9108849310246889,1.070119077615825,-0.15923414659113597,0.24421372525217466,0.20047403363176738,0.6777707348366853,0.4052896411628419
4,10,30,0.735013885486232,0.8325716063153024,0.9061653783632327,1.060565428554627,-0.1544000501913943,0.24051725856006537,0.2061538004688155,0.6730511821752292,0.3957359921016442
4,11,30,0.7056737759416916,0.7700641632363467,0.8962137248759028,1.0415207788441916,-0.1453070539682888,0.23753879409682066,0.17681369092427499,0.6630995286878993,0.37669134239120866
4,12,30,0.6708291681008522,0.7821977436821179,0.8899443954354449,1.0309857470848922,-0.14104135164944723,0.23267821237963465,0.1419690830834357,0.6568301992474413,0.3661563106319091
4,13,30,0.6496749146544853,0.7641421856706538,0.8919269137824344,1.027245894029873,-0.1353189802474387,0.2315556369918913,0.1208148296370688,0.6588127175944308,0.36241645757689
4,14,30,0.6249033467537086,0.7511440525116098,0.8903094159402055,1.0153212830912595,-0.12501186715105397,0.22147807889753982,0.09604326173629206,0.657195219752202,0.35049184663827654
4,15,30,0.638417029520816,0.7451004858742325,0.8867503316052193,1.0035789603304317,-0.11682862872521224,0.21773670638476797,0.10955694450339944,0.6536361354172158,0.3387495238774486
4,16,30,0.5676221845552796,0.6626446407502634,0.8815004414355017,1.0023037378792181,-0.12080329644371647,0.21755053774564448,0.038762099537863,0.6483862452474981,0.33747430142623513
4,17,30,0.48274864696033054,0.6036574344322517,0.8766549607907508,0.9863593897675258,-0.109704428976775,0.2191146441800685,-0.04611143805708605,0.6435407646027473,0.32152995331454287
4,18,30,0.4954307217431665,0.6933690517519314,0.8788300762519715,0.9811469717636189,-0.10231689551164719,0.21026908580793274,-0.03342936327425007,0.6457158800639681,0.3163175353106358
4,19,30,0.5053201971052166,0.6560139651893148,0.8822560794640886,0.9847736369041934,-0.10251755744010474,0.1907469523427589,-0.02353988791219997,0.649141883276085,0.31994420045121036
4,20,30,0.512147399608072,0.6890999986233822,0.8806422049441933,0.9736638994702514,-0.09302169452605812,0.19279677098005926,-0.01671268540934457,0.6475280087561898,0.3088344630172684
4,21,30,0.34715709663731154,0.449630387720615,0.8964509239192462,0.9950138938594564,-0.09856296994021022,0.1943928327798375,-0.18170298838010504,0.6633367277312426,0.3301844574064734
4,22,30,0.3199247453553798,0.4444208534156521,0.9011646792649687,0.985903692699335,-0.08473901343436631,0.19547508409644987,-0.20893533966203676,0.668050483076965,0.32107425624635194
4,23,30,0.33971589129985635,0.390138034831641,0.9050643792755787,0.9865095823223184,-0.08144520304673981,0.19404020169983038,-0.18914419371756022,0.6719501830875753,0.3216801458693355
4,24,30,0.35942771528918943,0.3972855320628633,0.9036133438742336,0.9827895289706318,-0.07917618509639812,0.2073134599635257,-0.16943236972822712,0.6704991476862301,0.3179600925176488
4,25,30,0.3657257512731065,0.38370880577224803,0.9052092887926463,0.9803315138521191,-0.07512222505947276,0.19824715944432278,-0.16313433374431,0.6720950926046427,0.3155020773991361
4,26,30,0.3406575744036984,0.38147173091327324,0.8804618569970765,0.9772756271723028,-0.09681377017522627,0.2060213130905737,-0.1882025106137181,0.647347660809073,0.3124461907193198
4,27,30,0.31425089256394184,0.396968529067997,0.8501059897546825,0.9606221598155315,-0.11051617006084888,0.22158165916373215,-0.21460919245347473,0.616991793566679,0.29579272336254836
4,28,30,0.340932338021047,0.4441567385238234,0.8022638754256359,0.92878016938584,-0.12651629396020397,0.22972324107087502,-0.18792774699636955,0.5691496792376325,0.2639507329328569
4,29,30,0.31520774015920844,0.39788472156176746,0.7516786957036578,0.8949570631855461,-0.14327836748188844,0.23871200249214083,-0.21365234485820808,0.5185644995156542,0.23012762673256318
4,30,30,0.3032773151331329,0.3990081608067906,0.6407824040656132,0.8105459019816805,-0.1697634979160674,0.25852199138450777,-0.2255827698842836,0.4076682078776097,0.14571646552869763
4,31,30,0.26837777577790284,0.4501413675148513,0.5249817001982836,0.7048797475625677,-0.17989804736428408,0.27096022579610235,-0.26048230923951365,0.2918675040102801,0.04005031110958468
4,32,30,0.2167986744458692,0.36533774590238755,0.38257061582540086,0.6261548647950141,-0.2435842489696133,0.3000190605244624,-0.31206141057154735,0.1494564196373974,-0.03867457165796876
4,33,30,0.22879890576174197,0.42807568160596227,0.25508827400226153,0.525756015869093,-0.2706677418668315,0.31128864491399516,-0.30006117925567455,0.02197407781425801,-0.13907342058388997
4,34,30,0.18586692957412526,0.3694498579194272,0.11197522352387407,0.44061754867966124,-0.3286423251557872,0.35654106557804716,-0.3429931554432913,-0.12113897266412944,-0.22421188777332177
4,35,30,0.2659423372460517,0.49113769700149906,-0.025442198008953608,0.3572915608265479,-0.3827337588355015,0.401928484219364,-0.26291774777136484,-0.25855639419695714,-0.3075378756264351
4,36,30,0.3198884778304345,0.6467345269204916,-0.1659827597593623,0.2977680189281496,-0.4637507786875119,0.48214874717837025,-0.20897160718698204,-0.39909695594736583,-0.36706141752483334
4,37,30,0.39791477034295314,0.7308622132681921,-0.2898335508008453,0.2411297636683417,-0.530963314469187,0.5547705525598915,-0.13094531467446338,-0.5229477469888487,-0.42369967278464127
4,38,30,0.3314441384320756,0.6456582195935497,-0.3812327449622269,0.21047227237388705,-0.5917050173361139,0.6171783291645897,-0.197415946585341,-0.6143469411502305,-0.45435716407909593
4,39,30,0.34818234351208016,0.6488316725061775,-0.4778215185086783,0.19541393176596936,-0.6732354502746477,0.692389313933097,-0.1806777415053364,-0.7109357146966818,-0.46941550468701365
4,40,30,0.33547163647270845,0.6242715295756336,-0.568280191697371,0.15306888831860574,-0.7213490800159768,0.7397000621978649,-0.1933884485447081,-0.8013943878853744,-0.5117605481343772
4,41,30,0.2682774568346332,0.5318104389273602,-0.6494847126360727,0.1239210834947531,-0.7734057961308258,0.7856585631914907,-0.2605826281827833,-0.8825989088240763,-0.5409083529582299
4,42,30,0.2922915424819477,0.5390457205681618,-0.7316921691966924,0.10313976370172569,-0.8348319328984181,0.8497222916076994,-0.2365685425354688,-0.9648063653846959,-0.5616896727512573
4,43,30,0.3186024653304015,0.6337517805849137,-0.8054880011430929,0.08979509092365032,-0.8952830920667433,0.9051894890893142,-0.21025761968701506,-1.0386021973310966,-0.5750343455293326
4,44,30,0.2952631465287793,0.5244093755246508,-0.8748241544563066,0.08188780940198391,-0.9567119638582906,0.9636918384964879,-0.2335969384886373,-1.1079383506443101,-0.5829416270509991
4,45,30,0.2352077307628261,0.5147604736256016,-0.9291002840699378,0.04180411648737892,-0.9709044005573167,0.9752466367943514,-0.29365235425459046,-1.1622144802579413,-0.6230253199656041
4,46,30,0.178460082944513,0.4806917659662969,-0.9612723474760763,0.05313835964836027,-1.0144107071244366,1.0144107071244366,-0.3504000020729035,-1.19438654366408,-0.6116910768046228
4,47,30,0.18029403199832444,0.47545115414795847,-0.9969857760021763,0.06226146451124348,-1.0592472405134197,1.0592472405134197,-0.3485660530190921,-1.2300999721901797,-0.6025679719417395
4,48,30,0.17581881030178825,0.46991901618099824,-1.0384288225749518,0.05867051831599546,-1.0970993408909473,1.097099340890947,-0.3530412747156283,-1.2715430187629553,-0.6061589181369875
4,49,30,0.15362658453330347,0.4278980989018766,-1.0657367978229364,0.07723911022435291,-1.1429759080472894,1.1429759080472894,-0.3752335004841131,-1.29885099401094,-0.58759032622863
4,50,30,0.20214627623179598,0.5065970423548036,-1.100136947325184,0.05756157129548087,-1.1576985186206652,1.1576985186206652,-0.32671380878562056,-1.3332511435131877,-0.6072678651575021
4,51,30,0.2133567590740895,0.5139335828587662,-1.1311893573777192,0.05271789062376012,-1.1839072480014794,1.1839072480014794,-0.31550332594332703,-1.3643035535657229,-0.6121115458292228
4,52,30,0.19521037719949938,0.4682841571433236,-1.1441411217572024,0.051036505427095855,-1.1951776271842982,1.1951776271842982,-0.3336497078179172,-1.377255317945206,-0.6137929310258872
4,53,30,0.15564431025591652,0.4426401568836563,-1.1538837913628444,0.03990975006632305,-1.1937935414291674,1.1937935414291674,-0.37321577476150003,-1.386997987550848,-0.62491968638666
4,54,30,0.19353146651255923,0.4454238933906879,-1.15523021794198,0.02453064023865975,-1.1797608581806396,1.1797608581806394,-0.33532861850485735,-1.3883444141299834,-0.6402987962143232
4,55,30,0.174263972726503,0.4484540845050221,-1.1480702057431238,0.013101653042725252,-1.1611718587858488,1.1611718587858488,-0.35459611229091353,-1.381184401931127,-0.6517277834102578
4,56,30,0.19543095162021915,0.4497055122159653,-1.1326196346485344,0.017470094081926967,-1.1500897287304612,1.1500897287304614,-0.3334291333971974,-1.3657338308365377,-0.647359342371056
4,57,30,0.16189006586030724,0.4243596781828325,-1.100169159829543,0.029819498655667704,-1.1299886584852106,1.1299886584852106,-0.36697001915710925,-1.3332833560175463,-0.6350099377973153
4,58,30,0.1909744999585231,0.4869886060015552,-1.053437909375407,0.04904304698428641,-1.1024809563596931,1.1024809563596931,-0.3378855850588935,-1.2865521055634104,-0.6157863894686966
4,59,30,0.16723560211013538,0.4422764334442112,-1.0128212140574047,0.06414762586043452,-1.0769688399178392,1.0769688399178392,-0.36162448290728116,-1.2459354102454083,-0.6006818105925485
4,60,30,0.18220804532504145,0.43014607801199056,-0.9605900875688114,0.09615037492036865,-1.05674046248918,1.0567404624891799,-0.3466520396923751,-1.1937042837568148,-0.5686790615326144
4,61,30,0.2096925725552768,0.4764867655698163,-0.9046566269435555,0.10812049946274586,-1.0127771264063015,1.0127771264063015,-0.31916751246213976,-1.1377708231315589,-0.5567089369902372
4,62,30,0.2372556794228936,0.5633305819470504,-0.8480819317703596,0.11829464831762697,-0.9663765800879867,0.9663765800879865,-0.29160440559452294,-1.0811961279583633,-0.5465347881353559
4,63,30,0.15572023875843352,0.3810630453880546,-0.771767002503785,0.1309060074079443,-0.9026730099117295,0.9026730099117296,-0.373139846258983,-1.0048811986917887,-0.5339234290450388
4,64,30,0.21147063568614627,0.4416453733726649,-0.6951984406738643,0.15412054009370466,-0.8493189807675688,0.8497406887346444,-0.3173894493312703,-0.9283126368618677,-0.5107088963592783
4,65,30,0.26547096546715776,0.6802883835882597,-0.6036112545240557,0.17780757738802894,-0.7814188319120846,0.7814188319120845,-0.26338911955025873,-0.8367254507120592,-0.48702185906495404
4,66,30,0.25736326482478733,0.6451927105754366,-0.5060562227282112,0.19803957813902176,-0.7040958008672329,0.704352752861362,-0.2714968201926292,-0.7391704189162146,-0.46678985831396125
4,67,30,0.2984790791647158,0.5750434824554231,-0.372112632262303,0.1972713636754966,-0.5693839959377996,0.5741817889853866,-0.2303810058527008,-0.6052268284503064,-0.4675580727774864
4,68,30,0.3352873295769339,0.6072684294048424,-0.2562583032244372,0.2344261498258701,-0.49068445305030733,0.4991713960165172,-0.19357275544048264,-0.48937249941244076,-0.4304032866271129
4,69,30,0.41402189927983113,0.6608342271926193,-0.1339816236622736,0.26820694497181763,-0.40218856863409125,0.4299577109981768,-0.11483818573758539,-0.3670958198502771,-0.3966224914811653
4,70,30,0.4350433838921879,0.6915000365314912,0.010238971260241465,0.34296246643486517,-0.3327234951746237,0.3716143670007613,-0.09381670112522865,-0.22287522492776204,-0.32186697001811787
4,71,30,0.5607600931176083,0.8408803999992693,0.18003643490115148,0.45061686638788195,-0.2705804314867305,0.309213603277999,0.031900008100191855,-0.05307776128685206,-0.214212570065101
4,72,30,0.6852721266606363,0.8807042907735388,0.3035417713784748,0.5277741362800434,-0.22423236490156861,0.26833086259562394,0.15641204164321967,0.0704275751904713,-0.13705530017293954
4,73,30,0.8780829086716514,1.2092891070534555,0.4183732482097247,0.6324946736989273,-0.21412142548920257,0.25630105842797274,0.3492228236542349,0.1852590520217212,-0.032334762754055675
4,74,30,0.8861654765555073,1.2861556568785788,0.5107489628043994,0.716111672776105,-0.20536270997170564,0.25617922129247406,0.35730539153809066,0.27763476661639586,0.05128223632312202
4,75,30,1.329387929640616,1.5802673374783573,0.6054621878296558,0.7999274403036177,-0.1944652524739619,0.2360518761162372,0.8005278446231991,0.3723479916416522,0.1350980038506347
4,76,30,0.8382701801402829,1.0719661936495593,0.693455996651812,0.8583319366315135,-0.16487593997970157,0.22846379760401717,0.3094100951228664,0.4603418004638085,0.1935025001785306
4,77,30,1.0290947319108743,1.3573931649455893,0.7670204502468762,0.9385146105433436,-0.1714941602964676,0.2204638057831589,0.5002346468934579,0.5339062540588725,0.27368517409036064
4,78,30,1.047794034472788,1.3218691263449236,0.8218237849481708,0.9896103981990706,-0.16778661325089983,0.2416977136000525,0.5189339494553715,0.5887095887601672,0.3247809617460876
4,79,30,1.0206310368789095,1.2324329120854718,0.8767855406523962,1.0268886110715152,-0.15010307041911883,0.23215762277726384,0.49177095186149306,0.6436713444643927,0.36205917461853215
4,80,30,1.1568673432009555,1.4404890036958697,0.8894553170492393,1.0456144084166008,-0.15615909136736156,0.24370879775279397,0.628007258183539,0.6563411208612356,0.3807849719636179
4,81,30,1.1204747907354786,1.3642505462135688,0.9121466186137663,1.0732694979441364,-0.16112287933037006,0.24328435476176358,0.591614705718062,0.6790324224257629,0.4084400614911534
4,82,30,1.1169357377822666,1.4102794837687276,0.9462959173291691,1.098345039109211,-0.15204912178004198,0.23462547930676003,0.58807565276485,0.7131817211411656,0.4335156026562281
4,83,30,1.2151949613530688,1.4104021533544506,0.9741733853428904,1.1342416207352024,-0.16006823539231185,0.2454544677005369,0.686334876335652,0.7410591891548869,0.4694121842822193
4,84,30,0.9786530734810716,1.1193098706255509,0.9948808127365871,1.1554450926444944,-0.1605642799079071,0.23396769435745118,0.44979298846365506,0.7617666165485837,0.49061565619151126
4,85,30,1.0245355222618333,1.2375291083626971,1.0114741563188951,1.177704143542769,-0.16622998722387392,0.24591829971177342,0.4956754372444168,0.7783599601308917,0.5128747070897862
4,86,30,1.018618189244447,1.142008875295746,0.9987649909018459,1.172569404894438,-0.17380441399259203,0.24356968555145997,0.4897581042270305,0.7656507947138423,0.507739968441455
4,87,30,1.1512965665330461,1.2633837968487018,0.9831629181811691,1.1604771860775578,-0.17731426789638874,0.23147255771722464,0.6224364815156297,0.7500487219931655,0.49564774962457486
4,88,30,1.0398950311669448,1.0495275169921081,0.9721203875324459,1.153819904008409,-0.18169951647596308,0.22311628811775244,0.5110349461495283,0.7390061913444423,0.48899046755542597
4,89,30,0.921754866653354,0.8354895781118564,0.9676648464996008,1.1510903033487943,-0.1834254568491934,0.23762334607669372,0.39289478163593755,0.7345506503115973,0.4862608668958112
4,90,30,0.9083046796267037,0.9165297956219349,0.9851346366899774,1.168753789338239,-0.18361915264826148,0.2376291433924275,0.379444594609287,0.7520204405019738,0.5039243528852558
4,91,30,0.8639396343969415,0.8871012784844436,0.9924486517761445,1.1899904555553604,-0.19754180377921576,0.24609918531317207,0.335079549379525,0.759334455588141,0.5251610191023774
4,92,30,0.7923861406786027,0.7444635496887028,0.996046540724509,1.200709809228207,-0.20466326850369781,0.2631060084144173,0.26352605566118603,0.7629323445365056,0.5358803727752239
4,93,30,0.6316462431678754,0.5946775105786428,0.9992408149411925,1.2055527886117339,-0.2063119736705413,0.2613772161358664,0.10278615815045894,0.7661266187531891,0.540723352158751
4,94,30,0.7642019259349494,0.9191257229906322,0.9788212663509622,1.1822658596081226,-0.20344459325716036,0.25849375284657944,0.23534184091753282,0.7457070701629588,0.5174364231551396
4,95,30,0.587791488376817,0.5773778972971082,0.9594533227832845,1.1615726449884825,-0.2021193222051981,0.26979489520482347,0.05893140335940049,0.726339126595281,0.4967432085354996
5,0,31,0.7474121143767969,1.0228783222739595,0.9501439512517452,1.208227892392047,-0.2580839411403021,0.29117976699352266,0.04188564639203366,0.5877255784542849,0.38968551040324884
5,1,31,0.8684100806299027,1.043981691619959,0.9391970461496938,1.1504675571706715,-0.21127051102097769,0.24962794383526216,0.16288361264513945,0.5767786733522334,0.3319251751818731
5,2,31,0.8742400801336262,1.0894768450206616,0.9290481165231419,1.1377274355354254,-0.20867931901228343,0.24841942067791853,0.16871361214886296,0.5666297437256815,0.31918505354662696
5,3,31,0.8007129584727222,1.071970498356121,0.9211053038204073,1.1311089264085752,-0.21000362258816796,0.2503964652066312,0.095186490487959,0.558686931022947,0.3125665444197769
5,4,31,0.8573217005074164,1.1699062988610742,0.9045477085922856,1.1079142039831735,-0.203366495390888,0.24958627374324327,0.15179523252265323,0.5421293357948251,0.28937182199437517
5,5,31,0.7842803009618661,0.8352886239893333,0.8916749756218527,1.0977434891782212,-0.2060685135563686,0.24064365029845566,0.07875383297710281,0.5292566028243922,0.2792011071894228
5,6,31,0.8282649887278345,0.9264864110645444,0.8810887588733012,1.0707912646115951,-0.18970250573829403,0.25031244635659994,0.12273852074307129,0.5186703860758408,0.2522488826227968
5,7,31,0.7917015971316942,0.7913574318069281,0.8756498391102595,1.0812386489200165,-0.20558880980975716,0.24715217028991188,0.08617512914693097,0.5132314663127991,0.2626962669312183
5,8,31,0.875259244791893,0.9984736771903684,0.8655511307672482,1.0674563225403053,-0.20190519177305705,0.24454772167213903,0.16973277680712978,0.5031327579697878,0.2489139405515069
5,9,31,0.8154660621826324,0.9042439117280539,0.861502661892286,1.07740599583108,-0.21590333393879402,0.25326045832262994,0.10993959419786917,0.49908428909482566,0.2588636138422816
5,10,31,0.816989113506098,0.8977001146908614,0.856720713433434,1.0646210596180439,-0.2079003461846098,0.23960069902139716,0.11146264552133488,0.49430234063597367,0.24607867762924548
5,11,31,0.8425052774344862,0.9364764425722808,0.8452824315296779,1.057122614785844,-0.21184018325616608,0.25011219464403195,0.13697880944972304,0.48286405873221744,0.23858023279704552
5,12,31,0.9440821585411776,1.1437570917751088,0.8460512017452446,1.0614717326960557,-0.215420530950811,0.2456390844567545,0.2385556905564144,0.4836328289477842,0.24292935070725724
5,13,31,0.9150644441002465,1.1010764059421254,0.837327176617057,1.0533877348444127,-0.21606055822735565,0.25178942715888764,0.2095379761154833,0.47490880381959666,0.23484535285561428
5,14,31,0.9038253084765022,1.0316419554536078,0.8323638433602645,1.0567794360149836,-0.22441559265471908,0.2595062893300896,0.19829884049173901,0.46994547056280406,0.2382370540261851
5,15,31,0.8056052772310441,0.8686982547031185,0.8330354964721197,1.057618968471503,-0.22458347199938333,0.26045635385479776,0.10007880924628088,0.47061712367465924,0.23907658648270458
5,16,31,0.8774357067869109,1.0932987252073978,0.8252598165814561,1.0500197417392252,-0.224759925157769,0.2583067924304633,0.17190923880214762,0.46284144378399567,0.23147735975042663
5,17,31,0.9144240667497698,1.1060809798371793,0.8249874000515482,1.0551274498750969,-0.23014004982354858,0.265619984068558,0.20889759876500655,0.46256902725408794,0.2365850678862985
5,18,31,0.8074079805224663,0.8152641370373327,0.8220027401218536,1.0578112345475439,-0.23580849442569035,0.27198636877871474,0.1018815125377031,0.45958436732439323,0.23926885255874558
5,19,31,0.8163611537292443,0.9859378537911366,0.8329433788745625,1.0694906012344945,-0.23654722235993206,0.26611873570739514,0.1108346857444811,0.47052500607710207,0.2509482192456961
5,20,31,0.7482205907817737,0.725914557695781,0.8346746105803242,1.0714589814606867,-0.23678437088036247,0.2678543334977169,0.04269412279701057,0.4722562377828638,0.2529165994718883
5,21,31,0.5877660409029378,0.5483876685431537,0.8497453391048487,1.0960049505019263,-0.24625961139707758,0.27116380297203996,-0.11776042708182542,0.4873269663073883,0.27746256851312784
5,22,31,0.6623635368852316,0.6130723200113283,0.8447474165045724,1.091277996610771,-0.2465305801061987,0.26798221679314693,-0.04316293109953156,0.48232904370711205,0.27273561462197266
5,23,31,0.6400348922686717,0.5934890491377192,0.8451347990538284,1.0908403249113752,-0.24570552585754674,0.2662281140433945,-0.0654915757160915,0.48271642625636807,0.2722979429225768
5,24,31,0.6015326145695574,0.5411092000657587,0.8388364392984494,1.0816001742949095,-0.24276373499646,0.2639810509379518,-0.10399385341520577,0.476418066500989,0.263057792306111
5,25,31,0.6149251216588554,0.5929183709159783,0.83113462089011,1.0625832518606868,-0.23144863097057694,0.2565085990133142,-0.09060134632590794,0.46871624809264956,0.24404086987188847
5,26,31,0.6468955503831065,0.6895828586626086,0.8185777616953872,1.0580888089390046,-0.2395110472436175,0.26114185175292665,-0.05863091760165672,0.4561593888979268,0.23954642695020628
5,27,31,0.6228736002724974,0.8708935254028901,0.7760442481771079,1.0467592945718536,-0.27071504639474553,0.28925425583593833,-0.08265286771226583,0.41362587537964757,0.22821691258305501
5,28,31,0.617205234475024,0.8496017306234923,0.7352774832182654,1.0170789684433859,-0.28180148522512044,0.2954262479832734,-0.0883212335097392,0.372859110420805,0.19853658645458747
5,29,31,0.5219197529630407,0.6581448143451175,0.692645042820291,0.9835341145464731,-0.2908890717261821,0.3020264331282912,-0.1836067150217224,0.3302266700228306,0.16499173255767477
5,30,31,0.5741312371911278,0.8193371639266831,0.6036088377190447,0.912976627124173,-0.30936778940512827,0.3203810906635724,-0.1313952307936354,0.24119046492158433,0.09443424513537461
5,31,31,0.48589431939113115,0.5988911897249941,0.4839149143472726,0.8175406921902749,-0.3336257778430024,0.34717905444980945,-0.2196321485936321,0.12149654154981218,-0.0010016897985234132
5,32,31,0.502584667210809,0.7274039451684273,0.37687976318029065,0.7698866889932406,-0.39300692581295005,0.40155155689677896,-0.2029418007739542,0.01446139038283027,-0.0486556929955577
5,33,31,0.48786101675403765,0.6550935218470822,0.2785836582821591,0.686317726649177,-0.407734068367018,0.4128964543597895,-0.21766545123072556,-0.08383471451530129,-0.13222465533962136
5,34,31,0.48159127094473836,0.5821847863115548,0.16963681812166645,0.6367468087304797,-0.4671099906088133,0.4699408422021151,-0.22393519704002487,-0.19278155467579394,-0.18179557325831866
5,35,31,0.39704894048360606,0.5005934097592714,0.051835716828777585,0.5357134402795902,-0.4838777234508126,0.48387772345081254,-0.3084775275011571,-0.3105826559686828,-0.28282894170920825
5,36,31,0.4376844752314961,0.5132351293743618,-0.049002964970693,0.5047090820416356,-0.5537120470123287,0.5547398640377256,-0.2678419927532671,-0.4114213377681534,-0.3138332999471628
5,37,31,0.34905614730093554,0.4955907056534404,-0.1413985667412058,0.4532240319318499,-0.5946225986730557,0.6034676525701361,-0.3564703206838276,-0.5038169395386662,-0.3653183500569485
5,38,31,0.4602979030447825,0.5609807045717911,-0.21694053917710504,0.42445793676361854,-0.6413984759407235,0.6482035503492669,-0.24522856493998071,-0.5793589119745655,-0.3940844452251799
5,39,31,0.46545745619743795,0.5869047858246371,-0.2877843557821857,0.39582042617901064,-0.6836047819611963,0.6904888530914169,-0.24006901178732523,-0.6502027285796461,-0.4227219558097877
5,40,31,0.40193735950806286,0.5218780300489169,-0.35046110581798334,0.37311970473048967,-0.723580810548473,0.7305800739200395,-0.3035891084767003,-0.7128794786154438,-0.44542267725830875
5,41,31,0.43730127506696403,0.4595928571468231,-0.4098319606870251,0.34842594485800216,-0.7582579055450273,0.7652677561060972,-0.2682251929177991,-0.7722503334844855,-0.47011643713079626
5,42,31,0.4350006373357159,0.622950232053942,-0.46498850333442193,0.3331296956237409,-0.7981181989581629,0.8095585168599004,-0.2705258306490473,-0.8274068761318822,-0.4854126863650575
5,43,31,0.47913177037077576,0.5728894396904288,-0.5106171409839853,0.31884445512043047,-0.8294615961044157,0.8406809403585748,-0.22639469761398742,-0.8730355137814456,-0.49969792686836795
5,44,31,0.5328285400785824,0.6764405207052652,-0.5546583562518712,0.3070300112785156,-0.8616883675303868,0.8687364043647074,-0.17269792790618083,-0.9170767290493316,-0.5115123707102828
5,45,31,0.6448083717686839,0.8677187450399673,-0.591118533036113,0.26110665161004853,-0.8522251846461615,0.8620942550390736,-0.06071809621607923,-0.9535369058335733,-0.5574357303787499
5,46,31,0.6654126156448495,0.9153926013337143,-0.6106226245428783,0.28429438377571403,-0.8949170083185924,0.9016296936631808,-0.04011385233991372,-0.9730409973403387,-0.5342479982130844
5,47,31,0.5234146851528477,0.7335460086728087,-0.6275134221517518,0.30581194155285923,-0.933325363704611,0.937712486910475,-0.1821117828319155,-0.9899317949492121,-0.5127304404359391
5,48,31,0.4283146462486067,0.587233579215832,-0.6492729469778834,0.3215078571908641,-0.9707808041687475,0.9710357563604151,-0.2772118217361565,-1.0116913197753437,-0.4970345247979343
5,49,31,0.442745098293469,0.7221498372256868,-0.664532435137481,0.32887660895165066,-0.9934090440891316,0.9934090440891317,-0.26278136969129423,-1.0269508079349414,-0.48966577303714776
5,50,31,0.4215667725425331,0.6612543539906,-0.6860052462034355,0.312667237244943,-0.9986724834483784,0.9986724834483784,-0.2839596954422301,-1.0484236190008958,-0.5058751447438553
5,51,31,0.5588412017027409,0.8759371826359498,-0.7012533553965372,0.29364110757540496,-0.9948944629719422,0.9948944629719421,-0.14668526628202228,-1.0636717281939976,-0.5249012744133935
5,52,31,0.6063827546273911,0.9959240989004186,-0.7123138239415497,0.2674105764265765,-0.9797244003681264,0.9797244003681264,-0.09914371335737204,-1.0747321967390102,-0.5511318055622219
5,53,31,0.46998802332748574,0.7956047660482716,-0.7190201072035969,0.267066221301327,-0.986086328504924,0.9860863285049238,-0.23553844465727744,-1.081438480001057,-0.5514761606874714
5,54,31,0.43210436656886403,0.8127186543011614,-0.7172298541785752,0.2359775953691434,-0.9532074495477186,0.9532074495477187,-0.2734221014158992,-1.0796482269760355,-0.582564786619655
5,55,31,0.43123226292714106,0.7641079031638003,-0.702760830924146,0.2501365813754089,-0.9528974122995549,0.952897412299555,-0.27429420505762214,-1.0651792037216063,-0.5684058006133895
5,56,31,0.34877454546604647,0.6565971310529075,-0.6849861613471586,0.25531177153326345,-0.9402979328804221,0.9402979328804222,-0.35675192251871674,-1.047404534144619,-0.5632306104555349
5,57,31,0.3897418654661947,0.660991724826895,-0.6563147627072609,0.24624348176862518,-0.9025582444758861,0.9049416289572815,-0.31578460251856855,-1.018733135504721,-0.5722989002201732
5,58,31,0.3617242275125066,0.6141487307307095,-0.6155075266329885,0.27522928374124667,-0.8907368103742351,0.890736810374235,-0.34380224047225666,-0.9779258994304488,-0.5433130982475517
5,59,31,0.4911603968530486,0.8645899423120386,-0.5764570853502442,0.27428274827970606,-0.8507398336299502,0.857463106164042,-0.21436607113171463,-0.9388754581477046,-0.5442596337090924
5,60,31,0.37837475699693046,0.7327217331155625,-0.5251456153794705,0.32066147020780733,-0.8458070855872777,0.845917572411067,-0.3271517109878328,-0.8875639881769308,-0.4978809117809911
5,61,31,0.514830549919197,0.9504716183510662,-0.47698139108830406,0.3539172350135648,-0.830898626101869,0.830898626101869,-0.19069591806556618,-0.8393997638857645,-0.4646251469752336
5,62,31,0.40231388907519416,0.7886770331595805,-0.42796302039955186,0.38285403730143447,-0.8108170577009863,0.8125840777268205,-0.30321257890956904,-0.7903813931970123,-0.43568834468736395
5,63,31,0.3587398022353888,0.646401980259084,-0.3785545977419681,0.37325098135588874,-0.7518055790978567,0.764037628747951,-0.3467866657493744,-0.7409729705394285,-0.4452914006329097
5,64,31,0.407456201299183,0.8089401974973923,-0.31511688214953226,0.40794447744729295,-0.7230613595968253,0.7406106215750747,-0.2980702666855802,-0.6775352549469926,-0.41059790454150547
5,65,31,0.42159632842024736,0.8520856447927254,-0.24389785373868425,0.4304575929929303,-0.6743554467316145,0.6866137833778686,-0.2839301395645158,-0.6063162265361446,-0.3880847889958681
5,66,31,0.46277392617538393,0.9442556085119675,-0.16587406763008994,0.4444545135598785,-0.6103285811899685,0.6322241559256553,-0.24275254180937925,-0.5282924404275503,-0.3740878684289199
5,67,31,0.48665548586685003,0.8861446526743024,-0.055238751721444525,0.46874822245122594,-0.5239869741726706,0.5584228486528315,-0.21887098211791314,-0.4176571245189049,-0.3497941595375724
5,68,31,0.6799907444537079,1.1499971145385184,0.03582112226228816,0.5171033781086457,-0.48128225584635753,0.524004958821506,-0.025535723531055245,-0.32659725053517225,-0.30143900388015277
5,69,31,0.7461710753865218,1.1350269414467178,0.13442120165903876,0.5676440644880708,-0.43322286282903205,0.4778397678372513,0.04064460740175873,-0.22799717113842163,-0.2508983175007276
5,70,31,0.8100525132058695,1.1280828364952373,0.24170761759912196,0.6273426019211148,-0.38563498432199284,0.4308168109034438,0.10452604522110635,-0.12071075519833843,-0.19119978006768362
5,71,31,0.8397861366847695,0.9759119925615215,0.36247546203946934,0.695094506747282,-0.3326190447078126,0.3830910727108659,0.13425966870000633,5.7089242008955304e-05,-0.12344787524151642
5,72,31,0.8446172911961549,0.969198307823451,0.4606170120686149,0.787616860703235,-0.3269998486346201,0.3770154058902495,0.13909082321139168,0.09819863927115448,-0.030925521285563386
5,73,31,0.9113643150343107,0.9942880953129576,0.5540272873664448,0.8618051659479185,-0.3077778785814737,0.3560453732146953,0.20583784704954747,0.19160891456898446,0.04326278395912013
5,74,31,0.7207703641054553,0.5424151065165989,0.6392244372962131,0.936875013074137,-0.2976505757779239,0.35116429427635004,0.015243896120692024,0.2768060644987527,0.11833263108533859
5,75,31,0.933651704571561,0.7446406662215825,0.7150890249233609,1.013404059953606,-0.29831503503024526,0.3557248392658278,0.22812523658679779,0.35267065212590043,0.19486167796480763
5,76,31,0.9171150883658278,0.7443860731505398,0.7735029607411571,1.0742533208235225,-0.3007503600823654,0.359399589400209,0.21158862038106455,0.4110845879436967,0.25571093883472407
5,77,31,1.0794265273118957,1.0550373370222583,0.8332485071053709,1.1471486316168351,-0.3139001245114641,0.35891635659043003,0.3739000593271324,0.4708301343079105,0.32860624962803653
5,78,31,1.1860090247081472,1.090143367318,0.8660390011279849,1.1926952637921484,-0.3266562626641635,0.3661392856513505,0.4804825567233838,0.5036206283305246,0.3741528818033501
5,79,31,1.1789648738529026,1.063854936039195,0.9065648170368319,1.2263831804805525,-0.3198183634437205,0.3598348631464269,0.47343840586813934,0.5441464442393714,0.407840798491754
5,80,31,1.1545821983597735,1.0581588485621354,0.9376221564667018,1.2472760714548123,-0.3096539149881106,0.360345649795554,0.44905573037501006,0.5752037836692414,0.42873368946601403
5,81,31,1.196163931692823,1.0976729294867873,0.9746887665607954,1.26768611419669,-0.2929973476358944,0.3402986028715558,0.4906374637080597,0.612270393763335,0.44914373220789144
5,82,31,1.19877849800021,1.08132259871649,0.9950221652897742,1.2783189552990144,-0.28329679000924046,0.3324859583064301,0.49325203001544693,0.6326037924923137,0.45977657331021615
5,83,31,1.0721584496331351,0.9312294283248109,1.0260580136298405,1.2962367102896928,-0.2701786966598522,0.3251436745194017,0.36663198164837185,0.6636396408323801,0.4776943283008943
5,84,31,0.9787956395412132,0.9244560753138374,1.0543206517416777,1.3089739589055653,-0.25465330716388745,0.3134298542221663,0.27326917155644986,0.6919022789442174,0.4904315769167668
5,85,31,0.9411441195721393,0.7465211679254721,1.0804799455833578,1.3423882148430726,-0.2619082692597149,0.31636899828587745,0.23561765158737608,0.7180615727858973,0.5238458328542742
5,86,31,1.0352292014257047,1.121317915752009,1.0680806726323935,1.3183586880009084,-0.25027801536851496,0.31745518058674027,0.3297027334409415,0.7056622998349331,0.4998163060121101
5,87,31,1.201533557351316,1.2898487257999158,1.0582768446636845,1.2997424499694203,-0.2414656053057359,0.303487352168726,0.49600708936655263,0.695858471866224,0.48120006798062187
5,88,31,1.1080427744138739,1.231291729854766,1.037769413351698,1.2775206178683183,-0.23975120451662024,0.3096747047897205,0.4025163064291107,0.6753510405542376,0.4589782358795198
5,89,31,1.2044352672206637,1.2900761107361514,1.0226874868382758,1.2580987580578002,-0.23541127121952443,0.3062169015513546,0.4989087992359005,0.6602691140408155,0.4395563760690019
5,90,31,0.8138688132911547,0.7314335396566056,1.0279240962685685,1.2534693963365524,-0.22554530006798387,0.30198349619308407,0.10834234530639152,0.665505723471108,0.4349270143477539
5,91,31,0.8633285221545488,0.8501523829611629,1.0313695477858476,1.2711069527605943,-0.23973740497474663,0.30022663353495693,0.15780205416978557,0.6689511749883871,0.4525645707717957
5,92,31,0.8435454801307095,0.9000220938580499,1.029302738368356,1.2734349354746963,-0.24413219710634035,0.28755148285751625,0.13801901214594625,0.6668843655708954,0.4548925534858978
5,93,31,0.9781400737535776,1.1264180053807038,1.0245811911829512,1.2789284652280386,-0.2543472740450872,0.29936518016683794,0.2726136057688143,0.6621628183854907,0.46038608323924
5,94,31,0.8198456685622714,0.9023098392245561,1.003688752652687,1.2458296984888448,-0.24214094583615767,0.28006330850402233,0.11431920057750806,0.6412703798552266,0.4272873165000463
5,95,31,0.7457627322010176,1.011429009948573,0.980156122428977,1.2227776090331381,-0.24262148660416122,0.2788805746544426,0.04023626421625439,0.6177377496315166,0.40423522704433984
6,0,30,1.4641455389806828,1.2328600530491018,1.4413124613139776,1.5525957705297884,-0.11128330921581067,0.17990688359552326,0.06673366094253247,0.605596167478023,0.3550086339937001
6,1,30,1.7117973786609144,1.350022706549154,1.4442321578266,1.5193851928140443,-0.07515303498744418,0.14463423807536396,0.3143855006227642,0.6085158639906453,0.3217980562779559
6,2,30,1.8348494852568034,1.4060419506213102,1.442639462210151,1.5239503919440927,-0.08131092973394154,0.14625816439270087,0.4374376072186531,0.6069231683741962,0.3263632554080042
6,3,30,1.7718621264215906,1.4688425091084563,1.4379726464208522,1.5190559613834294,-0.0810833149625772,0.1466542753407102,0.3744502483834402,0.6022563525848974,0.32146882484734113
6,4,30,1.7769711814415123,1.4993897015239035,1.428317544334316,1.514005891596337,-0.08568834726202104,0.14195470939277122,0.379559303403362,0.5926012504983613,0.31641875506024875
6,5,30,1.8801456090509499,1.472764407860066,1.4222957228736468,1.5042308224761516,-0.08193509960250464,0.13529340660464614,0.48273373101279965,0.5865794290376922,0.3066436859400633
6,6,30,1.984508699488199,1.6246853706098703,1.4214551354685439,1.5068972838220704,-0.08544214835352684,0.13797817157241757,0.5870968214500487,0.585738841632589,0.30931014728598233
6,7,30,1.8659802773341678,1.5303472898425934,1.4181203698504121,1.507075621409699,-0.08895525155928691,0.138853870139746,0.4685683992960177,0.5824040760144574,0.30948848487361075
6,8,30,1.9300347709750072,1.5623048297076587,1.4101728811389802,1.5036168446626688,-0.09344396352368854,0.14331303449492458,0.5326228929368572,0.5744565873030254,0.30602970812658037
6,9,30,1.901429131833306,1.4945523977504778,1.4081322493770156,1.5079465278410382,-0.09981427846402262,0.15399444847649832,0.5040172537951556,0.572415955541061,0.31035939130495005
6,10,30,1.9633074679320344,1.560227217919657,1.4067612309585584,1.5089385233671362,-0.10217729240857766,0.15902123549556368,0.5658955898938842,0.5710449371226038,0.31135138683104796
6,11,30,1.899659234197819,1.522263070875717,1.4063229959663879,1.5132401783940355,-0.10691718242764765,0.16205437706163475,0.5022473561596686,0.5706067021304332,0.31565304185794724
6,12,30,2.0293785207961466,1.6249278750388154,1.3946383190950726,1.5127717880095406,-0.11813346891446812,0.1699106983079007,0.6319666427579964,0.5589220252591178,0.3151846514734524
6,13,30,1.9274842731900403,1.544310557393026,1.3941977230993168,1.5080673597967929,-0.11386963669747614,0.17009303323823258,0.5300723951518902,0.558481429263362,0.31048022326070457
6,14,30,1.9100444717795155,1.5649385429902318,1.3889452381632827,1.4984402624854534,-0.10949502432217088,0.16224568848084467,0.5126325937413653,0.5532289443273279,0.3008531259493653
6,15,30,1.8612291255209428,1.5572440354226262,1.3993153970682708,1.503171246144465,-0.10385584907619447,0.16264516561218312,0.46381724748279257,0.5635991032323159,0.3055841096083769
6,16,30,1.8318108605205992,1.5154251676146744,1.3993493861693864,1.514314645411699,-0.11496525924231256,0.1658728912757007,0.434398982482449,0.5636330923334317,0.3167275088756108
6,17,30,1.7284572161943268,1.495050560588137,1.3998306802566431,1.514035649592018,-0.11420496933537493,0.16054099713988004,0.33104533815617654,0.5641143864206885,0.3164485130559298
6,18,30,1.9090791405526828,1.5748829972425682,1.3993227138417572,1.5211225641848296,-0.1217998503430726,0.16494010784941454,0.5116672625145325,0.5636064200058024,0.3235354276487414
6,19,30,1.8195841446620762,1.4605857337406039,1.4041654127100067,1.5197346680971802,-0.11556925538717362,0.1590739957439943,0.422172266623926,0.5684491188740519,0.32214753156109205
6,20,30,1.681546869403932,1.4174203171857735,1.4083261789388148,1.5221401099774472,-0.11381393103863226,0.16571580272033806,0.28413499136578174,0.5726098851028603,0.32455297344135897
6,21,30,1.565502560617863,1.3016128094633697,1.4193141727423506,1.5356051939383613,-0.11629102119601044,0.1719688155221585,0.16809068257971269,0.5835978789063959,0.33801805740227286
6,22,30,1.525800437433038,1.3142862782823903,1.4191914940610195,1.5241276308468843,-0.10493613678586483,0.16353311334662662,0.12838855939488777,0.5834752002250648,0.3265404943107961
6,23,30,1.5728964697093368,1.3393677665878994,1.415017403356533,1.5264133628325065,-0.11139595947597333,0.16163629241689306,0.17548459167118655,0.5793011095205784,0.3288262262964182
6,24,30,1.6143852457019918,1.2960921192501518,1.407399917492729,1.509523117205308,-0.10212319971257908,0.16613860937224992,0.21697336766384165,0.5716836236567743,0.31193598066921974
6,25,30,1.6794035859341399,1.3707518418913016,1.3908149426161978,1.4934040080757747,-0.1025890654595772,0.1792292989428823,0.2819917078959897,0.5550986487802428,0.29581687153968655
6,26,30,1.5883208783959293,1.3222573067969605,1.3588415074027553,1.4760651717674134,-0.11722366436465817,0.18396923571449858,0.19090900035777897,0.5231252135668006,0.27847803523132525
6,27,30,1.6345994067254352,1.3537398446011542,1.3152773445596648,1.4492548306215964,-0.13397748606193147,0.20650227991000694,0.23718752868728507,0.47956105072371025,0.2516676940855082
6,28,30,1.29556612963047,1.026153012909399,1.2676862446513752,1.4133219222671773,-0.14563567761580223,0.21969531080435625,-0.10184574840768036,0.4319699508154206,0.21573478573108928
6,29,30,1.3555850657806885,1.2770882187898318,1.2146884699095557,1.3826164628602817,-0.16792799295072636,0.24022940313287214,-0.04182681225746159,0.37897217607360084,0.18502932632419364
6,30,30,1.1424131438293466,1.0154867566287877,1.1280235320854222,1.3053787084597699,-0.17735517637434775,0.2430324520426282,-0.25499873420880376,0.2923072382494675,0.1077915719236817
6,31,30,0.9947544759666425,0.9007270352515782,0.9888578925910816,1.2166643961475254,-0.22780650355644377,0.2805509028739214,-0.40265740207150774,0.15314159875512692,0.019077259611437122
6,32,30,0.9014154405680208,0.9340709276912859,0.8722033235955169,1.1475996413652287,-0.2753963177697119,0.3240308877575087,-0.49599643747012945,0.03648702975956223,-0.049987495170859424
6,33,30,0.8702271718867957,0.94571339491928,0.7620824463131185,1.0660275285317231,-0.3039450822186049,0.35029134883073637,-0.5271847061513547,-0.07363384752283629,-0.13155960800436498
6,34,30,0.9124328147467899,1.0480122925436817,0.6541145471612967,1.0002597633101975,-0.3461452161489007,0.39231648798045987,-0.4849790632913603,-0.18160174667465798,-0.19732737322589086
6,35,30,0.9989242869267975,1.1902875871016014,0.5322787908627123,0.9448964266100526,-0.4126176357473403,0.45124206481246215,-0.3984875911113528,-0.30343750297324235,-0.25269070992603565
6,36,30,1.0192292228079987,1.2057758113654364,0.4007092479422717,0.8833850599506667,-0.48267581200839504,0.5178895493202931,-0.3781826552301516,-0.43500704589368305,-0.3142020765854215
6,37,30,1.09691776073879,1.2607971597187282,0.3004943936620738,0.8414585686735072,-0.5409641750114335,0.5717949546185225,-0.3004941172993601,-0.5352219001738808,-0.35612856786258107
6,38,30,1.0860733465985757,1.304175993576701,0.20782804186370493,0.813846397983419,-0.6060183561197141,0.632681894270341,-0.3113385314395744,-0.6278882519722497,-0.3837407385526692
6,39,30,1.0994494884889172,1.3224141176828716,0.13311003931901405,0.7799984428047994,-0.6468884034857852,0.6758644628310292,-0.29796238954923315,-0.7026062545169406,-0.41758869373128893
6,40,30,1.0917719079669503,1.341462952934755,0.05661504262060039,0.7511756149298534,-0.694560572309253,0.7241906062712875,-0.3056399700712001,-0.7791012512153543,-0.4464115216062348
6,41,30,1.0198956120675193,1.253760863842029,-0.007283742812477353,0.7223773555179563,-0.7296610983304337,0.7531588813175829,-0.37751626597063087,-0.843000036648432,-0.4752097810181319
6,42,30,0.9787192458072875,1.2267241989026643,-0.06599514623015901,0.7104001713410971,-0.776395317571256,0.7983074879527111,-0.4186926322308626,-0.9017114400661137,-0.4871869651949912
6,43,30,1.0204494871633942,1.2727077782801322,-0.12846519722644748,0.6959531436515267,-0.8244183408779742,0.8473145588526667,-0.37696239087475614,-0.9641814910624021,-0.5016339928845616
6,44,30,0.9576948979692773,1.1810972488229106,-0.17904151734091348,0.6934339995788065,-0.8724755169197198,0.8877707059268843,-0.43971698006887294,-1.0147578111768683,-0.5041531369572818
6,45,30,0.9933626301628219,1.1874869195536648,-0.22423591809508273,0.6287523661352308,-0.8529882842303135,0.8711742766765245,-0.4040492478753285,-1.0599522119310374,-0.5688347704008575
6,46,30,1.0234322259766562,1.2262651892450127,-0.24866194951153295,0.6440961777904836,-0.8927581273020165,0.908159771856967,-0.37397965206149403,-1.0843782433474876,-0.5534909587456048
6,47,30,0.8739396090601408,0.9931651941696739,-0.2763708278435165,0.6485018338564913,-0.9248726617000078,0.941693386290949,-0.5234722689780095,-1.1120871216794712,-0.5490853026795969
6,48,30,0.8425169800569008,0.9334966196030648,-0.3070444955189698,0.6430192796404156,-0.9500637751593853,0.9623770400148832,-0.5548948979812495,-1.1427607893549243,-0.5545678568956727
6,49,30,0.8021727520079132,0.865125587324755,-0.3216874163772812,0.6624113708982258,-0.9840987872755069,0.9959456019771789,-0.595239126030237,-1.157403710213236,-0.5351757656378625
6,50,30,0.7911087178555303,0.9070364787911392,-0.3415034597243862,0.6457479452491057,-0.987251404973492,0.9973522925884165,-0.60630316018262,-1.177219753560341,-0.5518391912869826
6,51,30,0.7930891155992524,0.8993757696651676,-0.3598281202227419,0.6401133050001145,-0.9999414252228563,1.0070656717238395,-0.6043227624388979,-1.1955444140586964,-0.5574738315359739
6,52,30,0.7730419760722673,0.8861099917382506,-0.36910994998010643,0.636839037176816,-1.0059489871569223,1.011147823546147,-0.6243699019658829,-1.204826243816061,-0.5607480993592724
6,53,30,0.8131853541439263,0.9381894674742944,-0.36842303819449074,0.6336061921094852,-1.002029230303976,1.0064168165108625,-0.5842265238942238,-1.2041393320304452,-0.5639809444266031
6,54,30,0.710395022953646,0.8132954204463914,-0.35775889927875226,0.6600891017977178,-1.01784800107647,1.0195996319738585,-0.6870168550845043,-1.193475193114707,-0.5374980347383704
6,55,30,0.7969456684638274,0.9572087118327756,-0.33653469261520336,0.6589348983124438,-0.9954695909276471,0.9994483728702203,-0.600466209574323,-1.1722509864511579,-0.5386522382236445
6,56,30,0.7834629509519364,0.8445413424232103,-0.3034392897971187,0.6654473409933443,-0.9688866307904631,0.9758892271661329,-0.6139489270862138,-1.1391555836330733,-0.5321397955427439
6,57,30,0.8028925881463007,0.9301265234143614,-0.2630428223481753,0.660687651270942,-0.9237304736191173,0.937084029380978,-0.5945192898918495,-1.09875911618413,-0.5368994852651462
6,58,30,0.8758430178473999,1.0734837096932592,-0.21320893266798382,0.6824599380340501,-0.8956688707020339,0.9077266328923359,-0.5215688601907503,-1.0489252265039386,-0.5151271985020381
6,59,30,0.8301875062110327,0.987827043511436,-0.15900101501931513,0.70764567495061,-0.8666466899699252,0.8789219917578772,-0.5672243718271176,-0.9947173088552699,-0.4899414615854782
6,60,30,0.9070366948437486,1.0833138843671595,-0.10602689706589245,0.7372023541675955,-0.843229251233488,0.8575616650559537,-0.4903751831944016,-0.9417431909018472,-0.4603847823684927
6,61,30,0.8732486172690782,1.0155495729735697,-0.049786038449115555,0.7819854026436814,-0.8317714410927971,0.8399206436649769,-0.524163260769072,-0.8855023322850702,-0.41560173389240673
6,62,30,1.0446930550445728,1.1691494561780513,0.0025636291204666002,0.800139042327895,-0.7975754132074283,0.8130043612493825,-0.3527188229935774,-0.8331526647154881,-0.3974480942081932
6,63,30,1.0006721271202126,1.1208964900732719,0.06161814947499568,0.8091488657712416,-0.7475307162962459,0.7614717178015987,-0.3967397509179377,-0.774098144360959,-0.3884382707648467
6,64,30,1.018607478659595,1.17739627450726,0.1252662945076865,0.832677482062635,-0.7074111875549485,0.7259201933431243,-0.3788043993785554,-0.7104499993282682,-0.36490965447345325
6,65,30,0.9477557933625652,1.0163656537132635,0.1964552746046226,0.8569474768560127,-0.6604922022513902,0.6933835068288686,-0.449656084675585,-0.639261019231332,-0.34063965968007553
6,66,30,1.0245923625933266,1.0668127988616976,0.29883082118552656,0.8761889547861141,-0.5773581336005875,0.6108103284752945,-0.37281951544482367,-0.5368854726504282,-0.32139818174997414
6,67,30,1.0409304583995929,0.9860701991383942,0.44770839048635686,0.9362777115922681,-0.48856932110591117,0.5233570024639338,-0.3564814196385574,-0.3880079033495978,-0.26130942494382015
6,68,30,1.059095610309023,0.9337211604408094,0.5793382441914458,0.9989302611528005,-0.41959201696135473,0.45459331070314296,-0.3383162677291271,-0.2563780496445089,-0.19865687538328775
6,69,30,1.1255207487456274,1.0359938753749385,0.7053319849423372,1.0570003365174494,-0.35166835157511217,0.3978598672591927,-0.27189112929252296,-0.13038430889361755,-0.14058680001863894
6,70,30,1.2505791281615148,1.0738451043988353,0.7986793343292227,1.0941145414576876,-0.2954352071284647,0.34893564187117243,-0.14683274987663533,-0.03703695950673195,-0.10347259507840081
6,71,30,1.4631646190808472,1.337894204249817,0.9038184472945839,1.1255763168050907,-0.22175786951050686,0.27900393124769407,0.06575274104269696,0.06810215345862916,-0.07201081973099756
6,72,30,1.6683479293679286,1.5264301510387515,0.977481525385939,1.1646855463984374,-0.18720402101249828,0.2426582446625316,0.2709360513297784,0.14176523154998436,-0.03290159013765094
6,73,30,1.8444549710521767,1.7335324893878215,1.0317108790770582,1.2136913549796444,-0.1819804759025862,0.22629324051605473,0.4470430930140265,0.19599458524110347,0.016104218443556133
6,74,30,1.5559414017974227,1.2893327617907637,1.1005691512388904,1.2600738781913843,-0.15950472695249374,0.22552250141503252,0.15852952375927234,0.2648528574029358,0.062486741655295934
6,75,30,1.8947507110190418,1.5953977273249669,1.1732517816830683,1.3156290639650206,-0.14237728228195212,0.21008633010468486,0.4973388329808915,0.33753548784711374,0.11804192742893233
6,76,30,1.5704337775110795,1.2767673078454154,1.2377794356156064,1.3500940124963559,-0.11231457688074942,0.19135625490161787,0.17302189947292915,0.4020631417796516,0.1525068759602675
6,77,30,1.4909410892823525,1.1521873266238754,1.2923239482209221,1.4013944360469703,-0.10907048782604813,0.1860725860172426,0.09352921124420231,0.45660765438496753,0.20380729951088206
6,78,30,1.745273682775529,1.364289466719667,1.329286815168985,1.4305448590134124,-0.10125804384442735,0.17277723717544938,0.3478618047373789,0.4935705213330303,0.23295772247732413
6,79,30,1.6930731554312752,1.2672486113008818,1.3600423699291757,1.4548503156131123,-0.09480794568393665,0.1824171680607312,0.2956612773931251,0.5243260760932211,0.2572631790770242
6,80,30,1.8992242359892648,1.4190786138379918,1.383002942783766,1.4755370316288252,-0.09253408884505916,0.17840874500384246,0.5018123579511146,0.5472866489478114,0.27794989509273704
6,81,30,1.8824271757152702,1.574261889907209,1.4230148939161675,1.525649800247332,-0.10263490633116441,0.18612125541787738,0.48501529767711976,0.5872986000802128,0.3280626637112436
6,82,30,1.8709007836425322,1.5097764661534165,1.4549703293993077,1.5405114762694958,-0.08554114687018795,0.18219455581181437,0.47348890560438195,0.619254035563353,0.34292433973340747
6,83,30,1.8107094176807315,1.3642051175891423,1.478366846371303,1.5572389529069632,-0.07887210653566006,0.17257005326679156,0.4132975396425813,0.6426505525353484,0.3596518163708749
6,84,30,1.911674919721134,1.3858609674583844,1.480261586812729,1.5530002034310284,-0.0727386166182994,0.15902525621454047,0.5142630416829838,0.6445452929767742,0.35541306689494
6,85,30,2.106612230029598,1.5961407120681872,1.473327179025749,1.544199924899925,-0.07087274587417612,0.15337855380861967,0.7092003519914479,0.6376108851897941,0.3466127883638368
6,86,30,1.8784171751647423,1.4697080783652312,1.4899699868019776,1.5590232638341726,-0.0690532770321949,0.1412840908695197,0.4810052971265921,0.654253692966023,0.36143612729808433
6,87,30,1.666266682453964,1.3271659978367896,1.4976554508680135,1.5636714019812488,-0.0660159511132353,0.14176115385134194,0.26885480441581383,0.6619391570320587,0.36608426544516054
6,88,30,1.7010253935251962,1.343445524227124,1.5032167363719557,1.5673493312887743,-0.0641325949168187,0.13899080834768,0.3036135154870459,0.667500442536001,0.3697621947526862
6,89,30,1.731827338833978,1.3944345878270812,1.509888628611804,1.5772589776133086,-0.06737034900150453,0.13844660870945866,0.33441546079582773,0.6741723347758494,0.37967184107722035
6,90,30,1.631683900692335,1.193428985371134,1.509116346676756,1.5671180464425303,-0.05800169976577412,0.1535015831340473,0.2342720226541847,0.6734000528408014,0.36953090990644194
6,91,30,1.5072748372274412,1.1066106928041182,1.50741509164794,1.5817853721299786,-0.0743702804820386,0.15558361427570638,0.10986295918929091,0.6716987978119853,0.38419823559389044
6,92,30,1.5132263168618811,1.1576686410688848,1.5043289794469803,1.5962091404277952,-0.09188016098081483,0.16080454124302912,0.11581443882373098,0.6686126856110256,0.3986220038917069
6,93,30,1.5162454292454832,1.257901728323631,1.5014451655135963,1.60482343732996,-0.10337827181636368,0.1621840452486286,0.11883355120733292,0.6657288716776415,0.40723630079387163
6,94,30,1.5599638096591157,1.2339234791991611,1.4842627398486774,1.589371977936992,-0.10510923808831467,0.17092134809994822,0.16255193162096554,0.6485464460127227,0.3917848414009038
6,95,30,1.5336375102284483,1.270488295187682,1.472539492126715,1.5721882198245054,-0.09964872769779055,0.17314700306365322,0.13622563219029812,0.6368231982907603,0.3746010832884173
7,0,31,1.0745388266594664,0.5919950080231191,1.6018258005523907,1.57761117887152,0.024214621680870744,0.15579949717425792,-0.025298287678796556,0.3767597832802652,0.26117196425733025
7,1,31,1.13534881356176,0.6464432249011975,1.572283198376263,1.5491785801726374,0.02310461820362565,0.15624572006517568,0.03551169922349668,0.34721718110413763,0.23273936555844776
7,2,31,1.16769649022517,0.6958180162909308,1.570844630069224,1.5645869450290728,0.006257685040151017,0.14696202171410833,0.06785937588690694,0.34577861279709843,0.24814773041488328
7,3,31,1.221262208350195,0.7224404294621276,1.563016059475444,1.5468926747501501,0.01612338472529396,0.14634491072595393,0.12142509401193172,0.33795004220331865,0.23045346013596046
7,4,31,1.1182950721206015,0.6583183284216784,1.5537127024327564,1.5536428224575958,6.987997516068904e-05,0.15416013422185584,0.01845795778233835,0.328646685160631,0.23720360784340608
7,5,31,1.2339051455407937,0.7584482402839863,1.5500777221256115,1.5424750794411648,0.007602642684446548,0.16174836656503447,0.1340680312025305,0.32501170485348585,0.22603586482697513
7,6,31,1.3083321821033533,0.7620036290991826,1.5480362495718878,1.5408363951547563,0.007199854417131403,0.15834772962554527,0.20849506776509003,0.3229702322997624,0.22439718054056682
7,7,31,1.2044484031663145,0.6491991484839462,1.5496531260576958,1.547683094410919,0.0019700316467767998,0.15021638350973546,0.10461128882805139,0.32458710878557023,0.23124387979672925
7,8,31,1.2765522245910386,0.7487973765601618,1.5540944068098645,1.5510500242727163,0.003044382537148073,0.14811489425996102,0.1767151102527755,0.32902838953773894,0.2346108096585267
7,9,31,1.269396828696064,0.7017600211120961,1.5501398879306425,1.553214335371316,-0.00307444744067344,0.16544234556923995,0.16955971435780076,0.3250738706585171,0.2367751207571264
7,10,31,1.2963620516290564,0.7124507190466365,1.5530659111184737,1.5405711951065826,0.012494716011891116,0.17053177496767888,0.19652493729079343,0.3279998938463483,0.22413198049239302
7,11,31,1.286115911396853,0.679898427222078,1.5548105125443132,1.5495480459396571,0.005262466604655931,0.17068599050366803,0.1862787970585897,0.32974449527218763,0.23310883132546753
7,12,31,1.2749174151049658,0.6770197634254645,1.5525391079518933,1.5464379685343101,0.0061011394175832035,0.16657465453548076,0.1750803007667026,0.3274730906797678,0.22999875392012042
7,13,31,1.2257664009643656,0.6374665446570171,1.5541374116116708,1.5511071905715932,0.0030302210400776452,0.1724342567258738,0.12592928662610245,0.32907139433954546,0.23466797595740366
7,14,31,1.2770240923887137,0.680228569449503,1.5541182279862464,1.5529861904864033,0.0011320374998431881,0.17365626271429424,0.1771869780504505,0.329052210714121,0.23654697587221366
7,15,31,1.3129203216201986,0.6718074179553915,1.5591877724710674,1.5551667443244543,0.004021028146613132,0.16936899389831656,0.21308320728193547,0.33412175519894194,0.23872752971026465
7,16,31,1.2585473585851017,0.6430573777917841,1.5643135783667736,1.5494949516367431,0.014818626730030652,0.171031612472106,0.15871024424683855,0.33924756109464815,0.2330557370225533
7,17,31,1.2681011934316777,0.6590063505750384,1.5685030966574456,1.54925153676697,0.019251559890475643,0.16933306984504523,0.16826407909341465,0.3434370793853201,0.23281232215278028
7,18,31,1.1632372471750232,0.6467362861864688,1.5705926640079293,1.548268624808162,0.022324039199767092,0.17039226386155504,0.06340013283676003,0.34552664673580374,0.23182941019397243
7,19,31,1.1297838933362865,0.5777261238416449,1.5776708788567735,1.550290687514463,0.027380191342310446,0.16935535271184132,0.029946778998023352,0.35260486158464815,0.23385147290027347
7,20,31,1.1282777750677613,0.6075044187625439,1.5881512237102935,1.549383582547162,0.038767641163131514,0.16075699390350404,0.028440660729498184,0.36308520643816805,0.23294436793297232
7,21,31,1.1622175693938794,0.6240086957424823,1.5956653004825505,1.5600073747695695,0.03565792571298099,0.15572090765217686,0.062380455055616256,0.37059928321042496,0.2435681601553798
7,22,31,1.1518969237199377,0.6160269297233442,1.6006763439587066,1.5610811827271456,0.03959516123156106,0.15182864506678556,0.052059809381674385,0.3756103266865813,0.24464196811295602
7,23,31,1.1432537793554336,0.5766834215841667,1.6027547133202926,1.5671371003673427,0.03561761295294973,0.1488614494753312,0.04341666501717049,0.377688696048167,0.2506978857531531
7,24,31,1.1137835931615776,0.536869371265282,1.6055207523111872,1.5655980668710228,0.039922685440164606,0.14248481690866827,0.013946478823314392,0.3804547350390618,0.24915885225683304
7,25,31,1.2114868070453368,0.6221951535033767,1.5974521601776033,1.556180037897584,0.04127212228001924,0.14737684499171316,0.11164969270707364,0.37238614290547783,0.2397408232833944
7,26,31,1.174500294324835,0.5804330979795865,1.5898681355635862,1.5530643954310877,0.03680374013249844,0.15031221114805882,0.07466317998657183,0.36480211829146075,0.2366251808168981
7,27,31,1.155976763714842,0.6527441876457282,1.5612072788687918,1.5256486646129024,0.035558614255889555,0.14961694045961949,0.056139649376578844,0.3361412615966664,0.2092094499987127
7,28,31,1.1006320485753116,0.5622657943539209,1.538639146133258,1.521379606667758,0.017259539465499945,0.13669344327285102,0.0007949342370484864,0.3135731288611326,0.20494039205356843
7,29,31,1.0515944345905253,0.5361931863475898,1.5090523401787348,1.4934077090676607,0.015644631111073993,0.13844584935761897,-0.04824267974773802,0.2839863229066093,0.17696849445347115
7,30,31,1.0295186569277432,0.5597867526996655,1.446421875163714,1.4411520337219255,0.005269841441788483,0.13162763145099585,-0.07031845741051995,0.22135585789158838,0.1247128191077357
7,31,31,0.940813873688512,0.6279200383985258,1.3822857443970675,1.3676824357646666,0.014603308632400705,0.1270825148017772,-0.1590232406497512,0.15721972712494206,0.051243221150477185
7,32,31,0.8585038329914135,0.5844382026995092,1.3065048136647541,1.3231095988016444,-0.016604785136890003,0.1293778989259779,-0.24133328134684967,0.08143879639262883,0.006670384187454649
7,33,31,0.8522442470150785,0.5449816252539881,1.227508544431457,1.2397062762044653,-0.012197731773008149,0.12712257871761054,-0.2475928673231847,0.0024425271593316077,-0.07673293840972444
7,34,31,0.8341643624445264,0.5789499071999504,1.1405728332031941,1.1524547590670913,-0.011881925863897271,0.14400815059833175,-0.2656727518937368,-0.08449318406893136,-0.16398445554709828
7,35,31,0.9233155625867342,0.6742299955264438,1.0566591311564841,1.0834736543929695,-0.02681452323648553,0.1455648294104905,-0.17652155175152898,-0.16840688611564136,-0.23296556022122003
7,36,31,1.0145817526032972,0.751916710816354,0.962840072708394,1.0329825784976905,-0.07014250578929652,0.1543302531642994,-0.08525536173496606,-0.2622259445637315,-0.2834566361164992
7,37,31,1.0171324864247875,0.8624019745349715,0.8922547826025482,0.9823603164658117,-0.0901055338632635,0.16982955926390297,-0.08270462791347563,-0.3328112346695773,-0.334078898148378
7,38,31,1.0218294079915538,0.8883731264053241,0.8367671866833802,0.9666615730528326,-0.12989438636945244,0.1945619352314371,-0.07800770634670948,-0.3882988305887453,-0.349777641561357
7,39,31,0.9633513593160046,0.7973883689973692,0.7810152956040299,0.9567875936425655,-0.17577229803853545,0.2317980308463803,-0.13648575502225854,-0.44405072166809545,-0.3596516209716242
7,40,31,0.9882397687166898,0.8640815763519737,0.7302906228736881,0.9348215959989228,-0.20453097312523477,0.25652036255720634,-0.1115973456215733,-0.4947753943984375,-0.38161761861526694
7,41,31,0.9067316364517429,0.7347219370623604,0.6820612692693174,0.9216809483163408,-0.23961967904702344,0.2801328265239863,-0.1931054778865202,-0.5430047480028081,-0.3947582662978488
7,42,31,0.890398832652748,0.7573612623927393,0.6402792878503626,0.8943725824583731,-0.2540932946080105,0.2934093205163253,-0.20943828168551518,-0.5847867294217628,-0.4220666321558166
7,43,31,0.9684518007132314,0.8302251437027982,0.5992120774560689,0.8979088168634218,-0.29869673940735303,0.3283114159120211,-0.1313853136250317,-0.6258539398160566,-0.41853039775076784
7,44,31,1.0213678026514184,0.7926004431277159,0.5655188219285137,0.8951828870327602,-0.3296640651042464,0.3559883878934166,-0.07846931168684482,-0.6595471953436118,-0.42125632758142956
7,45,31,1.0680142640294568,0.7966796976657855,0.5238679135351598,0.8437067953140925,-0.3198388817789328,0.3484655563298398,-0.031822850308806445,-0.7011981037369657,-0.4727324193000971
7,46,31,0.9381515869535652,0.7677113466015205,0.5217847256450179,0.883432554505059,-0.36164782886004104,0.3884900642912731,-0.16168552738469802,-0.7032812916271076,-0.43300666010913075
7,47,31,0.8833847507980948,0.6968954541660936,0.5052588693632059,0.9009507335807927,-0.39569186421758684,0.4180911448538655,-0.21645236354016836,-0.7198071479089196,-0.41548848103339703
7,48,31,0.8171545443216379,0.6078059280898434,0.49691955736469867,0.9131992069479367,-0.416279649583238,0.4397410424997999,-0.2826825700166253,-0.7281464599074269,-0.40324000766625306
7,49,31,0.7547523371320615,0.538133453767122,0.48548134332754195,0.9212830464441811,-0.4358017031166393,0.4540741515778725,-0.3450847772062017,-0.7395846739445836,-0.3951561681700085
7,50,31,0.806971415578728,0.5322701394807501,0.4625438126915874,0.9133581731458823,-0.4508143604542949,0.47203914172171857,-0.2928656987595352,-0.7625222045805381,-0.40308104146830737
7,51,31,0.7648772777407215,0.4919248399978862,0.44672505850870636,0.9077620969608783,-0.46103703845217203,0.48086507985997384,-0.3349598365975417,-0.7783409587634191,-0.4086771176533113
7,52,31,0.7599728492825027,0.5046974672301799,0.4378610924525989,0.9071291730550688,-0.46926808060246983,0.49758360941742347,-0.33986426505576045,-0.7872049248195265,-0.4093100415591208
7,53,31,0.8058091922623578,0.5964085907056168,0.43895188968221954,0.9111025588489179,-0.47215066916669834,0.49836007118091996,-0.2940279220759054,-0.7861141275899058,-0.4053366557652717
7,54,31,0.8225080579217936,0.6014454312760605,0.43700640312221817,0.9067672631027797,-0.4697608599805616,0.49438286223530553,-0.2773290564164696,-0.7880596141499073,-0.4096719515114099
7,55,31,0.85892951973016,0.6692919923262722,0.44924528467665,0.9083236478263409,-0.459078363149691,0.4859144000981797,-0.24090759460810324,-0.7758207325954756,-0.4081155667878487
7,56,31,0.803709801323463,0.6692775921144537,0.4701002608440567,0.928442542856882,-0.4583422820128253,0.49191534579288,-0.29612731301480016,-0.7549657564280687,-0.3879966717573076
7,57,31,0.8123875301698756,0.604347490170732,0.4973243363855955,0.9306303810432663,-0.43330604465767086,0.4706893203044675,-0.2874495841683875,-0.72774168088653,-0.3858088335709233
7,58,31,0.9037080085868235,0.6631213797615877,0.5335544906423415,0.9461005949939362,-0.4125461043515946,0.458797237072863,-0.1961291057514396,-0.691511526629784,-0.37033861962025355
7,59,31,0.9076602862345097,0.7224016505619287,0.5693184918501522,0.9515941021250784,-0.3822756102749262,0.42536103760155625,-0.1921768281037535,-0.6557475254219732,-0.3648451124891113
7,60,31,0.8717298830194176,0.629059960488711,0.6154981157978748,0.9877881287287551,-0.3722900129308801,0.42108899352603946,-0.22810723131884555,-0.6095679014742506,-0.3286510858854346
7,61,31,0.8009723933993257,0.615238093024799,0.6575725570157541,1.000686334296155,-0.34311377728040077,0.39469026632174975,-0.2988647209389375,-0.5674934602563714,-0.3157528803180348
7,62,31,0.8946822798052401,0.7371850658726895,0.6943748945718654,1.0230800724934843,-0.32870517792161885,0.3758697498261307,-0.20515483453302316,-0.5306911227002601,-0.29335914212070535
7,63,31,0.9096972814315631,0.7080901973207874,0.7456337000615209,1.035852181919238,-0.290218481857717,0.3405337832606041,-0.19013983290670006,-0.47943231721060464,-0.28058703269495183
7,64,31,0.8334585106149464,0.6298801287287847,0.7965185605885974,1.0546978316788271,-0.2581792710902298,0.3169609760100615,-0.2663786037233168,-0.42854745668352817,-0.26174138293536253
7,65,31,0.832432983233005,0.5627692858758655,0.864540303013896,1.071697577801904,-0.20715727478800797,0.2882941018101223,-0.26740413110525824,-0.3605257142582296,-0.24474163681228578
7,66,31,0.9918352207157209,0.6672003837765613,0.9345340225951538,1.1092754269891205,-0.17474140439396663,0.25685885853270973,-0.10800189362254224,-0.2905319946769717,-0.2071637876250693
7,67,31,1.107469103037405,0.7498480955354351,1.0146637997712813,1.138874290576133,-0.12421049080485187,0.2302166712142476,0.007631988699141988,-0.21040221750084412,-0.17756492403805643
7,68,31,1.076539903255131,0.6574859089773722,1.093957573554057,1.1794943958137176,-0.08553682225966074,0.20105192764126328,-0.023297211083132072,-0.1311084437180686,-0.13694481880047207
7,69,31,1.1215173811634895,0.6833909583940275,1.1768469650163378,1.226719346369477,-0.049872381353139254,0.18534718934533892,0.021680266825226165,-0.048219052255787764,-0.0897198682447127
7,70,31,1.1757474907896337,0.6068722324714556,1.228818369799474,1.235372609256712,-0.00655423945723813,0.17188804371187077,0.07591037645137058,0.0037523525273484124,-0.08106660535747764
7,71,31,1.415077955199061,1.0416511889278042,1.2832297824300876,1.2612333126833235,0.02199646974676385,0.1493780952742047,0.3152408408607979,0.058163765157961976,-0.05520590193086607
7,72,31,1.489072018678021,0.8454430218709557,1.3251726755561701,1.2897511744532262,0.035421501102943946,0.15809110339109309,0.38923490433975794,0.10010665828404462,-0.026688040160963503
7,73,31,1.570686880501381,0.9659474602498043,1.3596191372258344,1.3332430548435377,0.026376082382296592,0.16511635967022198,0.47084976616311774,0.13455311995370897,0.01680384022934819
7,74,31,1.553793849145294,0.9717678982752994,1.4095116523367894,1.3838311573537294,0.025680494983060312,0.17579729556930684,0.4539567348070309,0.18444563506466405,0.06739194273953955
7,75,31,1.6116607684743545,0.9006833968647151,1.4483101275582388,1.4266221115056532,0.02168801605258568,0.18960111303882163,0.5118236541360913,0.22324411028611352,0.11018289689146364
7,76,31,1.4658749649044525,0.8189544204987781,1.4973161239037043,1.4773197959516422,0.01999632795206236,0.19926690034439373,0.3660378505661892,0.27225010663157906,0.16088058133745248
7,77,31,1.4487258852327503,0.8075042701275975,1.551290973322712,1.5158200427132202,0.03547093060949179,0.2080064669238391,0.3488887708944871,0.32622495605058643,0.19938082809903046
7,78,31,1.4508371806223912,0.7752769489437122,1.581170420053758,1.5408434532810917,0.04032696677266615,0.17981273603257136,0.351000066284128,0.3561044027816324,0.2244042386669021
7,79,31,1.3757303588724024,0.7380083782853437,1.5961026102267497,1.5585894379087415,0.03751317231800837,0.1728430172539343,0.2758932445341392,0.3710365929546243,0.24215022329455174
7,80,31,1.3909567671240433,0.8173810627734549,1.6036386757772056,1.5666403168598875,0.03699835891731813,0.17307446498001683,0.29111965278578006,0.3785726585050801,0.2502011022456978
7,81,31,1.2898688921191181,0.7885562922208053,1.634044133897839,1.5932650398401096,0.04077909405772976,0.171426188880896,0.19003177778085506,0.4089781166257137,0.2768258252259198
7,82,31,1.3207022405479716,0.8097266651110292,1.650641951397193,1.5834189083577874,0.06722304303940556,0.17248029290245265,0.2208651262097084,0.42557593412506756,0.26697969374359787
7,83,31,1.3123398770217538,0.8127196251937815,1.6572041764909582,1.581187228348204,0.0760169481427541,0.15181280952693033,0.21250276268349047,0.43213815921883264,0.26474801373401435
7,84,31,1.3052422587627273,0.8119901131787554,1.6418344277295693,1.556497811938077,0.08533661579149235,0.1637803151726448,0.20540514442446423,0.4167684104574438,0.24005859732388726
7,85,31,1.170548837673752,0.22040052020237452,1.6321297076181536,1.5494754739227212,0.08265423369543227,0.16080334679087996,0.07071172333548895,0.4070636903460281,0.23303625930853156
7,86,31,1.1173715535666047,0.20018263556207622,1.6353109092196498,1.5500443770031165,0.08526653221653348,0.1661718888903655,0.017534439228341497,0.4102448919475245,0.23360516238892687
7,87,31,1.0908992364692434,0.2052234930462782,1.6345632002720907,1.5561010411759069,0.07846215909618388,0.17011179382852099,-0.008937877869019813,0.40949718299996524,0.23966182656171717
7,88,31,1.0830088433652758,0.2605992369675507,1.6269248823785702,1.5620963086984587,0.0648285736801116,0.16970540863143893,-0.016828270972987287,0.4018588651064448,0.24565709408426903
7,89,31,1.128753234725575,0.40579425991804935,1.6367136892066168,1.5668510652731595,0.06986262393345735,0.1693221207003455,0.028916120387312092,0.41164767193449125,0.25041185065896976
7,90,31,1.070424812680955,0.3880220885695753,1.6430969953222183,1.5901646899806734,0.05293230534154521,0.15586462648746222,-0.02941230165730823,0.418030978050093,0.27372547536648356
7,91,31,1.106972092218758,0.4290699677135885,1.6415889994840145,1.5975802018284317,0.044008797655582486,0.16419846391361947,0.0071349778804948,0.41652298221188894,0.28114098721424224
7,92,31,1.0876686148357484,0.5571499920435004,1.648551795869515,1.614887926579491,0.033663869290024094,0.15014919557635015,-0.012168499502514842,0.4234857785973897,0.29844871196530137
7,93,31,1.0968374022754352,0.5544122382088499,1.6561345762625432,1.6298618320889013,0.026272744173641907,0.15190816209905816,-0.002999712062827958,0.4310685589904178,0.3134226174747117
7,94,31,1.1045744742637595,0.5714822785618935,1.63359476652115,1.604428348905381,0.029166417615769054,0.17172283378678244,0.004737359925496502,0.40852874924902466,0.2879891342911914
7,95,31,1.0758426718898846,0.5750414681648004,1.6179361775128038,1.587569787931213,0.030366389581590898,0.16421515909706672,-0.02399444244837876,0.3928701602406783,0.2711305733170232
8,0,31,1.1173355323406402,0.8470378710708358,1.4907248292832052,1.4896409770689212,0.0010838522142842587,0.17415064826857124,0.014842972905790093,0.37814350877686453,0.23073026278050102
8,1,31,1.1488909472819864,0.9171831575589648,1.480117506022247,1.4554183846884088,0.0246991213338383,0.12871205971946917,0.04639838784713617,0.3675361855159063,0.1965076703999887
8,2,31,1.1662772949720062,0.8891806191808359,1.4723350168494458,1.4552502791217468,0.017084737727699154,0.13585323215033757,0.0637847355371559,0.359753696343105,0.19633956483332657
8,3,31,1.1911788403183423,1.0236440519280412,1.460664178731817,1.4484875987156156,0.012176580016201609,0.12664771612175507,0.08868628088349198,0.34808285822547635,0.18957688442719547
8,4,31,1.1752977899002444,0.9283709369298501,1.4577382234105853,1.4559023187863813,0.0018359046242038958,0.1370743558729662,0.07280523046539418,0.34515690290424456,0.1969916044979614
8,5,31,1.1667315113427128,0.9319568609021632,1.4495100542796615,1.4436940903126692,0.005815963966992208,0.1352778817430011,0.06423895190786265,0.3369287337733206,0.18478337602424919
8,6,31,1.1527380347398908,0.9338100540519856,1.4478121450741948,1.4377063559826484,0.010105789091546458,0.13041399567649894,0.05024547530504046,0.335230824567854,0.17879564169422837
8,7,31,1.1568427098820413,0.9270961005996146,1.442602659661454,1.4355740100523564,0.0070286496090977415,0.13244214375454436,0.054350150447191,0.3300213391551133,0.17666329576393633
8,8,31,1.162284172743312,0.909497398096396,1.4384013099602906,1.4404314487919179,-0.0020301388316272674,0.1291423792039325,0.05979161330846179,0.3258199894539497,0.18152073450349773
8,9,31,1.1455157276217571,0.8912700405084899,1.4397911726711754,1.449993128734042,-0.010201956062866736,0.14259109600329603,0.043023168186906935,0.32720985216483445,0.1910824144456219
8,10,31,1.1539829734640308,0.885542873022857,1.4384683847826767,1.443288112315183,-0.004819727532506386,0.13372844203477666,0.05149041402918044,0.3258870642763361,0.18437739802676323
8,11,31,1.145080291548348,0.8807160387883763,1.4371908865381642,1.4561917472105335,-0.019000860672369356,0.13189803460512206,0.04258773211349783,0.3246095660318234,0.1972810329221135
8,12,31,1.1211678418596875,0.8702069661079013,1.4428567748317294,1.4607843704793178,-0.017927595647588303,0.1274762768113749,0.018675282424837257,0.3302754543253886,0.20187365619089767
8,13,31,1.1275028568989394,0.8725386715129921,1.444094412760207,1.4711408587889705,-0.02704644602876381,0.13633931535729082,0.025010297464088994,0.331513092253866,0.21223014450055058
8,14,31,1.119073479524987,0.86716076597601,1.4481427459019702,1.479038992647114,-0.0308962467451437,0.13655829825128735,0.016580920090136907,0.33556142539562955,0.22012827835869397
8,15,31,1.112263415326223,0.8619363692436591,1.4539480548128603,1.4915549961490104,-0.03760694133615034,0.12843371617321558,0.009770855891372774,0.3413667343065193,0.23264428186059044
8,16,31,1.0866996335948504,0.8319246161956186,1.4604549460059315,1.495435879767906,-0.03498093376197468,0.12462416035026751,-0.01579292583999958,0.3478736254995906,0.23652516547948604
8,17,31,1.0827417115955176,0.838624841742473,1.4613912562331655,1.5009237539712996,-0.03953249773813432,0.11726043071783511,-0.019750847839332543,0.34880993572682467,0.2420130396828797
8,18,31,1.113329684664597,0.8517099555285449,1.4653854544508242,1.5042832637515653,-0.038897809300741035,0.10723979158630965,0.01083712522974677,0.35280413394448334,0.24537254946314516
8,19,31,1.1211098589745883,0.8876592212749889,1.4699702051940804,1.5134608187412035,-0.04349061354712331,0.11036056929215907,0.01861729953973795,0.3573888846877396,0.25455010445278364
8,20,31,1.1150177563053008,0.8080140078019915,1.4773640902188367,1.515410716630165,-0.03804662641132807,0.1144539206115109,0.012525196870450707,0.36478276971249607,0.25650000234174486
8,21,31,1.1096284267283318,0.7902363035159737,1.4883714192165358,1.5322420404757824,-0.043870621259246644,0.10560013454531013,0.007135867293481518,0.37579009871019503,0.2733313261873624
8,22,31,1.1853552035382933,0.8524529680429337,1.4975287273373594,1.5418128371644233,-0.04428410982706398,0.10107397529951792,0.08286264410344304,0.38494740683101863,0.28290212287600336
8,23,31,1.2210448494995043,0.8278361450940802,1.5092946465607182,1.555695040556221,-0.046400393995502935,0.10356239465455247,0.11855229006465394,0.3967133260543773,0.29678432626780105
8,24,31,1.2635884829777493,0.8522222455614954,1.517720556340033,1.5551086731375856,-0.03738811679755247,0.09755696976429373,0.1610959235428989,0.4051392358336923,0.2961979588491655
8,25,31,1.1954581824878183,0.7742850082335162,1.5266220526255971,1.5579203863498625,-0.0312983337242652,0.0951593559192282,0.0929656230529681,0.4140407321192564,0.29900967206144236
8,26,31,1.1977693905503324,0.7755569140767941,1.5140715728912162,1.5429038832382418,-0.02883231034702565,0.09866523133215463,0.09527683111548209,0.40149025238487535,0.2839931689498218
8,27,31,1.2403725462823074,0.8181144633030925,1.4876091189501095,1.522020832920892,-0.03441171397078238,0.09858379141289961,0.13787998684745723,0.3750277984437687,0.2631101186324718
8,28,31,1.1606931839509336,0.7408219339664366,1.4479959278253136,1.4840924301256824,-0.036096502300368656,0.0956294452309276,0.05820062451608337,0.3354146073189729,0.22518171583726232
8,29,31,1.1232572782147685,0.665023304876823,1.4023318185664746,1.4428782206771331,-0.0405464021106586,0.09055843030312023,0.020764718779918485,0.28975049806013387,0.18396750638871323
8,30,31,1.0736543054441205,0.6568914483735805,1.333521104301194,1.3779013358551786,-0.04438023155398442,0.10233604520377186,-0.02883825399072965,0.22093978379485338,0.11899062156675853
8,31,31,1.0190452032610353,0.6316562014553753,1.2516031779646255,1.3059593245611447,-0.05435614659651916,0.10907820727469071,-0.08344735617381492,0.1390218574582848,0.04704861027272473
8,32,31,0.8533808141875994,0.48695539720620046,1.1655789151660243,1.240775740699681,-0.07519682553365685,0.11153029537685777,-0.24911174524725085,0.052997594659683456,-0.01813497358873894
8,33,31,0.8768737346120373,0.5245619558786843,1.0753741377122685,1.1644385979410565,-0.08906446022878789,0.12968271044598909,-0.2256188248228129,-0.03720718279407213,-0.0944721163473635
8,34,31,0.7968975820086155,0.5364945673903923,0.9897658971678612,1.0953457848443566,-0.10557988767649547,0.13767164981410177,-0.30559497742623465,-0.12281542333847952,-0.16356492944406328
8,35,31,0.8274961254089608,0.6535924859494703,0.9046237418057899,1.0316539993260452,-0.12703025752025524,0.15663113448304974,-0.2749964340258894,-0.20795757870055084,-0.22725671496237487
8,36,31,0.8470476463907047,0.7094442341743364,0.8244360517981922,0.997686947314395,-0.1732508955162027,0.19688403617359337,-0.2554449130441455,-0.2881452687081485,-0.261223766974025
8,37,31,0.8540558786445602,0.7717333823281401,0.7532216835605017,0.9435218678173278,-0.19030018425682618,0.209721930956345,-0.24843668079028997,-0.35935963694583917,-0.3153888464710922
8,38,31,0.8682489600465295,0.8924040009911752,0.6862993800451449,0.89514682724629,-0.20884744720114523,0.22520655524828284,-0.23424359938832068,-0.42628194046119594,-0.3637638870421299
8,39,31,0.8809904168295093,0.9216071726120981,0.6302758868350795,0.8638033169890382,-0.2335274301539587,0.24395861696732837,-0.22150214260534087,-0.4823054336712612,-0.3951073972993818
8,40,31,0.799269133321463,0.7899882812524311,0.5766481298274965,0.8472387315011803,-0.27059060167368393,0.274750597993626,-0.30322342611338726,-0.5359331906788443,-0.4116719827872396
8,41,31,0.8573056910736545,0.9385845162549651,0.5252382985320229,0.8121528081099664,-0.28691450957794346,0.2973922528784872,-0.24518686836119571,-0.5873430219743179,-0.4467579061784537
8,42,31,0.8558300523040222,0.9130641264376622,0.48531165420689426,0.7909285245309381,-0.3056168703240439,0.30961357960587965,-0.24666250713082802,-0.6272696662994466,-0.4679821897574819
8,43,31,0.9091686622436936,1.0158749463156114,0.4458158496768242,0.803531713990837,-0.35771586431401287,0.3577158643140128,-0.1933238971911566,-0.6667654708295166,-0.45537900029758305
8,44,31,0.9141646318231663,1.0528697465516133,0.415859826799479,0.796319439986019,-0.3804596131865399,0.3804596131865399,-0.18832792761168385,-0.6967214937068618,-0.4625912743024011
8,45,31,0.889377820752124,0.9352175429543793,0.37793943226299614,0.7646528847157226,-0.3867134524527264,0.3867134524527264,-0.21311473868272618,-0.7346418882433446,-0.4942578295726975
8,46,31,0.904979424451416,0.9740456059718909,0.3701257923210798,0.7759310240671438,-0.40580523174606387,0.4058052317460639,-0.19751313498343423,-0.742455528185261,-0.4829796902212763
8,47,31,0.8209614029459866,0.9326011522761957,0.3616887976638662,0.7803587314994365,-0.4186699338355703,0.4186699338355703,-0.28153115648886357,-0.7508925228424745,-0.47855198278898353
8,48,31,0.791380176961551,0.9057898184987114,0.3452013538773026,0.8096202528431357,-0.46441889896583305,0.46441889896583305,-0.31111238247329914,-0.7673799666290381,-0.4492904614452844
8,49,31,0.880641288024009,1.0074247739149955,0.33273276650617234,0.8121290095557842,-0.4793962430496118,0.4798872805183195,-0.22185127141084127,-0.7798485540001684,-0.4467817047326359
8,50,31,0.8794179004607023,1.0219531979080647,0.3113665964900421,0.8028635673199497,-0.4914969708299075,0.4947776874882936,-0.22307465897414788,-0.8012147240162987,-0.45604714696847043
8,51,31,0.8301019686274393,0.9948656682269632,0.2960274555649733,0.796827036904975,-0.5007995813400017,0.5084517666419953,-0.2723905908074109,-0.8165538649413675,-0.462083677383445
8,52,31,0.8878341418890037,1.046695591784436,0.2821994775860795,0.7928778342427047,-0.5106783566566252,0.5131258072078346,-0.2146584175458466,-0.8303818429202613,-0.4660328800457153
8,53,31,0.7788574131487421,0.9044739890943857,0.28674049961713566,0.7787381223506628,-0.49199762273352704,0.49810163517048406,-0.3236351462861081,-0.8258408208892051,-0.4801725919377573
8,54,31,0.7529005792935994,0.8753301973934519,0.28479566910092796,0.785498178581618,-0.5007025094806901,0.5088433795426126,-0.3495919801412507,-0.8277856514054128,-0.47341253570680203
8,55,31,0.7023443268420893,0.8427110276178312,0.30490345663137064,0.7784205066655685,-0.4735170500341978,0.48437887304282756,-0.4001482325927609,-0.8076778638749702,-0.4804902076228516
8,56,31,0.7516334736611737,0.8973369007295806,0.3262096099514498,0.7859231818491298,-0.45971357189768,0.47009060116474505,-0.35085908577367647,-0.786371710554891,-0.47298753243929026
8,57,31,0.7944200195093832,0.9268261277102482,0.35515369658765295,0.8174345262066461,-0.4622808296189932,0.4782373529986139,-0.308072539925467,-0.7574276239186878,-0.44147618808177386
8,58,31,0.7990624474266136,0.8791309226427185,0.3850161314244545,0.8173771110635715,-0.4323609796391169,0.44660151867563647,-0.3034301120082366,-0.7275651890818863,-0.4415336032248486
8,59,31,0.8307611262752138,0.8672964195697197,0.4291395331441887,0.845200855877224,-0.4160613227330355,0.4351003018120561,-0.27173143315963644,-0.6834417873621521,-0.4137098584111959
8,60,31,0.8074827938379308,0.8105994258433998,0.4734415371312888,0.889121313842615,-0.41567977671132605,0.4322460136197688,-0.2950097655969195,-0.639139783375052,-0.36978940044580516
8,61,31,0.8611259935173802,0.8934657308470989,0.514334601831576,0.9385940966586097,-0.4242594948270338,0.4380061007532722,-0.24136656591747002,-0.5982467186747649,-0.3203166176298103
8,62,31,0.8244595668475413,0.8628810015146289,0.5694494065203546,0.9629211054280526,-0.39347169890769806,0.4081889329382566,-0.2780329925873088,-0.5431319139859861,-0.29598960886036735
8,63,31,0.8213784692203997,0.8518281239076497,0.6176618613414796,0.9848313619714051,-0.3671695006299254,0.3782808917466721,-0.28111409021445044,-0.4949194591648611,-0.27407935231701497
8,64,31,0.7975137399592988,0.8004561564511363,0.6927404406368183,1.010405012304843,-0.3176645716680246,0.3350800459566979,-0.3049788194755515,-0.41984087986952245,-0.24850570198357708
8,65,31,0.9833432423507767,1.1636600494090725,0.7489285782169773,1.038132205569779,-0.28920362735280153,0.30777075258853887,-0.11914931708407346,-0.36365274228936334,-0.22077850871864108
8,66,31,0.8717555391632669,0.8427151234460999,0.8300043931662499,1.0974494684475113,-0.2674450752812612,0.2832005777935209,-0.23073702027158338,-0.2825769273400909,-0.1614612458409089
8,67,31,0.9367759045203695,0.7820737629238611,0.9018853471430422,1.09943350323596,-0.1975481560929177,0.2343273737608406,-0.1657166549144808,-0.2106959733632985,-0.15947721105246004
8,68,31,0.9625039881969524,0.7637396599229523,0.9928031763342747,1.1648063217986924,-0.1720031454644177,0.19141118311086205,-0.1399885712378979,-0.11977814417206606,-0.0941043924897276
8,69,31,1.0512839952499493,0.8069048690308737,1.0750196704637116,1.21938674488396,-0.1443670744202482,0.1728831716585669,-0.051208564184900746,-0.037561650042629215,-0.039523969404460256
8,70,31,1.358476704758371,1.0449625361313255,1.1326609450475764,1.2561411459987097,-0.12348020095113325,0.1446639455481324,0.2559841453235207,0.02007962454123566,-0.00276956828971034
8,71,31,1.3116936500704794,0.7486344307925702,1.2027954199559465,1.3212360055925851,-0.1184405856366386,0.1484522365032749,0.20920109063562908,0.09021409944960573,0.06232529130416508
8,72,31,1.554860323732819,1.01500617720519,1.260489879331525,1.3765264490405567,-0.11603656970903185,0.1467146253371716,0.4523677642979686,0.14790855882518417,0.11761573475213674
8,73,31,1.616831199832002,1.059573713675047,1.3104976319282258,1.4308998789977179,-0.12040224706949211,0.15401413054439161,0.5143386403971518,0.19791631142188498,0.17198916470929784
8,74,31,1.8203729855649604,1.255861068410878,1.3716080208503534,1.4840701698810859,-0.1124621490307326,0.1488896367362733,0.7178804261301103,0.25902670034401254,0.2251594555926659
8,75,31,2.028415987799403,1.3768460211137712,1.4339397597171073,1.5416079026564984,-0.10766814293939082,0.14658009111500242,0.9259234283645529,0.3213584392107666,0.28269718836807817
8,76,31,1.8303969435914298,1.3997862172536417,1.4808266441191598,1.562415666292937,-0.08158902217377738,0.14152233279627355,0.7279043841565797,0.36824532361281886,0.303504952004517
8,77,31,1.7382844087015685,1.1949828377355227,1.520685512333708,1.588232279052152,-0.06754676671844405,0.14693222827698083,0.6357918492667183,0.40810419182736724,0.32932156476373203
8,78,31,1.6941883732712946,1.0872316269363285,1.544971620165925,1.606442765308152,-0.06147114514222714,0.15918660603827087,0.5916958138364442,0.4323902996595842,0.34753205101973206
8,79,31,1.5708431777297105,0.9405081288913096,1.5542350716481776,1.5974707782480329,-0.0432357065998553,0.16278249518417356,0.46835061829486013,0.4416537511418369,0.33856006395961297
8,80,31,1.6109844725224887,1.0374693873397751,1.5664785002647676,1.5949533572328636,-0.02847485696809601,0.14922469413740813,0.5084919130876385,0.45389717975842697,0.33604264294444375
8,81,31,1.443657667952198,0.9563014257368148,1.5719804228542331,1.5728947443032684,-0.0009143214490351918,0.1440771483077007,0.34116510851734794,0.45939910234789244,0.31398403001484837
8,82,31,1.4201631055345538,0.9130154276574818,1.5691572854310607,1.5550089544808978,0.01414833095016294,0.14763799566612396,0.31767054609970363,0.45657596492471997,0.29609824019247777
8,83,31,1.3823447180058845,0.9218589187318061,1.5544749122103834,1.5310355759386198,0.023439336271763568,0.15262607760949026,0.2798521585710344,0.44189359170404263,0.2721248616501998
8,84,31,1.3612987779572108,0.9621395173583126,1.5395378130200366,1.5157448238989082,0.023792989121128177,0.15850918426546828,0.2588062185223606,0.4269564925136958,0.25683410961048836
8,85,31,1.372185706038193,0.9591868045999578,1.5212094651031145,1.4963627565378266,0.024846708565288186,0.1490525844413826,0.26969314660334265,0.4086281445967739,0.23745204224940644
8,86,31,1.319559823774653,0.8724845929187205,1.518819746405777,1.4924690461316483,0.026350700274128825,0.148262142158414,0.2170672643398028,0.40623842589943643,0.2335583318432283
8,87,31,1.236029782125236,0.652631688306935,1.5121399537396878,1.4936166477049493,0.01852330603473831,0.15383089072606793,0.13353722269038582,0.399558633233347,0.23470593341652943
8,88,31,1.3038336338408294,0.9157645508213748,1.510271427903382,1.4868147856487768,0.02345664225460527,0.15884969361675305,0.20134107440597904,0.39769010739704125,0.22790407136035673
8,89,31,1.2746983116364934,0.9037759085075484,1.5106297409259042,1.488381101518047,0.022248639407856905,0.15891052471199654,0.17220575220164314,0.39804842041956323,0.22947038722962707
8,90,31,1.1657863390033072,0.7275116668094805,1.5238664877132069,1.490871647359862,0.032994840353344684,0.16868532839837108,0.06329377956845701,0.41128516720686603,0.2319609330714421
8,91,31,1.1702574865042001,0.7973323527036766,1.5331512493076644,1.5023294974664394,0.030821751841225143,0.16465617888203193,0.06776492706935001,0.42056992880132366,0.2434187831780192
8,92,31,1.1045436868911407,0.7585660455032297,1.5289701690975153,1.5040774243556483,0.02489274474186701,0.16492990749952788,0.002051127456290407,0.41638884859117453,0.24516671006722832
8,93,31,1.0485654702476852,0.7017880868400627,1.5263488443186966,1.4958671267625607,0.030481717556135844,0.17205026750658678,-0.053927089187165114,0.41376752381235576,0.23695641247414068
8,94,31,1.0203926639359968,0.7606819558396559,1.510094024612605,1.4896930533728447,0.020400971239760188,0.1678131973519499,-0.08209989549885337,0.39751270410626405,0.23078233908442464
8,95,31,1.0566651148608868,0.7999333783918928,1.498373055700235,1.4866396219557794,0.01173343374445575,0.17491138760321162,-0.04582744457396332,0.3857917351938942,0.2277289076673592
9,0,29,1.0458667800987,1.073203093216412,1.3114430674828108,1.3862262640349967,-0.07478319655218588,0.1550896421876349,0.1201909703108433,0.4184696373498986,0.23225908744035917
9,1,29,0.9796582521791011,0.9111729018974821,1.2975845971188236,1.3518848583010197,-0.054300261182195976,0.11793882758545651,0.06450297734487137,0.4390051484612197,0.2171159314346376
9,2,29,1.0657240727722284,1.1220166267911966,1.2944336850826983,1.3464542034416611,-0.052020518358962736,0.11794949200246924,0.15056879793799854,0.4358542364250943,0.2116852765752789
9,3,29,0.914350269063724,0.8555850904477951,1.2873217522351004,1.3467897819334667,-0.0594680296983665,0.12152381283105897,-0.0008050057705057075,0.4287423035774963,0.21202085506708468
9,4,29,0.9288245878064008,0.8504797568304323,1.2848666631811194,1.341444998604295,-0.05657833542317554,0.11859155761722279,0.013669312972171053,0.42628721452351537,0.20667607173791283
9,5,29,0.9665002493221422,0.9028777475722886,1.281950223225166,1.3480583155462544,-0.06610809232108841,0.1291014252215484,0.051344974487912406,0.42337077456756217,0.21328938867987246
9,6,29,0.9701223943271118,0.9084621810403439,1.2712071893876495,1.3421184529112993,-0.07091126352364986,0.13285048772209823,0.054967119492882036,0.4126277407300455,0.20734952604491727
9,7,29,0.9302171466740816,0.8599590838457704,1.2690327607052112,1.3409996564190174,-0.0719668957138061,0.13431262524101817,0.015061871839851866,0.4104533120476074,0.2062307295526354
9,8,29,0.9802955118657529,0.9065780658131349,1.2653222448729573,1.348408500178368,-0.08308625530541092,0.13877627622847863,0.06514023703152315,0.4067427962153533,0.2136395733119861
9,9,29,1.0653084113928646,1.0806156009020458,1.2609307298400296,1.3500854495256884,-0.08915471968565876,0.14777409394038246,0.15015313655863488,0.4023512811824259,0.2153165226593065
9,10,29,0.9354693556632067,0.7253940560853326,1.2621278529688293,1.3491116745953697,-0.08698382162654016,0.15046708896844885,0.020314080828976927,0.40354840431122563,0.21434274772898765
9,11,29,0.9921022038567837,0.8211443574045479,1.2597883555550327,1.3474663799461666,-0.08767802439113392,0.15416672274252666,0.07694692902255397,0.40120890689742866,0.21269745307978447
9,12,29,0.8715135610308163,0.4792250984437958,1.2580556175227948,1.3474247379368784,-0.08936912041408358,0.1530426544976172,-0.04364171380341346,0.39947616886519094,0.21265581107049644
9,13,29,0.9048456763194461,0.7397676213563464,1.2580527640053176,1.3491513336518344,-0.09109856964651673,0.1574151380199117,-0.010309598514783616,0.3994733153477138,0.2143824067854524
9,14,29,0.8989282335999275,0.7225135589595076,1.2591589131277634,1.3464970303861725,-0.08733811725840912,0.15295165630891167,-0.01622704123430229,0.40057946447015963,0.21172810351979063
9,15,29,0.8819399807929862,0.7109087505086447,1.2617181555696675,1.3557740575285286,-0.09405590195886125,0.15939734119025314,-0.03321529404124355,0.40313870691206344,0.2210051306621466
9,16,29,0.8657853544895511,0.7296201423752242,1.265883106151364,1.3578592049692182,-0.09197609881785414,0.15372950582735417,-0.04936992034467867,0.4073036574937601,0.2230902781028361
9,17,29,0.8417409508296009,0.7416075986895067,1.27101218290513,1.3703389427446189,-0.09932675983948885,0.15741605694926883,-0.07341432400462895,0.41243273424752613,0.2355700158782368
9,18,29,0.8517925184056305,0.7375347858446084,1.2724532334135394,1.3687435604689175,-0.09629032705537807,0.15349208350029855,-0.06336275642859933,0.4138737847559356,0.23397463360253562
9,19,29,0.8270449240775036,0.7550278339492063,1.2815368984732785,1.3823680665821143,-0.10083116810883598,0.15867259611571125,-0.08811035075672614,0.4229574498156744,0.24759913971573233
9,20,29,0.8155220315027868,0.7534589933107563,1.2850813782801136,1.3862669629325761,-0.10118558465246254,0.15888607791477877,-0.09963324333144294,0.4265019296225098,0.2514980360661942
9,21,29,0.8308837307938068,0.7588896218060941,1.290047417620047,1.3971064843525893,-0.10705906673254248,0.1630946050938838,-0.08427154404042286,0.43146796896244294,0.26233755748620735
9,22,29,0.8644835192852997,0.8995506706051987,1.2989856742001988,1.4088379234430843,-0.10985224924288524,0.1655213282495516,-0.050671755548930164,0.44040622554259506,0.2740689965767022
9,23,29,0.8268304564088164,0.6096590714139458,1.3083368927969659,1.4150679017490198,-0.10673100895205381,0.1674856848444841,-0.0883248184254134,0.4497574441393621,0.2802989748826377
9,24,29,0.9466031347745814,1.0219572204069642,1.3184416334665632,1.430763747180198,-0.11232211371363444,0.16727423436294278,0.031447859940351625,0.4598621848089594,0.2959948203138158
9,25,29,0.9599123071698785,0.896043838255657,1.3348045248815974,1.443232651262125,-0.10842812638052776,0.1645105301390817,0.04475703233564875,0.4762250762239935,0.3084637243957431
9,26,29,1.0133600636536522,1.0343507673449286,1.334647799061507,1.4465557174585997,-0.11190791839709267,0.17034070162761986,0.09820478881942243,0.47606835040390316,0.3117867905922177
9,27,29,0.9324307163000516,0.9377466148515903,1.3238867010074178,1.4307570486688315,-0.10687034766141383,0.17242023876276077,0.01727544146582182,0.4653072523498138,0.29598812180244954
9,28,29,0.8945709746062759,0.7552049391244496,1.2988089253930641,1.4185488061537537,-0.11973988076068956,0.17545427749407258,-0.020584300227953874,0.44022947673546037,0.28377987928737175
9,29,29,0.9214191453640822,0.7908231698073418,1.2611761323430812,1.3726847759345093,-0.11150864359142815,0.17833410536985042,0.006263870529852494,0.4025966836854774,0.2379158490681274
9,30,29,0.7731252290204856,0.5286443958482522,1.1837879645222997,1.3165712253072197,-0.13278326078492006,0.1923312857020583,-0.1420300458137441,0.32520851586469574,0.1818022984408377
9,31,29,0.617644835690683,0.48270218402582177,1.1005424200675389,1.2479430901360136,-0.14740067006847452,0.2071410414094668,-0.29751043914354686,0.24196297140993508,0.11317416326963148
9,32,29,0.590080858519483,0.500031173084933,0.9977629282628171,1.17988974527768,-0.18212681701486286,0.2239472436922521,-0.32507441631474676,0.1391834796052132,0.045120818411297975
9,33,29,0.7111270689393607,0.8425466043758532,0.895340029413357,1.119161863430715,-0.22382183401735808,0.25401611156269616,-0.20402820589486903,0.0367605807557531,-0.015607063435666925
9,34,29,0.6622731989486548,0.6162912793800052,0.7796056649909053,1.0558195066510139,-0.2762138416601085,0.29295668618195614,-0.2528820758855751,-0.0789737836666986,-0.07894942021536824
9,35,29,0.6531686898809509,0.6417402580174153,0.6540472928174533,0.972565982020257,-0.31851868920280374,0.32881011762600365,-0.26198658495327887,-0.20453215584015055,-0.1622029448461249
9,36,29,0.6322284177571512,0.5932754182923629,0.54273261586743,0.913251220065716,-0.370518604198286,0.37092680229165503,-0.28292685707707854,-0.3158468327901739,-0.22151770680066604
9,37,29,0.5864718777703919,0.5751760986000893,0.4368425481888895,0.8454760206143689,-0.40863347242547937,0.40863347242547937,-0.3286833970638378,-0.4217369004687144,-0.28929290625201315
9,38,29,0.5993976412132276,0.6503337449540395,0.35221643328682817,0.8054907925925349,-0.4532743593057067,0.4532743593057067,-0.31575763362100207,-0.5063630153707757,-0.3292781342738471
9,39,29,0.7232075774526644,1.0519372720048565,0.27232125690338893,0.7567988056414864,-0.4844775487380975,0.4844775487380975,-0.1919476973815654,-0.586258191754215,-0.3779701212248956
9,40,29,0.5399210943456297,0.6184729454488271,0.19735654762082244,0.731451856272554,-0.5340953086517315,0.5340953086517316,-0.3752341804886001,-0.6612229010367814,-0.4033170705938281
9,41,29,0.5767212231433184,0.635569371941028,0.13707441905911055,0.704006338257848,-0.5669319191987374,0.5669319191987374,-0.3384340516909114,-0.7215050295984934,-0.430762588608534
9,42,29,0.5153254374707672,0.6396268743844986,0.0781320895000655,0.6924451429219336,-0.6143130534218681,0.6143130534218681,-0.39982983736346256,-0.7804473591575384,-0.44232378394444843
9,43,29,0.5214611874336043,0.6004533361936569,0.029392801869477406,0.6692473274957674,-0.6398545256262899,0.6403471684911072,-0.39369408740062545,-0.8291866467881266,-0.4655215993706147
9,44,29,0.5490379997542857,0.6068397403745325,-0.012438748689603209,0.6443145492610249,-0.6567532979506282,0.6567532979506283,-0.36611727507994407,-0.8710181973472071,-0.490454377605357
9,45,29,0.628095938432625,0.873120209301419,-0.05284216211597686,0.6125393504861847,-0.6653815126021614,0.6654913004779845,-0.2870593364016047,-0.9114216107735809,-0.5222295763801974
9,46,29,0.5335865641190272,0.6673896598198858,-0.08137059001333435,0.6107958754898798,-0.6921664655032141,0.692166465503214,-0.3815687107152026,-0.9399500386709383,-0.5239730513765023
9,47,29,0.46338849875331617,0.6068983639344336,-0.10725799075600509,0.6025299366462116,-0.7097879274022166,0.7097879274022166,-0.45176677608091365,-0.965837439413609,-0.5322389902201704
9,48,29,0.4157762374962174,0.5931400744021151,-0.13543393669785633,0.5930333095698576,-0.7284672462677139,0.7284672462677139,-0.49937903733801237,-0.9940133853554601,-0.5417356172965245
9,49,29,0.508808801704512,0.6182131108406321,-0.15546787834749168,0.6034300279515011,-0.7588979062989928,0.7588979062989929,-0.40634647312971767,-1.0140473270050956,-0.531338898914881
9,50,29,0.49777035374612416,0.6432969089158009,-0.17129317190626478,0.5918234665241674,-0.7631166384304322,0.7631166384304322,-0.4173849210881056,-1.0298726205638686,-0.5429454603422146
9,51,29,0.46698124358682375,0.6126631187983926,-0.19004806062020857,0.5866036575875625,-0.7766517182077711,0.7766517182077709,-0.44817403124740596,-1.0486275092778126,-0.5481652692788196
9,52,29,0.46077682008915377,0.6179418050254825,-0.19914761348488488,0.5853627885848939,-0.7845104020697787,0.7845104020697787,-0.454378454745076,-1.0577270621424888,-0.5494061382814882
9,53,29,0.4638767829442762,0.616444011328631,-0.19545579061034246,0.5717540251825257,-0.7672098157928682,0.7672098157928681,-0.45127849188995356,-1.0540352392679464,-0.5630149016838564
9,54,29,0.4670448708235698,0.7236834940520891,-0.18755834243887556,0.5805452288831884,-0.768103571322064,0.768103571322064,-0.44811040401065994,-1.0461377910964795,-0.5542236979831936
9,55,29,0.38894561907958236,0.6017063140386191,-0.16976254996788853,0.5837831490200213,-0.7535456989879098,0.7535456989879099,-0.5262096557546474,-1.0283419986254925,-0.5509857778463608
9,56,29,0.3981510541090213,0.612624389106114,-0.13973641231255013,0.600864038633528,-0.7406004509460781,0.7406004509460782,-0.5170042207252085,-0.998315860970154,-0.533904888232854
9,57,29,0.3930840223192539,0.7092482129119598,-0.10707168992002682,0.6217155372227736,-0.7287872271428003,0.7287872271428004,-0.5220712525149759,-0.9656511385776307,-0.5130533896436085
9,58,29,0.3850014983162511,0.7042213488534442,-0.06282154147538324,0.628997133448516,-0.6918186749238993,0.6918186749238994,-0.5301537765179787,-0.9214009901329872,-0.5057717934178659
9,59,29,0.3740692420219497,0.570455263061942,-0.011263510588913535,0.6728277422769356,-0.6840912528658492,0.6840912528658494,-0.5410860328122801,-0.8698429592465174,-0.4619411845894464
9,60,29,0.3530032512545104,0.5788884973853653,0.04099416409123812,0.6986946122031805,-0.6577004481119424,0.6577004481119424,-0.5621520235797194,-0.8175852845663658,-0.43607431466320146
9,61,29,0.45335228947581147,0.6772373082125507,0.09444119936535723,0.7277357543171028,-0.6332945549517455,0.6332945549517455,-0.4618029853584183,-0.7641382492922467,-0.4070331725492793
9,62,29,0.6179545248102246,1.0864672839379814,0.144456710596511,0.7422603033708861,-0.5978035927743751,0.5978035927743751,-0.2972007500240051,-0.7141227380610929,-0.3925086234954959
9,63,29,0.7761809819162827,1.0967885426488253,0.19198516370499727,0.758740527555412,-0.5667553638504148,0.5667553638504148,-0.138974292917947,-0.6665942849526066,-0.37602839931096993
9,64,29,0.7641890030237619,1.0946750888392307,0.2599000404186253,0.790066829339304,-0.5301667889206788,0.5301667889206789,-0.15096627181046773,-0.5986794082389786,-0.34470209752707787
9,65,29,0.9830472801528889,1.311246773026398,0.3304114003954716,0.801340786704067,-0.4709293863085955,0.4729871593273836,0.06789200531865916,-0.5281680482621323,-0.333428140162315
9,66,29,1.1408949357960432,1.3485803129953415,0.4225648283968964,0.8381609560141464,-0.41559612761725,0.4239851788124195,0.22573966096181344,-0.43601462026070753,-0.29660797085223567
9,67,29,1.2911863085649378,1.461624302809559,0.5206963996957057,0.8823920971305086,-0.36169569743480307,0.3842521727167609,0.3760310337307079,-0.3378830489618983,-0.25237682973587333
9,68,29,1.3959168499511332,1.5953246831430088,0.6214085422704443,0.9319640798527478,-0.31055553758230353,0.34339657349963454,0.48076157511690343,-0.23717090638715957,-0.20280484701363416
9,69,29,1.5623818274923544,1.687494427550238,0.7199592420855019,0.9752937029050818,-0.25533446081958,0.2867162369178196,0.6472265526581246,-0.13862020657210208,-0.15947522396130023
9,70,29,1.5433038587668333,1.6276615695851353,0.8698054975438165,1.0816005775941262,-0.21179508005030961,0.2432295253101227,0.6281485839326038,0.011226048886212652,-0.05316834927225587
9,71,29,1.629499456982496,1.6537467577063047,0.9933991020223606,1.1952759840625662,-0.20187688204020568,0.22990282485568442,0.7143441821482663,0.13481965336475665,0.060507057196184204
9,72,29,1.6971185349194764,1.7525471358589262,1.117551101179458,1.2970739142197851,-0.17952281304032702,0.20882930809729053,0.7819632600852466,0.2589716525218543,0.1623049873534032
9,73,29,1.785576959018521,1.6267700020192442,1.2286166273619472,1.3964722780020742,-0.16785565064012697,0.19400088361452186,0.8704216841842914,0.3700371787043432,0.2617033511356921
9,74,29,1.8611133495472292,1.691802475476985,1.2944239637773942,1.4420208494459632,-0.14759688566856904,0.17880914348277327,0.9459580747129995,0.4358445151197902,0.3072519225795811
9,75,29,1.7999176605640312,1.532312059351877,1.3573969593202402,1.4896797179761045,-0.1322827586558645,0.1681659343922608,0.8847623857298015,0.49881751066263613,0.35491079110972257
9,76,29,1.6079064571713872,1.4103534109516283,1.4014452576768888,1.5145011848468788,-0.11305592716999005,0.16776990002169764,0.6927511823371577,0.5428658090192848,0.3797322579804968
9,77,29,1.4900023352254432,1.299470798474042,1.4320342153811056,1.5241034404345977,-0.09206922505349183,0.1371798541116631,0.5748470603912137,0.5734547667235018,0.3893345135682155
9,78,29,1.5930460966250737,1.5454528723311747,1.441136065569175,1.5176645266116768,-0.07652846104250195,0.14256727092653448,0.6778908217908439,0.582556616911571,0.3828955997452948
9,79,29,1.3490171040434584,1.1426858754400053,1.4372062641734924,1.5025002576312356,-0.06529399345774324,0.1459224512858048,0.4338618292092286,0.5786268155158886,0.3677313307648537
9,80,29,1.378874843099355,1.27813857366617,1.4378537466349828,1.4957235163578195,-0.057869769722836514,0.14366672153761414,0.46371956826512506,0.579274297977379,0.3609545894914373
9,81,29,1.1066759884697317,0.8689351492301559,1.4323823445133415,1.5000184712611957,-0.06763612674785405,0.1509173401710813,0.19152071363550188,0.5738028958557377,0.36524954439481366
9,82,29,1.0660024967840587,0.8736562880942561,1.426224018514909,1.4770453824275458,-0.050821363912636676,0.15274799254455418,0.15084722194982889,0.5676445698573052,0.34227645556116376
9,83,29,1.076064924871188,0.9095821250820376,1.4179724923527366,1.4553179265198104,-0.037345434167073754,0.14991960053042297,0.16090965003695826,0.5593930436951327,0.32054899965342837
9,84,29,1.0689975844006823,0.8764358533348001,1.4134033821303718,1.4445971646280282,-0.03119378249765623,0.1557512713247543,0.15384230956645253,0.554823933472768,0.30982823776164603
9,85,29,1.1576127728468135,1.1178592772588958,1.4098389277011953,1.4289802503921556,-0.019141322690960284,0.15987457989716317,0.24245749801258382,0.5512594790435914,0.29421132352577356
9,86,29,1.307411363637323,1.2685986041915607,1.4065606714020555,1.4159858396297187,-0.00942516822766279,0.16014360855763293,0.3922560888030931,0.5479812227444518,0.28121691276333644
9,87,29,1.2696652733526315,1.256040310704407,1.4028904433674056,1.4242652238608222,-0.021374780493416887,0.16411517287436095,0.35450999851840176,0.5443109947098016,0.2894962969944404
9,88,29,1.3319838733622658,1.341672705195049,1.3946555304807158,1.4153541240614083,-0.020698593580692697,0.15646310302359379,0.4168285985280359,0.5360760818231117,0.2805851971950262
9,89,29,1.1597465890225864,1.1541639560375923,1.3939120924484618,1.4112616479871658,-0.01734955553870405,0.16086267077957164,0.24459131418835653,0.5353326437908579,0.27649272112078377
9,90,29,1.122104825465732,1.1728037404903893,1.3857606570391596,1.4108720944868054,-0.02511143744764571,0.15422589695665415,0.20694955063150236,0.5271812083815558,0.27610316762042336
9,91,29,1.0989934384411706,1.1670627393646085,1.3791080195936563,1.411988376014531,-0.03288035642087454,0.15729120346845946,0.18383816360694089,0.5205285709360524,0.2772194491481489
9,92,29,1.0659183552485685,1.1572963992419747,1.3738338245485218,1.4147031593413018,-0.04086933479277996,0.15406518104856587,0.15076308041433878,0.5152543758909177,0.27993423247491955
9,93,29,1.0440753442779005,1.1330021075748908,1.3659001753968547,1.4130342143523287,-0.04713403895547399,0.15201038245901263,0.12892006944367088,0.5073207267392508,0.27826528748594664
9,94,29,1.0547027383464824,1.1587246277158745,1.3519459671032674,1.403969846809089,-0.05202387970582175,0.1568778303518687,0.13954746351225264,0.4933665184456635,0.2692009199427071
9,95,29,1.0413910428021418,1.132936327462663,1.3396639200514031,1.3982893882587053,-0.05862546820730221,0.15627525451711916,0.12623576796791217,0.4810844713937992,0.26352046139232327
10,0,31,1.7280038892366067,1.0817060129308724,1.640937480129975,1.7317551382205236,-0.09081765809054873,0.13773560277291674,0.05713026195375939,0.3556888501737319,0.2516075602253141
10,1,31,1.940841922131895,1.3656356118198785,1.592497445978932,1.6970396533509204,-0.10454220737198865,0.12643665099768592,0.2699682948490476,0.307248816022689,0.216892075355711
10,2,31,2.014258106626795,1.3723430979275164,1.5953046799956496,1.687220487530752,-0.09191580753510219,0.1069892054792022,0.3433844793439476,0.3100560500394067,0.20707290953554233
10,3,31,1.9705741088667397,1.3862545052256705,1.590048524984736,1.6870943687669058,-0.09704584378216968,0.11165091694615421,0.2997004815838921,0.3047998950284931,0.20694679077169617
10,4,31,1.8864130287032068,1.3356064521038842,1.585024564232498,1.6841035329766674,-0.09907896874416938,0.1089012564279096,0.21553940142035943,0.2997759342762551,0.20395595498145788
10,5,31,1.9633454390249314,1.3315328773275734,1.5850334321348167,1.6873414031886458,-0.10230797105382874,0.1137707754221605,0.292471811742084,0.29978480217857395,0.20719382519343613
10,6,31,1.842445787115056,1.3137695801087383,1.5806554482976691,1.6832894504949152,-0.102634002197246,0.11891334436791345,0.17157215983220847,0.2954068183414262,0.20314187249970558
10,7,31,1.9336806766361228,1.3719719770663499,1.5873730652818125,1.6869732495092138,-0.0996001842274011,0.11811138738525012,0.2628070493532753,0.3021244353255697,0.2068256715140042
10,8,31,1.9513681248303572,1.3159522927731262,1.5874798646870354,1.6958109738135614,-0.10833110912652566,0.12636014271798582,0.2804944975475096,0.3022312347307926,0.21566339581835167
10,9,31,1.8539356345764948,1.27105757936999,1.583173661089831,1.6902113911875893,-0.10703773009775829,0.12471575763722968,0.1830620072936474,0.2979250311335882,0.2100638131923799
10,10,31,1.9742638728505602,1.3877326730944475,1.5886830037608286,1.696430527999293,-0.10774752423846466,0.131758455632399,0.3033902455677129,0.3034343738045856,0.21628295000408368
10,11,31,1.8814484622438055,1.2226195398960056,1.5839879697935813,1.6992572397300327,-0.11526926993645148,0.13457225008705695,0.2105748349609581,0.29873933983733836,0.2191096617348232
10,12,31,1.8642024023483534,1.2563014068938598,1.5798689196552647,1.6956688385322616,-0.11579991887699684,0.13392830916994797,0.19332877506550594,0.2946202896990218,0.21552126053705206
10,13,31,1.9508966675309836,1.2920849029579797,1.5888604975404046,1.6942018341200824,-0.1053413365796778,0.12254760076466516,0.2800230402481361,0.3036118675841618,0.21405425612487303
10,14,31,1.8095523529596849,1.102315914319969,1.5879717617993354,1.6978344843406488,-0.1098627225413136,0.1257361319588948,0.13867872567683734,0.30272313184309246,0.2176869063454394
10,15,31,1.8758227882696972,1.302416969040952,1.5884385935142644,1.700007324008571,-0.11156873049430613,0.1276961419711635,0.20494916098684982,0.30318996355802164,0.21985974601336117
10,16,31,1.884774832606146,1.273743579789179,1.5945607941998552,1.6997405404064114,-0.10517974620655628,0.12145623798004974,0.21390120532329843,0.30931216424361224,0.21959296241120188
10,17,31,1.8504351103097059,1.2381460525662664,1.5953755779698011,1.703762405574417,-0.10838682760461595,0.1325840301916463,0.17956148302685854,0.3101269480135581,0.22361482757920748
10,18,31,1.8633201388736662,1.2336417958969166,1.6064861094429557,1.7090951819760298,-0.10260907253307414,0.13364415171834756,0.19244651159081863,0.32123747948671266,0.2289476039808202
10,19,31,1.7400366207018956,1.1090428204327352,1.6130630615887858,1.7209181770094664,-0.10785511542068045,0.13990140693670278,0.06916299341904812,0.327814431632543,0.24077059901425685
10,20,31,1.7527845428331255,1.146905655359089,1.6179608130883787,1.725102356460987,-0.10714154337260842,0.14043608262881102,0.08191091555027791,0.3327121831321357,0.24495477846577748
10,21,31,1.8098002939338438,1.1494732726105308,1.6295795296576838,1.7322340954345419,-0.10265456577685791,0.14239082166852815,0.1389266666509963,0.34433089970144104,0.2520865174393323
10,22,31,1.9334239099484796,1.1866010478911713,1.636405167645839,1.7357136612291089,-0.09930849358326972,0.13904153712256917,0.2625502826656322,0.35115653768959615,0.25556608323389934
10,23,31,1.8032096410772782,1.1163947774143541,1.6427486360676056,1.7440243335226784,-0.10127569745507274,0.13689670373799157,0.1323360137944308,0.3575000061113625,0.26387675552746864
10,24,31,1.9039799956459251,1.2655571819286884,1.6541977766272624,1.7425398873944586,-0.08834211076719642,0.13129085476267693,0.23310636836307774,0.36894914667101936,0.2623923093992492
10,25,31,1.8553338944162778,1.1055521267280553,1.6746285186819503,1.7550755043435757,-0.08044698566162554,0.125884759811535,0.1844602671334305,0.3893798887257073,0.2749279263483662
10,26,31,1.7890206646583249,1.0336826461031372,1.6877728537830987,1.7544911729229216,-0.06671831913982308,0.12809474513151675,0.11814703737547745,0.40252422382685554,0.27434359492771204
10,27,31,1.9937264183254353,1.3907241508061796,1.6999335530150455,1.768874819995332,-0.06894126698028627,0.12496080130538789,0.3228527910425877,0.4146849230588026,0.28872724200012234
10,28,31,1.8199993294859402,1.0687169459524304,1.7028305745427421,1.755377510710813,-0.05254693616807096,0.11823058375595957,0.14912570220309282,0.41758194458649905,0.27522993271560336
10,29,31,1.8841624717647525,1.233625587331954,1.6961420723297322,1.7404765391735353,-0.044334466843803204,0.12525611150148624,0.213288844481905,0.4108934423734892,0.2603289611783258
10,30,31,1.7271483081515226,1.4383337431530954,1.6620002412024812,1.7022612416405505,-0.040261000438069454,0.13031572484059786,0.05627468086867527,0.37675161124623807,0.22211366364534094
10,31,31,1.390071424912094,0.9002952650078193,1.6075236766364636,1.6387997501161322,-0.0312760734796686,0.1308911657367336,-0.2808022023707534,0.32227504668022056,0.1586521721209226
10,32,31,1.3315366248463505,1.0528344661883682,1.5316809872987152,1.598471471255878,-0.06679048395716279,0.13622520898153476,-0.339337002436497,0.24643235734247235,0.11832389326066853
10,33,31,1.2984151588844473,0.9566150094314904,1.4477446404300123,1.5169076954570697,-0.06916305502705725,0.14308041418481932,-0.37245846839839997,0.1624960104737695,0.03676011746186014
10,34,31,1.4154423750662957,0.9670359715163597,1.3517112079551807,1.4430358974096908,-0.09132468945451004,0.14829078186335196,-0.25543125221655183,0.06646257799893775,-0.0371116805855188
10,35,31,1.5228219575396549,1.2141409981394569,1.2369862281457498,1.3857814850644865,-0.1487952569187368,0.19385030869254766,-0.14805166974319253,-0.048262401810493176,-0.09436609293072297
10,36,31,1.4915834472871345,1.1087604321029172,1.1246945373904578,1.324023535673283,-0.19932899828282538,0.22821057978100037,-0.17929017999571292,-0.16055409256578523,-0.15612404232192645
10,37,31,1.515358585293914,1.202596060908658,1.0087122383387295,1.2453336162695832,-0.2366213779308536,0.24729122895203978,-0.15551504198893343,-0.27653639161751353,-0.23481396172562646
10,38,31,1.4188029194122431,1.0737999068766944,0.937125644425644,1.1985049387875983,-0.26137929436195434,0.26866889104566494,-0.2520707078706043,-0.3481229855305989,-0.2816426392076112
10,39,31,1.5615685843527893,1.210036038533704,0.8520918267783816,1.1494346953947205,-0.29734286861633913,0.30918681180678403,-0.1093050429300582,-0.4331568031778613,-0.3307128826004888
10,40,31,1.4905352398740304,1.2766347426942248,0.7681648681225929,1.11298535464418,-0.34482048652158714,0.3548355605919636,-0.18033838740881705,-0.5170837618336501,-0.36716222335102955
10,41,31,1.3800959056852118,1.1050342722164297,0.7084833199615935,1.0826007768139552,-0.37411745685236153,0.38735832088002664,-0.29077772159763543,-0.5767653099946494,-0.39754680118125446
10,42,31,1.3333299893014117,1.2768405185280798,0.6428756377206097,1.0220351078406442,-0.3791594701200346,0.3899037934229394,-0.3375436379814358,-0.6423729922356333,-0.4581124701545653
10,43,31,1.4104853002008981,1.2444761615484252,0.5829999232187867,0.9843030204952389,-0.40130309727645214,0.41119718782233544,-0.2603883270819492,-0.7022487067374563,-0.49584455749997075
10,44,31,1.3636365657847527,1.3220218220339115,0.5330904640801866,0.9493359088973377,-0.41624544481715103,0.4278332594615392,-0.3072370614980948,-0.7521581658760563,-0.5308116690978719
10,45,31,1.4257140688177732,1.2341296323386912,0.4866992094534002,0.9018851887876439,-0.4151859793342436,0.4287415181610298,-0.24515955846507426,-0.7985494205028428,-0.5782623892075658
10,46,31,1.2717683800089115,0.9853423543799043,0.4678368418881638,0.8915746235435704,-0.4237377816554067,0.44008974108740984,-0.39910524727393615,-0.8174117880680791,-0.588572954451639
10,47,31,1.2349842429510922,1.0388766068139124,0.44095472351869663,0.8700035190195152,-0.4290487955008186,0.44109018525105725,-0.43588938433175517,-0.8442939064375463,-0.6101440589756943
10,48,31,1.0703163385047605,1.1010305020189595,0.42053248741113075,0.8787024561281325,-0.45816996871700183,0.4682220074618401,-0.6005572887780871,-0.8647161425451122,-0.601445121867077
10,49,31,1.3870481049209007,1.6327385639359433,0.4038248391317819,0.8805341756453748,-0.47670933651359293,0.4834706595877365,-0.2838255223619467,-0.881423790824461,-0.5996134023498347
10,50,31,1.1880255976146965,1.2715207664648256,0.3781842497091565,0.8536632552648052,-0.4754790055556487,0.4808093387596838,-0.482848029668151,-0.9070643802470864,-0.6264843227304043
10,51,31,1.0707377150113402,0.9594306722506774,0.3692509466106834,0.8557330960570693,-0.48648214944638585,0.4903402751322896,-0.6001359122715073,-0.9159976833455595,-0.6244144819381403
10,52,31,1.1505780953015117,1.1318622413513582,0.3551592164044025,0.847099650216853,-0.4919404338124504,0.4989391090068226,-0.5202955319813357,-0.9300894135518404,-0.6330479277783566
10,53,31,1.1947698794606312,1.1476291191269563,0.3573373044226762,0.8343357752718241,-0.4769984708491479,0.4794750587936907,-0.47610374782221626,-0.9279113255335668,-0.6458118027233855
10,54,31,1.1525024087147795,1.267701586785025,0.3705120663825459,0.8494926265109605,-0.47898056012841456,0.47975378691734066,-0.5183712185680681,-0.914736563573697,-0.6306549514842491
10,55,31,1.111714784346151,1.04643053561113,0.38939866232376064,0.855459955616768,-0.4660612932930074,0.4660612932930074,-0.5591588429366964,-0.8958499676324823,-0.6246876223784416
10,56,31,1.1714598360295505,1.2675039230916558,0.4170330367029458,0.8830580439874852,-0.4660250072845394,0.46602500728453944,-0.4994137912532969,-0.8682155932532971,-0.5970895340077245
10,57,31,1.1647736396932904,1.203284974758249,0.44978864729347895,0.9020996472416817,-0.4523109999482028,0.45231099994820273,-0.5060999875895569,-0.835459982662764,-0.5780479307535278
10,58,31,1.1405667600978162,1.1366543025491467,0.5086602980796878,0.9376394624495434,-0.4289791643698556,0.4289791643698556,-0.5303068671850313,-0.7765883318765552,-0.5425081155456661
10,59,31,1.118854991803967,1.038680996264012,0.5630534319728685,0.975915432722373,-0.4128620007495045,0.41286200074950447,-0.5520186354788803,-0.7221951979833745,-0.5042321452728366
10,60,31,1.1040711007214379,1.0454893006774326,0.6222001008419613,1.025243184615495,-0.4030430837735336,0.4030430837735336,-0.5668025265614096,-0.6630485291142816,-0.45490439337971467
10,61,31,1.1487904778226727,1.1013220189313733,0.6897244263382106,1.0510026536980328,-0.3612782273598222,0.3620304607473403,-0.5220831494601746,-0.5955242036180324,-0.42914492429717677
10,62,31,1.3844195816712594,1.1635862404238888,0.7458279342689439,1.074145707019107,-0.32831777275016316,0.332862436955386,-0.2864540456115879,-0.5394206956872991,-0.4060018709761025
10,63,31,1.4789238849153217,1.2964588398336432,0.8119126734591632,1.1233682204387916,-0.31145554697962835,0.31903683430747043,-0.19194974236752596,-0.47333595649707966,-0.35677935755641793
10,64,31,1.5992223620625217,1.2245442669627387,0.884979234304909,1.1703615875352695,-0.28538235323036054,0.295250518735281,-0.07165126522032558,-0.4002693956513339,-0.30978599045993993
10,65,31,1.7533175748777368,1.2949921179002388,0.959615413861095,1.210823857684898,-0.2512084438238029,0.27540935645159925,0.08244394759488947,-0.32563321609514795,-0.2693237203103116
10,66,31,1.8083060801160644,1.3221126093750477,1.0471778731346242,1.2657829085281014,-0.2186050353934773,0.25479349693600484,0.13743245283321717,-0.2380707568216188,-0.21436466946710808
10,67,31,1.9155238236340228,1.1546360149633468,1.1417645028216918,1.3588892998161115,-0.21712479699441953,0.24886455770324611,0.24465019635117544,-0.14348412713455105,-0.12125827817909815
10,68,31,1.9282196124809512,1.1196767087953488,1.2229568673442983,1.3962503830849111,-0.17329351574061283,0.2176702182314296,0.2573459851981037,-0.06229176261194466,-0.08389719491029843
10,69,31,2.136021960086088,1.3363847109957887,1.3125327023994078,1.4784263382323188,-0.16589363583291114,0.20932097508721326,0.4651483328032405,0.027284072443164813,-0.001721239762890643
10,70,31,2.0362556843631245,1.1864625813892329,1.4352642442705903,1.582228482960278,-0.1469642386896878,0.21121010974753038,0.36538205708027705,0.15001561431434732,0.10208090496506851
10,71,31,2.0535012311356997,1.2555115538585497,1.537007859306182,1.68235436186647,-0.14534650256028792,0.21330802468973753,0.38262760385285216,0.25175922934993905,0.2022067838712604
10,72,31,1.922712983014303,1.099755549593409,1.6159606486714773,1.7390798898027127,-0.12311924113123543,0.20242154348333316,0.2518393557314558,0.33071201871523426,0.25893231180750315
10,73,31,1.8530655834262797,1.1302511731082345,1.6811524670136657,1.817869030174705,-0.13671656316103933,0.19710657075295743,0.18219195614343234,0.39590383705742266,0.3377214521794954
10,74,31,1.829612583961671,1.0285908956906231,1.7053098319068603,1.8338623146289894,-0.12855248272212924,0.18320228809416184,0.15873895667882376,0.42006120195061725,0.3537147366337799
10,75,31,1.8492549276926413,1.0903639204366948,1.705930177869585,1.839020877469996,-0.13309069960041092,0.19619215881512314,0.17838130040979394,0.42068154791334206,0.3588732994747864
10,76,31,1.8098560190782842,1.0237271250596849,1.7129241476464,1.8321121481420009,-0.11918800049560055,0.18380175376647737,0.1389823917954368,0.4276755176901573,0.3519645701467912
10,77,31,1.8280071251041619,1.0954197045955858,1.70467369564868,1.8151275362705859,-0.11045384062190573,0.18150057835913008,0.1571334978213144,0.41942506569243704,0.3349799582753762
10,78,31,2.0373580775520383,1.2466028629457981,1.7000643319520492,1.8039703578214579,-0.10390602586940886,0.18481065863284746,0.36648445026919074,0.41481570199580614,0.3238227798262484
10,79,31,2.0433195391368453,1.2522024196313444,1.6867373678319717,1.7873719521449094,-0.10063458431293783,0.17909647194272416,0.3724459118539978,0.40148873787572875,0.30722437414969994
10,80,31,1.939362691502124,1.1244294090810507,1.6750455136907354,1.7763808885088619,-0.10133537481812657,0.17781053561768848,0.26848906421927643,0.38979688373449245,0.2962333105136525
10,81,31,1.9000247418855525,1.176728125862322,1.6617914835427907,1.7724930146302305,-0.11070153108743973,0.15727923788492032,0.22915111460270507,0.37654285358654777,0.2923454366350209
10,82,31,1.8813422458082696,1.2026338754487227,1.6637496159124767,1.7756963407431248,-0.11194672483064808,0.16018150776296908,0.21046861852542229,0.37850098595623366,0.29554876274791514
10,83,31,1.8792880096825495,1.1958320059393406,1.6775799013557495,1.7887112316170573,-0.11113133026130771,0.15736907064029865,0.20841438239970211,0.39233127139950646,0.3085636536218476
10,84,31,1.9177943923646796,1.1819227362903773,1.6864043690510182,1.7950600162557746,-0.1086556472047566,0.16110096445135727,0.24692076508183225,0.4011557390947752,0.31491243826056514
10,85,31,1.829079654541635,1.1113487615473885,1.6934491256663688,1.7927573704054407,-0.09930824473907197,0.16166923411015832,0.15820602725878755,0.4082004957101258,0.3126097924102312
10,86,31,1.8920124307860133,1.2007706602521218,1.680728391256345,1.7822504897115636,-0.10152209845521834,0.1581322531725166,0.22113880350316606,0.39547976130010226,0.302102911716354
10,87,31,1.9503999645860624,1.2103421842292534,1.6622674772486359,1.7736951809494323,-0.11142770370079638,0.15447426608818207,0.279526337303215,0.3770188472923931,0.29354760295422294
10,88,31,1.8661986555889742,1.1649051900971348,1.6562660564877405,1.7692939188686976,-0.11302786238095704,0.1575196666243209,0.19532502830612677,0.3710174265314976,0.289146340873488
10,89,31,1.7981226434994282,1.1164482600785153,1.6421148298960038,1.7537406814447876,-0.1116258515487837,0.16409718432514617,0.12724901621658088,0.35686619993976093,0.273593103449578
10,90,31,1.7309519854140338,1.09650368057579,1.6421543735012423,1.7457687313487191,-0.103614357847477,0.1563194231921013,0.06007835813118663,0.35690574354499927,0.26562115335350966
10,91,31,1.6993359193486284,1.0916008127787593,1.6572266403353526,1.7539337619200213,-0.09670712158466856,0.15456887212771647,0.028462292065781016,0.3719780103791096,0.2737861839248115
10,92,31,1.6704495643642054,1.065242496853733,1.6579926958869444,1.7521847039208225,-0.09419200803387814,0.1530128041149521,-0.00042406291864199684,0.37274406593070136,0.27203712592561285
10,93,31,1.7186195901885866,1.0960888914743188,1.6578447467002977,1.7453180518844422,-0.08747330518414469,0.1382547143915677,0.04774596290573901,0.3725961167440548,0.26517047388923287
10,94,31,1.6800017572175752,1.1027048994850117,1.6438046629761445,1.73179162782879,-0.08798696485264534,0.13923502479739902,0.009128129934727794,0.3585560330199016,0.2516440498335803
10,95,31,1.7014154011198963,1.116425044215376,1.6305967368713778,1.7251228974183992,-0.09452616054702132,0.14295083422440494,0.030541773837048806,0.3453481069151349,0.24497531942318962
11,0,30,0.3949055201810469,0.5860266073449594,0.7651301279210697,0.9799509948782803,-0.21482086695721053,0.2489728071914759,0.031292720080964814,0.4097140264936753,0.1589538073662592
11,1,30,0.49488776932293327,0.5911826489730507,0.7282187822789623,0.9557217449289497,-0.22750296264998743,0.2357573116986586,0.13127496922285112,0.3728026808515679,0.13472455741692865
11,2,30,0.4533720578000556,0.5933531467520294,0.7282034474437961,0.952989970275935,-0.22478652283213904,0.2348696444794929,0.08975925769997352,0.3727873460164016,0.13199278276391396
11,3,30,0.4716174860731805,0.5913803315216762,0.7263649970680418,0.9434219681830418,-0.21705697111499997,0.22306397201851125,0.1080046859730984,0.37094889564064737,0.12242478067102071
11,4,30,0.4843876845789098,0.5874359509204815,0.7274535132258502,0.9523391514560157,-0.2248856382301655,0.232615096442212,0.12077488447882771,0.3720374117984557,0.13134196394399458
11,5,30,0.46696697133940884,0.6026623081293906,0.7303053717938799,0.9465277398296951,-0.21622236803581527,0.22733096003237432,0.10335417123932672,0.37488927036648534,0.125530552317674
11,6,30,0.49358850114857805,0.5946511482187113,0.7364823883317889,0.9292965980115953,-0.19281420967980634,0.21614129912063693,0.12997570104849598,0.3810662869043944,0.10829941049957416
11,7,30,0.41988981514334467,0.5216917770754227,0.7358660728909939,0.9294035210848438,-0.19353744819384994,0.21718212768128164,0.05627701504326261,0.3804499714635995,0.10840633357282273
11,8,30,0.4238355521847588,0.5238804487534271,0.7193572111597396,0.9318550843519755,-0.21249787319223584,0.22282756776845397,0.06022275208467676,0.3639411097323452,0.11085789683995442
11,9,30,0.41571735304832536,0.5182759848509981,0.7184996292040787,0.9337467625016226,-0.2152471332975439,0.22697968477620792,0.05210455294824324,0.3630835277766843,0.11274957498960154
11,10,30,0.43516660864068624,0.5087048136731321,0.719300523697425,0.9285728218432702,-0.20927229814584514,0.2194184422255292,0.07155380854060414,0.36388442227003054,0.10757563433124909
11,11,30,0.4319744301731349,0.5075907142292146,0.7201173140564926,0.9438703952302927,-0.22375308117380013,0.23405360216116508,0.0683616300730528,0.36470121262909816,0.12287320771827162
11,12,30,0.4234464716320565,0.5054742219438203,0.7106802892218878,0.9360071546071834,-0.22532686538529564,0.2345427740524633,0.059833671531974456,0.35526418779449326,0.11500996709516229
11,13,30,0.4336458116370601,0.5120497496666948,0.7115748290653507,0.9319183171707637,-0.2203434881054129,0.2302264621023179,0.07003301153697801,0.35615872763795636,0.11092112965874261
11,14,30,0.4265316502964798,0.5209130848296926,0.7105355667150052,0.9393147569959501,-0.22877919028094507,0.23788350062024044,0.06291885019639773,0.3551194652876107,0.11831756948392909
11,15,30,0.4771453143562862,0.627150010687408,0.7130163503235362,0.9398809537071771,-0.22686460338364087,0.2340095612626082,0.11353251425620409,0.35760024889614167,0.11888376619515588
11,16,30,0.4512974917459494,0.6421106857042888,0.7175000363892169,0.9573200274746745,-0.2398199910854576,0.24726996257608766,0.08768469164586731,0.3620839349618225,0.13632283996265343
11,17,30,0.371170439966864,0.5164344454839818,0.7189308045617674,0.9666249997424273,-0.24769419518065988,0.25780910855945627,0.007557639866781916,0.363514703134373,0.14562781223040627
11,18,30,0.354359911927758,0.5060138982927143,0.7150783713754051,0.9605810409511142,-0.24550266957570915,0.2543083714021763,-0.009252888172324067,0.3596622699480106,0.1395838534390931
11,19,30,0.3286893972171537,0.5150119081370504,0.725439764177973,0.9613762550100926,-0.2359364908321195,0.24027573490619497,-0.03492340288292844,0.37002366275057863,0.14037906749807147
11,20,30,0.33031295220812473,0.5079493254608518,0.7333279239082277,0.9719004635549376,-0.23857253964671002,0.2456241326908382,-0.0332998478919574,0.37791182248083316,0.15090327604291656
11,21,30,0.3355596541502072,0.5082450777620777,0.7408273128402324,0.9774834656166079,-0.23665615277637558,0.24286030916737644,-0.02805314594987485,0.3854112114128379,0.1564862781045868
11,22,30,0.33872139758951497,0.5130895514411732,0.7607458377686932,0.9722610659440786,-0.21151522817538548,0.22988313477901215,-0.024891402510567102,0.4053297363412987,0.15126387843205755
11,23,30,0.32400484191172285,0.5112384701066459,0.7507482732809565,0.981088110307904,-0.23033983702694752,0.2427415576999295,-0.039607958188359264,0.395332171853562,0.1600909227958829
11,24,30,0.3347456497014356,0.5159498424153536,0.7751925381904398,0.9880755588585922,-0.21288302066815248,0.23283794245386014,-0.0288671503986465,0.41977643676304527,0.16707837134657116
11,25,30,0.38517405245691627,0.6394141836478388,0.7725228742951035,1.0024439253891155,-0.2299210510940122,0.2442539791944865,0.02156125235683417,0.4171067728677089,0.18144673787709448
11,26,30,0.3711698036944966,0.640267443543189,0.7848189108373125,1.0001203004647667,-0.21530138962745424,0.23328092282947394,0.0075570035944144765,0.42940280940991804,0.1791231129527456
11,27,30,0.4080230173540153,0.6403349232276621,0.8058823121180724,1.0071246500609203,-0.20124233794284788,0.23369664647063085,0.0444102172539332,0.45046621069067794,0.1861274625488992
11,28,30,0.333670031264243,0.5341394931449369,0.7976239657266978,1.0110361317131824,-0.21341216598648466,0.23685880168804818,-0.029942768835839132,0.4422078642993033,0.19003894420116133
11,29,30,0.33214446221786087,0.5222467250866781,0.813473826942441,1.0115853806263977,-0.1981115536839567,0.22178713660445232,-0.031468337882221205,0.4580577255150465,0.19058819311437653
11,30,30,0.33749137705781856,0.5270091500118408,0.7651452991223243,0.9921261994647347,-0.22698090034241028,0.23966491288958305,-0.026121423042263562,0.40972919769492994,0.17112901195271354
11,31,30,0.32724357430749335,0.5183552810958598,0.7215437809947891,0.9616492197513085,-0.24010543875651938,0.24986395747533638,-0.03636922579258872,0.36612767956739467,0.14065203223928743
11,32,30,0.29858183715206077,0.5059219024787086,0.6497070677459853,0.9066102054644233,-0.256903137718438,0.2588783392919411,-0.06503096294802134,0.29429096631859086,0.0856130179524022
11,33,30,0.2540997178066859,0.48052671335016856,0.5878562776009046,0.8329673712255896,-0.245111093624685,0.2500617674984735,-0.10951308229339624,0.23244017617351018,0.011970183713568554
11,34,30,0.1914598697295012,0.47974140931429576,0.45665862780952177,0.773416782979192,-0.31675815516967026,0.32150124773815775,-0.1721529303705809,0.10124252638212733,-0.047580404532829045
11,35,30,0.17261804215727627,0.5715686835008447,0.32437047487711534,0.6800378288710488,-0.3556673539939335,0.36632857087553206,-0.19099475794280582,-0.031045626550279124,-0.14095935864097223
11,36,30,0.159921757291567,0.5658516221343122,0.18085927971495702,0.6261916590489043,-0.4453323793339472,0.44533237933394726,-0.20369104280851508,-0.17455682171243742,-0.19480552846311688
11,37,30,0.10733586098342102,0.46811256019931746,0.016999342693847123,0.5411362243815927,-0.5241368816877455,0.5241368816877456,-0.2562769391166611,-0.3384167587335473,-0.2798609631304284
11,38,30,0.07276357771585502,0.44856304346227954,-0.10586634882210794,0.4776712792013394,-0.5835376280234473,0.5835376280234473,-0.29084922238422706,-0.4612824502495024,-0.3433259083106817
11,39,30,0.06718961968610844,0.48736628577579694,-0.22443709430154907,0.4700485102998101,-0.6944856046013591,0.6944856046013591,-0.29642318041397364,-0.5798531957289436,-0.35094867721221096
11,40,30,0.0035005584749807058,0.41200548461563946,-0.32957468780915733,0.4449939376517234,-0.7745686254608807,0.7745686254608809,-0.36011224162510136,-0.6849907892365518,-0.37600324986029765
11,41,30,0.05065544594526963,0.42863358355187225,-0.4142720681010979,0.4139481898370276,-0.8282202579381255,0.8282202579381256,-0.31295735415481246,-0.7696881695284924,-0.40704899767499353
11,42,30,0.007840996475009774,0.3886702280180391,-0.5205535561575345,0.37371890949343456,-0.8942724656509692,0.8942724656509692,-0.3557718036250723,-0.875969657584929,-0.44727827801858655
11,43,30,0.024149293525399955,0.420056544715829,-0.5999340031284508,0.34130819771501936,-0.9412422008434702,0.9412422008434702,-0.33946350657468216,-0.9553501045558452,-0.47968898979700175
11,44,30,0.012850686960213112,0.3959651038153639,-0.6599471844436094,0.30553006366492463,-0.9654772481085341,0.9654772481085342,-0.35076211313986894,-1.0153632858710038,-0.5154671238470965
11,45,30,0.03303907895277441,0.41187925072083315,-0.7016603204760072,0.28100767525067616,-0.9826679957266834,0.9826679957266836,-0.33057372114730765,-1.0570764219034017,-0.539989512261345
11,46,30,0.03238074914324154,0.403839062673514,-0.7315959057039865,0.29866054841212425,-1.0302564541161106,1.0302564541161106,-0.33123205095684055,-1.087012007131381,-0.5223366390998969
11,47,30,0.021595084151622767,0.4229133521028265,-0.7460215441036525,0.3243777916506016,-1.070399335754254,1.0703993357542543,-0.3420177159484593,-1.1014376455310468,-0.4966193958614194
11,48,30,0.010206232955651071,0.3920390415917569,-0.7884239763015245,0.34005174641112085,-1.1284757227126454,1.128475722712645,-0.35340656714443097,-1.1438400777289188,-0.48094544110090026
11,49,30,0.028208605184405884,0.3943953079909981,-0.8086508342724309,0.3507066984515233,-1.1593575327239543,1.159357532723954,-0.3354041949156762,-1.1640669356998252,-0.4702904890604977
11,50,30,-0.0028202772687703974,0.3877745565399534,-0.8273996338702664,0.3555879915466931,-1.1829876254169596,1.1829876254169593,-0.3664330773688525,-1.182815735297661,-0.465409195965328
11,51,30,0.03169219639625429,0.4320635360188648,-0.8490144814339148,0.3400571463302114,-1.189071627764126,1.1890716277641258,-0.33192060370382775,-1.2044305828613093,-0.4809400411818097
11,52,30,0.012937856274555272,0.3801845467671339,-0.8558803499881085,0.3560477327101338,-1.2119280826982424,1.2119280826982424,-0.35067494382552683,-1.211296451415503,-0.46494945480188726
11,53,30,-0.004975225731965871,0.36117254577124475,-0.8436755042873387,0.34530750402539145,-1.1889830083127302,1.1889830083127302,-0.3685880258320479,-1.1990916057147334,-0.47568968348662966
11,54,30,-0.016286663789896502,0.3431011220203958,-0.8377515359059479,0.3504253650045303,-1.1881769009104781,1.1881769009104783,-0.3798994638899786,-1.1931676373333424,-0.4705718225074908
11,55,30,-0.019975134704067296,0.3306408662584841,-0.8072853560307032,0.34528013040956856,-1.1525654864402717,1.1525654864402717,-0.3835879348041494,-1.1627014574580976,-0.47571705710245243
11,56,30,-0.04801003753215635,0.3141816605185117,-0.7775988449928121,0.35978255986643215,-1.1373814048592443,1.137381404859244,-0.41162283763223845,-1.1330149464202066,-0.4612146276455889
11,57,30,-0.0288743581715591,0.3299568449980435,-0.7206251635900129,0.3793685105572221,-1.0999936741472351,1.0999936741472351,-0.3924871582716412,-1.0760412650174076,-0.44162867695479896
11,58,30,-0.01621699196565953,0.33762252396236053,-0.6487177137387496,0.3804997819185659,-1.0292174956573157,1.0292174956573157,-0.37982979206574163,-1.004133815166144,-0.4404974055934551
11,59,30,0.031048712941962178,0.38059742798560026,-0.5611200859934224,0.40720355063523134,-0.9683236366286536,0.9683236366286537,-0.33256408715811997,-0.9165361874208168,-0.41379363687678977
11,60,30,0.0008699964171082107,0.35710397227595786,-0.4748216647555292,0.4495518200082855,-0.9243734847638146,0.9243734847638148,-0.3627428036829739,-0.8302377661829237,-0.37144536750373564
11,61,30,0.01737288676654686,0.3753804698567092,-0.36356694472174367,0.435388486769293,-0.7989554314910366,0.8035952944374286,-0.34623991333353527,-0.7189830461491381,-0.38560870074272807
11,62,30,0.06315512264943347,0.40425720911812785,-0.2500231031427337,0.46769772214609645,-0.7177208252888302,0.7239738380906506,-0.3004576774506486,-0.6054392045701281,-0.3532994653659246
11,63,30,0.06410316847695022,0.40293880605729343,-0.11214771704322248,0.4932626455889275,-0.6054103626321499,0.6106574008965471,-0.2995096316231319,-0.4675638184706169,-0.3277345419230936
11,64,30,0.08989712002684198,0.41843582505017257,0.0010568880602777589,0.5579311883195562,-0.5568743002592786,0.56846467724483,-0.27371568007324015,-0.3543592133671167,-0.26306599919246476
11,65,30,0.16484141523677465,0.46395298185673794,0.17438554814234236,0.6180547290201122,-0.44366918087776974,0.4713967602282489,-0.19877138486330745,-0.18103055328505208,-0.20294245849190895
11,66,30,0.43872284094781977,0.5209164884522614,0.2649191656626563,0.7079625637090178,-0.44304339804636145,0.45528419645518897,0.07511004084773763,-0.09049693576473813,-0.11303462380300333
11,67,30,0.6473279179817113,0.674542589840286,0.3972395077231481,0.82193828193391,-0.4246987742107619,0.44528382681467826,0.2837151178816292,0.04182340629575365,0.0009410944218889772
11,68,30,0.7491522816727916,0.6500469704562263,0.5254944821254324,0.9108706948743593,-0.38537621274892686,0.40696270489328146,0.3855394815727094,0.17007838069803796,0.08987350736233818
11,69,30,0.7360293761846997,0.4576151767429114,0.6499125218104322,1.028963605954965,-0.37905108414453276,0.3973076261830183,0.3724165760846176,0.2944964203830379,0.20796641844294403
11,70,30,0.7885885490534122,0.572955589290271,0.7489223525875943,1.0909135348743455,-0.34199118228675107,0.3588643632345724,0.4249757489533302,0.3935062511601999,0.2699163473623243
11,71,30,0.8286759351567348,0.5222170721240839,0.8328752687094989,1.134752813075779,-0.30187754436628,0.3362875586557844,0.46506313505665264,0.47745916728210447,0.3137556255637578
11,72,30,0.8282442243554125,0.5293397831092789,0.846340983829787,1.18093406657596,-0.33459308274617305,0.3409727481957549,0.4646314242553304,0.4909248824023925,0.3599368790639389
11,73,30,0.8573359755858542,0.45466434157040625,0.8896386805355884,1.213344380957732,-0.32370570042214375,0.35064793050090093,0.493723175485772,0.5342225791081939,0.392347193445711
11,74,30,0.8081146875568413,0.3910889388555044,0.8988024601136997,1.217541871311611,-0.3187394111979114,0.33654086395130695,0.44450188745675934,0.5433863586863052,0.39654468379958996
11,75,30,0.770721596793532,0.38952505316277186,0.8763772740423647,1.2242976376194121,-0.3479203635770475,0.35718237025480665,0.40710879669344996,0.5209611726149702,0.403300450107391
11,76,30,0.7598426118546856,0.3796533713563963,0.8668477726712992,1.2029196150787371,-0.33607184240743776,0.35440295475717437,0.39622981175460364,0.5114316712439048,0.3819224275667159
11,77,30,0.7321942444898291,0.40401354164171493,0.8658494655514589,1.1968082624920204,-0.3309587969405616,0.35687214373423826,0.36858144438974705,0.5104333641240645,0.3758110749799994
11,78,30,0.7129790310832992,0.4369539509835948,0.8409782797659946,1.1809823619562247,-0.3400040821902301,0.35784396553663406,0.3493662309832172,0.4855621783386002,0.3599851744442037
11,79,30,0.7434531900774443,0.3477077291056054,0.8514373853902021,1.1850326986708168,-0.33359531328061465,0.3892108799677186,0.37984038997736214,0.4960212839628077,0.3640355111587957
11,80,30,0.7806668520331296,0.4372778878184583,0.8337357259467536,1.150539277838822,-0.31680355189206855,0.3444129875582018,0.4170540519330475,0.47831962451935905,0.329542090326801
11,81,30,0.7046742980978051,0.38468247192211474,0.8236036310072145,1.1274625950356474,-0.3038589640284329,0.32365815308261875,0.341061497997723,0.46818752957982007,0.3064654075236263
11,82,30,0.7221612897089166,0.3639192045478111,0.854838118851077,1.1470456236922972,-0.2922075048412203,0.34499968526095415,0.3585484896088345,0.4994220174236825,0.3260484361802762
11,83,30,0.6436311755267635,0.4052500293105579,0.8283375367003659,1.1456696261276658,-0.31733208942729974,0.3394617059013123,0.28001837542668134,0.47292143527297154,0.32467243861564465
11,84,30,0.640327013122539,0.39898014905409995,0.8479150251802867,1.1313096283029191,-0.2833946031226323,0.3126772189135651,0.2767142130224569,0.4924989237528923,0.310312440790898
11,85,30,0.6375872243082524,0.42912056144862415,0.8544426858149881,1.1276584648281154,-0.27321577901312727,0.309612402497417,0.27397442420817036,0.49902658438759356,0.30666127731609427
11,86,30,0.6402623254318471,0.4212473190839804,0.8558771941912376,1.1057877639551743,-0.24991056976393658,0.31470165091825797,0.27664952533176507,0.5004610927638432,0.28479057644315314
11,87,30,0.6841695726932211,0.4042313928849217,0.8293890248415531,1.0927744966011135,-0.2633854717595605,0.28743222314464706,0.320556772593139,0.47397292341415864,0.2717773090890925
11,88,30,0.6341702296041982,0.44519424813973135,0.8149454100878581,1.0695439979208128,-0.25459858783295464,0.2820620152971836,0.27055742950411615,0.4595293086604636,0.24854681040879162
11,89,30,0.6079708665108394,0.5206799282332184,0.8095967785404838,1.0448534873502888,-0.2352567088098051,0.2853351844356456,0.24435806641075727,0.4541806771130893,0.22385629983826774
11,90,30,0.6199609950940616,0.4956848218649863,0.8113948580925605,1.0390681168922233,-0.22767325879966288,0.2512431342131124,0.2563481949939795,0.4559787566651661,0.21807092938020228
11,91,30,0.6058253560877612,0.5509619992685408,0.8274119064136539,1.0417621622404234,-0.21435025582676934,0.24608868936654138,0.24221255598767913,0.47199580498625954,0.22076497472840229
11,92,30,0.5022878290472926,0.579254278028413,0.8195955819706957,1.0267479326598818,-0.20715235068918622,0.22069436596493616,0.1386750289472105,0.4641794805433014,0.2057507451478609
11,93,30,0.45260481937029234,0.51291674791637,0.8351214947935491,1.025097357391189,-0.18997586259764002,0.21426628825372404,0.08899201927021026,0.47970539336615464,0.204100169879168
11,94,30,0.4705589409445147,0.6511862197166733,0.8003912021860349,1.0152798837115649,-0.21488868152553006,0.22585140557782352,0.10694614084443262,0.4449751007586404,0.19428269619954383
11,95,30,0.46057370659116176,0.6034573953639436,0.7864778314355089,1.006421982667222,-0.21994415123171301,0.23049989436899637,0.09696090649107966,0.43106173000811443,0.18542479515520086
12,0,31,0.7976530015081122,0.9391498969577913,1.0380772562464815,1.2885812221465296,-0.25050396590004803,0.2925017631050284,0.09018840000059464,0.3981889252529422,0.20006184845113564
12,1,31,0.9329428766292945,0.9383521069233348,1.0333804125032509,1.2819997681829405,-0.24861935567968946,0.27411932550840123,0.22547827512177687,0.3934920815097116,0.19348039448754648
12,2,31,0.8570745805298606,0.7624372491823669,1.0346315106406052,1.2802467965431774,-0.24561528590257245,0.27572941533427126,0.149609979022343,0.3947431796470658,0.19172742284778366
12,3,31,0.9591467278374175,1.0337787693375176,1.034180966909527,1.285197257768288,-0.2510162908587609,0.27227437200427984,0.2516821263298998,0.39429263591598773,0.1966778840728941
12,4,31,1.002482212539425,1.080678816381362,1.0476744304200811,1.288989869563591,-0.24131543914350986,0.2675836136327938,0.2950176110319074,0.40778609942654187,0.20047049586819715
12,5,31,0.9053810970395195,0.7678867275796606,1.0490909647045217,1.2975437078827357,-0.24845274317821378,0.27165913865870844,0.19791649553200183,0.40920263371098253,0.20902433418734173
12,6,31,0.9367662578102822,1.0679976268406994,1.0382708344101108,1.2772547165319508,-0.2389838821218401,0.26347888334694597,0.2293016563027645,0.3983825034165713,0.18873534283655685
12,7,31,0.9310416537454912,1.0490166755895947,1.0431017825537143,1.2763917474764457,-0.23328996492273132,0.2546576280040479,0.22357705223797356,0.403213451560175,0.18787237378105176
12,8,31,0.9697811994629231,1.0112803306104072,1.036968496990225,1.2691551546068502,-0.23218665761662524,0.2509730372127567,0.2623165979554055,0.3970801659966857,0.18063578091145635
12,9,31,0.9148098325286868,1.0447134032878111,1.0386898427946774,1.2735093851342154,-0.2348195423395378,0.25446972801256673,0.20734523102116917,0.39880151180113804,0.1849900114388213
12,10,31,1.0440821104223201,1.2818204944003482,1.0406103318239075,1.2736277218613326,-0.23301739003742503,0.25109288962726006,0.33661750891480224,0.40072200083036824,0.18510834816593866
12,11,31,1.0481775493526848,1.2962961262494996,1.0348099771747725,1.2714389561647566,-0.2366289789899842,0.25111777404703256,0.3407129478451671,0.39492164618123304,0.18291958246936268
12,12,31,1.0253766264401483,1.35952878492894,1.0258166800024482,1.2687917968337745,-0.2429751168313262,0.25573806426616347,0.31791202493263054,0.3859283490089089,0.1802724231383805
12,13,31,1.0434207976584622,1.2653420778841529,1.028428480835154,1.2608898172016663,-0.23246133636651226,0.24715594819727757,0.3359561961509445,0.3885401498416146,0.1723704435062723
12,14,31,1.0416800796105796,1.2783515049566432,1.0309287089784804,1.2698570083554293,-0.23892829937694865,0.24994870400612776,0.33421547810306196,0.3910403779849411,0.18133763466003516
12,15,31,1.0813541247115759,1.2741926883266441,1.033536731903821,1.2703508283547114,-0.23681409645089052,0.24809406820049498,0.37388952320405827,0.3936484009102815,0.18183145465931747
12,16,31,0.9673441736709726,1.1351424986085443,1.033713660128402,1.2816588516320593,-0.247945191503657,0.25950178751233066,0.25987957216345486,0.3938253291348629,0.19313947793666533
12,17,31,0.935844996996944,1.084526898660727,1.038231222938273,1.2894421552040531,-0.25121093226578006,0.2638243922043849,0.22838039548942632,0.39834289194473377,0.2009227815086592
12,18,31,0.9946437474706084,1.2928436246767445,1.0357430976718358,1.2915687777177978,-0.2558256800459619,0.2684968718384386,0.28717914596309074,0.39585476667829644,0.2030494040224038
12,19,31,0.8173785737697294,1.0583888698162165,1.0452196502761388,1.302287673668135,-0.2570680233919962,0.2707145939507496,0.10991397226221172,0.4053313192825995,0.21376829997274116
12,20,31,0.7909435093932371,1.0746870539491717,1.0490137098922288,1.298164415800657,-0.2491507059084283,0.26377935140459713,0.0834789078857195,0.4091253788986894,0.2096450421052631
12,21,31,0.7428491178809237,0.8007590072606446,1.0575512602275223,1.2978927231811426,-0.24034146295362027,0.2516909301009888,0.03538451637340607,0.417662929233983,0.2093733494857487
12,22,31,0.7657101787946428,0.8347909477802602,1.0715477735948742,1.2984260641634633,-0.22687829056858894,0.24100997157970436,0.05824557728712521,0.431659442601335,0.2099066904680694
12,23,31,0.8378047640075813,1.0485113341113073,1.0809493109846637,1.3131917549459784,-0.23224244396131463,0.24708550266712198,0.13034016250006358,0.4410609799911244,0.2246723812505845
12,24,31,0.7101546727772472,0.802550930076046,1.0888100503465494,1.310920848041954,-0.2221107976954048,0.2320638869383482,0.0026900712697296076,0.4489217193530099,0.22240147434656007
12,25,31,0.7187130492424733,0.8128086968118252,1.104337317485097,1.321653905489362,-0.217316588004265,0.2306185772157709,0.011248447734955598,0.4644489864915576,0.23313453179396798
12,26,31,0.8953174233023715,1.124535483385821,1.1192422252851386,1.331252572728148,-0.21201034744300942,0.22999970169603262,0.18785282179485385,0.4793538942915991,0.24273319903275392
12,27,31,0.7628954945652315,0.8048505010423256,1.1329068483593268,1.3351644035163601,-0.20225755515703345,0.23037599936739012,0.0554308930577139,0.49301851736578745,0.2466450298209663
12,28,31,0.6963749631649768,0.6957647601073516,1.1402019874819869,1.3287487476550544,-0.1885467601730675,0.21812035476291147,-0.011089638342540845,0.5003136564884474,0.24022937395966032
12,29,31,0.7308111525622898,0.7908687064293877,1.1475230290234097,1.3390730898188015,-0.19155006079539177,0.22574962377651472,0.023346551054772142,0.5076346980298703,0.2505537161234074
12,30,31,0.7085247892707934,0.8015661993992483,1.1289787069650636,1.3277421276308634,-0.1987634206657998,0.22939890131392907,0.0010601877632757518,0.4890903759715241,0.2392227539354694
12,31,31,0.8555400352539506,0.8651855111903516,1.107763562754752,1.2901385570024824,-0.18237499424773027,0.2159074285569565,0.1480754337464329,0.4678752317612126,0.20161918330708828
12,32,31,0.7976938460891203,0.76848625924479,1.0719432548916563,1.2578153018943936,-0.18587204700273732,0.2145904771960048,0.09022924458160263,0.43205492389811684,0.1692959281989996
12,33,31,0.6765399931059866,0.6731439329739876,1.0094995813803265,1.2009649672818925,-0.19146538590156623,0.21980878526666475,-0.03092460840153104,0.36961125038678705,0.11244559358649871
12,34,31,0.6445611491665528,0.6305019117483237,0.9184265186541145,1.1472243254973424,-0.22879780684322806,0.24960909954283447,-0.06290345234096482,0.27853818766057503,0.058704951801948554
12,35,31,0.610334416527625,0.6612786699676103,0.798327838883645,1.0697062360429217,-0.27137839715927664,0.29123584742680947,-0.09713018497989269,0.1584395078901057,-0.018813137652472237
12,36,31,0.5762923054998362,0.7294357152830343,0.6513528998934549,1.0097474980678582,-0.3583945981744033,0.36665744713761017,-0.13117229600768152,0.011464568899915643,-0.07877187562753563
12,37,31,0.5052981636088789,0.6960434049046824,0.49862357456410933,0.9006896055285816,-0.40206603096447224,0.40745676544195475,-0.20216643789863872,-0.14126475642943004,-0.18782976816681238
12,38,31,0.45971304558959547,0.8130577209617014,0.34183232015092446,0.826781136895338,-0.48494881674441365,0.49153436532616523,-0.24775155591792214,-0.2980560108426149,-0.26173823680005587
12,39,31,0.45233433861855704,0.7525123611647341,0.18067086393732074,0.7770640343215783,-0.5963931703842575,0.5978394981058258,-0.25513026288896057,-0.45921746705621863,-0.31145533937381564
12,40,31,0.4478848449030728,0.8083381107651063,0.0348519646009546,0.7311296123974125,-0.6962776477964577,0.6962776477964576,-0.2595797566044448,-0.6050363663925848,-0.35738976129798156
12,41,31,0.45690954743890244,0.8134722939832516,-0.10436991669836487,0.6876243170426234,-0.7919942337409883,0.7919942337409881,-0.25055505406861517,-0.7442582476919042,-0.40089505665277053
12,42,31,0.32849438999898445,0.7430683102313068,-0.21788411113047274,0.6509725076039349,-0.8688566187344077,0.8688566187344078,-0.3789702115085332,-0.8577724421240122,-0.43754686609145904
12,43,31,0.31626697971416784,0.7626063262262094,-0.3228122758531305,0.6275503415818141,-0.9503626174349447,0.9503626174349448,-0.3911976217933498,-0.9627006068466699,-0.46096903211357976
12,44,31,0.27513802600776943,0.6997862648816253,-0.4084498573906693,0.5704910683320247,-0.978940925722694,0.9789409257226938,-0.4323265754997483,-1.0483381883842087,-0.5180283053633693
12,45,31,0.3015673434080394,0.7272318494486667,-0.4778699458517752,0.5477689689046993,-1.0256389147564746,1.0256389147564746,-0.4058972580994783,-1.1177582768453145,-0.5407504047906946
12,46,31,0.3029282479023779,0.7909750645493717,-0.5236551517461062,0.5173382870312964,-1.0409934387774027,1.0409934387774027,-0.40453635360513973,-1.1635434827396456,-0.5711810866640975
12,47,31,0.19649424826672585,0.6328366559346867,-0.561118419491371,0.5411163681227611,-1.1022347876141319,1.1022347876141319,-0.5109703532407919,-1.2010067504849102,-0.5474030055726329
12,48,31,0.24912823787172197,0.821147464889934,-0.5857432495210891,0.5495598101069157,-1.1353030596280047,1.1353030596280047,-0.45833636363579566,-1.2256315805146285,-0.5389595635884783
12,49,31,0.1690508974369589,0.6347512895876165,-0.6261873087998838,0.554379990083418,-1.1805672988833018,1.1805672988833018,-0.5384137040705588,-1.2660756397934232,-0.5341393836119759
12,50,31,0.16353944461526737,0.6216993004564474,-0.6608143408682963,0.5419331652684886,-1.202747506136785,1.2027475061367852,-0.5439251568922503,-1.3007026718618357,-0.5465862084269054
12,51,31,0.13618845590335762,0.6170298137359259,-0.6839103400138009,0.5276101909359232,-1.2115205309497243,1.2115205309497243,-0.57127614560416,-1.3237986710073402,-0.5609091827594707
12,52,31,0.17886621970164635,0.7357963038015087,-0.6924164907357817,0.525312273125346,-1.2177287638611276,1.2177287638611274,-0.5285983818058713,-1.3323048217293212,-0.563207100570048
12,53,31,0.21046104247994485,0.7977484431285686,-0.6916276546289986,0.5178731889454028,-1.2095008435744015,1.209500843574402,-0.49700355902757276,-1.3315159856225378,-0.570646184749991
12,54,31,0.17116937654687747,0.7386488127832472,-0.6808648716110628,0.536580141998061,-1.2174450136091237,1.2174450136091235,-0.5362952249606401,-1.320753202604602,-0.5519392316973329
12,55,31,0.18070689408596546,0.7534242636289352,-0.6526329770687439,0.5368657020260486,-1.1894986790947923,1.1894986790947923,-0.5267577074215521,-1.2925213080622833,-0.5516536716693453
12,56,31,0.2051381110032575,0.7615129004931823,-0.6111395418081493,0.5283774228419041,-1.1395169646500536,1.1395169646500536,-0.5023264905042601,-1.2510278728016886,-0.5601419508534897
12,57,31,0.18436474182683785,0.7393215160543722,-0.5513832498990338,0.5588160451074344,-1.1101992950064683,1.110199295006468,-0.5230998596806798,-1.1912715808925733,-0.5297033285879595
12,58,31,0.19889340559035498,0.7525118438720487,-0.4746555122387826,0.574256329887778,-1.0489118421265604,1.0489118421265604,-0.5085711959171626,-1.1145438432323218,-0.514263043807616
12,59,31,0.24525251815728197,0.8027451792525451,-0.3817725604181284,0.6066673591310635,-0.9884399195491919,0.9884399195491919,-0.4622120833502357,-1.0216608914116678,-0.4818520145643304
12,60,31,0.16315111322196543,0.604678038365584,-0.28618933234137783,0.654161400753361,-0.9403507330947389,0.9403507330947389,-0.5443134882855523,-0.9260776633349173,-0.4343579729420328
12,61,31,0.23493885095446707,0.6063523630296909,-0.17070331910870923,0.6829586466907076,-0.8536619657994169,0.853661965799417,-0.47252575055305057,-0.8105916501022487,-0.4055607270046863
12,62,31,0.29841943718231434,0.6038010430224166,-0.0348661487202246,0.7174677718537986,-0.7523339205740233,0.7523339205740233,-0.4090451643252033,-0.674754479713764,-0.37105160184159525
12,63,31,0.44110721007013415,0.8117668644575512,0.1125904169035593,0.7736844812722964,-0.661094064368737,0.661094064368737,-0.26635739143738346,-0.5272979140899801,-0.31483489242309765
12,64,31,0.6278628992545694,0.7962968561046138,0.2688125420143508,0.868181843758981,-0.5993693017446302,0.5993693017446302,-0.07960170225294823,-0.3710757889791886,-0.22033752993641298
12,65,31,0.726559826901897,0.6740003007552688,0.434557617861221,0.9597102008782278,-0.5251525830170068,0.5275318955024394,0.019095225394379377,-0.20533071313231838,-0.12880917281716614
12,66,31,0.8553728598206289,0.6025371834285148,0.5909271944702637,1.026887909029248,-0.4359607145589845,0.44348458674375185,0.1479082583131113,-0.04896113652327579,-0.061631464666145844
12,67,31,0.9377622293145091,0.6404208509676077,0.7527319581793819,1.1394158886613783,-0.3866839304819965,0.3915306010544565,0.23029762780699153,0.11284362718584257,0.05089651496598449
12,68,31,0.9379290968741045,0.5793084315819834,0.8949458968677283,1.232502236680372,-0.33755633981264344,0.34647310608306775,0.23046449536658695,0.255057565874189,0.14398286298497787
12,69,31,1.0819822897375806,0.9434651399350286,0.9975139101081781,1.2751158327859184,-0.2776019226777404,0.3071122655969631,0.37451768823006276,0.3576255791146387,0.18659645909052452
12,70,31,0.9039120262427126,0.5738121415245464,1.080829345459161,1.331217802407066,-0.2503884569479046,0.2923024162804519,0.19644742473519494,0.44094101446562195,0.242698428711672
12,71,31,0.9111646076105882,0.5886869641191995,1.116475190917453,1.3640338368932463,-0.2475586459757933,0.29003123791003,0.20370000610307057,0.47658685992391353,0.27551446319785233
12,72,31,0.83631906802956,0.5894981977225909,1.1315259892839595,1.3581339671872217,-0.22660797790326198,0.2777792581019181,0.1288544665220424,0.49163765829042033,0.2696145934918277
12,73,31,0.9960630453483478,0.9128307657293783,1.1590920672419698,1.3571804188437453,-0.19808835160177551,0.27737287290483575,0.28859844384083005,0.5192037362484304,0.26866104514835126
12,74,31,0.9596598507144021,0.623873384809084,1.1611541938641041,1.3842732630042844,-0.22311906914018048,0.29544821413927236,0.2521952492068844,0.5212658628705646,0.29575388930889057
12,75,31,0.9500110881355838,0.7037809800070342,1.148012573426931,1.373332556384976,-0.22531998295804512,0.3056472971827655,0.24254648662806613,0.5081242424333918,0.2848131826895823
12,76,31,0.8951641021867285,0.5574681544886804,1.135563214925625,1.3648157958512923,-0.22925258092566755,0.3054237446044105,0.18769950067921085,0.49567488393208553,0.2762964221558985
12,77,31,0.8671019251673181,0.5784846021825106,1.1303069920481117,1.354559184553726,-0.22425219250561404,0.3033602606502885,0.15963732365980046,0.4904186610545723,0.26603981085833184
12,78,31,0.9329976781525564,0.5746221574703768,1.1155191315097994,1.3351016495341341,-0.21958251802433473,0.2927087788553343,0.2255330766450388,0.47563080051626017,0.24658227583874034
12,79,31,0.84271565781405,0.5875251535873554,1.1012645667094085,1.30674684858034,-0.20548228187093168,0.30361521284195614,0.1352510563065323,0.46137623571586905,0.21822747488494615
12,80,31,0.8432378116536695,0.6266220319861883,1.0807672475207295,1.2853858816701622,-0.20461863414943296,0.29502612913553405,0.13577321014615185,0.4408789165271899,0.19686650797476832
12,81,31,0.836520212197338,0.729648165083608,1.0621435441633096,1.2591817506284926,-0.19703820646518297,0.29147177434845123,0.12905561068982038,0.42225521316977016,0.17066237693309855
12,82,31,0.8718413333082987,0.6912163570942739,1.0682967598848165,1.2764540490146756,-0.2081572891298593,0.3091965845970947,0.16437673180078097,0.42840842889127706,0.1879346753192818
12,83,31,0.9951802687507835,0.9988851727312583,1.0679446679672375,1.2794337999270151,-0.21148913195977773,0.31188392095490935,0.2877156672432658,0.4280563369736982,0.1909144262316214
12,84,31,0.9060503118956829,0.8985420564854705,1.0717136169415573,1.282979965477773,-0.21126634853621584,0.3058838349038016,0.19858571038816517,0.4318252859480178,0.19446059178237907
12,85,31,1.003490088494398,1.1391844749597912,1.0832791713413488,1.3034207517891692,-0.2201415804478202,0.2955988327454943,0.29602548698688047,0.44339084034780957,0.21490137809377519
12,86,31,1.0601415223524575,1.1200981670382513,1.0829793593274917,1.3029838944889658,-0.22000453516147395,0.3087138720979107,0.3526769208449398,0.4430910283339524,0.21446452079357184
12,87,31,1.1007038857780895,1.1792321803414414,1.0607157892677717,1.2952649284531834,-0.23454913918541162,0.3253745566904893,0.3932392842705718,0.4208274582742323,0.2067455547577893
12,88,31,1.061130618010133,1.2067093264294135,1.0524235540670335,1.2858247749683471,-0.2334012209013135,0.3153474702320227,0.3536660165026153,0.41253522307349416,0.1973054012729531
12,89,31,1.0521757001855732,1.1329491221713959,1.0412606748235578,1.2713553671365214,-0.23009469231296353,0.3147699480935064,0.3447110986780556,0.40137234383001863,0.18283599344112755
12,90,31,0.8932236767151236,0.9498355519479103,1.0492396604237615,1.289614355388878,-0.2403746949651163,0.31124864434032123,0.18575907520760587,0.40935132943022223,0.20109498169348397
12,91,31,0.858053311105421,0.9782004002989907,1.0610986926214685,1.304687097289184,-0.24358840466771564,0.2963271318456318,0.15058870959790338,0.42121036162792896,0.21616772359379002
12,92,31,0.768902316212364,0.6641882674444397,1.0662655804319991,1.292448668178748,-0.22618308774674895,0.29133959283506045,0.061437714704846325,0.42637724943845956,0.20392929448335392
12,93,31,0.721212162902539,0.6579347604528631,1.0690370035064443,1.3067572774144447,-0.2377202739080003,0.29218525590772393,0.013747561395021342,0.429148672512905,0.2182379037190507
12,94,31,0.7227096607067308,0.6479199427130524,1.0593474628910897,1.2963779180608008,-0.23703045516971125,0.29187698319114425,0.015245059199213176,0.4194591318975503,0.207858544365407
12,95,31,0.7586024007026523,0.6293759826719753,1.0465511250893578,1.2928392404581746,-0.24628811536881695,0.2968243451748828,0.05113779919513461,0.40666279409581846,0.2043198667627808
