date,month,rows,days,bid_space_error_mean,bid_space_error_mae,bid_space_error_rmse,reconstruction_delta_max_abs,load_raw_error_mean,load_contrib_mean,load_abs_contrib_mean,renewable_raw_error_mean,renewable_contrib_mean,renewable_abs_contrib_mean,tie_line_raw_error_mean,tie_line_contrib_mean,tie_line_abs_contrib_mean,hydro_raw_error_mean,hydro_contrib_mean,hydro_abs_contrib_mean,non_market_raw_error_mean,non_market_contrib_mean,non_market_abs_contrib_mean,dominant_abs_component,dominant_abs_component_cn,fold,profit,oracle_profit,regret,profit_ratio_day,loss_day,charge_start,discharge_start,oracle_charge_start,oracle_discharge_start,charge_start_gap,discharge_start_gap,high_regret_day
2025-01-01,1,95,1,-0.26882588101586247,0.2852530033019988,0.3363082380181453,1.0547118733938987e-15,0.032243459465565893,0.032243459465565893,0.03542642202672008,0.07138679012007323,-0.07138679012007323,0.10814536443536393,0.10579665430929759,-0.10579665430929759,0.1074844113858823,0.058941456703431205,-0.058941456703431205,0.06313628216217457,0.06494443934862625,-0.06494443934862625,0.06968957672584661,renewable,风光总加,,,,,,False,,,,,,,False
2025-01-02,1,96,1,0.03699546516092792,0.16605990146065672,0.1966508716042427,7.771561172376096e-16,0.026135769110374324,0.026135769110374324,0.02832188895216613,-0.03532207464967035,0.03532207464967035,0.09478890278744663,0.001656157814917272,-0.001656157814917272,0.009259933494536967,0.020556035343889643,-0.020556035343889643,0.03966939668712562,0.0022501854403098585,-0.0022501854403098585,0.043016462607969395,renewable,风光总加,,,,,,False,,,,,,,False
2025-01-03,1,96,1,-0.10618018259382232,0.143560362769614,0.20139610185089907,5.967448757360216e-16,-0.002270566628435925,-0.002270566628435925,0.010853457507664718,-0.01548515190761849,0.01548515190761849,0.08647730086285464,0.10816765524969607,-0.10816765524969607,0.10929832174997293,0.008552282571613015,-0.008552282571613015,0.036198787162845476,0.0026748300516958126,-0.0026748300516958126,0.0460024308548854,tie_line,联络线,,,,,,False,,,,,,,False
2025-01-04,1,96,1,-0.21687799798494597,0.23510709335675506,0.34776085946214963,3.885780586188048e-16,-0.01307887870863865,-0.01307887870863865,0.0207562312079019,0.007552903065243428,-0.007552903065243428,0.15285669019936374,0.11035504617633875,-0.11035504617633875,0.11132425568021354,0.03315456086026453,-0.03315456086026453,0.034743300042488184,0.05273660917446065,-0.05273660917446065,0.053297318305572626,renewable,风光总加,,,,,,False,,,,,,,False
2025-01-05,1,96,1,-0.0331012337372107,0.19731606057071807,0.26140143252572856,8.049116928532385e-16,-0.014102540318711105,-0.014102540318711105,0.018434894236284635,-0.051087719919466416,0.051087719919466416,0.16021714809615115,0.004046126063396261,-0.004046126063396261,0.014352564169894612,0.021549380849760283,-0.021549380849760283,0.036842299436397836,0.04449090642480951,-0.04449090642480951,0.06537738730449898,renewable,风光总加,,,,,,False,,,,,,,False
2025-01-06,1,79,1,-0.008359665964824908,0.14208193786619708,0.2003320363242389,9.020562075079397e-16,-0.010704232183160233,-0.010704232183160233,0.01437259083020762,-0.013135145619963874,0.013135145619963874,0.09664990545968057,-0.0014262337673697054,0.0014262337673697054,0.00958379557645618,0.008140597736454301,-0.008140597736454301,0.024162050265764522,0.00407621543254392,-0.00407621543254392,0.04083829291830464,renewable,风光总加,,,,,,False,,,,,,,False
2025-01-07,1,96,1,-0.1896365238509352,0.26977009590107787,0.42392904819048083,4.996003610813204e-16,-0.0032940821368013886,-0.0032940821368013886,0.011872151659699329,0.11907215338870013,-0.11907215338870013,0.19541524814234942,-0.0005443968755257878,0.0005443968755257878,0.009082814395144858,0.036464845676371836,-0.036464845676371836,0.042462729833366464,0.03134983952458766,-0.03134983952458766,0.057274345566644784,renewable,风光总加,,,,,,False,,,,,,,False
2025-01-08,1,96,1,-0.2421628269232594,0.2429817416011467,0.30230765892858136,8.881784197001252e-16,-0.04001674619042496,-0.04001674619042496,0.04010557602827896,0.07057692059886612,-0.07057692059886612,0.07249709150341181,0.07868929093071209,-0.07868929093071209,0.08083954280343619,0.032794763491529065,-0.032794763491529065,0.040725383299871104,0.020085105711727162,-0.020085105711727162,0.03768726404864268,tie_line,联络线,,,,,,False,,,,,,,False
2025-01-09,1,96,1,-0.024165916320364463,0.14671836577651856,0.17387057704949618,8.881784197001252e-16,0.057411396272893066,0.057411396272893066,0.06152401322314352,-0.01650954402622591,0.01650954402622591,0.06729546164954926,0.13743206822895407,-0.13743206822895407,0.13743206822895407,0.004882368403733315,-0.004882368403733315,0.031231124582567483,-0.04422758001320398,0.04422758001320398,0.06934928639565555,tie_line,联络线,,,,,,False,,,,,,,False
2025-01-10,1,96,1,0.014390609054396541,0.19150056247965278,0.22289463349576005,6.886852199627924e-16,0.038398450632875836,0.038398450632875836,0.04213061873810687,-0.022197641428790087,0.022197641428790087,0.08572318959710573,0.05918096553786654,-0.05918096553786654,0.06341654168472542,-0.0005842972517066284,0.0005842972517066284,0.046616883498916094,-0.012391185278890526,0.012391185278890526,0.07869323567680099,renewable,风光总加,,,,,,False,,,,,,,False
2025-01-11,1,96,1,-0.09116738481000952,0.13485446886326452,0.17920748508875017,4.996003610813204e-16,-0.11098470070298243,-0.11098470070298243,0.11106885528621252,-0.08691042667833171,0.08691042667833171,0.10060478804803545,0.002993850434008492,-0.002993850434008492,0.017676706732910566,0.0028562445412736027,-0.0028562445412736027,0.040062826668811724,0.06124301581007671,-0.06124301581007671,0.06904186648887842,load,系统负荷,,,,,,False,,,,,,,False
2025-01-12,1,92,1,-0.18851004729352508,0.1895478013660746,0.26125598324423777,6.38378239159465e-16,-0.04386328969936597,-0.04386328969936597,0.04387746791719277,0.0448064613381547,-0.0448064613381547,0.07544037613662875,-0.0006441179604115898,0.0006441179604115898,0.00867670342051626,0.03446749146330662,-0.03446749146330662,0.0467021652885769,0.06601692275310937,-0.06601692275310937,0.06605002050676745,renewable,风光总加,,,,,,False,,,,,,,False
2025-01-13,1,96,1,0.0668913881585085,0.2310123884757825,0.2831506498082527,7.216449660063518e-16,0.020452339657348717,0.020452339657348717,0.03341506750892507,-0.12610273554634496,0.12610273554634496,0.17415497335039423,-5.301300438375368e-05,5.301300438375368e-05,0.008746692808028212,0.02186642155394315,-0.02186642155394315,0.027941768835987434,0.0578502784956258,-0.0578502784956258,0.07403529410518529,renewable,风光总加,,,,,,False,,,,,,,False
2025-01-14,1,96,1,0.019931918071941192,0.23138966691375998,0.2767715226708,4.163336342344337e-16,0.013525073321806663,0.013525073321806663,0.02420306267936831,0.016249431852174315,-0.016249431852174315,0.16045320462414575,-0.0009704294531282121,0.0009704294531282121,0.00845694390271235,0.005880754418495323,-0.005880754418495323,0.03164489922695284,-0.02756660156767596,0.02756660156767596,0.04838689837409591,renewable,风光总加,,,,,,False,,,,,,,False
2025-01-15,1,96,1,-0.2558637701748634,0.27395941624750164,0.4726825530647099,3.677613769070831e-16,-0.0025094429193755485,-0.0025094429193755485,0.021046681401411443,0.23259786228485477,-0.23259786228485477,0.24340315005972268,-0.0007544692149310247,0.0007544692149310247,0.00955914248538089,0.023113195080770293,-0.023113195080770293,0.03484649167813995,-0.001602260895206194,0.001602260895206194,0.047197199479107055,renewable,风光总加,,,,,,False,,,,,,,False
2025-01-16,1,96,1,-0.012311355306187441,0.14086946153014848,0.19022771349837622,5.828670879282072e-16,0.018210189810923743,0.018210189810923743,0.029426856162182286,0.004961979223875837,-0.004961979223875837,0.09259743562317872,0.004450718215496893,-0.004450718215496893,0.010497195800238621,0.009674818511895509,-0.009674818511895509,0.03141621353007625,0.011434029165842933,-0.011434029165842933,0.05039542428594787,renewable,风光总加,,,,,,False,,,,,,,False
2025-01-17,1,96,1,-0.0736111900701152,0.16254272932235664,0.23019760000048867,5.828670879282072e-16,0.06553618524983375,0.06553618524983375,0.06553618524983375,0.0926880332916874,-0.0926880332916874,0.15430723177693925,-0.005188334598525846,0.005188334598525846,0.010066319951049264,0.018850078762142536,-0.018850078762142536,0.0253887729977562,0.03279759786464485,-0.03279759786464485,0.04792473484435323,renewable,风光总加,,,,,,False,,,,,,,False
2025-01-18,1,96,1,-0.06637150714941671,0.2206366178042288,0.30493229660049803,7.216449660063518e-16,0.09241889933722873,0.09241889933722873,0.09241889933722873,0.07601123933637699,-0.07601123933637699,0.1820516245118595,-7.614820968667613e-05,7.614820968667613e-05,0.010610475758758528,0.03250981402728804,-0.03250981402728804,0.037062357827476286,0.050345501332667096,-0.050345501332667096,0.05925305942518405,renewable,风光总加,,,,,,False,,,,,,,False
2025-01-19,1,96,1,-0.06987367464240817,0.20470122426615855,0.23971735857241924,8.326672684688674e-16,0.02610822893860548,0.02610822893860548,0.0313531341180805,0.07399629225450251,-0.07399629225450251,0.15480012049566336,-0.0009618971134395948,0.0009618971134395948,0.011081558797713373,0.007176574288361281,-0.007176574288361281,0.03695154698780464,0.015770934151589398,-0.015770934151589398,0.05476261615555473,renewable,风光总加,,,,,,False,,,,,,,False
2025-01-20,1,96,1,-0.002702348308208614,0.1816056855766787,0.20434818609658367,7.216449660063518e-16,0.051741335126057636,0.051741335126057636,0.05177157817940595,0.01830569649678745,-0.01830569649678745,0.12423529274785437,0.00852757677295992,-0.00852757677295992,0.01673114379031319,0.01603731408887114,-0.01603731408887114,0.026166983740074177,0.011573096075647778,-0.011573096075647778,0.05124309908485746,renewable,风光总加,,,,,,False,,,,,,,False
2025-01-21,1,96,1,-0.17333502135038728,0.18578222932882568,0.2425974809755251,8.881784197001252e-16,0.05945156050939516,0.05945156050939516,0.062310917017027824,0.06917080855038837,-0.06917080855038837,0.08468236834154651,0.11992874039173651,-0.11992874039173651,0.1199336640192623,0.01881928782739298,-0.01881928782739298,0.03222299446119746,0.024867745090264532,-0.024867745090264532,0.05124361774591729,tie_line,联络线,,,,,,False,,,,,,,False
2025-01-22,1,96,1,-0.2652523973580084,0.2658058014037705,0.3461057785630071,9.159339953157541e-16,0.019126320564646637,0.019126320564646637,0.03258447930464876,0.11431405179185283,-0.11431405179185283,0.12270348940084734,0.12745157572568003,-0.12745157572568003,0.12793010264660634,0.011479919712010586,-0.011479919712010586,0.0418254195772761,0.03113317069311154,-0.03113317069311154,0.061423882418253306,tie_line,联络线,,,,,,False,,,,,,,False
2025-01-23,1,96,1,-0.3134168485781165,0.3134168485781165,0.37269719726009004,8.326672684688674e-16,-0.05511533489658621,-0.05511533489658621,0.05545867390802848,0.10684950373391568,-0.10684950373391568,0.1128784345036471,0.09921256296680775,-0.09921256296680775,0.10167404069577625,0.00994965773801237,-0.00994965773801237,0.04198423943786688,0.04228978924279447,-0.04228978924279447,0.06702046901664005,renewable,风光总加,,,,,,False,,,,,,,False
2025-01-24,1,96,1,-0.20543182046216638,0.2524956509980414,0.3226940429351001,7.216449660063518e-16,-0.05288706471232588,-0.05288706471232588,0.054037177349803976,0.029755950257192382,-0.029755950257192382,0.1154537473776221,0.024615887662658275,-0.024615887662658275,0.03017736602085372,0.03395061792609216,-0.03395061792609216,0.049211218815142045,0.06422229990389763,-0.06422229990389763,0.0776570823707803,renewable,风光总加,,,,,,False,,,,,,,False
2025-01-25,1,96,1,-0.23871272277355624,0.2671952651627359,0.36205593567218936,5.967448757360216e-16,-0.06724060776365733,-0.06724060776365733,0.06724060776365733,0.06759868843733559,-0.06759868843733559,0.13456655353437147,0.00017849245543788937,-0.00017849245543788937,0.007811619967993212,0.012085533202768005,-0.012085533202768005,0.041217015543915034,0.09160940091435742,-0.09160940091435742,0.09940624999977325,renewable,风光总加,,,,,,False,,,,,,,False
2025-01-26,1,96,1,-0.3738390065576027,0.4161216149014984,0.5839042805602312,4.440892098500626e-16,0.08250385309360395,0.08250385309360395,0.08505318177898957,0.3193199200323556,-0.3193199200323556,0.324698727426293,0.000501245736364332,-0.000501245736364332,0.008270759192401085,0.024277399227888245,-0.024277399227888245,0.04989745853290561,0.11224429465459856,-0.11224429465459856,0.11828153861145808,renewable,风光总加,,,,,,False,,,,,,,False
2025-01-27,1,96,1,-0.5126049322358395,0.526660749228653,0.6731935887992734,6.106226635438361e-16,0.07428687393954829,0.07428687393954829,0.07428687393954829,0.38209105742642296,-0.38209105742642296,0.38209105742642296,0.0011239823471817757,-0.0011239823471817757,0.010156910314472583,0.031959127473276026,-0.031959127473276026,0.04870894306174339,0.1717176389285069,-0.1717176389285069,0.1737034679401769,renewable,风光总加,,,,,,False,,,,,,,False
2025-01-28,1,96,1,-0.3261972049739342,0.3993928014334118,0.5838773351049567,4.718447854656915e-16,0.011485858746400054,0.011485858746400054,0.04727785492645451,0.18377612870530988,-0.18377612870530988,0.2584857187137117,0.0012736270205731426,-0.0012736270205731426,0.008724682585869165,0.019021982030594856,-0.019021982030594856,0.03975077533792278,0.1336113259638563,-0.1336113259638563,0.13953360248748012,renewable,风光总加,,,,,,False,,,,,,,False
2025-01-29,1,96,1,-0.10943079216770678,0.16299711293620178,0.20748242822180865,8.604228440844963e-16,0.11568398905767813,0.11568398905767813,0.11878455948356235,0.10708542146528861,-0.10708542146528861,0.11015658161755439,0.00017939098093592066,-0.00017939098093592066,0.010028895998802067,0.021899564726175352,-0.021899564726175352,0.037386447939021746,0.09595040405298515,-0.09595040405298515,0.10438577603865941,load,系统负荷,,,,,,False,,,,,,,False
2025-01-30,1,96,1,-0.2378377050401822,0.24382340431481334,0.3264267629956742,9.71445146547012e-16,0.09103575447709088,0.09103575447709088,0.09103575447709088,0.1570022969150541,-0.1570022969150541,0.1579221970928175,-0.0008352707639855466,0.0008352707639855466,0.00879115155746732,0.03962533971738076,-0.03962533971738076,0.053737172104656894,0.1330810936488238,-0.1330810936488238,0.13422495313324248,renewable,风光总加,,,,,,False,,,,,,,False
2025-01-31,1,96,1,-0.14788289865247725,0.18046403222803575,0.2526819327031345,9.43689570931383e-16,0.04441075502835105,0.04441075502835105,0.05161035494573505,0.06410332928389022,-0.06410332928389022,0.12269680524775224,-0.0007060072787202029,0.0007060072787202029,0.008965385148146243,0.017403197032327334,-0.017403197032327334,0.03528274407014679,0.11149313464333101,-0.11149313464333101,0.11188528623508089,renewable,风光总加,,,,,,False,,,,,,,False
2025-02-01,2,96,1,-0.2884964922631624,0.3424380898762492,0.4681107824553795,7.494005416219807e-16,0.014617548835874539,0.014617548835874539,0.03674362964857766,0.14775130484498536,-0.14775130484498536,0.17930405772533542,0.002000877487490693,-0.002000877487490693,0.008916718669545643,0.014871963043353252,-0.014871963043353252,0.04167722861586933,0.1384898957232077,-0.1384898957232077,0.1546906464866107,renewable,风光总加,,,,,,False,,,,,,,False
2025-02-02,2,96,1,-0.3323754005526187,0.41298653525242157,0.6217148044868809,4.996003610813204e-16,0.02308859885839744,0.02308859885839744,0.04013443111541084,0.21358181198356388,-0.21358181198356388,0.2632229496817145,0.00011532538241787562,-0.00011532538241787562,0.008516684890703298,0.038027542229323315,-0.038027542229323315,0.05941357406557595,0.10373931981571105,-0.10373931981571105,0.12848833535378473,renewable,风光总加,,,,,,False,,,,,,,False
2025-02-03,2,96,1,-0.3741652516693264,0.39574451762325297,0.6337310658981571,8.881784197001252e-16,0.005884538452706617,0.005884538452706617,0.053545837309174005,0.24672574394464444,-0.24672574394464444,0.28701320198796365,0.0013505787896483242,-0.0013505787896483242,0.009013145796163477,0.023463028313088566,-0.023463028313088566,0.04237083916475087,0.10851043907465173,-0.10851043907465173,0.11846424610114285,renewable,风光总加,,,,,,False,,,,,,,False
2025-02-04,2,96,1,-0.5529867281513663,0.5531895611511899,0.7945632181366539,6.106226635438361e-16,0.015367634999595722,0.015367634999595722,0.05730379236569,0.39517606510167025,-0.39517606510167025,0.39517606510167025,-0.00020699689847292324,0.00020699689847292324,0.009023869661457032,0.01865666932242027,-0.01865666932242027,0.03652831225789121,0.1547286256253445,-0.1547286256253445,0.1547286256253445,renewable,风光总加,,,,,,False,,,,,,,False
2025-02-05,2,96,1,-0.8587666067420335,0.8587666067420336,1.1344330704770216,4.440892098500626e-16,0.014720696641014183,0.014720696641014183,0.04140719613591273,0.600542410083846,-0.600542410083846,0.600542410083846,-0.0021343779222589114,0.0021343779222589114,0.01180216163696256,0.02759788924822926,-0.02759788924822926,0.03925305065269709,0.24748138197323144,-0.24748138197323144,0.24748138197323144,renewable,风光总加,,,,,,False,,,,,,,False
2025-02-06,2,96,1,-0.789155381900989,0.789155381900989,1.026262453680054,4.440892098500626e-16,-0.025935171466667864,-0.025935171466667864,0.03580916313062663,0.48701793574711544,-0.48701793574711544,0.48701793574711544,-0.006770900983628894,0.006770900983628894,0.01307435686080713,0.03127373514541306,-0.03127373514541306,0.05075690912939911,0.2516994405254214,-0.2516994405254214,0.2516994405254214,renewable,风光总加,,,,,,False,,,,,,,False
2025-02-07,2,96,1,-0.481877033067766,0.4863414629284646,0.5898441426194682,8.187894806610529e-16,-0.09665526443330537,-0.09665526443330537,0.09665526443330537,0.20049135471464574,-0.20049135471464574,0.20216902600591827,0.006200432258489506,-0.006200432258489506,0.012730564934073168,0.029554636715121586,-0.029554636715121586,0.04463263969076697,0.1489753449462038,-0.1489753449462038,0.1633460695582781,renewable,风光总加,,,,,,False,,,,,,,False
2025-02-08,2,96,1,-0.38339952239902947,0.38771660868822183,0.4930524425563367,1.1657341758564144e-15,-0.022668045094807413,-0.022668045094807413,0.04561550970424599,0.2116790052668948,-0.2116790052668948,0.21220565809010583,0.001918103565391675,-0.001918103565391675,0.009462152867191122,0.020547736766932223,-0.020547736766932223,0.047649355041920444,0.12658663170500342,-0.12658663170500342,0.13643172445131826,renewable,风光总加,,,,,,False,,,,,,,False
2025-02-09,2,96,1,-0.41656077471747444,0.4382817739373584,0.5853131334228412,7.216449660063518e-16,-0.00024588917287545847,-0.00024588917287545847,0.02734892463442157,0.22406677176584158,-0.22406677176584158,0.24266889401595468,0.0012398702211715372,-0.0012398702211715372,0.005685496792179611,0.017396637065683177,-0.017396637065683177,0.04310083634375995,0.17361160649190274,-0.17361160649190274,0.17444936828999258,renewable,风光总加,,,,,,False,,,,,,,False
2025-02-10,2,96,1,-0.46209933995773067,0.4636774867661971,0.602587980969359,4.440892098500626e-16,-0.035116056632634236,-0.035116056632634236,0.04457760317774132,0.20794425846653528,-0.20794425846653528,0.24187513805201222,-0.0007088927874334123,0.0007088927874334123,0.00936480529981922,0.04278109275799764,-0.04278109275799764,0.05303122326661947,0.17696682488799687,-0.17696682488799687,0.17696682488799687,renewable,风光总加,,,,,,False,,,,,,,False
2025-02-11,2,96,1,-0.610162323574252,0.610162323574252,0.6579827564805708,6.661338147750939e-16,-0.09462189392617866,-0.09462189392617866,0.09462189392617866,0.2904079847263125,-0.2904079847263125,0.2904079847263125,-0.008925309449917065,0.008925309449917065,0.014080814994880739,0.018566517264117958,-0.018566517264117958,0.04746387161980276,0.21549123710756002,-0.21549123710756002,0.21549123710756002,renewable,风光总加,,,,,,False,,,,,,,False
2025-02-12,2,96,1,-0.6355512645889714,0.6355512645889714,0.8552391283106712,4.440892098500626e-16,-0.021091753778019837,-0.021091753778019837,0.02872483746006306,0.48294377276614653,-0.48294377276614653,0.48294377276614653,-0.0009025067695454548,0.0009025067695454548,0.009575498571479173,0.013230568805927982,-0.013230568805927982,0.04343677530374284,0.1191876760084224,-0.1191876760084224,0.12492174431309305,renewable,风光总加,,,,,,False,,,,,,,False
2025-02-13,2,96,1,-0.4562550890507285,0.46308635195460307,0.5569111507944251,4.996003610813204e-16,0.03556962938200555,0.03556962938200555,0.0412249342564343,0.3384385702573849,-0.3384385702573849,0.3384385702573849,-0.0022460215416604677,0.0022460215416604677,0.011157042244633217,0.025580210064433978,-0.025580210064433978,0.03505736027184831,0.13005195965257563,-0.13005195965257563,0.13233057648506705,renewable,风光总加,,,,,,False,,,,,,,False
2025-02-14,2,96,1,-0.6877665171270996,0.6877665171270996,0.885670677030471,4.440892098500626e-16,0.03974134447273616,0.03974134447273616,0.04842840586905364,0.5046168871515623,-0.5046168871515623,0.5046168871515623,-0.0029860193825134696,0.0029860193825134696,0.010853464812750103,0.02677618402773835,-0.02677618402773835,0.04797836147590634,0.19910080980304848,-0.19910080980304848,0.19910080980304848,renewable,风光总加,,,,,,False,,,,,,,False
2025-02-15,2,96,1,-0.315780620790531,0.40385983190449504,0.5584181989204147,7.216449660063518e-16,0.03568599939162841,0.03568599939162841,0.036805138467223227,0.20853304834573205,-0.20853304834573205,0.2811207156023965,0.00246881933974508,-0.00246881933974508,0.009407466998262247,0.020531073867249245,-0.020531073867249245,0.04765915116137457,0.11993367862943298,-0.11993367862943298,0.1432046416385037,renewable,风光总加,,,,,,False,,,,,,,False
2025-02-16,2,96,1,-0.17700962538306145,0.26566805671441396,0.38835136901437145,8.049116928532385e-16,0.0670122507956215,0.0670122507956215,0.0670122507956215,0.19375886386978627,-0.19375886386978627,0.19450506372810128,-0.0011488196373712109,0.0011488196373712109,0.008255615750470869,0.014885857315688642,-0.014885857315688642,0.04061520069753954,0.03652597463057928,-0.03652597463057928,0.0963169147951571,renewable,风光总加,,,,,,False,,,,,,,False
2025-02-17,2,96,1,-0.14074340497735172,0.35687972495181414,0.4874057815222816,9.43689570931383e-16,0.055458381704614486,0.055458381704614486,0.06431126853837327,0.08082195946299912,-0.08082195946299912,0.17451073100693118,0.029096483677235968,-0.029096483677235968,0.034149644976448464,0.021673479639683288,-0.021673479639683288,0.03807181835162867,0.0646098639020478,-0.0646098639020478,0.11724928622101423,renewable,风光总加,,,,,,False,,,,,,,False
2025-02-18,2,96,1,-0.13097050838954924,0.23837672537289065,0.34718733954727254,8.881784197001252e-16,0.012398629160861993,0.012398629160861993,0.030259124536089088,0.007152613608413832,-0.007152613608413832,0.12720108434903415,0.04494289397065987,-0.04494289397065987,0.04845893382073066,0.02393893270837431,-0.02393893270837431,0.04149766961797038,0.06733469726296325,-0.06733469726296325,0.10790928899104306,renewable,风光总加,,,,,,False,,,,,,,False
2025-02-19,2,96,1,-0.15396173776531868,0.29400169954890804,0.3900927219741321,7.077671781985373e-16,-0.03812407162713604,-0.03812407162713604,0.0425927384373375,0.021557540630096083,-0.021557540630096083,0.14789244639902951,0.03372063922910866,-0.03372063922910866,0.038909207590365716,0.010881969255785134,-0.010881969255785134,0.050064357817893305,0.04967751702319278,-0.04967751702319278,0.10793262143365044,renewable,风光总加,,,,,,False,,,,,,,False
2025-02-20,2,96,1,-0.3300524929876512,0.3362541159750528,0.48147861405711223,1.0130785099704553e-15,-0.048677947584604135,-0.048677947584604135,0.050771585045867006,0.09133861601060973,-0.09133861601060973,0.13363416896574523,0.08903272198942198,-0.08903272198942198,0.08903272198942198,0.020715059746870202,-0.020715059746870202,0.04389286830755982,0.08028814765614524,-0.08028814765614524,0.11171694784827929,renewable,风光总加,,,,,,False,,,,,,,False
2025-02-21,2,96,1,-0.33584796783977255,0.35386270278707616,0.47463090686725967,7.216449660063518e-16,-0.04105947407326054,-0.04105947407326054,0.0412963049403022,0.15198153366936815,-0.15198153366936815,0.15978402228067404,0.00011490899255289933,-0.00011490899255289933,0.009157640384383221,0.036986136566936105,-0.036986136566936105,0.05081755594797346,0.10570591453765495,-0.10570591453765495,0.12938192991920336,renewable,风光总加,,,,,,False,,,,,,,False
2025-02-22,2,96,1,-0.28969640366747024,0.3173692942269864,0.49334028240549316,9.298117831235686e-16,-0.020807293754497237,-0.020807293754497237,0.03485248915321217,0.12656825211026324,-0.12656825211026324,0.15524452536292063,0.011262323134695051,-0.011262323134695051,0.0173795869964767,0.0290493950970709,-0.0290493950970709,0.0469671185109286,0.10200913957094389,-0.10200913957094389,0.13283808998466154,renewable,风光总加,,,,,,False,,,,,,,False
2025-02-23,2,96,1,-0.2529702404779641,0.2593067883917772,0.33664256726911646,8.326672684688674e-16,-0.04280188303090334,-0.04280188303090334,0.04517106831156203,0.08275562286018595,-0.08275562286018595,0.10997274914472578,-0.0008846677511211511,0.0008846677511211511,0.00912083005930541,0.02441366829000408,-0.02441366829000408,0.03580911930011455,0.10388373404799195,-0.10388373404799195,0.11547681683715687,non_market,非市场化机组,,,,,,False,,,,,,,False
2025-02-24,2,96,1,-0.6283651206388018,0.6283651206388018,0.7795852766169655,3.3306690738754696e-16,-0.07527569029250204,-0.07527569029250204,0.07527569029250204,0.3139176267890184,-0.3139176267890184,0.3139176267890184,0.0005409342650699629,-0.0005409342650699629,0.00898428340394627,0.0301158498971227,-0.0301158498971227,0.044170731839011525,0.20851501939508865,-0.20851501939508865,0.20851501939508865,renewable,风光总加,,,,,,False,,,,,,,False
2025-02-25,2,96,1,-0.26860182282142014,0.3016214806705293,0.3905424791698561,7.216449660063518e-16,0.0005635142838863091,0.0005635142838863091,0.032902250517366644,0.14977186223240846,-0.14977186223240846,0.15831935266803202,0.0021260428198747474,-0.0021260428198747474,0.009526970889500205,0.007980593897220221,-0.007980593897220221,0.061264105591481655,0.10928683815580297,-0.10928683815580297,0.12959501925885805,renewable,风光总加,,,,,,False,,,,,,,False
2025-02-26,2,96,1,-0.2747074569873247,0.299906772596533,0.371121843233587,7.494005416219807e-16,0.04357381139982045,0.04357381139982045,0.04776225513600222,0.16562020837345004,-0.16562020837345004,0.16562020837345004,-0.0010261015085793162,0.0010261015085793162,0.00797791293089686,0.031632582853053,-0.031632582853053,0.06187340084525539,0.12205457866922144,-0.12205457866922144,0.13998476455868597,renewable,风光总加,,,,,,False,,,,,,,False
2025-02-27,2,96,1,-0.30631804422838954,0.3511746286156412,0.4973206878149762,4.996003610813204e-16,0.015742897234016725,0.015742897234016725,0.026362153705365734,0.13841365985249685,-0.13841365985249685,0.22706523901379116,0.0005256301112620626,-0.0005256301112620626,0.008440573206443357,0.029402515617796613,-0.029402515617796613,0.04727822018072205,0.15371913588085076,-0.15371913588085076,0.15371913588085076,renewable,风光总加,,,,,,False,,,,,,,False
2025-02-28,2,96,1,-0.45174490013539853,0.47384384986111233,0.554871780687399,5.551115123125783e-16,-0.011627285198772855,-0.011627285198772855,0.016815941221054103,0.22879470336019403,-0.22879470336019403,0.2592421383864312,-0.0020450878640278915,0.0020450878640278915,0.01069750854561647,0.025270372174406055,-0.025270372174406055,0.043851236626151126,0.1880976272660535,-0.1880976272660535,0.1884610844825492,renewable,风光总加,,,,,,False,,,,,,,False
2025-03-01,3,96,1,-0.4347154897102516,0.4348507360604185,0.5295482851155299,7.632783294297951e-16,-0.006304434758615122,-0.006304434758615122,0.022939282913846743,0.2609219354575405,-0.2609219354575405,0.2609219354575405,-0.0012738023426215196,0.0012738023426215196,0.007290548229989432,0.02691995541250848,-0.02691995541250848,0.04440789143489394,0.141842966424209,-0.141842966424209,0.14244617654188632,renewable,风光总加,,,,,,False,,,,,,,False
2025-03-02,3,96,1,-0.20171437210391532,0.20200607877210497,0.24764153492239804,8.743006318923108e-16,0.017426646356300316,0.017426646356300316,0.02250908643759493,0.02748219130645863,-0.02748219130645863,0.05175573344928217,0.08226130964981866,-0.08226130964981866,0.08226130964981866,0.022098467590080686,-0.022098467590080686,0.03607265755919522,0.08729904991385762,-0.08729904991385762,0.09061821771375032,non_market,非市场化机组,,,,,,False,,,,,,,False
2025-03-03,3,96,1,-0.3948073920542347,0.3948073920542347,0.49807199370275906,8.326672684688674e-16,0.0025337688535905095,0.0025337688535905095,0.03397061924978003,0.22141331639387937,-0.22141331639387937,0.22141331639387937,-0.00024060029108216962,0.00024060029108216962,0.006849744769809651,0.025253621613698887,-0.025253621613698887,0.03283331973200552,0.1509148231913291,-0.1509148231913291,0.1509361540405506,renewable,风光总加,,,,,,False,,,,,,,False
2025-03-04,3,96,1,-0.30295567415373786,0.3305505025712056,0.40003029192373524,6.38378239159465e-16,-0.01026174559432808,-0.01026174559432808,0.06049326568028168,0.1393452116413932,-0.1393452116413932,0.14930204297321914,0.002316632496651989,-0.002316632496651989,0.011158094176923603,0.025255477105377747,-0.025255477105377747,0.031115119827212084,0.1257766073159869,-0.1257766073159869,0.12765417496277234,renewable,风光总加,,,,,,False,,,,,,,False
2025-03-05,3,96,1,-0.33001979542562543,0.3877268138924556,0.5327074334692732,7.771561172376096e-16,0.031042375787298435,0.031042375787298435,0.05465986282502402,0.2357073887453779,-0.2357073887453779,0.2357073887453779,0.0012668698166245558,-0.0012668698166245558,0.007982347117704224,0.0011538966716893092,-0.0011538966716893092,0.04306511447639927,0.12293401597923209,-0.12293401597923209,0.13868716955308,renewable,风光总加,,,,,,False,,,,,,,False
2025-03-06,3,96,1,-0.17936086206901572,0.27583285652106443,0.3881373103602954,7.494005416219807e-16,0.03766991447093679,0.03766991447093679,0.0478591936185945,0.08015854813695382,-0.08015854813695382,0.11933032971513402,0.020917483661914205,-0.020917483661914205,0.02656714901045286,0.009501907141664894,-0.009501907141664894,0.048500061451250194,0.10645283759941959,-0.10645283759941959,0.12136704595135096,non_market,非市场化机组,,,,,,False,,,,,,,False
2025-03-07,3,96,1,-0.37986071259792326,0.3919160319676844,0.5557930076388663,7.632783294297951e-16,-0.0004930202102604078,-0.0004930202102604078,0.02852219439245868,0.20693448382371285,-0.20693448382371285,0.22637382729559988,-4.3845122269693615e-05,4.3845122269693615e-05,0.00852160121314374,0.02904371174066873,-0.02904371174066873,0.04845044531155412,0.143433341945551,-0.143433341945551,0.15711385287343144,renewable,风光总加,,,,,,False,,,,,,,False
2025-03-08,3,96,1,-0.3034924079947317,0.38069475610757,0.5855541516791064,6.661338147750939e-16,0.05117175762133095,0.05117175762133095,0.05117175762133095,0.15965415977841002,-0.15965415977841002,0.22653266907144673,-0.0004802509210688759,0.0004802509210688759,0.008809757609853346,0.0197287417331061,-0.0197287417331061,0.0534301393674033,0.1757615150256154,-0.1757615150256154,0.1780619594531321,renewable,风光总加,,,,,,False,,,,,,,False
2025-03-09,3,96,1,-0.7296233997069774,0.7296233997069774,1.0144253781796804,4.440892098500626e-16,0.017796868081830036,0.017796868081830036,0.0318004244940509,0.5056730271711002,-0.5056730271711002,0.5056730271711002,0.0003973235921775735,-0.0003973235921775735,0.01026919678138491,0.03566364583045791,-0.03566364583045791,0.043928195700311624,0.2056862711950718,-0.2056862711950718,0.2058028749674259,renewable,风光总加,,,,,,False,,,,,,,False
2025-03-10,3,96,1,-0.44428166699282445,0.4442816669928244,0.5289234959768291,4.85722573273506e-16,0.025252511240725722,0.025252511240725722,0.027256150050478656,0.24894415956876792,-0.24894415956876792,0.24895748404444604,-0.0009513850956211735,0.0009513850956211735,0.009320426906318957,0.024550624030142798,-0.024550624030142798,0.03663463777515806,0.19699077973026058,-0.19699077973026058,0.19699077973026058,renewable,风光总加,,,,,,False,,,,,,,False
2025-03-11,3,96,1,-0.886625893859336,0.886625893859336,1.1477248913640075,4.440892098500626e-16,-0.0030199222836220694,-0.0030199222836220694,0.0363121182569629,0.6468552559305019,-0.6468552559305019,0.6468552559305019,-0.0065581403728149105,0.0065581403728149105,0.013199850922031952,0.023150166117725805,-0.023150166117725805,0.04469840006908618,0.22015868990030116,-0.22015868990030116,0.22015868990030116,renewable,风光总加,,,,,,False,,,,,,,False
2025-03-12,3,96,1,-0.3981026941402895,0.4022796835026427,0.48911340930821434,7.771561172376096e-16,-0.013233235162080711,-0.013233235162080711,0.03691471474747077,0.2521880922946426,-0.2521880922946426,0.2542148005639303,0.0014910628860110107,-0.0014910628860110107,0.009804688319244909,0.025668061020851094,-0.025668061020851094,0.050670665291758954,0.10552224277670404,-0.10552224277670404,0.12357617681199475,renewable,风光总加,,,,,,False,,,,,,,False
2025-03-13,3,96,1,-0.7624872985262575,0.7624872985262575,0.8565925859075356,9.43689570931383e-16,-0.026829240862634246,-0.026829240862634246,0.04346175139055398,0.03463636089805195,-0.03463636089805195,0.22002914151670716,-0.0014467940687909713,0.0014467940687909713,0.00971902888843274,0.04110828665356807,-0.04110828665356807,0.04110828665356807,0.6613602041807941,-0.6613602041807941,0.6613602041807941,non_market,非市场化机组,,,,,,False,,,,,,,False
2025-03-14,3,96,1,-0.021456270231891342,0.3498099071807555,0.4007194552299447,8.604228440844963e-16,0.010320186277126766,0.010320186277126766,0.03123260020980817,-0.05293890159796829,0.05293890159796829,0.22894549493198532,0.0004941744137456947,-0.0004941744137456947,0.008645480850506246,0.012740163816222822,-0.012740163816222822,0.036274708914886315,0.07148101987701781,-0.07148101987701781,0.10994146146417244,renewable,风光总加,,,,,,False,,,,,,,False
2025-03-15,3,96,1,-0.35739786004550744,0.4525056151983036,0.6285394630167465,7.077671781985373e-16,-0.04350572800435998,-0.04350572800435998,0.04350572800435998,0.1444296533160737,-0.1444296533160737,0.25390293186017515,-0.0026758965941568666,0.0026758965941568666,0.009546270924994478,0.02842548967259749,-0.02842548967259749,0.04774127493087743,0.14371288564663318,-0.14371288564663318,0.15378649607286157,renewable,风光总加,,,,,,False,,,,,,,False
2025-03-16,3,96,1,-0.5948891652434859,0.5953021801589949,0.8394712745886561,5.551115123125783e-16,0.007973500659345503,0.007973500659345503,0.01760920043919278,0.35528029842972386,-0.35528029842972386,0.3553113888729727,0.0003663061997821779,-0.0003663061997821779,0.009461473494253582,0.03033637581366354,-0.03033637581366354,0.043938503175740246,0.21687968545966185,-0.21687968545966185,0.2184240389432999,renewable,风光总加,,,,,,False,,,,,,,False
2025-03-17,3,96,1,-0.601300115451587,0.601300115451587,0.8375059742851945,4.440892098500626e-16,0.004765034122844213,0.004765034122844213,0.0223198847270342,0.4003494973260824,-0.4003494973260824,0.4007620739364704,0.0012639989180820762,-0.0012639989180820762,0.010162513314935909,0.025883648699695446,-0.025883648699695446,0.04393731975191357,0.1785680046305713,-0.1785680046305713,0.18650604640562876,renewable,风光总加,,,,,,False,,,,,,,False
2025-03-18,3,96,1,-0.5015169595731889,0.5015169595731889,0.6409938714473696,6.106226635438361e-16,-0.018329116600419,-0.018329116600419,0.029660034486549035,0.27203642558001095,-0.27203642558001095,0.27203642558001095,-0.002478242899846365,0.002478242899846365,0.008270050599122138,0.05110561007348816,-0.05110561007348816,0.051869166814594386,0.16252405021911712,-0.16252405021911712,0.1626315372449546,renewable,风光总加,,,,,,False,,,,,,,False
2025-03-19,3,96,1,-0.40816389322650853,0.41162942571647054,0.6175386578779021,6.938893903907228e-16,-0.012136814901923856,-0.012136814901923856,0.03020404419255131,0.21266733948421546,-0.21266733948421546,0.26566232952749974,0.0002696087850064016,-0.0002696087850064016,0.009380219029907363,0.03235938040467886,-0.03235938040467886,0.04486971893071054,0.15073074965068392,-0.15073074965068392,0.15194013575069062,renewable,风光总加,,,,,,False,,,,,,,False
2025-03-20,3,96,1,-0.5766623052277938,0.5767876166618849,0.8129049424711402,4.440892098500626e-16,0.0031083868672085783,0.0031083868672085783,0.022974712577793446,0.35875600690357823,-0.35875600690357823,0.360791174461701,0.0005487141809675736,-0.0005487141809675736,0.010770457127919924,0.027392718621093774,-0.027392718621093774,0.040746969827079864,0.19307325238936282,-0.19307325238936282,0.19312311690196082,renewable,风光总加,,,,,,False,,,,,,,False
2025-03-21,3,96,1,-0.5521783474065537,0.5559897610776596,0.8246314657304841,2.498001805406602e-16,0.07257850667963571,0.07257850667963571,0.07305319112566803,0.4342574900791583,-0.4342574900791583,0.4342574900791583,0.00011632617911079889,-0.00011632617911079889,0.008971243826596817,0.023303857808400982,-0.023303857808400982,0.041559412199347175,0.16707918001951924,-0.16707918001951924,0.17913080301609333,renewable,风光总加,,,,,,False,,,,,,,False
2025-03-22,3,96,1,-0.5131656340618662,0.5160874198288985,0.7815535142688229,3.3306690738754696e-16,0.109403149724743,0.109403149724743,0.109403149724743,0.47964188879819153,-0.47964188879819153,0.47964188879819153,-5.288881793263835e-06,5.288881793263835e-06,0.01134563032802458,0.017743256060447545,-0.017743256060447545,0.04372084085265656,0.1251889278097633,-0.1251889278097633,0.1371333267635725,renewable,风光总加,,,,,,False,,,,,,,False
2025-03-23,3,96,1,-0.6384815242550096,0.6384815242550096,0.8885258505400292,3.0531133177191805e-16,-0.01697694530216441,-0.01697694530216441,0.03850970708275389,0.44169134216845546,-0.44169134216845546,0.44169134216845546,0.0024671756955414004,-0.0024671756955414004,0.012681920370728616,0.03429714195474697,-0.03429714195474697,0.04368611978198877,0.14304891913410125,-0.14304891913410125,0.14612533894781893,renewable,风光总加,,,,,,False,,,,,,,False
2025-03-24,3,96,1,-0.5671825544099949,0.5817476089025456,0.7224963461593,6.661338147750939e-16,-0.0187834198583253,-0.0187834198583253,0.03753747327354432,0.42348948015483057,-0.42348948015483057,0.4258432955359132,-0.002710559224141835,0.002710559224141835,0.013746147119748711,0.005756830950620716,-0.005756830950620716,0.04505475674262188,0.12186338267036018,-0.12186338267036018,0.13678854865031634,renewable,风光总加,,,,,,False,,,,,,,False
2025-03-25,3,96,1,-0.4056876373098773,0.4147702252473762,0.4825757599239549,6.106226635438361e-16,0.027778463652991928,0.027778463652991928,0.029332985815436943,0.3216955922288049,-0.3216955922288049,0.3216955922288049,-0.003069238914818761,0.003069238914818761,0.013017158042517915,0.01235044481789444,-0.01235044481789444,0.050670292732406114,0.10248930283098857,-0.10248930283098857,0.11176944949668854,renewable,风光总加,,,,,,False,,,,,,,False
2025-03-26,3,96,1,-0.7227564441560835,0.7227564441560835,0.8223757593786714,2.220446049250313e-16,-0.03816198502010175,-0.03816198502010175,0.03916599595058314,0.49177006908923193,-0.49177006908923193,0.49177006908923193,0.0037920478898436226,-0.0037920478898436226,0.01836664282386114,0.027635079437745277,-0.027635079437745277,0.04507208440507168,0.16139726271916105,-0.16139726271916105,0.1618038637697329,renewable,风光总加,,,,,,False,,,,,,,False
2025-03-27,3,96,1,-0.5112382019024826,0.5491302932392492,0.6769022981782632,6.661338147750939e-16,-0.062207842262741585,-0.062207842262741585,0.062207842262741585,0.2711377466751888,-0.2711377466751888,0.2890943331431076,-0.0021225582941628855,0.0021225582941628855,0.013045311841456185,0.018965016975036834,-0.018965016975036834,0.052951897344805605,0.16105015428367828,-0.16105015428367828,0.17309802246638253,renewable,风光总加,,,,,,False,,,,,,,False
2025-03-28,3,96,1,-0.6150073045511649,0.6156523289773848,0.869042694247398,6.522560269672795e-16,-0.03278938694871163,-0.03278938694871163,0.0337809792340983,0.33600335431024897,-0.33600335431024897,0.33619043754605826,-0.001392743742287558,0.001392743742287558,0.01282128678903278,0.04749033063893987,-0.04749033063893987,0.06189645569461948,0.20011697639555204,-0.20011697639555204,0.20617594567624198,renewable,风光总加,,,,,,False,,,,,,,False
2025-03-29,3,96,1,-0.5151648094644702,0.5394801074751534,0.729945513319721,5.967448757360216e-16,-0.03550322615617551,-0.03550322615617551,0.04234443858629653,0.2971785131505886,-0.2971785131505886,0.3069519868401336,0.00047851961584097447,-0.00047851961584097447,0.010257048424448132,0.03314696357150069,-0.03314696357150069,0.06298816417472566,0.14885758697036444,-0.14885758697036444,0.18419321985844406,renewable,风光总加,,,,,,False,,,,,,,False
2025-03-30,3,96,1,-0.1857485309701068,0.2833048630711437,0.4034818275707018,7.771561172376096e-16,0.044437929945852474,0.044437929945852474,0.044437929945852474,0.15994831365019185,-0.15994831365019185,0.1712157065141197,0.0011228865843792752,-0.0011228865843792752,0.010233730592011445,0.022449374669945368,-0.022449374669945368,0.043117623429893864,0.046665886011442816,-0.046665886011442816,0.08833660579626547,renewable,风光总加,,,,,,False,,,,,,,False
2025-03-31,3,96,1,-0.3745470446500503,0.4809648689753881,0.7347731795159094,4.440892098500626e-16,0.01693304173921194,0.01693304173921194,0.019367242279484193,0.23304220871142922,-0.23304220871142922,0.2819369127885336,-0.002410415182373162,0.002410415182373162,0.01232297769697909,0.025565220029296107,-0.025565220029296107,0.051172597706146156,0.1352830728309101,-0.1352830728309101,0.17106361463713607,renewable,风光总加,,,,,,False,,,,,,,False
2025-04-01,4,96,1,-0.4308113891162268,0.452737471302222,0.7094271176362541,7.216449660063518e-16,0.0251176593651678,0.0251176593651678,0.02976909941082213,0.25603116620565486,-0.25603116620565486,0.2846154392134164,0.002142786075496597,-0.002142786075496597,0.00971361582018851,0.04365197581306365,-0.04365197581306365,0.05677040425378633,0.1541031203871795,-0.1541031203871795,0.16015436088756932,renewable,风光总加,,,,,,False,,,,,,,False
2025-04-02,4,96,1,-0.12945777131530542,0.20815031300899803,0.2701494910147206,9.159339953157541e-16,0.036456758946889566,0.036456758946889566,0.04095946745482127,0.09915697857238082,-0.09915697857238082,0.11037564651702526,0.00024999463084209115,-0.00024999463084209115,0.009177583267388273,0.016003725306432577,-0.016003725306432577,0.051904727970077384,0.05050383175253944,-0.05050383175253944,0.08264186807111833,renewable,风光总加,,,,,,False,,,,,,,False
2025-04-03,4,96,1,-0.2773723959534569,0.5183823854424028,0.6863306436906861,4.440892098500626e-16,0.1470655399577695,0.1470655399577695,0.14725269624443227,0.27682737084059106,-0.27682737084059106,0.2961740858302422,-0.00027077029357699175,0.00027077029357699175,0.010095701004326307,0.015604641188685703,-0.015604641188685703,0.0434141514544144,0.13227669417552665,-0.13227669417552665,0.13850593038555056,renewable,风光总加,,,,,,False,,,,,,,False
2025-04-04,4,96,1,-0.5313950946879425,0.5331498200194852,0.7731767518284427,6.245004513516506e-16,0.0007948663369155978,0.0007948663369155978,0.015350833303291081,0.33823865198661585,-0.33823865198661585,0.33966421017229487,0.01003866289791481,-0.01003866289791481,0.014853020957041156,0.03225827071835179,-0.03225827071835179,0.05249481815446639,0.15165437542197577,-0.15165437542197577,0.15650638389099517,renewable,风光总加,,,,,,False,,,,,,,False
2025-04-05,4,96,1,-0.30747704715473834,0.4036120726297699,0.5562552626914039,9.43689570931383e-16,-0.0100648004932965,-0.0100648004932965,0.022154132340446452,0.17682260789302043,-0.17682260789302043,0.25085121784511066,0.0006080460841789235,-0.0006080460841789235,0.010437462117333027,0.016801973897865165,-0.016801973897865165,0.03858749163155891,0.10317961878637734,-0.10317961878637734,0.1304716368059237,renewable,风光总加,,,,,,False,,,,,,,False
2025-04-06,4,96,1,-0.400467993115542,0.42897440852364505,0.5695327666881015,5.551115123125783e-16,-0.02283357832883466,-0.02283357832883466,0.025435649730446094,0.2096036962647746,-0.2096036962647746,0.23978296160781928,-0.001975338909107635,0.001975338909107635,0.010276384985369142,0.043329492820295155,-0.043329492820295155,0.051004288539685944,0.12667656461074525,-0.12667656461074525,0.13308334361511157,renewable,风光总加,,,,,,False,,,,,,,False
2025-04-07,4,96,1,0.01751153144806541,0.1279816181084933,0.1639336311611961,1.0408340855860843e-15,0.035388244112769085,0.035388244112769085,0.04256607487581058,-0.006979366204257146,0.006979366204257146,0.08864304682160573,-0.0020771425785429446,0.0020771425785429446,0.008581035387549995,0.010026521846063344,-0.010026521846063344,0.04109312129638184,0.016906699601440433,-0.016906699601440433,0.05735885809905702,renewable,风光总加,,,,,,False,,,,,,,False
2025-04-08,4,96,1,-0.38552871371069014,0.3861709475943062,0.5307923157179419,6.106226635438361e-16,-0.009103670413818632,-0.009103670413818632,0.03757436395456091,0.26280215485030795,-0.26280215485030795,0.26372436343504185,-0.0012647440367877184,0.0012647440367877184,0.008661741970494975,0.004298976982610086,-0.004298976982610086,0.03177902789906118,0.11058865550074111,-0.11058865550074111,0.12007011570851185,renewable,风光总加,,,,,,False,,,,,,,False
2025-04-09,4,96,1,-0.3052269932059648,0.32589131182999503,0.43637162945967845,7.355227538141662e-16,0.02991761179598425,0.02991761179598425,0.0553068742344589,0.1817360448247466,-0.1817360448247466,0.1874198541422104,-0.000292678244541149,0.000292678244541149,0.007970249896364892,0.037322586882893485,-0.037322586882893485,0.04156840475941284,0.11637865153885012,-0.11637865153885012,0.12428358666710214,renewable,风光总加,,,,,,False,,,,,,,False
2025-04-10,4,96,1,-0.21448892826196508,0.4886219279475494,0.6264049931227913,4.996003610813204e-16,0.0725661610853945,0.0725661610853945,0.0725661610853945,0.13405958791617822,-0.13405958791617822,0.27955003459115757,0.019866413371609153,-0.019866413371609153,0.02482554361219855,0.010380343654982626,-0.010380343654982626,0.05479244281903809,0.12274874440458959,-0.12274874440458959,0.15233609329190775,renewable,风光总加,,,,,,False,,,,,,,False
2025-04-11,4,96,1,-0.8553928772596628,0.8553928772596628,1.0672922158267741,4.440892098500626e-16,-0.08111501026689313,-0.08111501026689313,0.08209608322937605,0.48051758590450305,-0.48051758590450305,0.4810775937474215,0.06818739796059352,-0.06818739796059352,0.0712094241087963,0.03425992254488954,-0.03425992254488954,0.054309518236731164,0.19131296058278366,-0.19131296058278366,0.1913945145556292,renewable,风光总加,,,,,,False,,,,,,,False
2025-04-12,4,96,1,-0.9936836436613193,0.9936836436613193,1.1470452881809636,4.440892098500626e-16,-0.027148619194129055,-0.027148619194129055,0.02767502364443822,0.6868697375444685,-0.6868697375444685,0.6868697375444685,-0.000244632698195263,0.000244632698195263,0.011831491554642151,0.04754623645712217,-0.04754623645712217,0.05614554916821746,0.23236368316379508,-0.23236368316379508,0.23280052726771525,renewable,风光总加,,,,,,False,,,,,,,False
2025-04-13,4,96,1,-0.736094872547202,0.7360948725472017,0.895386381844933,4.440892098500626e-16,-0.08017922883357918,-0.08017922883357918,0.08048691902851425,0.47693250569279105,-0.47693250569279105,0.47693250569279105,0.011907632459243521,-0.011907632459243521,0.02016170683670555,0.019031873116158542,-0.019031873116158542,0.040658344531615674,0.1480436324454297,-0.1480436324454297,0.15053371688862818,renewable,风光总加,,,,,,False,,,,,,,False
2025-04-14,4,96,1,-0.602428634256771,0.602428634256771,0.7011296448942472,6.661338147750939e-16,-0.1180392946761722,-0.1180392946761722,0.1180392946761722,0.28889580283855515,-0.28889580283855515,0.28889580283855515,0.0027795557552710674,-0.0027795557552710674,0.009203414049185286,0.03917947383305354,-0.03917947383305354,0.05468001755550412,0.153534507153719,-0.153534507153719,0.15710628480500902,renewable,风光总加,,,,,,False,,,,,,,False
2025-04-15,4,96,1,-0.3150425368820396,0.3613130351489226,0.49580197896610634,4.440892098500626e-16,-0.030677121519806696,-0.030677121519806696,0.031697641943178735,0.12085854626523425,-0.12085854626523425,0.1756888221212992,0.017461564664272573,-0.017461564664272573,0.023292673722730434,0.0323039348068736,-0.0323039348068736,0.049917532907446945,0.11374136962585246,-0.11374136962585246,0.12025090196074957,renewable,风光总加,,,,,,False,,,,,,,False
2025-04-16,4,96,1,-0.3799829120656553,0.43806836317394837,0.6394391548993889,4.996003610813204e-16,-0.0027651939574732803,-0.0027651939574732803,0.027499190240067643,0.16186637338507145,-0.16186637338507145,0.2257408416500367,-0.0009310623481779561,0.0009310623481779561,0.011591680212777749,0.020117883629691843,-0.020117883629691843,0.05484658080656573,0.1961645234415967,-0.1961645234415967,0.1985165417716833,renewable,风光总加,,,,,,False,,,,,,,False
2025-04-17,4,96,1,-0.20694951038427742,0.25891264251172674,0.32650724760784167,7.494005416219807e-16,-0.002605577842579342,-0.002605577842579342,0.03049230286045583,0.10537910693435935,-0.10537910693435935,0.14390411086583582,0.0016854292919140565,-0.0016854292919140565,0.009769309790895657,0.013022096280214383,-0.013022096280214383,0.045981750158259976,0.08425730003521026,-0.08425730003521026,0.09665660126392445,renewable,风光总加,,,,,,False,,,,,,,False
2025-04-18,4,96,1,-0.4637208424477483,0.4641565469583539,0.6445233697734829,7.216449660063518e-16,0.04745339612741115,0.04745339612741115,0.06648533498933785,0.3305690209625674,-0.3305690209625674,0.3305690209625674,0.007652339887025385,-0.007652339887025385,0.015309442689698879,0.013994951021678739,-0.013994951021678739,0.03359906799871669,0.1589579267038879,-0.1589579267038879,0.1589579267038879,renewable,风光总加,,,,,,False,,,,,,,False
2025-04-19,4,96,1,-0.10697286471021832,0.28062558422246986,0.32287317409655303,7.979727989493313e-16,0.05407005023387823,0.05407005023387823,0.054387821446596096,0.06035698200799513,-0.06035698200799513,0.11476487782913257,0.0008526057315206984,-0.0008526057315206984,0.010494719376305037,0.028172602227956894,-0.028172602227956894,0.060013496894845864,0.07166072497662379,-0.07166072497662379,0.10363093426437554,renewable,风光总加,,,,,,False,,,,,,,False
2025-04-20,4,96,1,-0.5526073531538934,0.5547071853275329,0.6933037494383983,6.106226635438361e-16,0.007715850299056873,0.007715850299056873,0.031064071890787363,0.39264242773961605,-0.39264242773961605,0.3930764374704205,0.00560618548053643,-0.00560618548053643,0.012877871980152602,0.022129346185854427,-0.022129346185854427,0.0532459854708193,0.13994524404694333,-0.13994524404694333,0.14131845399100543,renewable,风光总加,,,,,,False,,,,,,,False
2025-04-21,4,96,1,-0.4743197177309713,0.49386697192364615,0.6666960933563564,6.106226635438361e-16,0.019435398725798112,0.019435398725798112,0.02981198026182562,0.2790284953276914,-0.2790284953276914,0.3002583006086525,0.002730290259671747,-0.002730290259671747,0.013452358502234371,0.03537796585768188,-0.03537796585768188,0.05290044032360137,0.17661836501172434,-0.17661836501172434,0.1823177779914954,renewable,风光总加,,,,,,False,,,,,,,False
2025-04-22,4,96,1,-0.534169500358042,0.6107996849659398,0.800485597805075,3.885780586188048e-16,0.04653799588222324,0.04653799588222324,0.04653799588222324,0.32265445773182433,-0.32265445773182433,0.3320954039362449,-0.00011211114486393851,0.00011211114486393851,0.009720986651306497,0.03168933606113589,-0.03168933606113589,0.06695945694379819,0.22647581359216895,-0.22647581359216895,0.23404820662512574,renewable,风光总加,,,,,,False,,,,,,,False
2025-04-23,4,96,1,-0.7919466184877343,0.7919466184877343,0.907141373850139,4.163336342344337e-16,-0.05070028741285255,-0.05070028741285255,0.05097291319810842,0.44995029634293116,-0.44995029634293116,0.44995029634293116,0.014372222154571014,-0.014372222154571014,0.01847674507025386,0.010098403885905712,-0.010098403885905712,0.05621450186883454,0.2668254086914738,-0.2668254086914738,0.2682409150797115,renewable,风光总加,,,,,,False,,,,,,,False
2025-04-24,4,96,1,-0.4437029800466665,0.44583102445992706,0.5262938362918388,6.661338147750939e-16,0.0022213303531779896,0.0022213303531779896,0.038275140792170696,0.2567908001159282,-0.2567908001159282,0.2567908001159282,0.045578911226643315,-0.045578911226643315,0.045578911226643315,0.0311183048444246,-0.0311183048444246,0.0645664205594723,0.11243629421284829,-0.11243629421284829,0.1383209729295781,renewable,风光总加,,,,,,False,,,,,,,False
2025-04-25,4,96,1,-0.12806561928493115,0.23094141226652343,0.27088531971882834,9.159339953157541e-16,0.006307429843608552,0.006307429843608552,0.026101143005816188,-0.017693793327543828,0.017693793327543828,0.08418424187662658,0.010891137137899224,-0.010891137137899224,0.015200509256962142,0.041937194688213934,-0.041937194688213934,0.05780521342410264,0.09923851062997036,-0.09923851062997036,0.12248938465432903,non_market,非市场化机组,,,,,,False,,,,,,,False
2025-04-26,4,96,1,-0.550152413476313,0.5501524134763129,0.6037234940475974,4.440892098500626e-16,-0.03719369595698103,-0.03719369595698103,0.041496829533155165,0.23885657451426523,-0.23885657451426523,0.23885657451426523,0.020643294588393472,-0.020643294588393472,0.02319580829099162,0.0503306135687241,-0.0503306135687241,0.05788252314235995,0.20312823484794915,-0.20312823484794915,0.20312823484794915,renewable,风光总加,,,,,,False,,,,,,,False
2025-04-27,4,96,1,-0.33806123337872435,0.35875038929294406,0.4692926150536444,6.661338147750939e-16,-0.037146212902207064,-0.037146212902207064,0.03866888489252676,0.1594150058942271,-0.1594150058942271,0.1757540127029611,0.0016902141228182282,-0.0016902141228182282,0.010580240010495554,0.014776960408378635,-0.014776960408378635,0.0519374036168472,0.12503284005109339,-0.12503284005109339,0.14158592969108966,renewable,风光总加,,,,,,False,,,,,,,False
2025-04-28,4,96,1,-0.33091431773688346,0.34966597508410774,0.5036702096445654,2.7755575615628914e-16,-0.09967701298826492,-0.09967701298826492,0.09967701298826492,0.094776089667743,-0.094776089667743,0.19845481380047714,0.0010522756293877892,-0.0010522756293877892,0.008845238409397506,0.008995869269311082,-0.008995869269311082,0.03943133856574518,0.12641307018217665,-0.12641307018217665,0.13055598862645823,renewable,风光总加,,,,,,False,,,,,,,False
2025-04-29,4,96,1,-0.6713739494325806,0.6713739494325806,0.789885484401633,7.771561172376096e-16,-0.08374666726417142,-0.08374666726417142,0.08374666726417142,0.39337111730834745,-0.39337111730834745,0.4051090161094875,0.0032640655410989135,-0.0032640655410989135,0.011749988717394043,0.031434315531573116,-0.031434315531573116,0.04655614901931753,0.15955778378738963,-0.15955778378738963,0.16294706579647006,renewable,风光总加,,,,,,False,,,,,,,False
2025-04-30,4,96,1,-0.5111600155739834,0.5837955895803719,0.8006637178917518,7.216449660063518e-16,-0.04349747325791468,-0.04349747325791468,0.04486323201491993,0.26466980949627367,-0.26466980949627367,0.32467905483144593,0.005214925109199257,-0.005214925109199257,0.015218801190678123,0.02670222734365663,-0.02670222734365663,0.04465372947217195,0.17107558036693915,-0.17107558036693915,0.20041338753870697,renewable,风光总加,,,,,,False,,,,,,,False
2025-05-01,5,96,1,-0.3868474131078717,0.4304824119025823,0.5140368591109559,8.326672684688674e-16,-0.05506164251926495,-0.05506164251926495,0.05873054858536636,0.22992114752113868,-0.22992114752113868,0.26773907763143384,-0.0003616017248168459,0.0003616017248168459,0.009356251044874551,0.011570254397446652,-0.011570254397446652,0.02895914807265904,0.09065597039483826,-0.09065597039483826,0.09881563384923904,renewable,风光总加,,,,,,False,,,,,,,False
2025-05-02,5,96,1,-0.5729656544475337,0.5757729403067927,0.7131108160323391,5.551115123125783e-16,-0.0494545512081451,-0.0494545512081451,0.0496051820680587,0.2767731890225513,-0.2767731890225513,0.2810431575112372,0.0002737361582290521,-0.0002737361582290521,0.007576118626485206,0.025527905653329148,-0.025527905653329148,0.042255835206088416,0.2209362724052791,-0.2209362724052791,0.2209362724052791,renewable,风光总加,,,,,,False,,,,,,,False
2025-05-03,5,96,1,-0.3876829468549299,0.3876829468549299,0.4755173493442317,6.106226635438361e-16,0.0043051059492186195,0.0043051059492186195,0.018302818293159603,0.20316706137658355,-0.20316706137658355,0.20316706137658355,0.0001432088931981919,-0.0001432088931981919,0.007551442048173466,0.039340675151468364,-0.039340675151468364,0.05107316818944955,0.14933710738289832,-0.14933710738289832,0.15183611864039429,renewable,风光总加,,,,,,False,,,,,,,False
2025-05-04,5,96,1,-0.37575357446168517,0.37575357446168517,0.40759691525171177,6.38378239159465e-16,-0.08545035926946003,-0.08545035926946003,0.08545035926946003,0.14076395418244084,-0.14076395418244084,0.1410368137304279,0.00045077490168231863,-0.00045077490168231863,0.008148756961973471,0.006127973116904468,-0.006127973116904468,0.05749335933051817,0.14296051299119752,-0.14296051299119752,0.14296051299119752,non_market,非市场化机组,,,,,,False,,,,,,,False
2025-05-05,5,96,1,-0.9840155166076042,0.9840155166076042,1.1751528280243901,6.661338147750939e-16,-0.15180661340066626,-0.15180661340066626,0.15180661340066626,0.5241435190882946,-0.5241435190882946,0.5241435190882946,0.008494199837996486,-0.008494199837996486,0.01494561291385032,0.02680783696255919,-0.02680783696255919,0.03686261487875573,0.27276334731808777,-0.27276334731808777,0.27276334731808777,renewable,风光总加,,,,,,False,,,,,,,False
2025-05-06,5,96,1,-0.5086246688219572,0.5086246688219572,0.5940822190839746,7.216449660063518e-16,-0.09800027674791707,-0.09800027674791707,0.09800027674791707,0.19992123663360317,-0.19992123663360317,0.19992123663360317,0.0038878833045480937,-0.0038878833045480937,0.011396210738986848,0.035793727485282444,-0.035793727485282444,0.05430211088018644,0.1710215446506064,-0.1710215446506064,0.1710215446506064,renewable,风光总加,,,,,,False,,,,,,,False
2025-05-07,5,96,1,-0.6278887121926269,0.6517859109483976,0.816689907478644,4.440892098500626e-16,-0.05223428228546453,-0.05223428228546453,0.05269596367957413,0.30997516719182167,-0.30997516719182167,0.35857078646453316,-0.003082987085447188,0.003082987085447188,0.012789151718578862,0.016404365407358956,-0.016404365407358956,0.049691418600613484,0.2523578843934289,-0.2523578843934289,0.25240273761747684,renewable,风光总加,,,,,,False,,,,,,,False
2025-05-08,5,96,1,-0.697176161040796,0.697176161040796,0.848347302283492,4.440892098500626e-16,-0.06261473551672742,-0.06261473551672742,0.06625193751241056,0.4161393078182158,-0.4161393078182158,0.4318718464412064,0.001893178614178033,-0.001893178614178033,0.010335724193665857,0.025972434707037348,-0.025972434707037348,0.04212764556836951,0.19055650438463748,-0.19055650438463748,0.19055650438463748,renewable,风光总加,,,,,,False,,,,,,,False
2025-05-09,5,96,1,-0.6503802737304675,0.6503802737304675,0.8271399924903076,6.38378239159465e-16,-0.05428898364181278,-0.05428898364181278,0.05428898364181278,0.2613693134945351,-0.2613693134945351,0.2764233411800624,-0.0010836655811360277,0.0010836655811360277,0.00974759907723594,0.039598194020220766,-0.039598194020220766,0.0541634092246491,0.29620744815503486,-0.29620744815503486,0.2970199051374729,non_market,非市场化机组,,,,,,False,,,,,,,False
2025-05-10,5,96,1,-0.5588723112312779,0.6241932302260227,0.8533746314427549,8.604228440844963e-16,0.00334945468375313,0.00334945468375313,0.01791374944742739,0.2546601623973684,-0.2546601623973684,0.3187274849155693,0.001792178504131204,-0.001792178504131204,0.009798844250965036,0.013547361137208946,-0.013547361137208946,0.06390575594551852,0.29222206387632255,-0.29222206387632255,0.2931579768011728,renewable,风光总加,,,,,,False,,,,,,,False
2025-05-11,5,96,1,-0.7716181073321507,0.7717374139860841,0.9049381940794907,4.440892098500626e-16,0.013428719246042276,0.013428719246042276,0.02121550192384609,0.3943013541818809,-0.3943013541818809,0.3987223772254307,0.008589472761129072,-0.008589472761129072,0.014852239312908725,0.022351442695745478,-0.022351442695745478,0.051582171926455395,0.3598045569394375,-0.3598045569394375,0.3598045569394375,renewable,风光总加,,,,,,False,,,,,,,False
2025-05-12,5,96,1,-0.6351891515081799,0.6351891515081799,0.7056208300184845,6.106226635438361e-16,0.02192102706693323,0.02192102706693323,0.02263093526123026,0.33884156990087916,-0.33884156990087916,0.33884156990087916,0.0073739357792578265,-0.0073739357792578265,0.015925239469433982,0.047181340138812526,-0.047181340138812526,0.05003172600163558,0.26371333275616365,-0.26371333275616365,0.26371333275616365,renewable,风光总加,,,,,,False,,,,,,,False
2025-05-13,5,96,1,-0.639582700125729,0.6410234090584236,0.7754041300328286,7.771561172376096e-16,0.016942465299313276,0.016942465299313276,0.019458628897210645,0.37883184246199636,-0.37883184246199636,0.37883184246199636,0.006726960895249639,-0.006726960895249639,0.01283163078988815,0.03183434931041548,-0.03183434931041548,0.05147659883297956,0.2391320127573808,-0.2391320127573808,0.2391320127573808,renewable,风光总加,,,,,,False,,,,,,,False
2025-05-14,5,96,1,-0.42013819919973994,0.4325166955453778,0.5363909816730517,8.465450562766819e-16,0.046211458567085605,0.046211458567085605,0.04640445892202826,0.25888297656012116,-0.25888297656012116,0.25888297656012116,0.008086919414487137,-0.008086919414487137,0.013780765919221595,0.02001875362149458,-0.02001875362149458,0.05275823222709613,0.17936100817072273,-0.17936100817072273,0.19255039821053369,renewable,风光总加,,,,,,False,,,,,,,False
2025-05-15,5,96,1,-0.7876240533845297,0.7876240533845297,0.8840560618036014,3.3306690738754696e-16,0.04492656710490301,0.04492656710490301,0.048391953493158,0.5466597279841057,-0.5466597279841057,0.5466597279841057,-0.005609911074064847,0.005609911074064847,0.025338988841097077,0.008973939403090868,-0.008973939403090868,0.0519834183494658,0.28252686417630096,-0.28252686417630096,0.28252686417630096,renewable,风光总加,,,,,,False,,,,,,,False
2025-05-16,5,96,1,-1.1094477914205414,1.1094477914205416,1.2274145479512757,4.440892098500626e-16,0.041379363760729766,0.041379363760729766,0.041379363760729766,0.7169764853052453,-0.7169764853052453,0.7169764853052453,-0.001144911416709053,0.001144911416709053,0.01278623698952427,0.039239141770191006,-0.039239141770191006,0.04641545307547971,0.39575643952254397,-0.39575643952254397,0.39575643952254397,renewable,风光总加,,,,,,False,,,,,,,False
2025-05-17,5,96,1,-0.8164325925125312,0.8164325925125312,0.9027873741330626,4.718447854656915e-16,0.03724439324930887,0.03724439324930887,0.040393761645330005,0.5328203314498663,-0.5328203314498663,0.5328203314498663,0.0031102058334606577,-0.0031102058334606577,0.010308987581285463,0.04391515612296217,-0.04391515612296217,0.04943932010519065,0.27383129235555087,-0.27383129235555087,0.2757063616631467,renewable,风光总加,,,,,,False,,,,,,,False
2025-05-18,5,96,1,-0.29973960302338737,0.37555154502125027,0.4627764543368374,8.881784197001252e-16,-0.0018918710039004156,-0.0018918710039004156,0.03459016353829963,0.23275076502631217,-0.23275076502631217,0.2578683951711385,-0.001689929224489576,0.001689929224489576,0.012755292647982364,0.018226092981730266,-0.018226092981730266,0.04489479728871653,0.04856080323593411,-0.04856080323593411,0.06303885416196821,renewable,风光总加,,,,,,False,,,,,,,False
2025-05-19,5,96,1,-0.0711213028642212,0.1054594555681222,0.1387184491905661,5.551115123125783e-16,0.0037166082734358444,0.0037166082734358444,0.012685792065964008,0.033786304641318335,-0.033786304641318335,0.06815008358462651,0.0017978837757894415,-0.0017978837757894415,0.011209858011712537,0.019072233712716387,-0.019072233712716387,0.036381385076249974,0.020181489007832894,-0.020181489007832894,0.030668669536056892,renewable,风光总加,,,,,,False,,,,,,,False
2025-05-20,5,96,1,-0.2491927443181374,0.2789821226458907,0.3149704978341102,4.996003610813204e-16,-0.014903396825613624,-0.014903396825613624,0.0189213398697302,0.12395042363955217,-0.12395042363955217,0.14552891525443157,0.0013420464499597133,-0.0013420464499597133,0.009536204517382399,0.03143464426041387,-0.03143464426041387,0.04363584618461119,0.07756223314259804,-0.07756223314259804,0.08425373515355955,renewable,风光总加,,,,,,False,,,,,,,False
2025-05-21,5,96,1,-0.2809923652527998,0.28364275248891513,0.32140278794784227,4.440892098500626e-16,-0.09869075341518357,-0.09869075341518357,0.09869075341518357,0.13334376260274788,-0.13334376260274788,0.14046338644572184,0.0005469755706542888,-0.0005469755706542888,0.008944872468483913,0.014827087904049201,-0.014827087904049201,0.04658163646210312,0.03358378576016486,-0.03358378576016486,0.05000761921998117,renewable,风光总加,,,,,,False,,,,,,,False
2025-05-22,5,96,1,-0.36942812297251854,0.36942812297251854,0.4034600712379246,3.3306690738754696e-16,-0.050122455161680596,-0.050122455161680596,0.050122455161680596,0.20641670667920184,-0.20641670667920184,0.20641670667920184,0.0010552268838690973,-0.0010552268838690973,0.007716149807556212,0.027224343708865423,-0.027224343708865423,0.02989294982784317,0.08460939053890165,-0.08460939053890165,0.08460939053890165,renewable,风光总加,,,,,,False,,,,,,,False
2025-05-23,5,96,1,-0.15932936837867104,0.206404828610423,0.25125351482686253,9.298117831235686e-16,0.07477098194568188,0.07477098194568188,0.0753169640247286,0.1620037893455872,-0.1620037893455872,0.18513839563151788,0.03674703381835067,-0.03674703381835067,0.039701926232188475,0.03240079293352712,-0.03240079293352712,0.03262827329132101,0.0029487342268879023,-0.0029487342268879023,0.05397528136163482,renewable,风光总加,,,,,,False,,,,,,,False
2025-05-24,5,96,1,-0.06687936398802265,0.11056672563452084,0.1355946158481425,6.661338147750939e-16,0.03829186943762176,0.03829186943762176,0.03944884885532874,0.04228773651381116,-0.04228773651381116,0.07624101349097072,0.05925702608652902,-0.05925702608652902,0.05966605242543701,0.012719037509391106,-0.012719037509391106,0.02732646149697079,-0.009092566684086895,0.009092566684086895,0.030789546783340633,renewable,风光总加,,,,,,False,,,,,,,False
2025-05-25,5,96,1,0.0758338353386563,0.13735907581613852,0.18070071973053733,7.771561172376096e-16,0.084056037628737,0.084056037628737,0.08449741088557405,0.03314793514785226,-0.03314793514785226,0.10430272452331714,-0.003451725878650818,0.003451725878650818,0.011026763352504252,-5.217291956854721e-05,5.217291956854721e-05,0.021246753078972655,-0.02142183405955218,0.02142183405955218,0.025288050480952676,renewable,风光总加,,,,,,False,,,,,,,False
2025-05-26,5,96,1,0.07916444290220674,0.12355953582756775,0.15480764566421437,8.881784197001252e-16,0.061827466468575676,0.061827466468575676,0.061827466468575676,0.014344470135327017,-0.014344470135327017,0.08652707040934306,0.001470360274129572,-0.001470360274129572,0.00943046340694353,0.0050730384364493725,-0.0050730384364493725,0.02241107410745621,-0.038224845279537054,0.038224845279537054,0.05573924032105962,renewable,风光总加,,,,,,False,,,,,,,False
2025-05-27,5,96,1,-0.1266025421808953,0.13207776209127994,0.15335324178080753,5.551115123125783e-16,-0.010013664895847665,-0.010013664895847665,0.03800412212569177,0.11758650357093337,-0.11758650357093337,0.12263167310677314,-0.004061547098569765,0.004061547098569765,0.010873261594048174,0.005729539151753724,-0.005729539151753724,0.03022693833003765,-0.002665618339069665,0.002665618339069665,0.04809138575643904,renewable,风光总加,,,,,,False,,,,,,,False
2025-05-28,5,96,1,-0.7158834472996053,0.7158834472996053,0.8942344819222938,4.440892098500626e-16,-0.06404580173676021,-0.06404580173676021,0.06404580173676021,0.4110493581091815,-0.4110493581091815,0.4110493581091815,-0.0008233342545239234,0.0008233342545239234,0.009784964588800352,0.014119539252320167,-0.014119539252320167,0.044586376585246466,0.22749208245586738,-0.22749208245586738,0.22833725161050197,renewable,风光总加,,,,,,False,,,,,,,False
2025-05-29,5,96,1,-0.47984459030647875,0.47984459030647875,0.5459737342689397,2.220446049250313e-16,-0.027423144301575896,-0.027423144301575896,0.03204258807339794,0.24342599306161158,-0.24342599306161158,0.24342599306161158,-0.0010474396628861904,0.0010474396628861904,0.011904929577664045,0.03108150182443212,-0.03108150182443212,0.040364497473418526,0.1789613907817453,-0.1789613907817453,0.1789613907817453,renewable,风光总加,,,,,,False,,,,,,,False
2025-05-30,5,96,1,-0.3997066205949554,0.3997066205949554,0.44284006759241296,6.661338147750939e-16,-0.03128198258677301,-0.03128198258677301,0.03347248547977474,0.25367475751927304,-0.25367475751927304,0.25367475751927304,-0.000204819983038704,0.000204819983038704,0.007992581542279338,0.041366499505428735,-0.041366499505428735,0.04282139491387269,0.07358820096651932,-0.07358820096651932,0.07361965666403571,renewable,风光总加,,,,,,False,,,,,,,False
2025-05-31,5,96,1,-0.14588266401249736,0.20196893241310102,0.2935558309172799,7.563394355258879e-16,-0.00500931617694277,-0.00500931617694277,0.03622745231775826,0.07527512780093011,-0.07527512780093011,0.12369991034765027,0.00113157233086023,-0.00113157233086023,0.01175233364979133,0.00304053723447926,-0.00304053723447926,0.03029959470892714,0.061426110469285,-0.061426110469285,0.0872761338611152,renewable,风光总加,,,,,,False,,,,,,,False
2025-06-01,6,96,1,-0.32769246828402115,0.38584752224552754,0.5123181611900605,5.551115123125783e-16,-0.007779185389039924,-0.007779185389039924,0.020272926761156745,0.13859134144346089,-0.13859134144346089,0.2128882525702798,0.000179244879228928,-0.000179244879228928,0.009413939303882209,0.002123412989148779,-0.002123412989148779,0.06260725510932919,0.17901928358314276,-0.17901928358314276,0.17961489641205622,renewable,风光总加,,,,,,False,,,,,,,False
2025-06-02,6,96,1,-0.763782358667247,0.7840171382727069,1.0005410131133035,4.440892098500626e-16,-0.035284584951654964,-0.035284584951654964,0.043631229370670134,0.4768372035493171,-0.4768372035493171,0.488601181505156,-0.0033484904124869365,0.0033484904124869365,0.01097773161963616,0.028655285742447273,-0.028655285742447273,0.05303102602931503,0.22635377483631458,-0.22635377483631458,0.2281529881376377,renewable,风光总加,,,,,,False,,,,,,,False
2025-06-03,6,96,1,-0.7032384176098935,0.7032384176098935,0.8815551342187115,6.661338147750939e-16,-0.034837952033365996,-0.034837952033365996,0.034837952033365996,0.4489060343921722,-0.4489060343921722,0.4489060343921722,0.0015289981942327013,-0.0015289981942327013,0.00824938451266746,0.029411172143936164,-0.029411172143936164,0.04099369177968521,0.1885542608461864,-0.1885542608461864,0.19037243814907767,renewable,风光总加,,,,,,False,,,,,,,False
2025-06-04,6,96,1,-0.2980794858522104,0.31650947107114,0.4447662737049675,7.216449660063518e-16,0.036056659422279154,0.036056659422279154,0.037277485285943684,0.2049494656765167,-0.2049494656765167,0.2056823410591536,0.0019400115163558584,-0.0019400115163558584,0.010323984921508678,0.0047828804463538824,-0.0047828804463538824,0.05225924376210491,0.12246378763526318,-0.12246378763526318,0.13083865890407012,renewable,风光总加,,,,,,False,,,,,,,False
2025-06-05,6,96,1,-0.40553496833115105,0.40553496833115105,0.4694934147419437,6.106226635438361e-16,0.0015154399558234,0.0015154399558234,0.035586358027456716,0.21377002750760243,-0.21377002750760243,0.21377002750760243,-0.0008488874430776349,0.0008488874430776349,0.011315438410273713,0.03747247992918675,-0.03747247992918675,0.04031545843546507,0.15665678829326293,-0.15665678829326293,0.15665678829326293,renewable,风光总加,,,,,,False,,,,,,,False
2025-06-06,6,96,1,-0.37654499279831577,0.38213487332835133,0.501794495343233,8.604228440844963e-16,-0.009028354983861842,-0.009028354983861842,0.04749415850366321,0.1683987779421989,-0.1683987779421989,0.21908265813335573,-0.004980592581347214,0.004980592581347214,0.010668595017801817,0.04513654447819864,-0.04513654447819864,0.0459825318023924,0.15896190797540355,-0.15896190797540355,0.1593153426147993,renewable,风光总加,,,,,,False,,,,,,,False
2025-06-07,6,96,1,-0.42888305112626,0.42888305112626,0.5418387363391824,7.216449660063518e-16,-0.02796218654954027,-0.02796218654954027,0.055004882006096656,0.2313105747546774,-0.2313105747546774,0.23196014294398473,-0.0022549921864700533,0.0022549921864700533,0.008705148787643698,0.018375518502561163,-0.018375518502561163,0.02928347194693569,0.15348976350595125,-0.15348976350595125,0.15391623438867466,renewable,风光总加,,,,,,False,,,,,,,False
2025-06-08,6,96,1,-0.1689198131547759,0.31228833707801773,0.4267833997487087,8.326672684688674e-16,-0.008290614414381942,-0.008290614414381942,0.03296967645514558,0.07380942086616839,-0.07380942086616839,0.15236287373480026,-0.0019995260467009393,0.0019995260467009393,0.010097651462114712,0.00903330052664363,-0.00903330052664363,0.043211530302066,0.07978600339428286,-0.07978600339428286,0.12506670642677523,renewable,风光总加,,,,,,False,,,,,,,False
2025-06-09,6,96,1,-0.5191570532183262,0.5205477807570571,0.7634920318850115,8.326672684688674e-16,-0.03904692305938078,-0.03904692305938078,0.03904692305938078,0.2996691527802736,-0.2996691527802736,0.32634757285077515,0.0005409634854113901,-0.0005409634854113901,0.007713198553074869,0.014565865357024447,-0.014565865357024447,0.03913814166014418,0.16533414853623588,-0.16533414853623588,0.16784215965888283,renewable,风光总加,,,,,,False,,,,,,,False
2025-06-10,6,96,1,-0.2572060284722982,0.2663504174318569,0.3790969858342783,6.38378239159465e-16,-0.013099552100178746,-0.013099552100178746,0.01795217419636759,0.1391344818443065,-0.1391344818443065,0.15123179084465846,-0.0009087453124341873,0.0009087453124341873,0.008676695480206094,0.02493949563857059,-0.02493949563857059,0.0379816005475582,0.08094124420167657,-0.08094124420167657,0.09806578144824912,renewable,风光总加,,,,,,False,,,,,,,False
2025-06-11,6,96,1,-0.5942695917346249,0.6543377160577167,0.8851789834167818,3.3306690738754696e-16,-0.0390902422155053,-0.0390902422155053,0.040639650818205454,0.37746033460282086,-0.37746033460282086,0.4071553166176835,0.00153441126247695,-0.00153441126247695,0.01258108827764484,0.019616630588242166,-0.019616630588242166,0.04599018022675366,0.15656797306557962,-0.15656797306557962,0.21840689390798382,renewable,风光总加,,,,,,False,,,,,,,False
2025-06-12,6,96,1,-0.3181258673064981,0.35981240990618857,0.4871298676498473,8.604228440844963e-16,-0.03772039261070412,-0.03772039261070412,0.045264062048065316,0.18914829577666425,-0.18914829577666425,0.2187572531064473,0.0014527988489485687,-0.0014527988489485687,0.010936947328128036,0.022632228261337112,-0.022632228261337112,0.0352265022180384,0.06717215180884403,-0.06717215180884403,0.1056079168176869,renewable,风光总加,,,,,,False,,,,,,,False
2025-06-13,6,96,1,-0.152597388889786,0.26055455541021183,0.3468390372622562,1.1379786002407855e-15,0.020487111863614002,0.020487111863614002,0.043843515150936374,0.08838411076629545,-0.08838411076629545,0.1524291819945207,-0.0029772898055203906,0.0029772898055203906,0.011627650453040338,0.028239582555529535,-0.028239582555529535,0.0381285642546262,0.05943809723709537,-0.05943809723709537,0.0914591353087113,renewable,风光总加,,,,,,False,,,,,,,False
2025-06-14,6,96,1,-0.6121529081964848,0.6478065752803549,0.851854065202082,6.661338147750939e-16,-0.04119366849113702,-0.04119366849113702,0.04490625896763047,0.4145596269418259,-0.4145596269418259,0.4390227652698191,-0.0010774416484179447,0.0010774416484179447,0.01036549241646644,0.006810428800456808,-0.006810428800456808,0.03539083011298296,0.15066662561148306,-0.15066662561148306,0.18752495971022384,renewable,风光总加,,,,,,False,,,,,,,False
2025-06-15,6,96,1,-0.6427997136120897,0.6427997136120897,0.7744253981108372,6.106226635438361e-16,-0.028489029304970378,-0.028489029304970378,0.0322603526676765,0.4840342612969993,-0.4840342612969993,0.4840342612969993,-0.00044006564655942526,0.00044006564655942526,0.00975748285771427,-0.0005240156873997887,0.0005240156873997887,0.03949860379164646,0.13124050434407922,-0.13124050434407922,0.1417953591829841,renewable,风光总加,,,,,,False,,,,,,,False
2025-06-16,6,96,1,-0.5778768487180576,0.6037736977069802,0.7555958660337903,6.38378239159465e-16,0.03859188929293953,0.03859188929293953,0.04453881317453374,0.3816573764244593,-0.3816573764244593,0.3840322158411788,0.001315938074919406,-0.001315938074919406,0.009808771861955471,0.045102115610944855,-0.045102115610944855,0.048904807010143186,0.18839330790067343,-0.18839330790067343,0.19655314667712262,renewable,风光总加,,,,,,False,,,,,,,False
2025-06-17,6,96,1,-0.23010532333297862,0.3203830729338291,0.43733426358080085,7.91033905045424e-16,-0.03632431774949702,-0.03632431774949702,0.03883010812619762,0.03928000641763798,-0.03928000641763798,0.1336771082574315,0.0007560105879398539,-0.0007560105879398539,0.009704506378757265,0.015190998035836616,-0.015190998035836616,0.03110280345331225,0.13855399054206716,-0.13855399054206716,0.1668771359689135,non_market,非市场化机组,,,,,,False,,,,,,,False
2025-06-18,6,96,1,-0.38818548559140104,0.39570982577292657,0.5419975287414034,7.494005416219807e-16,-0.03657963048247379,-0.03657963048247379,0.06525808065056542,0.23376806390704488,-0.23376806390704488,0.23640387019280187,0.0003651446912115491,-0.0003651446912115491,0.011476588593091084,0.01995132037863024,-0.01995132037863024,0.026739936194232473,0.09752132613204052,-0.09752132613204052,0.12039809212546343,renewable,风光总加,,,,,,False,,,,,,,False
2025-06-19,6,96,1,-0.2656620300190004,0.3238914643595387,0.45211895651292744,8.326672684688674e-16,0.018070297426474397,0.018070297426474397,0.05870191265079502,0.13375806321327843,-0.13375806321327843,0.1749214156002136,8.783634624642937e-05,-8.783634624642937e-05,0.008164630912438667,0.015727132859831756,-0.015727132859831756,0.02360933456247508,0.13415929502611815,-0.13415929502611815,0.15098911590933692,renewable,风光总加,,,,,,False,,,,,,,False
2025-06-20,6,96,1,-0.45603891696505605,0.46134299333586465,0.635083820460547,8.326672684688674e-16,0.0002499800206714013,0.0002499800206714013,0.03030514657379298,0.2373912620541124,-0.2373912620541124,0.2373912620541124,0.03535689799153299,-0.03535689799153299,0.039136592982050036,0.006899521621383395,-0.006899521621383395,0.02965315309614947,0.17664121531869867,-0.17664121531869867,0.19207943205294445,renewable,风光总加,,,,,,False,,,,,,,False
2025-06-21,6,96,1,-0.32993567006273655,0.37655545368053667,0.5371779799650082,6.349087922075114e-16,-0.014997924630040465,-0.014997924630040465,0.05095092489120545,0.16621196411729885,-0.16621196411729885,0.17904751043293451,0.0019630298402931686,-0.0019630298402931686,0.009438060695707354,0.010938715158782654,-0.010938715158782654,0.03024390804330532,0.13582403631632148,-0.13582403631632148,0.16231830979532438,renewable,风光总加,,,,,,False,,,,,,,False
2025-06-22,6,96,1,-0.3536146659191078,0.35876999614202304,0.4625702032327786,6.245004513516506e-16,-0.037714037186449806,-0.037714037186449806,0.041425312747580274,0.19098716838635166,-0.19098716838635166,0.20346523304530775,0.015872109583684627,-0.015872109583684627,0.023036382108316808,0.018006860065296344,-0.018006860065296344,0.04330476510638596,0.09103449069732537,-0.09103449069732537,0.11076521941364666,renewable,风光总加,,,,,,False,,,,,,,False
2025-06-23,6,96,1,-0.44283123499152915,0.44283123499152915,0.58374871369793,8.881784197001252e-16,-0.0424555489344676,-0.0424555489344676,0.046738666576783196,0.23786783851725035,-0.23786783851725035,0.23786783851725035,0.0013968711155102195,-0.0013968711155102195,0.009980711655834548,0.021623132991452226,-0.021623132991452226,0.028082698542556465,0.13948784343284876,-0.13948784343284876,0.13990715533192932,renewable,风光总加,,,,,,False,,,,,,,False
2025-06-24,6,96,1,-0.5071603936839242,0.5160467670289266,0.6563240034253326,9.43689570931383e-16,0.015754658421429937,0.015754658421429937,0.029292734795159273,0.3014895289138552,-0.3014895289138552,0.3014895289138552,-0.0011072902271573783,0.0011072902271573783,0.008149845419690604,0.01867458139169809,-0.01867458139169809,0.03242244520650401,0.2038582320269582,-0.2038582320269582,0.2139786826604498,renewable,风光总加,,,,,,False,,,,,,,False
2025-06-25,6,96,1,-0.3553851483197501,0.35538514831975004,0.437301611108907,9.159339953157541e-16,0.014911140216084423,0.014911140216084423,0.02165534111275967,0.20479177079906977,-0.20479177079906977,0.20479177079906977,0.0003513673002417597,-0.0003513673002417597,0.006643967820590141,0.015039709718241529,-0.015039709718241529,0.030071559164646655,0.15011344071828145,-0.15011344071828145,0.15049998200448264,renewable,风光总加,,,,,,False,,,,,,,False
2025-06-26,6,96,1,-0.4895558027535872,0.4895558027535872,0.5875250192362064,9.43689570931383e-16,-0.035505198529220044,-0.035505198529220044,0.035780015840080844,0.2619341865242965,-0.2619341865242965,0.2619341865242965,-0.00048645293853089456,0.00048645293853089456,0.008423618103346388,0.009759199552771462,-0.009759199552771462,0.023406647664358543,0.1828436710858301,-0.1828436710858301,0.18420051763870857,renewable,风光总加,,,,,,False,,,,,,,False
2025-06-27,6,96,1,-0.13453410434524746,0.16424470463258808,0.1966683211664901,7.216449660063518e-16,-0.019927177071549045,-0.019927177071549045,0.020846302910265384,0.06504691985344314,-0.06504691985344314,0.07442594815443847,0.000879130496425963,-0.000879130496425963,0.007202616917633464,0.015808029374995834,-0.015808029374995834,0.030406073632986325,0.032872847548833496,-0.032872847548833496,0.06383450214301625,renewable,风光总加,,,,,,False,,,,,,,False
2025-06-28,6,96,1,-0.03682473801121678,0.10958322738370196,0.13307553498734181,8.049116928532385e-16,-0.02763659889549808,-0.02763659889549808,0.03240389759480082,0.01651986611182524,-0.01651986611182524,0.09308087156146012,0.008228557714335094,-0.008228557714335094,0.014674112111738332,0.022599099699275597,-0.022599099699275597,0.03757319514090494,-0.03815938440971719,0.03815938440971719,0.04761212102189236,renewable,风光总加,,,,,,False,,,,,,,False
2025-06-29,6,96,1,0.11706008451045351,0.13823720551587157,0.1629773389705473,8.187894806610529e-16,-0.025746408061228115,-0.025746408061228115,0.03183081364910617,-0.07869932811798273,0.07869932811798273,0.08511442030947719,0.0016442286105410135,-0.0016442286105410135,0.007749132267910713,0.009672532020181016,-0.009672532020181016,0.017379104860843594,-0.0754239250844209,0.0754239250844209,0.07993610098296597,renewable,风光总加,,,,,,False,,,,,,,False
2025-06-30,6,96,1,0.16350910445311573,0.16853468175004724,0.1903794555644787,9.159339953157541e-16,0.02961729973725249,0.02961729973725249,0.032067571465294355,-0.07302765254728504,0.07302765254728504,0.10602064683486728,0.002119314836267566,-0.002119314836267566,0.007719334824768736,0.010718517971082565,-0.010718517971082565,0.030366553121243717,-0.07370198497592835,0.07370198497592835,0.07510184387134665,renewable,风光总加,,,,,,False,,,,,,,False
2025-07-01,7,96,1,0.38132810700740083,0.38132810700740083,0.3972858352558101,7.216449660063518e-16,0.08768001741993688,0.08768001741993688,0.08768001741993688,-0.2739966575726151,0.2739966575726151,0.2739966575726151,-0.00042591569623679865,0.00042591569623679865,0.007943549809411242,0.007387033797290026,-0.007387033797290026,0.03524715369432239,-0.02661255011590208,0.02661255011590208,0.04358997755369962,renewable,风光总加,,,,,,False,,,,,,,False
2025-07-02,7,96,1,0.24172037251379064,0.24350618828858214,0.28006026856088645,1.0547118733938987e-15,0.006952907185120043,0.006952907185120043,0.019906576730862505,-0.1425630579074837,0.1425630579074837,0.1451926987012054,0.0004642673943234682,-0.0004642673943234682,0.00855640263975035,-0.028332897715788386,0.028332897715788386,0.03931787598009154,-0.06433577709972198,0.06433577709972198,0.0646104483088758,renewable,风光总加,,,,,,False,,,,,,,False
2025-07-03,7,96,1,-0.042891026987427444,0.08820686748045241,0.11638694206395579,8.534839501805891e-16,-0.03455816726446733,-0.03455816726446733,0.059086160140196416,0.05067092096974624,-0.05067092096974624,0.06442964014138201,0.0012889092591250127,-0.0012889092591250127,0.010151015110595274,-0.020580777667969584,0.020580777667969584,0.03076383288290919,-0.023046192837941626,0.023046192837941626,0.04228977463262379,renewable,风光总加,,,,,,False,,,,,,,False
2025-07-04,7,96,1,-0.05825149569829486,0.2756334057757579,0.29789955765321446,7.771561172376096e-16,-0.02158828042924819,-0.02158828042924819,0.050535265534799804,-0.05461891051655277,0.05461891051655277,0.14937904587789175,-0.0010732339192564275,0.0010732339192564275,0.008518386975589813,0.05634974091391606,-0.05634974091391606,0.05686607895661314,0.03600561879093981,-0.03600561879093981,0.05431683793225175,renewable,风光总加,,,,,,False,,,,,,,False
2025-07-05,7,96,1,0.09689855299579637,0.20033984724449008,0.23075568935645357,7.216449660063518e-16,0.11153871837591399,0.11153871837591399,0.11153871837591399,0.005971154849699549,-0.005971154849699549,0.1419209993459159,0.002384745112453845,-0.002384745112453845,0.010528658802840374,0.026281556698700994,-0.026281556698700994,0.0382126750073442,-0.019997291280736792,0.019997291280736792,0.04017338183049616,renewable,风光总加,,,,,,False,,,,,,,False
2025-07-06,7,96,1,-0.07879018876956405,0.1398217515791044,0.19503503129189,7.979727989493313e-16,0.030019809940028428,0.030019809940028428,0.034066096715302356,0.08803169153376333,-0.08803169153376333,0.09365277938841345,-0.00035052721542649473,0.00035052721542649473,0.009750024365572098,0.02447185329481551,-0.02447185329481551,0.03257319294778321,-0.0033430189035599175,0.0033430189035599175,0.05279239811127736,renewable,风光总加,,,,,,False,,,,,,,False
2025-07-07,7,96,1,-0.11337014710362979,0.16295066720354745,0.20699296686632998,8.326672684688674e-16,0.022992683087754123,0.022992683087754123,0.023794781459166053,0.11426296733000141,-0.11426296733000141,0.14596239171400546,0.0007072345330589955,-0.0007072345330589955,0.0075363205214993055,0.02765093147295443,-0.02765093147295443,0.0391259202523539,-0.006258303144630928,0.006258303144630928,0.03402699259342474,renewable,风光总加,,,,,,False,,,,,,,False
2025-07-08,7,96,1,-0.09078364867658273,0.17875132574742536,0.2468503704085336,7.355227538141662e-16,0.008313114077259385,0.008313114077259385,0.019541468565077758,0.08317142831829862,-0.08317142831829862,0.1332970392768503,0.003588323669607408,-0.003588323669607408,0.010827064234295808,0.013138685442397753,-0.013138685442397753,0.03253266433426233,-0.0008016746764616516,0.0008016746764616516,0.04565716330091076,renewable,风光总加,,,,,,False,,,,,,,False
2025-07-09,7,96,1,-0.06767229447732057,0.1248083036426955,0.14398398412664043,5.273559366969494e-16,0.03962621632762275,0.03962621632762275,0.04200665143972019,0.1345435425155195,-0.1345435425155195,0.14519632932862428,0.0024531864570964622,-0.0024531864570964622,0.0106230039801335,0.007693021907338611,-0.007693021907338611,0.026115249125626645,-0.03739124007501126,0.03739124007501126,0.03992619235242842,renewable,风光总加,,,,,,False,,,,,,,False
2025-07-10,7,96,1,0.034237335220987875,0.2210325169047631,0.2658662604533953,8.604228440844963e-16,0.07830773901780476,0.07830773901780476,0.07830773901780476,0.05959216879220878,-0.05959216879220878,0.13752768449109803,-0.0020237058792088995,0.0020237058792088995,0.01071475585212743,0.010632763574160852,-0.010632763574160852,0.04467045811762308,-0.024130822690343817,0.024130822690343817,0.05410144018562648,renewable,风光总加,,,,,,False,,,,,,,False
2025-07-11,7,96,1,0.00036321614867919697,0.275514194087934,0.30618399992331613,4.440892098500626e-16,0.034279113004103585,0.034279113004103585,0.05287479216893811,0.03492510900667491,-0.03492510900667491,0.17267628527896584,-0.00039274330366320074,0.00039274330366320074,0.010989514722305456,0.016177900456428713,-0.016177900456428713,0.048748909183692346,-0.01679436930401602,0.01679436930401602,0.06059384940046358,renewable,风光总加,,,,,,False,,,,,,,False
2025-07-12,7,96,1,-0.20008027564675449,0.20373587184734854,0.2448158949907123,9.992007221626409e-16,-0.09636342627357945,-0.09636342627357945,0.09636342627357945,0.06344395036495802,-0.06344395036495802,0.08817886708830648,0.0014325783727002315,-0.0014325783727002315,0.009616830744388538,0.027217739911709175,-0.027217739911709175,0.040176946712146853,0.011622580723807558,-0.011622580723807558,0.040951753284691854,load,系统负荷,,,,,,False,,,,,,,False
2025-07-13,7,96,1,-0.16908660286348345,0.19008843104084674,0.23643869881363164,8.743006318923108e-16,-0.030276875893489177,-0.030276875893489177,0.0317647756775437,0.11316064456088194,-0.11316064456088194,0.1261555586185096,0.0011474462813254455,-0.0011474462813254455,0.009969593315932104,0.0239601539813156,-0.0239601539813156,0.03484997620385184,0.0005414821464712125,-0.0005414821464712125,0.0318314126661049,renewable,风光总加,,,,,,False,,,,,,,False
2025-07-14,7,96,1,-0.12708174116967388,0.21563313839048046,0.26009335327785826,6.938893903907228e-16,-0.02082621392555335,-0.02082621392555335,0.029515028542354844,0.11781497742033481,-0.11781497742033481,0.12995706659388126,0.001607995387205829,-0.001607995387205829,0.009585484623152386,0.0036532220478553007,-0.0036532220478553007,0.04516103842937664,-0.01682066761127544,0.01682066761127544,0.053867443691700566,renewable,风光总加,,,,,,False,,,,,,,False
2025-07-15,7,96,1,-0.18739837719128186,0.23165281800331713,0.30482849009706986,7.494005416219807e-16,-0.004184864244360306,-0.004184864244360306,0.02294593054151511,0.2106290599597336,-0.2106290599597336,0.21831583601909818,-0.001126341889749734,0.001126341889749734,0.0100431043898075,0.023362042813212438,-0.023362042813212438,0.04934780930101327,-0.04965124793627477,0.04965124793627477,0.05204009850669522,renewable,风光总加,,,,,,False,,,,,,,False
2025-07-16,7,96,1,-0.13783376026217078,0.16008924335676084,0.21162827923863917,9.159339953157541e-16,0.013541801967257794,0.013541801967257794,0.023319366504598732,0.11237037312265137,-0.11237037312265137,0.12600873370806326,0.0008099075076509398,-0.0008099075076509398,0.008027083460386608,0.034867625290057026,-0.034867625290057026,0.036630327774801665,0.003327656309069215,-0.003327656309069215,0.029103912949036765,renewable,风光总加,,,,,,False,,,,,,,False
2025-07-17,7,96,1,-0.0728368802433741,0.16928846428695535,0.2235361651791351,9.645062526431047e-16,0.0076543414804112015,0.0076543414804112015,0.029350444969423,0.07879076587130664,-0.07879076587130664,0.1510833661205205,0.0009393170946232762,-0.0009393170946232762,0.008511169551264169,0.02061486319621186,-0.02061486319621186,0.02650825541236244,-0.019853724438356483,0.019853724438356483,0.03382922932283399,renewable,风光总加,,,,,,False,,,,,,,False
2025-07-18,7,96,1,-0.1417821735039276,0.18874925548942942,0.2629304139894013,9.818534874028728e-16,-0.0540417065027208,-0.0540417065027208,0.0540859753199408,0.058382643895580434,-0.058382643895580434,0.12877428561471868,-0.004179414650689336,0.004179414650689336,0.011128450140573972,0.024689844346739955,-0.024689844346739955,0.03170984143571288,0.008847393409575697,-0.008847393409575697,0.03834706666252518,renewable,风光总加,,,,,,False,,,,,,,False
2025-07-19,7,96,1,-0.06796682090845528,0.1255974574028676,0.1429818173901818,1.1102230246251565e-15,0.049420801713828844,0.049420801713828844,0.050218955339151904,0.06086205560908281,-0.06086205560908281,0.11729275878393113,-0.0020295280322327135,0.0020295280322327135,0.009911554412827648,0.027796419552781768,-0.027796419552781768,0.030580285308409217,0.030758675492652238,-0.030758675492652238,0.03592601527588265,renewable,风光总加,,,,,,False,,,,,,,False
2025-07-20,7,96,1,-0.26375808370901677,0.31995433747464747,0.40226192258822646,6.245004513516506e-16,0.04095537660702538,0.04095537660702538,0.041639278697477,0.25560204357694943,-0.25560204357694943,0.2667367176502415,0.0033221482747154535,-0.0033221482747154535,0.010821928759294866,0.014149365915803562,-0.014149365915803562,0.03800404907483825,0.031639902548573594,-0.031639902548573594,0.06305609416339383,renewable,风光总加,,,,,,False,,,,,,,False
2025-07-21,7,96,1,0.02881255692494389,0.27678703946437455,0.3115009926000542,9.992007221626409e-16,-0.01912142615746218,-0.01912142615746218,0.021666810096758925,-0.008865144766975808,0.008865144766975808,0.2034920354034563,0.002644871896676146,-0.002644871896676146,0.009667528036716399,0.0007238901276565854,-0.0007238901276565854,0.031190274545291188,-0.042437600339763064,0.042437600339763064,0.05485184777310301,renewable,风光总加,,,,,,False,,,,,,,False
2025-07-22,7,96,1,-0.14390000540786915,0.2405335445173442,0.28221770888288034,5.551115123125783e-16,-0.053896992761940626,-0.053896992761940626,0.053896992761940626,0.16075726419166195,-0.16075726419166195,0.20203540868978442,0.004367754361178827,-0.004367754361178827,0.01195293129349783,0.0021301190574999304,-0.0021301190574999304,0.031098683385174936,-0.07725212496441217,0.07725212496441217,0.0853423462774774,renewable,风光总加,,,,,,False,,,,,,,False
2025-07-23,7,96,1,-0.2489732484186309,0.25346793594284844,0.3238880379891451,5.603156827405087e-16,-0.011953384208789474,-0.011953384208789474,0.04025985943086745,0.2012003716885301,-0.2012003716885301,0.2012003716885301,0.0006506347317684702,-0.0006506347317684702,0.010662736339351248,0.03601375665601949,-0.03601375665601949,0.045260475251158595,-0.0008448988664766297,0.0008448988664766297,0.03786157799526043,renewable,风光总加,,,,,,False,,,,,,,False
2025-07-24,7,96,1,-0.12377057243823918,0.3818427721855528,0.4172386471943599,8.881784197001252e-16,0.040695680822838705,0.040695680822838705,0.07881157075438298,0.18819902915579456,-0.18819902915579456,0.2500365912523237,-0.0017911996226943284,0.0017911996226943284,0.011082464628296753,0.014714238945564962,-0.014714238945564962,0.04686223940056102,-0.03665581521758726,0.03665581521758726,0.05727123360028576,renewable,风光总加,,,,,,False,,,,,,,False
2025-07-25,7,96,1,-0.07265835856759469,0.205722066113286,0.2732693959893882,5.828670879282072e-16,0.10124614532140969,0.10124614532140969,0.11946532038731368,0.16092942313810152,-0.16092942313810152,0.16677636962159784,-0.0017066578699406895,0.0017066578699406895,0.008801926558358332,0.014200625699703352,-0.014200625699703352,0.03984813751546539,0.0004811129211401786,-0.0004811129211401786,0.05630147621500974,renewable,风光总加,,,,,,False,,,,,,,False
2025-07-26,7,96,1,-0.22454201139836047,0.2546131760883983,0.3800776933036798,8.049116928532385e-16,0.006679039535354679,0.006679039535354679,0.06594578138539893,0.20095338675285213,-0.20095338675285213,0.20214779742789166,7.01872600412344e-05,-7.01872600412344e-05,0.009221063135390492,0.01197041966782529,-0.01197041966782529,0.032625329341924976,0.018227057252996483,-0.018227057252996483,0.05463586561964976,renewable,风光总加,,,,,,False,,,,,,,False
2025-07-27,7,96,1,-0.2811241928230231,0.28892035523041604,0.42533901250176215,9.159339953157541e-16,-0.052891301661828836,-0.052891301661828836,0.07665474430484406,0.18116307045533223,-0.18116307045533223,0.18303533461015373,0.0010546205617850822,-0.0010546205617850822,0.008161153691812147,0.007600276543737094,-0.007600276543737094,0.02695451577129855,0.038414923600339795,-0.038414923600339795,0.052518866495438105,renewable,风光总加,,,,,,False,,,,,,,False
2025-07-28,7,96,1,-0.1699654557666661,0.2779557289338975,0.3656837362319639,8.81239525796218e-16,-0.01148074518665515,-0.01148074518665515,0.09390226996836636,0.12971206864141846,-0.12971206864141846,0.1533216369666248,0.00026441486932265757,-0.00026441486932265757,0.01010740375105675,0.014475406485137428,-0.014475406485137428,0.027410053588628955,0.014032820584132329,-0.014032820584132329,0.041365586369760045,renewable,风光总加,,,,,,False,,,,,,,False
2025-07-29,7,96,1,-0.034204272404694536,0.23364660225293313,0.29930723739693266,9.228728892196614e-16,0.07031677920447317,0.07031677920447317,0.07823125477419206,0.09648315662246326,-0.09648315662246326,0.1628761261126378,0.0016298595076578836,-0.0016298595076578836,0.008462744140480115,0.016412072272403044,-0.016412072272403044,0.034410955184497403,-0.010004036793356576,0.010004036793356576,0.03810608650700479,renewable,风光总加,,,,,,False,,,,,,,False
2025-07-30,7,96,1,-0.1853433982416903,0.2893069038217024,0.3837715513830356,9.853229343548264e-16,-0.01745725466391611,-0.01745725466391611,0.024180709118197845,0.14172848843169172,-0.14172848843169172,0.20529694667135232,0.0005398458073528614,-0.0005398458073528614,0.007660609243641408,0.007886044177537315,-0.007886044177537315,0.03738257624378633,0.017731765161192275,-0.017731765161192275,0.05706529593918853,renewable,风光总加,,,,,,False,,,,,,,False
2025-07-31,7,96,1,-0.3118642257378624,0.3146150725077086,0.3747031684918889,8.881784197001252e-16,-0.0473664656117481,-0.0473664656117481,0.0473664656117481,0.20271551213585415,-0.20271551213585415,0.20619882520355767,-0.00031113819522019,0.00031113819522019,0.00824751441081791,0.028190536212490746,-0.028190536212490746,0.036187354704272985,0.03390284997298962,-0.03390284997298962,0.04392514947972078,renewable,风光总加,,,,,,False,,,,,,,False
2025-08-01,8,96,1,-0.18821341286884838,0.22424966188265996,0.3091001467150574,7.216449660063518e-16,-0.025891048751154833,-0.025891048751154833,0.027217798352391975,0.10145575013535245,-0.10145575013535245,0.1726199776810893,-7.50524468841977e-05,7.50524468841977e-05,0.008143548436119034,0.024365425506353764,-0.024365425506353764,0.032405753086479624,0.03657624092287151,-0.03657624092287151,0.04426097155833808,renewable,风光总加,,,,,,False,,,,,,,False
2025-08-02,8,96,1,-0.2675977680604266,0.2708772400265284,0.32540547434230893,8.049116928532385e-16,-0.04556546986959962,-0.04556546986959962,0.06117044709221143,0.19340413623028363,-0.19340413623028363,0.19415306819051947,0.0019714964342136434,-0.0019714964342136434,0.009916974786157233,0.013693937674753407,-0.013693937674753407,0.029805814769790332,0.012962727851576298,-0.012962727851576298,0.03800429744774018,renewable,风光总加,,,,,,False,,,,,,,False
2025-08-03,8,96,1,-0.018669789255708624,0.1244658777669219,0.1600389990824471,1.3183898417423734e-15,0.03861577692203346,0.03861577692203346,0.05075069250176639,0.08456640741670322,-0.08456640741670322,0.08619154053413974,0.0005433814686621801,-0.0005433814686621801,0.007888016550581795,0.004934431747021572,-0.004934431747021572,0.02743406540417387,-0.03275865445464487,0.03275865445464487,0.043127828634127625,renewable,风光总加,,,,,,False,,,,,,,False
2025-08-04,8,96,1,-0.0881614152394058,0.2213322445566669,0.2986174248658503,7.771561172376096e-16,0.010777703772586883,0.010777703772586883,0.04073746591103972,0.06551670989229104,-0.06551670989229104,0.12598861550300983,0.0006989578713576221,-0.0006989578713576221,0.007963602268696537,0.017543118637118087,-0.017543118637118087,0.03982549905596627,0.015180332611225894,-0.015180332611225894,0.050916138074769524,renewable,风光总加,,,,,,False,,,,,,,False
2025-08-05,8,96,1,-0.2485090248548195,0.4043371023507411,0.5044062892565321,7.771561172376096e-16,-0.080386328003247,-0.080386328003247,0.080386328003247,0.13655963649579386,-0.13655963649579386,0.27493539756549573,0.0024410892357571287,-0.0024410892357571287,0.008898083396818213,0.012793425193508484,-0.012793425193508484,0.03892739725288677,0.016328545926513043,-0.016328545926513043,0.06959436470405718,renewable,风光总加,,,,,,False,,,,,,,False
2025-08-06,8,96,1,-0.18588817498165433,0.19408185091344396,0.26937359297881325,7.771561172376096e-16,-0.0876388897894173,-0.0876388897894173,0.0876388897894173,0.09172713697494073,-0.09172713697494073,0.11917437344800037,0.0008979776166285527,-0.0008979776166285527,0.009340391704580056,0.00895710118135951,-0.00895710118135951,0.0311406876259365,-0.0033329305806918097,0.0033329305806918097,0.0493354929271135,renewable,风光总加,,,,,,False,,,,,,,False
2025-08-07,8,96,1,-0.1849359717164739,0.20849342556279446,0.24681449418620938,8.326672684688674e-16,-0.06322660946562966,-0.06322660946562966,0.06322660946562966,0.09308459715498857,-0.09308459715498857,0.1492572993254514,0.002176762027458675,-0.002176762027458675,0.009906711141240714,0.019571192957366198,-0.019571192957366198,0.05046935174968819,0.006876810111030795,-0.006876810111030795,0.037716528220554095,renewable,风光总加,,,,,,False,,,,,,,False
2025-08-08,8,96,1,-0.01615771650560716,0.1872599385188171,0.22271376620093225,7.771561172376096e-16,0.014341124406236768,0.014341124406236768,0.023209790224351195,0.012466223115604016,-0.012466223115604016,0.1718469535493697,2.259462898704957e-05,-2.259462898704957e-05,0.009676352579819004,0.019857625353933265,-0.019857625353933265,0.02923438907847016,-0.0018476021866804197,0.0018476021866804197,0.02978499527654334,renewable,风光总加,,,,,,False,,,,,,,False
2025-08-09,8,96,1,-0.10152396502234921,0.3237638883489891,0.4290737544662179,7.91033905045424e-16,0.01024282542327202,0.01024282542327202,0.01614431167399022,0.06128277738963588,-0.06128277738963588,0.26785282511541614,-0.002389800231515912,0.002389800231515912,0.008495010702470326,0.025854603680344507,-0.025854603680344507,0.038892530080512,0.02701920960715672,-0.02701920960715672,0.05751900748518147,renewable,风光总加,,,,,,False,,,,,,,False
2025-08-10,8,96,1,-0.08671986622189588,0.2295668070511594,0.29945497097966073,3.712308238590367e-16,0.01481369037751761,0.01481369037751761,0.025854742476966248,0.07962880526263975,-0.07962880526263975,0.17884463360259886,-0.0015560635354538233,0.0015560635354538233,0.013616554905642635,-0.0073002566884193916,0.0073002566884193916,0.04310258225915856,0.030761071560646964,-0.030761071560646964,0.05775434080972642,renewable,风光总加,,,,,,False,,,,,,,False
2025-08-11,8,96,1,-0.3535761096786314,0.3571431098041027,0.49462543123063263,7.494005416219807e-16,-0.010300170343268208,-0.010300170343268208,0.03198458569572032,0.28303948393055495,-0.28303948393055495,0.29291552101841173,0.0002693823273605458,-0.0002693823273605458,0.01160908092608106,0.01614013316517006,-0.01614013316517006,0.047327120422053844,0.04382693991227759,-0.04382693991227759,0.05888647563215859,renewable,风光总加,,,,,,False,,,,,,,False
2025-08-12,8,96,1,-0.20858945821480349,0.24912682322794052,0.31325717033201206,8.326672684688674e-16,-0.00963650333923568,-0.00963650333923568,0.024923709349129627,0.12554372119503412,-0.12554372119503412,0.19348704894900426,0.0010503982224528677,-0.0010503982224528677,0.012879669031148662,0.03818164300477811,-0.03818164300477811,0.049061661802774874,0.03417719245330269,-0.03417719245330269,0.04984072724007881,renewable,风光总加,,,,,,False,,,,,,,False
2025-08-13,8,96,1,-0.04164957886782027,0.1538800157755101,0.1924701286852989,7.840950111415168e-16,0.019653163320076716,0.019653163320076716,0.024932110197281993,0.09733748635412655,-0.09733748635412655,0.16165705346945725,0.0009945946754654786,-0.0009945946754654786,0.00866845534393149,0.005886547351177764,-0.005886547351177764,0.036236254945604805,-0.04291588619287284,0.04291588619287284,0.04887359238044337,renewable,风光总加,,,,,,False,,,,,,,False
2025-08-14,8,96,1,-0.16130928027120764,0.20622531344303607,0.283525645022454,5.689893001203927e-16,-0.010695156308133844,-0.010695156308133844,0.025387582268844206,0.13007371419674743,-0.13007371419674743,0.16859506558554896,-0.0011150555328842489,0.0011150555328842489,0.010090346376764878,0.009553532179832193,-0.009553532179832193,0.04352095180222901,0.0121019331193784,-0.0121019331193784,0.03906991216297675,renewable,风光总加,,,,,,False,,,,,,,False
2025-08-15,8,96,1,-0.4294551561905178,0.4294551561905178,0.45800930024438175,4.440892098500626e-16,-0.04370121208832158,-0.04370121208832158,0.043831680912669646,0.3362964781649966,-0.3362964781649966,0.3362964781649966,0.0018710588157387536,-0.0018710588157387536,0.012356822157404879,0.01471076903002378,-0.01471076903002378,0.05383031924795265,0.03287563809143713,-0.03287563809143713,0.042691890360790824,renewable,风光总加,,,,,,False,,,,,,,False
2025-08-16,8,96,1,-0.07813567503747483,0.12860868663492328,0.16004616555693632,6.036837696399289e-16,-0.0002924956174074668,-0.0002924956174074668,0.02834826031027908,0.10119578406300783,-0.10119578406300783,0.11258531795398492,0.0001574538096303701,-0.0001574538096303701,0.008593731625888017,0.00622635800639607,-0.00622635800639607,0.028641179622636754,-0.02973641645896691,0.02973641645896691,0.042842864559715865,renewable,风光总加,,,,,,False,,,,,,,False
2025-08-17,8,96,1,-0.1504460704746008,0.35380857210463384,0.401336911115429,6.661338147750939e-16,-0.01655456526723695,-0.01655456526723695,0.020128213020376536,0.0689600714482163,-0.0689600714482163,0.27391242263344623,-0.0009881881156136542,0.0009881881156136542,0.009887696004075094,0.03435083433206826,-0.03435083433206826,0.04372420849700282,0.03156878754269294,-0.03156878754269294,0.049283341922801004,renewable,风光总加,,,,,,False,,,,,,,False
2025-08-18,8,96,1,-0.09311837586964623,0.15402918561835385,0.17605169335212417,4.996003610813204e-16,0.0170175615767095,0.0170175615767095,0.021254072774493187,0.06061736447020469,-0.06061736447020469,0.12432755597582279,-0.0008518898331564212,0.0008518898331564212,0.009614441981479142,0.03269820487337496,-0.03269820487337496,0.03948033377318654,0.01767225793593252,-0.01767225793593252,0.04617490391999501,renewable,风光总加,,,,,,False,,,,,,,False
2025-08-19,8,96,1,-0.07119672787045819,0.1249275153305195,0.1618355392647688,6.938893903907228e-16,0.0833970458793283,0.0833970458793283,0.0833970458793283,0.1644470408866079,-0.1644470408866079,0.16502383581566019,-0.0004955623799621425,0.0004955623799621425,0.010376114010565103,0.0031071961382965053,-0.0031071961382965053,0.03388255644588776,-0.012464900895155699,0.012464900895155699,0.027479232746891926,renewable,风光总加,,,,,,False,,,,,,,False
2025-08-20,8,96,1,-0.13862715827693115,0.17335049352115814,0.2468333035474458,8.187894806610529e-16,0.06667146856405165,0.06667146856405165,0.06691531231302916,0.1956538687553018,-0.1956538687553018,0.20372679162625862,0.0013609885362718297,-0.0013609885362718297,0.009891867207809856,-0.009354008383672162,0.009354008383672162,0.02759556623108804,0.017637777933081293,-0.017637777933081293,0.031528266234257425,renewable,风光总加,,,,,,False,,,,,,,False
2025-08-21,8,96,1,-0.3228868105815466,0.3625743311854251,0.45094874857539036,3.885780586188048e-16,0.046070178216419753,0.046070178216419753,0.046070178216419753,0.27698672397241236,-0.27698672397241236,0.3352545830618909,-0.0076450494118462465,0.0076450494118462465,0.012472074488969233,0.02351804291085821,-0.02351804291085821,0.02716713758549089,0.07609727132654198,-0.07609727132654198,0.07609727132654198,renewable,风光总加,,,,,,False,,,,,,,False
2025-08-22,8,96,1,-0.04461824867262797,0.1274280825711949,0.148501868810321,7.494005416219807e-16,0.02823349741943307,0.02823349741943307,0.02970211177816404,0.03416422592680673,-0.03416422592680673,0.12900331465060672,-0.0016928366484587926,0.0016928366484587926,0.008469106869819816,0.029374807429064717,-0.029374807429064717,0.03103050502360496,0.011005549384648344,-0.011005549384648344,0.024633872782789553,renewable,风光总加,,,,,,False,,,,,,,False
2025-08-23,8,96,1,-0.06534208182700325,0.16978433348050223,0.20159794640508466,9.43689570931383e-16,-0.010108119649421057,-0.010108119649421057,0.018572083739154602,0.07933522118751522,-0.07933522118751522,0.19346205825202248,-0.00114415899291799,0.00114415899291799,0.008237689071022371,0.010024885506944999,-0.010024885506944999,0.012361270954382927,-0.03298198552396004,0.03298198552396004,0.03435516624768074,renewable,风光总加,,,,,,False,,,,,,,False
2025-08-24,8,96,1,-0.15758257636981837,0.2031835781745596,0.27881170877928985,9.020562075079397e-16,-0.007314728062497375,-0.007314728062497375,0.022961052068189266,0.1664665901722527,-0.1664665901722527,0.2029998041424137,0.0005222113313183607,-0.0005222113313183607,0.00813951602900593,0.0023562333643334338,-0.0023562333643334338,0.014367619950800626,-0.019077186560583596,0.019077186560583596,0.028122416291603544,renewable,风光总加,,,,,,False,,,,,,,False
2025-08-25,8,96,1,-0.053652959080744016,0.13558688402552435,0.17475551367143852,7.494005416219807e-16,0.003960525073266936,0.003960525073266936,0.015118750741726819,0.09205084722204798,-0.09205084722204798,0.13742287843158396,0.0010740009532181913,-0.0010740009532181913,0.00783037212208624,-0.001555661755759592,0.001555661755759592,0.009393711522548512,-0.03395570226549568,0.03395570226549568,0.036778358024330764,renewable,风光总加,,,,,,False,,,,,,,False
2025-08-26,8,96,1,-0.17901162054861078,0.17991457292836258,0.22858415144102198,7.216449660063518e-16,0.004495257320874871,0.004495257320874871,0.03942875987061669,0.1770376038599514,-0.1770376038599514,0.17843096122940838,0.0015178214136474532,-0.0015178214136474532,0.00662490885291242,-0.0007230792631827822,0.0007230792631827822,0.009983911283217775,0.005674531859069511,-0.005674531859069511,0.016674938463631567,renewable,风光总加,,,,,,False,,,,,,,False
2025-08-27,8,96,1,0.0343637789433082,0.08233263650317442,0.10407583062270324,6.869504964868156e-16,0.03663792506356552,0.03663792506356552,0.03968195412884204,0.016761657131819457,-0.016761657131819457,0.06310844971009608,0.0025740271789534354,-0.0025740271789534354,0.010949205261345053,-0.008918428059517506,0.008918428059517506,0.014131190863453201,-0.008143110130998056,0.008143110130998056,0.021383752649623486,renewable,风光总加,,,,,,False,,,,,,,False
2025-08-28,8,96,1,-0.08855999530626352,0.14855682199634104,0.18367897839745523,7.771561172376096e-16,0.007118440419147272,0.007118440419147272,0.021101250388974632,0.09891649516266425,-0.09891649516266425,0.1261225907683258,-0.0029498080744343046,0.0029498080744343046,0.012589364939346188,-0.006197568665032401,0.006197568665032401,0.02294719432128065,0.005909317302213218,-0.005909317302213218,0.021594986497599337,renewable,风光总加,,,,,,False,,,,,,,False
2025-08-29,8,96,1,-0.14319908977363777,0.18150670897527385,0.23120675473879124,7.216449660063518e-16,-0.051824686149899234,-0.051824686149899234,0.053257505590415956,0.08536044827897432,-0.08536044827897432,0.13654146874852888,-0.0019908403002199845,0.0019908403002199845,0.011115768512406664,0.0038733900152140167,-0.0038733900152140167,0.02219327298775085,0.004131405629770222,-0.004131405629770222,0.023768702304467135,renewable,风光总加,,,,,,False,,,,,,,False
2025-08-30,8,96,1,-0.15475157820351382,0.24332557735839278,0.3083411685134671,5.551115123125783e-16,0.009710796057243426,0.009710796057243426,0.02015984403994132,0.14586837526555313,-0.14586837526555313,0.2551009950778896,-0.004715133084819522,0.004715133084819522,0.010317929005753656,0.009666980155315134,-0.009666980155315134,0.03321674905184769,0.013642151924708445,-0.013642151924708445,0.02944132753626032,renewable,风光总加,,,,,,False,,,,,,,False
2025-08-31,8,96,1,-0.2484893303447164,0.2532822406732556,0.34458733448581486,7.771561172376096e-16,-0.010523413751559144,-0.010523413751559144,0.02505147529189823,0.21126453663940115,-0.21126453663940115,0.21973770513667548,0.0004697169879944365,-0.0004697169879944365,0.007540966555781794,0.003427173486790022,-0.003427173486790022,0.013660458468595137,0.022804489478971613,-0.022804489478971613,0.026504018462859564,renewable,风光总加,,,,,,False,,,,,,,False
2025-09-01,9,96,1,-0.4018296683298368,0.40182966832983685,0.48223309131774644,3.3306690738754696e-16,-0.015413876189860157,-0.015413876189860157,0.020947332240653677,0.33115370538379757,-0.33115370538379757,0.33115370538379757,0.0018949099194059671,-0.0018949099194059671,0.00972124232929374,0.011010896707124412,-0.011010896707124412,0.02325983005899757,0.04235628012964868,-0.04235628012964868,0.04550903808527213,renewable,风光总加,valid_2025_09,6959.229019103534,7673.0470813487245,713.818062245191,0.9069707178025396,False,55.0,71.0,53.0,66.0,2.0,5.0,False
2025-09-02,9,96,1,-0.4162598344214026,0.41685243755515194,0.5186561801079499,3.5388358909926865e-16,-0.027581883806227735,-0.027581883806227735,0.028822871705457814,0.34331543793184977,-0.34331543793184977,0.343736225458171,0.0011528812648257069,-0.0011528812648257069,0.010379262502350892,0.012473301743307979,-0.012473301743307979,0.026334277499670752,0.03173632967519143,-0.03173632967519143,0.032447465123827235,renewable,风光总加,valid_2025_09,6350.0491290491245,7323.284979593634,973.235850544509,0.8671039221802189,False,32.0,79.0,44.0,81.0,-12.0,-2.0,False
2025-09-03,9,96,1,-0.2592105877228052,0.2608635532154246,0.3443231645544796,8.049116928532385e-16,-0.020845791554290897,-0.020845791554290897,0.024796089508067994,0.24834338934959743,-0.24834338934959743,0.24834338934959743,-3.844666419617693e-05,3.844666419617693e-05,0.008256813784468246,-0.006281613671982264,0.006281613671982264,0.04072986862227591,-0.003658532844904677,0.003658532844904677,0.016106500552219457,renewable,风光总加,valid_2025_09,7206.793053197055,8892.914826968426,1686.1217737713714,0.8103971749894555,False,52.0,69.0,49.0,67.0,3.0,2.0,False
2025-09-04,9,96,1,-0.27712714232300695,0.2771271423230069,0.31577231060951266,6.106226635438361e-16,-0.03031793047315522,-0.03031793047315522,0.03060092947960788,0.22394430931503692,-0.22394430931503692,0.22394430931503692,0.001449738018186977,-0.001449738018186977,0.010114109819407904,0.013498862675571412,-0.013498862675571412,0.03228621266981493,0.007916301841056359,-0.007916301841056359,0.028158444972548935,renewable,风光总加,valid_2025_09,6617.232621593303,8239.727158618583,1622.4945370252808,0.8030888030888031,False,52.0,71.0,55.0,73.0,-3.0,-2.0,False
2025-09-05,9,96,1,-0.46302105910174624,0.4823556622598874,0.6261372021632952,7.216449660063518e-16,0.0021590179751439045,0.0021590179751439045,0.016012527934279108,0.38277603336442106,-0.38277603336442106,0.4045386715707991,-0.005489771640401463,0.005489771640401463,0.011693425441530252,0.01720735499918361,-0.01720735499918361,0.024705557585327474,0.0706864603536869,-0.0706864603536869,0.07161727432896296,renewable,风光总加,valid_2025_09,10679.373571726544,10689.375773343028,10.002201616485763,0.9990642857142856,False,60.0,73.0,57.0,73.0,3.0,0.0,False
2025-09-06,9,96,1,-0.2932873060322064,0.44459056983192746,0.6364223288717262,5.551115123125783e-16,0.044667382676690764,0.044667382676690764,0.045121466782036546,0.2863332008130889,-0.2863332008130889,0.4147780636039567,6.426283582250478e-05,-6.426283582250478e-05,0.010546548956862115,0.011397145789911592,-0.011397145789911592,0.028861077301837502,0.04016007927007411,-0.04016007927007411,0.05010468188902442,renewable,风光总加,valid_2025_09,7182.732413621522,7348.945844173331,166.21343055180932,0.977382683982684,False,62.0,88.0,35.0,88.0,27.0,0.0,False
2025-09-07,9,96,1,-0.13730685176097254,0.2026206117720745,0.25814611384569547,8.326672684688674e-16,-0.0010771348348332839,-0.0010771348348332839,0.02585423112099174,0.1444363520793395,-0.1444363520793395,0.17362856890008505,0.0009727670804401622,-0.0009727670804401622,0.00996407067140762,0.0051967427517634925,-0.0051967427517634925,0.02393042958902712,-0.014376144985403893,0.014376144985403893,0.026077036224161684,renewable,风光总加,valid_2025_09,8239.727158618585,24814.62233097489,16574.8951723563,0.3320512820512821,False,55.0,88.0,46.0,72.0,9.0,16.0,True
2025-09-08,9,96,1,-0.1858076583309284,0.33107322525849847,0.38959995894543625,8.881784197001252e-16,-0.02112762174708754,-0.02112762174708754,0.029742655001855665,0.14441976223050998,-0.14441976223050998,0.262184064273773,0.0013551809934187035,-0.0013551809934187035,0.00863294532404593,0.0190423778288916,-0.0190423778288916,0.02575347207876139,-0.00013728446897946314,0.00013728446897946314,0.02616720289263469,renewable,风光总加,valid_2025_09,18294.220819623617,20080.27235006656,1786.0515304429427,0.9110544170265188,False,55.0,71.0,51.0,69.0,4.0,2.0,False
2025-09-09,9,96,1,-0.4065909768591527,0.4065909768591527,0.5032246777716853,6.661338147750939e-16,-0.020274753032494236,-0.020274753032494236,0.02263765593975206,0.279363550372347,-0.279363550372347,0.279363550372347,-0.0036569549464691067,0.0036569549464691067,0.008698501159975358,0.03966908256845556,-0.03966908256845556,0.04027844356799746,0.07094054583232491,-0.07094054583232491,0.07094054583232491,renewable,风光总加,valid_2025_09,15111.468727196245,22555.85542648871,7444.386699292465,0.6699576868829338,False,52.0,79.0,48.0,73.0,4.0,6.0,False
2025-09-10,9,96,1,-0.6011882453745395,0.6011882453745394,0.7118105324654057,6.661338147750939e-16,-0.058686133666439357,-0.058686133666439357,0.058686133666439357,0.4318267521493419,-0.4318267521493419,0.439431477490057,-0.0035467869543082415,0.0035467869543082415,0.013386357056098622,0.03829705604822012,-0.03829705604822012,0.041878023496880246,0.07592509046484637,-0.07592509046484637,0.07592509046484637,renewable,风光总加,valid_2025_09,6464.543160211874,6763.524364319911,298.98120410803676,0.9557950577238588,False,60.0,73.0,52.0,76.0,8.0,-3.0,False
2025-09-11,9,96,1,-0.3422358193679975,0.4210993292792177,0.467768126120496,5.273559366969494e-16,0.010216600166866138,0.010216600166866138,0.021880776046655583,0.2764141221623509,-0.2764141221623509,0.36008655514919724,0.000399675829660199,-0.000399675829660199,0.01265965447058232,0.013600856277225811,-0.013600856277225811,0.017883959309370718,0.06203776526562676,-0.06203776526562676,0.06203776526562676,renewable,风光总加,valid_2025_09,7755.075314961783,8893.14388502071,1138.0685700589274,0.872028544148954,False,46.0,71.0,39.0,62.0,7.0,9.0,False
2025-09-12,9,96,1,-0.09165261779928707,0.16320584113990258,0.24075424187732547,3.7816971776294395e-16,0.012310748984103476,0.012310748984103476,0.01585225436170377,0.11895945053192286,-0.11895945053192286,0.1535423235950433,-0.006757934457132926,0.006757934457132926,0.014642751380331496,0.0006039114058709212,-0.0006039114058709212,0.01851903420934403,-0.008842060697270325,0.008842060697270325,0.028577844532653704,renewable,风光总加,valid_2025_09,4986.606523711872,5677.372438083954,690.7659143720821,0.8783299982684935,False,55.0,71.0,32.0,69.0,23.0,2.0,False
2025-09-13,9,96,1,-0.6636875751529102,0.6636875751529102,0.8650510377360974,4.440892098500626e-16,0.016633460189015195,0.016633460189015195,0.01900235326625987,0.6093960055108837,-0.6093960055108837,0.6093960055108837,-0.0064288622773788886,0.0064288622773788886,0.013891196894455055,0.012974445208477405,-0.012974445208477405,0.024956728334910847,0.06437944689994328,-0.06437944689994328,0.06698121148797002,renewable,风光总加,valid_2025_09,5454.540310913637,5455.46926857013,0.9289576564933668,0.9998297199359466,False,60.0,88.0,23.0,88.0,37.0,0.0,False
2025-09-14,9,96,1,-0.2840119076719837,0.3549935080839746,0.48912713838240895,5.551115123125783e-16,0.046505926557537415,0.046505926557537415,0.046505926557537415,0.2902501729675,-0.2902501729675,0.3464072714756556,0.0009345833993165669,-0.0009345833993165669,0.01084470601541566,0.010390643825325915,-0.010390643825325915,0.015298521587100863,0.02894243403737864,-0.02894243403737864,0.03323364571426188,renewable,风光总加,valid_2025_09,36565.656725768466,37794.00916340826,1228.3524376397909,0.967498752716897,False,52.0,69.0,55.0,69.0,-3.0,0.0,False
2025-09-15,9,96,1,-0.5254977138951912,0.5291848826746671,0.6835595261229596,4.718447854656915e-16,0.02369893873937613,0.02369893873937613,0.02485065849563121,0.4550944936157733,-0.4550944936157733,0.46006116270444375,0.028204423179740794,-0.028204423179740794,0.03820575709151793,0.007717764231418523,-0.007717764231418523,0.024174017660017356,0.0581799716076346,-0.0581799716076346,0.06856879646670842,renewable,风光总加,valid_2025_09,7262.180562784526,7262.180562784526,0.0,1.0,False,57.0,75.0,36.0,75.0,21.0,0.0,False
2025-09-16,9,96,1,-0.15089620252877237,0.17372661045056517,0.20321979263601922,9.020562075079397e-16,0.06375469408556929,0.06375469408556929,0.06394637952514896,0.14785785681989802,-0.14785785681989802,0.14785785681989802,0.001556910925354407,-0.001556910925354407,0.009296926446748533,0.028402420213062704,-0.028402420213062704,0.029984628648983592,0.03683370865602647,-0.03683370865602647,0.03905747890771132,renewable,风光总加,valid_2025_09,32795.513890510374,32795.513890510374,0.0,1.0,False,46.0,67.0,46.0,65.0,0.0,2.0,False
2025-09-17,9,96,1,-0.12052620871232884,0.14219731419927348,0.2134650423514179,9.575673587391975e-16,0.12738242578775846,0.12738242578775846,0.12738242578775846,0.20182909116424905,-0.20182909116424905,0.20182909116424905,0.055439454228473066,-0.055439454228473066,0.05893822485677683,0.013840455771615074,-0.013840455771615074,0.015938140250161766,-0.023200366664249905,0.023200366664249905,0.02404657314100417,renewable,风光总加,valid_2025_09,29075.89744395236,34819.496291403484,5743.598847451125,0.8350464693864871,False,49.0,69.0,57.0,68.0,-8.0,1.0,False
2025-09-18,9,96,1,-0.09565593606253321,0.21381871590145907,0.27742474581362014,9.43689570931383e-16,0.07547124742731715,0.07547124742731715,0.07821226155228249,0.16076261881922338,-0.16076261881922338,0.16424970131096742,0.0007878315397237124,-0.0007878315397237124,0.00993989083889967,-0.003378185584434016,0.003378185584434016,0.02059304290627189,0.012954918715337318,-0.012954918715337318,0.03695240168279059,renewable,风光总加,valid_2025_09,26946.13476196888,32148.628499960232,5202.49373799135,0.8381736957146466,False,46.0,69.0,54.0,65.0,-8.0,4.0,False
2025-09-19,9,96,1,-0.39150566879815735,0.39200102663572983,0.4389386723173508,8.881784197001252e-16,-0.12890553608319916,-0.12890553608319916,0.12940695714161185,0.15673062079089373,-0.15673062079089373,0.1585624293830478,0.07228471806212139,-0.07228471806212139,0.07228471806212139,0.00044655986743544484,-0.00044655986743544484,0.016791556846156307,0.03313823399450768,-0.03313823399450768,0.039942994048733055,renewable,风光总加,valid_2025_09,5484.779155177216,13626.008169951016,8141.2290147738,0.4025228142217482,False,46.0,71.0,1.0,83.0,45.0,-12.0,False
2025-09-20,9,96,1,-0.13810249243693515,0.14558246153004584,0.18348226652727354,8.187894806610529e-16,-0.12111524696442748,-0.12111524696442748,0.12111524696442748,0.032965768234483384,-0.032965768234483384,0.06161467663742029,0.0030617438972498448,-0.0030617438972498448,0.009894307106316698,-0.021902355268779025,0.021902355268779025,0.027890319119868556,0.002862088609553493,-0.002862088609553493,0.03140993846176078,load,系统负荷,valid_2025_09,14214.324689076384,14612.977959547172,398.6532704707879,0.9727192313863492,False,46.0,66.0,36.0,66.0,10.0,0.0,False
2025-09-21,9,96,1,-0.17220005945992475,0.17569640479989235,0.23130705145199604,8.881784197001252e-16,-0.08074011328673958,-0.08074011328673958,0.08074011328673958,0.12958187741031368,-0.12958187741031368,0.134709623630948,0.0010108631005395514,-0.0010108631005395514,0.008967839656823793,-0.008667060072629665,0.008667060072629665,0.023981718593268312,-0.030465734265038468,0.030465734265038468,0.034852262695566356,renewable,风光总加,valid_2025_09,459.25821347143653,3813.921555501232,3354.663342029796,0.1204162714906914,False,55.0,69.0,42.0,64.0,13.0,5.0,False
2025-09-22,9,96,1,-0.43202126465695206,0.4355064624366758,0.5561664143313608,4.440892098500626e-16,-0.02165461060422474,-0.02165461060422474,0.0273557914146504,0.32884708085407494,-0.32884708085407494,0.3333223368512619,-0.0013246968722538416,0.0013246968722538416,0.007722023096177485,0.027912855308172783,-0.027912855308172783,0.04171933512782578,0.05493141476273341,-0.05493141476273341,0.07010347801734329,renewable,风光总加,valid_2025_09,-1.1368683772161605e-13,2920.585607500625,2920.585607500625,-3.8926041897092964e-17,True,46.0,71.0,0.0,25.0,46.0,46.0,False
2025-09-23,9,96,1,-0.40590786371791876,0.5015611772548114,0.694369862211143,4.440892098500626e-16,0.009974217434958554,0.009974217434958554,0.023316371419605367,0.4052963623283694,-0.4052963623283694,0.43712479451965164,-0.003250762980676853,0.003250762980676853,0.010425248014628102,0.005097817285956001,-0.005097817285956001,0.04739506502089266,0.00873866451922875,-0.00873866451922875,0.06257804937810059,renewable,风光总加,valid_2025_09,3075.972863720088,6171.437931417339,3095.4650676972515,0.4984207729062676,False,55.0,79.0,60.0,83.0,-5.0,-4.0,False
2025-09-24,9,96,1,0.002969561025220334,0.22719259587178012,0.26671986230826045,7.494005416219807e-16,0.04618055805605579,0.04618055805605579,0.04798739786648413,0.05990824522512544,-0.05990824522512544,0.16442857363084348,0.0009622112321096359,-0.0009622112321096359,0.00809380080488666,0.018275935579072197,-0.018275935579072197,0.040047705142137555,-0.03593539500547183,0.03593539500547183,0.05800703832214795,renewable,风光总加,valid_2025_09,14729.705306719708,15906.80918652236,1177.1038798026548,0.926,False,53.0,75.0,36.0,73.0,17.0,2.0,False
2025-09-25,9,96,1,-0.10025213505277202,0.12292988130092401,0.15411085045379536,8.881784197001252e-16,0.02999475349727855,0.02999475349727855,0.03135817462697186,0.1659047779732529,-0.1659047779732529,0.1659047779732529,-0.00029904097388087697,0.00029904097388087697,0.009990595436312878,0.00715030520144327,-0.00715030520144327,0.02657324145163459,-0.042509153650764714,0.042509153650764714,0.045384727447874,renewable,风光总加,valid_2025_09,11160.35730518493,14059.039236435716,2898.681931250785,0.7938207666610321,False,16.0,66.0,15.0,62.0,1.0,4.0,False
2025-09-26,9,96,1,-0.17469931909032255,0.17810036228681625,0.23840447279045943,9.43689570931383e-16,0.044952792361308884,0.044952792361308884,0.044952792361308884,0.20984116267424177,-0.20984116267424177,0.21956401212231244,0.0023831087733354617,-0.0023831087733354617,0.011446031421072719,0.015538603217123201,-0.015538603217123201,0.03296853686183097,-0.008110763213068974,0.008110763213068974,0.027634509641088028,renewable,风光总加,valid_2025_09,4880.880325772732,21780.630718059863,16899.750392287133,0.2240926991028615,False,51.0,67.0,0.0,15.0,51.0,52.0,True
2025-09-27,9,96,1,-0.19326158479476693,0.2251702122130196,0.2970203787169647,6.661338147750939e-16,-0.015540838573240262,-0.015540838573240262,0.018934927328480882,0.09503293646864325,-0.09503293646864325,0.14467644101444718,-0.001341980704191565,0.001341980704191565,0.008866876072203716,0.0348112008108149,-0.0348112008108149,0.04414658853193033,0.04921858964626007,-0.04921858964626007,0.06381040997153249,renewable,风光总加,valid_2025_09,1959.718891779556,2564.1776408674077,604.4587490878519,0.7642679900744411,False,55.0,73.0,55.0,88.0,0.0,-15.0,False
2025-09-28,9,96,1,-0.1263016384102502,0.23706638299334917,0.2977403624217034,6.938893903907228e-16,0.012190945584366208,0.012190945584366208,0.019956105209534423,0.11759468526652515,-0.11759468526652515,0.16030985693432592,0.0002447568846462335,-0.0002447568846462335,0.008188803439861274,0.014150111034509243,-0.014150111034509243,0.061201347603241224,0.006503030808935763,-0.006503030808935763,0.05037680362339116,renewable,风光总加,valid_2025_09,16780.01665817834,17425.75039574338,645.7337375650386,0.9629437055564176,False,48.0,69.0,54.0,67.0,-6.0,2.0,False
2025-09-29,9,1,1,0.2782571294503464,0.2782571294503464,0.2782571294503464,5.551115123125783e-17,-0.006844572769381774,-0.006844572769381774,0.006844572769381774,-0.16757982673888483,0.16757982673888483,0.16757982673888483,0.000862584478108594,-0.000862584478108594,0.000862584478108594,-0.054642973467695095,0.054642973467695095,0.054642973467695095,-0.06374148649125683,0.06374148649125683,0.06374148649125683,renewable,风光总加,,,,,,False,,,,,,,False
2025-09-30,9,95,1,-0.16241909121418444,0.23292264945533378,0.3401036408626648,7.979727989493313e-16,0.007990108578649367,0.007990108578649367,0.03583302153937919,0.14182824375519493,-0.14182824375519493,0.22801607553595038,-0.0014094268655226137,0.0014094268655226137,0.008724276115541168,0.015732854356469008,-0.015732854356469008,0.02668721216364603,0.014257528546692478,-0.014257528546692478,0.02962814171424184,renewable,风光总加,,,,,,False,,,,,,,False
2025-10-01,10,96,1,-0.18993002026503558,0.20042811459077225,0.26898119188294584,7.771561172376096e-16,-0.03752154818748164,-0.03752154818748164,0.03847603063929115,0.17594510643062747,-0.17594510643062747,0.17803604101031092,0.00034000789252275386,-0.00034000789252275386,0.007872091464519148,-0.0004823036500522033,0.0004823036500522033,0.030045896399812696,-0.02339433859554409,0.02339433859554409,0.03015436230708707,renewable,风光总加,valid_2025_10,6737.968484680845,10953.4288058393,4215.4603211584545,0.61514696485623,False,0.0,23.0,0.0,19.0,0.0,4.0,False
2025-10-02,10,96,1,-0.39470905830034053,0.39470905830034053,0.5322345149780254,4.440892098500626e-16,-0.021861928926453,-0.021861928926453,0.050419406881151395,0.3156174397939863,-0.3156174397939863,0.3164691396949237,-0.0003572332837776496,0.0003572332837776496,0.0074708231262526755,0.027253176880741223,-0.027253176880741223,0.03418806972538858,0.030333745982937633,-0.030333745982937633,0.03044996989085352,renewable,风光总加,valid_2025_10,6744.487095085482,7057.176787350463,312.6896922649812,0.955691957040745,False,55.0,73.0,58.0,71.0,-3.0,2.0,False
2025-10-03,10,96,1,-0.29587616253441984,0.3019496397146146,0.4297368780846998,6.522560269672795e-16,-0.0360411726413375,-0.0360411726413375,0.03740839241541275,0.22054461025424765,-0.22054461025424765,0.22194398701403284,-0.002754923007471396,0.002754923007471396,0.010346528414898266,0.010194407317573258,-0.010194407317573258,0.046364543935676704,0.0318508953287329,-0.0318508953287329,0.04896209348945663,renewable,风光总加,valid_2025_10,8626.962521455283,8844.185907706433,217.22338625114935,0.9754388489208632,False,52.0,73.0,34.0,71.0,18.0,2.0,False
2025-10-04,10,96,1,-0.07581632504907262,0.1454527816549156,0.17645084814939363,7.494005416219807e-16,0.0090909595653099,0.0090909595653099,0.03703466424891507,0.07487681802223031,-0.07487681802223031,0.0961003847603026,0.0010877710391026271,-0.0010877710391026271,0.009985306554519584,0.030852414347861266,-0.030852414347861266,0.04074773686104158,-0.02190971879481167,0.02190971879481167,0.04031127262155966,renewable,风光总加,valid_2025_10,10029.535877391383,14344.219692893525,4314.683815502141,0.699204006360852,False,0.0,66.0,0.0,83.0,0.0,-17.0,False
2025-10-05,10,96,1,-0.09635130713698403,0.12619282916396446,0.16486363770047782,7.355227538141662e-16,0.03453785912719481,0.03453785912719481,0.051649437152356724,0.13069444190909368,-0.13069444190909368,0.15212252181661998,0.0011878214880539741,-0.0011878214880539741,0.00798923581318912,0.024897009262175945,-0.024897009262175945,0.032402078628548665,-0.025890106395144732,0.025890106395144732,0.03343399498506648,renewable,风光总加,valid_2025_10,12372.507066987331,27690.118497155396,15317.611430168065,0.4468203004713886,False,32.0,62.0,16.0,75.0,16.0,-13.0,True
2025-10-06,10,96,1,-0.03179731252769182,0.07567025256241743,0.10416566224563135,8.638922910364499e-16,0.05870023248116454,0.05870023248116454,0.05870023248116454,0.06303073821214454,-0.06303073821214454,0.09261304659057135,0.002387316502496979,-0.002387316502496979,0.01072401139526568,0.008983757437801079,-0.008983757437801079,0.02998142171651504,0.016095732856413792,-0.016095732856413792,0.03134917476182084,renewable,风光总加,valid_2025_10,13839.525269661706,16639.969928738366,2800.44465907666,0.8317037427910191,False,52.0,67.0,5.0,21.0,47.0,46.0,False
2025-10-07,10,96,1,-0.09220587574334217,0.13812797987972072,0.175638061857477,9.992007221626409e-16,-0.002619019199623073,-0.002619019199623073,0.023527342284508566,0.07851187962790596,-0.07851187962790596,0.11331448965834949,0.0003210073655278282,-0.0003210073655278282,0.00833275745176513,0.008467565496810993,-0.008467565496810993,0.03070145475910696,0.002286404053474342,-0.002286404053474342,0.026574293383925,renewable,风光总加,valid_2025_10,12812.68983488229,13434.693794502877,622.0039596205843,0.9537016645757054,False,46.0,66.0,42.0,66.0,4.0,0.0,False
2025-10-08,10,96,1,-0.23605803284216995,0.23605803284216995,0.26646949678626464,8.049116928532385e-16,-0.06429972650352048,-0.06429972650352048,0.06437774481505673,0.16913219390115172,-0.16913219390115172,0.16913219390115172,-0.0012825538348706243,0.0012825538348706243,0.0069840560690517285,0.010757344499716956,-0.010757344499716956,0.03225531946387046,-0.006848678227348581,0.006848678227348581,0.029621712008803824,renewable,风光总加,valid_2025_10,-15925.89735754619,17107.04156688222,33032.93892442841,-0.9309556708143724,True,46.0,88.0,30.0,47.0,16.0,41.0,True
2025-10-09,10,96,1,-0.11562891601922572,0.14448664759197305,0.18198384944138696,9.71445146547012e-16,0.001265386884298549,0.001265386884298549,0.018016970303420587,0.13368253593584647,-0.13368253593584647,0.13368253593584647,0.02021677987515796,-0.02021677987515796,0.025327592907951346,-0.009812417099545058,0.009812417099545058,0.04697744790161327,-0.027192595807935076,0.027192595807935076,0.04829481046817591,renewable,风光总加,valid_2025_10,864.5032656691174,11716.462535707593,10851.959270038476,0.0737853480122025,False,23.0,69.0,64.0,88.0,-41.0,-19.0,False
2025-10-10,10,96,1,-0.16419524920476972,0.16523512810431884,0.18624323149239957,7.494005416219807e-16,0.03533740071873427,0.03533740071873427,0.048165276694752644,0.1097922477908167,-0.1097922477908167,0.12868484945478068,0.09598791566625654,-0.09598791566625654,0.09603649448383295,-0.0018746894431576476,0.0018746894431576476,0.048305563553810826,-0.004372824090411603,0.004372824090411603,0.05164641284702189,renewable,风光总加,valid_2025_10,12073.344525254568,24860.30350559674,12786.958980342171,0.4856475112034141,False,48.0,64.0,25.0,63.0,23.0,1.0,True
2025-10-11,10,96,1,-0.11937739638004292,0.13252881458620555,0.1533109542918252,7.632783294297951e-16,-0.026325263024349076,-0.026325263024349076,0.029825275517162315,-0.05271200564700241,0.05271200564700241,0.08334291519688601,0.03478084087610101,-0.03478084087610101,0.04377664439964398,0.0399792418822389,-0.0399792418822389,0.04473575827556526,0.07100405624435636,-0.07100405624435636,0.0725136521318999,renewable,风光总加,valid_2025_10,20681.199787515,23880.72083818681,3199.5210506718104,0.8660207506987992,False,33.0,66.0,39.0,64.0,-6.0,2.0,False
2025-10-12,10,96,1,-0.31887174574105787,0.3312154260499183,0.4129550089405964,8.881784197001252e-16,-0.06289115994636522,-0.06289115994636522,0.07883392431555346,0.12112868832147121,-0.12112868832147121,0.15239711266983494,-0.012458289792914095,0.012458289792914095,0.017814962778241544,0.024317190027788815,-0.024317190027788815,0.05022664759402526,0.12299299723834671,-0.12299299723834671,0.12299299723834671,renewable,风光总加,valid_2025_10,9828.677416431326,10051.37274504264,222.69532861131304,0.9778442871177824,False,52.0,69.0,49.0,70.0,3.0,-1.0,False
2025-10-13,10,96,1,-0.24611804850456231,0.25858354841671666,0.4056335623923725,3.5388358909926865e-16,-0.0552354304997375,-0.0552354304997375,0.06612775106146339,0.11793324675214865,-0.11793324675214865,0.2311187505184761,0.0002856215320932197,-0.0002856215320932197,0.011426694860151708,0.009391001335883685,-0.009391001335883685,0.03544152010022546,0.06327274838469926,-0.06327274838469926,0.06327274838469926,renewable,风光总加,valid_2025_10,6451.327783139712,6560.079456186127,108.75167304641492,0.983422201853994,False,54.0,69.0,47.0,68.0,7.0,1.0,False
2025-10-14,10,96,1,-0.43338499260023006,0.43338499260023006,0.5033650565061759,4.996003610813204e-16,-0.08372453285556147,-0.08372453285556147,0.08373271455115328,0.28965953490170976,-0.28965953490170976,0.2897581097234205,-0.022154490289628598,0.022154490289628598,0.02532694275535521,0.02170182337084065,-0.02170182337084065,0.047249533110553237,0.06045359176174676,-0.06045359176174676,0.06342196936314036,renewable,风光总加,valid_2025_10,8996.671761930274,23334.18514407076,14337.513382140489,0.3855575717078913,False,55.0,73.0,45.0,82.0,10.0,-9.0,True
2025-10-15,10,96,1,-0.09179945731990406,0.17079314385205846,0.20251029526415795,8.187894806610529e-16,-0.03721108206011362,-0.03721108206011362,0.05040888755824765,0.08360580330337053,-0.08360580330337053,0.0897388315393371,0.029771371292365886,-0.029771371292365886,0.03476162119654559,-0.010032986846597996,0.010032986846597996,0.05145724766188787,-0.04875581248934798,0.04875581248934798,0.0711066561680948,renewable,风光总加,valid_2025_10,-132.53235278026727,14486.121156284657,14618.65350906492,-0.0091489192552258,True,0.0,64.0,11.0,23.0,-11.0,41.0,True
2025-10-16,10,96,1,-0.2096198112830564,0.2524381307559968,0.31439951170090713,8.743006318923108e-16,-0.06879432636671395,-0.06879432636671395,0.07033423835845927,0.04622641207679671,-0.04622641207679671,0.1526228032817181,0.0006489472570526461,-0.0006489472570526461,0.010864174067872974,0.056763267185399514,-0.056763267185399514,0.05706321398986377,0.037186858397093576,-0.037186858397093576,0.04559492397373016,renewable,风光总加,valid_2025_10,407.07433525413126,4568.566034204552,4161.491698950421,0.0891033055462901,False,54.0,73.0,39.0,61.0,15.0,12.0,False
2025-10-17,10,96,1,-0.40770263552734926,0.40921877677136625,0.48364390432751186,9.992007221626409e-16,-0.07850687564444131,-0.07850687564444131,0.07850687564444131,0.22730412260981614,-0.22730412260981614,0.2280303065342726,0.021840802619621305,-0.021840802619621305,0.045878974912473176,0.030504473132648643,-0.030504473132648643,0.041423369594877225,0.04954636152082185,-0.04954636152082185,0.054944965696057356,renewable,风光总加,valid_2025_10,5525.729644747,15486.258602525406,9960.528957778406,0.3568150181765592,False,49.0,66.0,0.0,73.0,49.0,-7.0,False
2025-10-18,10,96,1,0.027270862492373264,0.20477951286585272,0.2354572255971075,7.771561172376096e-16,0.006571727831565631,0.006571727831565631,0.04891287912945474,0.05090128683625328,-0.05090128683625328,0.16297419688345935,0.0022800121037932397,-0.0022800121037932397,0.009595193081582324,-0.02920761594066305,0.02920761594066305,0.035766442991500814,-0.04467281766019111,0.04467281766019111,0.04714333908482271,renewable,风光总加,valid_2025_10,-432.66520987340823,3072.1838617718595,3504.849071645268,-0.1408331106927538,True,54.0,62.0,0.0,14.0,54.0,48.0,False
2025-10-19,10,96,1,-0.15081116403021497,0.20024586001637915,0.25416737410697,7.077671781985373e-16,0.019527588902912993,0.019527588902912993,0.059364703044585576,0.17990649350396562,-0.17990649350396562,0.18351053041216056,0.0035588476502208064,-0.0035588476502208064,0.01738595703090176,-0.007002348002767744,0.007002348002767744,0.025802481896373436,-0.006124240218290738,0.006124240218290738,0.031159936525833338,renewable,风光总加,valid_2025_10,10790.76895645976,13575.663118875676,2784.8941624159143,0.7948612794800585,False,49.0,88.0,46.0,74.0,3.0,14.0,False
2025-10-20,10,96,1,-0.09540280024499075,0.19135338692510961,0.23188218132449298,1.2073675392798577e-15,0.03827872028399214,0.03827872028399214,0.04586402870784743,0.10720018435613454,-0.10720018435613454,0.10832505061864361,0.0011035427183729212,-0.0011035427183729212,0.02300396944461958,0.013063998249781024,-0.013063998249781024,0.0620093557887012,0.012313795204694349,-0.012313795204694349,0.05769218183848468,renewable,风光总加,valid_2025_10,3145.53334029275,7375.971512981234,4230.438172688484,0.4264568178926415,False,49.0,88.0,53.0,63.0,-4.0,25.0,False
2025-10-21,10,96,1,-0.0722782603666721,0.12183391395605891,0.14543332055576355,7.216449660063518e-16,-0.00045905156338362413,-0.00045905156338362413,0.017593859759958013,0.005080044013299896,-0.005080044013299896,0.08066555758565913,0.06111898276592188,-0.06111898276592188,0.06271851886429258,0.014828169056680982,-0.014828169056680982,0.03778007515801228,-0.009207987032614289,0.009207987032614289,0.026783087333393987,renewable,风光总加,valid_2025_10,1974.3531562311557,3713.886813889032,1739.5336576578766,0.5316137123101209,False,32.0,64.0,38.0,88.0,-6.0,-24.0,False
2025-10-22,10,96,1,-0.2689901027179345,0.2689901027179345,0.31467031206446433,9.43689570931383e-16,-0.07416904291285543,-0.07416904291285543,0.07476791380983495,0.05517947354595778,-0.05517947354595778,0.12020129312613885,0.09176421758817649,-0.09176421758817649,0.09307407783208482,0.03395503750272883,-0.03395503750272883,0.0442037800451342,0.013922331168216036,-0.013922331168216036,0.04042757688541438,renewable,风光总加,valid_2025_10,680.0033672764821,18265.77944479812,17585.776077521637,0.0372282699093982,False,52.0,66.0,5.0,39.0,47.0,27.0,True
2025-10-23,10,96,1,-0.22370211651534844,0.2237431564848438,0.24932055488360386,8.326672684688674e-16,-0.05288589589866987,-0.05288589589866987,0.05288589589866987,0.07217147462902825,-0.07217147462902825,0.07801560134957954,0.06275728695224415,-0.06275728695224415,0.06649078458300885,0.020162013650290214,-0.020162013650290214,0.03313282092626343,0.015725445385115975,-0.015725445385115975,0.029122051475960403,renewable,风光总加,valid_2025_10,1464.8612393486826,6028.1048551994245,4563.243615850742,0.2430052685771043,False,48.0,66.0,55.0,63.0,-7.0,3.0,False
2025-10-24,10,96,1,-0.07771807252836611,0.16901438478971484,0.2090716205042295,9.298117831235686e-16,0.03454647912790756,0.03454647912790756,0.04178304277716177,0.08023603317725951,-0.08023603317725951,0.10206761677916931,0.029183275396277384,-0.029183275396277384,0.03426859368119984,-0.0016079442516083974,0.0016079442516083974,0.051421262811454566,0.004453187334345142,-0.004453187334345142,0.046385020089912334,renewable,风光总加,valid_2025_10,15286.01732576179,18973.215695197672,3687.1983694358823,0.8056629709654778,False,53.0,69.0,47.0,85.0,6.0,-16.0,False
2025-10-25,10,96,1,-0.3341939723301189,0.3341939723301189,0.3934637184900483,7.216449660063518e-16,-0.017459007884400097,-0.017459007884400097,0.04500590033180222,0.19731399323156404,-0.19731399323156404,0.2116024333622578,0.00879766769359938,-0.00879766769359938,0.02068511620202126,0.03720210411021862,-0.03720210411021862,0.042265682461139965,0.07342119941033672,-0.07342119941033672,0.07457436557349106,renewable,风光总加,valid_2025_10,9253.114976911713,11193.12215074733,1940.0071738356164,0.8266786382112261,False,55.0,73.0,53.0,66.0,2.0,7.0,False
2025-10-26,10,96,1,-0.24853631665368658,0.26584257520342164,0.30666247810984626,8.881784197001252e-16,-0.06507939826290847,-0.06507939826290847,0.07136250217230211,0.09239788991176263,-0.09239788991176263,0.12772068045979723,0.009100112837253274,-0.009100112837253274,0.021029244162681333,0.025881968530064983,-0.025881968530064983,0.040761726099486535,0.05607694711169719,-0.05607694711169719,0.058902305752111715,renewable,风光总加,valid_2025_10,13100.848046019815,19018.18106340614,5917.333017386323,0.6888591502174639,False,52.0,69.0,48.0,74.0,4.0,-5.0,False
2025-10-27,10,96,1,-0.2102837047447348,0.2227521413011998,0.2772092643817522,6.800116025829084e-16,0.0023527488386215815,0.0023527488386215815,0.02841933879073297,0.14612072213387786,-0.14612072213387786,0.152243946945305,0.02377957957655304,-0.02377957957655304,0.02959632683721314,0.008883327124411517,-0.008883327124411517,0.03720081841519708,0.03385282474851395,-0.03385282474851395,0.053797636296097524,renewable,风光总加,valid_2025_10,15574.312335458322,23751.87568377598,8177.563348317657,0.6557087340304898,False,46.0,69.0,48.0,81.0,-2.0,-12.0,False
2025-10-28,10,96,1,-0.29686423376866794,0.3008468640302034,0.3764813093397504,8.326672684688674e-16,0.024333823707130383,0.024333823707130383,0.04135028952103746,0.2449438802210272,-0.2449438802210272,0.2512348151819158,-0.0015171274305391964,0.0015171274305391964,0.012648222012009823,0.028272521185371945,-0.028272521185371945,0.0387663493412643,0.049498783499938366,-0.049498783499938366,0.05003239076440246,renewable,风光总加,valid_2025_10,10234.59373597668,10870.33799737258,635.7442613958992,0.9415156859382328,False,55.0,71.0,49.0,76.0,6.0,-5.0,False
2025-10-29,10,96,1,-0.2879353740472708,0.2892438609351334,0.3400168987781507,7.216449660063518e-16,0.00944759383208893,0.00944759383208893,0.030617585074205495,0.24852680543256112,-0.24852680543256112,0.24852680543256112,0.03393595661979508,-0.03393595661979508,0.04194723918057,0.009730622058882905,-0.009730622058882905,0.04191494339823835,0.005189583768120661,-0.005189583768120661,0.02641933060839893,renewable,风光总加,valid_2025_10,18469.746096273215,18469.746096273215,0.0,1.0,False,0.0,88.0,0.0,88.0,0.0,0.0,False
2025-10-30,10,96,1,-0.04578959719321798,0.12237636037379639,0.17952545117876487,1.0269562977782698e-15,0.07103538045033649,0.07103538045033649,0.07107599672488159,0.0946267737231924,-0.0946267737231924,0.12857837053072146,0.05924896127230281,-0.05924896127230281,0.06306943324924262,0.0009961068281328536,-0.0009961068281328536,0.03134670564297257,-0.03804686418007367,0.03804686418007367,0.04461318624848041,renewable,风光总加,valid_2025_10,15647.216423321992,15900.032885808903,252.8164624869114,0.9840996264408638,False,52.0,66.0,54.0,66.0,-2.0,0.0,False
2025-10-31,10,96,1,-0.23719018957985827,0.26573149407559205,0.34893879700946756,6.106226635438361e-16,0.03414681790841804,0.03414681790841804,0.047907553283610356,0.17350747250024087,-0.17350747250024087,0.21877181214154953,0.0036003040095811422,-0.0036003040095811422,0.013551612696882591,0.03443024060982097,-0.03443024060982097,0.04151775129759708,0.05979899036863331,-0.05979899036863331,0.0642210215139614,renewable,风光总加,valid_2025_10,9749.722378353104,10358.816371637906,609.0939932848014,0.9412004256632562,False,55.0,69.0,47.0,86.0,8.0,-17.0,False
2025-11-01,11,96,1,-0.47610014965786007,0.47610014965786007,0.5466652442248493,7.771561172376096e-16,-0.0178994314801417,-0.0178994314801417,0.04724089119458439,0.32176987764172743,-0.32176987764172743,0.32176987764172743,0.07802910845239136,-0.07802910845239136,0.08137086357618575,0.02077371227714404,-0.02077371227714404,0.03775486530847,0.03762801980645549,-0.03762801980645549,0.04241090755789476,renewable,风光总加,valid_2025_11,9442.622338836269,12869.17809566547,3426.5557568292024,0.7337393475047705,False,48.0,81.0,50.0,88.0,-2.0,-7.0,False
2025-11-02,11,96,1,-0.13541491501130395,0.20657212967510497,0.2677100620090197,9.43689570931383e-16,0.0008183887117420435,0.0008183887117420435,0.02617141792688146,0.2189124861701313,-0.2189124861701313,0.22004071277190132,-0.0009746737077164841,0.0009746737077164841,0.010780231332118003,-0.004685379472189689,0.004685379472189689,0.04332026649749831,-0.07701912926717916,0.07701912926717916,0.09609234186133246,renewable,风光总加,valid_2025_11,10366.38801281069,10517.23228432648,150.84427151579075,0.9856574175184292,False,54.0,66.0,53.0,66.0,1.0,0.0,False
2025-11-03,11,96,1,-0.35927420043795405,0.4279895150015241,0.5532808097959148,8.326672684688674e-16,0.03424412164527794,0.03424412164527794,0.035161786466924264,0.38433884679873814,-0.38433884679873814,0.3862450211597535,-0.00010926946666285516,0.00010926946666285516,0.00982405410050733,0.013792322564245013,-0.013792322564245013,0.034203242387660183,-0.004503577813088313,0.004503577813088313,0.1392032300025338,renewable,风光总加,valid_2025_11,13361.719716678785,13361.719716678785,0.0,1.0,False,48.0,88.0,38.0,88.0,10.0,0.0,False
2025-11-04,11,96,1,-0.2599442447495745,0.26927007741905234,0.33572364009767014,8.881784197001252e-16,0.026436592525080595,0.026436592525080595,0.026793226791859578,0.19146392017153802,-0.19146392017153802,0.196006017699676,0.018907672055040656,-0.018907672055040656,0.025623295457827332,0.02170557087962513,-0.02170557087962513,0.02951974762749077,0.05430367416845134,-0.05430367416845134,0.05430367416845134,renewable,风光总加,valid_2025_11,6814.664755854583,7323.682649823299,509.0178939687157,0.9304970029004468,False,49.0,69.0,51.0,68.0,-2.0,1.0,False
2025-11-05,11,96,1,-0.12689530078137537,0.2053799105256704,0.24056595439573497,7.216449660063518e-16,-0.0061998259364054965,-0.0061998259364054965,0.01414352184752376,0.10206828154193619,-0.10206828154193619,0.18622958545056426,0.000663966512531894,-0.000663966512531894,0.00798364742289649,0.0054677468080716945,-0.0054677468080716945,0.0281837570932861,0.012495479982430108,-0.012495479982430108,0.025465512919356236,renewable,风光总加,valid_2025_11,5631.010452028918,5662.824070401963,31.813618373044847,0.99438202247191,False,0.0,21.0,0.0,22.0,0.0,-1.0,False
2025-11-06,11,96,1,-0.24255859453225748,0.2483559687065698,0.2998655066831842,4.996003610813204e-16,-0.02974484652746064,-0.02974484652746064,0.040018718563469426,0.17525780747548822,-0.17525780747548822,0.17525780747548822,-0.004682464743135072,0.004682464743135072,0.008546621130466928,-0.00017139191247785628,0.00017139191247785628,0.03765613707996699,0.04240979718492158,-0.04240979718492158,0.04684635083992514,renewable,风光总加,valid_2025_11,613.325204528417,922.5949328182962,309.26972828987925,0.6647827586206898,False,49.0,66.0,51.0,64.0,-2.0,2.0,False
2025-11-07,11,96,1,-0.5476824618483386,0.5541676682490209,0.6567606083312224,3.3306690738754696e-16,-0.008458704428281644,-0.008458704428281644,0.04416976026266004,0.40374596753914704,-0.40374596753914704,0.41246146032764613,-0.0221277536772482,0.0221277536772482,0.02804143942050062,0.031152141999765032,-0.031152141999765032,0.036072453016805416,0.1264534015583931,-0.1264534015583931,0.1264534015583931,renewable,风光总加,valid_2025_11,2731.6095330029025,6793.795022201863,4062.18548919896,0.402074175637638,False,46.0,73.0,29.0,73.0,17.0,0.0,False
2025-11-08,11,96,1,-0.8143318033727107,0.8143318033727107,0.9781467045849106,4.440892098500626e-16,0.008143124741168767,0.008143124741168767,0.01860415306384035,0.640966597409658,-0.640966597409658,0.640966597409658,-0.047440604922963564,0.047440604922963564,0.058265806360495165,0.04558834939691526,-0.04558834939691526,0.04648690411528644,0.18336058623026982,-0.18336058623026982,0.18336058623026982,renewable,风光总加,valid_2025_11,7176.220165940559,8037.637510627492,861.4173446869327,0.8928270473073769,False,49.0,73.0,49.0,86.0,0.0,-13.0,False
2025-11-09,11,96,1,-0.37346070540767634,0.3917731810236685,0.5568923599844409,6.800116025829084e-16,0.019269719390063816,0.019269719390063816,0.022913642064268824,0.27840270519119775,-0.27840270519119775,0.2849140199669203,-0.0037762177698905087,0.0037762177698905087,0.011746694123901252,0.01892555490397704,-0.01892555490397704,0.04029969406128014,0.09917838247245585,-0.09917838247245585,0.11156567414085489,renewable,风光总加,valid_2025_11,12537.50521731729,12573.171464875311,35.666247558021496,0.997163305403282,False,49.0,71.0,37.0,71.0,12.0,0.0,False
2025-11-10,11,96,1,-0.3433181042880024,0.3433181042880024,0.42192768473236353,6.38378239159465e-16,0.025929838754362517,0.025929838754362517,0.028019239266122497,0.2898732305634485,-0.2898732305634485,0.2901642797739566,-0.0008148019148353029,0.0008148019148353029,0.011837211436471063,0.011108441511800746,-0.011108441511800746,0.042648132899545284,0.069081072881951,-0.069081072881951,0.07311258877464759,renewable,风光总加,valid_2025_11,10588.335721390238,11155.171685390123,566.8359639998853,0.9491862626603704,False,49.0,73.0,39.0,68.0,10.0,5.0,False
2025-11-11,11,96,1,-0.4531695378803235,0.4531695378803235,0.5353384175731114,4.996003610813204e-16,0.012789524277931707,0.012789524277931707,0.01674186765560681,0.3935927462927762,-0.3935927462927762,0.3935927462927762,-0.024154030946500243,0.024154030946500243,0.028554862734143108,0.018312307599029024,-0.018312307599029024,0.03581955826707946,0.07820803921295025,-0.07820803921295025,0.07822757301117571,renewable,风光总加,valid_2025_11,7045.6793456704445,7485.846206756217,440.1668610857723,0.9412001196753804,False,49.0,73.0,55.0,69.0,-6.0,4.0,False
2025-11-12,11,96,1,-0.4405911378740874,0.4580761518623329,0.624198488601907,9.020562075079397e-16,0.015348349574272122,0.015348349574272122,0.021352837528422958,0.38367355076067255,-0.38367355076067255,0.39750102539562104,-0.027878543322284618,0.027878543322284618,0.03425069622209274,0.01777361599516145,-0.01777361599516145,0.03612380046172941,0.08237086401481013,-0.08237086401481013,0.08237086401481013,renewable,风光总加,valid_2025_11,10139.003356851192,10483.503486127382,344.5001292761899,0.9671388358164748,False,49.0,71.0,44.0,68.0,5.0,3.0,False
2025-11-13,11,96,1,-0.36598128419596687,0.3667961080260582,0.4631278467269708,5.551115123125783e-16,0.012315132035313337,0.012315132035313337,0.030989706121926173,0.31815147893573476,-0.31815147893573476,0.31878691908997553,-0.010780676942324333,0.010780676942324333,0.01710197183792689,0.014490023960922438,-0.014490023960922438,0.03272867438436911,0.05643559027694736,-0.05643559027694736,0.05643559027694736,renewable,风光总加,valid_2025_11,9261.017479715578,9537.757783219018,276.7403035034404,0.9709847628978012,False,52.0,73.0,40.0,68.0,12.0,5.0,False
2025-11-14,11,96,1,-0.5545075519550926,0.5545075519550926,0.6865867722114792,4.440892098500626e-16,0.0074682079056974425,0.0074682079056974425,0.016507520517584032,0.5107619833885269,-0.5107619833885269,0.5107619833885269,-0.04826105366877429,0.04826105366877429,0.0536467862836234,0.022629532684843027,-0.022629532684843027,0.029894001760133557,0.07684529745619445,-0.07684529745619445,0.07684529745619445,renewable,风光总加,valid_2025_11,3440.801895136652,3791.5724885941686,350.7705934575165,0.907486776393513,False,48.0,73.0,35.0,66.0,13.0,7.0,False
2025-11-15,11,96,1,-0.4688296319718998,0.46919893325667544,0.6074982764890433,4.440892098500626e-16,-0.014700826808862677,-0.014700826808862677,0.015488168907867977,0.41602652460549966,-0.41602652460549966,0.4182337853642939,-0.04324936333909283,0.04324936333909283,0.05096424936688352,0.01659020677865879,-0.01659020677865879,0.02783569899670782,0.06476143711797153,-0.06476143711797153,0.0737574890144164,renewable,风光总加,valid_2025_11,7722.65723783965,8345.596517840402,622.9392800007518,0.9253571295150572,False,49.0,81.0,47.0,77.0,2.0,4.0,False
2025-11-16,11,96,1,-0.5976354098095618,0.5976354098095618,0.7727555481462699,4.440892098500626e-16,-0.05865085010419968,-0.05865085010419968,0.05865085010419968,0.45328118149972507,-0.45328118149972507,0.46028542882468376,0.0020131719461344596,-0.0020131719461344596,0.01425710861962831,0.022784152121357648,-0.022784152121357648,0.03651655837556332,0.06090605413814484,-0.06090605413814484,0.060976256008356766,renewable,风光总加,valid_2025_11,8914.175868127131,9645.889090707162,731.7132225800306,0.9241424802110816,False,48.0,73.0,59.0,78.0,-11.0,-5.0,False
2025-11-17,11,96,1,-0.5851756736097483,0.5851756736097483,0.6898835702626236,4.996003610813204e-16,-0.05951431119255019,-0.05951431119255019,0.05951431119255019,0.433305162627527,-0.433305162627527,0.433305162627527,-0.00012198762025689581,0.00012198762025689581,0.010233336117402559,0.01975300192155291,-0.01975300192155291,0.03750956054242253,0.07272518548837507,-0.07272518548837507,0.07272518548837507,renewable,风光总加,valid_2025_11,7303.570080287858,7342.583120498723,39.01304021086435,0.9946867417677644,False,49.0,73.0,52.0,74.0,-3.0,-1.0,False
2025-11-18,11,96,1,-0.42316322773802156,0.431538274328877,0.563650605077249,5.551115123125783e-16,-0.04860372791744975,-0.04860372791744975,0.04894619031865005,0.35664130888125173,-0.35664130888125173,0.36075822122168794,-0.03563956096405952,0.03563956096405952,0.04072730453731813,-0.0038139850611491927,0.0038139850611491927,0.030538164186282055,0.057371736964528776,-0.057371736964528776,0.060597881807576685,renewable,风光总加,valid_2025_11,8503.38570224703,10104.393321423157,1601.0076191761273,0.8415533156471948,False,49.0,71.0,48.0,67.0,1.0,4.0,False
2025-11-19,11,96,1,-0.4900612050835155,0.49027236588063783,0.6689023678426708,6.661338147750939e-16,-0.010630214099373772,-0.010630214099373772,0.04923832068178996,0.3893827890802391,-0.3893827890802391,0.3894722033249211,-0.03182353778409774,0.03182353778409774,0.03802426955108661,0.027252190694218987,-0.027252190694218987,0.03151153758880624,0.09461954899378139,-0.09461954899378139,0.094872144235008,renewable,风光总加,valid_2025_11,8716.931434214255,10200.934927737995,1484.0034935237418,0.8545227957989914,False,49.0,88.0,35.0,68.0,14.0,20.0,False
2025-11-20,11,96,1,-0.20660227776234374,0.24257896111021285,0.3591507541971697,7.424616477180734e-16,0.022587616105105696,0.022587616105105696,0.026247171661959334,0.16780743128312972,-0.16780743128312972,0.20535936862566664,-0.010971902161526985,0.010971902161526985,0.020017351045107438,0.017902711463463755,-0.017902711463463755,0.03565586591456034,0.05445165328238296,-0.05445165328238296,0.06245184672359682,renewable,风光总加,valid_2025_11,8526.049723975986,8685.117815841211,159.06809186522514,0.9816849816849816,False,55.0,69.0,39.0,70.0,16.0,-1.0,False
2025-11-21,11,96,1,-0.20599391025440936,0.24955470399213645,0.39150417440118723,6.661338147750939e-16,0.028500206085555656,0.028500206085555656,0.031156627322169866,0.21379208886535891,-0.21379208886535891,0.22767274452165417,-0.03083861504163547,0.03083861504163547,0.05972165143003461,-0.0018569892213549921,0.0018569892213549921,0.026627949235819504,0.05339763173759657,-0.05339763173759657,0.054071861895045,renewable,风光总加,valid_2025_11,6371.688752266469,7103.440151188545,731.7513989220761,0.8969863357264101,False,54.0,69.0,36.0,67.0,18.0,2.0,False
2025-11-22,11,96,1,-0.7164692859243208,0.7164692859243208,0.8679424282267104,3.3306690738754696e-16,0.026593871012662553,0.026593871012662553,0.028695836271224236,0.6367495396541609,-0.6367495396541609,0.6367495396541609,-0.04748599872332745,0.04748599872332745,0.05425461321524183,0.028067343253151102,-0.028067343253151102,0.03190452926537136,0.12573227275299872,-0.12573227275299872,0.12573227275299872,renewable,风光总加,valid_2025_11,5774.731654390984,6264.524578776868,489.7929243858843,0.9218148291659324,False,49.0,73.0,38.0,71.0,11.0,2.0,False
2025-11-23,11,96,1,-0.5558374062176035,0.5558374062176034,0.6761820104614279,3.885780586188048e-16,0.0969265022523448,0.0969265022523448,0.0969265022523448,0.5566351945886591,-0.5566351945886591,0.5566351945886591,-0.003615951502400464,0.003615951502400464,0.014098544437024777,0.01675348274131295,-0.01675348274131295,0.029204518584474662,0.08299118264237675,-0.08299118264237675,0.08299118264237675,renewable,风光总加,valid_2025_11,5747.464202083447,6269.694291762487,522.2300896790402,0.9167056533577436,False,40.0,73.0,52.0,75.0,-12.0,-2.0,False
2025-11-24,11,96,1,-0.5171553283409348,0.5172284960757989,0.6254990542810515,6.106226635438361e-16,0.05031348314357873,0.05031348314357873,0.05058055706396871,0.49128856169348284,-0.49128856169348284,0.49128856169348284,0.003195215111676705,-0.003195215111676705,0.011719899070838058,0.015619360935665634,-0.015619360935665634,0.03449615439493254,0.05736567374368843,-0.05736567374368843,0.07367912736386872,renewable,风光总加,valid_2025_11,8438.969487765287,10017.17946801529,1578.2099802500034,0.8424496650689742,False,46.0,71.0,50.0,66.0,-4.0,5.0,False
2025-11-25,11,96,1,-0.6781331403643936,0.6781331403643934,0.8441113985637119,4.440892098500626e-16,0.006166149492942803,0.006166149492942803,0.04296960779053557,0.6507404217432998,-0.6507404217432998,0.6507404217432998,-0.046906391336415436,0.046906391336415436,0.05460625810872687,0.02745045071061353,-0.02745045071061353,0.03514201890596754,0.05301480873983843,-0.05301480873983843,0.06082000023272378,renewable,风光总加,valid_2025_11,956.4223532343552,1565.2300239538,608.8076707194448,0.6110426829268293,False,55.0,73.0,50.0,76.0,5.0,-3.0,False
2025-11-26,11,96,1,-0.5550909579863865,0.5587652405953055,0.6858183800933519,4.440892098500626e-16,-0.02922779258639925,-0.02922779258639925,0.06278136451355722,0.5019438249305213,-0.5019438249305213,0.5019438249305213,-0.04241835874495158,0.04241835874495158,0.04547967164216579,0.01002056089641788,-0.01002056089641788,0.029791993548308453,0.05631713831799976,-0.05631713831799976,0.07471512726309705,renewable,风光总加,valid_2025_11,7374.921663574922,7918.575043866372,543.65338029145,0.931344544027204,False,48.0,81.0,51.0,80.0,-3.0,1.0,False
2025-11-27,11,96,1,-0.6846774522106415,0.6846774522106415,0.8196148786825658,2.7755575615628914e-16,-0.048160966694396255,-0.048160966694396255,0.06127827015197503,0.5767950605438564,-0.5767950605438564,0.5767950605438564,-0.026707370123742927,0.026707370123742927,0.03576114680462219,0.011152191667960899,-0.011152191667960899,0.027039992574976964,0.07527660342817076,-0.07527660342817076,0.0756083419640775,renewable,风光总加,valid_2025_11,2305.8351528690946,3235.7981197025892,929.9629668334946,0.7126016727771107,False,49.0,73.0,13.0,68.0,36.0,5.0,False
2025-11-28,11,96,1,-0.7020023168127625,0.7020023168127625,0.8609345352424249,4.440892098500626e-16,-0.0056735675878033425,-0.0056735675878033425,0.028021138588313444,0.5891594946001958,-0.5891594946001958,0.5891594946001958,-0.0483899153743454,0.0483899153743454,0.05483890316186307,0.026336848889713892,-0.026336848889713892,0.03975291572793028,0.1292223211093948,-0.1292223211093948,0.1292223211093948,renewable,风光总加,valid_2025_11,3706.849641504913,6405.093051558166,2698.243410053253,0.5787347055954399,False,55.0,73.0,43.0,84.0,12.0,-11.0,False
2025-11-29,11,96,1,-0.49242040431250106,0.5165076813890744,0.6656580024379516,3.3306690738754696e-16,0.06803854223641989,0.06803854223641989,0.06837516056934032,0.5038721556154027,-0.5038721556154027,0.5038721556154027,-0.04075543642100035,0.04075543642100035,0.046832770686259795,0.016151770166132354,-0.016151770166132354,0.02954172862930844,0.08119045718838623,-0.08119045718838623,0.08529316844290231,renewable,风光总加,valid_2025_11,4978.936260322131,5801.283300285127,822.347039962996,0.8582473915861722,False,49.0,73.0,35.0,67.0,14.0,6.0,False
2025-11-30,11,96,1,-0.5949549621472319,0.6020678068710011,0.7251924918531487,5.273559366969494e-16,0.03709244747403225,0.03709244747403225,0.03709244747403225,0.5366348132568192,-0.5366348132568192,0.5366348132568192,0.0024296348619285914,-0.0024296348619285914,0.012057518200451417,0.019093593782279296,-0.019093593782279296,0.029473579488079816,0.07388936772023699,-0.07388936772023699,0.07809591345791563,renewable,风光总加,valid_2025_11,9130.508473063835,10816.630246835208,1686.1217737713723,0.8441176470588234,False,49.0,79.0,53.0,88.0,-4.0,-9.0,False
2025-12-01,12,96,1,-0.26915183000249476,0.28296676911098284,0.36202799145343073,9.575673587391975e-16,-0.01582544469846992,-0.01582544469846992,0.020685956286836463,0.2912829805444305,-0.2912829805444305,0.2912829805444305,0.001405155082296949,-0.001405155082296949,0.010387634130161793,-0.004880089217104201,0.004880089217104201,0.035079312053324575,-0.034481661105598485,0.034481661105598485,0.04825631997346761,renewable,风光总加,valid_2025_12,3043.048950065821,7602.923503730859,4559.874553665039,0.4002472139266632,False,53.0,71.0,28.0,37.0,25.0,34.0,False
2025-12-02,12,96,1,-0.4528419413278102,0.452896145061106,0.5902852904276078,8.326672684688674e-16,0.024752478148529503,0.024752478148529503,0.04441046282493714,0.42210851951521233,-0.42210851951521233,0.42210851951521233,-0.010567923636595714,0.010567923636595714,0.020818945365630254,0.01527778244979266,-0.01527778244979266,0.036583063872588216,0.050776041147930356,-0.050776041147930356,0.053271867388213795,renewable,风光总加,valid_2025_12,6566.330832196431,7113.525068212801,547.1942360163694,0.923076923076923,False,49.0,71.0,41.0,74.0,8.0,-3.0,False
2025-12-03,12,96,1,-0.6292901562915661,0.629290156291566,0.7266570458577379,4.440892098500626e-16,-0.03385870534222055,-0.03385870534222055,0.039171840018862994,0.4190157070899696,-0.4190157070899696,0.4190157070899696,-0.03789182104860874,0.03789182104860874,0.04212491346644868,0.05277228721130919,-0.05277228721130919,0.056808785172214354,0.1615352776966755,-0.1615352776966755,0.1615352776966755,renewable,风光总加,valid_2025_12,8386.06980313459,9007.214795059102,621.1449919245133,0.9310391718131068,False,48.0,71.0,55.0,74.0,-7.0,-3.0,False
2025-12-04,12,96,1,-0.16768955642592473,0.181916531568485,0.23893131948753982,8.187894806610529e-16,0.01726542312262946,0.01726542312262946,0.029543226171805156,0.15543496893799083,-0.15543496893799083,0.1605073280015027,-0.004970292411003931,0.004970292411003931,0.011606947841158894,0.004261633386301714,-0.004261633386301714,0.043249925830664754,0.0302286696352656,-0.0302286696352656,0.05118281021546527,renewable,风光总加,valid_2025_12,11492.100173493527,11898.293271518723,406.1930980251982,0.965861229946524,False,50.0,66.0,47.0,67.0,3.0,-1.0,False
2025-12-05,12,96,1,-0.7297687782105244,0.7297687782105244,0.8968942715194274,2.7755575615628914e-16,-0.009865956070074006,-0.009865956070074006,0.022708003911670997,0.6448944395310697,-0.6448944395310697,0.6448944395310697,-0.046885688724534,0.046885688724534,0.05336116475153019,0.025225321713053597,-0.025225321713053597,0.05626740529693805,0.0966687496208612,-0.0966687496208612,0.096766053357721,renewable,风光总加,valid_2025_12,3476.7926416020773,4598.152699291484,1121.3600576894069,0.7561281386191907,False,35.0,73.0,58.0,85.0,-23.0,-12.0,False
2025-12-06,12,96,1,-0.8171690254717334,0.8171690254717334,0.9629090236109195,4.440892098500626e-16,-0.0008287619329388393,-0.0008287619329388393,0.03747369987844018,0.6667190029459583,-0.6667190029459583,0.6667190029459583,-0.018448087220426446,0.018448087220426446,0.02717703597613992,0.03302913254480785,-0.03302913254480785,0.06856775914458871,0.13504021526845483,-0.13504021526845483,0.13538589190720904,renewable,风光总加,valid_2025_12,437.4531594385513,1382.2635419667454,944.810382528194,0.3164759440997219,False,48.0,71.0,35.0,88.0,13.0,-17.0,False
2025-12-07,12,96,1,-0.3117138286406799,0.36230239207819204,0.5011546200333639,7.216449660063518e-16,-0.0060033921913483735,-0.0060033921913483735,0.026211741998012687,0.267299274967947,-0.267299274967947,0.26732006524085256,-0.001418494168145718,0.001418494168145718,0.012680963404547782,0.010446666524873782,-0.010446666524873782,0.05271282381656155,0.029382989124656523,-0.029382989124656523,0.07784708764072952,renewable,风光总加,valid_2025_12,10275.798734493446,15016.027872077111,4740.229137583665,0.684322033898305,False,49.0,71.0,17.0,83.0,32.0,-12.0,False
2025-12-08,12,96,1,-0.4687681304583396,0.4692325001238579,0.6911082328774654,7.216449660063518e-16,0.021629627212328206,0.021629627212328206,0.033857025172590094,0.38162874779497336,-0.38162874779497336,0.38166330084867806,0.0013779363342834572,-0.0013779363342834572,0.010186028384677024,0.029516496864510095,-0.029516496864510095,0.03919386485119273,0.07787457667690094,-0.07787457667690094,0.07954656461177133,renewable,风光总加,valid_2025_12,6468.201726324774,7915.851798133639,1447.6500718088646,0.8171201143318292,False,49.0,71.0,35.0,87.0,14.0,-16.0,False
2025-12-09,12,96,1,-0.3481478760772169,0.3656200331152468,0.4267000932666331,6.661338147750939e-16,0.03728866206652888,0.03728866206652888,0.039539797167934244,0.24448846659014775,-0.24448846659014775,0.24785624242795826,-0.00857881464160364,0.00857881464160364,0.014266071959352566,0.03000290597252889,-0.03000290597252889,0.04786568053438512,0.1195239802226728,-0.1195239802226728,0.1195239802226728,renewable,风光总加,valid_2025_12,9957.662550763,10593.934918223891,636.2723674608933,0.93993993993994,False,51.0,71.0,41.0,65.0,10.0,6.0,False
2025-12-10,12,96,1,-0.22917052078110167,0.23781481820778116,0.3481790744834137,8.604228440844963e-16,0.028258626913036572,0.028258626913036572,0.04430570790102049,0.142384507011363,-0.142384507011363,0.14786603851548982,0.0512354214401548,-0.0512354214401548,0.0621751958363132,0.018285746308697035,-0.018285746308697035,0.03225748176913402,0.04552347293392342,-0.04552347293392342,0.06109423313675661,renewable,风光总加,valid_2025_12,3242.294460574364,7441.205337455161,4198.910876880796,0.4357216759298845,False,49.0,88.0,55.0,67.0,-6.0,21.0,False
2025-12-11,12,96,1,-0.28410541276446166,0.28450004808523044,0.35778171044372326,9.992007221626409e-16,0.04522278831583879,0.04522278831583879,0.04647721757211256,0.25942472168966496,-0.25942472168966496,0.25942472168966496,0.03364932698592358,-0.03364932698592358,0.040927865655597896,0.00934794516283177,-0.00934794516283177,0.029767353495423463,0.026906207241880132,-0.026906207241880132,0.0442910977303208,renewable,风光总加,valid_2025_12,4474.903560352471,25769.030882166226,21294.12732181375,0.1736543209876543,False,53.0,66.0,6.0,85.0,47.0,-19.0,True
2025-12-12,12,96,1,-0.6680855579572668,0.6680855579572668,0.7133673053422939,8.881784197001252e-16,-0.010439405270036112,-0.010439405270036112,0.053781937667680725,0.5446613123103778,-0.5446613123103778,0.5446613123103778,-0.004216312636791355,0.004216312636791355,0.01100830340182523,0.008336227367306288,-0.008336227367306288,0.04213393524685572,0.10886492564633787,-0.10886492564633787,0.10886492564633787,renewable,风光总加,valid_2025_12,-12550.122498364042,9467.732827818112,22017.85532618215,-1.325567876344086,True,53.0,73.0,34.0,51.0,19.0,22.0,True
2025-12-13,12,96,1,-0.6224829417286631,0.6224829417286631,0.7839198676400423,4.440892098500626e-16,-0.04319679594491538,-0.04319679594491538,0.05128410983401139,0.4174819386750035,-0.4174819386750035,0.4174819386750035,-0.03897007356150053,0.03897007356150053,0.04279057475878176,0.03823773875517949,-0.03823773875517949,0.0429916983686334,0.16253654191506536,-0.16253654191506536,0.16253654191506536,renewable,风光总加,valid_2025_12,3713.209183817685,4825.562806145682,1112.353622327997,0.7694872770257307,False,48.0,68.0,46.0,66.0,2.0,2.0,False
2025-12-14,12,96,1,-0.5678425469560965,0.5699310270271024,0.8052816498268464,4.440892098500626e-16,0.007345920776941216,0.007345920776941216,0.02390289672234364,0.469217634275171,-0.469217634275171,0.469217634275171,-0.0012408344924377307,0.0012408344924377307,0.011529389749999702,0.011750551208965945,-0.011750551208965945,0.04847694085611798,0.09546111674133849,-0.09546111674133849,0.11890703654453777,renewable,风光总加,valid_2025_12,2664.708674926226,3981.9356368529566,1317.2269619267304,0.6691993336768812,False,55.0,68.0,56.0,65.0,-1.0,3.0,False
2025-12-15,12,96,1,-0.20453269594713772,0.28914406616416916,0.41235873311940185,7.216449660063518e-16,0.05228877822217434,0.05228877822217434,0.053489880355394315,0.19907668110613796,-0.19907668110613796,0.19907668110613796,0.013046911655147807,-0.013046911655147807,0.02415349037018436,0.007203895307569628,-0.007203895307569628,0.050988224657001625,0.0374939861004567,-0.0374939861004567,0.11784178708356868,renewable,风光总加,valid_2025_12,11961.920508264817,11961.920508264817,0.0,1.0,False,46.0,78.0,40.0,82.0,6.0,-4.0,False
2025-12-16,12,96,1,-0.027831710420106858,0.22710358340679238,0.2886568772389216,7.771561172376096e-16,0.021188473108051668,0.021188473108051668,0.02528019751420156,-0.09082061971353822,0.09082061971353822,0.178772094105075,0.0417268082301387,-0.0417268082301387,0.045579890108080195,0.026033381034111038,-0.026033381034111038,0.04123438703687695,0.07208061397744699,-0.07208061397744699,0.09176014865563664,renewable,风光总加,valid_2025_12,9480.45827516733,9575.899130286462,95.4408551191318,0.9900332225913624,False,52.0,66.0,48.0,87.0,4.0,-21.0,False
2025-12-17,12,96,1,-0.5166544551639233,0.5858228603412314,0.7720808585706039,6.661338147750939e-16,0.015635658581081176,0.015635658581081176,0.020410992874268705,0.3571316189048473,-0.3571316189048473,0.40093692845940404,0.0030150278764376703,-0.0030150278764376703,0.01772926682200263,0.035267374170570735,-0.035267374170570735,0.05019803357470992,0.13687609279314877,-0.13687609279314877,0.14768396656823055,renewable,风光总加,valid_2025_12,6396.239321564947,7365.352127168311,969.112805603364,0.8684227462759544,False,48.0,71.0,34.0,66.0,14.0,5.0,False
2025-12-18,12,96,1,-0.8146681733327293,0.8146681733327293,0.9617082312525749,4.440892098500626e-16,-0.02890045171187316,-0.02890045171187316,0.0467682521724501,0.5944689548189073,-0.5944689548189073,0.5944689548189073,-0.004106225000569342,0.004106225000569342,0.017789877115150222,0.03544244784606488,-0.03544244784606488,0.04583970277363241,0.15996254395645335,-0.15996254395645335,0.160093129662167,renewable,风光总加,valid_2025_12,373.625496896712,4304.280762294157,3930.6552653974454,0.0868032355532429,False,48.0,73.0,0.0,11.0,48.0,62.0,False
2025-12-19,12,96,1,-0.2809050037371011,0.40340303030739905,0.4721436186584283,4.440892098500626e-16,-0.009739285890107844,-0.009739285890107844,0.024854091885745732,0.1939587748354699,-0.1939587748354699,0.27830777560707665,-0.004615593991842681,0.004615593991842681,0.011852625166559222,0.010253899932662314,-0.010253899932662314,0.040332457369074155,0.07156863707070377,-0.07156863707070377,0.11916464307431439,renewable,风光总加,valid_2025_12,8844.185907706433,8844.185907706433,0.0,1.0,False,16.0,71.0,6.0,70.0,10.0,1.0,False
2025-12-20,12,96,1,-0.5145741421783386,0.5246956301339498,0.7312666843254878,6.106226635438361e-16,-0.03258031540599934,-0.03258031540599934,0.04238870740351663,0.35096887358167767,-0.35096887358167767,0.3566980766995053,0.00018070589629888326,-0.00018070589629888326,0.012760398902641898,-3.591179957982627e-05,3.591179957982627e-05,0.035289581630034234,0.13088015909394254,-0.13088015909394254,0.13912802414885725,renewable,风光总加,valid_2025_12,8969.184795655961,9255.507361013366,286.3225653574045,0.9690646277735708,False,48.0,68.0,39.0,69.0,9.0,-1.0,False
2025-12-21,12,96,1,-0.7481534280697731,0.7481534280697731,0.8791467626821999,5.551115123125783e-16,-0.05466315011343143,-0.05466315011343143,0.05811275751733078,0.47344675272658066,-0.47344675272658066,0.47344675272658066,-0.002312826547184697,0.002312826547184697,0.015509565502857628,0.026428739558329483,-0.026428739558329483,0.05222054141992147,0.1959276122186162,-0.1959276122186162,0.19635384933860842,renewable,风光总加,valid_2025_12,5987.322977807016,7005.358765744448,1018.0357879374316,0.8546775658492279,False,48.0,68.0,40.0,72.0,8.0,-4.0,False
2025-12-22,12,96,1,-0.6626496028806376,0.6626496028806376,0.7570213856729842,4.440892098500626e-16,-0.03873755269481526,-0.03873755269481526,0.04820786534234214,0.4230984462411392,-0.4230984462411392,0.4230984462411392,-0.005326663694710316,0.005326663694710316,0.013435352263539957,0.039759577965769344,-0.039759577965769344,0.04489790194999021,0.16638068967362402,-0.16638068967362402,0.16638068967362402,renewable,风光总加,valid_2025_12,3240.2615703603274,4748.357517077977,1508.0959467176494,0.6823962936039207,False,49.0,73.0,17.0,31.0,32.0,42.0,False
2025-12-23,12,96,1,-0.34623681461410255,0.3616588871097252,0.4709140259208056,6.522560269672795e-16,-0.01317618244549854,-0.01317618244549854,0.03904655780511336,0.23767716848453424,-0.23767716848453424,0.24590120435103777,-0.009532902618804268,0.009532902618804268,0.016748559113787195,0.01483641649804094,-0.01483641649804094,0.05189004474852421,0.09007994980483304,-0.09007994980483304,0.11258453630985253,renewable,风光总加,valid_2025_12,9490.508197211371,10434.86682635867,944.3586291472966,0.9094996951219512,False,0.0,69.0,42.0,67.0,-42.0,2.0,False
2025-12-24,12,96,1,-0.459628650516136,0.461660603836705,0.6848245490883266,9.159339953157541e-16,0.018174614045270068,0.018174614045270068,0.02313096835342648,0.3998984448311567,-0.3998984448311567,0.3998984448311567,-0.003115231732181333,0.003115231732181333,0.016010080730686965,0.008760039198962346,-0.008760039198962346,0.04842012190226696,0.07226001226346825,-0.07226001226346825,0.12144575094091013,renewable,风光总加,valid_2025_12,8277.903500666236,9825.502417317695,1547.5989166514591,0.8424916252706043,False,48.0,73.0,46.0,85.0,2.0,-12.0,False
2025-12-25,12,96,1,-0.5166642731986336,0.5264329693623597,0.6886185753152986,9.159339953157541e-16,-0.022302571674755134,-0.022302571674755134,0.03698243288866379,0.346207382425228,-0.346207382425228,0.35255306169572836,-0.00389120711838227,0.00389120711838227,0.012254638623531376,0.03341482644110848,-0.03341482644110848,0.05305383250577724,0.1186306997759242,-0.1186306997759242,0.13433328754898052,renewable,风光总加,valid_2025_12,11001.750510786116,11095.330269230428,93.57975844431166,0.9915658429110644,False,48.0,69.0,51.0,70.0,-3.0,-1.0,False
2025-12-26,12,96,1,-0.2819760753510941,0.37605260082539527,0.5165218661427249,5.551115123125783e-16,0.004947734307443631,0.004947734307443631,0.04795028803290694,0.15628725324575615,-0.15628725324575615,0.1863509667487371,-0.0057941599367583975,0.0057941599367583975,0.014968441305568557,0.02564919929047782,-0.02564919929047782,0.04094368116538025,0.11078151705906214,-0.11078151705906214,0.14455245910588976,renewable,风光总加,valid_2025_12,3082.609184512705,7346.620268670262,4264.011084157557,0.4195955516659168,False,49.0,88.0,37.0,66.0,12.0,22.0,False
2025-12-27,12,96,1,-0.5607710197950659,0.5607710197950659,0.6881372106835576,1.0269562977782698e-15,0.010941556836983751,0.010941556836983751,0.05045081874815568,0.4202656144984118,-0.4202656144984118,0.4215585707748206,-5.6176106340224616e-05,5.6176106340224616e-05,0.012301237762977977,0.021609961922566468,-0.021609961922566468,0.037731306408216786,0.1298931763174116,-0.1298931763174116,0.13252164829747734,renewable,风光总加,valid_2025_12,1958.4749793011688,7411.580496026181,5453.105516725012,0.2642452551586307,False,49.0,68.0,52.0,77.0,-3.0,-9.0,False
2025-12-28,12,96,1,-0.7166819661791958,0.716681966179196,0.8513120573082645,5.828670879282072e-16,-0.004061116098534097,-0.004061116098534097,0.05609728446931119,0.4899754945171059,-0.4899754945171059,0.518835914361262,0.0033685720921136585,-0.0033685720921136585,0.01689173148155863,0.02649040178376744,-0.02649040178376744,0.04335327087310887,0.19278638168767478,-0.19278638168767478,0.1938795584899363,renewable,风光总加,valid_2025_12,11889.18821394036,11889.18821394036,0.0,1.0,False,48.0,71.0,48.0,71.0,0.0,0.0,False
2025-12-29,12,96,1,-0.37041970064773455,0.448617702673414,0.5964831037597975,8.881784197001252e-16,0.0393774781714609,0.0393774781714609,0.041912781092974825,0.32137696632110113,-0.32137696632110113,0.32137696632110113,0.0005202243481032078,-0.0005202243481032078,0.009031569221415752,0.013014462466023802,-0.013014462466023802,0.030172296291620892,0.0748855256839673,-0.0748855256839673,0.1615879181417064,renewable,风光总加,valid_2025_12,11056.1072591383,12388.222994463616,1332.1157353253166,0.8924691833590138,False,49.0,88.0,52.0,66.0,-3.0,22.0,False
2025-12-30,12,96,1,-0.1538209687706274,0.2247139584973248,0.2958619077073486,9.159339953157541e-16,0.032381836237044284,0.032381836237044284,0.03868144963932853,0.07433933175744548,-0.07433933175744548,0.09917656350620374,0.03716372319179064,-0.03716372319179064,0.04275414429814214,0.016536770079324737,-0.016536770079324737,0.03602787738600072,0.058162979979110886,-0.058162979979110886,0.17850426776089398,non_market,非市场化机组,valid_2025_12,7380.759462546374,31559.109426060364,24178.34996351399,0.2338709677419354,False,51.0,68.0,50.0,82.0,1.0,-14.0,True
2025-12-31,12,96,1,-0.16516553986127638,0.19114074319566132,0.25995585871396737,9.159339953157541e-16,0.04381677853855592,0.04381677853855592,0.04381677853855592,0.12291706087613513,-0.12291706087613513,0.12475819075719559,0.027856014439065744,-0.027856014439065744,0.03571546810592968,0.017354691265604433,-0.017354691265604433,0.039216956225983556,0.04085455181902694,-0.04085455181902694,0.08107825107741276,renewable,风光总加,valid_2025_12,2735.9711800818445,22576.101613221315,19840.13043313947,0.1211888228957814,False,55.0,66.0,0.0,10.0,55.0,56.0,True
