date,month,bid_point_spearman,bid_price_spearman_fct,bid_price_spearman_act,window_spearman_fct_price,window_spearman_act_price,bid_error_mae_day,bid_window_error_mae_day,oracle_charge_start,oracle_discharge_start,price_window_charge_start,price_window_discharge_start,bid_fct_charge_start,bid_fct_discharge_start,bid_act_charge_start,bid_act_discharge_start,fct_charge_gap,fct_discharge_gap,act_charge_gap,act_discharge_gap,profit_by_bid_fct_pair,profit_by_bid_act_pair,window_oracle_profit,oracle_profit,regret_bid_fct_pair,regret_bid_act_pair,bid_fct_spread,bid_act_spread,price_window_spread
2025-01-02,1,0.920496473141617,0.9041161038515798,0.9716539452975158,0.9296580675233794,0.9849674643133133,0.16605990146065672,0.15550879634668544,46,70,46,70,51,70,55,72,5,0,9,2,9957.662550762998,9957.662550762998,9957.662550762998,9957.662550762998,0.0,0.0,1.156441851086237,0.9691320699700832,1.2447078188453755
2025-01-03,1,0.8888768312533911,0.8121666320134778,0.856269459273988,0.8256648396226799,0.9173334291930972,0.143560362769614,0.1391403684298249,46,67,46,67,50,70,41,69,4,3,-5,2,9179.953198739224,8798.189778262687,9307.207672231401,9307.207672231401,127.25447349217757,509.0178939687139,1.0495274854995014,0.7627107830023672,1.163400959028925
2025-01-04,1,0.7860282148670644,0.8721348953106832,0.6665352782445527,0.9093155319994122,0.8062670655591119,0.23510709335675506,0.23929561597144308,41,88,41,88,51,85,37,72,10,-3,-4,-16,3362.9953286816963,2138.1519331484515,3539.1982354026422,3539.1982354026422,176.20290672094598,1401.0463022541908,1.1408676428831201,0.6518607880732317,0.44239977942533004
2025-01-05,1,0.9415219750406945,0.9117534971324788,0.9417347655133472,0.9347832105327907,0.9588539656642158,0.19731606057071807,0.200598060670908,43,88,43,88,49,88,41,88,6,0,-2,0,9216.494320802502,9210.131597127893,9216.494320802502,9216.494320802502,0.0,6.362723674608787,1.40124113444785,0.8700067370274365,1.1520617901003103
2025-01-07,1,0.9311584373304395,0.7265371114904038,0.7058529512492979,0.7415994194988091,0.6980191357130118,0.26977009590107787,0.2853447931345169,42,88,42,88,50,88,40,88,8,0,-2,0,9194.135709809927,9187.772986135318,9194.135709809927,9194.135709809927,0.0,6.362723674608787,1.7226151275992176,0.7385244051379338,1.14926696372624
2025-01-08,1,0.9183125339120999,0.853352752468706,0.9286793626250653,0.8500112863837654,0.9274638155886439,0.2429817416011467,0.2493985962881199,53,82,53,82,50,88,54,81,-3,6,1,-1,27152.923281393672,33378.848396998525,34969.52931565076,34969.52931565076,7816.606034257089,1590.6809186522369,1.297699965072253,1.2479773172317703,4.3711911644563415
2025-01-09,1,0.6057786218122626,0.627514740100082,0.8207131500298693,0.5665840310647802,0.8808517852485029,0.14671836577651856,0.12157420134555326,52,67,52,67,49,71,51,84,-3,4,-1,17,23848.46182915654,23332.763075329487,26363.7101249662,26363.7101249662,2515.2482958096625,3030.947049636714,1.1055507694542257,1.2320219588954373,3.2954637656207737
2025-01-10,1,0.9410472056429734,0.755961409296137,0.8130548932456327,0.8187864602769431,0.8748595593453605,0.19150056247965278,0.18573890344217264,51,68,51,68,50,71,51,68,-1,3,0,0,4837.903308712586,5521.396629924591,5521.396629924591,5521.396629924591,683.493321212005,0.0,1.131199946829442,0.6801546108874845,0.6901745787405797
2025-01-11,1,0.8575149213239284,0.7555874071070948,0.7556422815953783,0.7962061937084519,0.8536189714212717,0.13485446886326452,0.12941009028451064,55,70,55,70,51,88,55,88,-4,18,0,18,9180.172712705997,9189.716798217909,9253.344034963999,9253.344034963999,73.17132225800196,63.62723674608969,1.1917081441041804,0.9207165356614144,1.1566680043704993
2025-01-13,1,0.6547883884970157,0.36050286818936306,0.6652115205423927,0.43163109897610824,0.7401360325722652,0.2310123884757825,0.22760745544445973,4,66,4,66,49,72,51,68,45,6,47,2,4075.753997435067,4420.047338191831,7415.550835599139,7415.550835599139,3339.7968381640717,2995.503497407308,1.2236279775233587,0.5563063269512929,0.9269438544498912
2025-01-14,1,0.9327590884427563,0.8590964899134169,0.841297187637602,0.9436071926811919,0.9366363038355067,0.23138966691375998,0.22547329954754727,42,67,42,67,51,71,43,71,9,4,1,4,8404.703039415683,8404.703039415683,8519.887426097128,8519.887426097128,115.18438668144518,115.18438668144518,1.564705626744738,0.8295571353096909,1.0649859282621428
2025-01-15,1,0.9579761258817147,0.6929482779855739,0.656330642690893,0.6181945312200285,0.5820340866266726,0.27395941624750164,0.2867430908757401,49,73,49,73,50,71,41,71,1,-2,-8,-2,1890.508365008996,1889.8116467666264,2162.4416307762704,2162.4416307762704,271.9332657672744,272.629984009644,1.6898522581103244,0.6499836149010552,0.2703052038470338
2025-01-16,1,0.9480466630493759,0.8195744518074454,0.8316682447469025,0.8527393781691874,0.8723525626330829,0.14086946153014848,0.1433340816770119,0,29,0,29,49,70,51,69,49,41,51,40,3849.447823138412,4453.906572226262,8575.955747117783,8575.955747117783,4726.507923979371,4122.049174891521,1.4659851124118388,0.7731718989860594,1.0719944683897242
2025-01-17,1,0.9480873575691806,0.7779351022186549,0.8593681546219183,0.8295101667568437,0.8882710767282815,0.16254272932235664,0.16569852266406268,41,66,41,66,47,70,44,68,6,4,3,2,9225.949328182971,9416.831038421238,9703.15360377864,9703.15360377864,477.20427559566997,286.3225653574027,1.4626069195223188,0.9611288814438748,1.2128942004723298
2025-01-18,1,0.9492946283233857,0.9013820107769863,0.8849900087723406,0.8582844141516,0.8466312926297874,0.2206366178042288,0.22006700878093166,43,71,43,71,49,88,42,88,6,17,-1,17,8971.440381198616,8971.297219915938,9703.153603778643,9703.153603778643,731.7132225800269,731.8563838627051,2.05294229179602,1.1694360200251621,1.2128942004723304
2025-01-19,1,0.9431904503526858,0.8280561334272681,0.8734907339278469,0.8611544993034214,0.920398878110473,0.20470122426615855,0.20190084335414693,0,21,0,21,50,71,53,70,50,50,53,49,7822.968757931697,10104.005195279005,12765.45615568383,12765.45615568383,4942.487397752134,2661.4509604048253,1.5271563776736103,1.1448839203677803,1.5956820194604777
2025-01-20,1,0.9557107976125883,0.883611498948625,0.9239169444146026,0.8970157969190923,0.937998332853621,0.1816056855766787,0.1791670943517927,43,87,43,87,46,88,42,88,3,1,-1,1,38176.34204765367,38175.90620108196,38176.34204765367,38176.34204765367,0.0,0.43584657170868013,2.378385772673731,1.9680593331158551,4.772042755956706
2025-01-21,1,0.6465952251763429,0.5611633236184717,0.8316273974469801,0.48782875749810606,0.718841915027573,0.18578222932882568,0.18362421026254327,52,88,52,88,50,80,44,88,-2,-8,-8,0,2818.171207234119,28983.867008722817,29051.105091154248,29051.105091154248,26232.93388392013,67.2380824314314,1.4710655070692393,1.122566212556178,3.631388136394275
2025-01-22,1,0.716833966359197,0.5888340832230534,0.8184593112067652,0.60779346241256,0.91858492847626,0.2658058014037705,0.2714617433801365,50,68,50,68,48,72,43,71,-2,4,-7,3,16549.18976871088,19516.96451634424,29899.55838635416,29899.55838635416,13350.368617643282,10382.593870009921,1.8813462752335042,1.22996718448824,3.7374447982942662
2025-01-23,1,0.8933396635919697,0.651547773104682,0.6521489390709543,0.7448476667160245,0.7092814417561449,0.3134168485781165,0.3278153636226923,51,72,51,72,49,85,52,81,-2,13,1,9,11699.241824082259,15020.8285470896,29116.63478227904,29116.63478227904,17417.392958196782,14095.80623518944,1.7302745972495401,1.2812551075768095,3.6395793477848706
2025-01-24,1,0.9366521975040695,0.8042933221162419,0.8730994000997818,0.8635878054986224,0.9140140537098516,0.2524956509980414,0.256680389742677,0,19,0,19,47,71,45,70,47,52,45,51,15729.260563744232,15916.350090672435,27741.242981880874,27741.242981880874,12011.982418136642,11824.89289120844,1.185018117720455,0.4363450204890693,3.467655372735111
2025-01-25,1,0.8668746608790017,0.7307558263877223,0.8563394758312592,0.7323699134168177,0.8846738418922423,0.2671952651627359,0.2691403799788855,18,30,18,30,52,72,55,88,34,42,37,58,4.4761761050869,5.3383251629965995,619.0134794935193,619.0134794935193,614.5373033884324,613.6751543305227,0.7809786391570404,0.26274910532049844,0.07737668493669103
2025-01-26,1,0.9401383613673359,0.8636559288339324,0.8309175052999469,0.895455508383812,0.8663607259014021,0.4161216149014984,0.42825518642760635,35,83,35,83,48,88,41,88,13,5,6,5,6493.503097016857,6493.503097016857,6787.01235876473,6787.01235876473,293.5092617478731,293.5092617478731,2.305914124782592,1.1209015297066585,0.8483765448455916
2025-01-27,1,0.8602821486706457,0.8079504406595489,0.8862656634444647,0.8998977143692736,0.9375994202338409,0.526660749228653,0.5402951502115666,45,73,45,73,50,88,48,74,5,15,3,1,7921.590974888136,8780.558670960345,8812.37228933339,8812.37228933339,890.7813144452548,31.813618373045756,2.13142994045582,0.9404441231910328,1.1015465361666736
2025-01-28,1,0.635607704829083,0.927040834986274,0.6521702412146706,0.9510447493781715,0.6687340456407369,0.3993928014334118,0.41375187287484033,39,73,39,73,50,73,47,88,11,0,8,15,7826.150119769001,4326.652098734082,7826.150119769001,7826.150119769001,0.0,3499.4980210349195,1.9695072302525323,0.5892910664924322,0.9782687649711248
2025-01-29,1,0.8934481823114486,0.9560060812405496,0.8736254552240598,0.9849647931506148,0.8921383890511,0.16299711293620178,0.1557686078631243,47,73,47,73,50,73,50,88,3,0,3,15,9353.203801675148,9003.25399957166,9353.203801675148,9353.203801675148,0.0,349.94980210348876,1.5280561304259805,0.9854316731484367,1.1691504752093937
2025-01-30,1,0.8910200759631036,0.8040701750878669,0.8628730568984717,0.8604012590690973,0.8774792152588093,0.24382340431481334,0.23820966430899088,46,66,46,66,50,74,49,88,4,8,3,22,10307.61235286649,10721.18939171607,10975.698338700431,10975.698338700431,668.0859858339409,254.5089469843606,1.8792693225871773,1.3710005356082124,1.371962292337554
2025-01-31,1,0.9568773738469887,0.9195060968559697,0.9662631856765703,0.9437832236253535,0.9731133563722287,0.18046403222803575,0.17224043639032544,49,69,49,69,51,72,54,72,2,3,5,3,9248.2188610441,9241.856137369494,9254.581584718711,9254.581584718711,6.362723674610606,12.725447349217575,1.5945947925383663,0.9988405663928397,1.1568226980898384
2025-02-01,2,0.7603499728703201,0.8835627081868087,0.8164520585940301,0.9324039708753927,0.828346475869364,0.3424380898762492,0.356871608837831,45,71,45,71,50,73,46,88,5,2,1,17,8907.813144452526,8780.558670960345,8907.813144452526,8907.813144452526,0.0,127.2544734921812,1.9551770196438083,0.8439695719591125,1.1134766430565648
2025-02-02,2,0.9177428106348344,0.9159638045653394,0.9333040382102011,0.9203048652262042,0.9497242923145551,0.41298653525242157,0.4266303588104812,41,73,41,73,51,79,51,79,10,6,10,6,3906.235131934296,3906.235131934296,6232.27829519395,6232.27829519395,2326.0431632596537,2326.0431632596537,1.9245202939222983,0.387643185275369,0.7790347868992429
2025-02-03,2,0.9685702658708628,0.9375260158938479,0.9329504658028464,0.9237678799267672,0.9295151877260285,0.39574451762325297,0.40965328562828296,38,84,38,84,50,85,54,88,12,1,16,4,9098.694854690792,9003.253999571658,9130.508473063837,9130.508473063837,31.813618373045756,127.25447349217939,2.3599517112171764,1.1419891780267095,1.1413135591329806
2025-02-04,2,0.9722327726532827,0.9035255720824441,0.9120526870518614,0.9440992022627901,0.9370992650702784,0.5531895611511899,0.5802715774197956,34,76,34,76,51,88,54,88,17,12,20,12,2779.3872250755403,2779.3872250755403,4025.2785105243925,4025.2785105243925,1245.8912854488522,1245.8912854488522,1.881755126250364,0.4568263175047438,0.5031598138155475
2025-02-05,2,0.9139310906131308,0.4908929834109246,0.5827834151548322,0.533017268201283,0.6191582411481482,0.8587666067420336,0.902232708351953,34,81,34,81,51,88,45,88,17,7,11,7,278.6682087768475,278.6682087768475,745.6062297235371,745.6062297235371,466.9380209466896,466.9380209466896,2.3254272934470244,0.5129935408611948,0.09320077871544215
2025-02-06,2,0.9241318502441671,0.8933649808380681,0.930848681926066,0.9417832800142095,0.959635089776608,0.789155381900989,0.8233244197449713,44,85,44,85,50,88,43,88,6,3,-1,3,8335.168013737719,8335.142562843019,8366.981632110763,8366.981632110763,31.813618373043937,31.83906926774398,2.53444308374793,1.0166642441379032,1.0458727040138456
2025-02-07,2,0.9511394465545306,0.9518838514566794,0.9130620345411684,0.9511922349612716,0.9121644637465041,0.4863414629284646,0.48858051788108925,47,73,47,73,49,72,54,88,2,-1,7,15,37186.938516251976,18101.948854262446,37823.210883712876,37823.210883712876,636.2723674609006,19721.26202945043,2.258951133644887,1.3707748084709,4.727901360464107
2025-02-08,2,0.9000406945198046,0.8851610664802739,0.7934766943023638,0.8943406568615553,0.795250929213785,0.38771660868822183,0.38933522624408423,53,69,53,69,49,71,51,85,-4,2,-2,16,30859.209821853383,3308.616310796652,31050.091532091654,31050.091532091654,190.8817102382709,27741.475221295,1.8765689247367625,1.021652244075792,3.8812614415114446
2025-02-09,2,0.9617335865436788,0.9448137385003678,0.9523756061803706,0.9560583848170027,0.9745541464282068,0.4382817739373584,0.4521902105869999,46,71,46,71,51,76,56,73,5,5,10,2,7679.384354128635,8078.040805961258,8176.099921872494,8176.099921872494,496.7155677438586,98.0591159112355,1.8942046572459441,0.6396063028564978,1.0220124902340597
2025-02-10,2,0.9617064568638091,0.8764247743525576,0.897449924675634,0.9171937122075771,0.9406149484304204,0.4636774867661971,0.4884620149507037,0,9,0,9,51,88,44,75,51,79,44,66,131.63520874214674,2571.7492820401894,4270.542420009543,4270.542420009543,4138.907211267397,1698.7931379693537,1.534098604823948,0.6923308148096146,0.5338178025011932
2025-02-11,2,0.9539066739012478,0.8637564179095776,0.9341692351676107,0.8594938006722844,0.9354934951818427,0.610162323574252,0.616580007347374,51,75,51,75,51,88,50,88,0,13,-1,13,10243.985116120402,10243.959665225702,22046.837532519996,22046.837532519996,11802.852416399593,11802.877867294294,1.6018252491362701,1.2205680818127007,2.7558546915649993
2025-02-12,2,0.9586272381985892,0.9142807531670996,0.8999085956998248,0.9167211886925273,0.9187354308205866,0.6355512645889714,0.6487271999748417,37,72,37,72,49,73,41,72,12,1,4,0,3216.7958454483696,3393.065560767898,3393.065560767898,3393.065560767898,176.2697153195286,0.0,2.148077557900246,0.7303202975442664,0.4241331950959877
2025-02-13,2,0.9581931633206728,0.9342980736532871,0.8981300147027255,0.9305291388965067,0.8844555420912205,0.46308635195460307,0.4609396219538139,40,69,40,69,47,73,41,74,7,4,1,5,24464.672528871393,20806.10641597125,25864.471737285363,25864.471737285363,1399.7992084139696,5058.3653213141115,2.1736026949262266,1.3346823102998964,3.2330589671606695
2025-02-14,2,0.9499186109603905,0.9398785551544288,0.9126537141506676,0.9755376588467751,0.9510967158739353,0.6877665171270996,0.7179205609652973,46,73,46,73,51,73,40,74,5,0,-6,1,4056.252249372389,3540.054021736877,4056.252249372389,4056.252249372389,0.0,516.198227635512,1.935888350862347,0.5019981309350126,0.507031531171549
2025-02-15,2,0.9342783505154639,0.9352514441789227,0.9440317759839112,0.9394443531328334,0.9335466668332955,0.40385983190449504,0.40684284462878983,34,88,34,88,48,88,40,88,14,0,6,0,34517.77593475353,34517.77593475353,34517.77593475353,34517.77593475353,0.0,0.0,2.7763830398222513,1.6913992122043475,4.314721991844192
2025-02-16,2,0.8630086814975584,0.9452765504732957,0.9216926046588942,0.9439241209078929,0.9489798948763777,0.26566805671441396,0.2674786805590534,45,74,45,74,51,80,56,88,6,6,11,14,38176.34204765367,38176.34204765367,38176.34204765367,38176.34204765367,0.0,0.0,2.6873576594436033,1.70600467842905,4.772042755956704
2025-02-17,2,0.6670781334780249,0.7005192833478928,0.8909874871899024,0.6976540390705852,0.8652139475806431,0.35687972495181414,0.35559863287272997,6,25,6,25,50,88,54,81,44,63,48,56,3244.9890740505643,3563.1252577810105,19310.866352438148,19310.866352438148,16065.877278387583,15747.741094657138,2.181358416381123,0.8875587532585119,2.4138582940547706
2025-02-18,2,0.9062533912099837,0.6144597715993335,0.6765809942528463,0.5868251280334633,0.6212265720998363,0.23837672537289065,0.22679532825789747,50,75,50,75,50,88,54,88,0,13,4,13,12598.19287572571,11452.902614296101,33531.55376518914,33531.55376518914,20933.36088946343,22078.65115089304,1.8986286461541457,1.1408096112851016,4.191444220648639
2025-02-19,2,0.800732501356484,0.27902243274147576,0.5625394147224329,0.25555423146759976,0.4857249868764298,0.29400169954890804,0.29666428980698095,55,87,55,87,50,78,56,88,-5,-9,1,1,2163.3260493670427,21855.95582228173,22174.09200601217,22174.09200601217,20010.76595664513,318.136183730443,1.601394921168481,0.9294498528581663,2.7717615007515235
2025-02-20,2,0.8256646771568095,0.7614485011035683,0.872131284585169,0.7458720951139682,0.8382420014280183,0.3362541159750528,0.3493369576514546,49,73,49,73,49,75,52,88,0,2,3,15,32660.996367943633,21537.81963855128,32660.996367943633,32660.996367943633,0.0,11123.176729392355,1.937518319946287,1.0518585674549765,4.082624545992952
2025-02-21,2,0.8211611502984264,0.7168817647734284,0.7674905908780192,0.6700022872803574,0.7302049961099651,0.35386270278707616,0.3612851670691081,49,71,49,71,48,88,54,88,-1,17,5,17,34055.835833253244,33086.16310796652,34246.71754349151,34246.71754349151,190.88171023826726,1160.554435524995,2.142769770546079,1.1729509641124345,4.280839692936436
2025-02-22,2,0.9602821486706458,0.8682948925173934,0.9220169220934191,0.8939667074952939,0.9355007663752537,0.3173692942269864,0.321271133281498,48,88,48,88,51,88,57,88,3,0,9,0,31972.686464909948,31972.686464909948,31972.686464909948,31972.686464909948,0.0,0.0,2.467838237562268,1.551880117616367,3.996585808113741
2025-02-23,2,0.9393109061313076,0.897235438942077,0.9063598671347085,0.8994542131326438,0.8953492551186689,0.2593067883917772,0.2621908523396548,48,72,48,72,50,73,54,74,2,1,6,2,30359.73601339658,27591.95121494169,30553.799085472154,30553.799085472154,194.06307207557256,2961.8478705304624,1.8530404428589362,1.1898524478829309,3.819224885684015
2025-02-24,2,0.9488605534454693,0.8295514829622535,0.8834206693148908,0.8398113636096536,0.9057834085737188,0.6283651206388018,0.6533532367093114,2,24,2,24,52,88,43,74,50,64,41,50,2174.0917778244793,4239.743656062599,4739.659673814786,4739.659673814786,2565.567895990307,499.91601775218714,1.7733311501659126,0.7131325128687331,0.5924574592268483
2025-02-25,2,0.9187194791101464,0.9255138295434475,0.9444112076558707,0.9443755665986916,0.9516468134918792,0.3016214806705293,0.280949694935998,51,75,51,75,51,76,55,88,0,1,4,13,38176.34204765367,38176.34204765367,38176.34204765367,38176.34204765367,0.0,0.0,2.1905386294792386,1.6044896183057462,4.772042755956706
2025-02-26,2,0.74206456863809,0.873197220939413,0.8258820903178093,0.8891559012206383,0.755064534443327,0.299906772596533,0.30030307922233446,47,71,47,71,50,74,52,77,3,3,5,6,38176.34204765367,31018.277913718608,38176.34204765367,38176.34204765367,0.0,7158.064133935062,2.119785225323403,1.3948320616466852,4.772042755956706
2025-02-27,2,0.9113402061855669,0.804903199340402,0.9016553776647442,0.9549701830457662,0.9570927936502545,0.3511746286156412,0.3543604346953074,50,74,50,74,51,88,53,88,1,14,3,14,5197.81077336684,5197.81077336684,7413.314338227512,7413.314338227512,2215.5035648606718,2215.5035648606718,2.104813861983697,0.9272682329489497,0.9266642922784385
2025-02-28,2,0.8013836136733586,0.5966170042665645,0.9000085635783996,0.6789667370984264,0.9122040062592193,0.47384384986111233,0.482650006310127,48,73,48,73,50,72,47,74,2,-1,-1,1,9098.694854690793,9127.327111226532,9162.322091436883,9162.322091436883,63.62723674608969,34.99498021035106,1.7048072288385079,1.3627540877398543,1.1452902614296097
2025-03-01,3,0.8800596852957134,0.6755927909579745,0.7403587173657343,0.6736102859173907,0.7438154449357117,0.4348507360604185,0.4390162439626725,0,23,0,23,50,88,0,23,50,65,0,0,209.80126908472062,6600.3205020661935,6600.3205020661935,6600.3205020661935,6390.519232981473,0.0,1.1391479965714293,0.49934235254590864,0.8250400627582752
2025-03-02,3,0.9451709169831797,0.9131592765968288,0.9330149237458647,0.9611939781573476,0.980917555796435,0.20200607877210497,0.20093303412843075,46,87,46,87,50,88,48,88,4,1,2,1,8780.558670960345,8780.558670960345,8812.37228933339,8812.37228933339,31.813618373045756,31.813618373045756,1.6334337982585234,1.337684349734582,1.101546536166678
2025-03-03,3,0.9498914812805209,0.8989162004493145,0.9257826484527109,0.9022905086615631,0.9391226900469324,0.3948073920542347,0.4016409665661842,53,73,53,73,52,73,53,79,-1,0,0,6,1431.6128267870154,1367.9855900409257,1431.6128267870154,1431.6128267870154,0.0,63.62723674608969,1.2768177065319009,0.6598100650695624,0.17895160334838067
2025-03-04,3,0.9487249050461205,0.8423011551248404,0.8786060561336271,0.8415607645658997,0.8704499986937552,0.3305505025712056,0.3309448828706234,52,74,52,74,49,88,51,77,-3,14,-1,3,2624.6489666708894,30509.26001974989,30541.073638122936,30541.073638122936,27916.42467145205,31.813618373045756,1.8108674254054593,1.0939471673421526,3.8176342047653637
2025-03-05,3,0.8190450352685839,0.8923781905658178,0.7835889089572063,0.9606666914786018,0.8285531560683501,0.3877268138924556,0.4051918428087767,55,74,55,74,50,88,55,88,-5,14,0,14,36226.16724138603,38160.43523846715,38160.43523846715,38160.43523846715,1934.2679970811223,0.0,2.567624972932487,1.5443840481151465,4.770054404808388
2025-03-06,3,0.9741861096039067,0.8589801153392934,0.9056689276815734,0.8183423922458264,0.8794184372691662,0.27583285652106443,0.2828183236207032,54,71,54,71,50,76,53,71,-4,5,-1,0,5471.942360163695,19215.425497319015,19848.516502942603,19848.516502942603,14376.574142778907,633.091005623588,2.0417716474824648,1.227934150015038,2.481064562867825
2025-03-07,3,0.9524552360282149,0.8739260700218745,0.9431349158408139,0.8763190850264126,0.935292604456502,0.3919160319676844,0.4102960507311399,51,81,51,81,52,82,52,86,1,1,1,5,38176.34204765367,31877.245609790814,38176.34204765367,38176.34204765367,0.0,6299.096437862856,2.501361040469935,1.5665153009282786,4.772042755956706
2025-03-08,3,0.9786896364622898,0.8866859053508817,0.9183706186977582,0.9316309593317476,0.9447691567650212,0.38069475610757,0.39926670121426266,36,72,36,72,51,73,52,72,15,1,16,0,8297.10301935437,8360.73025610046,8360.73025610046,8360.73025610046,63.62723674608969,0.0,2.149144655547808,0.9954039036001809,1.0450912820125575
2025-03-09,3,0.8587900162778079,0.7662724330775379,0.859260881148816,0.7725937094014372,0.8924985448862921,0.7296233997069774,0.7755420541193989,32,77,32,77,49,88,41,84,17,11,9,7,1148.503436885287,1056.1294145773145,1531.8098178529167,1531.8098178529167,383.3063809676296,475.6804032756022,2.541305188722152,0.8107721667732712,0.19147622723161462
2025-03-10,3,0.9012072707542051,0.8007306284096123,0.9087688451225842,0.8333673845080024,0.9583652565405614,0.4442816669928244,0.4501022106817171,52,71,52,71,51,73,49,73,-1,2,-3,2,12216.407185716314,12215.964976420928,12216.429455249177,12216.429455249177,0.02226953286299249,0.4644788282494119,1.7431831213678244,1.1246294024217027,1.5270536819061462
2025-03-11,3,0.9492403689636463,0.8784752522763567,0.8654791214036781,0.8924647609775923,0.9087454393185822,0.886625893859336,0.9309967537646017,46,88,46,88,50,88,49,88,4,0,3,0,2874.1090924194436,2874.1090924194436,2874.1090924194436,2874.1090924194436,0.0,0.0,2.642823053998234,0.6722329471137818,0.3592636365524303
2025-03-12,3,0.9456863809007054,0.92709735832099,0.9211000407821859,0.915921245546619,0.8922008592809356,0.4022796835026427,0.3975634504689604,44,73,44,73,50,74,51,84,6,1,7,11,38176.34204765367,21569.633256924324,38176.34204765367,38176.34204765367,0.0,16606.708790729346,2.4677575894200063,1.7077697331512782,4.772042755956705
2025-03-13,3,0.6487927292457948,0.5340203188385637,0.8818718412510386,0.6320634661429636,0.8938912034483085,0.7624872985262575,0.789832975845042,47,69,47,69,48,73,48,71,1,4,1,2,2767.7847984548926,2895.039271947072,2958.6665086931616,2958.6665086931616,190.88171023826908,63.62723674608969,1.822087159892563,0.8482725886539271,0.36983331358664717
2025-03-14,3,0.8711340206185567,0.6886845517988474,0.8483935579378495,0.6474278777162966,0.882941324279253,0.3498099071807555,0.34659768853901146,44,68,44,68,50,88,1,25,6,20,-43,-43,-578.4320278968618,636.2723674608956,886.9636802404871,886.9636802404871,1465.3957081373487,250.6913127795915,1.1705050462152595,0.36801921307635177,0.11087046003005963
2025-03-15,3,0.894017905588714,0.8558926637543447,0.9509773635267348,0.8792311608005196,0.9713998668164049,0.4525056151983036,0.45993851631323135,45,88,45,88,51,88,54,88,6,0,9,0,8621.49057909512,8621.49057909512,8621.49057909512,8621.49057909512,0.0,0.0,2.710029430131941,1.528509863887228,1.0776863223868913
2025-03-16,3,0.9584915897992404,0.9441991413770339,0.9445996646725788,0.976611658669023,0.9858027556506771,0.5953021801589949,0.6231562773004355,46,88,46,88,53,76,51,88,7,-12,5,0,1274.345385721703,5140.266300453677,5140.266300453677,5140.266300453677,3865.9209147319743,0.0,2.0320069983360254,0.6180668496177253,0.6425332875567102
2025-03-17,3,0.9305208898534998,0.8364752482533467,0.8837356448888662,0.9079245649562155,0.9480351276237131,0.601300115451587,0.6238381894528048,41,88,41,88,51,87,51,88,10,-1,10,0,7476.200317665511,7508.013936038555,7508.013936038555,7508.013936038555,31.813618373043937,0.0,2.5520337584906754,1.1271664001230173,0.9385017420048207
2025-03-18,3,0.9169289202387413,0.9071114060266947,0.9399959193874341,0.9193161031120527,0.9505328488316808,0.5015169595731889,0.5097106729332812,46,87,46,87,51,79,39,88,5,-8,-7,1,8271.540776991627,8424.227057011221,8430.608868856852,8430.608868856852,159.06809186522514,6.381811845631091,2.387057639492521,1.4489095338472833,1.053826108607109
2025-03-19,3,0.9439093868692349,0.9466005363745704,0.9616219188767373,0.9728142320470722,0.9670161088139336,0.41162942571647054,0.4274721262577307,48,73,48,73,51,75,43,76,3,2,-5,3,2410.0661107447013,2363.414620762469,2479.7761113237175,2479.7761113237175,69.7100005790162,116.3614905612485,1.9135172574870114,0.6661880182071345,0.30997201391546536
2025-03-20,3,0.8163049376017363,0.5673667667475508,0.7749592664640761,0.6484787314236385,0.780734769524666,0.5767876166618849,0.6143713494294467,40,75,40,75,51,76,55,75,11,1,15,0,5703.399159274943,5987.259350570272,5987.259350570272,5987.259350570272,283.86019129532906,0.0,2.210382806171042,0.9007288578729993,0.7484074188212838
2025-03-21,3,0.949376017362995,0.7988517663625061,0.7647745406356601,0.836921277375458,0.7998130331895631,0.5559897610776596,0.5836125527872893,37,75,37,75,51,75,54,77,14,0,17,2,2965.5605197945983,2649.702191139661,2965.5605197945983,2965.5605197945983,0.0,315.8583286549374,2.1040008936452836,0.5649132369511558,0.3706950649743248
2025-03-22,3,0.8659522517634292,0.7696608840917255,0.7718980963753566,0.837557997749481,0.7818915791624841,0.5160874198288985,0.5383214563420162,6,78,6,78,50,77,63,80,44,-1,57,2,826.4923544370031,740.5955848297823,866.7047680605317,866.7047680605317,40.21241362352862,126.10918323074941,2.016998905027177,0.5015201153700595,0.10833809600756644
2025-03-23,3,0.918041237113402,0.7879825085171979,0.8049290629438295,0.8497805707824506,0.863949523891537,0.6384815242550096,0.6738885604946422,31,88,31,88,49,88,57,88,18,0,26,0,4911.621825206605,4911.621825206605,4911.621825206605,4911.621825206605,0.0,0.0,2.4033117465993183,0.834542067111737,0.6139527281508255
2025-03-24,3,0.9654910472056429,0.8920509559151898,0.9089495658067643,0.9307957776319956,0.9448226646959531,0.5817476089025456,0.5884246456133203,0,9,0,9,53,76,51,88,53,67,51,79,1571.9649669633739,877.8172649582361,19119.98464219988,19119.98464219988,17548.01967523651,18242.167377241643,1.2630370428838722,0.6098509954468145,2.389998080274988
2025-03-25,3,0.8674579489962019,0.8715146711706814,0.9253208736430046,0.9082285518031733,0.9460068262419602,0.4147702252473762,0.38495468371540253,53,73,53,73,0,24,55,74,-53,-49,2,1,1781.5626288905046,5980.960254132408,6011.631763605861,6011.631763605861,4230.069134715357,30.671509473452716,1.1732709268507533,0.8992495780896554,0.7514539704507341
2025-03-26,3,0.7759631036353771,0.7273770616019026,0.8213107157668162,0.7599162994107231,0.8235213231261924,0.7227564441560835,0.7438969040571561,33,72,33,72,52,88,53,76,19,16,20,4,335.9486286575145,641.7061334790102,788.8950202437388,788.8950202437388,452.9463915862243,147.18888676472864,1.6938477599322463,0.6375253178030573,0.09861187753046735
2025-03-27,3,0.8578811720021703,0.7262308154925268,0.9033636395722148,0.7633813565831955,0.9200906825369825,0.5491302932392492,0.5710958970861019,39,79,39,79,47,88,55,84,8,9,16,5,7857.963738142047,16727.600540546915,23860.213779783546,23860.213779783546,16002.250041641499,7132.613239236631,2.177820066800394,1.3848168772930856,2.9825267224729433
2025-03-28,3,0.9239419424850787,0.9071147720823848,0.9236548580377816,0.9590182417137496,0.9613488360859321,0.6156523289773848,0.656494878787421,46,84,46,84,51,88,50,85,5,4,4,1,5408.582357811937,6500.505274420764,6808.114331831571,6808.114331831571,1399.5319740196337,307.6090574108066,2.58710658362821,1.0387940067136254,0.8510142914789451
2025-03-29,3,0.9586814975583289,0.9598424021409808,0.965358777365127,0.9779021551397704,0.9675170805121242,0.5394801074751534,0.5703028100709863,40,86,40,86,50,88,42,88,10,2,2,2,38176.34204765367,38176.34204765367,38176.34204765367,38176.34204765367,0.0,0.0,3.04908929789833,1.598137612831331,4.77204275595671
2025-03-30,3,0.9089799240368964,0.841284239952729,0.8895348103491547,0.8817824635327957,0.9274950814043696,0.2833048630711437,0.2776314070295317,43,82,43,82,51,81,51,85,8,-1,8,3,7412.573080919421,7221.691370681153,7444.386699292466,7444.386699292466,31.813618373044847,222.69532861131302,2.2752899213010602,1.4695228483653997,0.93054833741156
2025-03-31,3,0.9079896907216495,0.8572498177314368,0.8690575518573731,0.9378443325437302,0.9179831904344676,0.4809648689753881,0.49898077052019774,41,80,41,80,52,81,49,85,11,1,8,5,2004.9833080007227,1444.33827413623,2414.430939185483,2414.430939185483,409.44763118476044,970.0926650492531,2.360764065928417,0.815966433101103,0.3018038673981853
2025-04-01,4,0.9508138903960933,0.9027941003535016,0.915031565899675,0.885336608144246,0.8757987503978698,0.452737471302222,0.4734447536776628,40,81,40,81,50,88,42,88,10,7,2,7,14856.959780211888,14856.959780211888,34994.9802103492,34994.9802103492,20138.02043013731,20138.02043013731,3.2338137800888402,1.7936668422203943,4.374372526293651
2025-04-02,4,0.9892837764514377,0.7409140982101555,0.7215150615968322,0.743448634515933,0.7331486145042051,0.20815031300899803,0.20349779969035492,53,68,53,68,48,74,51,76,-5,6,-2,8,2926.852890320114,2322.3941412322647,5850.524418802925,5850.524418802925,2923.6715284828106,3528.13027757066,1.5179814242369485,1.0223074225706528,0.7313155523503658
2025-04-03,4,0.930968529571351,0.881817168268239,0.8826819034844972,0.8801321095384859,0.8772151100088592,0.5183823854424028,0.5362634118831251,47,77,47,77,50,83,47,88,3,6,0,11,3843.632293699819,3099.3876868426482,5479.488550441779,5479.488550441779,1635.85625674196,2380.1008635991307,2.500925540501717,0.8631746121234896,0.6849360688052224
2025-04-04,4,0.9126288659793814,0.8933239536803717,0.9159136745445631,0.9269641977115481,0.9236895323651031,0.5331498200194852,0.5635024903595391,35,88,35,88,51,88,40,88,16,0,5,0,7667.082027903778,7667.082027903778,7667.082027903778,7667.082027903778,0.0,0.0,2.9313138190744814,1.571631899588671,0.9583852534879727
2025-04-05,4,0.9127780792186652,0.8957096669312598,0.8693764837660372,0.9320989142845603,0.8990317095265359,0.4036120726297699,0.394938616421399,46,79,46,79,50,79,40,88,4,0,-6,9,21315.124309939965,16049.970469201064,21315.124309939965,21315.124309939965,0.0,5265.153840738902,2.4609220457361167,1.6798534663682507,2.664390538742496
2025-04-06,4,0.8431090613130764,0.7061032941532419,0.810333069863461,0.7301471097985579,0.8175916122931637,0.42897440852364505,0.4161860934425378,52,75,52,75,51,88,63,87,-1,13,11,12,7600.273429320385,7634.202653315237,7730.709264649868,7730.709264649868,130.43583532948287,96.50661133463109,2.1411950279073846,1.4348653611605133,0.9663386580812334
2025-04-07,4,0.9210797612588171,0.8785004925779208,0.8927851645673389,0.890793758402546,0.9188884095910624,0.1279816181084933,0.11731878458688351,36,70,36,70,46,73,40,88,10,3,4,18,14067.982044560378,8535.593809487902,14961.944720842934,14961.944720842934,893.9626762825555,6426.350911355032,1.5657924481227443,1.52420044793765,1.8702430901053702
2025-04-08,4,0.9260716223548562,-0.010042421917755479,0.14937326126739797,-0.2312139277110145,-0.02091882830894291,0.3861709475943062,0.4097154530537243,20,43,20,43,52,82,56,88,32,39,36,45,-922.594932818297,1680.754816351837,7412.57308091942,7412.57308091942,8335.168013737717,5731.818264567583,1.57612031934966,0.8549155410676494,0.9265716351149287
2025-04-09,4,0.8734536082474227,0.2796552427384589,0.3646725038199736,0.3271501431738755,0.38101967494604005,0.32589131182999503,0.3379783621922862,60,74,60,74,50,77,44,81,-10,3,-16,7,22887.77326969836,9973.254405127629,32101.948377721463,32101.948377721463,9214.175108023104,22128.693972593835,1.9324699215627206,1.0480580237508708,4.012743547215184
2025-04-10,4,0.8718258274552362,0.7605538669351903,0.8289629641186124,0.7355448863716236,0.8200632248487693,0.4886219279475494,0.50609185644207,39,72,39,72,50,80,50,86,11,8,11,14,272.18777471425824,212.1968345482079,982.5063389384144,982.5063389384144,710.3185642241561,770.3095043902065,2.17861786978162,0.7672588999208321,0.12281329236730182
2025-04-11,4,0.625854584915898,0.5483684427495858,0.9081221406458279,0.5483689743034821,0.9361890514762915,0.8553928772596628,0.8977801035366049,49,69,49,69,48,88,50,74,-1,19,1,5,331.8351278018801,518.3265587046681,1140.1969011280853,1140.1969011280853,808.3617733262051,621.8703424234172,1.8175539453482121,0.7124583995926528,0.14252461264101068
2025-04-12,4,0.9282284319045035,0.8502675047559292,0.8820746816538061,0.9028344559465536,0.9363198013258842,0.9936836436613193,1.029238379862128,33,88,33,88,49,84,52,86,16,-4,19,-2,3399.1515059626618,4715.490867936784,5183.151058020541,5183.151058020541,1783.9995520578796,467.6601900837577,2.4359136704477833,0.9246265679847436,0.6478938822525674
2025-04-13,4,0.90854584915898,0.9521740095275201,0.9416294848893257,0.9771310172206413,0.9422420153829761,0.7360948725472017,0.7682830249523854,40,88,40,88,49,88,40,83,9,0,0,-5,5567.11916225033,4692.244656991601,5567.11916225033,5567.11916225033,0.0,874.8745052587292,2.1798242607966327,0.9333181585339769,0.6958898952812909
2025-04-14,4,0.9248100922409115,0.8552938417380765,0.8978022122469003,0.8876661986269347,0.9106648112227566,0.602428634256771,0.6198927903385114,43,80,43,80,50,88,41,85,7,8,-2,5,8430.608868856852,13673.493176734622,20201.6476668834,20201.6476668834,11771.038798026548,6528.154490148778,2.534083673548718,1.5795163074270908,2.5252059583604254
2025-04-15,4,0.9576776994031471,0.8417580780567494,0.9104841946403828,0.8857209423105322,0.9490627901062214,0.3613130351489226,0.37030089755221257,49,78,49,78,49,80,44,78,0,2,-5,0,5917.33301738632,6230.8625891763495,6235.469201116766,6235.469201116766,318.13618373044665,4.606611940416769,2.0113722068669793,1.238963923062705,0.7794336501395964
2025-04-16,4,0.8888497015735216,0.651288472534659,0.6656524561556078,0.8353181008085656,0.9063672638221498,0.43806836317394837,0.4634675777652169,49,87,49,87,49,88,57,88,0,1,8,1,2332.4249751052857,2332.4249751052857,2936.8837241931355,2936.8837241931355,604.4587490878498,604.4587490878498,2.614083036570814,1.2979434873974784,0.36711046552414184
2025-04-17,4,0.9164134563212154,0.6431386160934224,0.763398909704017,0.755233357475691,0.8269097696070846,0.25891264251172674,0.25177173780601403,52,69,52,69,50,80,38,88,-2,11,-14,19,1522.956087859699,3674.4729220866666,4935.214804592056,4935.214804592056,3412.258716732357,1260.7418825053892,1.4175545880680325,0.9989518958935744,0.6169018505740071
2025-04-18,4,0.8577590884427564,-0.4702971844366051,-0.35641858284196964,-0.5967464601143841,-0.47056319912986866,0.4641565469583539,0.48310602092791577,0,8,0,8,56,84,64,85,56,76,64,77,-8031.713814886431,-5257.127264823383,13359.308244406107,13359.308244406107,21391.02205929254,18616.43550922949,1.9312957898046132,0.8353371526012161,1.6699135305507626
2025-04-19,4,0.7432854042322301,0.15063382910175277,0.5266372474537877,0.169101358445236,0.4648168560797111,0.28062558422246986,0.27347242527712284,47,69,47,69,48,77,53,72,1,8,6,3,1768.8371815412872,9626.800919683334,11026.600128097301,11026.600128097301,9257.762946556015,1399.7992084139678,1.8672715965103155,1.122078817261638,1.3783250160121616
2025-04-20,4,0.8655046120455779,0.027268558690719865,0.07530212482442292,0.01488802063868069,0.09785745298014475,0.5547071853275329,0.5818001355031568,27,71,27,71,48,88,44,88,21,17,17,17,7857.725136004247,9187.56619761589,24757.06831397621,24757.06831397621,16899.343177971965,15569.502116360321,2.0523586446969113,1.0601882056352983,3.094633539247027
2025-04-21,4,0.9677156809549647,0.8488571401446741,0.8761307741074753,0.9019580671909606,0.9350021275524185,0.49386697192364615,0.5152696110916852,54,86,54,86,55,88,53,85,1,2,-1,-1,9610.89411049681,13231.2838813493,13361.719716678785,13361.719716678785,3750.825606181974,130.4358353294847,2.4940753574267864,1.4505406425245324,1.670214964584848
2025-04-22,4,0.9245523602821486,0.6921152627637134,0.567297109965528,0.7682142301528232,0.6260091041934351,0.6107996849659398,0.6336181556395546,50,72,50,72,50,80,40,80,0,8,-10,8,2.0042579575013004,-6.890829739601664,65.0524868492015,65.0524868492015,63.0482288917002,71.94331658880316,2.0375846063226724,0.8470249969575359,0.0081315608561503
2025-04-23,4,0.9410607704829083,0.9423114074967737,0.9237145005173316,0.9573557094338206,0.9668993840145299,0.7919466184877343,0.8181713826622188,47,84,47,84,50,88,43,88,3,4,-4,4,19088.03422526783,19088.09785250458,19088.171023826835,19088.171023826835,0.13679855900409166,0.0731713222558028,2.894514334743318,1.611996557773967,2.3860213779783557
2025-04-24,4,0.9498100922409116,0.8910490726740194,0.8820304562754419,0.9315068872707826,0.9129153879628847,0.44583102445992706,0.45005353221949357,32,73,32,73,50,82,45,88,18,9,13,15,26456.205039023997,21369.207461174145,35605.801683111655,35605.801683111655,9149.596644087658,14236.59422193751,2.636607624399521,1.9320536193588067,4.450725210388954
2025-04-25,4,0.9095360824742268,0.6058697007461646,0.667568275329003,0.638051177333088,0.7079440400251139,0.23094141226652343,0.2100560055626988,52,77,52,77,51,78,52,79,-1,1,0,2,22638.570834258626,21156.056218074744,23500.71989216814,23500.71989216814,862.1490579095152,2344.6636740933973,2.0353485489174306,1.7319036020622152,2.9375899865210178
2025-04-26,4,0.9683667932718394,0.7280359551725761,0.7129150823432038,0.8488408949142905,0.806865053666361,0.5501524134763129,0.5621667540258884,48,75,48,75,50,88,53,88,2,13,5,13,25.4508946984352,25.4508946984352,25.4508946984352,25.4508946984352,0.0,0.0,1.9085872014861138,1.338189803200108,0.0031813618373043896
2025-04-27,4,0.9056972327726532,0.8318074452139724,0.905330536208464,0.8992265939444678,0.9445586676434926,0.35875038929294406,0.3598194176171087,0,13,0,13,50,86,52,79,50,73,52,66,241.60534337225033,6337.183701779066,12859.064546384678,12859.064546384678,12617.459203012428,6521.880844605612,2.220094595719893,1.4787906348266873,1.607383068298085
2025-04-28,4,0.9383071079761259,0.4008775284374384,0.47263698999034554,0.35440345334771456,0.4889781754539556,0.34966597508410774,0.3613866283024084,0,30,0,30,51,78,51,77,51,48,51,47,3.9671582111184462,4.030785447864546,1931.086635243815,1931.086635243815,1927.1194770326965,1927.0558497959505,1.8127882537676863,0.9561680564234822,0.24138582940547693
2025-04-29,4,0.9641752577319587,0.42284669931381974,0.352036618885325,0.24612477344014488,0.16701992735937896,0.6713739494325806,0.6942459786937512,23,86,23,86,42,88,39,88,19,2,16,2,10401.904736362358,10398.787001761799,10816.563438236622,10816.563438236622,414.6587018742648,417.77643647482364,2.8146334894259395,1.8745904154206097,1.3520704297795774
2025-04-30,4,0.9180683667932719,0.8139376770594152,0.9105832356386236,0.8051858169757461,0.8753876478377544,0.5837955895803719,0.5951524745825323,50,84,50,84,53,88,65,88,3,4,15,4,8844.185907706433,8844.087285489477,9257.762946556015,9257.762946556015,413.5770388495821,413.67566106653794,2.808962347126472,1.5746266631583472,1.1572203683195026
2025-05-01,5,0.8356348345089528,-0.15631200121173164,-0.12716655244615752,-0.0016003404994278376,-0.1139987232358383,0.4304824119025823,0.4236154873777817,27,64,27,64,44,88,39,88,17,24,12,24,9022.001764878893,5788.201540410131,18976.823359521175,18976.823359521175,9954.821594642282,13188.621819111044,1.6468315585528508,1.2517350823560687,2.3721029199401404
2025-05-02,5,0.9305480195333694,0.2583162060327579,0.3903399102593734,0.16094291855760218,0.3033768411248904,0.5757729403067927,0.5960491040415552,9,40,9,40,52,88,63,88,43,48,54,48,559.9196833655874,550.130632992201,6146.391069672241,6146.391069672241,5586.471386306654,5596.260436680041,2.228806698948789,1.3218716158846204,0.76829888370903
2025-05-03,5,0.9466087900162778,0.8377789174857663,0.8666702767480583,0.9030523323336134,0.9217506020653147,0.3876829468549299,0.39744743947555483,32,83,32,83,48,83,47,81,16,0,15,-2,24493.304785407134,21884.58807881747,24493.304785407134,24493.304785407134,0.0,2608.7167065896647,2.328766740163848,1.7628049897022615,3.0616630981758917
2025-05-04,5,0.9541779706999456,0.15552670863148996,0.2360397790296536,0.1856457518780129,0.28192543277310417,0.37575357446168517,0.3865110037496402,26,41,26,41,55,83,51,88,29,42,25,47,-1299.4654187890596,-1011.8925782295964,9340.478354325931,9340.478354325931,10639.94377311499,10352.370932555528,0.7462315623854265,0.4108717787894136,1.1675597942907432
2025-05-05,5,0.46829896907216495,-0.15429327375285984,0.4264153232858659,-0.1921083637263564,0.4819148684186837,0.9840155166076042,1.0335655565261785,9,86,9,86,50,88,9,88,41,2,0,2,1072.1189391716089,18747.968914392844,25110.69258900179,25110.69258900179,24038.573649830178,6362.723674608944,3.013355946943464,1.3296702035803505,3.1388365736252224
2025-05-06,5,0.9739419424850787,0.6938871167222574,0.7774484609674912,0.7568596576321529,0.8375020072753496,0.5086246688219572,0.5282039617236235,62,76,62,76,50,79,52,78,-12,3,-10,2,10991.605147886952,13756.20858450454,14290.67737317169,14290.67737317169,3299.072225284737,534.468788667149,1.9824990323438012,1.6311075376593802,1.7863346716464594
2025-05-07,5,0.8153147042864894,0.6749779616366455,0.8445212711798625,0.7855936385730509,0.9201624461170946,0.6517859109483976,0.6477024268426818,38,87,38,87,48,81,52,88,10,-6,14,1,4021.184097839782,15972.816081922756,16037.626785272321,16037.626785272321,12016.44268743254,64.8107033495653,1.8716020511056988,1.6438823787157584,2.00470334815904
2025-05-08,5,0.26527400976668475,-0.3636032191138114,0.6089275155848334,-0.3445769085577274,0.6866766837774203,0.697176161040796,0.7123858625575163,10,66,10,66,49,79,35,74,39,13,25,8,-13852.559309109141,5664.478378557359,35079.52808253741,35079.52808253741,48932.08739164655,29415.049703980047,1.517781732423823,0.8072282068869945,4.3849410103171715
2025-05-09,5,0.9339934888768313,0.6696760741195528,0.7824897436983511,0.6451109393584309,0.8015285760692059,0.6503802737304675,0.6901932115690552,43,86,43,86,50,88,46,88,7,2,3,2,10168.650467813033,10178.897634290992,10180.147909493051,10180.147909493051,11.4974416800178,1.2502752020591288,3.045131665638862,1.7044584256232245,1.2725184886866299
2025-05-10,5,0.8921730873575693,0.8237005853542286,0.9185488781608743,0.8566395585770311,0.9456561424847079,0.6241932302260227,0.6658621861200121,47,77,47,77,50,79,52,80,3,2,5,3,2233.8632040237558,2243.8272292981937,2752.5778888725754,2752.5778888725754,518.7146848488196,508.75065957438164,2.6199415981400156,0.9653906974573081,0.34407223610907245
2025-05-11,5,0.9190314704286489,0.16996223094244242,0.27237475214355034,0.1307929066512166,0.22384546602749708,0.7717374139860841,0.795434582268258,3,77,3,77,49,77,54,81,46,0,51,4,34759.55943438867,23198.490517624217,36569.91020654494,36569.91020654494,1810.350772156271,13371.419688920723,2.2634944292070216,1.3265701591206094,4.5712387758181166
2025-05-12,5,0.959753119913185,0.524072333784127,0.6500992849063856,0.5480699223890686,0.6843867648341172,0.6351891515081799,0.654166156784913,31,75,31,75,47,88,41,88,16,13,10,13,10123.093366302834,10141.293937374052,15237.806968479279,15237.806968479279,5114.713602176445,5096.513031105227,2.53453600443358,1.6907917213066554,1.9047258710599098
2025-05-13,5,0.8352821486706457,0.8098403040794702,0.9240131529498624,0.8518185374326593,0.9744706131484584,0.6410234090584236,0.6662433490576443,42,82,42,82,50,88,50,88,8,6,8,6,7959.76731693579,7959.76731693579,9550.448235588028,9550.448235588028,1590.6809186522378,1590.6809186522378,2.3970893917796943,1.5558330161805323,1.1938060294485
2025-05-14,5,0.9524009766684752,0.7797417202306537,0.8438256076180863,0.8131605285891171,0.8841643806991819,0.4325166955453778,0.42673385791635393,54,73,54,73,52,77,53,75,-2,4,-1,2,3945.1368244808564,6041.030728344393,7068.986002490539,7068.986002490539,3123.849178009683,1027.9552741461466,1.586314069209549,0.8480424784654019,0.8836232503113166
2025-05-15,5,0.9522381985892567,0.7268952970957628,0.7219235032976153,0.8560552982709442,0.8465850193987294,0.7876240533845297,0.8143971609043009,38,79,38,79,49,80,53,79,11,1,15,0,7904.879281156776,8158.274751498078,8164.465681633473,8164.465681633473,259.5864004766963,6.19093013539441,2.0562528103748594,1.250541840494686,1.020558210204184
2025-05-16,5,0.803296256104178,0.6969700043874623,0.9198925795550188,0.7027188201644301,0.9682316179796746,1.1094477914205416,1.1534311144960079,45,74,45,74,47,88,45,88,2,14,0,14,2333.423922722199,2333.5352703865046,2554.130900185197,2554.130900185197,220.70697746299766,220.59562979869224,2.296317346497487,1.0851155821372733,0.3192663625231496
2025-05-17,5,0.9641888225718938,0.8312304857863864,0.8483017243089025,0.8691233591435541,0.876638615159552,0.8164325925125312,0.8446005215378547,35,86,35,86,46,87,52,86,11,1,17,0,29710.73819858647,31937.691484699597,31937.691484699597,31937.691484699597,2226.9532861131265,0.0,2.7623882202921086,1.6400070601580126,3.99221143558745
2025-05-18,5,0.9429734129137276,0.9144227658880587,0.9443021949674149,0.912015063655381,0.9559219367888993,0.37555154502125027,0.3883528406644665,41,80,41,80,52,87,43,85,11,7,2,5,9734.967222151688,10212.171497747358,13807.110373901412,13807.110373901412,4072.143151749724,3594.938876154054,2.242718678811066,1.6857097487508224,1.7258887967376761
2025-05-19,5,0.9667254476397179,0.8882002680118348,0.9141797548649446,0.917352145294227,0.9470118390533665,0.1054594555681222,0.09656169121475075,54,75,54,75,51,85,56,81,-3,10,2,6,7959.767316935791,9012.798085083574,10730.733477227988,10730.733477227988,2770.966160292197,1717.9353921444144,1.595998771501927,1.474734909881139,1.3413416846535
2025-05-20,5,0.9555208898534997,0.7772332855698831,0.8721114930440285,0.8768112343504391,0.9421344885951466,0.2789821226458907,0.2927498419289161,50,73,50,73,49,88,50,77,-1,15,0,4,6669.047461837481,7561.737593385116,8293.450815965145,8293.450815965145,1624.403354127664,731.7132225800287,1.4594214055639863,1.0143954891706342,1.0366813519956433
2025-05-21,5,0.9445198046663049,0.5724122147390984,0.5089783129088589,0.6389935180149486,0.5719599757017431,0.28364275248891513,0.2887605640397123,0,12,0,12,52,88,53,80,52,76,53,68,-3701.9917019793497,-2217.41874468673,19712.54509801621,19712.54509801621,23414.53679999556,21929.96384270294,0.5579496205109091,0.34495971767799016,2.4640681372520277
2025-05-22,5,0.8982365708084645,0.6649213229023169,0.6735825341428214,0.7169398553732127,0.7157736150480389,0.36942812297251854,0.3753658628843953,67,88,67,88,56,88,64,88,-11,0,-3,0,5290.032090306624,5290.986498857815,5293.65884280115,5293.65884280115,3.6267524945260448,2.6723439433353633,0.9575621296913046,0.72815077485639,0.6617073553501442
2025-05-23,5,0.873887683125339,0.2699072479001005,0.48662847011343763,0.43239792259419096,0.7077691869182625,0.206404828610423,0.20036697439165807,60,88,60,88,46,86,51,88,-14,-2,-9,0,2170.325045409111,9221.390436670114,11557.64895278935,11557.64895278935,9387.32390738024,2336.2585161192364,1.2517737408677387,1.1264905336264501,1.4447061190986705
2025-05-24,5,0.9593054801953337,0.9212760429977909,0.9184948271191562,0.9294301674865232,0.9212855091011489,0.11056672563452084,0.10240200845641093,39,71,39,71,44,79,52,77,5,8,13,6,10154.906984675878,10772.091181112944,13635.31683468697,13635.31683468697,3480.409850011092,2863.2256535740253,1.3930521922113712,1.277604376563053,1.7044146043358719
2025-05-25,5,0.9468529571351059,0.3738801766112491,0.4370013892394265,0.29837113619054084,0.35727753721871525,0.13735907581613852,0.12848245837158118,38,52,38,52,44,79,39,78,6,27,1,26,3161.1792778086133,5023.605761879723,10649.758274383075,10649.758274383075,7488.5789965744625,5626.152512503352,1.3497610583942468,0.9862693618956753,1.3312197842978826
2025-05-26,5,0.8622083559413999,0.10778867944987017,0.42494820689721663,0.10544012121697295,0.3473556976266259,0.12355953582756775,0.10304382012251002,0,27,0,27,48,77,41,75,48,50,41,48,-2078.4791291661304,1495.240063533101,11355.998332731808,11355.998332731808,13434.477461897939,9860.758269198706,1.1203142008445317,1.0441699066835897,1.419499791591475
2025-05-27,5,0.9355127509495388,-0.2912766325807293,-0.10247652043491705,-0.3705002596342911,-0.18691851310272936,0.13207776209127994,0.13696466022248788,0,62,0,62,42,75,41,75,42,13,41,13,-881.2372289333389,699.8996042069838,17888.79761116305,17888.79761116305,18770.03484009639,17188.898006956064,1.0640842998557787,1.195088879163401,2.2360997013953794
2025-05-28,5,0.8879001627780793,0.22177113538422807,0.3780909954461176,0.30320290784164355,0.46358637393326413,0.7158834472996053,0.757949399616444,0,36,0,36,50,87,53,79,50,51,53,43,-505.7919930656891,3085.666473238354,8169.737198197885,8169.737198197885,8675.529191263575,5084.070724959531,2.051631058196066,0.9386353256177329,1.0212171497747353
2025-05-29,5,0.9658030385241454,0.692532242067259,0.7415157566974793,0.8162140925590344,0.8346264792478911,0.47984459030647875,0.5001095894084387,35,74,35,74,46,79,49,79,11,5,14,5,4775.224117794013,4775.224117794013,7508.013936038555,7508.013936038555,2732.7898182445415,2732.7898182445415,1.8248916113787077,1.1639430049268653,0.9385017420048192
2025-05-30,5,0.8103228431904504,0.6320877495023342,0.8900526786538586,0.5527527268089875,0.8790995034812704,0.3997066205949554,0.41063311229395744,0,78,0,78,0,81,0,81,0,3,0,3,4959.7431043576735,4959.7431043576735,5246.065669715077,5246.065669715077,286.3225653574036,286.3225653574036,1.338859884069076,1.1382382504623003,0.6557582087143882
2025-05-31,5,0.952075420510038,0.8994146258122508,0.9422525500537576,0.9194654192247171,0.956769375498688,0.20196893241310102,0.20453123353471417,32,73,32,73,49,81,51,77,17,8,19,4,6909.917910625314,7418.93580459403,7609.817514832298,7609.817514832298,699.8996042069839,190.88171023826817,1.982097632513998,1.3534975218896657,0.9512271893540394
2025-06-01,6,0.8782826912642431,0.8407161891290493,0.9141415492779617,0.8274236562163296,0.8864037324757639,0.38584752224552754,0.40356677880237174,65,84,65,84,50,87,50,86,-15,3,-15,2,801.7031830007268,897.1440381198611,1428.431464949708,1428.431464949708,626.7282819489812,531.2874268298469,2.2297502822132564,1.0789690541035792,0.17855393311871381
2025-06-02,6,0.931212696690179,0.8576853039991351,0.8891886059008739,0.8962791959949186,0.9127058054514321,0.7840171382727069,0.8161481327352476,25,86,25,86,49,85,44,87,24,-1,19,1,8080.659066753359,8017.0318300072695,8080.659066753359,8080.659066753359,0.0,63.62723674608969,3.0254732426573328,1.6858304579811438,1.0100823833441708
2025-06-03,6,0.9842105263157895,0.9366539549288302,0.9387982632494565,0.9519540144753851,0.9561204814169962,0.7032384176098935,0.7342191929777011,33,83,33,83,49,86,45,87,16,3,12,4,8812.37228933339,8557.863342349032,9225.949328182971,9225.949328182971,413.5770388495803,668.085985833939,3.1937618087768582,1.8010554393059515,1.1532436660228713
2025-06-04,6,0.9631307650569723,0.7774642892056238,0.8337274712286259,0.7997890379288685,0.8629634601995991,0.31650947107114,0.31878382460657384,41,72,41,72,47,75,39,74,6,3,-2,2,6442.257720541557,6703.129391200524,9350.022439837845,9350.022439837845,2907.7647192962877,2646.893048637321,1.9442335050439516,1.2470172536947555,1.1687528049797309
2025-06-05,6,0.9555887140531742,0.7338821379159938,0.7893140477883014,0.808950605151284,0.8642294139336357,0.40553496833115105,0.42386360845943,0,71,0,71,46,78,40,76,46,7,40,5,20971.537231511087,21925.945782702423,24782.80871260184,24782.80871260184,3811.271481090753,2856.8629298994165,2.203926045772712,1.6155636601706336,3.09785108907523
2025-06-06,6,0.9452794357026588,0.7865024286189074,0.8827844633595902,0.7687874803250133,0.8864090025705849,0.38213487332835133,0.39106249611001653,60,88,60,88,49,81,54,88,-11,-7,-6,0,2135.0214731005435,5649.5005270273305,6025.200271841964,6025.200271841964,3890.178798741421,375.69974481463396,1.503072300224419,0.8050152919921381,0.7531500339802442
2025-06-07,6,0.9552088985349974,0.754689307739393,0.8409678220823864,0.7960707204856592,0.8881993925110687,0.42888305112626,0.45388467159095425,46,70,46,70,48,82,45,86,2,12,-1,16,20664.23994756033,21088.484092650393,25241.465648686026,25241.465648686026,4577.225701125695,4152.981556035633,1.9985144384817088,1.2350605529772167,3.1551832060857503
2025-06-08,6,0.8805073250135648,0.8473301314410773,0.9292986563645792,0.887338643972263,0.9696276899309272,0.31228833707801773,0.3197831218691731,34,88,34,88,50,80,47,88,16,-8,13,0,6591.7817268948675,8691.480539515818,8691.480539515818,8691.480539515818,2099.698812620951,0.0,2.3360700430728585,1.4699977081334774,1.0864350674394752
2025-06-09,6,0.9597259902333153,0.913730265848165,0.9507936119688492,0.9401233341720323,0.9693948239589382,0.5205477807570571,0.5524588865691537,45,81,45,81,50,88,61,88,5,7,16,7,7685.078991817409,7685.078991817409,8103.144932219428,8103.144932219428,418.0659404020189,418.0659404020189,3.148931435035842,1.6831051643998522,1.0128931165274295
2025-06-10,6,0.9833152468800869,0.8395756569385748,0.8621489540763638,0.8588077353226145,0.8745080282510602,0.2663504174318569,0.27653442091253866,33,70,33,70,48,76,51,74,15,6,18,4,5987.322977807018,6369.086398283554,7528.883669691273,7528.883669691273,1541.560691884255,1159.7972714077187,1.802373510465789,1.1126563090926407,0.9411104587114067
2025-06-11,6,0.8564297341291373,0.7203616800933368,0.8447184649749548,0.8045123312045219,0.950323301280734,0.6543377160577167,0.6866949920232578,31,71,31,71,47,82,41,76,16,11,10,5,4011.6972768409396,7508.013936038555,10148.544261001267,10148.544261001267,6136.846984160327,2640.5303249627123,2.700453865814694,1.4225037541722054,1.2685680326251587
2025-06-12,6,0.8457135105805751,0.7980074820868445,0.9286807556585344,0.8912043262326939,0.9732831107963247,0.35981240990618857,0.37013564273222566,0,79,0,79,43,87,41,88,43,8,41,9,8752.479971384293,8811.058386894581,10975.698338700431,10975.698338700431,2223.218367316138,2164.6399518058497,1.9374029580384429,1.148500726565163,1.3719622923375547
2025-06-13,6,0.8742132392837766,0.6731686471470315,0.7242977125731158,0.8178799878838086,0.8209533484436777,0.26055455541021183,0.26749039463277036,49,79,49,79,49,80,48,81,0,1,-1,2,29433.959718740978,29243.07800850271,29433.959718740978,29433.959718740978,0.0,190.88171023826726,1.777462088270223,1.069988708140638,3.679244964842624
2025-06-14,6,0.8659929462832338,-0.40705749271068364,-0.07725406711727761,-0.4702302164647134,-0.08151417521163802,0.6478065752803549,0.6831446762202479,6,36,6,36,53,88,69,88,47,52,63,52,-10559.639837617751,5258.091217460086,17826.392017362487,17826.392017362487,28386.03185498024,12568.300799902401,1.7797022657436017,0.7624592835239383,2.2282990021703117
2025-06-15,6,0.9839527943570266,0.8533850280573367,0.8672334272953577,0.852162067602758,0.8806954074782823,0.6427997136120897,0.6723406608435043,42,88,42,88,51,88,51,88,9,0,9,0,5563.896442709141,5563.896442709141,5563.896442709141,5563.896442709141,0.0,0.0,2.3411683205791918,1.2557475027556624,0.6954870553386421
2025-06-16,6,0.9638090070537167,0.9287895815996765,0.9486959729065048,0.950015675558439,0.9753482827057992,0.6037736977069802,0.6361674544479622,36,83,36,83,47,87,46,86,11,4,10,3,21127.89798445276,24687.367857482706,31972.686464909948,31972.686464909948,10844.788480457188,7285.318607427242,3.246321868648584,1.765670716244319,3.996585808113741
2025-06-17,6,0.9691942485078676,0.8560299401962532,0.8731520758707815,0.9347523568291517,0.9476084504114912,0.3203830729338291,0.3323979973156754,32,68,32,68,49,75,51,77,17,7,19,9,3675.268262545992,3907.8194501292746,3984.5316281121977,3984.5316281121977,309.2633655662057,76.7121779829231,1.6041863988230443,0.8271846773507958,0.49806645351402246
2025-06-18,6,0.7941535539880631,0.5615416928923974,0.7952163768888973,0.4855800336500011,0.7934386602713098,0.39570982577292657,0.4128953005640542,16,88,16,88,48,87,48,88,32,-1,32,0,24082.90910839486,28212.316773216065,34415.972355959784,34415.972355959784,10333.063247564925,6203.655582743719,1.890528855179272,0.9317410490476314,4.301996544494976
2025-06-19,6,0.9430005425935973,0.9125493275994163,0.9706605492248689,0.9359228101235194,0.9871675377851737,0.3238914643595387,0.3284747439369781,55,88,55,88,49,81,51,88,-6,-7,-4,0,5090.178939687157,12216.429455249174,12789.07458596398,12789.07458596398,7698.895646276822,572.6451307148054,1.8343071943267955,1.0152174865945423,1.5986343232454985
2025-06-20,6,0.9707813347802497,0.8478626974692323,0.8494304256619434,0.9181137214845082,0.9223697650663946,0.46134299333586465,0.48295707499824986,0,12,0,12,48,87,50,88,48,75,50,76,14100.785066464825,12528.1933712195,23361.032656615775,23361.032656615775,9260.24759015095,10832.839285396274,2.1113187482843108,1.0359416923082723,2.9201290820769734
2025-06-21,6,0.953296256104178,0.7345582621107467,0.6876038336551301,0.7527016277000225,0.6955748224944804,0.37655545368053667,0.3929630905349392,49,78,49,78,48,80,51,88,-1,2,2,10,28511.969244671767,12992.175907019337,29975.93652134417,29975.93652134417,1463.9672766724034,16983.760614324834,2.003625339175528,0.8920752245472414,3.7469920651680173
2025-06-22,6,0.7535404232230061,-0.2247704811890268,-0.2580020359424663,-0.27594689976874637,-0.27466152537058863,0.35876999614202304,0.3722646266287094,28,62,28,62,46,86,40,81,18,24,12,19,-1609.95042730079,-7007.480734089931,21757.11409135851,21757.11409135851,23367.064518659303,28764.594825448443,1.390443312470211,0.907280379838487,2.719639261419813
2025-06-23,6,0.9304123711340206,-0.07528136189775768,-0.08874981737692669,-0.07877353676805816,-0.036722394382688886,0.44283123499152915,0.46090475945997633,28,79,28,79,48,84,40,88,20,5,12,9,8178.174169790417,-894.7198403998343,14266.794889859046,14266.794889859046,6088.6207200686285,15161.51473025888,1.5035823120632017,0.6244319165847472,1.7833493612323847
2025-06-24,6,0.8308328811720022,0.34602071862179795,0.2255553548924931,0.5165884242970631,0.42287606476229667,0.5160467670289266,0.532910205340368,49,81,49,81,48,84,40,88,-1,3,-9,7,15693.08211693041,-1228.0056691995255,21604.25283643787,21604.25283643787,5911.17071950746,22832.258505637397,1.784066820477399,0.6436886767533938,2.700531604554726
2025-06-25,6,0.9258952794357026,0.5697779605920636,0.6099215312734951,0.7093127679259826,0.760837089401771,0.35538514831975004,0.36896545572020495,50,70,50,70,51,88,55,88,1,18,5,18,8482.570051745548,7410.0089032785545,12285.884946881208,12285.884946881208,3803.3148951356598,4875.876043602653,1.051788175652547,0.7078100861235193,1.5357356183601567
2025-06-26,6,0.8624389582202929,0.11659584554404735,0.3971924690462027,-0.025606101938974727,0.30420015052834504,0.4895558027535872,0.5078512624454897,59,78,59,78,45,88,43,88,-14,10,-16,10,-4802.154345746797,-5355.711305437775,15503.13572707231,15503.13572707231,20305.290072819105,20858.847032510086,1.5148807661500356,0.6503602066610146,1.9378919658840381
2025-06-27,6,0.8628052088985351,0.7633945637305148,0.7959297518237081,0.9115752934198688,0.9424960635875171,0.16424470463258808,0.16425868344692268,48,85,48,85,47,87,51,88,-1,2,3,3,8519.346594584786,7810.640980812143,10356.780300062033,10356.780300062033,1837.4337054772477,2546.13931924989,0.9463748297831529,0.7125960274006484,1.294597537507764
2025-06-28,6,0.865599565925122,0.6537986146698446,0.7756158701540407,0.7916668572966261,0.9247862165762112,0.10958322738370196,0.10163431555956375,48,75,48,75,48,88,50,80,0,13,2,5,182.44155728390047,4463.0943452123975,6004.333719551085,6004.333719551085,5821.892162267184,1541.2393743386874,0.8170434364443953,0.8281178289533848,0.7505417149438909
2025-06-29,6,0.9272653282691264,-0.2442027482493027,-0.19045782551740192,-0.24382477986799575,-0.2889352591158181,0.13823720551587157,0.13506784408620362,0,31,0,31,47,88,40,85,47,57,40,54,-142.54409848226192,38.09362663988463,1430.0507781248937,1430.0507781248937,1572.5948766071556,1391.957151485009,0.7184986824650128,0.6410771671815194,0.17875634726561107
2025-06-30,6,0.8667254476397178,0.6233545248697706,0.6813865359189036,0.6916742606314135,0.7233253892734637,0.16853468175004724,0.16138693784285518,57,78,57,78,51,81,38,76,-6,3,-19,-2,753.9954808885086,753.9954808885084,1177.1038798026548,1177.1038798026548,423.10839891414616,423.1083989141464,0.6262997100273306,0.6519894744567551,0.14713798497533315
2025-07-01,7,0.8900434074877916,0.4683320520785063,0.4649548211484528,0.6506633302780537,0.5672416805962905,0.38132810700740083,0.38031981488650535,56,75,56,75,48,80,51,78,-8,5,-5,3,1622.4945370252815,2737.644576408269,4676.401475041825,4676.401475041825,3053.906938016543,1938.7568986335555,0.954150800934638,0.7996990891796498,0.584550184380225
2025-07-02,7,0.8692349430276722,0.38439185404435045,0.6468482771122932,0.4791640953607812,0.7371964846001153,0.24350618828858214,0.23920445934078507,3,79,3,79,51,88,54,88,48,9,51,9,1238.2973747432075,1834.9458805204747,3206.98770690396,3206.98770690396,1968.6903321607524,1372.0418263834852,0.6194397089176888,0.7515777452681904,0.40087346336299323
2025-07-03,7,0.8542051003798155,0.4045447330015927,0.4866957177889642,0.45018641794773645,0.455634246478123,0.08820686748045241,0.07919476286415014,55,72,55,72,50,83,54,87,-5,11,-1,15,3463.5740831680787,4452.719924260948,11644.945521604986,11644.945521604986,8181.371438436908,7192.225597344039,1.0452017645994278,1.0589009034949513,1.4556181902006173
2025-07-04,7,0.06540965816603364,-0.25036858765852765,0.7666701884526327,-0.2926189808320682,0.7497127099663596,0.2756334057757579,0.2764976357859012,7,39,7,39,52,88,73,88,45,49,66,49,-979.3886043378568,572.6451307148045,7097.5832640460685,7097.5832640460685,8076.9718683839255,6524.938133331264,0.49779785296056467,0.36699840044956744,0.887197908005757
2025-07-05,7,0.9159251220835595,0.8881553062626544,0.9574739077383417,0.8769521975695024,0.9677048788209757,0.20033984724449008,0.1922335728011698,31,87,31,87,47,86,38,88,16,-1,7,1,13847.653649156018,14489.32478765482,14521.138406027865,14521.138406027865,673.4847568718469,31.813618373045756,1.7076507771414438,1.5019366516559334,1.815142300753485
2025-07-06,7,0.9652333152468802,0.0704327195703964,0.060575671335766273,0.08177058956119047,0.09760374556616802,0.1398217515791044,0.1375189142846971,27,37,27,37,49,79,52,87,22,42,25,50,889.1206435661798,374.6626208556729,18080.277417426732,18080.277417426732,17191.15677386055,17705.61479657106,0.8318620066189286,0.4814996523585968,2.260034677178343
2025-07-07,7,0.9089527943570265,0.7222244992284353,0.8698204302696279,0.7753517712377753,0.9121104559610711,0.16295066720354745,0.16065385726119102,58,79,58,79,49,88,58,77,-9,9,0,-2,3823.9969284399763,7698.895646276824,7794.336501395959,7794.336501395959,3970.339572955983,95.44085511913545,0.7972209996865995,0.6245752423593061,0.9742920626744915
2025-07-08,7,0.812683125339121,-0.24328958992831848,0.0961778950065176,-0.23861551790752558,0.11327661149425432,0.17875132574742536,0.18088759264984422,28,53,28,53,48,83,45,79,20,30,17,26,913.050847306383,1160.070868525726,2831.4120352009804,2831.4120352009804,1918.3611878945974,1671.3411666752545,0.9284783933880041,0.5117385856387786,0.35392650440012385
2025-07-09,7,0.8585187194791102,0.6955137052041712,0.8286071808051271,0.7754063641462882,0.8684826397671742,0.1248083036426955,0.11518921267206791,36,74,36,74,49,81,45,76,13,7,9,2,6808.114331831571,7826.150119769001,7953.404593261181,7953.404593261181,1145.29026142961,127.25447349217939,0.8748995370930492,0.7363040390560212,0.9941755741576461
2025-07-10,7,0.8761123168746608,0.6886485360833708,0.7668027854209308,0.8289194834042032,0.8709080980189169,0.2210325169047631,0.2030483921529061,51,74,51,74,49,77,44,77,-2,3,-7,3,7274.097944227069,5804.770072858812,7571.641172784644,7571.641172784644,297.5432285575753,1766.8710999258328,1.2295395740121995,0.5606856963981777,0.9464551465980815
2025-07-11,7,0.8936923494302768,0.6343425318367051,0.8046210607532374,0.6112108011487452,0.8420373605993522,0.275514194087934,0.264394123536893,34,82,34,82,49,80,41,87,15,-2,7,5,9491.704389262199,9219.701133534503,9758.499755662227,9758.499755662227,266.7953664000288,538.7986221277242,1.6695183192763245,1.548477028995984,1.2198124694577794
2025-07-12,7,0.9148399348887684,0.6130745726226202,0.628479956231569,0.753115423901941,0.7812904324140281,0.20373587184734854,0.2031112401824796,40,77,40,77,48,79,41,79,8,2,1,2,20889.734874588474,21934.210960755743,24734.52836535891,24734.52836535891,3844.7934907704366,2800.3174046031672,1.3518909582991858,1.0747867466390897,3.0918160456698693
2025-07-13,7,0.8947911014650027,0.4200695712173588,0.5093648020540434,0.5565079716576457,0.6034269954848802,0.19008843104084674,0.19592747145208475,50,67,50,67,47,84,45,76,-3,17,-5,9,171.09045824839814,773.5449493787455,17198.804767717433,17198.804767717433,17027.714309469033,16425.259818338687,1.2753167744755807,0.9666937785820124,2.1498505959646828
2025-07-14,7,0.8510173629951168,0.6989382369019244,0.7421454266485398,0.8637361890286237,0.8529682154490316,0.21563313839048046,0.21789731963560433,48,74,48,74,47,83,48,78,-1,9,0,4,5591.510663456946,6050.950214553109,6210.018306418331,6210.018306418331,618.5076429613855,159.0680918652224,1.292033381146049,0.9211970057350412,0.7762522883022918
2025-07-15,7,0.9400841020075964,0.8807342498259516,0.9268175312038178,0.9114600381001767,0.9450473563140984,0.23165281800331713,0.21659837926309958,31,83,31,83,51,88,44,88,20,5,13,5,8748.745052587301,8748.745052587301,8907.813144452526,8907.813144452526,159.06809186522514,159.06809186522514,1.9257887489424448,1.6076893333499953,1.1134766430565648
2025-07-16,7,0.94877916440586,0.788383110351852,0.830851834656002,0.7796015777918721,0.8322918560969643,0.16008924335676084,0.15709342202714136,40,73,40,73,50,88,45,77,10,15,5,4,3301.954539109335,18388.27141961985,31622.736662806456,31622.736662806456,28320.78212369712,13234.465243186605,1.7509136841087773,1.3181304186938956,3.952842082850803
2025-07-17,7,0.8769940314704288,-0.12125655947391091,0.010613681386679914,-0.11305754170922712,-0.03190330268981955,0.16928846428695535,0.17034683711814216,29,53,29,53,46,77,43,74,17,24,14,21,-851.408780346771,-569.7055523771351,10842.82876156541,10842.82876156541,11694.237541912182,11412.534313942546,1.2133875919985915,0.8106076270308531,1.355353595195675
2025-07-18,7,0.8110960390667389,-0.31813182868926715,-0.19638111622109208,-0.4058109214677792,-0.37536020474677545,0.18874925548942942,0.19546508023350212,28,56,28,56,45,77,45,82,17,21,17,26,-1032.06877500178,-268.5419340487081,7873.84509643387,7873.84509643387,8905.91387143565,8142.387030482578,1.153184630410113,0.7112899658011163,0.9842306370542353
2025-07-19,7,0.9433939229517091,0.8409690363457758,0.8847084557749942,0.831112372790931,0.8784135277610003,0.1255974574028676,0.11768163326514555,0,12,0,12,53,88,38,88,53,76,38,76,2462.173636277911,2419.530662210682,4250.207155145491,4250.207155145491,1788.03351886758,1830.6764929348092,1.0479685218451689,1.0773798473958918,0.5312758943931866
2025-07-20,7,0.8006239826370047,0.5783340169896031,0.750773307682473,0.7397886439828834,0.9233185364338665,0.31995433747464747,0.33155675583457134,48,88,48,88,48,81,44,86,0,-7,-4,-2,5055.642075581378,8195.394881415747,11046.146415225701,11046.146415225701,5990.504339644323,2850.7515338099547,1.862492755776163,1.0373489147297157,1.3807683019032098
2025-07-21,7,0.9551410743353228,0.6205883138843803,0.6810446472179146,0.7365051821634439,0.8245098814538308,0.27678703946437455,0.27823705803067084,35,71,35,71,48,76,42,74,13,5,7,3,2793.652451554014,5081.05161257593,7059.795048142566,7059.795048142566,4266.142596588552,1978.7434355666355,1.4409954965826817,0.744786207418449,0.8824743810178193
2025-07-22,7,0.8046527400976667,0.29621691888054913,0.6517356242295963,0.21661610133698758,0.5574811130557011,0.2405335445173442,0.2464992473109842,29,72,29,72,47,81,41,77,18,9,12,5,8239.727158618583,8370.162993948066,10547.633378043764,10547.633378043764,2307.90621942518,2177.470384095697,1.3200523866494391,1.2725098684807588,1.3184541722554703
2025-07-23,7,0.8378187737384699,0.5402929708891498,0.7229569740062223,0.4890664194222449,0.7078238856436028,0.25346793594284844,0.25795312734858905,31,72,31,72,43,77,36,88,12,5,5,16,5376.316986057996,7778.607848472324,9321.390183302105,9321.390183302105,3945.073197244109,1542.7823348297807,1.3674421116529394,1.083958456617859,1.1651737729127634
2025-07-24,7,-0.805249593054802,-0.8877168573900072,0.7730714946853414,-0.9572886881625043,0.782859291547582,0.3818427721855528,0.3772678766299456,18,47,18,47,51,77,31,48,33,30,13,1,-2396.2399121997773,2685.460698190963,3658.566112900144,3658.566112900144,6054.8060250999215,973.1054147091813,0.4900967443237434,0.3046150462062096,0.4573207641125183
2025-07-25,7,0.6276044492674986,-0.4030424267224737,-0.045252953480800134,-0.44272834857055027,-0.11894524846206753,0.205722066113286,0.20361638240212168,0,35,0,35,51,88,60,88,51,53,60,53,-1525.5011773295428,-575.7087821641294,7842.5913977441905,7842.5913977441905,9368.092575073733,8418.30017990832,0.9884601862124338,0.4625954648292634,0.9803239247180255
2025-07-26,7,0.8922680412371133,0.25061741450552794,0.3712345507322606,0.1693657191269984,0.3207112730335186,0.2546131760883983,0.2602943356297909,64,73,64,73,51,88,64,88,-13,15,0,15,-1493.9484306271568,174.24000646732895,4953.329478893666,4953.329478893666,6447.277909520823,4779.089472426337,1.3473397732448724,0.6545363778538036,0.619166184861708
2025-07-27,7,0.7957677699403147,-0.3055471740101648,-0.11681788254843255,-0.3960674157303371,-0.12785154919986383,0.28892035523041604,0.29558367758736126,27,71,27,71,51,88,40,88,24,17,13,17,-2735.3921722274563,-790.1771090641721,8438.64817021972,8438.64817021972,11174.040342447177,9228.825279283892,1.4073320853922056,0.6804211004010465,1.0548310212774652
2025-07-28,7,0.6608247422680411,0.38365900382987866,0.606492488108048,0.4540420454291266,0.7663731222949919,0.2779557289338975,0.28117626027029186,57,81,57,81,48,77,60,88,-9,-4,3,7,385.39653569474024,1665.2011383292574,1781.562628890506,1781.562628890506,1396.1660931957658,116.3614905612485,1.451125341555933,0.8562968158259388,0.2226953286113158
2025-07-29,7,0.9406809549647315,0.8972888009855906,0.9290736896469978,0.9211333657015479,0.9548072716001619,0.23364660225293313,0.24006343691248236,32,88,32,88,49,88,39,88,17,0,7,0,14501.197630031638,14501.197630031638,14501.197630031638,14501.197630031638,0.0,0.0,2.0725780105722817,1.4575004018797104,1.8126497037539533
2025-07-30,7,0.8904639175257733,0.6882748185772679,0.8092657153129723,0.7107367668466094,0.8539106822969844,0.2893069038217024,0.2995629158269074,52,69,52,69,48,87,41,74,-4,18,-11,5,993.1034552184768,6568.010591246528,16114.259429209314,16114.259429209314,15121.155973990837,9546.248837962787,1.5838919074499387,0.7998597718370046,2.0142824286511694
2025-07-31,7,0.793421052631579,0.03481956643819729,0.23038843989174093,-0.06871073733949985,0.18627317457882503,0.3146150725077086,0.33136343372755384,28,72,28,72,51,77,52,75,23,5,24,3,821.8793797729116,2547.3673249190874,4110.484924612919,4110.484924612919,3288.605544840007,1563.1175996938314,0.8734216598860947,0.5722003225706871,0.5138106155766184
2025-08-01,8,0.7987113402061855,-0.49222334968519643,-0.08366227848679995,-0.49739296411497386,-0.0422403924068271,0.22424966188265996,0.23559341414711316,0,70,0,70,48,75,39,73,48,5,39,3,9908.052394272072,13666.252397192917,17185.71664511876,17185.71664511876,7277.664250846687,3519.464247925842,1.0341140476147634,0.8273283537694587,2.148214580639846
2025-08-02,8,0.9169017905588714,0.49833072587337035,0.5144550299298395,0.4747173805614577,0.4569514448079204,0.2708772400265284,0.2823303531122501,0,72,0,72,48,80,44,88,48,8,44,16,26321.598438325804,11872.75011732701,30744.680795710425,30744.680795710425,4423.082357384621,18871.930678383414,1.336677387549618,1.0575231351776342,3.843085099463799
2025-08-03,8,0.9245930548019533,0.7793800177064144,0.8342551348353193,0.9115192272924364,0.9493903089975066,0.1244658777669219,0.12044111366091934,51,78,51,78,44,88,51,76,-7,10,0,-2,3618.5827573289007,15367.234312106339,17038.378234347678,17038.378234347678,13419.795477018777,1671.1439222413392,1.05895762017761,0.6104849599738138,2.1297972792934594
2025-08-04,8,0.916101465002713,-0.0973428694840266,0.12530057311879386,-0.20003833625005737,-0.03898410043645493,0.2213322445566669,0.21457159137658857,32,46,32,46,51,88,52,78,19,42,20,32,-11453.793395610544,77.4566166528507,10924.796549303559,10924.796549303559,22378.589944914103,10847.339932650708,1.1383883261357326,0.37935080303033963,1.365599568662942
2025-08-05,8,0.5607840477482366,0.006451167054397062,0.6078670866770045,-0.24102787740374382,0.44201215909497504,0.4043371023507411,0.4184748902808219,5,73,5,73,51,88,37,75,46,15,32,2,6166.214135280485,12319.216074850645,13552.152854897995,13552.152854897995,7385.93871961751,1232.93678004735,1.5633784388383782,0.884346152043701,1.6940191068622452
2025-08-06,8,0.9075284861638633,0.7083360585203108,0.7954753392717183,0.7656705566590666,0.8226025456628671,0.19408185091344396,0.19556573577334257,46,72,46,72,49,88,42,88,3,16,-4,16,9432.928729317999,9975.955381327498,13913.081536702024,13913.081536702024,4480.152807384025,3937.126155374526,1.4982645313522749,1.2054935414475167,1.7391351920877476
2025-08-07,8,0.7436109603906673,-0.2459337866616143,0.14681285615133308,-0.2611472097722756,0.019488978976549914,0.20849342556279446,0.20396473549281974,28,49,28,49,49,75,45,64,21,26,17,15,-12272.701383427417,-5864.6814789789305,11455.45406648962,11455.45406648962,23728.155449917038,17320.13554546855,0.6038291213895306,0.3023907353782054,1.431931758311201
2025-08-08,8,0.8846717308735758,-0.1363881455533909,0.2474091998395952,-0.22377182509462182,0.14653044326453243,0.1872599385188171,0.18113063234695528,3,41,3,41,55,88,58,88,52,47,55,47,1023.7749646919292,1949.6721510973475,29783.90952084447,29783.90952084447,28760.13455615254,27834.237369747123,1.2714469785623521,0.9056390148214017,3.72298869010556
2025-08-09,8,0.7934617471513837,-0.3904508657476711,0.09495195614925883,-0.4721134532342816,-0.04146378837229429,0.3237638883489891,0.3170743715975704,6,45,6,45,50,78,52,71,44,33,46,26,-4120.79889968946,-1369.7926035645119,4437.481201060258,4437.481201060258,8558.280100749718,5807.2738046247705,1.4464088278099823,0.33441690161973625,0.5546851501325336
2025-08-10,8,0.9121134020618556,0.4041821851482427,0.5227146058332119,0.5113829966447174,0.6611326932731023,0.2295668070511594,0.2251972549823477,49,78,49,78,49,80,50,77,0,2,1,-1,4942.754632146467,5494.043280847447,5560.1551611884715,5560.1551611884715,617.4005290420046,66.11188034102452,1.3214030677102815,0.6792630982713916,0.6950193951485588
2025-08-11,8,0.9045713510580574,0.8409130764116192,0.8327962916758885,0.8972045934573288,0.8633724112810549,0.3571431098041027,0.38113698898416953,52,77,52,77,49,88,38,83,-3,11,-14,6,8745.780023354931,9761.986528235913,11675.597942907414,11675.597942907414,2929.8179195524826,1913.6114146715008,2.3152051414152925,1.5625984310450645,1.4594497428634274
2025-08-12,8,0.9369641888225719,0.878675843214288,0.9490753187301942,0.9004670162398655,0.9750667533529739,0.24912682322794052,0.250914347982306,42,72,42,72,49,88,41,74,7,16,-1,2,8685.11781584121,14799.1576169899,15103.674390694847,15103.674390694847,6418.556574853637,304.5167737049469,1.8717083839280484,1.326434459855153,1.8879592988368565
2025-08-13,8,0.9325013564839933,0.864766607043281,0.9071637775329305,0.8879166152472965,0.9098608693514028,0.1538800157755101,0.1482591695632336,48,87,48,87,50,80,41,88,2,-7,-7,1,9172.581983362188,16429.080633905287,16702.203728999713,16702.203728999713,7529.621745637525,273.1230950944264,1.6543633937519484,1.313795493386281,2.0877754661249677
2025-08-14,8,0.9818095496473142,0.7946079872849748,0.7907447465109373,0.9072811528783197,0.9090437401469379,0.20622531344303607,0.2062136662642022,59,73,59,73,51,76,53,75,-8,3,-6,2,989.6644030723495,1083.7754489434906,1345.6969690087676,1345.6969690087676,356.0325659364181,261.92152006527704,1.2873315944521613,0.6268847597028282,0.1682121211260963
2025-08-15,8,0.9371676614215952,0.8814250515722795,0.8885847805780817,0.9052761923062845,0.8956924680576774,0.4294551561905178,0.4378171238878904,34,71,34,71,44,88,41,75,10,17,7,4,9035.0676179447,10593.934918223895,11707.411561280458,11707.411561280458,2672.343943335758,1113.4766430565633,1.801181320536698,1.484467299770678,1.463426445160057
2025-08-16,8,0.7713781877373846,0.2931494384698337,0.013725584142024986,0.3870973233663054,0.09651896713982182,0.12860868663492328,0.11010427540069825,1,71,1,71,48,76,40,87,47,5,39,16,1342.8178365460074,-540.14751954674,7921.590974888137,7921.590974888137,6578.77313834213,8461.738494434876,1.055810238764801,0.8271984401315962,0.9901988718610212
2025-08-17,8,0.6675393380358111,0.6293611911174176,0.907291712579436,0.7304095475036902,0.9746853345136952,0.35380857210463384,0.35372609391537146,48,71,48,71,47,78,51,73,-1,7,3,2,7353.63199015968,7985.218211634226,8017.03183000727,8017.03183000727,663.3998398475906,31.813618373044847,1.6529131297676152,0.6013093052489618,1.0021289787509104
2025-08-18,8,0.7660607704829083,0.2179289415040511,0.3287596886898372,0.35537297956133157,0.35511743198380474,0.15402918561835385,0.14365639353379142,0,71,0,71,44,72,47,74,44,1,47,3,3580.3618762155243,3484.4183659260966,3929.5767837345993,3929.5767837345993,349.21490751907504,445.1584178085027,0.8871142242048018,0.7836946406697676,0.4911970979668243
2025-08-19,8,0.9095225176342919,0.039217506683757154,0.12201606238939487,-0.02926480477467934,0.05068991053903881,0.1249275153305195,0.11538583437943296,0,72,0,72,51,76,40,75,51,4,40,3,-2188.7292236379176,12173.87555931339,15481.89059272279,15481.89059272279,17670.619816360708,3308.0150334093996,1.0413321440082495,0.8556659194347853,1.9352363240903503
2025-08-20,8,0.91706456863809,0.8726404863819518,0.931403948991451,0.8932779487621828,0.9461707504515264,0.17335049352115814,0.17399937847978664,44,67,44,67,52,80,42,88,8,13,-2,21,5214.986945926447,3508.004982587872,6540.278660110744,6540.278660110744,1325.2917141842963,3032.273677522872,0.894407183112957,0.5592913601472862,0.8175348325138447
2025-08-21,8,0.8424036896364623,0.5524988275375927,0.7524160318330607,0.6374245147280118,0.7991519763606671,0.3625743311854251,0.36978585751647824,53,74,53,74,50,88,54,76,-3,14,1,2,2476.973331545051,7826.150119769001,8483.139515514424,8483.139515514424,6006.1661839693725,656.9893957454224,1.58696284844964,0.842873809156635,1.060392439439299
2025-08-22,8,0.9521703743895822,0.8306702456007777,0.9195008693531262,0.871917123456836,0.9538152539383408,0.1274280825711949,0.12344105021598016,45,71,45,71,47,78,46,75,2,7,1,4,3930.52164820028,4342.558907920606,4931.1553868876545,4931.1553868876545,1000.6337386873743,588.5964789670488,1.3736791935246329,1.3433271775232312,0.6163944233609602
2025-08-23,8,0.794397721106891,0.6949010573147915,0.756610653311414,0.7125638406537284,0.7817160367722166,0.16978433348050223,0.17094751803469602,35,76,35,76,49,77,52,76,14,1,17,0,4404.620914642741,5670.85064631748,5734.267913182307,5734.267913182307,1329.646998539566,63.41726686482707,1.214183817081386,0.9567560865738045,0.716783489147792
2025-08-24,8,0.9295577862181227,0.40318554829655834,0.5250312111692749,0.4072522982635343,0.5341164453524005,0.2031835781745596,0.20745225152906882,0,70,0,70,50,78,46,88,50,8,46,18,4941.31029387233,6019.750599014662,23569.542292794547,23569.542292794547,18628.231998922216,17549.791693779887,1.584064599667606,1.0531085259990167,2.9461927865993176
2025-08-25,8,0.963659793814433,0.9013794666635734,0.9285060708105759,0.9108095915344571,0.9470799036766646,0.13558688402552435,0.13535925887929762,48,71,48,71,49,78,44,74,1,7,-4,3,4384.327007482576,4062.1950332844754,5242.117599674983,5242.117599674983,857.7905921924066,1179.9225663905072,1.3704742188189254,1.030179031899543,0.655264699959373
2025-08-26,8,0.5590341833966359,0.4626108410578264,0.757313193400281,0.5177706481426347,0.7846751092129058,0.17991457292836258,0.18752719917032162,0,14,0,14,43,66,37,56,43,52,37,42,497.30730104559734,2805.693906108211,3809.5567270604506,3809.5567270604506,3312.2494260148533,1003.8628209522394,0.3970414113406644,0.4333768182097213,0.47619459088255645
2025-08-27,8,0.9378459034183396,0.8185277837788347,0.8972611212890448,0.8738896355251202,0.9522228626102199,0.08233263650317442,0.0738102829483195,51,79,51,79,49,76,53,78,-2,-3,2,-1,5449.501033763347,6256.062156289638,6658.418531939045,6658.418531939045,1208.9174981756987,402.3563756494077,0.7208344104547741,1.0008993732071598,0.8323023164923855
2025-08-28,8,0.9510987520347259,0.8831562791355861,0.9213744077262478,0.8752747783301754,0.9217010100310743,0.14855682199634104,0.13528198716390002,49,75,49,75,51,81,52,88,2,6,3,13,9925.848932389956,10263.808181728644,12343.683928741353,12343.683928741353,2417.8349963513974,2079.8757470127093,1.202319248100281,1.3177758298510156,1.5429604910926673
2025-08-29,8,0.9418746608790015,0.7394039925633116,0.8522570266024874,0.7904967424538009,0.8886874290945291,0.18150670897527385,0.1778981192752339,61,69,61,69,49,75,52,74,-12,6,-9,5,2344.574595961952,3666.7072178418057,5534.640639253289,5534.640639253289,3190.066043291337,1867.9334214114833,1.2566445380162774,0.8628159908734947,0.691830079906663
2025-08-30,8,0.9516684753119914,0.7269430382365532,0.7681108949064805,0.7763790290829732,0.8188172586376326,0.24332557735839278,0.25399812688975715,57,85,57,85,47,77,45,86,-10,-8,-12,1,6044.587490878497,6744.487095085482,7539.8275544115995,7539.8275544115995,1495.2400635331023,795.3404593261175,1.6193351004147045,0.8709480411052759,0.9424784443014484
2025-08-31,8,0.9489555073250135,0.90075595152697,0.9301766858972133,0.9630377121544372,0.9712789910660456,0.2532822406732556,0.260969586529278,49,81,49,81,45,75,46,80,-4,-6,-3,-1,8017.03183000727,8239.727158618582,8494.23610560294,8494.23610560294,477.20427559566997,254.50894698435877,1.6281488027706459,1.0475679986256052,1.0617795132003662
2025-09-01,9,0.9331660336408031,0.6175037776393874,0.6754848337646623,0.6350463273742865,0.6948861339289011,0.40182966832983685,0.4169138454158766,53,66,53,66,48,75,42,72,-5,9,-11,6,5790.078543894139,6553.605384847213,7673.0470813487245,7673.0470813487245,1882.9685374545852,1119.4416965015116,1.5064186721621544,0.791192814035572,0.9591308851685891
2025-09-02,9,0.9316739012479652,0.64508861265557,0.6738259666253622,0.6230099605113993,0.6357922036184315,0.41685243755515194,0.44191190723697016,44,81,44,81,51,88,46,87,7,7,2,6,5798.626863150977,6456.542035191054,7323.284979593634,7323.284979593634,1524.6581164426561,866.7429444025793,1.6884211042292676,0.7731998628527803,0.9154106224492041
2025-09-03,9,0.9682040151926208,0.7394680575262383,0.7871710491329915,0.7125429941493941,0.7462032251964152,0.2608635532154246,0.26956758760819477,49,67,49,67,49,76,48,74,0,9,-1,7,7886.917312223355,7921.590974888137,8892.914826968426,8892.914826968426,1005.9975147450714,971.3238520802897,1.6684237837281888,1.2574188478430202,1.1116143533710545
2025-09-04,9,0.9144058600108519,0.6124814131504334,0.7179459660883215,0.5583982648432565,0.670628248535036,0.2771271423230069,0.27764884073883844,55,73,55,73,48,74,48,75,-7,1,-7,2,4676.601900837575,4644.788282464529,8239.727158618583,8239.727158618583,3563.1252577810083,3594.938876154054,1.3690369286661772,1.179887931601316,1.0299658948273267
2025-09-05,9,0.9197368421052631,0.664934935159142,0.8046994116389454,0.6846558505563246,0.8355266519197162,0.4823556622598874,0.5008453145951581,57,73,57,73,51,88,59,77,-6,15,2,4,7539.8275544115995,8461.878474355717,10689.375773343028,10689.375773343028,3149.548218931429,2227.4972989873113,2.2594255551078466,1.1921467998692679,1.3361719716678775
2025-09-06,9,0.9633071079761258,0.9495233804090717,0.9466431484372477,0.9376729949351525,0.9330921270915647,0.44459056983192746,0.465344121550939,35,88,35,88,52,88,39,88,17,0,4,0,7189.877752308108,7346.053986263221,7348.945844173331,7348.945844173331,159.06809186522332,2.8918579101100477,2.543323496143287,1.1331067494277987,0.9186182305216668
2025-09-07,9,0.8860553445469344,0.7346950806570047,0.8565320319673211,0.7304437428286171,0.8263510386602475,0.2026206117720745,0.20201576892678144,46,72,46,72,51,87,52,75,5,15,6,3,8271.54077699163,20106.206811764267,24814.622330974886,24814.622330974886,16543.081553983255,4708.415519210619,2.1196400586673327,1.5102272806804855,3.101827791371864
2025-09-08,9,0.8513157894736841,0.6854746841427216,0.875599981043924,0.6842260095588366,0.8774580008848089,0.33107322525849847,0.33972468109426374,51,69,51,69,51,76,50,75,0,7,-1,6,10218.050654422697,10508.862121332535,20080.27235006656,20080.27235006656,9862.221695643862,9571.410228734025,1.9171480894482684,1.4402786047267897,2.5100340437583193
2025-09-09,9,0.9761937059142701,0.8983308400750897,0.8994486671710958,0.9048201004381599,0.9145428490545152,0.4065909768591527,0.4255467503567538,48,73,48,73,48,76,51,76,0,3,3,3,18897.289313588568,18324.644182873762,22555.85542648871,22555.85542648871,3658.566112900142,4231.211243614947,2.197046583915699,1.4407107735760878,2.819481928311089
2025-09-10,9,0.9308871405317417,0.8515889720678904,0.930666213645927,0.8716410790054391,0.9619183428582624,0.6011882453745394,0.6263916605319823,52,76,52,76,49,74,54,76,-3,-2,2,0,5412.517702404682,6763.524364319911,6763.524364319911,6763.524364319911,1351.0066619152294,0.0,1.5488998181156868,0.7641055575583788,0.8454405455399874
2025-09-11,9,0.9104313619099295,0.5516921037184384,0.7382459011018893,0.61277389119203,0.8092599223998432,0.4210993292792177,0.42653387061663256,39,62,39,62,42,75,38,70,3,13,-1,8,6789.846952161769,8419.78905724818,8893.14388502071,8893.14388502071,2103.2969328589415,473.3548277725313,1.6644277559401226,1.0590282749631084,1.111642985627589
2025-09-12,9,0.9725718936516549,0.506984535614664,0.4944900583790548,0.6492714931708579,0.6159085054863207,0.16320584113990258,0.1622030422790319,32,69,32,69,49,74,49,74,17,5,17,5,1079.5378749762008,1079.5378749762008,5677.372438083954,5677.372438083954,4597.834563107754,4597.834563107754,1.2948351151404394,0.6551902414333002,0.7096715547604933
2025-09-13,9,0.8969886055344547,0.706929369835564,0.7905815694296424,0.6857513465608036,0.7577976481839768,0.6636875751529102,0.7012569133729097,23,88,23,88,51,88,48,88,28,0,25,0,5453.468191974465,5449.8573462891245,5455.46926857013,5455.46926857013,2.0010765956649266,5.611922281005718,2.274974867580092,0.9118711876757373,0.681933658571266
2025-09-14,9,0.8801817688551276,0.29892198384508895,0.5542742459680463,0.30603437278550494,0.5477838216926127,0.3549935080839746,0.36425876788860695,55,69,55,69,45,74,54,72,-10,5,-1,3,16596.36936475811,29084.50620908411,37794.00916340826,37794.00916340826,21197.639798650147,8709.502954324147,1.8599696961776955,0.9537565016477938,4.724251145426034
2025-09-15,9,0.8844411285946826,0.852197049038481,0.9419512964244723,0.8574979907251855,0.9585089024558312,0.5291848826746671,0.5640337437449285,36,75,36,75,50,86,51,78,14,11,15,3,7062.623278815929,7158.064133935062,7262.180562784526,7262.180562784526,199.5572839685974,104.11642884946377,2.169746837115852,1.0261694166527242,0.9077725703480656
2025-09-16,9,0.9020482908301682,0.6870239017475874,0.8420047710699327,0.732244730104819,0.8605118576250405,0.17372661045056517,0.18111319863764902,46,65,46,65,45,88,45,88,-1,23,-1,23,31877.245609790814,31877.245609790814,32795.513890510374,32795.513890510374,918.2682807195597,918.2682807195597,1.1351752866157954,0.9098062445897277,4.099439236313795
2025-09-17,9,0.9148128052088985,0.7387878460336871,0.7354355302239656,0.8043350664135829,0.7859630107676068,0.14219731419927348,0.14628647936316352,57,68,57,68,48,77,51,83,-9,9,-6,15,25685.82236331153,32663.557364222666,34819.496291403484,34819.496291403484,9133.673928091954,2155.9389271808177,1.752528224852453,1.2288569576167685,4.35243703642543
2025-09-18,9,0.9327183939229516,0.250277661992068,0.32903793555699995,0.21825177266514784,0.3024285191505474,0.21381871590145907,0.2182492234902607,54,65,54,65,45,75,44,72,-9,10,-10,7,16810.315948316835,24528.299765617485,32148.628499960232,32148.628499960232,15338.312551643397,7620.328734342747,1.5102732150571647,1.0159271902464475,4.0185785624950405
2025-09-19,9,0.9438008681497558,0.3173284921354301,0.3229274380267662,0.21897817378797702,0.2297406130005131,0.39200102663572983,0.40822380518632906,1,83,1,83,47,78,41,83,46,-5,40,0,7829.331481606308,10002.201616485261,13626.008169951016,13626.008169951016,5796.676688344707,3623.8065534657544,1.49753913637704,0.9940482258609613,1.703251021243878
2025-09-20,9,0.9492946283233857,0.3841446388446906,0.5152422121125952,0.3263572332089273,0.45819234382259144,0.14558246153004584,0.1432767503822305,36,66,36,66,47,74,46,71,11,8,10,5,4333.0148224086915,8131.560856150232,14612.977959547172,14612.977959547172,10279.96313713848,6481.41710339694,0.9332559192067986,0.8217013049651616,1.8266222449433966
2025-09-21,9,0.8780792186652199,0.5790993547425558,0.8067726440759826,0.5614742934967655,0.8225059584610148,0.17569640479989235,0.1787878481372283,42,64,42,64,48,72,43,69,6,8,1,5,829.2696833209702,3289.2004595035824,3813.9215555012324,3813.9215555012324,2984.651872180262,524.7210959976501,0.39678211003109,0.6189803651508932,0.4767401944376539
2025-09-22,9,0.7400434074877916,0.2931513048799803,0.5438119431268852,0.43520087632167637,0.7099341994784999,0.4355064624366758,0.45234897652128714,0,25,0,25,48,74,0,24,48,49,0,-1,-318.1361837304472,2869.2511528938794,2920.585607500625,2920.585607500625,3238.721791231072,51.33445460674557,1.3511032363357423,0.44947068096428766,0.36507320093757845
2025-09-23,9,0.6938686923494303,-0.13085299553456134,0.3620173101845952,-0.14208673713469389,0.3666026801692884,0.5015611772548114,0.5197886225802075,60,83,60,83,49,88,63,87,-11,5,3,4,-1291.031628558365,5256.0010627329775,6171.437931417339,6171.437931417339,7462.469559975704,915.4368686843618,2.2210081989140846,0.7125434307861269,0.7714297414271689
2025-09-24,9,0.9749050461204557,0.9062780542854968,0.9042623814284085,0.9154565183486963,0.9232298264731462,0.22719259587178012,0.22212818441281065,36,73,36,73,47,76,48,74,11,3,12,1,14157.060176004903,15588.673002791915,15906.809186522361,15906.809186522361,1749.7490105174584,318.13618373044665,2.158001925432779,1.5667077168763974,1.9883511483152954
2025-09-25,9,0.8294763971785133,-0.5247300698954305,-0.47793342932375343,-0.5479328543754387,-0.5221955564672228,0.12292988130092401,0.11603653723727857,15,62,15,62,49,72,51,86,34,10,36,24,2333.2712173540094,-1176.343534323538,14059.039236435716,14059.039236435716,11725.768019081706,15235.382770759254,0.7755000004667121,0.5920402038723047,1.7573799045544605
2025-09-26,9,0.9575691806836678,0.7025999946160999,0.7491794069629579,0.7933617682110831,0.8267146809427269,0.17810036228681625,0.1857486436654126,0,15,0,15,48,73,50,72,48,58,50,57,3785.8205863923226,4231.211243614949,21780.630718059863,21780.630718059863,17994.810131667542,17549.419474444912,1.3924428604321726,1.0238982948377942,2.7225788397574835
2025-09-27,9,0.8784725990233316,0.4277635092907129,0.36911578104382714,0.48370879903563796,0.4109400311626899,0.2251702122130196,0.2354965152268924,55,88,55,88,51,86,57,88,-4,-2,2,0,1567.8610101932538,2532.364022494363,2564.1776408674077,2564.1776408674077,996.3166306741539,31.813618373044847,1.6392551915534668,1.0515359748859279,0.3205222051084311
2025-09-28,9,0.8682311448724905,0.6144437144050244,0.7607686617900401,0.6333611400499041,0.7414409507535253,0.23706638299334917,0.2397571729328616,54,67,54,67,47,75,44,73,-7,8,-10,6,7885.17392593651,9711.418781831957,17425.75039574338,17425.75039574338,9540.57646980687,7714.331613911423,1.8395303011315836,1.1045785210348402,2.1782187994679223
2025-10-01,10,0.9129951166576235,0.6053812135617805,0.8068441977168391,0.6393850790240163,0.8414731206821515,0.20042811459077225,0.20586042779507532,0,19,0,19,53,72,52,70,53,53,52,51,-468.95182298970303,-214.44287600534528,10953.4288058393,10953.4288058393,11422.380628829003,11167.871681844645,0.7020537373085389,0.38623035254837035,1.369178600729913
2025-10-02,10,0.951465002712968,0.22180955060652094,0.39468426534394835,0.22675980421820632,0.40919094420138497,0.39470905830034053,0.41739967857126736,58,71,58,71,49,74,51,72,-9,3,-7,1,5758.2649255210945,6185.025527824466,7057.176787350463,7057.176787350463,1298.9118618293687,872.1512595259974,1.4678519415831608,0.5967607500253704,0.8821470984188085
2025-10-03,10,0.966087900162778,0.9107260322829517,0.9420469697865537,0.9360822844546632,0.9813133659632873,0.3019496397146146,0.31832095863952264,34,71,34,71,46,74,43,73,12,3,9,2,8653.304197468166,8685.11781584121,8844.185907706433,8844.185907706433,190.88171023826726,159.06809186522332,1.9223956536788114,1.252840312549159,1.1055232384633042
2025-10-04,10,0.8387547476939772,0.3396354027599283,0.1547532826437821,0.43939393939393945,0.11064010895471572,0.1454527816549156,0.13949535913447897,0,83,0,83,46,72,50,74,46,-11,50,-9,-569.5942047128292,1409.0506086368498,14344.219692893525,14344.219692893525,14913.813897606353,12935.169084256675,1.0310264510204608,0.7849518750788214,1.793027461611689
2025-10-05,10,0.7771432447097124,0.05724618547013604,0.528978665761721,0.1347997071987512,0.6197415687239379,0.12619282916396446,0.12854795494603205,16,75,16,75,46,82,42,79,30,7,26,4,11124.490631831155,14600.137983171804,27690.118497155396,27690.118497155396,16565.62786532424,13089.980513983592,0.5328158022969554,0.2919376842087438,3.461264812144413
2025-10-06,10,0.9037981551817689,0.6442835735276864,0.678168212613608,0.7288359231968695,0.712194084492713,0.07567025256241743,0.06351915351000721,5,21,5,21,49,74,47,77,44,53,42,56,4554.533047140202,4458.866315330619,16639.969928738366,16639.969928738366,12085.436881598165,12181.103613407748,1.195022607429106,1.2173872138886548,2.079996241092296
2025-10-07,10,0.756470428648942,0.5350806355284569,0.8003336448429422,0.4464712842456969,0.7295346402600037,0.13812797987972072,0.14218092552757008,42,66,42,66,48,88,50,68,6,22,8,2,4480.324600923238,11549.520573295038,13434.693794502875,13434.693794502875,8954.369193579638,1885.1732212078368,1.1486977008865367,1.0214423835838655,1.6793367243128596
2025-10-08,10,0.7842783505154639,-0.03187443429742718,0.34720535584278567,0.035257065032345936,0.3576779026217229,0.23605803284216995,0.24918855062458833,30,47,30,47,56,88,57,88,26,41,27,41,-4492.082914273915,-2958.666508693159,17107.04156688222,17107.04156688222,21599.124481156134,20065.708075575378,0.5314207647578613,0.22021229461659964,2.138380195860279
2025-10-09,10,0.8249457406402604,-0.0018017997200562006,0.19773321927838985,0.2372714202168273,0.5614512372360926,0.14448664759197305,0.14536814148870766,64,88,64,88,50,72,63,88,-14,-16,-1,0,3346.5063302789495,11411.05179932636,11716.462535707591,11716.462535707591,8369.956205428642,305.4107363812309,0.6524038481181389,0.4080499704204712,1.4645578169634348
2025-10-10,10,0.8549240368963645,-0.2149279376945131,-0.19434401779891944,-0.36644151911634154,-0.2962925131222936,0.16523512810431884,0.16651101625400722,25,63,25,63,47,72,42,73,22,9,17,10,-2136.5389826969367,-3531.8524709203048,24860.30350559674,24860.30350559674,26996.842488293678,28392.155976517046,0.5528759757523769,0.5086297750766171,3.1075379381995933
2025-10-11,10,0.9172544763971785,0.3992751168128255,0.5896828624068896,0.4735410668780804,0.6398239624972074,0.13252881458620555,0.1251999657116472,39,64,39,64,45,73,44,71,6,9,5,7,5615.157725993629,9979.521687947117,23880.72083818681,23880.72083818681,18265.56311219318,13901.199150239694,1.1318800210551725,1.1989326397524334,2.9850901047733522
2025-10-12,10,0.9137954422137818,0.8011784059155005,0.823419410576269,0.8567610244274871,0.852819877749263,0.3312154260499183,0.3497881706120177,49,70,49,70,50,74,51,72,1,4,2,2,6360.993013769451,9415.100377581744,10051.37274504264,10051.37274504264,3690.3797312731886,636.2723674608951,1.2898115248267246,0.8518026980983784,1.2564215931303266
2025-10-13,10,0.959386869234943,0.7447892117730803,0.7962780296248518,0.7823696150233646,0.8395457911930915,0.25858354841671666,0.2649185226181546,47,68,47,68,50,72,50,72,3,4,3,4,5644.073123732888,5644.073123732888,6560.079456186127,6560.079456186127,916.0063324532384,916.0063324532384,1.7882308944488523,0.9467807879862145,0.8200099320232654
2025-10-14,10,0.9390396093326099,0.8439849271596781,0.9045724880782169,0.8534716843319441,0.9130653138338434,0.43338499260023006,0.4422771207929757,45,82,45,82,47,88,45,88,2,6,0,6,12067.665794374981,12072.65735109771,23334.18514407076,23334.18514407076,11266.51934969578,11261.527792973051,1.8429361072437256,1.3818978528483177,2.9167731430088466
2025-10-15,10,0.890491047205643,0.3241855410086582,0.39074657106564376,0.5987078432573987,0.5966223463981102,0.17079314385205846,0.15626014292490825,11,23,11,23,49,73,52,71,38,50,41,48,4218.670315252293,4858.124044550492,14486.121156284655,14486.121156284655,10267.450841032361,9627.997111734163,1.1613489398988008,0.7666116109181544,1.8107651445355777
2025-10-16,10,0.665138361367336,0.030548782181676323,0.6245552002606514,-0.014646747210716697,0.6420540950066003,0.2524381307559968,0.25369079423360597,39,61,39,61,49,88,40,85,10,27,1,24,627.9721944273676,3692.5526014080674,4568.566034204552,4568.566034204552,3940.5938397771843,876.0134327964847,0.6878145188429317,0.7348943621258952,0.5710707542755751
2025-10-17,10,0.9253255561584374,0.2812115722489548,0.3827879097161394,0.295838848482627,0.3821688039224429,0.40921877677136625,0.42562280269745567,0,73,0,73,49,88,43,86,49,15,43,13,6164.349857243826,6240.451213753985,15486.258602525406,15486.258602525406,9321.90874528158,9245.80738877142,1.9135439940993937,1.297976973908722,1.9357823253156754
2025-10-18,10,0.9327183939229516,0.44099931321868263,0.44560303192868106,0.5032378092559011,0.5035017704763024,0.20477951286585272,0.20526150108396216,0,14,0,14,50,72,43,73,50,58,43,59,-1870.3289868749737,-2669.569795813627,3072.1838617718595,3072.1838617718595,4942.512848646833,5741.7536575854865,1.1109857529544964,0.5012275028712843,0.3840229827214805
2025-10-19,10,0.9630765056972327,0.8991832573746398,0.8975657523842753,0.9288611796264051,0.9155128065966079,0.20024586001637915,0.20154686616852438,46,74,46,74,47,78,49,81,1,4,3,7,13184.944164827128,12114.10095175228,13575.663118875675,13575.663118875675,390.71895404854695,1461.5621671233948,2.0320371537283464,1.4929297444026606,1.6969578898594584
2025-10-20,10,0.7747422680412371,0.4551616834641327,0.6930747416643386,0.5040626191493781,0.7789075846047767,0.19135338692510961,0.19079475399774817,53,63,53,63,48,88,51,76,-5,25,-2,13,3102.798106732239,4427.517175785821,7375.971512981234,7375.971512981234,4273.173406248995,2948.4543371954132,1.8870329335342557,1.2849116242181484,0.9219964391226512
2025-10-21,10,0.8643244709712425,0.6532315617290062,0.7098673924151065,0.7929452256792682,0.8785035838643471,0.12183391395605891,0.11530068006654678,38,88,38,88,45,84,43,73,7,-4,5,-15,2249.827277723349,2232.6065660980203,3713.886813889032,3713.886813889032,1464.0595361656829,1481.2802477910118,1.1368697742135438,1.2893309670920754,0.46423585173613713
2025-10-22,10,0.8012615301139447,-0.14967477663287052,-0.23404903102295324,-0.16281623489978914,-0.24759950983061466,0.2689901027179345,0.27809408880993564,5,39,5,39,50,88,44,71,45,49,39,32,3182.3480594740386,-9973.51209543645,18265.779444798118,18265.779444798118,15083.431385324078,28239.291540234568,0.9066366849378014,0.8094807445647874,2.283222430599761
2025-10-23,10,0.8375067824199676,0.14785347907249652,0.06532428111353147,0.10245256240170676,0.10704951991703056,0.2237431564848438,0.22356827577851499,55,63,55,63,47,73,50,69,-8,10,-5,6,-136.35316834687114,-598.3505343602258,6028.104855199423,6028.104855199423,6164.458023546294,6626.455389559648,1.5462172154531757,1.2909643549559497,0.7535131068999217
2025-10-24,10,0.8097124253933804,0.7929689428180451,0.8298450312994783,0.9070718379911676,0.8690028743003256,0.16901438478971484,0.1619629160797803,47,85,47,85,48,82,50,88,1,-3,3,3,18896.863011102363,18779.1526231221,18973.215695197672,18973.215695197672,76.35268409530909,194.06307207557256,1.6193624506542523,1.3625173153134966,2.371651961899726
2025-10-25,10,0.9774009766684753,0.8844192474177865,0.8783500983253704,0.9621752542053584,0.9610589918070122,0.3341939723301189,0.3485902157393911,53,66,53,66,51,88,50,88,-2,22,-3,22,10744.3115295496,10574.926281246,11193.12215074733,11193.12215074733,448.8106211977283,618.1958695013291,1.951007948993972,1.3529791822535842,1.399140268843425
2025-10-26,10,0.8142430819316332,0.8197607028675662,0.8335561397251718,0.8883146363542307,0.8819875968993846,0.26584257520342164,0.2644841031459336,48,74,48,74,49,73,49,81,1,-1,1,7,17809.263565230438,13139.02438806747,19018.18106340614,19018.18106340614,1208.9174981757023,5879.1566753386705,1.9402342337979857,1.8576889316501077,2.377272632925763
2025-10-27,10,0.9674036896364623,0.9049229397611732,0.9002694484312235,0.9278099195127005,0.9295218402168023,0.2227521413011998,0.20538670466544381,48,81,48,81,48,73,45,86,0,-8,-3,5,21976.675778560082,19010.77803441073,23751.87568377598,23751.87568377598,1775.1999052158972,4741.097649365249,2.288726252446037,2.1269464297121923,2.9689844604719955
2025-10-28,10,0.9639582202930005,0.8698061615148234,0.8805668479565855,0.946513494263227,0.9647591266347381,0.3008468640302034,0.3042869723607601,49,76,49,76,49,83,47,72,0,7,-2,-4,10638.32764130164,10298.13507595316,10870.337997372579,10870.337997372579,232.01035607093945,572.202921419419,1.612125068835442,1.196420362459948,1.3587922496715734
2025-10-29,10,0.9747015735214325,0.5110163957583908,0.576549825825,0.5209644120223371,0.5775789486515029,0.2892438609351334,0.3059628177090127,0,88,0,88,49,88,51,88,49,0,51,0,15883.884293122745,17616.15808306789,18469.746096273215,18469.746096273215,2585.86180315047,853.5880132053244,2.2524735975838226,1.6558295243816579,2.3087182620341578
2025-10-30,10,0.965979381443299,0.3656015253888587,0.3983015622338007,0.5191553847749371,0.5272593401474877,0.12237636037379639,0.11281043326987804,54,66,54,66,49,72,51,72,-5,6,-3,6,4363.342744803715,5054.15319824152,15900.032885808903,15900.032885808903,11536.690141005189,10845.879687567383,1.6073413190839343,1.1712516551583487,1.9875041107261069
2025-10-31,10,0.9393380358111774,0.9457259521207635,0.8986657993390201,0.9663513461295037,0.9495650932582577,0.26573149407559205,0.2526395395924955,47,86,47,86,50,71,46,73,3,-15,-1,-13,9824.045353596211,9802.548891661545,10358.816371637906,10358.816371637906,534.7710180416943,556.2674799763608,1.6563732857147588,1.2099997563964155,1.2948520464547357
2025-11-01,11,0.9799647314161694,0.9401438610181376,0.9419303415314699,0.9756379919355941,0.980132450473163,0.47610014965786007,0.4887222765917264,50,88,50,88,48,88,42,86,-2,0,-8,-2,12305.84799241029,11322.953527327725,12869.17809566547,12869.17809566547,563.330103255179,1546.2245683377441,2.46309419825472,1.772625741904191,1.608647261958188
2025-11-02,11,0.9571486706456864,0.6790855648991945,0.7606075865831846,0.6556009533537625,0.7201736465781411,0.20657212967510497,0.17528839247249503,53,66,53,66,47,70,50,71,-6,4,-3,5,5338.430147937535,5967.391745896304,10517.232284326481,10517.232284326481,5178.802136388946,4549.840538430177,1.6970790329452132,1.2334511842339655,1.314654035540813
2025-11-03,11,0.942322300596853,0.5545286635586733,0.5450548115427598,0.7533601050450064,0.7282064356059285,0.4279895150015241,0.4035702931229824,38,88,38,88,45,82,45,88,7,-6,7,0,5376.501505044558,13361.719716678785,13361.719716678785,13361.719716678785,7985.2182116342265,0.0,2.938202047033914,1.7466161023974651,1.6702149645848476
2025-11-04,11,0.96096039066739,0.9005934606222148,0.9557367062993389,0.9249126457399097,0.9714319963876896,0.26927007741905234,0.2723140508343528,51,68,51,68,48,72,51,70,-3,4,0,2,5542.26636357731,7005.546466092851,7323.682649823299,7323.682649823299,1781.4162862459889,318.13618373044756,1.6468133250598207,1.318354129627652,0.9154603312279175
2025-11-05,11,0.8473548562126967,0.22349103462844644,0.2263971480178948,0.4999361570818984,0.49772292022098763,0.2053799105256704,0.20546315788296382,0,22,0,22,48,69,0,22,48,47,0,0,2196.9085049216274,5662.824070401963,5662.824070401963,5662.824070401963,3465.9155654803353,0.0,0.934189333792455,0.5149506608874415,0.7078530088002428
2025-11-06,11,0.7601600651112317,0.46800657795816014,0.7557503483015378,0.5474588322431868,0.8074619820268369,0.2483559687065698,0.25973255059914163,51,64,51,64,50,70,51,63,-1,6,0,-1,-119.74645955614119,858.9676960722068,922.5949328182962,922.5949328182962,1042.3413923744374,63.627236746089466,0.56451534356232,0.2568912450394887,0.1153243666022874
2025-11-07,11,0.6115165491047206,0.02560684129540985,0.412810236156341,-0.21345636567925508,0.3223466922771587,0.5541676682490209,0.5764147051054338,29,73,29,73,51,72,49,73,22,-1,20,0,4142.355807499035,3512.420712818051,6793.795022201863,6793.795022201863,2651.4392147028275,3281.3743093838116,1.1289771262388528,0.6406050249051827,0.8492243777752334
2025-11-08,11,0.9103092783505154,0.8968724377728534,0.8654440500001729,0.9174157303370788,0.8865338781069119,0.8143318033727107,0.8481726491766044,49,86,49,86,47,88,44,83,-2,2,-5,-3,7842.845906691176,7479.337140437094,8037.637510627492,8037.637510627492,194.79160393631537,558.3003701903981,2.1356891266385305,0.7816427590763637,1.0047046888284363
2025-11-09,11,0.9501356483993488,0.9197279270668686,0.9201608436886209,0.9317515378204613,0.944181248405033,0.3917731810236685,0.398883114301568,37,71,37,71,46,71,40,71,9,0,3,0,12531.327012629245,12573.171464875311,12573.171464875311,12573.171464875311,41.844452246066794,0.0,2.5320805314847687,1.3697182301462414,1.5716464331094127
2025-11-10,11,0.9601329354313619,0.8963580323877857,0.911231395258548,0.9025964108638945,0.9167787553436474,0.3433181042880024,0.35319145819338654,39,68,39,68,47,71,42,75,8,3,3,7,10536.93127682307,10809.201766945102,11155.171685390123,11155.171685390123,618.2404085670532,345.9699184450219,2.001429167536293,1.4952186614054939,1.394396460673766
2025-11-11,11,0.9615165491047205,0.9548105778408507,0.9771101667389518,0.9835503215543692,0.9964376763695814,0.4531695378803235,0.4691469208027462,55,69,55,69,50,69,52,71,-5,0,-3,2,7455.184241368277,7328.362433085971,7485.846206756217,7485.846206756217,30.661965387939745,157.48377367024568,1.2550035236432926,0.7848387046965764,0.9357307758445277
2025-11-12,11,0.9390531741725447,0.8845465575428468,0.8635567417178436,0.8814784237354587,0.8719531144140485,0.4580761518623329,0.48091958458714534,44,68,44,68,45,81,42,88,1,13,-2,20,9587.577909591208,9607.64912142276,10483.503486127382,10483.503486127382,895.925576536174,875.8543647046208,2.5631209495091936,1.2999553079028239,1.3104379357659224
2025-11-13,11,0.9376559956592512,0.870977510801162,0.9244957118302837,0.9374790557947958,0.9808379959972048,0.3667961080260582,0.38826999902668874,40,68,40,68,49,70,43,70,9,2,3,2,9146.450277230568,9146.450277230568,9537.757783219018,9537.757783219018,391.30750598845043,391.30750598845043,1.482200999312088,0.8993578394545398,1.1922197229023759
2025-11-14,11,0.7639989148128051,0.7335661815668071,0.8317505480812623,0.7416976000918217,0.9036143791438657,0.5545075519550926,0.5745212476668186,35,66,35,66,48,70,43,70,13,4,8,4,3629.0907954775166,3629.0907954775166,3791.5724885941686,3791.5724885941686,162.48169311665197,162.48169311665197,1.7116516262858412,0.7459998742984713,0.47394656107427113
2025-11-15,11,0.953418339663592,0.9395468381516853,0.9186108098195244,0.9485839316084149,0.9469154631063083,0.46919893325667544,0.4874453824743301,47,77,47,77,47,88,44,77,0,11,-3,0,8046.599406923178,8342.077931648342,8345.596517840402,8345.596517840402,298.99711091722384,3.5185861920599564,1.9916636417796083,0.8880441323494952,1.0431995647300503
2025-11-16,11,0.6242132392837766,0.5371173058733799,0.8737948176882936,0.6184216648718793,0.9127726326980725,0.5976354098095618,0.6231279155117635,59,78,59,78,50,88,41,79,-9,10,-18,1,7319.7663934015745,9594.98730131029,9645.889090707162,9645.889090707162,2326.1226973055873,50.90178939687212,1.9962636540243994,1.1214091746977894,1.2057361363383954
2025-11-17,11,0.948412913727618,0.9104715897503766,0.9295741122991673,0.9354856005951812,0.9504901577682612,0.5851756736097483,0.5988065170160966,52,74,52,74,51,70,44,74,-1,-4,-8,0,6826.365804692186,7328.184276823082,7342.583120498723,7342.583120498723,516.2173158065361,14.39884367564082,1.4688921272962936,0.8171879018122779,0.9178228900623386
2025-11-18,11,0.9027807921866522,0.891789722820559,0.8653406070059574,0.8897079801535748,0.9062903022927198,0.431538274328877,0.44752687162434623,48,67,48,67,44,82,42,70,-4,15,-6,3,7994.192833377261,8755.120501709258,10104.393321423157,10104.393321423157,2110.2004880458953,1349.2728197138986,2.004467410973972,1.0782243737030175,1.2630491651778943
2025-11-19,11,0.9108518719479111,0.8698027665179588,0.9291477897774233,0.8952251265845198,0.9509544523179754,0.49027236588063783,0.5226795295052266,35,68,35,68,48,88,41,88,13,20,6,20,8716.931434214255,8716.931434214255,10200.934927737997,10200.934927737997,1484.0034935237418,1484.0034935237418,2.429257919524523,1.1913031501723834,1.27511686596725
2025-11-20,11,0.9473684210526316,0.8841599888072312,0.9515865345992727,0.9162321257106071,0.9655249637780261,0.24257896111021285,0.24609847883754746,39,70,39,70,50,70,51,72,11,0,12,2,8685.117815841211,8462.422487229898,8685.117815841211,8685.117815841211,0.0,222.69532861131302,1.5460451368626789,0.8252371123761915,1.085639726980152
2025-11-21,11,0.964514378730331,0.9204540277281407,0.9238959185291863,0.9387348479940801,0.9355434396389325,0.24955470399213645,0.2587322713360798,36,67,36,67,49,69,47,69,13,2,11,2,6371.688752266469,6371.688752266469,7103.440151188545,7103.440151188545,731.7513989220761,731.7513989220761,1.6480283068552044,0.9076776596001483,0.8879300188985687
2025-11-22,11,0.5801953336950624,0.6592218408602725,0.8068567897554508,0.7126245391861804,0.8980209201869485,0.7164692859243208,0.7552807183125431,38,71,38,71,49,79,45,73,11,8,7,2,4565.295594235803,5774.731654390984,6264.524578776868,6264.524578776868,1699.228984541065,489.79292438588436,1.7445426561921116,0.8176979136510609,0.7830655723471085
2025-11-23,11,0.9283505154639176,0.6517858545858178,0.7238423748203678,0.7647570486913257,0.8042769935692567,0.5558374062176034,0.5778371815300503,52,75,52,75,49,71,44,73,-3,-4,-8,-2,3907.7176465504804,5747.464202083447,6269.694291762487,6269.694291762487,2361.976645212007,522.2300896790402,1.757876862243897,0.8402665949749406,0.7837117864703115
2025-11-24,11,0.9518719479110146,0.7227101229345096,0.7208292097646122,0.7410146490390431,0.7485414832129857,0.5172284960757989,0.5371353051740392,50,66,50,66,49,74,42,71,-1,8,-8,5,7098.047742874314,8438.969487765287,10017.17946801529,10017.17946801529,2919.1317251409764,1578.2099802500034,1.9801695282867633,0.963760816034394,1.252147433501912
2025-11-25,11,0.6123846988605535,0.12000822153205133,0.6291448979120416,0.5189101588175671,0.770163048247385,0.6781331403643934,0.7169431238012486,50,76,50,76,49,88,43,73,-1,12,-7,-3,1.9151798260573116,956.4223532343553,1565.2300239538001,1565.2300239538001,1563.3148441277428,608.8076707194448,1.7565398563028292,0.7250499414474336,0.19565375299422527
2025-11-26,11,0.6121269669017906,0.28278765469661266,0.7734124929041909,0.4298892710230082,0.8582813372791603,0.5587652405953055,0.5796368623568362,51,80,51,80,50,87,50,78,-1,7,-1,-2,5458.144793875303,7544.386445924457,7918.575043866372,7918.575043866372,2460.430249991069,374.18859794191485,1.406483702000016,0.8347167755329634,0.9898218804832971
2025-11-27,11,0.8345225176342919,0.7304260066968902,0.6679842290254067,0.6434351774091978,0.6617710151572004,0.6846774522106415,0.712306198385627,13,68,13,68,48,71,41,70,35,3,28,2,2603.2543083150154,2443.604027233565,3235.7981197025892,3235.7981197025892,632.5438113875739,792.1940924690243,1.808451049273441,0.7459939133488254,0.40447476496282375
2025-11-28,11,0.5047476939772111,0.4589417195978651,0.7254112996529327,0.5614773638385793,0.8222806784398522,0.7020023168127625,0.7287185769791372,43,84,43,84,50,73,39,78,7,-11,-4,-6,3745.8626817157774,5970.289966530088,6405.093051558166,6405.093051558166,2659.2303698423884,434.8030850280775,1.4593240141661028,0.6056083771976772,0.8006366314447708
2025-11-29,11,0.7372219207813349,0.7748798809297519,0.8324403994350744,0.8250528441533055,0.8784562024890178,0.5165076813890744,0.522308289992525,35,67,35,67,50,70,42,70,15,3,7,3,4895.606849717615,4895.606849717615,5801.283300285127,5801.283300285127,905.6764505675119,905.6764505675119,1.474277932961996,0.6039352788898324,0.7251604125356417
2025-11-30,11,0.9682989690721648,0.8137662824525319,0.805926880808543,0.7778531472045863,0.7448769783738245,0.6020678068710011,0.6142920073379493,53,88,53,88,44,88,40,88,-9,0,-13,0,10816.630246835208,10816.630246835208,10816.630246835208,10816.630246835208,0.0,0.0,2.4386961190168526,1.359935961133936,1.352078780854401
2025-12-01,12,0.8914948453608247,0.268141073253337,0.2433719787751924,0.4307213148253822,0.3627440856701475,0.28296676911098284,0.27281298783542884,28,37,28,37,52,82,52,88,24,45,24,51,-0.21633260493854323,3658.3497802952043,7602.923503730859,7602.923503730859,7603.139836335798,3944.5737234356548,1.1421624838715516,0.7097406448594406,0.9503654379663562
2025-12-02,12,0.939270211611503,0.9357858590057905,0.9760465807998452,0.9553164618104517,0.9882843663558187,0.452896145061106,0.46915771788305244,41,74,41,74,51,88,56,75,10,14,15,1,6215.235739831509,7113.525068212801,7113.525068212801,7113.525068212801,898.2893283812919,0.0,1.525812534172653,0.7971307964926968,0.8891906335265976
2025-12-03,12,0.8583830710797612,0.8297802891970191,0.9383377429181826,0.8610237737513874,0.9584291296951514,0.629290156291566,0.6558311784590665,55,74,55,74,49,88,45,80,-6,14,-10,6,8323.956894623057,8326.403361875944,9007.214795059102,9007.214795059102,683.257900436045,680.8114331831584,1.8244130698476118,1.1129796906109073,1.1259018493823874
2025-12-04,12,0.9760444926749864,0.8596857450480037,0.8594060304552542,0.8339611961711779,0.8332460804047591,0.181916531568485,0.1764673189931396,47,67,47,67,49,68,51,69,2,1,4,2,11834.666034772636,10314.996293690874,11898.293271518725,11898.293271518725,63.62723674608969,1583.2969778278512,1.4047570428063887,0.953848633384224,1.4872866589398415
2025-12-05,12,0.7868692349430277,0.6729626470290494,0.7398606597169899,0.6896823350515187,0.799871606089697,0.7297687782105244,0.7647252461428543,58,85,58,85,49,82,44,70,-9,-3,-14,-15,3681.8250492926763,4405.966630699921,4598.152699291484,4598.152699291484,916.3276499988078,192.18606859156353,1.6826816739919503,0.6585800055780116,0.5747690874114354
2025-12-06,12,0.5091698317959847,0.3904686753071119,0.7164212583327367,0.5462271075090264,0.8762503241820306,0.8171690254717334,0.8419857458541031,35,88,35,88,48,80,41,88,13,-8,6,0,118.74751193922671,1382.2635419667454,1382.2635419667454,1382.2635419667454,1263.5160300275186,0.0,1.827056312710254,0.41826984326558136,0.17278294274584316
2025-12-07,12,0.8825556158437329,0.7773672425921387,0.8293076215412918,0.7149890219765498,0.8215126264132973,0.36230239207819204,0.3504082787874632,17,83,17,83,47,72,40,85,30,-11,23,2,10562.121299850849,14538.823596481441,15016.027872077111,15016.027872077111,4453.906572226262,477.20427559566997,2.3828513129074027,1.4487746235310408,1.8770034840096386
2025-12-08,12,0.9376966901790559,0.7134455218112212,0.7971463810098909,0.7764825718238468,0.8598494776055312,0.4692325001238579,0.4890410347296833,35,87,35,87,48,88,39,88,13,1,4,1,7876.8069443044005,7876.8069443044005,7915.851798133639,7915.851798133639,39.04485382923849,39.04485382923849,1.951921464527143,0.7373619322960421,0.9894814747667056
2025-12-09,12,0.7763700488334238,0.5861832098872628,0.8230871896469619,0.6525785885221745,0.8636713357190006,0.3656200331152468,0.3776878408977718,41,65,41,65,49,88,51,71,8,23,10,6,8335.168013737717,9957.662550763,10593.934918223893,10593.934918223893,2258.766904486176,636.2723674608933,1.7574813357027166,1.0772686932172109,1.3242418647779859
2025-12-10,12,0.9744845360824742,0.6037583815491613,0.6830316150798438,0.5797941571035206,0.669517912498007,0.23781481820778116,0.25171806759018833,55,67,55,67,50,88,54,84,-5,21,-1,17,4094.0277398285416,6808.11433183157,7441.205337455161,7441.205337455161,3347.177597626619,633.0910056235907,2.2275592825744512,1.6132000559751827,0.9301506671818975
2025-12-11,12,0.9051003798155183,-0.06704888871388236,0.11988892483653404,0.18607344136512757,0.41591534731929797,0.28450004808523044,0.27599808614261223,6,85,6,85,48,70,46,88,42,-15,40,3,6116.374920737272,14061.619320885768,25769.030882166226,25769.030882166226,19652.655961428954,11707.411561280458,1.2622171493245489,0.9201623426664352,3.221128860270775
2025-12-12,12,0.6482637004883343,0.4075894975730312,0.7056887669313909,0.332636515947364,0.7500862745754168,0.6680855579572668,0.6818536992115698,34,51,34,51,51,67,1,20,17,16,-33,-31,-9078.566378346168,-8784.738980414564,9467.732827818112,9467.732827818112,18546.29920616428,18252.471808232676,0.6001864551900065,0.16761769630133938,1.1834666034772638
2025-12-13,12,0.8637547476939772,0.7731263949179065,0.7139788440899552,0.8445020884583104,0.7190675750320344,0.6224829417286631,0.6475912411454279,46,66,46,66,49,70,51,68,3,4,5,2,3493.1352973603102,3713.209183817685,4825.562806145682,4825.562806145682,1332.4275087853716,1112.353622327997,1.9463123862328078,0.7655100624880831,0.6031953507682106
2025-12-14,12,0.8770347259902332,0.5595108502697752,0.6890669169201118,0.4811654350914099,0.6045729511137713,0.5699310270271024,0.594750136090302,56,65,56,65,46,70,42,69,-10,5,-14,4,596.4162663631441,1623.833890358786,3981.9356368529566,3981.9356368529566,3385.5193704898124,2358.1017464941706,2.2932167760716045,0.7143372383242896,0.4977419546066202
2025-12-15,12,0.9744574064026045,0.8800936061923752,0.9025010517337406,0.9004516288259401,0.9323333305045804,0.28914406616416916,0.29692668781611026,40,82,40,82,45,86,43,85,5,4,3,3,11898.293271518725,11961.920508264815,11961.920508264815,11961.920508264815,63.62723674608969,0.0,2.5186726901726573,1.4658631759271792,1.495240063533105
2025-12-16,12,0.9666033640803039,0.7254479015162318,0.7586658507201304,0.7174512041922256,0.744892552689366,0.22710358340679238,0.22745126615331146,48,87,48,87,49,70,51,69,1,-17,3,-18,9130.508473063837,9162.32209143688,9575.899130286462,9575.899130286462,445.3906572226242,413.5770388495821,1.8431212473268346,1.1065799975393276,1.1969873912858073
2025-12-17,12,0.9270211611502984,0.8048677982247334,0.8993478732215714,0.858514755915021,0.9591924308286137,0.5858228603412314,0.604671413817969,34,66,34,66,47,73,47,69,13,7,13,3,5569.085243865784,6873.443597160618,7365.352127168311,7365.352127168311,1796.2668833025273,491.9085300076931,1.6781285603951033,0.8723166926760779,0.920669015896038
2025-12-18,12,0.8501627780792187,0.5927814793462606,0.7500721874765925,0.6248745036465452,0.8167883090379976,0.8146681733327293,0.8344518511134176,0,11,0,11,47,69,43,68,47,58,43,57,516.1091495040674,615.3040115912208,4304.280762294157,4304.280762294157,3788.17161279009,3688.9767507029364,1.57816150629811,0.4998722634371866,0.5380350952867697
2025-12-19,12,0.9403960933260989,0.7411825099258574,0.7793601511661549,0.7738628796003062,0.8086080216547261,0.40340303030739905,0.39226291731078566,6,70,6,70,48,71,46,70,42,1,40,0,8821.461440102568,8344.257164506897,8844.185907706433,8844.185907706433,22.72446760386447,499.92874319953626,1.6230755086562114,0.7630390735379846,1.1055232384633047
2025-12-20,12,0.8121405317417255,0.7569289088362352,0.839820497606306,0.9015945043547484,0.9110895691702294,0.5246956301339498,0.5507877148339322,39,69,39,69,49,72,45,70,10,3,6,1,9223.69374264032,9223.69374264032,9255.507361013366,9255.507361013366,31.813618373045756,31.813618373045756,2.410233285747947,1.1170994957651441,1.1569384201266693
2025-12-21,12,0.8728703201302225,0.7536026311051551,0.901336977727538,0.8324345430612319,0.9520783823237795,0.7481534280697731,0.7589080773213146,40,72,40,72,48,70,46,72,8,-2,6,0,6909.917910625314,7005.358765744448,7005.358765744448,7005.358765744448,95.44085511913363,0.0,1.9439716615646712,0.7733408217796915,0.8756698457180558
2025-12-22,12,0.9599294628323386,0.5270750528150213,0.5645056511156752,0.6405856315968677,0.6945863125638407,0.6626496028806376,0.6654356955381825,17,31,17,31,49,67,50,71,32,36,33,40,698.3534623540536,3144.365780498458,4748.357517077977,4748.357517077977,4050.004054723923,1603.9917365795186,1.1098661463534407,0.32991068667084367,0.5935446896347469
2025-12-23,12,0.961082474226804,0.875179161828901,0.8768708038052505,0.9055257851804812,0.937743751323014,0.3616588871097252,0.3613861801477344,42,67,42,67,49,69,44,68,7,2,2,1,10012.331072575238,10180.357879374313,10434.86682635867,10434.86682635867,422.5357537834316,254.50894698435695,1.845199427227496,1.008701993309999,1.3043583532948346
2025-12-24,12,0.9543136190992946,0.8835032864447196,0.8972473371686164,0.9498953331906215,0.9605055491041625,0.461660603836705,0.4932256026666485,46,85,46,85,49,84,45,84,3,-1,-1,-1,9747.692669500902,9712.697689290553,9825.502417317695,9825.502417317695,77.80974781679288,112.80472802714212,2.579981232598322,1.2255359197150275,1.2281878021647121
2025-12-25,12,0.9012750949538797,0.9159100073194792,0.8756297972546848,0.9843437525018658,0.9493959821465686,0.5264329693623597,0.549721664193883,51,70,51,70,48,71,50,71,-3,1,-1,1,11001.750510786116,11028.0667359043,11095.330269230428,11095.330269230428,93.57975844431166,67.2635333261278,2.6566588564304805,1.21345509098723,1.386916283653803
2025-12-26,12,0.6633206728160608,0.3456174960648853,0.655625585646699,0.28546134055940864,0.6813225178730061,0.37605260082539527,0.38693785482511944,37,66,37,66,49,88,46,88,12,22,9,22,3082.609184512705,3948.9417332382723,7346.620268670262,7346.620268670262,4264.011084157557,3397.6785354319895,2.026613653822241,1.0344274357762737,0.918327533583783
2025-12-27,12,0.9487249050461205,0.8558621277491674,0.9164965417202312,0.8778482085883902,0.9332521821860204,0.5607710197950659,0.5679227462870478,52,77,52,77,51,69,52,81,-1,-8,0,4,2390.586632214886,6743.494510192242,7411.580496026181,7411.580496026181,5020.993863811295,668.085985833939,1.3384639192227734,0.7243436565754671,0.926447562003271
2025-12-28,12,0.9564026044492674,0.7331181127699462,0.7633476081926978,0.7324617017473325,0.7551975881844947,0.716681966179196,0.7422676805844013,48,71,48,71,47,73,49,72,-1,2,1,1,11694.320257319949,11761.933740448181,11889.18821394036,11889.18821394036,194.86795662041186,127.25447349217939,2.6862792535239217,1.337746063095616,1.4861485267425452
2025-12-29,12,0.9069587628865978,0.7617279920682993,0.8472095894617676,0.8060534004050948,0.8991614013222334,0.448617702673414,0.4745869521990797,52,66,52,66,49,85,52,88,-3,19,0,22,10936.806190239382,11102.952812192609,12388.222994463616,12388.222994463616,1451.4168042242345,1285.2701822710078,2.643771370958005,1.363082290614452,1.5485278743079505
2025-12-30,12,0.7011937059142702,0.5237965694736593,0.8279085088594323,0.6519275922159141,0.9375008052492892,0.2247139584973248,0.2220561467500254,50,82,50,82,49,88,51,88,-1,6,1,6,13298.092479932695,13329.90609830574,31559.109426060364,31559.109426060364,18261.016946127667,18229.20332775462,2.2088972147939554,1.6015064259912624,3.944888678257543
2025-12-31,12,0.8872219207813348,0.6947802284508474,0.7325081411090815,0.8408673044181839,0.9074982170142978,0.19114074319566132,0.18740368183235928,0,10,0,10,49,71,49,78,49,61,49,68,4517.533808972348,3499.4980210349186,22576.10161322132,22576.10161322132,18058.56780424897,19076.603592186402,1.544777821435849,0.9317102800281418,2.822012701652665
