date,bucket,month,load_mae,load_bias,renewable_total_mae,renewable_total_bias,tie_line_mae,tie_line_bias,wind_mae,wind_bias,solar_mae,solar_bias,hydro_mae,hydro_bias,non_market_mae,non_market_bias
2025-01-01,night,1,0.014450195682757993,0.0013031764084255062,0.040187502878089795,0.038096566392731894,0.0701447660421282,0.0701447660421282,0.03166252163371591,0.028109246810779805,0.009987319581951992,0.009987319581951992,0.07857025583538606,0.07848268628356111,0.08007424459350503,0.07958334285799609
2025-01-02,night,1,0.03750956784750784,0.03750956784750784,0.05217966946738919,-0.05098146014796776,0.014836219260736541,0.008076736125509422,0.05328165620258257,-0.052234165404098955,0.0012527052561311168,0.0012527052561311168,0.01978424577159418,-0.011690561848073119,0.03363010000128281,-0.028102254256038003
2025-01-03,night,1,0.005768095392230221,-0.0034801426606618038,0.043367924874320674,-0.03672468025718016,0.09722165692081962,0.09573276364515752,0.04375512361820336,-0.03655756912471734,0.0016007779628801299,-0.0001671111324628561,0.016747258808594925,-0.016132112181455965,0.048706422807297735,-0.048706422807297735
2025-01-04,night,1,0.007685826398269017,0.005560923171708754,0.05089330237796597,-0.05089330237796597,0.09995971979130358,0.09995971979130358,0.05439600314218788,-0.05439600314218788,0.003502700764221879,0.003502700764221879,0.012396905160719429,0.010676586781174545,0.019453325405246653,0.018100189835725894
2025-01-05,night,1,0.010864122932275585,-0.008722856314531643,0.1541572291543657,-0.1541572291543657,0.005586286428043496,0.0004122405764619569,0.15806188493487705,-0.15806188493487705,0.003904655780511246,0.003904655780511246,0.008882866904034496,-0.0033793324828339457,0.027580788043425328,0.027580788043425328
2025-01-06,night,1,0.015024947093586786,-0.014612101783102866,0.041125308137658044,0.008416129120413186,0.005904663645232956,-0.0019828161403817783,0.04101148601476025,0.006752643034440414,0.0016634860859727,0.0016634860859727,0.010981471823335276,-0.009425770683637275,0.016748896418162903,-0.015841978329903382
2025-01-07,night,1,0.005887606588553547,0.004179385430348015,0.030922046421415966,-0.025721877584623364,0.005999257513040395,-0.0025495040074339837,0.033547289553757104,-0.028827620010935317,0.0031057424263118126,0.0031057424263118126,0.012087490965641804,0.00011106651765889536,0.025156785402301485,-0.024917470806240877
2025-01-08,night,1,0.036390720975327064,-0.036390720975327064,0.006579719594938323,0.00244282054098501,0.004891748133322524,-0.0008295947126687001,0.006669104619278915,-3.8658511671331906e-05,0.0024814790526562747,0.0024814790526562747,0.0172907863789641,0.0172907863789641,0.010575835044029638,-0.008693752854497971
2025-01-09,night,1,0.012847599706462895,0.0035935175852911208,0.03277783030368819,0.03277783030368819,0.1096649932040226,0.1096649932040226,0.03146750253431746,0.03146750253431746,0.0013103277693706412,0.0013103277693706412,0.02892258612048314,0.01689590268529338,0.030594515614670702,0.011434503996390679
2025-01-10,night,1,0.08128660672176058,0.08128660672176058,0.058939795450127064,-0.058939795450127064,0.10933784226171557,0.10933784226171557,0.053789768719175735,-0.053789768719175735,0.005444275568842681,-0.00515002673095132,0.02094344593524751,-0.0099988501827582,0.0408954749071567,-0.0002922326343348496
2025-01-11,night,1,0.09659251375015036,-0.09625589541722994,0.12347902648192736,-0.12347902648192736,0.009423267897873937,-0.0017803369607791084,0.13200289227152945,-0.13200289227152945,0.0085238657896021,0.0085238657896021,0.019905042662939066,-0.010045982593435308,0.05105278700132352,0.04740421829283603
2025-01-12,night,1,0.03297772665920105,-0.03297772665920105,0.016435074525152627,-0.0023752981760794324,0.006228946928644065,-0.00032031338241956115,0.017129665416488117,-0.0067653272035069325,0.004390029027427429,0.004390029027427429,0.02498391786258299,0.003852982528780722,0.03659160497837927,0.03659160497837927
2025-01-13,night,1,0.0168306244426073,0.012977045818862018,0.10059859333565886,-0.10059859333565886,0.005496404657899104,0.0010714514784311245,0.10682781493551201,-0.10682781493551201,0.006229221599853108,0.006229221599853108,0.008291067329673633,-0.0036268579948277925,0.03970696674107984,0.03970696674107984
2025-01-14,night,1,0.015178214136474466,0.014644650702522447,0.10903339552467577,-0.10893200094002002,0.00568782711440622,-0.0013022629551444574,0.11444906437928848,-0.11444906437928848,0.005517063439268342,0.005517063439268342,0.037056886318549295,-0.037056886318549295,0.06279258512465453,-0.06279258512465453
2025-01-15,night,1,0.019402014485749536,-0.019402014485749536,0.07146117926520769,0.07072283967872912,0.006187407291310767,0.0007627677918884655,0.06908828300119126,0.0681140768189372,0.002608762859791829,0.002608762859791829,0.01671359697530288,-0.0165527682162409,0.04065595576870631,-0.04065595576870631
2025-01-16,night,1,0.017471718732908814,-0.007980367439574329,0.024221413053767123,0.004361691140338478,0.007277822771310019,0.0005921502184576983,0.024583365422680775,-0.0015174123288678083,0.005879103469206209,0.005879103469206209,0.006583868883417047,-0.004377499345035487,0.027024228200792047,0.023835353903199016
2025-01-17,night,1,0.04334136358398866,0.04334136358398866,0.07048741138807461,-0.07048741138807461,0.014063925637551886,-0.014063925637551886,0.07604710730544467,-0.07604710730544467,0.005559695917369986,0.005559695917369986,0.0321294309280368,0.0321294309280368,0.03328068315882947,0.03328068315882947
2025-01-18,night,1,0.07106503909685678,0.07106503909685678,0.05025092239264273,-0.02656631623072288,0.005753426780847715,-0.0018194922182542227,0.05325261118323165,-0.03314901630048401,0.0065827000697609925,0.0065827000697609925,0.023020457022254154,0.023020457022254154,0.03556267494075252,0.03556267494075252
2025-01-19,night,1,0.014806823597288818,0.00824218169851256,0.11341782009062291,0.10384202201064441,0.0072600860240806175,0.0010582438841186155,0.10900765240390294,0.09821015185001793,0.005631870160626387,0.005631870160626387,0.029842880772855417,0.006575599526800997,0.0369104631877972,0.033753731265743436
2025-01-20,night,1,0.016772768166636476,0.016772768166636476,0.11247879519941369,-0.11247879519941369,0.0063593397801044935,0.005066456554549213,0.11777112499297977,-0.11777112499297977,0.005292329793566007,0.005292329793566007,0.01672078517928712,-0.015788071881820104,0.029250672113714942,-0.029250672113714942
2025-01-21,night,1,0.08755758418947372,0.08755758418947372,0.05224582432031727,0.05224582432031727,0.07221968088725184,0.07221968088725184,0.05200411365626195,0.05200411365626195,0.0008344745096823518,0.00024171066405529333,0.022608771632278826,0.02109550859188968,0.018169412824500922,0.013148656883900309
2025-01-22,night,1,0.028342562343706173,0.028342562343706173,0.08852927742236738,0.08852927742236738,0.11038308309391143,0.11038308309391143,0.08707948096349762,0.08707948096349762,0.0014497964588696666,0.0014497964588696666,0.027053156338777418,0.01834128687261186,0.03424092201789467,0.028041768149341378
2025-01-23,night,1,0.03350930310993794,-0.032135947064168814,0.07090084999853391,0.07090084999853391,0.10342051858595891,0.10342051858595891,0.06691189353308546,0.06691189353308546,0.004014845687928145,0.003988956465448328,0.028992977922914154,-0.027278152967552344,0.016801316440183713,-0.014223790125347717
2025-01-24,night,1,0.059452875424758155,-0.059452875424758155,0.023324582335538514,0.02332446545417292,0.06165205675915545,0.06165205675915545,0.020018651350299697,0.018191094317819238,0.005133371136353587,0.005133371136353587,0.029489928269092733,0.025271036937172853,0.03866292394288137,0.035312519598032756
2025-01-25,night,1,0.037301226813330646,-0.037301226813330646,0.10730247016120294,-0.10730247016120294,0.006667351398794968,0.0005482612656758888,0.11641626542331644,-0.11641626542331644,0.009113795262113403,0.009113795262113403,0.01365235712894216,-0.005790858038180284,0.023099439605056588,0.022477689180761384
2025-01-26,night,1,0.09458682951649944,0.08438951477495689,0.18007911997586756,0.18007911997586756,0.008084596397345887,0.0017528990602051775,0.16907766143901523,0.16907766143901523,0.011001458536852318,0.011001458536852318,0.006343327033017663,0.0051289880851437784,0.10964602920245436,0.10964602920245436
2025-01-27,night,1,0.06207247903120903,0.06207247903120903,0.2686843118451904,0.2686843118451904,0.008365053234096751,0.0011708298595302848,0.2474460326652236,0.2474460326652236,0.021238279179966773,0.021238279179966773,0.020780016565800974,-0.008018324663052157,0.1174741002226554,0.11536918370961237
2025-01-28,night,1,0.04234611875592692,-0.03982557210681964,0.04151322214468022,0.04151322214468022,0.006428358226489745,0.003459045574171364,0.021906782150501004,0.019193965654986034,0.022319256489694045,0.022319256489694045,0.010514881411870567,-0.010249911356061325,0.07860087748272303,0.07860087748272303
2025-01-29,night,1,0.03293716882533874,0.02053488712180181,0.06046910045794442,0.055703321216394486,0.009715062227087784,0.0001903413038753307,0.045574498955092003,0.03971932694549179,0.015983994270902618,0.015983994270902618,0.015434184327132673,0.01182740070684625,0.07111626235532986,0.07111626235532986
2025-01-30,night,1,0.046417388923097436,0.046417388923097436,0.08817062695203187,0.08817062695203187,0.006128732845780883,-0.0010671853085867777,0.07514565977327493,0.07514565977327493,0.0130249671787568,0.0130249671787568,0.021014860449627488,0.00397314826075138,0.07808049242274212,0.07771336805340079
2025-01-31,night,1,0.013719826897233242,-0.013144186171666202,0.12828247074354102,0.12828247074354102,0.005556481679816152,-0.0009633362152535064,0.1215680453747517,0.1215680453747517,0.006714425368789201,0.006714425368789201,0.018612685403528954,-0.007335912810011926,0.08592533591890637,0.08592533591890637
2025-02-01,night,2,0.02489017900737393,-0.02489017900737393,0.06399704759713544,0.041617655644841475,0.008479684633406375,0.0012445527808808172,0.06011530056428121,0.020474401015105254,0.021143254629736107,0.021143254629736107,0.016272311379490006,0.00014513743573054197,0.0842483805259981,0.0842483805259981
2025-02-02,night,2,0.014413810005467487,-0.014413810005467487,0.025116110687073593,0.02381679898641043,0.005218227007777372,0.00010373221196769329,0.018738157549497727,0.016144735368940486,0.007672063617469859,0.007672063617469859,0.03487208139212045,0.03487208139212045,0.06570328177212587,0.06570328177212587
2025-02-03,night,2,0.01853680017691482,-0.018382516774326285,0.07441427462804942,-0.07441427462804942,0.009239092086033893,-0.00011258597541164018,0.09219894321734518,-0.09219894321734518,0.017784668589295692,0.017784668589295692,0.009452663561321684,-0.004525821797978551,0.03513769429544046,0.033970809181999115
2025-02-04,night,2,0.02191408723585077,-0.0218825292671395,0.0985048097726889,0.0985048097726889,0.00675673642313554,-0.0028839892554322756,0.08398677080944979,0.08398677080944979,0.014518038963238987,0.014518038963238987,0.021356037155806234,-0.021356037155806234,0.04554831752919817,0.04554831752919817
2025-02-05,night,2,0.016181640660127932,-0.016181640660127932,0.11514377799605786,0.11514377799605786,0.012104730967067405,0.0028519929816000107,0.0895080419778798,0.0895080419778798,0.02563573601817802,0.02563573601817802,0.008786848862196264,-0.005568169816375905,0.09848032312659626,0.09848032312659626
2025-02-06,night,2,0.01838573101188018,-0.01838573101188018,0.21520673325352532,0.21520673325352532,0.018565465331827586,-0.017892579310083534,0.20399626161464338,0.20399626161464338,0.011210471638881813,0.011210471638881813,0.025099659634865757,-0.02429896383984097,0.1008024928779434,0.1008024928779434
2025-02-07,night,2,0.14670949009781853,-0.14670949009781853,0.1451655456989601,0.1451655456989601,0.006218760717632267,-0.00023642178226207047,0.12571555141263296,0.12571555141263296,0.019449994286327016,0.019449994286327016,0.007807207696441908,-0.0015584376881925249,0.10466702912971343,0.10466702912971343
2025-02-08,night,2,0.05340514136533612,-0.05340514136533612,0.11845499786308995,0.11845499786308995,0.015645885700570922,0.011674958185765895,0.11369292960489774,0.11369292960489774,0.004762068258192138,0.004762068258192138,0.02898269236274158,0.020553032953810887,0.03794977229068899,0.034641036152675865
2025-02-09,night,2,0.028708693221439947,-0.028708693221439947,0.1845878478741275,0.1845878478741275,0.003888087846937902,-0.00017739669263539502,0.15503570949819556,0.15503570949819556,0.02955213837593187,0.02955213837593187,0.013723596321273764,0.012906712457113757,0.10076234412886069,0.10076234412886069
2025-02-10,night,2,0.06068100637377231,-0.06068100637377231,0.03995294357497949,-0.03717566700633763,0.00644647483815734,-0.0005560630968294711,0.06072571349611342,-0.06072571349611342,0.02355004648977575,0.02355004648977575,0.025657768155593206,0.022620664311228358,0.08534028624340874,0.08534028624340874
2025-02-11,night,2,0.08712190889920933,-0.08712190889920933,0.2343123365961198,0.2343123365961198,0.01740737554114746,-0.01656582970884639,0.2011908166368925,0.2011908166368925,0.03312151995922714,0.03312151995922714,0.05397058419175488,-0.05397058419175488,0.10295001264874666,0.10295001264874666
2025-02-12,night,2,0.03156848803419358,-0.03156848803419358,0.18166853122594348,0.18166853122594348,0.00666244238143987,-0.0034864250340625267,0.1562335681735202,0.1562335681735202,0.025434963052423137,0.025434963052423137,0.026960001890396296,-0.02597527638523846,0.04860242761225745,0.04860242761225745
2025-02-13,night,2,0.05332215559576212,0.0525057392570645,0.31284942607356797,0.31284942607356797,0.013599263768619552,-0.008586689523610753,0.2783295958970166,0.2783295958970166,0.0345198301765513,0.0345198301765513,0.031756696253146775,0.030603427818797522,0.09967195786920284,0.09967195786920284
2025-02-14,night,2,0.06112544776645645,0.06112544776645645,0.3049968684072743,0.3049968684072743,0.007684628364271663,-0.0025521922788427492,0.26884029002758014,0.26884029002758014,0.03615657837969404,0.03615657837969404,0.028032183877362404,-0.028032183877362404,0.07373896331796924,0.07373896331796924
2025-02-15,night,2,0.06187144308238159,0.06187144308238159,0.2604714381491015,0.2604714381491015,0.008174039862369255,0.003490778864931062,0.22596499088891095,0.22596499088891095,0.034506447260190386,0.034506447260190386,0.02841853523134449,-0.027978243127139205,0.043350714093236466,0.043350714093236466
2025-02-16,night,2,0.11348216328238436,0.11348216328238436,0.16967217850512617,0.16967217850512617,0.006277055298723941,-0.002142786075496565,0.1636863039084467,0.1636863039084467,0.0059858745966794,0.0059858745966794,0.011481168881605455,0.008368793437795887,0.01727676061509241,0.01584461324242783
2025-02-17,night,2,0.1116363143161877,0.1116363143161877,0.046325461729055106,0.046325461729055106,0.007122341334724125,-0.0010921979208246221,0.04905373578517033,0.04905373578517033,0.0077878930507769215,-0.002728274056115238,0.029909298608856133,0.027244812558015696,0.030139058153279163,0.02778261294147059
2025-02-18,night,2,0.029676178725172215,0.029676178725172215,0.09834754589527765,-0.09834754589527765,0.1051619924926769,0.10373656579853419,0.10106825188297042,-0.10106825188297042,0.0030281039792137685,0.002720705987692685,0.029530807526710456,0.01959121619631014,0.028314744578694002,-0.012322860815613465
2025-02-19,night,2,0.008892334294647863,0.005699135386527887,0.05506637621457161,-0.04489658703462728,0.08633585249522575,0.08633585249522575,0.051171976773891466,-0.04214744965475294,0.005510167438698146,-0.0027491373798743707,0.02686804547601258,-0.0016728061044295629,0.02787234860990798,-0.02542654759410022
2025-02-20,night,2,0.04296003812872725,-0.04296003812872725,0.06800689660668442,-0.06800689660668442,0.06499907154440171,0.06499907154440171,0.06221375938187496,-0.06221375938187496,0.007342282844436921,-0.0057931372248094795,0.019907584832640806,-0.003881279507391855,0.021549884900649446,-0.014367291221959871
2025-02-21,night,2,0.026508985920897638,-0.025990617064473365,0.07987520579148973,0.07987520579148973,0.008832169611706638,0.0038614973362645125,0.07687375076363206,0.07687375076363206,0.0030014550278575788,0.0030014550278575788,0.02546716386864531,0.005896197368924927,0.030779918680849543,0.024029786054870245
2025-02-22,night,2,0.020024407757555374,0.020024407757555374,0.07145022163718291,0.019226984640767334,0.04543228355350143,0.042990456504123996,0.068193819130616,0.028933485307825104,0.010914177377092585,-0.009706500667057787,0.018654558152754214,-0.00044502579951200455,0.020012515078605828,-0.004422469450449075
2025-02-23,night,2,0.07556497167235544,-0.07556497167235544,0.09876826037074536,0.09876826037074536,0.007874151498587797,-2.112630683170161e-05,0.09769721797709387,0.09769721797709387,0.0019208868029098874,0.0010710423936514126,0.03751120418662628,0.017779642690575106,0.042315904922920165,0.018557546619308408
2025-02-24,night,2,0.07564824964534383,-0.07564824964534383,0.04843800475120347,0.04843800475120347,0.005740569830632012,-0.0001665559459762394,0.023249749041214796,0.019455779913924182,0.028982224837279125,0.028982224837279125,0.03183442236126903,-0.019410751367827796,0.0868883799307459,0.0868883799307459
2025-02-25,night,2,0.014614845954295186,-0.014322642540301763,0.11792646032785864,0.11792646032785864,0.0058249581765933145,-0.0020643002384979283,0.10386282689372073,0.10386282689372073,0.014063633434137864,0.014063633434137864,0.03497645645159891,-0.02681422160715499,0.07591535278607507,0.07387916251600328
2025-02-26,night,2,0.04281101438759072,0.04281101438759072,0.20181367743416087,0.20181367743416087,0.005634704533742182,-0.0017941581822610083,0.18510063564534462,0.18510063564534462,0.016713041788816222,0.016713041788816222,0.08270578026284393,0.08270578026284393,0.16452147970632272,0.16452147970632272
2025-02-27,night,2,0.04660469131146718,0.04660469131146718,0.05750493058571234,0.056728546114731805,0.005175156224554738,-0.0011256844320682493,0.04054760674279755,0.03316128884387177,0.02356725727085997,0.02356725727085997,0.031697992587275486,-0.004051750979115624,0.07936425890178084,0.07936425890178084
2025-02-28,night,2,0.006464416127776447,0.00178273302877389,0.07820432822959256,-0.04358541187535603,0.00749861167092345,-0.00526816457122883,0.08697230075124485,-0.06329096726756175,0.019705555392205667,0.019705555392205667,0.031155166305099912,-0.031155166305099912,0.07742943399602337,0.07597560513004048
2025-03-01,night,3,0.020594788821670578,0.02057608780317499,0.24031574339763884,0.24031574339763884,0.006452085143706001,-0.0031960625015772528,0.22542911904798849,0.22542911904798849,0.014886624349650322,0.014886624349650322,0.03891275786184575,0.03570681888487549,0.12581598172602249,0.12581598172602249
2025-03-02,night,3,0.034407828607967615,0.034407828607967615,0.027680926153400873,0.025764889927163196,0.053773288446626544,0.053773288446626544,0.020493072813259433,0.01671856443334078,0.009046325493822362,0.009046325493822362,0.014962860220361284,0.006340580320926107,0.04050994172273379,0.04050994172273379
2025-03-03,night,3,0.05154088358405819,0.05154088358405819,0.05274070002225656,0.05274070002225656,0.00788247929588661,-0.0024816835950461353,0.04487680486349993,0.04487680486349993,0.007863895158756533,0.007863895158756533,0.006621942988260379,0.0027907471460269957,0.07700141443520582,0.07700141443520582
2025-03-04,night,3,0.028464703370755462,-0.026319345905215785,0.10228077916967755,0.10228077916967755,0.004446897655858922,-0.0011579729093145156,0.09361408435131534,0.09341655484345578,0.008864224326221663,0.008864224326221663,0.03551194842808328,0.03551194842808328,0.12942039849865558,0.12942039849865558
2025-03-05,night,3,0.04400554194399581,0.042343488925201254,0.14643426370217813,0.14643426370217813,0.0054755413341399835,0.0006109388979774801,0.1459023950480273,0.1459023950480273,0.0022969525967194543,0.0005318686541507791,0.022229929906036366,-0.010097936360443366,0.043256157068468165,0.03587626764465026
2025-03-06,night,3,0.10242314067297509,0.10242314067297509,0.04134345196115004,-0.008706960448810456,0.06255739059673128,0.06255739059673128,0.042808881302668446,0.0012349977292432101,0.010027982863133333,-0.009941958178053675,0.008836552662916533,-0.008836552662916533,0.021020324653469178,0.01523370356479179
2025-03-07,night,3,0.0106592883390663,-0.0106592883390663,0.047116573252100946,-0.029900240303022355,0.005394075022318629,0.001302584378899926,0.054319445847721616,-0.04146366444566691,0.011563424142644482,0.011563424142644482,0.026860418966907346,-0.005103303405053759,0.049494962940300376,0.049494962940300376
2025-03-08,night,3,0.04594898685046598,0.04594898685046598,0.0851895092817881,-0.0851895092817881,0.006353934016945621,-0.0012794710888529882,0.09232844777042708,-0.09101867518754296,0.011445607726122414,0.005829165905754804,0.03558891480732911,-0.02979966388792581,0.026789004452527344,0.01758722674246042
2025-03-09,night,3,0.04161882445849744,0.04161882445849744,0.10561642724211946,0.10561642724211946,0.006400832664891553,-0.0011446776539778107,0.09850936814594728,0.09850936814594728,0.0071070590961722175,0.0071070590961722175,0.015398506290284072,0.007844522072408863,0.03810972443950901,0.0376433093500927
2025-03-10,night,3,0.03209679180669369,0.03209679180669369,0.07252044586127523,0.07246714795856286,0.006700136621845011,-0.002347533007681745,0.0634189523628909,0.06062373450462973,0.011843413453933032,0.011843413453933032,0.02093085196810437,-0.0026187562165504628,0.10327900447256184,0.10327900447256184
2025-03-11,night,3,0.04901799930763884,0.04901799930763884,0.3190720146559236,0.3190720146559236,0.011532421360419863,-0.007862580243393648,0.301599214770383,0.301599214770383,0.01747279988554056,0.01747279988554056,0.02365246378638052,-0.014333512507302233,0.08602637985946533,0.08602637985946533
2025-03-12,night,3,0.04122464205302021,-0.04122464205302021,0.2411664936374807,0.2411664936374807,0.009409300574685057,0.00103282218710118,0.236495125318992,0.236495125318992,0.005692210165616087,0.004671368318488662,0.01806132678166476,0.007910998349092367,0.045371125378952604,0.04396288024555269
2025-03-13,night,3,0.05536231983226412,-0.05536231983226412,0.07734422748050288,0.07420374206826715,0.008756693469872153,0.0006391073070864418,0.07680683618182758,0.07680683618182758,0.009218754728419933,-0.0026030941135604334,0.04776193371224674,0.04776193371224674,0.5677617819324688,0.5677617819324688
2025-03-14,night,3,0.041582006828334295,0.041582006828334295,0.2605059473722941,-0.2605059473722941,0.005802809157812624,0.0025441566849579724,0.25996370549694653,-0.25996370549694653,0.00098896245466071,-0.0005422418753476317,0.03913804669403466,-0.026206526167072874,0.08392774571982316,-0.037088064422822406
2025-03-15,night,3,0.04018615111968754,-0.04018615111968754,0.19337577788895552,-0.1876124746327148,0.0052768722329658456,0.0005238330602660429,0.197836613647662,-0.193258954964041,0.005646480331326091,0.005646480331326091,0.015322971707766786,-0.010268203289777329,0.030204102633234104,0.014416585937900581
2025-03-16,night,3,0.015459898227564309,-0.013991868275661365,0.0913292289759352,0.0912759895139056,0.007093705400152773,0.0009453949256343635,0.09072413414623763,0.09042082700251246,0.001917205039893619,0.0008551625113931192,0.035145963652056494,0.0023827727394093883,0.06698111652186049,0.06080370258730831
2025-03-17,night,3,0.011359115515580276,-0.0022295120487698474,0.1471936419344642,0.14554333549291218,0.007433596411309917,0.0007518393842051227,0.14606635038361904,0.14398995292378175,0.0018001775725893041,0.001553382569130446,0.018403818403206446,0.006347038016375361,0.08021194100577575,0.08021194100577575
2025-03-18,night,3,0.036178289093353855,-0.036178289093353855,0.0973529146943854,0.0973529146943854,0.006152079898558936,-0.005259982875637004,0.09660741612426398,0.09660741612426398,0.0009657615035896626,0.0007454985701214126,0.03625215811641141,0.03625215811641141,0.0814041601552103,0.0814041601552103
2025-03-19,night,3,0.014285824910138467,-0.013960894713777724,0.16155164108785913,0.16155164108785913,0.0077228485708220095,-0.00039397786308731104,0.16406821377053613,0.16406821377053613,0.0025165726826769834,-0.0025165726826769834,0.03430719375218836,-0.013148277019462112,0.0350885749015482,0.03080878837815211
2025-03-20,night,3,0.009714302498211258,-0.008416919340080561,0.07078052063265139,0.06981192475594601,0.007737371080497472,-0.0009842579796954225,0.07117227774979239,0.07009463155898465,0.000697226566129704,-0.0002827068030386292,0.028791006923161905,0.0025701335684619633,0.07700974223250463,0.07681028418211273
2025-03-21,night,3,0.031255538177806685,0.029356800393677385,0.07513215997554851,0.07513215997554851,0.005597448598458034,-0.0009057137020140037,0.07667242261139057,0.07667242261139057,0.001540262635842146,-0.001540262635842146,0.028266384913678087,0.01669735046548483,0.05952811780386139,0.059011677489969404
2025-03-22,night,3,0.09421543897731387,0.09421543897731387,0.20336244318935023,0.20336244318935023,0.00653133070958101,-0.0031706992452426286,0.20144766343779272,0.20144766343779272,0.0019147797515574958,0.0019147797515574958,0.03351450433070701,-0.009705653277157188,0.02902792545122775,0.008931810975878399
2025-03-23,night,3,0.03530167885137366,0.03517369375604451,0.161167919564603,0.161167919564603,0.010549390635063204,0.000940982654083051,0.15588438509379798,0.15588438509379798,0.005283534470804864,0.005283534470804864,0.016800761253697102,0.0014361213390949046,0.023393220917485566,0.020363071514373752
2025-03-24,night,3,0.029598744820463912,0.02626411945997098,0.22432549597367668,0.22432549597367668,0.0061981895972871215,0.00026447331000546925,0.22288542988849291,0.22288542988849291,0.0015347984320004,0.0014400660851837334,0.04129351439769855,-0.036715621951346374,0.03172341428429292,-0.004498237795697589
2025-03-25,night,3,0.050868523528459386,0.04656086079936831,0.46952565319894685,0.46952565319894685,0.010310192920368179,-0.0059561867298177475,0.4658955517462237,0.4658955517462237,0.003703853594415047,0.0036301014527231057,0.03901225312431048,0.008334284214603261,0.1208476470778923,0.1208476470778923
2025-03-26,night,3,0.0139740438674076,-0.011514859935238967,0.36113744281236854,0.36113744281236854,0.006696834723266892,-0.002114325462973639,0.35442053371456034,0.35442053371456034,0.006716909097808147,0.006716909097808147,0.032982285032459376,0.01552985172487413,0.10764770849483614,0.10764770849483614
2025-03-27,night,3,0.03640007148457488,-0.03640007148457488,0.04165421029193198,-0.030172135579743204,0.010217389116083874,-0.0036969283735034213,0.04710319033574003,-0.03653419285159787,0.0063620572718546195,0.0063620572718546195,0.05226467144051985,-0.05121186253990154,0.03538370034968152,-0.012806603567479596
2025-03-28,night,3,0.015667362651499317,-0.013500966540152074,0.06516124443916803,0.06441291149593087,0.007646934123866529,-0.002901375358564925,0.06060856914744348,0.05859061237040488,0.0058222991255259164,0.0058222991255259164,0.02990000654029115,0.0034589871334885585,0.051476218968541425,0.05036736545311918
2025-03-29,night,3,0.0773918274166424,-0.0773918274166424,0.10694785209798052,0.10694785209798052,0.0058812949948112625,0.0006798404629971139,0.10736225497970597,0.10736225497970597,0.000685742971959775,-0.00041440288172548334,0.0325103472985186,0.03164484078627008,0.056593314374735665,0.056593314374735665
2025-03-30,night,3,0.07647810734108491,0.07647810734108491,0.07901276741508813,0.04617313608934032,0.004781908870002383,0.0010923732428730199,0.0739479179793159,0.062438960553039706,0.01626582446369936,-0.01626582446369936,0.030032579229219966,-0.0009702029954823839,0.03888119989313443,-0.0166867727018983
2025-03-31,night,3,0.009166713300387727,0.008829510560639261,0.08874842998286248,-0.07399122252526975,0.007377610237188772,-0.0019688081628048844,0.08953404808172516,-0.0711269862206234,0.0030193963174768496,-0.0028642363046463503,0.03899960071648458,0.02389537248443327,0.032848631190898786,0.005279355961984783
2025-04-01,night,4,0.019030039539735904,0.019030039539735904,0.04398272085736283,-0.03455904387470932,0.00865488980043686,0.004615762008805767,0.04405550872778861,-0.03467168829080378,0.0006339937473415332,0.00011264441609446653,0.038223040923455645,0.010538988193525013,0.03925209368651628,0.02937661178514611
2025-04-02,night,4,0.08762216114396615,0.08762216114396615,0.06844859128727687,0.06844859128727687,0.007104400045104921,0.0010248742542405588,0.0758731878334358,0.0758731878334358,0.007424596546158929,-0.007424596546158929,0.059880252138064895,-0.059880252138064895,0.05917875940209089,-0.05781218247552645
2025-04-03,night,4,0.2612225470247715,0.2612225470247715,0.03692501491781406,-0.036381165923689486,0.009636371847699348,6.419709005439876e-05,0.04091432202735926,-0.04078925896617009,0.004445027554009378,0.004408093042480603,0.013321086118497827,0.0020557094581265495,0.03421354255800348,0.03421354255800348
2025-04-04,night,4,0.02803604096242714,-0.006045980838937963,0.09655058256024222,0.09655058256024222,0.006700048960820828,0.0023926784351438004,0.09172995673788586,0.09172995673788586,0.004820625822356509,0.004820625822356509,0.044229866504918454,0.022049523518236813,0.07681279713147303,0.07681279713147303
2025-04-05,night,4,0.012722244441859673,0.00986566386666001,0.10406035640158029,-0.04000708886759253,0.00705563129530942,0.00063375998461037,0.10377165942855478,-0.03644390199667386,0.003563186870918608,-0.003563186870918608,0.011715925104407754,0.0010512017818413541,0.026605150064442692,-0.018158659738865948
2025-04-06,night,4,0.0590452516622371,-0.0590452516622371,0.11159888305885524,0.10634039042062955,0.005951511475193874,-0.0019656815862751343,0.1108355016397974,0.1039015146257334,0.004486286676065242,0.002438875794896101,0.03861488570162084,0.020002638603212875,0.04820102778245472,0.040588661322463616
2025-04-07,night,4,0.052050778541476585,0.05121975203207929,0.11705695062883843,0.11705695062883843,0.007036521192034251,-0.002366292466860121,0.11418993839175913,0.11418993839175913,0.0028670122370792702,0.0028670122370792702,0.030217806973350386,-0.009419527694174817,0.04656571137604051,0.028235382131453397
2025-04-08,night,4,0.036433674877184,0.036433674877184,0.1381518163732173,0.1381518163732173,0.005050414587120937,-0.0011972450481552213,0.1348195286400363,0.1348195286400363,0.005099066455550788,0.0033322877331809562,0.035986925077529576,-0.035973133076389094,0.039399744071607165,0.026538177041955394
2025-04-09,night,4,0.030932945608757884,-0.030932945608757884,0.02534882148597796,0.012862151436479752,0.00667383831458562,0.0007075705669851093,0.02384493817517801,0.007452443531512494,0.0057607610865389285,0.00540970790496722,0.025593834048611458,0.025475959191406505,0.035342733431039663,0.035134918363007535
2025-04-10,night,4,0.08367946047895286,0.08367946047895286,0.23935737464042317,-0.23935737464042317,0.008225642985280496,0.002275446425449626,0.238852622463091,-0.238852622463091,0.004235839129931446,-0.0005047521773322624,0.028464615709731227,-0.019268039220433388,0.031201246783486663,-0.026052447306874116
2025-04-11,night,4,0.02722546869200937,-0.023301176842077703,0.031514956368750034,0.02927492499707644,0.008866006767047081,0.00047433380193555134,0.032149388421212594,0.03001922553320051,0.0017512335007453875,-0.0007443005361240459,0.021191059108265534,-0.018264934120535384,0.027271695272103106,0.026945479380720852
2025-04-12,night,4,0.026749469330614024,-0.026724924243838617,0.4190959023169401,0.4190959023169401,0.006430549752094692,-0.00039146491372695744,0.4185799295285105,0.4185799295285105,0.0007856180988627374,0.0005159727884295875,0.0636882178088858,0.0636882178088858,0.13404372857588373,0.13404372857588373
2025-04-13,night,4,0.08471678259862954,-0.08348602181888924,0.14040523066125177,0.14040523066125177,0.010759630991431485,0.0004748889884221546,0.1431142192920434,0.1431142192920434,0.003492152220976808,-0.002708988630791642,0.022403790937362455,0.01033871197357395,0.059085663394392564,0.059085663394392564
2025-04-14,night,4,0.1399762468291681,-0.1399762468291681,0.21317244230564455,0.21317244230564455,0.005297151149896986,-0.0008731330213537225,0.21652857383740734,0.21652857383740734,0.003356131531762896,-0.003356131531762896,0.01888910983316672,0.011256581337610072,0.05893438968696815,0.05893438968696815
2025-04-15,night,4,0.03671740439217184,-0.03671740439217184,0.038799645920288874,-0.032246049310561554,0.004297990796087857,-0.003245123454786734,0.03281532000170355,-0.02393350502995942,0.008312544280602156,-0.008312544280602156,0.04421852901245554,-0.004682238285489245,0.03675544927667366,0.014905763673266978
2025-04-16,night,4,0.03428568758091838,0.03428568758091838,0.06619094004973951,-0.06223029809510706,0.0071809865599126105,-0.0015378957881887652,0.07062001329734473,-0.0696136647395514,0.007383366644444354,0.007383366644444354,0.051565662433564786,-0.05041099142282838,0.044153221549428,0.044153221549428
2025-04-17,night,4,0.04649774486194558,-0.040889192533755815,0.25118091826220473,0.25118091826220473,0.007611811273504516,0.0044778712177422535,0.25115511670074914,0.25115511670074914,0.0017856258425724043,2.5801561455612572e-05,0.056308737469847464,-0.047063187688364316,0.03468670754628302,0.019712451392775998
2025-04-18,night,4,0.07083887365442591,0.07083887365442591,0.14623018883784508,0.14623018883784508,0.0062704515015676995,0.0011245156184123174,0.14097356630146898,0.14097356630146898,0.005256622536376046,0.005256622536376046,0.017886209275658507,-0.0031152682576080937,0.047813975140279026,0.047813975140279026
2025-04-19,night,4,0.036343091818846096,0.036343091818846096,0.05481151639688653,0.05481151639688653,0.011137888310845967,-0.0010502082902337478,0.05277865724573431,0.052563595533035155,0.002247920863851304,0.002247920863851304,0.09596976983424753,0.0941138106299269,0.14956271033375734,0.14956271033375734
2025-04-20,night,4,0.011663883676375478,0.01129336974743191,0.10093304936331564,0.09919701044009789,0.007637349851887541,0.0028269803693622042,0.09533516245973661,0.09468179562604732,0.005958933441909259,0.00451521481405055,0.08696207363175497,0.08283908346030777,0.14463443677368565,0.14397201163416257
2025-04-21,night,4,0.02467014983663692,0.022862579517673603,0.1399184489938802,0.11492652475775378,0.014242082059063714,0.010662239593547477,0.13636195358114198,0.10942079881094825,0.005505725946805459,0.005505725946805459,0.042743164754861306,-0.00898835233648615,0.05011776529688594,0.02768536764529356
2025-04-22,night,4,0.07292053077571498,0.07292053077571498,0.023979965372784396,-0.011328083513014287,0.010059628492868821,-0.002897313731110381,0.022199277767908393,0.00032142375539278195,0.017400012015114794,-0.01164950726840708,0.06588964910957086,-0.059873706781591436,0.025828882474827758,-0.0044606896569994075
2025-04-23,night,4,0.0572972908397286,-0.056520029758506084,0.38978722782554737,0.38978722782554737,0.010332137396759101,0.0062957563172195445,0.38242852314924414,0.38242852314924414,0.007358704676303404,0.007358704676303404,0.03334455882512844,-0.03334455882512844,0.1403558775046283,0.1403558775046283
2025-04-24,night,4,0.019933240292389482,0.011275837542592352,0.21722886853938403,0.21722886853938403,0.051047293577140475,0.051047293577140475,0.2258808363056809,0.2258808363056809,0.014282318469170564,-0.008651967766296903,0.07375298908184087,0.04293867805916431,0.10275742137858361,0.09310261149546127
2025-04-25,night,4,0.02715446326240902,0.02684180560943607,0.12820982897482222,-0.06782546750693591,0.008604426270840156,0.003827367977510109,0.1202475781469154,-0.06246856075887724,0.0095542919087086,-0.0053569067480586504,0.04763590637979142,0.042349128451091185,0.05174206563459264,0.04663288894091761
2025-04-26,night,4,0.03375446177427829,-0.03375446177427829,0.12041413409289166,0.12041413409289166,0.007787571627021557,0.004916205559073799,0.11270723982847373,0.11270723982847373,0.007708413722170707,0.00770689426441794,0.04238357923360101,0.015388775916598102,0.11755740741598496,0.11755740741598496
2025-04-27,night,4,0.04506565592996383,-0.04462209114752175,0.18940476271312634,0.18940476271312634,0.007086108111388936,0.000780358437410864,0.19059481955729737,0.19059481955729737,0.005107102049435679,-0.0011900568441710125,0.038532425898191884,-0.03818406098802893,0.029813572770431885,0.002621181504886614
2025-04-28,night,4,0.10152110873397739,-0.10152110873397739,0.11925426186138617,-0.11925426186138617,0.00524998951887845,-0.0013731515033792452,0.11250678828647416,-0.11250678828647416,0.006747473574911962,-0.006747473574911962,0.013348377917364816,-0.006589420748282924,0.03292992218067176,0.022396164428257207
2025-04-29,night,4,0.08288291397240684,-0.08288291397240684,0.2610627409776585,0.2610627409776585,0.008088219719679398,0.0020505958983816908,0.2606363869763008,0.2606363869763008,0.0013862422163262043,0.0004263540013578042,0.0305014780476552,0.01565812902361723,0.08141923785137238,0.08141923785137238
2025-04-30,night,4,0.015728140961610015,-0.011120093122933791,0.13582219543481336,0.10057609367278131,0.008695798278395906,-0.0021360069562918996,0.13321804938896253,0.09791841596148691,0.0029349787511741034,0.0026576777112943366,0.027099762783309344,-0.00039464993093951223,0.044067868932200514,-0.026670720510542808
2025-05-01,night,5,0.0682762497137036,-0.0682762497137036,0.19448428076028104,0.19448428076028104,0.007881982550082824,-0.000982300216821647,0.1957964786315013,0.1957964786315013,0.0015186103628652252,-0.001312197871220275,0.02436786540486063,0.0017461199410005127,0.047389666562819156,0.047106696776707924
2025-05-02,night,5,0.023196275816454004,-0.023196275816454004,0.06505324605735609,0.04797337210261247,0.0068134238854502685,-0.0002607038859649055,0.06311900555842662,0.04377397073840594,0.0041994013642064,0.0041994013642064,0.0299863526491262,-0.013254785163862736,0.08122068563156386,0.08122068563156386
2025-05-03,night,5,0.020155314887024416,-0.020155314887024416,0.13807645711274844,0.13807645711274844,0.005834308685841103,-0.0017378505843844555,0.13043691573525593,0.13043691573525593,0.0076395413774923955,0.0076395413774923955,0.012792607023949331,0.006143459897846153,0.04458051060171056,0.04458051060171056
2025-05-04,night,5,0.06923467691160202,-0.06923467691160202,0.09262556020177559,0.09153412200982736,0.005830100956679592,-0.0029724100085066784,0.09859331818678752,0.09859331818678752,0.015882745787953997,-0.00705919617696013,0.05510079777674005,0.02259381081748237,0.14069080105774753,0.14069080105774753
2025-05-05,night,5,0.11268970762363412,-0.11268970762363412,0.21926616918242894,0.21926616918242894,0.006342508863458478,0.0009068825156700044,0.20565334717540007,0.20565334717540007,0.013612822007028824,0.013612822007028824,0.023644223650105933,-0.0017254611596311906,0.1707234387276503,0.1707234387276503
2025-05-06,night,5,0.038249719095153144,-0.038249719095153144,0.13917993408535317,0.13917993408535317,0.006868358127281044,-0.0021915256049506644,0.14458505439672073,0.14458505439672073,0.006199036987187694,-0.005405120311367588,0.02566881344464216,-0.018758202703697668,0.03349048521007677,0.03349048521007677
2025-05-07,night,5,0.018474853053148183,-0.016776566811018356,0.09444207194520722,-0.08998930100072704,0.01241993078974212,-0.0002131916108495975,0.10957598804412018,-0.10590825079167471,0.015918949790947757,0.015918949790947757,0.03120735383483912,-0.02932983001856577,0.08322318484800222,0.08304377195181024
2025-05-08,night,5,0.05954375068650999,-0.05954375068650999,0.25226207089398045,0.25226207089398045,0.009755123315146275,0.0012922111577031395,0.2428248356729176,0.2428248356729176,0.00943723522106278,0.00943723522106278,0.024257178751639925,0.012441699944084601,0.1345157831911901,0.1345157831911901
2025-05-09,night,5,0.04606703702971935,-0.04606703702971935,0.03756514493684948,-0.022650965805259476,0.00900231965967501,-0.005452457264434486,0.03872951710093048,-0.029677055335414076,0.007597814729974163,0.00702608953015463,0.026182156402345818,0.005113822727957515,0.15093831634581414,0.15093831634581414
2025-05-10,night,5,0.026568011010524212,0.024273045397019855,0.10739170908383651,0.10739170908383651,0.005154672765233801,0.00033425148526708355,0.10895663368781972,0.10895663368781972,0.010135075414361906,-0.0015649246039831771,0.023198116697962155,-0.008526641722035133,0.10912301431174755,0.10556812601778635
2025-05-11,night,5,0.0238636684140149,0.023541075844966137,0.08007805340148398,0.06239396122728471,0.0070830691958834,0.0005738290644003256,0.06909062062850324,0.04825184195614818,0.014142119271136558,0.014142119271136558,0.04640447353219895,0.03991031109687788,0.24280630997647037,0.24280630997647037
2025-05-12,night,5,0.013856578094982327,0.013220159059304681,0.21846655454003594,0.21846655454003594,0.008855458223801913,-0.002105500919870992,0.20615652145429675,0.20615652145429675,0.012310033085739205,0.012310033085739205,0.013436886331463426,0.0020353428801712084,0.19094458704384745,0.19094458704384745
2025-05-13,night,5,0.022973324611577122,0.022973324611577122,0.07580869853996745,0.07580869853996745,0.007904832857057113,-0.0037149865444881503,0.07324204219213201,0.07324204219213201,0.01240076224578413,0.0025666563478354294,0.02972775262774201,-0.02591005658323513,0.03850720874356423,0.03850720874356423
2025-05-14,night,5,0.03296609696332405,0.03219409554355342,0.2334702063569907,0.2334702063569907,0.007555211472213976,0.0001147775010166494,0.22750507820270474,0.22750507820270474,0.005965128154285884,0.005965128154285884,0.0360754042712868,0.016746323757670156,0.0638438453471787,0.056773048694683026
2025-05-15,night,5,0.0460746343184831,0.0460746343184831,0.3932688607236205,0.3932688607236205,0.036577643499258634,-0.036577643499258634,0.38200541260578164,0.38200541260578164,0.011263448117838937,0.011263448117838937,0.04653865333990473,-0.038272978486907125,0.1163152799234403,0.1163152799234403
2025-05-16,night,5,0.016315177620322845,0.016315177620322845,0.35137688451372195,0.35137688451372195,0.010706917495547067,-0.0012987272938352265,0.3360830162659891,0.3360830162659891,0.0154844433143395,0.015293868247732984,0.028333942342993395,0.006206079089464945,0.19692090658888942,0.19692090658888942
2025-05-17,night,5,0.05414850685053559,0.05414850685053559,0.562481841563656,0.562481841563656,0.0062604873651505326,0.0032614284052876245,0.5567555897003097,0.5567555897003097,0.006902136841938661,0.00572625186334632,0.03954605032099367,0.03756193069929552,0.2099907562120357,0.2099907562120357
2025-05-18,night,5,0.05135796424689828,0.05135796424689828,0.08223258605422308,-0.009415144642964942,0.00803968473261508,-0.0012731302747693712,0.08207663709217482,-0.006865991279627699,0.00420220651698085,-0.0025491533633372502,0.03938238718881597,-0.03938238718881597,0.030651261517668258,-0.02593059848323889
2025-05-19,night,5,0.01156804095658561,0.008545488842237547,0.03603510942049709,-0.017674040376757887,0.010042622254174407,0.0012150986767502595,0.03598254202631968,-0.020959721665406942,0.0032856812886489935,0.0032856812886489935,0.019527954157180547,0.01869587571549287,0.01907664598426771,0.013340050120065998
2025-05-20,night,5,0.01008160218960108,0.0008970644809596825,0.11252689188135694,0.10448621365713424,0.005599143378259193,0.002482501764605368,0.10572328603061688,0.09924922719017858,0.006958707422887812,0.0052369864669557465,0.031268482789046544,0.03069225765665151,0.08623536374115338,0.08616973485437047
2025-05-21,night,5,0.061450085759403084,-0.061450085759403084,0.19815587509779123,0.19815587509779123,0.006623433225671754,0.0005457190959741003,0.19769246970353904,0.19769246970353904,0.003725856511488717,0.0004634053942521418,0.01916138497432581,-0.0184063897932496,0.011875906473569156,-0.0047110203217676045
2025-05-22,night,5,0.05273862537801721,-0.05273862537801721,0.09893645265583993,0.09893645265583993,0.006187494952334962,0.0015534410098132165,0.08749768248960495,0.08749768248960495,0.011438770166234907,0.011438770166234907,0.013895207386312109,0.013101290710491978,0.05912286088899393,0.05912286088899393
2025-05-23,night,5,0.06064039009922743,0.05845646178304057,0.2657547388571752,0.2657547388571752,0.008090498906308537,-0.0019122668021971702,0.25917522380462665,0.25917522380462665,0.006579515052548505,0.006579515052548505,0.04487058093078186,0.04470758986645632,0.07069639526976268,0.07069639526976268
2025-05-24,night,5,0.07854047903705058,0.07854047903705058,0.05909209186950043,0.009328214127301879,0.0739617976414806,0.0739617976414806,0.048391222984623006,0.020254371844368207,0.012342292342644024,-0.010926157717066365,0.021919697541399535,-0.008124014637893579,0.01921243291075045,-0.015598811730576603
2025-05-25,night,5,0.08341121774490702,0.08164572471755872,0.03866993682481722,0.0319694787792168,0.009345746332141478,0.0027319558191315333,0.04594080515487416,0.04354298393964412,0.012030745062644267,-0.011573505160427358,0.007061563024613508,-0.0035904202291028083,0.004602642075517425,-0.003307187459918981
2025-05-26,night,5,0.06966655355748423,0.06966655355748423,0.11699690282726277,-0.11626312161404247,0.006438410023931109,-0.0009553882823928574,0.1059038969608062,-0.10568369246802077,0.012608957178254459,-0.010579429146021724,0.021433850924952664,0.009315766261865775,0.025068539971275478,0.003891623508247233
2025-05-27,night,5,0.06001653581035136,-0.05742410712140169,0.04172442677231469,0.021543748628955556,0.009380489318065326,-0.00804254832607226,0.036616886417758045,0.019502532460163133,0.006306450962171678,0.002041216168792479,0.023072702992676192,-0.023072702992676192,0.019642848539562763,0.018425645998231755
2025-05-28,night,5,0.08827786560496753,-0.08827786560496753,0.08768025118266809,0.08768025118266809,0.0057706667822733405,0.0006310424928601873,0.07675745380486271,0.07675745380486271,0.010922797377805401,0.010922797377805401,0.02402344524078659,-0.02237641147747126,0.07982962205890676,0.07773697808925145
2025-05-29,night,5,0.024957677996006494,-0.024957677996006494,0.16211629496506,0.16211629496506,0.007535137097672627,-0.001486877072105569,0.1571817682519288,0.1571817682519288,0.006855881041503494,0.004934526713131127,0.029295350015714552,0.0187741570101017,0.11351074077627282,0.11351074077627282
2025-05-30,night,5,0.028003606383473767,-0.02778386941615067,0.27392573980403895,0.27392573980403895,0.005063066994946865,0.0008836231239160806,0.26749060245834455,0.26749060245834455,0.0064351373456943235,0.0064351373456943235,0.04302408911707462,0.04302408911707462,0.07339366654365316,0.07339366654365316
2025-05-31,night,5,0.03476636219693763,-0.03426786317266487,0.06239074698973079,-0.013724560592539944,0.009636897813844534,-0.0018503196784305745,0.05744190230931396,-0.0028794601025154075,0.011092363018945771,-0.010845100490024554,0.02341493163114529,-0.005551660323485271,0.034319729278648715,-0.028670560675913823
2025-06-01,night,6,0.027520886343556556,-0.027520886343556556,0.07483907995131306,0.07111973957595635,0.0056881193178201965,-0.001880358189389087,0.0679542415514828,0.0640480663132187,0.007071673262737672,0.007071673262737672,0.04097524643917692,-0.04097524643917692,0.1018384416415743,0.09973709001018198
2025-06-02,night,6,0.05187925513746244,-0.05187925513746244,0.11095793487026062,0.06390202304690482,0.006829261310488712,-0.0001620560134007468,0.1086736639017085,0.06047412635666507,0.0034278966902396707,0.0034278966902396707,0.04158615611681295,-0.027810167723410176,0.05839717371034126,0.05120032050504883
2025-06-03,night,6,0.048224959242060716,-0.048224959242060716,0.2547021155025325,0.2547021155025325,0.005673596808144728,0.00023569127372710173,0.25631402641548584,0.25631402641548584,0.002230447099694596,-0.0016119109129533293,0.024115430875511715,-0.013000889617443825,0.03995548574468126,0.03330178024531981
2025-06-04,night,6,0.027299103952335774,0.022415800497677663,0.11582838137470303,0.11582838137470303,0.0057871470548225695,0.0006405098834735935,0.11308923735158732,0.11308923735158732,0.0028123117579797047,0.0027391440231157543,0.07193904872845254,-0.04488130479607542,0.04657611381757865,0.013076628742350918
2025-06-05,night,6,0.01529451109524386,-0.014350109661217155,0.13892367169128092,0.13892367169128092,0.01136072263435735,-0.00028767426107652777,0.1313252725544788,0.1313252725544788,0.008101748737747284,0.007598399136802207,0.007143584522921451,0.005270794401954791,0.11885166399758602,0.11885166399758602
2025-06-06,night,6,0.05750563187390586,0.05750563187390586,0.12963934651676087,0.12963934651676087,0.011755547887345253,-0.01017320795988807,0.12882687492415215,0.12882687492415215,0.0008124715926087168,0.0008124715926087168,0.056745435472060624,0.056745435472060624,0.1100231469285543,0.1100231469285543
2025-06-07,night,6,0.0404082257143226,-0.0404082257143226,0.10283868314801518,0.10024041039078564,0.006460149957932218,0.000556296859560643,0.0951104288140343,0.0898301378011247,0.010410272589660858,0.010410272589660858,0.017301627125623244,-0.0027619358894072506,0.04945463886916929,0.04774875533827568
2025-06-08,night,6,0.04207115534335931,0.04207115534335931,0.06588474009221575,-0.030080880453553074,0.006819501716461331,-0.0002881125661974842,0.0626701518941913,-0.026473687748487042,0.0036071927050660337,-0.0036071927050660337,0.008414084966964849,-0.0007348039251692582,0.019408472181198674,-0.009848628407624203
2025-06-09,night,6,0.029826955686792684,-0.029826955686792684,0.06616762221730281,-0.04054605806470337,0.007595184899248286,0.0007726442672814337,0.06669522470160932,-0.043170921332606305,0.0052245970422024,0.0026248632679029167,0.03217624191495853,0.03142375968324266,0.04982766574747328,0.04982766574747328
2025-06-10,night,6,0.013526096033755727,0.0032598212865106633,0.07016090329327833,0.06866447116953521,0.006176683426017219,0.0023894349772484546,0.07451213355139583,0.0739752974392071,0.00541677922758588,-0.00531082626967187,0.02296227932252806,-0.0229425263717421,0.01712732778917619,-0.01632219050225871
2025-06-11,night,6,0.024501256263348686,-0.02308290089182456,0.07571253439642223,0.07571253439642223,0.009297240565418573,-0.001033435814270501,0.08021480459923291,0.08021480459923291,0.005132436085428912,-0.004502270202810688,0.03886179758644528,-0.03886179758644528,0.07919998214243372,-0.07919998214243372
2025-06-12,night,6,0.029990881802043085,-0.029990881802043085,0.12661466131749075,0.015850574192073294,0.009445855221775648,-9.575505876563879e-05,0.129090208640843,0.013509732642571956,0.005555079103428958,0.0023408415495012914,0.02349271617995033,0.010101150597997285,0.03755018412205299,-0.029799663887925803
2025-06-13,night,6,0.07497004552146508,0.07497004552146508,0.061334928393948336,-0.05286289948998859,0.006980739560302911,-0.0018220051676146008,0.06056207958427714,-0.05269327540816542,0.002736923277169368,-0.00016962408182322428,0.057948261605423164,0.057948261605423164,0.015902527959081345,0.006332515506699894
2025-06-14,night,6,0.03139053615507174,-0.028294348780397383,0.058770112927621077,-0.03908244038435172,0.005952797170215437,0.001955337585419799,0.053034130690588745,-0.03389644341313779,0.006299876385356826,-0.0051859969712139,0.02728642232416835,-0.000925817296896767,0.05334705132663429,-0.04783527676915913
2025-06-15,night,6,0.041720803449981046,-0.041720803449981046,0.2613814764616426,0.2613814764616426,0.006248127160738603,-0.001414381405093739,0.25706808654563723,0.25706808654563723,0.004313389916005322,0.004313389916005322,0.026767176857502035,-0.026488823885331896,0.019498470832708614,-0.007348711319544815
2025-06-16,night,6,0.0285991169411924,0.023369844644366016,0.23590145564278156,0.23590145564278156,0.007577506592701674,0.0007152847371145327,0.23341617794574332,0.23341617794574332,0.0026795929673438957,0.002485277697038271,0.04577094731031981,0.04577094731031981,0.07146272794330183,0.07146272794330183
2025-06-17,night,6,0.022435085923000992,-0.01281574953433758,0.07725951771078621,-0.07725951771078621,0.005993296563394923,-0.0007400051459383168,0.06990776747573581,-0.06990776747573581,0.007351750235050366,-0.007351750235050366,0.02444620514015229,-0.012138246698652459,0.0347947351484364,-0.0347947351484364
2025-06-18,night,6,0.04381064226686202,-0.04381064226686202,0.13237212050545155,0.12742061677396738,0.012288643795834858,0.003998131652647864,0.13104826371801295,0.12558698191047588,0.003098700324034675,0.001833634863491542,0.0055672639857925164,-0.004378697379032875,0.031113410437240262,-0.031113410437240262
2025-06-19,night,6,0.12067767235197245,0.12067767235197245,0.09446921764236711,0.09446921764236711,0.006145622203109695,-0.0004783954293900618,0.10567174134838841,0.10567174134838841,0.012361753090015989,-0.011202523706021338,0.015403561409346163,0.013629360720260894,0.01983666706406462,0.01906349683063801
2025-06-20,night,6,0.028824697976795415,0.02188778892859154,0.09215055433198789,0.09215055433198789,0.06879941070611735,0.06879941070611735,0.10401436358421771,0.10401436358421771,0.011863809252229815,-0.011863809252229815,0.01990659134103324,-0.019801924078140798,0.01705529964762681,-0.00012059234895509437
2025-06-21,night,6,0.04974996885969246,0.04603255702686813,0.06539529937377679,0.06539529937377679,0.01177775534680873,0.008529037790029831,0.0788589807583034,0.0788589807583034,0.013463681384526624,-0.013463681384526624,0.01947395496627458,0.014830901158601863,0.019254364100658523,0.012268949285731705
2025-06-22,night,6,0.0319328656914434,-0.0319328656914434,0.10623437902203277,0.10623437902203277,0.006388326358772647,0.002043086270642021,0.1114590052845766,0.1114590052845766,0.005224626262543824,-0.005224626262543824,0.030474273909812426,-0.006925367013351163,0.033525169755317795,0.011957518887097543
2025-06-23,night,6,0.04131814714549814,-0.04131814714549814,0.08346238256269721,0.08346238256269721,0.008857211444285884,0.0012007807094645932,0.09254070433035193,0.09254070433035193,0.00907949058131068,-0.009078321767654704,0.015767676083523367,0.010851938049911983,0.029885600911981298,0.029813309787359316
2025-06-24,night,6,0.03135254971125242,0.02798402875473612,0.17123844724481374,0.17123844724481374,0.007521754181311741,-0.0021928405203136443,0.18572276593407802,0.18572276593407802,0.014484318689264267,-0.014484318689264267,0.033505562906238816,0.033505562906238816,0.09948138280259633,0.09948138280259633
2025-06-25,night,6,0.02533520480688578,0.023369844644365978,0.11773988844802386,0.11773988844802386,0.0060076145306806016,0.0009213465846626863,0.12252506999626295,0.12252506999626295,0.005323478677497775,-0.004785181548239109,0.019672828609838478,-0.019672828609838478,0.019555742701851318,0.018519589395830646
2025-06-26,night,6,0.023800552476592296,-0.02270128323314909,0.22221426786689144,0.22221426786689144,0.006105005928564617,0.0007604886052593034,0.22158088774671927,0.22158088774671927,0.001093951141308579,0.000633380120172129,0.008825039848405216,-0.008825039848405216,0.06695718506225444,0.06695718506225444
2025-06-27,night,6,0.008801751236309885,-0.007773779625881068,0.06587638307457556,0.06587638307457556,0.004336824629807609,0.0009085188547883158,0.06971222495109143,0.06971222495109143,0.0051707439530034455,-0.003835841876515896,0.021319482508715636,0.021308612541715077,0.01686197786892873,0.016842984647019155
2025-06-28,night,6,0.05235525449885792,-0.05235525449885792,0.16934683922398586,0.16934683922398586,0.010751244753449858,0.0028021430791727686,0.16809994881579318,0.16809994881579318,0.002890067086443296,0.0012468904081926707,0.028174866804415347,-0.020088078881464567,0.049321072688632894,-0.049321072688632894
2025-06-29,night,6,0.03912399170982158,-0.03912399170982158,0.032095739874403346,-0.02789619240848984,0.00731724101185775,0.0048747711149695365,0.02619767240362886,-0.02204370867029834,0.006218731497290846,-0.005852483738191521,0.002847580710048725,-0.0023695359247554756,0.08936717071199356,-0.08936717071199356
2025-06-30,night,6,0.008561267826593425,-0.0012398190855742082,0.12150294245411396,-0.12150294245411396,0.006070701247761781,0.00028711907458996616,0.10990705451217475,-0.10990705451217475,0.01159588794193926,-0.01159588794193926,0.02194953150996826,0.02024072594493471,0.08985357251492698,-0.08985357251492698
2025-07-01,night,7,0.06583898103758436,0.06583898103758436,0.1749104506671035,-0.1749104506671035,0.004273182726239825,-0.0007540016894685871,0.16304404080448914,-0.16183513684011555,0.013433613653226683,-0.01307531382698796,0.027173602586025514,-0.023668856397905582,0.05819344949010505,-0.05819344949010505
2025-07-02,night,7,0.009254666527999741,0.008438250189302074,0.21363178607244215,-0.21363178607244215,0.008252408818002283,-0.0015075942941576333,0.20666738068298143,-0.20666738068298143,0.0069676780676974125,-0.00696440538946068,0.0691802978562578,-0.0691802978562578,0.12808435682885347,-0.12808435682885347
2025-07-03,night,7,0.07954916522215583,-0.07954916522215583,0.023140611066088248,-0.02070153072880233,0.006406735173854238,0.001078815004463764,0.016639377308148535,-0.013577728377008236,0.00916256401190902,-0.007123802351794096,0.02322596368331573,-0.02322596368331573,0.03238265440660348,-0.03238265440660348
2025-07-04,night,7,0.08052892326927585,-0.08052892326927585,0.09039885330578017,0.09039885330578017,0.006261743839830699,0.00045700613948576027,0.09584520351886218,0.09584520351886218,0.005609049073993566,-0.005446350213082034,0.06560390339102666,0.06556994935432063,0.06148138074504189,0.05144267401661498
2025-07-05,night,7,0.09954756687586581,0.09954756687586581,0.16043454743616228,-0.16043454743616228,0.004117058442143144,-0.00155531111166278,0.16060864223021956,-0.16060864223021956,0.0028108799612511417,0.00017409479405726676,0.010578026569634547,0.006715623402786662,0.050476561868928516,-0.050476561868928516
2025-07-06,night,7,0.0126246485015859,-0.002928170411628054,0.017165810978799115,0.011050870134158704,0.008730687366026732,0.001065315206737268,0.0190641396781488,0.015191509391811131,0.004140639257652421,-0.004140639257652421,0.017617849660246945,0.01632257036669689,0.05342518651953617,-0.05244823362519055
2025-07-07,night,7,0.01790242656513506,0.017509705176727914,0.14540041880312796,0.14540041880312796,0.005220038668944125,0.00034065074003356124,0.1498710433762032,0.1498710433762032,0.006107255894852358,-0.004470624573075217,0.022422988701661813,-0.0025367347182425125,0.026641295626753686,-0.020359623514088647
2025-07-08,night,7,0.008513346466698416,-0.005084047200071588,0.08402195210049458,-0.08402195210049458,0.0096615305616442,0.006004254191419703,0.08117334867849689,-0.08117334867849689,0.003427516825801471,-0.002848603421997704,0.007017031224320901,-0.0028078410457456084,0.0406063396290102,-0.0406063396290102
2025-07-09,night,7,0.010459713407308521,0.0009788814368778542,0.1146539866335221,0.1146539866335221,0.007359873489959381,0.0007053498210387484,0.11443687949692495,0.11443687949692495,0.0007579756558989541,0.00021710713659711247,0.02404620788673668,0.008436117104379965,0.035296097766166316,-0.03278326528718845
2025-07-10,night,7,0.0492114379677025,0.0492114379677025,0.039894473671839424,0.007878096244676744,0.007055485193602426,-0.0007768519964428955,0.037828507873881735,0.009565424858781715,0.0023561822287359708,-0.001687328614105021,0.04008069490757744,-0.03963607819284506,0.08413743088970478,-0.08413743088970478
2025-07-11,night,7,0.04723935712666094,0.04723935712666094,0.1866524110956981,-0.1866524110956981,0.010158919212943785,-0.0017604086879447645,0.18508777869512882,-0.18508777869512882,0.003635887080320204,-0.0015646324005691794,0.01565301546387235,-0.008312807263674716,0.07496712348732497,-0.07496712348732497
2025-07-12,night,7,0.09034199052141699,-0.09034199052141699,0.0744201186963293,0.06915145737929666,0.008312602721284935,0.0019527369750352915,0.07673822682022192,0.07102839678874202,0.0037377491904382622,-0.001876939409445396,0.03705264936904639,0.03698082576988681,0.032499477331518055,0.03148149907784776
2025-07-13,night,7,0.03620838604499523,-0.03620838604499523,0.038051225316027525,0.035273422781240425,0.005382854411221269,0.0016155342352868636,0.04476331305750487,0.04476331305750487,0.009993999606085909,-0.00948989027626445,0.014760743118902039,-0.00660429390205518,0.0237785787798601,-0.021466840690392525
2025-07-14,night,7,0.01868202527366965,0.009983129639085394,0.03008014994501808,-0.010686141832812107,0.008326131739352836,0.0019201562943750167,0.029250847435763377,-0.006025000633813227,0.006171891290027698,-0.0046611411989989195,0.04603603424749464,-0.04603603424749464,0.07106305211364165,-0.07106305211364165
2025-07-15,night,7,0.017158184469693933,-0.012558902733437405,0.16021770328263774,0.16021770328263774,0.006539044879710437,-0.0019775742652246527,0.15975976209222725,0.15975976209222725,0.0006633017497650709,0.00045794119041049587,0.01308361240394538,-0.005918141845315813,0.041509744924053675,-0.041509744924053675
2025-07-16,night,7,0.015706810112388614,0.00802361354484545,0.05197103622979785,0.05197103622979785,0.004632446823744754,0.000196974321372984,0.059567360722360733,0.059567360722360733,0.007893612245959775,-0.007596324492562867,0.033334653129394064,0.03105277822883662,0.02641875350665629,0.010244943898023459
2025-07-17,night,7,0.03604971959119663,0.032674185752744535,0.08198985267821873,-0.08198985267821873,0.00726727422806487,0.0028829957638247575,0.07356971910058423,-0.07356971910058423,0.008528248840812087,-0.008420133577634522,0.02287885524783295,0.02287885524783295,0.014209501378403475,-0.012113175645731833
2025-07-18,night,7,0.02368659314513503,-0.02350951787625503,0.06516089379507127,-0.06516089379507127,0.0066654228562626205,3.667152845619979e-05,0.059904943326547305,-0.059904943326547305,0.0055367579493716046,-0.005255950468523929,0.02073934185057309,0.019981190872625756,0.02886893757367398,-0.02886893757367398
2025-07-19,night,7,0.030090230962800852,0.027200923605233834,0.15398830636073615,0.1528613362336463,0.006927324776224898,-0.0013320969237131917,0.15278802239707534,0.15174123288678532,0.0013728592999653168,0.001120103346861,0.019029542793931962,0.016981079980472474,0.024947626198565,0.0196413875224928
2025-07-20,night,7,0.023712599248980448,0.023232801243203167,0.17678394207626377,0.17678394207626377,0.007320133825656259,-0.002921537394130442,0.17609066025622297,0.17609066025622297,0.002223142014344729,0.0006932818200407626,0.013501346404590372,0.004097539254088396,0.014953363609406488,0.013368861376685741
2025-07-21,night,7,0.00797043252349879,0.002050391355991795,0.12242127934361248,-0.12194732540611514,0.007698420365412161,0.0017463537037317334,0.1037891916333944,-0.10301526167109143,0.019099671613290393,-0.018932063735023767,0.04138386369330533,-0.023488508450788845,0.06808637593529063,-0.06400458644521649
2025-07-22,night,7,0.03645792776054559,-0.03645792776054559,0.0645953340872869,-0.06416059384794752,0.01467521517962618,0.0061493039661260525,0.05985582393265502,-0.05892544826249998,0.005235145585447583,-0.005235145585447583,0.0326841498891619,-0.020756231207901932,0.07840515963603022,-0.07840515963603022
2025-07-23,night,7,0.023747079251831543,-0.023747079251831543,0.04696591317184592,0.04696591317184592,0.009772480197937475,0.002459972881386465,0.05190555344472202,0.05190555344472202,0.005148448832515737,-0.004939640272876037,0.036839048673417196,0.028730988341927666,0.031363828763032606,-0.008221669018850181
2025-07-24,night,7,0.05792961902761029,-0.033222067153982314,0.2514915597116211,0.2514915597116211,0.010747066244629734,0.0005410438413502467,0.2500527208807761,0.2500527208807761,0.0019874799609590293,0.0014388388308449792,0.034589958995909796,0.034589958995909796,0.023633499784812367,-0.008977570030509759
2025-07-25,night,7,0.06219754209239847,0.06219754209239847,0.12753650464795718,0.10414871871397187,0.004473312844483946,0.0025675621784188446,0.1253335538895194,0.10088448515590996,0.0032642335580618377,0.0032642335580618377,0.02249811419939951,-0.02249811419939951,0.048890072652992604,-0.048890072652992604
2025-07-26,night,7,0.041854924817004036,-0.002792003620707195,0.06515990030346368,0.06038225760330559,0.0053980197684075195,0.001132843415711129,0.07325694456624565,0.07325694456624565,0.014224374532175704,-0.01287468696294008,0.038072380843200616,-0.030258569349602502,0.06858265421361705,-0.06858265421361705
2025-07-27,night,7,0.07132276250799902,-0.065105258265047,0.06321213078646631,0.06321213078646631,0.006177676917624789,0.0018257161509723438,0.07534348148454852,0.07534348148454852,0.012131350698082183,-0.012131350698082183,0.014170492222635311,-0.013109735389156376,0.01603442858015797,-0.013207769634551177
2025-07-28,night,7,0.09090039124555849,-0.07923446214528491,0.03900696424251721,0.03806472511375401,0.007727260842373319,9.946604212337541e-05,0.046688845894697344,0.04619689222689801,0.008132167113143995,-0.008132167113143995,0.02601177259164625,0.025384704065216358,0.03766843884369615,0.03766843884369615
2025-07-29,night,7,0.08723382280676893,0.08723382280676893,0.08626350292992095,-0.033943838806887554,0.005073790860240426,-0.0010152023212373362,0.09107401851415332,-0.027939730717174857,0.00663181946365337,-0.006004108089712697,0.01775822418032938,0.0005761374713708304,0.043534889905076535,-0.02297458108625722
2025-07-30,night,7,0.018153429297755524,-0.002628661912284743,0.041411506136269094,-0.030682848706720927,0.007081754280520435,-0.0009424436711529619,0.04079562900059514,-0.02501267067851991,0.006117950539804521,-0.005670178028201005,0.02522790771326749,-0.02522790771326749,0.04105332319139596,-0.04105332319139596
2025-07-31,night,7,0.032856520683076706,-0.032856520683076706,0.08116694942373047,0.0672336971529164,0.005366987765841447,0.0021134196323902704,0.08110921002912537,0.06750351778539794,0.0028582753550008334,-0.000269820632481575,0.02531510121200314,0.024113210129565393,0.02577020802929787,0.020203323907943556
2025-08-01,night,8,0.008958080062796395,-0.008526203416914105,0.11459531218799222,-0.11002443262357588,0.005233333924280823,-0.00022356483204635097,0.10545381604223213,-0.10023973832293347,0.009965685095269947,-0.009784694300642412,0.02081344463636182,0.02071754347588918,0.0334440248672518,0.0334440248672518
2025-08-02,night,8,0.0514549757803441,-0.0514549757803441,0.09625054809475382,0.09325482025381045,0.006487587858506204,0.000630604187739243,0.10094169858436985,0.09923289301933631,0.0061903293254507,-0.005978072765525875,0.038339133339835206,0.038339133339835206,0.025255637817255473,0.01512301691157107
2025-08-03,night,8,0.0645865972052085,0.06317525471562024,0.04596377234321406,0.04465101928550721,0.004736383578102216,-0.0009125512619014472,0.04999121199828541,0.04999121199828541,0.005946982322276979,-0.0053401927127782215,0.008558345792453426,0.0030213248600092085,0.03404131786579575,-0.03404131786579575
2025-08-04,night,8,0.0488382942080328,0.0488382942080328,0.040726990418648114,0.014457026890397273,0.005400971022888852,-0.00029781371954207503,0.04637817522493951,0.021394666447136165,0.007738744436543262,-0.0069376395567388865,0.026239369830805725,-0.026239369830805725,0.038504199048400134,-0.038504199048400134
2025-08-05,night,8,0.06123356302963401,-0.06123356302963401,0.2146433942916874,-0.2146433942916874,0.004872053623219355,-0.0001700331666027501,0.2130947161975222,-0.2130947161975222,0.006071986942783304,-0.001548678094165204,0.03920253598750301,-0.03813833115373894,0.07397792726993306,-0.07397792726993306
2025-08-06,night,8,0.06531827455384807,-0.06531827455384807,0.036050976065876934,0.018282028020253988,0.005423266143376552,0.0004882426844416375,0.035059413000831645,0.02167620443651881,0.005573429477827708,-0.003394176416264875,0.010176948163587184,-0.009586521945272075,0.03224561100544058,-0.03224561100544058
2025-08-07,night,8,0.07169736728473856,-0.07169736728473856,0.10274418456392971,0.10274418456392971,0.007864917870705616,0.0010756299872512174,0.11251222326997447,0.11251222326997447,0.010804484215479457,-0.009768038706044783,0.037161465920417545,0.012292676202947972,0.036181094246128205,0.01770968919326506
2025-08-08,night,8,0.012327769832968497,0.002057988644755704,0.27215805525108566,-0.27215805525108566,0.005643470636162016,0.0011724661986486282,0.2701368550161518,-0.2701368550161518,0.0031990721967414,-0.002021200234933908,0.02542067430547894,0.02542067430547894,0.014539983439629993,-0.007884875363881362
2025-08-09,night,8,0.019267308711898485,0.018876340543975283,0.04540759236501898,-0.043039868101430255,0.006845449379623951,0.0016137225741201043,0.03438991653868991,-0.031503005249117665,0.012120451510740227,-0.011536862852312571,0.024153504980355057,0.023496573265015044,0.02675049204256302,0.013950404611215475
2025-08-10,night,8,0.013877032333961814,-0.012902826151707847,0.09077059448906255,-0.09064979759771767,0.009107103803933059,-0.0018991468689088336,0.08490817583479522,-0.08490817583479522,0.006276879976675545,-0.005741621762922395,0.054346065578736426,-0.054346065578736426,0.04620828816004376,-0.04620828816004376
2025-08-11,night,8,0.008635779697161746,-0.00216873373865926,0.09070438119545164,0.08931968765721958,0.01032541671823724,0.0028411522349408836,0.08645013325043864,0.08500898601262308,0.004427290806779958,0.004310701644596584,0.035878955916059,-0.028565688870631573,0.0328435176311539,-0.015871291414125435
2025-08-12,night,8,0.03196676128746678,-0.03196676128746678,0.023509751638986148,-0.00998149329996692,0.010919495479227279,-0.0021507632286985774,0.02206582846873768,-0.007658446938377879,0.006308700928459446,-0.002323046361589112,0.0388918068770624,0.032937694791484,0.03731148315316177,0.025994970895341623
2025-08-13,night,8,0.011394764332087526,0.0002524637496902719,0.13495487726139807,-0.12219774373190755,0.007839934478809176,-0.0006257828314083074,0.12887164048717595,-0.11549708114391732,0.00670200672369457,-0.006700662587990204,0.027149758787443638,0.02587055068166322,0.021260457419088944,-0.019992703687137084
2025-08-14,night,8,0.013252009231429848,0.002842554811327965,0.04280052428502823,-0.037435844926157355,0.005983332426977746,-0.0010965809720344943,0.035970444804980344,-0.028715150916889202,0.00872069400926815,-0.00872069400926815,0.012430157909231875,-0.005012866448422791,0.017306273159905763,-0.010074998392444898
2025-08-15,night,8,0.05380955089030307,-0.05380955089030307,0.36258595357621676,0.36258595357621676,0.00822318847660295,0.0011777550804419289,0.362962223912416,0.362962223912416,0.0011109281596616,-0.0003762703361993333,0.04388305027284969,-0.04388305027284969,0.02853366337645789,0.0035374729704871952
2025-08-16,night,8,0.00835088136851797,0.0010574841552421128,0.11776457963650631,0.11776457963650631,0.007187152051947864,-0.0023703540943146363,0.1176621331195602,0.1176621331195602,0.002796678875331046,0.00010244651694609585,0.008753391571294023,0.006088788639087991,0.010879989577655342,-0.006497405893216378
2025-08-17,night,8,0.033833648899470624,-0.033833648899470624,0.06284079868796345,0.06230682616923189,0.00850522321178939,0.002376957891470926,0.060229259895738595,0.059515699158766665,0.0027911270104651726,0.0027911270104651726,0.033945562807030115,0.033945562807030115,0.04991202487309321,0.04991202487309321
2025-08-18,night,8,0.006572239187540056,-0.002495417155503943,0.1163049943632677,0.0886205325485575,0.006948451083056642,-0.001717600887794724,0.11308970487704968,0.08454435336403206,0.00407617918452548,0.00407617918452548,0.013580475089099786,0.005975179951727337,0.03960492930891336,0.03806057582527531
2025-08-19,night,8,0.0720921340970437,0.0720921340970437,0.17853207822082084,0.17687861598239762,0.008860454902181207,0.00030181690631383057,0.17787307186124146,0.17588608864608615,0.0017676261122704208,0.0009925273363114709,0.017363808012121066,-0.017363808012121066,0.01968109796645451,0.017824904999402685
2025-08-20,night,8,0.024304895569145113,0.023329520573235025,0.054265446656815645,0.05336966787087741,0.00786468410797443,0.00390795767908948,0.05676106835470929,0.05568190270614878,0.003576774329669271,-0.002312234835271395,0.017338269433738025,-0.017338269433738025,0.013943011864841455,-0.013391390259904677
2025-08-21,night,8,0.028768010514480653,0.028768010514480653,0.15100710102946824,0.15100710102946824,0.010871720221039327,-0.010008142251323158,0.1468932860452204,0.1468932860452204,0.004113814984247767,0.004113814984247767,0.03355149728291857,0.03355149728291857,0.08307205724228477,0.08307205724228477
2025-08-22,night,8,0.025820554677528917,0.025820554677528917,0.13060887744439106,-0.13060887744439106,0.005073849300923232,0.00041565935640565897,0.13091510662225614,-0.13091510662225614,0.002134370617173579,0.0003062291778651041,0.02012033813836943,0.02012033813836943,0.01070355715628614,0.010502229004044678
2025-08-23,night,8,0.025876657733015746,-0.022073922503305327,0.15638054649075891,-0.15638054649075891,0.004160129225365779,-0.0007208950426631656,0.15369443738728295,-0.15369443738728295,0.0030022147567340418,-0.0026861091034759504,0.010416613403744576,0.010416613403744576,0.03374996184170292,-0.03374996184170292
2025-08-24,night,8,0.02740634260527114,-0.02740634260527114,0.07798418217748991,-0.05160727219971747,0.00547098296088169,0.0013007727177331465,0.07726027743966259,-0.04354491248217648,0.008062359717540974,-0.008062359717540974,0.01279082458312395,0.01279082458312395,0.014032017024743824,-0.013694697403629818
2025-08-25,night,8,0.023555978219079843,0.02276293815350172,0.029189630820531744,0.016848185867788246,0.005187779412039259,3.623322333538096e-06,0.026157552874887566,0.02003431345328976,0.00402562799390458,-0.003186127585501538,0.0013360124494607249,-0.0012651823419087165,0.045127077087585295,-0.045127077087585295
2025-08-26,night,8,0.025693153989027828,-0.025693153989027828,0.08006545943434085,0.07732202002103938,0.004971607326366917,0.0015604831120905043,0.08379599120045352,0.08162918600432667,0.004435852366809975,-0.004307165983287267,0.007761097997713733,0.00741851871514785,0.016207413001242097,0.01376430025684307
2025-08-27,night,8,0.045640420045288975,0.045640420045288975,0.03881554178601011,0.027806076875614292,0.0072756604660464685,0.0012408417975230967,0.03796917459737817,0.026704849869297265,0.0016671081378566686,0.0011012270063170016,0.009057838308333776,-0.009057838308333776,0.016620559408287366,0.012698079219522429
2025-08-28,night,8,0.008740972926199242,0.008051957276002756,0.03963134449753835,-0.038986510003537665,0.005430483567702194,-0.0019179647687700082,0.03853081877941491,-0.03783414739977179,0.0032423183020124373,-0.0011523626037658458,0.017293562311397042,-0.017293562311397042,0.01377668968159639,-0.01377668968159639
2025-08-29,night,8,0.07223735919379841,-0.07223735919379841,0.07050710589817775,0.07050710589817775,0.006366381882381746,0.0012576727141691158,0.07365276331084117,0.07365276331084117,0.005616587922074592,-0.003145657412663417,0.018473070612322885,-0.010985475010106984,0.019872286660230415,-0.0034207084862554285
2025-08-30,night,8,0.014015244548780578,-0.0004897329218531143,0.1063515818113855,0.0998825488696679,0.012012774552683654,-0.009555694485095736,0.10764802991859158,0.10127215142525507,0.0013896025555871331,-0.0013896025555871331,0.03736700180182052,-0.03736700180182052,0.022190277902757446,-0.01963992650542284
2025-08-31,night,8,0.022551382881770426,-0.01549876128162512,0.03454516421254462,0.009355768909241455,0.005157273375618336,-0.0016911564788283252,0.03241091047673668,0.007671800634397379,0.0023925031130953623,0.0016839682748441042,0.010033359405950822,0.008831468323513064,0.023537160319218747,0.022852586160914956
2025-09-01,night,9,0.033412583779906004,-0.033412583779906004,0.13794256950845663,0.13794256950845663,0.009770873079160518,-0.0012120597612447447,0.13344433171275907,0.13344433171275907,0.004607112787751442,0.004498237795697492,0.046445966416986006,0.046445966416986006,0.05202865874303738,0.05202865874303738
2025-09-02,night,9,0.032535973537925776,-0.032535973537925776,0.23484914348796715,0.23484914348796715,0.009217732016470992,-0.0073556365404565,0.23447921396585147,0.23447921396585147,0.0005679849961204124,0.00036992952211567916,0.007263066498903342,-0.0060167020568558,0.009577960385242076,0.009406203218496731
2025-09-03,night,9,0.010451531711716774,6.662237839037226e-05,0.07891040855916627,0.07891040855916627,0.004137483460781304,0.0009528168923497333,0.07499979182900945,0.07499979182900945,0.0039106167301568,0.0039106167301568,0.04311931820969506,-0.04311931820969506,0.004498559219452983,-0.004344334257547253
2025-09-04,night,9,0.022489727961417794,-0.022201030988392285,0.12197353605235035,0.12197353605235035,0.005558614764738327,0.0005543390966869117,0.11839398579024808,0.11839398579024808,0.0057465892209602925,0.0035795502621022344,0.01897005017884291,-0.01897005017884291,0.010705047393697487,-0.009571531910134204
2025-09-05,night,9,0.01577489350784896,-0.013035194298246585,0.15632660574053572,0.15632660574053572,0.016845643698086523,-0.011250298964209255,0.14551145610044555,0.14551145610044555,0.0108151496400902,0.0108151496400902,0.04021668637644999,0.04021668637644999,0.040264753838051906,0.040264753838051906
2025-09-06,night,9,0.02608061571598293,0.024264279294599806,0.1500339175591631,-0.1500339175591631,0.006405128055077247,0.0010234424575119496,0.15187836394897242,-0.15187836394897242,0.003062700863430684,0.001844446389809292,0.0050908555396176345,0.001857566323097584,0.018990095333042877,0.018990095333042877
2025-09-07,night,9,0.024994203422755695,-0.022456708975636692,0.06764853833976288,0.06764853833976288,0.00616701149301403,0.0012009560315129665,0.07226237180603627,0.07226237180603627,0.004613833466273388,-0.004613833466273388,0.023075069840329532,-0.017675209190413838,0.018194104012983367,-0.011219851368471109
2025-09-08,night,9,0.015392399238931672,0.011966022006444718,0.13508721618759567,-0.13508721618759567,0.0046064407198993336,-0.00015215031766639513,0.130494801231568,-0.130494801231568,0.004592414956027653,-0.004592414956027653,0.011063785525057249,-0.011063785525057249,0.03828300106400711,-0.03828300106400711
2025-09-09,night,9,0.014009984887328741,-0.013668106892956463,0.09134158918034709,0.09134158918034709,0.005624886499032036,-0.003724863019881199,0.08368968759844271,0.08368968759844271,0.007651901581904408,0.007651901581904408,0.02039313924567367,0.020219395095713178,0.04580145334674073,0.04580145334674073
2025-09-10,night,9,0.062143484460809494,-0.062143484460809494,0.10735734596235087,0.07693844459949019,0.005016256008025127,-0.0029921045186098918,0.10155672833014323,0.07631058712384253,0.0059835954100503665,0.0006278574756476831,0.05075143762047205,0.05075143762047205,0.03268780243183683,0.03268780243183683
2025-09-11,night,9,0.014445660177592967,-0.0051974221247009416,0.28810683901060213,0.28810683901060213,0.005841789093239344,-0.002621999674445831,0.27594258620810436,0.27594258620810436,0.012164252802497855,0.012164252802497855,0.01640681261095115,0.014563885678894615,0.05900095362467589,0.05900095362467589
2025-09-12,night,9,0.014370856103610477,0.010380526282116387,0.047706561165295,-0.04755590108503999,0.005955543882306986,0.00123172505100646,0.05728414168609893,-0.05728414168609893,0.009728240601058888,0.009728240601058888,0.014680854705516194,-0.014680679383467796,0.02324790815970663,0.023049618922970694
2025-09-13,night,9,0.010708670716031191,0.010708670716031191,0.21364326966661207,0.21364326966661207,0.012836466756389766,-0.01214908744531163,0.20334055715364208,0.20334055715364208,0.01030271251296995,0.01030271251296995,0.02745914376217984,-0.020450002030036784,0.019952905582151185,0.009545847230044197
2025-09-14,night,9,0.02657619270611587,0.02657619270611587,0.07751469895222664,0.07751469895222664,0.005313134676642431,-0.0018461996102932577,0.07573854050026761,0.07573854050026761,0.0017761584519590291,0.0017761584519590291,0.012148795241897584,0.004764990292332162,0.015478190161280091,0.013072479453872222
2025-09-15,night,9,0.010318579158349736,0.008959248876452238,0.14562112004171723,0.12575444368703548,0.009607502150396801,-0.002367461280516146,0.1377265727448327,0.11567807193854485,0.010462314017693167,0.01007637174849065,0.01199594363603762,0.0029049110198742373,0.013300164354055918,0.00500293153234703
2025-09-16,night,9,0.02135305668098351,0.021136826154628363,0.05690524151917362,0.05690524151917362,0.008202705017281993,0.004384541447312704,0.0525474366842413,0.0525474366842413,0.004357804834932325,0.004357804834932325,0.0320185105120848,0.025809947693600926,0.03525404969489269,0.03246613692198143
2025-09-17,night,9,0.12605509177969312,0.12605509177969312,0.07708323139112395,0.07708323139112395,0.080369204883187,0.08015338344161145,0.08845467789077488,0.08845467789077488,0.011568976007510461,-0.011371446499650904,0.010558069076458801,0.01055280941500692,0.009061052545887696,-0.007956815844406542
2025-09-18,night,9,0.11525262376777035,0.11525262376777035,0.041605821406574726,0.041605821406574726,0.0077662992184828195,0.0023420688038400714,0.050650481340937394,0.050650481340937394,0.009044659934362646,-0.009044659934362646,0.01894024543061554,-0.01894024543061554,0.025000515016497814,-0.025000515016497814
2025-09-19,night,9,0.12849937333774844,-0.12649368910409758,0.046948731611103085,0.03962149724248678,0.051747091533313284,0.051747091533313284,0.04387329067882231,0.0359060723928776,0.0037154248496091957,0.0037154248496091957,0.00430795493250505,-0.0017411817033040164,0.012538740697871835,-0.000358884233066734
2025-09-20,night,9,0.10901437308242477,-0.10901437308242477,0.017988159046800796,0.015155772914279735,0.008281278515304828,0.0034329225889603286,0.02509656227867742,0.024952038470116265,0.009796265555836568,-0.009796265555836568,0.03408535292028456,-0.03408535292028456,0.04032959377561706,-0.04032959377561706
2025-09-21,night,9,0.10085283952617448,-0.10085283952617448,0.037850627672321016,0.02241363819241399,0.004988525904037149,0.0025440105832509516,0.03668578798277762,0.019720925291781807,0.0027221670047627333,0.0026927129006322,0.025045046816790397,-0.025045046816790397,0.028473469473175233,-0.028473469473175233
2025-09-22,night,9,0.01369878825142549,0.004610093262574222,0.18433982561632992,0.18433982561632992,0.005450820925316143,-0.001672397019649985,0.17642423967363782,0.17642423967363782,0.007915585942692023,0.007915585942692023,0.039873639568421694,0.039873639568421694,0.03905731089074829,0.038248024315352104
2025-09-23,night,9,0.03301869357784306,0.02952861600110555,0.2010224490297495,0.2010224490297495,0.0050519632652151125,0.0022368171341196463,0.19541307853200052,0.19541307853200052,0.005609370497748996,0.005609370497748996,0.02562428164434957,-0.02562428164434957,0.026130261076020594,-0.026130261076020594
2025-09-24,night,9,0.026316423871075762,0.024939561384338765,0.07260813610581464,-0.07260813610581464,0.005643353754796405,0.00010136536431429022,0.07768549184770579,-0.07768549184770579,0.005077355741891145,0.005077355741891145,0.035307435258629255,-0.035307435258629255,0.099221088001411,-0.099221088001411
2025-09-25,night,9,0.006888403281480955,0.0025135337671714497,0.08576138058331466,0.08576138058331466,0.003750050954167416,-0.0009455410273413439,0.08487615034062161,0.08487615034062161,0.002669599610585305,0.0008852302426930802,0.01776903570664713,0.010878470119902594,0.04735723198386591,-0.04735723198386591
2025-09-26,night,9,0.05288735691573979,0.05288735691573979,0.15602440896978373,0.15602440896978373,0.0069377856584458735,0.0021399224820394147,0.15296813658146088,0.15296813658146088,0.007201645341281887,0.0030562723883227707,0.00559651354753327,0.0023158289372634863,0.009324240160871555,-0.008727034823351803
2025-09-27,night,9,0.012086994219837851,-0.007751864369831533,0.035273218238850615,0.027454497727897362,0.006932379895287007,-0.0004357629512884217,0.033780263335734036,0.024866539751181835,0.008806864796054767,0.0025879579767155167,0.03696116048012505,0.03696116048012505,0.08457857038381071,0.08457857038381071
2025-09-28,night,9,0.013355741443397387,0.007484790449441614,0.015915121926224452,-0.0002017664573624687,0.0058390131608063965,-0.0007998484051242212,0.013815698837364521,0.005752579390947162,0.007564211337364984,-0.005954345848309609,0.03662644146939557,0.029417958568226193,0.031827263377626196,0.027807304129953064
2025-09-29,night,9,0.006844572769382218,-0.006844572769382218,0.16757982673888483,-0.16757982673888483,0.000862584478108594,0.000862584478108594,0.17190817746968656,-0.17190817746968656,0.0043283507308018,0.0043283507308018,0.054642973467695095,-0.054642973467695095,0.06374148649125683,-0.06374148649125683
2025-09-30,night,9,0.01597260087865634,0.013736406264853488,0.07965786235126215,-0.07965786235126215,0.005435044481859747,0.0017679170452347844,0.08298831047338463,-0.08298831047338463,0.0033304481221224694,0.0033304481221224694,0.02215415139719085,-0.015313420467478083,0.011598666415271446,0.006434746047209549
2025-10-01,night,10,0.03498902119840056,-0.03498902119840056,0.09300387596187289,0.0853329519377175,0.00468355320085219,0.0024303726755489055,0.08881163358130922,0.07970458821805897,0.005628363719658534,0.005628363719658534,0.012800934821248134,-0.0061604369161991765,0.0195921804675763,-0.012427937163285505
2025-10-02,night,10,0.05156455206059161,-0.05156455206059161,0.042402397133462215,0.03899559752971285,0.005548475306272747,0.0016867149869356508,0.03318787935454514,0.023752046709869478,0.01524355081984335,0.01524355081984335,0.01155243729427844,-0.0017071692259151832,0.03290528943287211,0.03290528943287211
2025-10-03,night,10,0.03121053885205181,-0.03121053885205181,0.03674422866557634,0.036342624293383786,0.007592058322718545,-0.0012160629480164177,0.025077189192329746,0.022691056113659402,0.013651568179724398,0.013651568179724398,0.04155047807996437,-0.04155047807996437,0.021500590184708745,-0.009198943336951176
2025-10-04,night,10,0.04178041294643573,-0.04106568339580787,0.09038450611815303,0.09038450611815303,0.006815381648324024,0.0013293209912803043,0.08161501413874796,0.08161501413874796,0.008769491979404975,0.008769491979404975,0.06736025045151688,0.06706874832571703,0.03619666868809404,0.027112765835232044
2025-10-05,night,10,0.047214519836471514,0.047214519836471514,0.04345237166096478,-0.04225994796914042,0.0061440735250155335,0.003110885206398205,0.04501294243407947,-0.04439884773923087,0.0021388997700904164,0.0021388997700904164,0.057032788309381764,0.057032788309381764,0.021518297711596784,0.007383074441030463
2025-10-06,night,10,0.03795108720605198,0.03795108720605198,0.042133891416343626,0.037921896084994015,0.006519350369607299,0.004835440535445992,0.03979313752786653,0.03224330259847002,0.005678593486523942,0.005678593486523942,0.018074680477684246,-0.008832929340583011,0.012125798833216345,-0.0033539107858165432
2025-10-07,night,10,0.020396674906983048,0.020396674906983048,0.025411966643741957,-0.018488557393264545,0.004803707244686295,-0.000587562624857969,0.022824972938292564,-0.018495570275200393,0.006069415552740155,7.012881935788177e-06,0.01697085286098271,-0.011566726041222712,0.021190854565875748,-0.006890653247768742
2025-10-08,night,10,0.02759247617998506,-0.02759247617998506,0.13803923039780563,0.13803923039780563,0.0048106909062807434,-0.0013132498035106407,0.13383229018551812,0.13383229018551812,0.0042069402122875115,0.0042069402122875115,0.010195941385496746,-0.00339403031455782,0.009836385084577877,-0.00675422347377522
2025-10-09,night,10,0.017628631966223274,0.0035970240262591102,0.1290030735827902,0.1290030735827902,0.006356593068012951,0.00158713206344668,0.1263667559410587,0.1263667559410587,0.0026363176417314067,0.0026363176417314067,0.03887272599412863,-0.01863039293041695,0.03583115143752969,-0.014313350471736713
2025-10-10,night,10,0.0903598149296706,0.0903598149296706,0.11567707844693727,0.11567707844693727,0.07693298039564853,0.07693298039564853,0.11287949374102284,0.11287949374102284,0.0027975847059143453,0.0027975847059143453,0.02838276953347162,0.009971383061842745,0.033078887481125606,0.002480164137293369
2025-10-11,night,10,0.016424169493742407,-0.004395323753289067,0.017560577791104242,-0.013484223284530361,0.006475870501605079,0.0009204407540792636,0.022558308102682157,-0.02204870534867763,0.008564482064147158,0.008564482064147158,0.052104193325554625,0.052104193325554625,0.06459603537548059,0.06459603537548059
2025-10-12,night,10,0.036106114850097494,0.027664942626655403,0.051271384375332,0.0445297840890413,0.006746509303645769,-0.001278331495538453,0.04744974358473623,0.04058600227139628,0.0039437818176450675,0.0039437818176450675,0.02925213313078494,0.023995101509629232,0.11274502172990308,0.11274502172990308
2025-10-13,night,10,0.06979746068695324,-0.06979746068695324,0.027005936267076026,-0.026769660586520926,0.007680771279206969,-0.004949370646562051,0.03686613592989438,-0.03686613592989438,0.010096475343373388,0.010096475343373388,0.032131826996031516,-0.032131826996031516,0.036028622504706447,0.036028622504706447
2025-10-14,night,10,0.08849877138594649,-0.08849877138594649,0.05890820826107437,0.05851390897423162,0.033247751834072435,-0.03283989430882041,0.048080026348720016,0.04666225538402393,0.011851653590207687,0.011851653590207687,0.0262758075965307,-0.013999991530570155,0.04343057328628089,0.04343057328628089
2025-10-15,night,10,0.07726092028717345,-0.07726092028717345,0.04168518385381533,0.028826889502400293,0.013044953892274036,0.0077591694551813655,0.04442269153781272,0.02624915864517453,0.006925951420179062,0.0025777308572257213,0.06739511031880635,0.03986586695760942,0.06303844507718863,0.01899608550302973
2025-10-16,night,10,0.04233413841595337,-0.03617449044897205,0.09061169427253292,-0.04839794366314487,0.007133415844114491,-0.0007875174210536963,0.09170710643091147,-0.05542964349884822,0.007470063397376242,0.007031699835703308,0.06558248488078085,0.06558248488078085,0.03531289946247093,0.03531289946247093
2025-10-17,night,10,0.06607128275170898,-0.06607128275170898,0.06369219177531614,0.06369219177531614,0.015663797769848723,-0.015663797769848723,0.057365374235189136,0.057365374235189136,0.007026936920055266,0.006326817540127025,0.028477589541312565,0.028477589541312565,0.05747886604118415,0.05747886604118415
2025-10-18,night,10,0.06943016099556361,0.06396946359485452,0.04414723137944112,0.04414723137944112,0.008006490424785415,0.0061189148110706824,0.039936346421064695,0.039936346421064695,0.004210884958376334,0.004210884958376334,0.06712274751662312,-0.06712274751662312,0.06242993146754732,-0.06242993146754732
2025-10-19,night,10,0.06920954741799863,-0.06920954741799863,0.11390892636852168,0.09949277873574208,0.005450119637122571,-0.0001775427943424262,0.11115426634412284,0.09539106097283356,0.004101717762908483,0.004101717762908483,0.013064443859987411,-0.013064443859987411,0.017175278369412485,0.009579158419239453
2025-10-20,night,10,0.04052130843553823,0.040458192498115685,0.11519280972892594,0.11519280972892594,0.02287502738310963,-0.015295095502071797,0.10624969048092603,0.10624969048092603,0.012697816236449775,0.008943119247999875,0.012489095337834348,-0.0020888161049319944,0.01835744572140569,0.013120400813767143
2025-10-21,night,10,0.0167759824041905,0.01521386295298166,0.10005830922318493,0.10005830922318493,0.035083928867265704,0.035083928867265704,0.0955455489178119,0.0955455489178119,0.007796366949782692,0.004512760305372983,0.019758882515259524,-0.010149656364720214,0.018333748024530815,-0.0044606312163166266
2025-10-22,night,10,0.015385678560409696,-0.012990194972491617,0.015679138449083353,-0.0017918205549490804,0.05481569490570667,0.05481569490570667,0.01776573380806899,-0.0028292887763327196,0.004961467867901266,0.0010374682213835666,0.051625067387629654,0.051625067387629654,0.03505240011889579,0.03505240011889579
2025-10-23,night,10,0.08140903995222393,-0.08140903995222393,0.016273655515194392,0.0055516603234852776,0.04232958004269505,0.04232958004269505,0.01694192472299736,0.004884559929338287,0.0022327847270065333,0.0006671003941469833,0.03460676069221443,0.03460676069221443,0.02637182563836894,0.02637182563836894
2025-10-24,night,10,0.051785457841570605,0.04833044467451236,0.06401586549699663,0.06401586549699663,0.05162927511679118,0.05162927511679118,0.059808983725391916,0.059808983725391916,0.005562530290485742,0.00420688177160465,0.0389761075619995,-0.02175737854492617,0.03240223203534102,-0.00033156321385833615
2025-10-25,night,10,0.04094003592779074,-0.022475117790718185,0.14944959839220046,0.14944959839220046,0.03580166811305775,0.03580166811305775,0.12871721098288041,0.12871721098288041,0.020732387409319947,0.020732387409319947,0.028172207753347934,0.028172207753347934,0.046923134592037265,0.046923134592037265
2025-10-26,night,10,0.10707940207496035,-0.10707940207496035,0.04426507701630469,0.04416958494061163,0.00769859568746056,0.0016546018317377686,0.04214289128149462,0.04163860662962476,0.0028654343386437207,0.002530978310986854,0.040862046836595854,0.011953252717253206,0.06549859328062348,0.05768349609200374
2025-10-27,night,10,0.02505965698749017,-0.02484108883382304,0.019846689641164688,0.01509657250260473,0.007886482482658332,-0.0005880593706617648,0.018144955398749663,0.00787225217639683,0.007224320326207795,0.007224320326207795,0.004597236312358563,0.0007406772137905294,0.06789872290282407,0.06789872290282407
2025-10-28,night,10,0.02029235828818728,0.0030821616108025105,0.12241873717391073,0.12241873717391073,0.005990929715741593,-0.00033644301087201967,0.1136044211907991,0.1136044211907991,0.008814315983111545,0.008814315983111545,0.028676580066242085,0.0070841503485152,0.04894363353877761,0.04893317265655666
2025-10-29,night,10,0.0234811741450975,-0.023249164634386754,0.16331698801350042,0.16331698801350042,0.0069662754913102296,-0.0006544479863210811,0.1615081319995156,0.1615081319995156,0.002199006012348921,0.0018088560139848879,0.02960295254962542,-0.02959149817579688,0.02999006363248391,0.02999006363248391
2025-10-30,night,10,0.11881458338435025,0.11881458338435025,0.06292623896621516,0.06292623896621516,0.03929779430046488,0.03929779430046488,0.07522931761070129,0.07522931761070129,0.012844882214712727,-0.012303078644486142,0.021512278321268504,0.021512278321268504,0.010039554118327479,0.006529782031486862
2025-10-31,night,10,0.022226160481995827,-0.02127182413189327,0.048410449969263775,-0.048410449969263775,0.00520072402327917,0.00026891480189815235,0.052727667749992414,-0.052727667749992414,0.004328847476605569,0.004317217780728627,0.030821937531781796,0.019369667567820322,0.03383665859463477,0.016148534013322415
2025-11-01,night,11,0.06317554691903432,-0.06265776246943798,0.24841977132201531,0.24841977132201531,0.008359384487865286,0.0001143391958956461,0.23916323469216594,0.23916323469216594,0.009256536629849222,0.009256536629849222,0.02516935014910319,-0.02516935014910319,0.04267426318984167,0.04267426318984167
2025-11-02,night,11,0.02967471770810215,-0.027525269394766554,0.0454063358903388,0.04531943459501716,0.008903467244721018,0.008723995907846258,0.051666034306271515,0.051666034306271515,0.006346599711254372,-0.006346599711254372,0.05388225109970466,-0.05388225109970466,0.05220719502898737,-0.05220719502898737
2025-11-03,night,11,0.010189133045950908,0.010189133045950908,0.23997985557325338,0.23997985557325338,0.007556847811332354,0.000957199943559676,0.2339921108747243,0.2339921108747243,0.0060240948032298245,0.005987744698529041,0.028674417760978527,0.0026028019101464457,0.14028206692225356,0.02650314185261758
2025-11-04,night,11,0.013133374645348361,0.011706837578232395,0.07093541766240931,0.05859625189629498,0.006640381023683364,5.896664894389225e-05,0.07892291486528517,0.06926278688002817,0.011219500724374309,-0.010666534983733158,0.015326156724979292,0.0106030976225552,0.02278304174838451,0.02278304174838451
2025-11-05,night,11,0.01984061181015347,-0.01561301281649663,0.28269949795328836,0.28269949795328836,0.006316648861320051,0.0015048183617247565,0.2819965149799029,0.2819965149799029,0.0009002787185137499,0.0007029829733853833,0.009633303711852411,0.001430101948766604,0.02550108868500994,0.02495151250397111
2025-11-06,night,11,0.01736477228338712,-0.014766499526157698,0.08707322781043818,0.08707322781043818,0.005952972492263829,-0.004058851522075641,0.08323443467944096,0.08323443467944096,0.003838793130997196,0.003838793130997196,0.02541106081315857,0.02537021077588229,0.06971339376474739,0.06971339376474739
2025-11-07,night,11,0.03936535172978012,0.03936535172978012,0.07211399091241041,0.037252019758414086,0.01381198785400676,-0.012408184212499554,0.06989622544088314,0.02765763754130557,0.009594382217108404,0.009594382217108404,0.014418134615994732,0.0009728620465497007,0.08343503232314746,0.08343503232314746
2025-11-08,night,11,0.00815393626748658,-0.004617690551338131,0.3565587614167985,0.3565587614167985,0.11135825354743162,-0.11135825354743162,0.34991154283322784,0.34991154283322784,0.006647218583570812,0.006647218583570812,0.01339533500599356,0.013166189088739918,0.15075831904279421,0.15075831904279421
2025-11-09,night,11,0.009267815681629507,0.005619948261335513,0.13990971211180178,0.13990971211180178,0.011830877927472746,-0.007766562201555391,0.1324932096002105,0.1324932096002105,0.007416502511591312,0.007416502511591312,0.016152420318728513,0.013286255471549822,0.10127092417091625,0.10127092417091625
2025-11-10,night,11,0.02019008709328966,0.02019008709328966,0.08200370312004203,0.08083950627800944,0.007257251650964871,-0.0010168386603556848,0.07649797717323649,0.0743122956365657,0.006527210641443713,0.006527210641443713,0.03582787875929294,-0.002142844516179382,0.062122913340464415,0.062122913340464415
2025-11-11,night,11,0.00808322304130025,0.006875254127851375,0.20325917850284494,0.20325917850284494,0.019540489683640833,-0.019002776961210135,0.20001440569215498,0.20001440569215498,0.005244203891281379,0.003244772810689979,0.026321654312186266,-0.011270899304895776,0.06418633696872042,0.06418633696872042
2025-11-12,night,11,0.00970436758213559,-0.0041712037347561015,0.29326414160656206,0.29326414160656206,0.07705474155825957,-0.07705474155825957,0.28873437506249444,0.28873437506249444,0.004529766544067462,0.004529766544067462,0.027732792259384714,-0.015832925105868097,0.0813872123571987,0.0813872123571987
2025-11-13,night,11,0.024461516599045736,-0.023798799256108633,0.07763876852180826,0.07509700790484507,0.005153416290553607,-0.0020898388168809276,0.07259004871448849,0.06877971619601421,0.006317291708830841,0.006317291708830841,0.00895694046948184,-0.006219987971971035,0.03744499089301537,0.03744499089301537
2025-11-14,night,11,0.00843445154492023,-0.007396545018415597,0.2100714335746393,0.2100714335746393,0.10869192661508302,-0.10869192661508302,0.2059119471967842,0.2059119471967842,0.004159486377855005,0.004159486377855005,0.024451727784676757,0.024348638420219875,0.09680953322572323,0.09680953322572323
2025-11-15,night,11,0.009953032687443963,-0.009463299765590941,0.30074457822513506,0.30074457822513506,0.10628551461948159,-0.10628551461948159,0.2939224466779478,0.2939224466779478,0.006828969107074721,0.006822131547187279,0.0218368870938738,0.0218368870938738,0.12451894921198851,0.12451894921198851
2025-11-16,night,11,0.048148694151008496,-0.048148694151008496,0.029441422502369863,0.00816971525184218,0.007141772861754679,-0.002632898861787719,0.029640237705251038,0.005171708224269563,0.002998007027572525,0.002998007027572525,0.010361153195768644,0.00958435964000852,0.04808011400974423,0.04808011400974423
2025-11-17,night,11,0.061207849129202574,-0.061207849129202574,0.13728590077618918,0.13728590077618918,0.005726777829491533,0.0017185067183781595,0.1353004077984453,0.1353004077984453,0.002936089124147313,0.001985492977743904,0.022308854048155993,-0.017330467602584408,0.028102458798427803,0.028102458798427803
2025-11-18,night,11,0.059070965562668644,-0.059070965562668644,0.2701107320309407,0.2701107320309407,0.06540812710365107,-0.06530994675654928,0.2640858482784932,0.2640858482784932,0.006413338971010479,0.006024883752447621,0.024211682680081142,-0.024211682680081142,0.052360368058602696,0.052360368058602696
2025-11-19,night,11,0.06670214992252088,-0.06670214992252088,0.07997212966391133,0.07997212966391133,0.08355261497693833,-0.08355261497693833,0.0732834474158949,0.0732834474158949,0.006688682248016497,0.006688682248016497,0.01297126019126491,0.011850075691772132,0.07261450614023973,0.07261450614023973
2025-11-20,night,11,0.008954573621828462,-0.0034611494387520128,0.114594786221847,0.114594786221847,0.007908368518366423,-0.002064709323277501,0.10834522726437985,0.10834522726437985,0.006264169128166762,0.006249558957467086,0.028053310184194085,-0.015817701307999036,0.022081549012410478,-0.008991654235064253
2025-11-21,night,11,0.007955822352798994,0.006567856136330171,0.03498431672343535,-0.01766600478287304,0.1089599940270806,-0.1089599940270806,0.036658963709373084,-0.023848766039901343,0.006182761257028256,0.006182761257028256,0.010730878175494526,-0.004842920942844226,0.0786133837888419,0.0786133837888419
2025-11-22,night,11,0.0086708441068409,0.00185198523789043,0.19968725474984791,0.19968725474984791,0.10566788426332369,-0.10566788426332369,0.19559307583502053,0.19559307583502053,0.007619087138512934,0.004094178914827466,0.015616080952343596,0.011072200983380237,0.13837628703584703,0.13837628703584703
2025-11-23,night,11,0.09496786276834696,0.09496786276834696,0.35752762027657653,0.35752762027657653,0.013418945041844226,-0.005398253531138685,0.3513792805817168,0.3513792805817168,0.006148339694859846,0.006148339694859846,0.01566221987141316,-0.014312999827639917,0.05343903696135941,0.05343903696135941
2025-11-24,night,11,0.08281190854280647,0.08281190854280647,0.4274000019188778,0.4274000019188778,0.011105629053941081,-0.003972242430167976,0.4210543080382068,0.4210543080382068,0.006345693880670959,0.006345693880670959,0.03195261864222935,0.03195261864222935,0.09097914006562964,0.09097914006562964
2025-11-25,night,11,0.03610786807058138,-0.03282525491777925,0.25912201356293835,0.25912201356293835,0.10792641211110306,-0.1062142169864672,0.25236761476711483,0.25236761476711483,0.006766671339211254,0.006754398795823528,0.024079460635249128,-0.0018327290329081668,0.02884234706300054,-0.002378418908540884
2025-11-26,night,11,0.05083375132219414,0.05083375132219414,0.25080607972273405,0.25080607972273405,0.06893975600585839,-0.06893975600585839,0.24460523107437948,0.24460523107437948,0.006200848648354458,0.006200848648354458,0.03158245535738247,-0.03080852539507949,0.03775183369804987,-0.03466260076462859
2025-11-27,night,11,0.10730585972080525,-0.10730585972080525,0.232320269041561,0.232320269041561,0.0358204567925775,-0.03151256030075522,0.22732198354349645,0.22732198354349645,0.005236197517737927,0.004998285498064494,0.0236711940252175,0.018994770587666753,0.09134378070595206,0.09134378070595206
2025-11-28,night,11,0.05613139921789493,-0.05379494071960341,0.1903816863871306,0.1903816863871306,0.1141679939153682,-0.1141679939153682,0.18466612916873634,0.18466612916873634,0.005807425971753717,0.005715557218394183,0.02646734693440338,0.023307634537526895,0.10830618888827033,0.10830618888827033
2025-11-29,night,11,0.03201731247808751,0.030670839146405855,0.18921252208706005,0.18921252208706005,0.07474399696039957,-0.07474399696039957,0.18114624684377156,0.18114624684377156,0.008066275243288491,0.008066275243288491,0.007178122966455476,-0.0019067149373313008,0.06623053361233558,0.06186717691253737
2025-11-30,night,11,0.04368441039201695,0.04368441039201695,0.5424563526534687,0.5424563526534687,0.014113541777248,-0.004937361086246852,0.5342886828255246,0.5342886828255246,0.008167669827944197,0.008167669827944197,0.015936686538177165,0.010492703172748474,0.09706716897584126,0.09706716897584126
2025-12-01,night,12,0.010745488346194043,-0.009691802835333848,0.1759706815344373,0.1759706815344373,0.006603329630789006,-0.0015177629729646025,0.17299508650871806,0.17299508650871806,0.0032146758590485547,0.0029755950257191383,0.017865433612923573,-0.011556352820025937,0.03634241975099398,-0.03275603192900426
2025-12-02,night,12,0.07314114435328019,0.07231596191216279,0.17094942884803285,0.17094942884803285,0.010418804929349545,0.002176856993568259,0.16586520632591284,0.16586520632591284,0.0050842225221199,0.0050842225221199,0.015531838708089255,0.009856079594680987,0.06228572908274157,0.06228572908274157
2025-12-03,night,12,0.07894488856201738,-0.07894488856201738,0.13045392197395023,0.13045392197395023,0.06738952923359907,-0.06738952923359907,0.1234156183410907,0.1234156183410907,0.007038303632859633,0.007038303632859633,0.02239879425898315,0.007592905712619144,0.10481111463315358,0.10481111463315358
2025-12-04,night,12,0.04486637320162037,0.04428956366239728,0.22729542225316446,0.22729542225316446,0.009071425767084449,-0.00570208664100905,0.22030515686156538,0.22030515686156538,0.006990265391599012,0.006990265391599012,0.04059620017054466,-0.03949132062155273,0.04644120350133791,0.02010531888289015
2025-12-05,night,12,0.030097828251564707,-0.02683800696505419,0.21315333220236923,0.21315333220236923,0.10211358037619045,-0.10211358037619045,0.20679936896508236,0.20679936896508236,0.006353963237287034,0.006353963237287034,0.026835581676717887,0.020746588495240113,0.06686359230875231,0.06686359230875231
2025-12-06,night,12,0.03602459009759338,-0.035739399565535825,0.43721938076476125,0.43721938076476125,0.027217812962562676,-0.01981565763859845,0.4265199728969538,0.4265199728969538,0.010699407867807336,0.010699407867807336,0.060141131346078215,0.01845790525513664,0.14155297645107653,0.14155297645107653
2025-12-07,night,12,0.03578001584008093,-0.0350898313762284,0.1580979428361638,0.1580979428361638,0.011483711051307188,-0.0075840227288337106,0.14887588620916578,0.14887588620916578,0.009222056626998014,0.009222056626998014,0.018099284005142498,-0.0030558340832018394,0.07003697982540372,0.07003697982540372
2025-12-08,night,12,0.03180984805415212,-0.007225606021229476,0.04999688074451688,0.04985866852969797,0.007144315031456412,1.2214102704954469e-05,0.04851833146971016,0.04677621471548137,0.004092016609563909,0.0030824538142166257,0.02560327221888344,0.015726329300443303,0.017512393448136692,0.012203408059972961
2025-12-09,night,12,0.015036495480687547,0.01008189439301512,0.2418963885452949,0.2418963885452949,0.008803416795769693,-0.0035013858488589823,0.23347052778074603,0.23347052778074603,0.008425860764548737,0.008425860764548737,0.011866994269442344,0.011758002396022803,0.08068273914640196,0.08068273914640196
2025-12-10,night,12,0.043766227347935095,0.04353363343039631,0.019045234117263398,0.0014959645982807652,0.005240668229972055,-0.0006368865611400334,0.018421087624973426,-0.004343311545598231,0.005839276143878987,0.005839276143878987,0.014027663193875333,0.0023053388347011416,0.0400352572767015,0.0400352572767015
2025-12-11,night,12,0.060811036892999416,0.060811036892999416,0.07249242355387327,0.07249242355387327,0.05195224755027813,0.05195224755027813,0.07603013028709166,0.07603013028709166,0.004853907791210354,-0.0035377067332184125,0.01185735155678058,-0.006473386772586121,0.01961091070641328,-0.0038256147570260948
2025-12-12,night,12,0.0712689970798241,0.0712689970798241,0.45604525777913985,0.45604525777913985,0.006449718296052649,-0.0013221327872960202,0.45291064565552536,0.45291064565552536,0.003136014700001612,0.003134612123614438,0.03373432895905421,0.02178309244535756,0.08285947925860458,0.08285947925860458
2025-12-13,night,12,0.04990688209300694,-0.04990688209300694,0.13668714676057525,0.13668714676057525,0.06401501810709602,-0.06401501810709602,0.12944698900932902,0.12944698900932902,0.007240157751246261,0.007240157751246261,0.013401617379394404,-0.0056142210744212625,0.14414151883462012,0.14414151883462012
2025-12-14,night,12,0.012689517659492463,-0.002424411725903445,0.19403782316404042,0.19403782316404042,0.013527527830484184,-0.007506968688563639,0.18576685942924953,0.18576685942924953,0.008270963734790868,0.008270963734790868,0.04458255602560853,-0.005141348289555696,0.08052614733684285,0.08052614733684285
2025-12-15,night,12,0.05092579539760209,0.05092579539760209,0.07147377323235075,0.07147377323235075,0.009819437286566217,-0.00143185516925054,0.06524697692083373,0.06524697692083373,0.006226796311517071,0.006226796311517071,0.05274955378570045,0.05274955378570045,0.029927064576426906,0.022379450392976754
2025-12-16,night,12,0.03328430648116295,0.03328430648116295,0.11667267391909568,-0.11485662970112653,0.0165662972343088,0.01459217096936923,0.11179562361749702,-0.1103841058058604,0.006914350944643571,-0.004472523895266177,0.026118046973315646,0.016376043591457695,0.025211894966180662,-0.0006019974735092665
2025-12-17,night,12,0.01619975727179553,0.01577197147370916,0.05826927627603634,-0.05813573931584134,0.005090241912448241,-0.0007863193870562614,0.05794767719859515,-0.057810341594018246,0.005827178922539613,-0.0003253977218231288,0.02203123158452079,-0.02203123158452079,0.02190648994708703,-0.021325005153240106
2025-12-18,night,12,0.08319206518441197,-0.08207877017709703,0.2615948141741992,0.2615948141741992,0.009089922243190255,0.00035093630020614254,0.25450625155413265,0.25450625155413265,0.007088562620066449,0.007088562620066449,0.01986644259195053,-0.019376242144635156,0.11156405241190721,0.11156405241190721
2025-12-19,night,12,0.03753177530697146,-0.037199247821846915,0.3818501649319268,0.3818501649319268,0.012959104529242751,-0.012031417130496417,0.3737290431078318,0.3737290431078318,0.008121121824095039,0.008121121824095039,0.020871154810625542,-0.009115051736793682,0.13799943229281975,0.13799943229281975
2025-12-20,night,12,0.0631875272590081,-0.06093989859857065,0.06116469068495581,0.03824787821364518,0.009491643496748404,-0.0005018301431922757,0.05870103604055299,0.03458782591098758,0.003660052302657434,0.003660052302657434,0.02873621878303813,-0.026498817242090484,0.11373240628612823,0.10950539169929935
2025-12-21,night,12,0.12481585710094716,-0.12481585710094716,0.1858719942176044,0.1858719942176044,0.012349597427993894,0.0027858381286719317,0.1826601527316715,0.1826601527316715,0.004115860408145752,0.003211841485932903,0.026365367942919684,0.024108564095282864,0.15166046786315754,0.15166046786315754
2025-12-22,night,12,0.02258790830851957,0.014431926617135141,0.1581147737528099,0.1581147737528099,0.010846999812215494,-0.0014241409991211159,0.1518984383235137,0.1518984383235137,0.006216335429296096,0.006216335429296096,0.03966848355145693,0.03758220961622668,0.1356845968471638,0.1356845968471638
2025-12-23,night,12,0.051333419160122885,-0.051333419160122885,0.39670935138100316,0.39670935138100316,0.014368839900054048,-0.01100931880868883,0.38674641299782486,0.38674641299782486,0.009962938383178297,0.009962938383178297,0.04068523455078845,-0.03977280017025259,0.0574761193290926,0.05674508482796386
2025-12-24,night,12,0.009133694314606458,0.0026759988653518216,0.1685216860032099,0.1685216860032099,0.009780895656260483,-0.00593742727063935,0.15994075288685483,0.15994075288685483,0.008580933116355048,0.008580933116355048,0.03319255460916907,-0.017854329883191817,0.04546936416673719,0.029095453660201637
2025-12-25,night,12,0.01792814046556653,-0.017071400055737856,0.23456862821053334,0.23456862821053334,0.006533931319965565,0.0024621936273328264,0.22837011718949088,0.22837011718949088,0.006198511021042505,0.006198511021042505,0.03876954896864759,0.03810244857450059,0.07000013297489914,0.07000013297489914
2025-12-26,night,12,0.027709941952410538,-0.018038008949228208,0.04250005151441877,-0.003399728281130665,0.008219068408465634,-0.0023144555812176885,0.04201213025373258,-0.008203026441037459,0.004803298159906699,0.004803298159906699,0.031807247443767624,0.003145715853346213,0.08078118247657634,0.08078118247657634
2025-12-27,night,12,0.03209153214524189,-0.02636434523097068,0.06394789898290176,0.06387034819682791,0.008477726870532627,0.0004214449840027554,0.06037238112791262,0.06030809637683406,0.003742482885744979,0.0035622518199938374,0.02614791016222578,-0.025239391307437423,0.09477790132890977,0.09477790132890977
2025-12-28,night,12,0.03877597744375544,-0.010354520178270968,0.5230925875946112,0.5230925875946112,0.018115004548815376,0.007827632715080085,0.5168280678223475,0.5168280678223475,0.0062645197722635835,0.0062645197722635835,0.024794949914753433,-0.019288025933950553,0.1419980314709299,0.1419980314709299
2025-12-29,night,12,0.036135335191496865,0.036135335191496865,0.1609393288338359,0.1609393288338359,0.007039735429588179,-0.002233223032127503,0.15818373375851233,0.15818373375851233,0.00345577289593465,0.0027555950753236,0.021370647326505888,-0.009700218293656906,0.05186777154329259,0.013560722138313802
2025-12-30,night,12,0.07456505158967018,0.07456505158967018,0.10267560442266548,0.10267560442266548,0.020934942815900286,0.015018992496189423,0.10158141951862566,0.10158141951862566,0.0016043136241894167,0.0010941849040396999,0.04177623443761569,0.028183808228883573,0.17410808931261898,0.16238716752983193
2025-12-31,night,12,0.0344770808170843,0.0344770808170843,0.06572624896046574,0.06572624896046574,0.024459295853099194,0.007251495243709226,0.06779931530138346,0.06779931530138346,0.0020730663409177417,-0.0020730663409177417,0.027986629365120818,0.0247745541164567,0.06644249796884642,0.06293377781429618
2025-01-01,morning_ramp,1,0.049797159711052114,0.049797159711052114,0.03479108260576147,-0.02085929135201736,0.03508487852836119,0.03104458192307411,0.04015431555773308,-0.026387852995626484,0.007723681350551896,0.005528561643609098,0.03286486309054612,0.011668778083559893,0.03316681148839623,0.008333670587433884
2025-01-02,morning_ramp,1,0.02979291398906253,0.02967457160639514,0.21885964118271062,-0.21885964118271062,0.005684159961560575,0.001412262930342299,0.20472741299713776,-0.20472741299713776,0.01471605060673169,-0.014132228185572903,0.02099319356647987,-0.014399418987328468,0.04928171288876801,-0.04928171288876801
2025-01-03,morning_ramp,1,0.011304765680577367,0.00010168678806976583,0.04491426534117386,-0.04491426534117386,0.08895950311896061,0.08684590816452198,0.04193045939952141,-0.04193045939952141,0.004328789035922736,-0.002983805941652511,0.037953760867289986,0.037953760867289986,0.014620763073428494,0.0057770806472104905
2025-01-04,morning_ramp,1,0.014060828281363624,0.007260962634322521,0.09085004459732729,-0.09085004459732729,0.08625897377700409,0.08620821804399344,0.11278686525878691,-0.11278686525878691,0.0219368206614595,0.0219368206614595,0.045665344996502585,0.038971899832838,0.04957870843875089,0.04849504285761489
2025-01-05,morning_ramp,1,0.01671695731456374,0.006051240500389743,0.1150555763955439,-0.1150555763955439,0.012608460432450641,0.006052555415752796,0.11816136265236797,-0.11816136265236797,0.004626091399490378,0.0031057862568239893,0.03851277521860079,0.03851277521860079,0.07025474441968234,0.07025474441968234
2025-01-06,morning_ramp,1,0.020884362404937993,-0.014063833802193353,0.034389519976913814,-0.020981591003777073,0.015324098778077892,0.00763858128056081,0.03445944842821686,-0.025266261498521386,0.004284670494744196,0.004284670494744196,0.013810217936184864,-0.00489554260336995,0.01817658850548173,-0.006533902099624178
2025-01-07,morning_ramp,1,0.008675811564878705,-0.007329338233197119,0.02309872370669236,0.012986060294183727,0.012003906179068977,0.008491416600478214,0.023732469081131927,0.009517357397179863,0.00530230854015391,0.0034687028970037843,0.017633102678457368,0.013090946709636592,0.026837641710786574,-0.005190891378398291
2025-01-08,morning_ramp,1,0.043360210704191215,-0.043360210704191215,0.02757741309399374,0.023555963608909214,0.011936451020948586,0.009433991763167506,0.01015943056891827,0.005386112479287303,0.018169851129621925,0.018169851129621925,0.03304391073247059,0.03304391073247059,0.01498937768018118,0.009066209936144667
2025-01-09,morning_ramp,1,0.06478500332331019,0.06478500332331019,0.031425863547823424,0.030252696060981236,0.15694816623261185,0.15694816623261185,0.035615622199368126,0.035615622199368126,0.008640922477247901,-0.005362926138386955,0.05426274377523617,-0.04337200111194589,0.06815552587321216,-0.06163889299535502
2025-01-10,morning_ramp,1,0.055247045585443744,0.055247045585443744,0.027749579345518662,-0.026999902266577138,0.14845977393746845,0.14845977393746845,0.026373388926633812,-0.024524530265273226,0.006009864496968305,-0.0024753720013039396,0.06463672470087914,-0.05998131068879452,0.11233457820443721,-0.11114045973281168
2025-01-11,morning_ramp,1,0.09717224532351318,-0.09717224532351318,0.12053969389988456,-0.11554950243638767,0.01646883278557129,0.012896120083356511,0.12415737670751299,-0.12191763753925339,0.010003262454309431,0.0063681351028656435,0.047337917338200926,0.02002361880833758,0.07796532044711661,0.07796532044711661
2025-01-12,morning_ramp,1,0.027179300552598457,-0.027097775800094343,0.021225232297532093,-0.010808385131056253,0.007148274387716045,-0.0008050350157225768,0.016680577989521626,-0.011457734167803164,0.006726186556202501,0.0006493490367468647,0.07473558150207657,0.07473558150207657,0.09271665461608805,0.09271665461608805
2025-01-13,morning_ramp,1,0.0492703169556222,0.043120896108130496,0.0830910796845357,-0.07328216172087328,0.005312959354594016,0.0021078093268415664,0.09057925969357969,-0.09057925969357969,0.017459446189521048,0.0172970979727063,0.01596298484543658,0.014129379202286444,0.05834419723138424,0.05834419723138424
2025-01-14,morning_ramp,1,0.027380920908253642,0.027380920908253642,0.1456600561466319,-0.1456600561466319,0.00856172074188505,0.004028243214459848,0.15471732465830823,-0.15471732465830823,0.009057268511676438,0.009057268511676438,0.024338469741412856,0.011313356460948968,0.04267277295243033,-0.03942896441300653
2025-01-15,morning_ramp,1,0.020039748436790017,-0.015479621958008616,0.05299328065331245,0.052132011090566824,0.010578055789975959,-0.007976627235875312,0.04491005761201236,0.043290958495074805,0.008841052595492015,0.008841052595492015,0.021808747905106195,0.014048994043096834,0.030873642925887956,-0.01940328557060028
2025-01-16,morning_ramp,1,0.016741940706460262,0.016532430858626962,0.057557001234085976,0.057557001234085976,0.009998660250539092,0.0014156817102860368,0.05767705300672519,0.05767705300672519,0.004206458076654419,-0.00012005177263922835,0.021308466440008063,-0.0050965242858491125,0.021429701636473952,-0.011847475081387615
2025-01-17,morning_ramp,1,0.048893374551570834,0.048893374551570834,0.01075793621163039,0.004242618249136174,0.009357376028018418,-0.005991280359838376,0.019328379225422986,-0.014263325247261045,0.0185059434963971,0.0185059434963971,0.01728508841239122,0.016403656814080056,0.013095285930334419,0.012068950659023914
2025-01-18,morning_ramp,1,0.07686951381412921,0.07686951381412921,0.07213187376134682,-0.045229319062141574,0.010925544089896957,0.009020582373049615,0.08108074941660239,-0.0620749627602281,0.016845643698086464,0.016845643698086464,0.017369549809206,0.008047150529842588,0.028932345714510532,0.028932345714510532
2025-01-19,morning_ramp,1,0.011941623021376413,-0.005398604175235577,0.17510613929345492,0.17510613929345492,0.0157305954702876,0.010647132677044013,0.16844092097958208,0.16844092097958208,0.008593410202132588,0.006665218313872771,0.0563062099103164,-0.029430128840419054,0.03782766048398112,-0.00224666438917126
2025-01-20,morning_ramp,1,0.023277946670665073,0.023096488350575206,0.14080486266039982,-0.14080486266039982,0.013432430229400022,0.009677645579925936,0.15932171995430966,-0.15932171995430966,0.01851685729390978,0.01851685729390978,0.019307910376272774,0.017494379107664017,0.02578202765739391,-0.00354838676799981
2025-01-21,morning_ramp,1,0.06404426766883684,0.06404426766883684,0.04406325211825943,0.012537980968995461,0.1153303060453806,0.1153303060453806,0.03056130669667036,0.023489867196663888,0.015804099239077614,-0.010951886227668475,0.05041512610113638,0.045332189274037975,0.05173227682022383,0.048673871346978856
2025-01-22,morning_ramp,1,0.02482121900167153,0.01708162717522768,0.06443558648085676,0.06159309011021153,0.09480114611049296,0.09196987035094507,0.057997980016314156,0.057997980016314156,0.024076319448548666,0.0035951100938973806,0.02916219291995773,-0.022195771326940547,0.023619254868380204,-0.019146614091748452
2025-01-23,morning_ramp,1,0.030367532002680497,-0.030367532002680497,0.08283642440924051,0.08283642440924051,0.15680519110214486,0.15680519110214486,0.06532389946956746,0.06532389946956746,0.017570030571546894,0.017512524939672983,0.030454404077660837,0.0008276953904777368,0.03191409162209431,0.016549919232954458
2025-01-24,morning_ramp,1,0.04118183425287031,-0.04118183425287031,0.04663640999205623,0.036335012394449244,0.0581249131793529,0.0581249131793529,0.03259166750863296,0.022641264651914884,0.01558231684785659,0.013693747742534304,0.05103199672841789,-0.014291946571661683,0.04891415021430567,0.018893843528473446
2025-01-25,morning_ramp,1,0.03040478793796475,-0.03040478793796475,0.0772885773403078,0.06709728198909354,0.006226124243664897,0.0004674085810239016,0.034291239445784376,0.019130265310735507,0.04796701667835801,0.04796701667835801,0.014533847167936133,-0.013704661540046993,0.059003495794377615,0.059003495794377615
2025-01-26,morning_ramp,1,0.08046054767040131,0.08046054767040131,0.16072946834190588,0.16072946834190588,0.00941356674452937,-0.0012833573942591242,0.13951164340091848,0.13951164340091848,0.02121782494098729,0.02121782494098729,0.0659587844373217,0.0655895562033996,0.15833912753407403,0.15833912753407403
2025-01-27,morning_ramp,1,0.0598527557968081,0.0598527557968081,0.2783193687775269,0.2783193687775269,0.012496780287622397,0.00893730440006151,0.25678499987816045,0.25678499987816045,0.027456484711112512,0.021534368899366364,0.028147691886913965,0.028147691886913965,0.1490209359838721,0.1490209359838721
2025-01-28,morning_ramp,1,0.022173417765769865,-0.014498695097232561,0.0588055572017384,-0.009927961634523294,0.009413698236065658,0.0010342685940004353,0.06659739499860429,-0.045580664447127245,0.03565270281260384,0.03565270281260384,0.02743356135328473,0.02743356135328473,0.1203989979560468,0.1203989979560468
2025-01-29,morning_ramp,1,0.11115549359846164,0.11115549359846164,0.06485912071926955,0.06485912071926955,0.007569091134378659,-0.0005306121794706568,0.03781078573682303,0.0342130019816876,0.032984213574991685,0.03064611873758191,0.03674929839480907,0.036439504335293235,0.06946947696491641,0.06946947696491641
2025-01-30,morning_ramp,1,0.08064814226218528,0.08064814226218528,0.09053919860552115,0.09053919860552115,0.007619277070732044,0.0008108206433196617,0.060766183668951555,0.060766183668951555,0.029773014936569555,0.029773014936569555,0.05788340705768728,0.002831845556205144,0.06651718516146315,0.060204714808963194
2025-01-31,morning_ramp,1,0.047141907288094115,0.047141907288094115,0.04563177082423471,0.02894321568151106,0.007235803920377763,0.0012245368470222562,0.03430793887089405,0.025163140826555845,0.016128970994755527,0.0037800748549552316,0.026761113636661678,-0.016132214452650874,0.04757048203539832,0.04521757248489908
2025-02-01,morning_ramp,2,0.026366244553161555,0.013469554673147699,0.12013220162890015,0.12013220162890015,0.00905358674866016,0.0016954080385019883,0.1066528727515541,0.1066528727515541,0.01989076852616545,0.013479328877345924,0.030188046055635135,0.02636400919704459,0.11872239320723535,0.11872239320723535
2025-02-02,morning_ramp,2,0.020753309173762002,0.01976361621056627,0.047341905914801946,-0.019119263852198642,0.006920355724801156,-0.0024210659968131806,0.050311773753606896,-0.03215691265912284,0.017359424960911134,0.013037648806924186,0.05438858117547241,0.05438858117547241,0.06688904322611114,0.06688904322611114
2025-02-03,morning_ramp,2,0.034797481860528084,0.034797481860528084,0.056811400392769607,0.04059674074686048,0.008295757194468224,0.001280245427900113,0.04667686555472369,0.013593595022388112,0.02862952070641839,0.0270031457244724,0.0322294521566467,0.018732371921900626,0.052314126868338265,0.052314126868338265
2025-02-04,morning_ramp,2,0.03956448835641671,0.035486497510724274,0.11780019923267222,0.11780019923267222,0.015655426142037798,0.0041764780063787395,0.09425707796380794,0.08942257247928673,0.03147661928083404,0.02837762675338539,0.0282788327791142,0.016276635990017073,0.08063385351524087,0.08063385351524087
2025-02-05,morning_ramp,2,0.03083695678726117,0.030628323549669823,0.2710599402111278,0.2710599402111278,0.009087380073488513,0.0017720676041631167,0.21837150076946393,0.21837150076946393,0.05268843944166378,0.05268843944166378,0.033248818376533415,0.03180661920642748,0.154834045312028,0.154834045312028
2025-02-06,morning_ramp,2,0.007907900992903949,0.002074059832525177,0.3104724243515849,0.3104724243515849,0.013038919891775073,-0.007711847112285161,0.202814737110161,0.202814737110161,0.10765768724142398,0.10765768724142398,0.0317266723523589,0.002339716566357442,0.1992845838351943,0.1992845838351943
2025-02-07,morning_ramp,2,0.11355565244100346,-0.11355565244100346,0.12171128348829131,0.12171128348829131,0.008147522402549337,0.0009248676358012773,0.08591174846015573,0.08591174846015573,0.03984289976926956,0.03579953502813555,0.024355607471643594,0.015393056696613084,0.09580148988812873,0.09580148988812873
2025-02-08,morning_ramp,2,0.0500233251534834,-0.0500233251534834,0.15323962277340214,0.15323962277340214,0.009474096681738112,-0.0010400542215975167,0.14781980463031075,0.14781980463031075,0.024356790895470274,0.0054198181430914205,0.051884719341304196,-0.0035984850433290454,0.06390690284391848,0.03412836526282438
2025-02-09,morning_ramp,2,0.027039042913881484,0.02392882977533556,0.18308079415628578,0.18308079415628578,0.004640380146434685,0.002168865230195485,0.1507338762272137,0.1507338762272137,0.032453513734496856,0.032346917929072044,0.027745152463796587,0.027745152463796587,0.12371674856938161,0.12371674856938161
2025-02-10,morning_ramp,2,0.04657649368201683,-0.04657649368201683,0.061894775524989024,-0.02599758611589688,0.0091633383509561,8.985254980288168e-06,0.07082046483934427,-0.057268947108571264,0.03292754072284766,0.03127136099267434,0.06484215831108718,0.06484215831108718,0.1335962774880356,0.1335962774880356
2025-02-11,morning_ramp,2,0.10293858749525955,-0.10293858749525955,0.13388564652891338,0.13388564652891338,0.012765198343716741,-0.00032662497616186333,0.06693927299297663,0.06693927299297663,0.06694637353593669,0.06694637353593669,0.021470288690677602,0.00999791513183337,0.17681276794305423,0.17681276794305423
2025-02-12,morning_ramp,2,0.024942629520185833,-0.02369784297657368,0.20231449947557495,0.20231449947557495,0.015902454908227844,2.3361662948753574e-05,0.16449415868711437,0.16122089604356005,0.04184100132432731,0.04109360343201492,0.0328912490588297,-0.0019774135533470356,0.07295110986298937,0.07295110986298937
2025-02-13,morning_ramp,2,0.018570549671231062,0.012988295650300796,0.24133338561738316,0.24133338561738316,0.012261629590211168,-0.0048597080289781505,0.20728501103913932,0.20728501103913932,0.0373825616336156,0.034048374578243626,0.022490575351318442,0.010664664881883569,0.07316276740591555,0.07316276740591555
2025-02-14,morning_ramp,2,0.05099504760671819,0.05099504760671819,0.29025875644278604,0.29025875644278604,0.011863648540352125,-0.0032511282349443477,0.23445466887907593,0.23445466887907593,0.05580408756371007,0.05580408756371007,0.046597795310896944,0.03047009540099227,0.1538953272344034,0.1538953272344034
2025-02-15,morning_ramp,2,0.0653114077736194,0.0653114077736194,0.10294064752932823,0.10294064752932823,0.01252592757816822,0.000779175013584152,0.07568608998745571,0.07045535667355948,0.035922479614573274,0.03248529085576862,0.03456114773929004,0.008588764167850099,0.07216312491647336,0.07216312491647336
2025-02-16,morning_ramp,2,0.06857897245060077,0.06857897245060077,0.08062890066737366,0.08062890066737366,0.0068241039202317335,0.00039653464295976316,0.0932618623560877,0.0932618623560877,0.026907682869120743,-0.012632961688714046,0.0340197970843551,0.012637958367093279,0.03296786479397882,-0.007906892891125762
2025-02-17,morning_ramp,2,0.06954236710653705,0.066216507848464,0.10246166769311016,0.10246166769311016,0.009889259292339976,0.0029133703087093365,0.09438449326247973,0.09438449326247973,0.021078882217633446,0.008077174430630456,0.03196099027004023,0.008879316632554455,0.031992329086191054,0.011319054427521874
2025-02-18,morning_ramp,2,0.018021353354630537,0.012032352181421319,0.08976773776206644,-0.07096848047870269,0.0605770111787322,0.055048055060514224,0.08157734911868422,-0.08157734911868422,0.03201858356293835,0.010608868639981554,0.035830523200189555,-0.016897319871851276,0.05618804284969747,-0.024123218096494616
2025-02-19,morning_ramp,2,0.022667387637126113,-0.017742591297680854,0.10164032772688678,0.10164032772688678,0.07001459704389182,0.07001389575569823,0.04885616244679866,0.04885616244679866,0.05278416528008805,0.05278416528008805,0.03856440756185345,-0.019080342357454736,0.06153891559725717,0.0029936239763626513
2025-02-20,morning_ramp,2,0.0513816327234318,-0.0513816327234318,0.05349921625447139,0.01563114403833496,0.062346317460633086,0.062346317460633086,0.047652708076096076,0.009588275165756038,0.0227955042239913,0.006042868872578936,0.06859466377393214,0.06859466377393214,0.07136058823994045,0.07076554520768424
2025-02-21,morning_ramp,2,0.04585460514774628,-0.04585460514774628,0.16668187103751236,0.16668187103751236,0.008778331132678355,0.001352127467742461,0.15244769308079723,0.15244769308079723,0.024880258701468778,0.014234177956715163,0.05048924349709581,0.05048924349709581,0.09275014112733171,0.09275014112733171
2025-02-22,morning_ramp,2,0.009182930589864274,0.0071211433007267455,0.0559705120181501,0.013100151117177432,0.010922212970977407,-0.0027342350057606817,0.05389737262637884,0.004259580657318431,0.04036242282917915,0.008840570459858928,0.02936512819097615,0.015703332891761984,0.061467734845608364,0.05789239231266761
2025-02-23,morning_ramp,2,0.04188575227718033,-0.04070758811195885,0.04288250195282413,0.04288250195282413,0.010661070779891499,-0.0063456938806710095,0.06093742947972239,0.06093742947972239,0.028029700148343398,-0.018054927526898353,0.028842536995219624,0.028842536995219624,0.037603292092546314,0.034271121240730895
2025-02-24,morning_ramp,2,0.08534195180286827,-0.08534195180286827,0.08224493164846433,0.08224493164846433,0.005817930684486775,0.0008279145430382488,0.044832915910718016,0.042742200483595075,0.04174203202800774,0.03950273116486914,0.027363301042390008,0.026724339837010586,0.15716157699602193,0.15716157699602193
2025-02-25,morning_ramp,2,0.035006991708361246,-0.03498069340110188,0.07205714273821796,0.07113836754359845,0.013538850712776444,-0.0030744912711853133,0.06341494917611916,0.05989719993607652,0.022730985710181544,0.011241167607521921,0.053779950684465526,-0.012969097886001375,0.05891092575282449,0.031139737964841006
2025-02-26,morning_ramp,2,0.03489390898714581,0.03211505452006844,0.16469783907683844,0.16469783907683844,0.009796382437202149,-0.0018955819872581462,0.15637530143947773,0.15637530143947773,0.024214955358317844,0.00832253763736066,0.04075900130265107,-0.02354185018401333,0.04361258679285739,0.016061778819707752
2025-02-27,morning_ramp,2,0.020844476638927883,0.01752387704230654,0.1246006785068825,0.1246006785068825,0.008264243056269022,0.001433871372807133,0.11478246847465501,0.11478246847465501,0.02510278621139549,0.009818210032227433,0.04995696575816537,0.04995696575816537,0.15621260257856617,0.15621260257856617
2025-02-28,morning_ramp,2,0.028310127764752918,-0.0267778130617716,0.1716481748719153,0.1716481748719153,0.00909386698927914,0.00038772471002786885,0.15427862506270928,0.15427862506270928,0.02691197825930645,0.017369549809205992,0.02694989165227213,0.0170546275797746,0.13359724175930177,0.13359724175930177
2025-03-01,morning_ramp,3,0.02196741435890459,0.01020242830128748,0.22580344623148474,0.22580344623148474,0.007886643194536011,-0.001473099681135727,0.20225002479227727,0.20225002479227727,0.023834462682786328,0.02355342143920745,0.04623010114489837,-0.043921723394691706,0.03271860067167171,0.029099339965607783
2025-03-02,morning_ramp,3,0.04480311116249075,0.04480311116249075,0.03377368875891919,0.022077867249394173,0.08274692250353434,0.08274692250353434,0.046397226887531895,0.02875719898816287,0.024176209185622362,-0.006679331738768703,0.03372494922946507,0.0013324475678100182,0.04060427959494156,0.035358556245907405
2025-03-03,morning_ramp,3,0.02546596583464794,0.007802269458745292,0.08378846696254315,0.08378846696254315,0.005459703909101525,0.0013703171302635753,0.036988174685748755,0.01433060508333301,0.06945786187921013,0.06945786187921013,0.04899606944141874,0.027573731330977402,0.10096415441673524,0.10096415441673524
2025-03-04,morning_ramp,3,0.07586185034097276,-0.07586185034097276,0.0903811896094042,0.0903811896094042,0.006956998032915946,-0.002907146375991259,0.0505088795665162,0.0505088795665162,0.03987231004288805,0.03987231004288805,0.031159593186821898,0.031159593186821898,0.09702536927746952,0.09702536927746952
2025-03-05,morning_ramp,3,0.035053013746065176,-0.018360601518276787,0.27775842588368366,0.27775842588368366,0.008260166818643826,-0.0003025620250194927,0.20278427490425216,0.20278427490425216,0.07497415097943153,0.07497415097943153,0.058135213349696124,-0.0007383688068200054,0.11061984091009958,0.09827278565180741
2025-03-06,morning_ramp,3,0.06446504058498731,0.06446504058498731,0.08077801206953454,-0.05335957224292394,0.03223032876688872,0.029033068231314067,0.07754406539533298,-0.07638588794362866,0.025633354560354045,0.023026315700704732,0.05317118870192237,-0.024465096090866962,0.08527887969595802,0.04182005033954399
2025-03-07,morning_ramp,3,0.021018045466839996,-0.020575357294639884,0.20746852939329793,0.20746852939329793,0.008242108647659032,0.003411197265129955,0.14720113695203318,0.14720113695203318,0.06026739244126474,0.06026739244126474,0.05199889782532212,0.05199889782532212,0.13765230924716626,0.13765230924716626
2025-03-08,morning_ramp,3,0.06084639350609283,0.06084639350609283,0.0912094547965393,-0.047831098260339044,0.006696951604632475,-0.0030616489311402753,0.08209104272048465,-0.07837158546376236,0.03327577414147435,0.03054048720342331,0.056174543051970935,0.056174543051970935,0.1547799584600978,0.1547799584600978
2025-03-09,morning_ramp,3,0.037578089548089416,0.037578089548089416,0.35670103525907193,0.35670103525907193,0.01531560818173416,0.004320987204769166,0.30930885574689243,0.30930885574689243,0.047392179512179486,0.047392179512179486,0.026443473915480097,0.02495674294508156,0.12014907637605822,0.12014907637605822
2025-03-10,morning_ramp,3,0.039865165669416,0.0398327310904627,0.1951841079367953,0.1951841079367953,0.010417855268254075,-0.0014674017145628665,0.12909124596296268,0.12909124596296268,0.06609286197383255,0.06609286197383255,0.03243453512275796,0.0022357505916585493,0.1057620175931417,0.1057620175931417
2025-03-11,morning_ramp,3,0.024925535620467287,0.01719208006571704,0.46100941391844985,0.46100941391844985,0.014869983365223471,-0.002650474897139446,0.336214215598872,0.336214215598872,0.12479519831957787,0.12479519831957787,0.03569719078238435,-0.0015278001602353364,0.1456491423491192,0.1456491423491192
2025-03-12,morning_ramp,3,0.01838164016408439,-0.0040289006721414555,0.09592233060998576,0.09389499410335797,0.013437163924706706,0.0018821260200437553,0.07684707259193449,0.07684707259193449,0.034739669415069334,0.01704792151142347,0.04348311146011684,0.037801362176721705,0.06662711208580746,0.05121998579481058
2025-03-13,morning_ramp,3,0.04195149804532902,-0.04195149804532902,0.13350256785316789,0.13350256785316789,0.007465563464800787,-0.0007034797191891517,0.1495821856913,0.1495821856913,0.024205794781289175,-0.01607961783813206,0.043333649413859185,0.043333649413859185,0.6349000454503748,0.6349000454503748
2025-03-14,morning_ramp,3,0.042216234338407044,0.042216234338407044,0.08372657827945933,-0.03937702525616919,0.010903541172823224,0.002145240584174123,0.08640238721259207,-0.08640238721259207,0.047025361956422845,0.047025361956422845,0.024486836024868043,0.002153612211985019,0.05649341002749132,0.022368551205634815
2025-03-15,morning_ramp,3,0.04400758736789376,-0.04400758736789376,0.1778505868085346,0.1778505868085346,0.007586228864609386,-0.0017849976052323278,0.15290186484716717,0.15290186484716717,0.026745860618451217,0.024948721961367472,0.0374865276083145,0.03165838441450865,0.12984083538088007,0.12984083538088007
2025-03-16,morning_ramp,3,0.010104686259306689,0.005550696052219223,0.09023540932616289,0.09012872585971388,0.01049543527466932,-0.0023873165024969577,0.09067174207410864,0.0875843208018541,0.059989726147117485,0.0025444050578598346,0.02844924581015515,0.0259855327250696,0.10259035407663289,0.10259035407663289
2025-03-17,morning_ramp,3,0.03299473289789537,0.030794441190524907,0.18987693420979823,0.18987693420979823,0.012113044154195497,0.0008224795595379976,0.1837261107859195,0.1837261107859195,0.0601388813797905,0.006150823423878793,0.03397206565667926,0.03397206565667926,0.10104129611802948,0.10104129611802948
2025-03-18,morning_ramp,3,0.022176924206737975,-0.00615161237309661,0.22324374432490235,0.22324374432490235,0.007093091772983382,-0.00222939516740422,0.24099663579292635,0.24099663579292635,0.023311038707299937,-0.01775289146802401,0.013380052767441706,0.013380052767441706,0.06646743753023074,0.06646743753023074
2025-03-19,morning_ramp,3,0.02639517269114708,0.01048469679920519,0.11753493697344887,0.11753493697344887,0.007588902525847419,-6.53074630275214e-05,0.12313875560633195,0.12313875560633195,0.019769138855090754,-0.0056038186328831,0.008593234880084195,0.006183258002832019,0.029475800234026184,0.02864968274198397
2025-03-20,morning_ramp,3,0.011502441290144133,0.010513624937190463,0.12957688803701975,0.11881877650334105,0.009917836786228509,-0.0004170473226220951,0.06520095488312971,0.057242210496190826,0.0697850566520293,0.06157656600715021,0.03521207467447246,0.035055599746278976,0.1501268674651544,0.1501268674651544
2025-03-21,morning_ramp,3,0.0811478101001139,0.0811478101001139,0.21880261768646986,0.21880261768646986,0.008517627246713434,0.001139461823038086,0.17930010567416121,0.17930010567416121,0.058990434301772116,0.03950251201230866,0.04015650708333797,0.04015650708333797,0.1239195961793759,0.1239195961793759
2025-03-22,morning_ramp,3,0.1135569673563665,0.1135569673563665,0.3528309763627775,0.3528309763627775,0.012483674964504761,-0.003550928937701576,0.33986442064647787,0.33986442064647787,0.036510641256429964,0.012966555716299618,0.037832876314920896,0.0059590649334455865,0.06771691393863735,0.04688357024978252
2025-03-23,morning_ramp,3,0.0197158409523783,0.003767670820031349,0.3589103122214228,0.3589103122214228,0.01633900680873403,0.008464855310146228,0.28185079313734435,0.28185079313734435,0.07716287143160788,0.0770595190840784,0.03230400785772708,0.010917084801061825,0.09074081896117663,0.08397277426591955
2025-03-24,morning_ramp,3,0.020682742049282693,0.0047924281929060675,0.06805975620427583,0.05393686391778005,0.012787990210008225,0.00437112931061045,0.023477901466860872,-0.0014194073038144642,0.06632862629841314,0.05535627122159447,0.041038333156258044,0.012315058984459825,0.09214111616171589,0.06201395068738626
2025-03-25,morning_ramp,3,0.03408085298770899,0.03408085298770899,0.088065492163677,0.088065492163677,0.009735764838969221,0.004659928554830862,0.07107507628412747,0.058510095719679064,0.03160982020710293,0.029555396443997968,0.04726800767140299,-0.044572168194241084,0.022677994621053854,-0.009074581563955603
2025-03-26,morning_ramp,3,0.019279727356993126,-0.01694443767235776,0.34742601676328766,0.34742601676328766,0.010543648837978249,0.0014882650383220087,0.26236637728884876,0.26236637728884876,0.08505963947443876,0.08505963947443876,0.035538918803194805,0.0337565948592005,0.15701649800097417,0.15701649800097417
2025-03-27,morning_ramp,3,0.04738560493536478,-0.04738560493536478,0.1793835589691976,0.1793835589691976,0.013303349371268439,-0.002148484042069464,0.06700721028673019,0.06700721028673019,0.11237634868246753,0.11237634868246753,0.06764389230548035,0.06764389230548035,0.18039933108709225,0.18039933108709225
2025-03-28,morning_ramp,3,0.026210646235210078,-0.02473969424916722,0.2765143406282652,0.2765143406282652,0.015129898301970632,-0.0007455131802921316,0.1767364590214898,0.1767364590214898,0.09977788160677545,0.09977788160677545,0.06359119166526925,0.06359119166526925,0.1921042693431339,0.1921042693431339
2025-03-29,morning_ramp,3,0.045582417667611286,-0.045582417667611286,0.2622847648753204,0.2622847648753204,0.010536329142457685,-0.0018262421171175089,0.22046528433243373,0.22046528433243373,0.04438531872116297,0.04181948054288671,0.03587939422117997,0.03587939422117997,0.1295437521698729,0.1295437521698729
2025-03-30,morning_ramp,3,0.04736675781516217,0.04736675781516217,0.023233327209348384,0.020157038887167036,0.010519147581714879,-0.00041682817006163074,0.07676576699199081,0.07676576699199081,0.06080918140132064,-0.0566087281048238,0.026079724495570368,0.01369094258975997,0.02465834481871148,-0.011733603410954328
2025-03-31,morning_ramp,3,0.013809679447036177,0.012634145112540601,0.07188028662189845,0.027528103767882325,0.008881683480207823,-0.006036644939860847,0.07392958221508783,0.03831553791415528,0.04220812569366869,-0.010787434146272964,0.043294815580139506,-0.03668938208476978,0.07073328595077934,-0.048076417636557206
2025-04-01,morning_ramp,4,0.016967667843770046,0.01587804131298856,0.1932325982160989,0.1902341528834054,0.011092056205361077,0.004828939009484648,0.1801210511657757,0.17706168142126455,0.06671407182181188,0.013172471462140775,0.044698531560622506,0.01665024727514911,0.07874839637627762,0.07604142394904254
2025-04-02,morning_ramp,4,0.042605010980725166,0.042605010980725166,0.0634230139903454,0.0634230139903454,0.007840139021198976,0.002347299244950595,0.08236656131953908,0.08236656131953908,0.02620398399737111,-0.018943547329193698,0.03404263278115869,0.03308449778667425,0.05544559780525229,0.05544559780525229
2025-04-03,morning_ramp,4,0.15360139982026744,0.15307368045459535,0.1617121484231657,0.15559112974751424,0.009175830046904298,0.002156899500392483,0.09214488558575648,0.07897995297169666,0.07661117677581757,0.07661117677581757,0.026144505992452736,0.0207469537495076,0.08040632932693485,0.08040632932693485
2025-04-04,morning_ramp,4,0.013050534977481404,0.008811247847264697,0.13160518881491373,0.12305183970083963,0.013122942983468881,0.004499026744915362,0.08800202558215765,0.07335562165915126,0.04969621804168837,0.04969621804168837,0.033041280901744616,0.031040242702376243,0.09857530384631481,0.09857530384631481
2025-04-05,morning_ramp,4,0.01984338774258651,0.01632379762103578,0.10956050126317854,-0.044357354854443865,0.010182485418282379,0.0031673242958110345,0.07415158375886928,-0.055496441199287136,0.05482863951694654,0.0111390863448433,0.017138212366347383,0.008177151828728258,0.057349770572881834,0.026626685456053983
2025-04-06,morning_ramp,4,0.0172293360010011,-0.013458158740001974,0.09198898045422027,-0.010355528280049237,0.008211865594310717,-0.003219657927257251,0.08712936008626626,0.0085061874830556,0.043493674613532714,-0.01886171576310484,0.034885756511895315,0.022142385763203886,0.03621702065587868,0.010818378487814855
2025-04-07,morning_ramp,4,0.02191218791365976,0.02052539051084709,0.10605331517655173,-0.08427638822322939,0.009661954256594453,-0.004978664038814839,0.06308854335251779,-0.04348420722291937,0.04328464690133253,-0.04079218100031004,0.03892614077820661,-0.03327147875128867,0.07568061117344341,-0.07568061117344341
2025-04-08,morning_ramp,4,0.028939095613373766,-0.007366594168481233,0.32668892487900225,0.32668892487900225,0.008063104836246627,0.0010406678487669078,0.22027790889321053,0.22027790889321053,0.1064110159857918,0.1064110159857918,0.0176854363099036,-0.008346995063111975,0.10227004069421328,0.10227004069421328
2025-04-09,morning_ramp,4,0.014649472058853336,-0.01069595986752217,0.23604869694309283,0.23604869694309283,0.00841331062791777,-0.0017437969238592518,0.18754791228839304,0.18754791228839304,0.048500784654699855,0.048500784654699855,0.018736097515429075,0.017572923385345447,0.09767094889017586,0.09767094889017586
2025-04-10,morning_ramp,4,0.07385090644587011,0.07385090644587011,0.1065537281331862,0.008584118133567603,0.023689296026714414,0.018211358624579687,0.06746743066376978,-0.056671098923540775,0.06533963462341102,0.06525521705710832,0.05342255668881015,0.02813024734309854,0.09856079594681,0.07610914209023548
2025-04-11,morning_ramp,4,0.07441588174682645,-0.07441588174682645,0.29286886343828245,0.29286886343828245,0.06493529814929763,0.063924391218246,0.19753272209710881,0.19753272209710881,0.09533614134117348,0.09533614134117348,0.051543367313077064,0.051543367313077064,0.18006626302565187,0.18006626302565187
2025-04-12,morning_ramp,4,0.025625070593567306,-0.024961476640388253,0.6193087871780503,0.6193087871780503,0.01169327933982327,0.003966310700863977,0.5604318300721024,0.5604318300721024,0.06329270587787496,0.058876957105947744,0.05477757697035118,0.05477757697035118,0.1900790367010869,0.1900790367010869
2025-04-13,morning_ramp,4,0.07305012298982116,-0.07305012298982116,0.4125921702198108,0.4125921702198108,0.013000655854712651,0.004950393358511024,0.3256808669312371,0.3256808669312371,0.08963694751396298,0.08691130328857372,0.02242965093950085,0.01556710766015829,0.1346705633395824,0.1346705633395824
2025-04-14,morning_ramp,4,0.12801227024662118,-0.12801227024662118,0.2498643811702867,0.2498643811702867,0.011284735136548343,0.0019612839248945996,0.221742067149878,0.221742067149878,0.029122964611629144,0.028122314020408642,0.03626229757487695,0.009993006114478285,0.06505697165088448,0.06436821898376058
2025-04-15,morning_ramp,4,0.016773060370050608,-0.014420238480575609,0.0554071146156294,0.008699129397315444,0.01429321765651256,0.007630892156438297,0.06338987812319849,0.0261865394535557,0.025838086882368574,-0.017487410056240302,0.046164180054701395,0.021749182239163622,0.060166187788828145,0.05388352218455552
2025-04-16,morning_ramp,4,0.022559126272241214,0.015178944645009351,0.09347496630591313,0.0772789784581581,0.010667601526194245,-0.0016675318328069812,0.04523002035033519,0.023825828071902866,0.05363986836779715,0.05345315038625535,0.029169907090087127,0.016544352757917866,0.13003162960004705,0.13003162960004705
2025-04-17,morning_ramp,4,0.015906531145853192,0.011017675826328982,0.03786167296136998,-0.01334419940854474,0.011069176678045394,0.0025704403820466385,0.03841424422740225,0.006810341139432657,0.0380601813506664,-0.020154540547977388,0.023850942955335512,-0.008478618090945338,0.043891830985440174,0.039262539958566565
2025-04-18,morning_ramp,4,0.03253582743621877,0.011853085386936385,0.14938801652270137,0.14938801652270137,0.008182937456325354,0.0040800508797608735,0.060840344895423094,0.060840344895423094,0.08854767162727828,0.08854767162727828,0.020473539015033983,-0.016284656973731257,0.06491645102909505,0.06491645102909505
2025-04-19,morning_ramp,4,0.027908201968804974,0.027234088692722175,0.06534086187774978,0.06534086187774978,0.009662830866836458,0.0017736016720865883,0.049059711344986455,0.049059711344986455,0.029130766442782768,0.016281150532763338,0.026091646394861345,0.023848313124609617,0.06970979966275528,0.06970979966275528
2025-04-20,morning_ramp,4,0.029500126168241103,0.02218306047843177,0.3086007299934208,0.3086007299934208,0.014571453747317087,0.003783186821314256,0.25567657005768846,0.25567657005768846,0.05442929972121247,0.05292415993573234,0.031045809177412866,-0.029602032108871367,0.05432581588214666,0.05432581588214666
2025-04-21,morning_ramp,4,0.035178807315789346,0.00039754274473810525,0.10088289264730373,0.01099194731572696,0.01328910445483623,0.0050792988945941855,0.09870412172137383,0.014941383269432701,0.02243127266844851,-0.003949435953705813,0.013472403656434321,-0.003804619941730707,0.05451888928794284,0.05397100788670517
2025-04-22,morning_ramp,4,0.040798317272003976,0.040798317272003976,0.13881013605477382,0.13512653215694848,0.008018923680050848,0.00237925168827075,0.08864195105880322,0.08210419187411443,0.057714221280985134,0.05302234028283412,0.0707690516486521,0.0707690516486521,0.202064884709171,0.202064884709171
2025-04-23,morning_ramp,4,0.07260568159713718,-0.07260568159713718,0.3670558622509276,0.3670558622509276,0.01437294535802067,0.01357224956299588,0.3065663806048572,0.3065663806048572,0.0705803174635538,0.060489481646070486,0.08291501251743397,0.08291501251743397,0.30538527979532504,0.30538527979532504
2025-04-24,morning_ramp,4,0.05796103089461471,-0.05796103089461471,0.1164861166494316,0.1164861166494316,0.02706972427235084,0.02706972427235084,0.09325730398282941,0.09325730398282941,0.04265300539147367,0.023228812666602157,0.05256207607528236,0.024777125506499815,0.09429218620399919,0.07643914201582894
2025-04-25,morning_ramp,4,0.010923878530437275,-0.0007402973493524645,0.14095967202913362,-0.14095967202913362,0.021548263171701804,0.0177307132289019,0.16981820716126944,-0.16981820716126944,0.044661012642265775,0.028858535132135786,0.03504494893183894,0.0062733735357075986,0.07726521567735907,0.022124765897340137
2025-04-26,morning_ramp,4,0.023968715541345553,-0.02318677920549933,0.23785863410970962,0.23785863410970962,0.027641668624730865,0.021901186455123067,0.22638810143237353,0.22638810143237353,0.026484236291732178,0.011470532677336068,0.03623516648788762,0.03352144416178929,0.14241611611567173,0.14241611611567173
2025-04-27,morning_ramp,4,0.039241019177125885,-0.039241019177125885,0.05652172453830722,0.05601057310620854,0.011858695692484928,0.005658694434031072,0.06902543004684125,0.022246790043023757,0.0484416572938783,0.03376378306318481,0.03549188866371257,0.02445238524235821,0.09208624036056792,0.09208624036056792
2025-04-28,morning_ramp,4,0.08989462709459295,-0.08989462709459295,0.1853663800402009,0.18140716988229705,0.007899266382020556,0.002067704408270983,0.11585368619035488,0.11346842972192656,0.07413155321484013,0.06793874016037049,0.03396378168989261,-0.03286372349723156,0.11472605860558359,0.11312028396432412
2025-04-29,morning_ramp,4,0.07829970342392006,-0.07829970342392006,0.5081855090059811,0.5081855090059811,0.013143674815691724,0.0031546134473023216,0.43371168332216015,0.43371168332216015,0.07510156627810335,0.0744738256838213,0.06002645611625643,0.06002645611625643,0.19781117734047388,0.19781117734047388
2025-04-30,morning_ramp,4,0.04890871523080531,-0.04890871523080531,0.20195701781889538,-0.09889123417752452,0.010524801717775662,0.0071047945197138355,0.2534021609543586,-0.2534021609543586,0.15755995252048988,0.1545109267768341,0.030218157617447186,0.016164692862116234,0.11371138225049143,0.05061736008396126
2025-05-01,morning_ramp,5,0.06454086737091849,-0.06454086737091849,0.27857691686662067,0.27857691686662067,0.009464103324979522,-0.0023746933150124317,0.2364570658243194,0.2364570658243194,0.057236293377057504,0.042119851042301246,0.016887983972774155,-0.010310952649244568,0.058713644617866816,0.05867314522468733
2025-05-02,morning_ramp,5,0.02542783328912196,-0.024524048129640375,0.2405762135208725,0.2405762135208725,0.0060139845651056515,0.00036195236891366396,0.18585482726703229,0.18585482726703229,0.05905087657795663,0.05472138625384028,0.01458714507064852,0.0003471376558241814,0.192104751478767,0.192104751478767
2025-05-03,morning_ramp,5,0.007818925053343112,-0.002857311083734687,0.16301404612404274,0.16301404612404274,0.006735084150158636,-0.0037830114992658485,0.13816056786546638,0.13816056786546638,0.0458824813534411,0.024853478258576322,0.05693526541996143,0.00568153013083459,0.07567609663069721,0.06327574346969267
2025-05-04,morning_ramp,5,0.08557293860163029,-0.08557293860163029,0.1598010942651366,0.1598010942651366,0.008814184491575356,0.0033751685841845527,0.1425905615538258,0.1425905615538258,0.01735149163822124,0.017210532711310813,0.044768485057932544,-0.008429484086882318,0.10314437174956438,0.10314437174956438
2025-05-05,morning_ramp,5,0.1371864347340657,-0.1371864347340657,0.4885368163981386,0.4885368163981386,0.011664833337470999,0.008943747485340024,0.2548805641274583,0.2548805641274583,0.23365625227068032,0.23365625227068032,0.04471277647705465,0.044615998706340025,0.277384946090088,0.277384946090088
2025-05-06,morning_ramp,5,0.10286232240420712,-0.10286232240420712,0.2061348545711491,0.2061348545711491,0.015279272687204063,0.012099544356469013,0.1947461972904141,0.1947461972904141,0.03402694145782728,0.01138865728073514,0.0768952861552434,0.040560229930282035,0.17198119910284365,0.17198119910284365
2025-05-07,morning_ramp,5,0.026173828605046967,-0.025951169603584012,0.10312438503604722,0.08819772881867967,0.010207337318642488,-0.0012413677636682746,0.06798375409629621,0.047265947637334396,0.05270465673114048,0.0409317811813454,0.03947134851820622,0.02540263074466483,0.2132379397008911,0.2132379397008911
2025-05-08,morning_ramp,5,0.08474541853320111,-0.08474541853320111,0.19728459756811623,0.19728459756811623,0.010139093211304327,-0.002642673065985847,0.10334445803729637,0.10334445803729637,0.09931314668698962,0.09394013953081992,0.023716953079848883,-0.006706506656270075,0.11567310448050695,0.11567310448050695
2025-05-09,morning_ramp,5,0.0525356901069986,-0.0525356901069986,0.2162340181859314,0.2162340181859314,0.008833689069459404,-0.0004760870224194882,0.05779096850767047,0.05338687865196161,0.16284713953396968,0.16284713953396968,0.061664621505957064,0.05491332006632179,0.3049177397227648,0.3049177397227648
2025-05-10,morning_ramp,5,0.017041741409217548,0.00306419110084194,0.44632676216193756,0.44632676216193756,0.0076632829048794435,0.006098533622944658,0.3635360968073285,0.3635360968073285,0.08335704323195253,0.08279066535460908,0.05901787220234607,0.036602860653886266,0.3193562555268856,0.3193562555268856
2025-05-11,morning_ramp,5,0.03798264517476324,0.03798264517476324,0.2940184939401274,0.2940184939401274,0.013890152267250036,0.007798237051632328,0.18636251608867516,0.18636251608867516,0.10785873780042216,0.10765597785145212,0.02115229832539927,0.0008339631537079084,0.31517736684234154,0.31517736684234154
2025-05-12,morning_ramp,5,0.030449495060305726,0.030449495060305726,0.2292167473611954,0.2292167473611954,0.011925756375996435,0.007180752797181417,0.17114850703398657,0.17114850703398657,0.06046173693191179,0.058068240327208864,0.06181294395890013,0.06181294395890013,0.2594149182651254,0.2594149182651254
2025-05-13,morning_ramp,5,0.023719758232623123,0.023719758232623123,0.33805351920859494,0.33805351920859494,0.011351313684426758,0.006398027512117233,0.22782850355148337,0.22782850355148337,0.11048493059385883,0.11022501565711168,0.02870061379704301,-0.005696169521875738,0.17884216448375062,0.17884216448375062
2025-05-14,morning_ramp,5,0.051349636449599445,0.051349636449599445,0.17278185106735633,0.17278185106735633,0.011778222872271166,0.0038690946250283485,0.09910096317791828,0.09910096317791828,0.07406379124313499,0.07368088788943801,0.054240127230993085,-0.046105096524391986,0.09263512986358387,0.024104984603461423
2025-05-15,morning_ramp,5,0.08647234070990203,0.08647234070990203,0.49634324975553346,0.49634324975553346,0.02571628188924539,-0.006967780338892296,0.3628254727146672,0.3628254727146672,0.13351777704086626,0.13351777704086626,0.08255888960662948,0.08255888960662948,0.34817468574045085,0.34817468574045085
2025-05-16,morning_ramp,5,0.05431082584700872,0.05431082584700872,0.5908228552292679,0.5908228552292679,0.009642274356662007,-0.004099906101741749,0.4562388133205689,0.4562388133205689,0.13469984212166458,0.13458404190869896,0.07257837518809943,0.07257837518809943,0.3957497699796195,0.3957497699796195
2025-05-17,morning_ramp,5,0.03543083276035863,0.03484262728798998,0.6796371916921569,0.6796371916921569,0.01896953882286842,0.0012643787825202223,0.5461877025891406,0.5461877025891406,0.1336502328484295,0.13344948910301602,0.040955099013782,0.03185378083744602,0.2987691954855152,0.2987691954855152
2025-05-18,morning_ramp,5,0.024438140325926033,0.017677722139774227,0.08434853324614439,0.07111434842296824,0.010797515164055724,0.001243340136712727,0.07343626980141338,0.05873376282292028,0.019429320894787095,0.0123805856000479,0.0355877459936731,0.028088170051483473,0.0591245556687951,0.05712904011395119
2025-05-19,morning_ramp,5,0.014880458857615159,0.011786901313666748,0.07504537556159245,0.07504537556159245,0.010063047272812549,-0.0002752556159818023,0.08161079179941577,0.08161079179941577,0.0233877421034732,-0.006565416237823345,0.03151216582614633,0.022836529583315973,0.013531925491864778,0.008021115205655814
2025-05-20,morning_ramp,5,0.0073832497630789695,-0.0011786024703424602,0.11370003014785778,0.11370003014785778,0.0067319283532874825,0.0009636576390089305,0.12936619476535985,0.12936619476535985,0.01859491943595817,-0.015666164617502074,0.03495487722947547,0.013459429824852981,0.06015895575433185,0.06015895575433185
2025-05-21,morning_ramp,5,0.08523807348919363,-0.08523807348919363,0.04651052876130775,0.00989776241168723,0.008193237626668622,0.0033248073257827852,0.044165201889401734,0.024467594430056593,0.01814491156823759,-0.014569832018369424,0.04223218864481103,-0.03159583827374341,0.039878665467142395,-0.031229152209523027
2025-05-22,morning_ramp,5,0.05438796754830297,-0.05438796754830297,0.17594093522689275,0.17594093522689275,0.006176595764993003,0.0012191018635219625,0.0895803623228431,0.0895803623228431,0.08636057290404958,0.08636057290404958,0.015832019275284707,0.009944178923999994,0.0698081115013934,0.0698081115013934
2025-05-23,morning_ramp,5,0.06946303387963768,0.06946303387963768,0.3398871248517451,0.3398871248517451,0.02367610304257262,0.022586564172815345,0.37510235532308883,0.37510235532308883,0.04494823398805062,-0.035215230471343645,0.04648436194558472,0.04620454795634463,0.0684389777949565,0.04213199209415272
2025-05-24,morning_ramp,5,0.04504856203024529,0.04504856203024529,0.042619694202278416,0.01622206700245384,0.0428373565253621,0.04081194856126669,0.048068747296939884,0.022850248533602992,0.02068006838804452,-0.006628181531149153,0.03875248428927029,0.035550402397364754,0.02675927275515353,0.015716438214879648
2025-05-25,morning_ramp,5,0.09909202175345028,0.09909202175345028,0.09436476953203518,0.09436476953203518,0.005698098064408059,0.00104084317081528,0.11127633432031864,0.11127633432031864,0.023599224324350958,-0.016911564788283436,0.015056789007789464,0.006667015364868862,0.019112645444871686,-0.012959630495387946
2025-05-26,morning_ramp,5,0.060424305674579265,0.060424305674579265,0.05716778628664669,0.05660193437544843,0.01241100397544461,0.0002877473119300379,0.07777597263484887,0.07777597263484887,0.021925030253704913,-0.021174038259400396,0.01075359699093251,0.01075359699093251,0.04838160949230263,-6.066142874503605e-05
2025-05-27,morning_ramp,5,0.03315778240290382,-0.013029934636794777,0.10375436098644641,0.10375436098644641,0.008846531409504416,-0.0055128703202776425,0.1389737553564394,0.1389737553564394,0.05196343894103407,-0.03521939436999309,0.010890655002266082,0.00538589332672677,0.05482806972028929,0.022269012112657978
2025-05-28,morning_ramp,5,0.06557921220254409,-0.06557921220254409,0.30783856121853104,0.30783856121853104,0.010509548699565196,-0.0015767150117378306,0.2203438738139195,0.2203438738139195,0.08749468740461154,0.08749468740461154,0.028631624570999138,0.018586723130195576,0.20203600040169778,0.20203600040169778
2025-05-29,morning_ramp,5,0.01934678804050452,-0.013668983503198312,0.2535970752416629,0.2535970752416629,0.013572775529141058,0.0018614380183330104,0.1927626474653732,0.1927626474653732,0.06111169959582809,0.06083442777628973,0.029525679356794836,0.02382815108904405,0.17167955751857822,0.17167955751857822
2025-05-30,morning_ramp,5,0.05213332600592982,-0.05213332600592982,0.2787490831181456,0.2787490831181456,0.009386830132148945,0.002183811434821263,0.2239292097036188,0.2239292097036188,0.05481987341452676,0.05481987341452676,0.019148498803768645,0.019014377436745656,0.05262510435168077,0.05262510435168077
2025-05-31,morning_ramp,5,0.022412732361830806,-0.0006903305655594771,0.06891173369845646,0.00705934227866719,0.010477683917269205,0.0034652402865480193,0.05162283203151262,-0.0452695116417364,0.05412406403495491,0.052328853920403505,0.016837359731299795,-0.012277057930470008,0.05929724788646519,0.036780461888911486
2025-06-01,morning_ramp,6,0.01137445619481503,-0.004678907166569712,0.13278431725140133,0.13278431725140133,0.007514259163742804,-0.0009304779413499475,0.08820583746341808,0.08820583746341808,0.048386737662218245,0.044578479787983336,0.042492103581558124,0.003939924732580306,0.15737538223404088,0.15737538223404088
2025-06-02,morning_ramp,6,0.024145790810225637,0.0007622126054018519,0.34886808444185724,0.34886808444185724,0.014108515878527319,-0.0028209317586925186,0.22060554197115056,0.22060554197115056,0.12826254247070668,0.12826254247070668,0.056842520056359876,0.05638326395058642,0.23023251947909004,0.23023251947909004
2025-06-03,morning_ramp,6,0.040270597906331806,-0.040270597906331806,0.3393909634547843,0.3393909634547843,0.007416385630225697,0.0001191313318851194,0.2639153914169401,0.2639153914169401,0.08452753705755678,0.07547557203784427,0.03188547029769365,0.020113559019164742,0.16743255621823216,0.16743255621823216
2025-06-04,morning_ramp,6,0.03636880571927764,0.03636880571927764,0.17053141725414456,0.17053141725414456,0.011056684982097189,0.009628949880983926,0.154032385245737,0.154032385245737,0.041437979765576914,0.016499032008407542,0.04050623073937604,-0.010068657578361269,0.08269520249925746,0.08269520249925746
2025-06-05,morning_ramp,6,0.028337740987375265,-0.028337740987375265,0.1830703186638941,0.1830703186638941,0.007860564039837117,0.00558479619063212,0.1664558809171299,0.1664558809171299,0.042588048572542926,0.016614437746764188,0.018462595119931195,0.004213909263711256,0.11196797980124101,0.11196797980124101
2025-06-06,morning_ramp,6,0.04062869319018067,0.016921645806066116,0.17591253305505256,0.17591253305505256,0.010669135594117697,0.002104828852018825,0.07568591466540742,0.07568591466540742,0.10124944721998776,0.10022661838964517,0.021228300433378988,0.017827490999616512,0.12037896741201753,0.12037896741201753
2025-06-07,morning_ramp,6,0.04043145588573516,-0.03904728831364829,0.13018310784986115,0.13018310784986115,0.009797522030516707,-0.0032649348462555194,0.08173873306423281,0.07285446358381112,0.07735375331179908,0.057328644266050124,0.03080535498803767,0.03080535498803767,0.1284431680110667,0.1284431680110667
2025-06-08,morning_ramp,6,0.009050124138204468,0.0008608312576246224,0.061992999702602886,-0.0050693493683477454,0.009326344025452321,-0.0005034372619692829,0.06139190805967708,-0.06139190805967708,0.06377751517220223,0.05632255869132938,0.052939632106503286,-0.0501216808226335,0.07594753899212639,-0.01732422905969567
2025-06-09,morning_ramp,6,0.0679158168025428,-0.0679158168025428,0.12497775240247022,0.12497775240247022,0.009154265434951594,-0.0017348116688789585,0.06187584074376228,0.06187584074376228,0.08597731890625582,0.06310191165870799,0.014559794831098738,0.008700356651654188,0.0817813801525051,0.0817813801525051
2025-06-10,morning_ramp,6,0.015960004370613956,-0.014134025236569037,0.07669647095236223,0.06978588943175917,0.010269269832238397,0.0007136045674840368,0.014047985941318567,0.006804818494908171,0.07403565205436745,0.06298107093685101,0.06546542819313517,0.06546542819313517,0.10675306930221251,0.10675306930221251
2025-06-11,morning_ramp,6,0.029030263078539675,-0.021861344519624848,0.33961397310034414,0.33961397310034414,0.009573416622154477,0.004154825733401823,0.20857055995900353,0.20857055995900353,0.13599073836400472,0.13104341314134063,0.033657362579808336,0.031817883648036935,0.14750198958708077,0.13050714682580922
2025-06-12,morning_ramp,6,0.030476669977807264,-0.02956148888517987,0.29644113783537607,0.29644113783537607,0.007742440809730274,0.0017495825514563228,0.264876857530344,0.264876857530344,0.07176150593411011,0.03156428030503208,0.044013942792147986,0.043873597492406935,0.10720316483095724,0.10720316483095724
2025-06-13,morning_ramp,6,0.04491663218882719,0.038758445238915584,0.06982730926569275,0.060889391238461876,0.008512411415773639,-0.002899651358422353,0.03705273703007059,0.03431333002388223,0.03289528146594283,0.02657606121457965,0.004419123721358857,-0.0001836060151827689,0.0452781024221078,0.0245247932483458
2025-06-14,morning_ramp,6,0.06913474334401629,-0.06913474334401629,0.29949967480015743,0.29949967480015743,0.007705798501615483,0.0029297629202343772,0.1905055514143224,0.1905055514143224,0.10999135519711181,0.10899412338583506,0.03046913112972615,-0.027666257542018412,0.1534388762814043,0.11173405635816858
2025-06-15,morning_ramp,6,0.012585931549231738,-0.00796444235351182,0.44407904584047597,0.44407904584047597,0.007488267670068079,-0.0004823986161617451,0.30416534515207316,0.30416534515207316,0.1464170090905818,0.13991370068840275,0.017784493267247337,0.017784493267247337,0.14296662734763538,0.14296662734763538
2025-06-16,morning_ramp,6,0.0439155432924859,0.0439155432924859,0.4270878848422207,0.4270878848422207,0.007644698767749487,0.003001557299052561,0.3644612274262024,0.3644612274262024,0.07132938091532592,0.06262665741601837,0.06234855281675007,0.06234855281675007,0.17341862074713077,0.17341862074713077
2025-06-17,morning_ramp,6,0.021526479407188576,-0.02092074172998018,0.09683163841399174,-0.04843872064956768,0.010838452862356199,0.0014690672740226363,0.11532009353606153,-0.11532009353606153,0.08463509713424772,0.06688137288649386,0.02835825366703763,-0.0064327412776996684,0.1319880045075865,0.0812760143480035
2025-06-18,morning_ramp,6,0.06178787290597937,-0.06178787290597937,0.333350110785762,0.333350110785762,0.008013664018598968,0.00035778847026423505,0.271848012818668,0.271848012818668,0.06592591155324745,0.061502097967093994,0.024069701041221733,0.0030531458117930687,0.09233322529624591,0.06943905858951971
2025-06-19,morning_ramp,6,0.05592729513322042,0.040363956897102704,0.14571291574422324,0.14571291574422324,0.00906590312255999,-0.0017346363468305525,0.08404185115298758,0.0694744298127836,0.08374603902683131,0.07623848593143967,0.01650017160172207,0.014684974773653508,0.13542514943587908,0.13516462087196254
2025-06-20,morning_ramp,6,0.035014881200538944,-0.021537875340334273,0.1720885838574862,0.1720885838574862,0.0391757555446105,0.03608009413608137,0.04544961121595122,0.043997506350110904,0.1320708003449416,0.12809107750737536,0.0255953973368763,-0.0018961517839154625,0.1700576970793784,0.16995811415588943
2025-06-21,morning_ramp,6,0.029524232949895757,-0.006656101567356187,0.17027049421561918,0.17027049421561918,0.006578784544013545,0.0020289144050633385,0.04747751751923631,0.042174025555255665,0.1379557917129398,0.1280964686603635,0.026533151143234693,-0.003665370404792162,0.15303756411262576,0.15303756411262576
2025-06-22,morning_ramp,6,0.03235919047245975,-0.03235919047245975,0.14195186333151893,0.14195186333151893,0.007209111138509472,0.0009635261474726133,0.09655975774744166,0.09655975774744166,0.05955882838267213,0.04539210558407732,0.020532622545343417,0.01995432276870903,0.09155514604546422,0.09155514604546422
2025-06-23,morning_ramp,6,0.03316698681044469,-0.031198996817198982,0.15031586463332536,0.15031586463332536,0.01035171502549664,0.002358432195023727,0.11986654489506798,0.11986654489506798,0.07307624597503212,0.03044931973825738,0.03669183659344727,0.03669183659344727,0.08019511008912973,0.08019511008912973
2025-06-24,morning_ramp,6,0.011151797193351937,0.009651040459081689,0.2684764383364755,0.2684764383364755,0.007235058801672075,0.0031746878218436615,0.12703699752190614,0.12703699752190614,0.14808686394053003,0.1414394408145694,0.014685588400822926,0.014380878680710588,0.19511336549026748,0.19511336549026748
2025-06-25,morning_ramp,6,0.02097728309058794,0.010347507296335101,0.21001876390926694,0.21001876390926694,0.007273585821807121,-0.0005247388908493841,0.11428385256901663,0.11428385256901663,0.09957902257338223,0.09573491134025033,0.01497565872989419,-0.01187280911738084,0.11325808709436341,0.11249306933618723
2025-06-26,morning_ramp,6,0.059396041860736465,-0.059396041860736465,0.268708564728552,0.268708564728552,0.005906030013805788,0.0014384735765775297,0.10160824379203028,0.10160824379203028,0.16710032093652163,0.16710032093652163,0.021189378938635036,-0.014282479181048274,0.1700543659604589,0.1700543659604589
2025-06-27,morning_ramp,6,0.01584341520843044,-0.012886608862230836,0.0890612775680545,0.0890612775680545,0.008728145196324985,0.0028382009804595616,0.05752640753664085,0.057357221759938654,0.03388926981932426,0.03170405580811586,0.027950629904516786,0.027950629904516786,0.06088623544159075,0.06088623544159075
2025-06-28,morning_ramp,6,0.02454026541911669,-0.02405462334505959,0.05201621087760122,0.05201621087760122,0.01107903854326767,0.00641687463231981,0.09067038332823349,0.09067038332823349,0.03961511259789103,-0.038654172450632254,0.021524594695168316,0.01935735119392047,0.030002905972528957,-0.02055050539427987
2025-06-29,morning_ramp,6,0.01586182402351194,0.0016949259028689045,0.1130072012431086,-0.1130072012431086,0.0065642328139966805,-0.00023598347714108396,0.03393577399266134,-0.005702963251251053,0.10730423799185758,-0.10730423799185758,0.013753707883085805,-0.01357093464763292,0.09230609420925662,-0.09230609420925662
2025-06-30,morning_ramp,6,0.01883791579503513,0.01883791579503513,0.17947889033301304,-0.17947889033301304,0.007649914598689262,0.0025992370284957204,0.10643635002178502,-0.10643635002178502,0.073042540311228,-0.073042540311228,0.012876045708815113,0.010356317229266998,0.10532511504853873,-0.10532511504853873
2025-07-01,morning_ramp,7,0.11278116729221396,0.11278116729221396,0.2676057890441407,-0.2676057890441407,0.006380451476765534,0.002026591387922114,0.20388621780893348,-0.20388621780893348,0.06371957123520729,-0.06371957123520729,0.041283082735818946,0.041283082735818946,0.015906311993292566,0.003604314501438194
2025-07-02,morning_ramp,7,0.014819096140676558,0.012459261369265617,0.1392262191061297,-0.1392262191061297,0.011419557791764911,0.0024637569155976646,0.09502121911174209,-0.09502121911174209,0.044204999994387636,-0.044204999994387636,0.046328895119169544,-0.03506690801840061,0.07789137837320559,-0.07789137837320559
2025-07-03,morning_ramp,7,0.03380077601539633,-0.01967770840685218,0.045264032827724024,0.037154160835067715,0.011648309234409673,0.007682436838666729,0.04829215141710853,0.04165349439356774,0.019197545146807493,-0.00449933355850005,0.04147488505676426,-0.04147488505676426,0.03752387120462291,-0.03752387120462291
2025-07-04,morning_ramp,7,0.04344129715157449,-0.04344129715157449,0.083586978098424,0.083586978098424,0.007395609967490771,0.0015354704998526616,0.11223929067113393,0.11223929067113393,0.02865231257270994,-0.02865231257270994,0.053258674404072004,0.053258674404072004,0.0684707549162283,0.0684707549162283
2025-07-05,morning_ramp,7,0.14711360741937146,0.14711360741937146,0.1621706155797214,-0.1621706155797214,0.007781186982425824,-0.00030115944863230715,0.19718146437314737,-0.19718146437314737,0.03501084879342593,0.03501084879342593,0.04234154577249804,0.04182907942503637,0.01657924184554871,-0.00874190797712407
2025-07-06,morning_ramp,7,0.04364072598162483,0.04364072598162483,0.057753975555458976,0.04245388337500785,0.0076905016528929365,0.0012207674229817375,0.006524741522595466,-0.002070509561045321,0.05302023641825336,0.04452439293605314,0.009838240576256657,0.007109791198093057,0.018542016007854677,-0.006068904196765736
2025-07-07,morning_ramp,7,0.030669962536163997,0.030669962536163997,0.15638779313542592,0.15638779313542592,0.005608815311262394,-0.0014535074422274974,0.1045831959702387,0.10264641330160747,0.05485774297698033,0.05374137983381845,0.021151903850790375,0.019206004435642566,0.02458203589714716,-0.007605777273005595
2025-07-08,morning_ramp,7,0.018327728634202622,0.016848010545739867,0.0331598424369725,0.02371612030011904,0.0076456192085035575,0.0007435408072476654,0.03033207311839251,0.025738635450415884,0.02260716451350185,-0.0020225151502969007,0.020970051056091586,0.0007661135209786258,0.039052328822539686,-0.00015844730123795378
2025-07-09,morning_ramp,7,0.04537466104026189,0.04537466104026189,0.08658340722756092,0.0835038754474842,0.01149608586588979,0.006041553957215964,0.0795550531209478,0.0604116386565826,0.025571465877270265,0.023092236790901645,0.012266670099102532,0.012266670099102532,0.03459840367457422,-0.03459840367457422
2025-07-10,morning_ramp,7,0.0622616807417698,0.0622616807417698,0.0429175225319912,0.0429175225319912,0.011480657525630938,-0.0012876966149569218,0.037139872088123436,0.032528902215307194,0.03031169193026649,0.010388620316684,0.023656861447761107,0.023418423461942468,0.02372874348760351,-0.008233167223190799
2025-07-11,morning_ramp,7,0.07011610850991312,0.07011610850991312,0.09223587772887398,-0.0775979769252148,0.013306505168139573,0.004615352924026138,0.19130615954832292,-0.19130615954832292,0.1137081826231082,0.1137081826231082,0.0489068305187851,-0.03122682919238181,0.06358759756327716,-0.05728231541476146
2025-07-12,morning_ramp,7,0.1000834679371298,-0.1000834679371298,0.05875497679077615,-0.04899348344120483,0.013168219902467158,0.0032115931130310277,0.08904168532914626,-0.08904168532914626,0.05289913271332379,0.040048201887941365,0.024209213561232897,0.023827975766995687,0.03904106438093026,0.03904106438093026
2025-07-13,morning_ramp,7,0.006809508359702704,-0.001005471947551323,0.05925552123894695,0.05925552123894695,0.013334775848443408,0.004797644023845931,0.025113962991980737,0.02474140363913912,0.03570429132534445,0.034514117599807825,0.04987434524285872,0.04987434524285872,0.039131311405342116,0.03886762704455445
2025-07-14,morning_ramp,7,0.013818883854577052,-0.0046837285229004155,0.029926114915331446,0.01822301754079802,0.009458054714309841,0.0034803618132221853,0.016986734116533238,0.013143236510570734,0.022161846510575893,0.005079781030227293,0.024227885359387094,-0.014069462892247118,0.04486798032039736,-0.04193194963693282
2025-07-15,morning_ramp,7,0.013621646550131317,0.01278536037928224,0.04777609096765485,0.012862195266991852,0.009527613737010998,0.0007577418931677543,0.0521391992945511,-0.010017726523302156,0.03186561507571282,0.022879921790294022,0.02860874504368346,0.023476279737913164,0.06385395558530285,-0.06146633226922119
2025-07-16,morning_ramp,7,0.017198216337410893,0.017198216337410893,0.03306069781860452,0.01945334001541732,0.012834932688466246,-0.00017983659114223852,0.025500197464597262,-0.0018696781546076423,0.02681577028524916,0.02132301817002496,0.029940622814836185,0.029940622814836185,0.02567736039450147,0.013180054140733921
2025-07-17,morning_ramp,7,0.03761622209361551,0.03761622209361551,0.07012088603573194,0.0693094079347308,0.00989074952975133,0.005567746121425601,0.043702527003684544,0.04343340765939659,0.027323634428940414,0.025876000275334175,0.014598278020721656,0.0022744529338419813,0.02104215224849448,-0.02104215224849448
2025-07-18,morning_ramp,7,0.053729633256575676,-0.053729633256575676,0.09420338558648655,0.0700398872493729,0.012832697332349216,-0.001447634153606209,0.06972487735891734,0.04416756873705509,0.026301682208839855,0.025872318512317912,0.023924972690270795,-0.004996327735190794,0.02873804505437563,-0.016205148424783652
2025-07-19,morning_ramp,7,0.06199869766917582,0.06199869766917582,0.10047071051152456,-0.06936989404142746,0.01228367633779698,0.0021000074956879448,0.07825144603009895,-0.05230869188483797,0.023762624473456048,-0.017061202156589475,0.022672340484993076,0.021345590883755938,0.02635506777257643,0.010919626970763596
2025-07-20,morning_ramp,7,0.04724008763519594,0.04724008763519594,0.1842505428631842,0.1842505428631842,0.006876086907581154,-0.0014648595448611395,0.11411883069096385,0.11411883069096385,0.07162072232924807,0.07013171217222038,0.041535897129606064,0.041535897129606064,0.07085780843565267,0.07085780843565267
2025-07-21,morning_ramp,7,0.018929521565322016,-0.018929521565322016,0.10718580794816604,-0.016517835298098006,0.012049226928579347,0.007433874004553203,0.09238529594461953,-0.09068975641458127,0.07625281850889605,0.07417192111648326,0.025431295899577606,-0.025431295899577606,0.05233135225959319,-0.05139898960622297
2025-07-22,morning_ramp,7,0.037830553297779734,-0.037830553297779734,0.10282081490924952,0.04828583982336623,0.012612054534442783,0.008635312171699293,0.04798082328966924,-0.006867802940794421,0.0632383560428722,0.05515364276416072,0.051518427751692714,-0.0391325386596809,0.10562522256488069,-0.10562522256488069
2025-07-23,morning_ramp,7,0.03139930225749127,-0.03139930225749127,0.2033488119000875,0.2033488119000875,0.013264559368060808,0.004927207017610619,0.19434229912142162,0.19434229912142162,0.018741357176880948,0.009006512778665826,0.035978275856475346,-0.006683714789978595,0.057256017107502034,-0.05709743831472779
2025-07-24,morning_ramp,7,0.04668387843665947,0.04591596786468474,0.20708150597146363,0.20708150597146363,0.008226592646375961,0.003124808699074992,0.1322945112786949,0.1322945112786949,0.07478699469276875,0.07478699469276875,0.04874474528504297,0.04203166405195804,0.04103688674935887,-0.00030028283839034914
2025-07-25,morning_ramp,7,0.1186610304902968,0.1186610304902968,0.1948378907217252,0.1948378907217252,0.009010369863730548,0.000194826626280108,0.1407865415063425,0.1407865415063425,0.05411385152563586,0.05405134921538267,0.029754080155342803,0.029653883604684465,0.015128890200192358,0.00499641539621495
2025-07-26,morning_ramp,7,0.02769650059536674,0.02447145151512123,0.11089698123810164,0.11089698123810164,0.009984371503594805,0.0017887670292728638,0.08007917838462784,0.08007917838462784,0.03236379267623019,0.030817802853473783,0.019651760743689527,0.01872676161635194,0.01275481051234928,0.007160459270079564
2025-07-27,morning_ramp,7,0.03303681018951066,0.0015139058878998468,0.0672638817655819,0.0672638817655819,0.004769723987638882,0.0006379969341132417,0.033154100639887524,0.033154100639887524,0.051359191501237016,0.0341097811256944,0.015024617411908787,-0.00629094957105935,0.03170677329986601,0.021291767014898377
2025-07-28,morning_ramp,7,0.024527116265487037,0.0046403363159224775,0.14974589265398974,0.14974589265398974,0.011251862252474107,-0.0021349404138308378,0.11364392709237102,0.11364392709237102,0.04245809110416936,0.03610196556161879,0.020470646201235426,-0.006694803909539662,0.030335623389872547,0.00726972873674241
2025-07-29,morning_ramp,7,0.1322182461876427,0.1322182461876427,0.10405350423152213,-0.07234598581295049,0.00884337561263329,0.0039184916121639355,0.16162347929718943,-0.16162347929718943,0.08927749348423893,0.08927749348423893,0.02282750049782356,0.013145340375151436,0.03191483674080002,-0.01886552901765745
2025-07-30,morning_ramp,7,0.005097926862236285,0.0018158981162622323,0.09370512032494499,0.07730242778213112,0.008987490336414853,0.0008447454596842898,0.021600596803148006,-0.008116578061007447,0.08541900584313854,0.08541900584313854,0.019503394460234417,0.014845262956399631,0.03776638542806674,0.033884053988384503
2025-07-31,morning_ramp,7,0.04964419122382671,-0.04964419122382671,0.11494862994602234,0.11494862994602234,0.010185159079520405,0.005414821464712142,0.09652850659231507,0.09652850659231507,0.020205778416621103,0.018420123353707282,0.026834310591867038,0.016383100303905627,0.025860791087635854,9.984590656155964e-05
2025-08-01,morning_ramp,8,0.015901709789522323,-0.014027517092168373,0.04721878600631586,-0.03469930151342611,0.007609152222437163,0.002280676866560097,0.0346264113718055,-0.029043806706778336,0.025975320215750552,-0.005655494806647829,0.014904784791830062,0.010613865318360838,0.027405553656053468,0.02109772933783601
2025-08-02,morning_ramp,8,0.07095327129100426,-0.07095327129100426,0.17817607219138193,0.17817607219138193,0.011079257695828203,0.003038287268191525,0.1870641549263562,0.1870641549263562,0.026018800083752756,-0.008888082734974302,0.02012881203737518,0.019133771751703367,0.027367201957966856,0.023705337994142667
2025-08-03,morning_ramp,8,0.05224421720154018,0.051529779854326246,0.034143618281034877,0.034123017940348346,0.00900576765996014,-0.0016446961360033867,0.05747157556600499,0.05747157556600499,0.025844091662526124,-0.02334855762565667,0.008817296457934349,0.007270167041863349,0.013578166682129234,-0.00901567335569452
2025-08-04,morning_ramp,8,0.03454501811083746,0.03036358725659169,0.04276109143430981,0.028623998061893943,0.005794700513074298,-0.00013854824874499905,0.02027038459145505,-0.019787722992220712,0.048411721054114655,0.048411721054114655,0.018842386507269167,-0.0002616681572311314,0.014903206893394541,-0.007052373227243398
2025-08-05,morning_ramp,8,0.08586704133781464,-0.08586704133781464,0.1144410726159158,-0.0710163433979148,0.006415822700029421,0.003711918408641282,0.10017923760606613,-0.04116513482776058,0.03116603627210046,-0.029851208570154247,0.01131984337673965,-0.010685177561545939,0.03419191950536795,-0.03266214697208817
2025-08-06,morning_ramp,8,0.07402316035841902,-0.07402316035841902,0.06374236310149878,-0.06374236310149878,0.004686183031578129,-0.0009732126906465098,0.03387401680111381,-0.031330795167080636,0.036312483511230356,-0.03241156793441813,0.006894145078565938,-0.00043063478137279985,0.024465665887524263,-0.024465665887524263
2025-08-07,morning_ramp,8,0.055201023547739675,-0.055201023547739675,0.13251594302581912,0.13251594302581912,0.008154798267557795,0.0034466999799301536,0.11500666154404146,0.11500666154404146,0.018784223417713776,0.017509281481777675,0.034413000608395375,-0.014828125226168925,0.02893970924054317,-0.026534466058597696
2025-08-08,morning_ramp,8,0.008760842758350817,-0.007026031089471918,0.08314376396007878,0.037405484991443465,0.008063806124440218,-0.00158083507987513,0.044897522085552054,-0.014367203560935696,0.05177268855237915,0.05177268855237915,0.02267286645113829,-0.021369171699265225,0.029472951250739766,-0.029472951250739766
2025-08-09,morning_ramp,8,0.02210898691298463,0.02210898691298463,0.19476833169902402,0.1871025504549549,0.005499677336135829,-0.00033582938370264534,0.014764570983625352,-0.005428058279366061,0.19479831176929976,0.19253060873432098,0.016371003082566282,-0.0025437914306904444,0.019330877564612693,-0.006435940905082878
2025-08-10,morning_ramp,8,0.01480463207168381,0.009792174708040613,0.029264843979293673,0.004559074546490946,0.016810710779943595,-0.007375930067558314,0.027695623985124714,-0.022252750992669247,0.04076772357455879,0.02681182553916024,0.026517459819903257,0.014450306211875406,0.036140361090217496,0.033142178740596565
2025-08-11,morning_ramp,8,0.012977776327397078,0.011688282661444033,0.15828087678349445,0.15828087678349445,0.013748185238561339,0.0029636000755747984,0.10351320550887755,0.10351320550887755,0.062217017449941,0.05476767127461683,0.05295703281980655,0.05295703281980655,0.056145045117328325,0.056145045117328325
2025-08-12,morning_ramp,8,0.030843969669196974,-0.030389885563851277,0.11037969353430911,0.11037969353430911,0.014214103582173827,0.0019515535512085718,0.046107507202557386,-0.022011244871003664,0.13239093840531274,0.13239093840531274,0.03979091678192016,0.004573976920604649,0.051196054335204494,0.01611025536608926
2025-08-13,morning_ramp,8,0.01401787437950669,0.004082373896902025,0.05545782651812789,0.05545782651812789,0.007550463166736597,0.0025737715009661877,0.030502310827385096,0.030502310827385096,0.02513899021438931,0.024955515690742835,0.015701754993326465,0.015701754993326465,0.03409119698856443,-0.02896127385249587
2025-08-14,morning_ramp,8,0.0195830345007183,-0.006266448314795892,0.1572798755481771,0.1572798755481771,0.010091887749773685,-0.0005541929949799303,0.14937022133478914,0.14937022133478914,0.032062457905549485,0.007909654213388,0.016643146732189078,-0.004304682254268324,0.02392729570741206,-0.011662992455962834
2025-08-15,morning_ramp,8,0.04910463761988815,-0.04910463761988815,0.3466378126642111,0.3466378126642111,0.012708350169524311,-0.0031319969030592296,0.274895329172352,0.274895329172352,0.0717424834918591,0.0717424834918591,0.04089382395786764,-0.0356438052186478,0.010665935966734458,0.001529465719695089
2025-08-16,morning_ramp,8,0.018802413080234864,0.014534197812032884,0.05247305630520926,0.05247305630520926,0.00905604125733771,0.007083843534930476,0.10556464879715984,0.10556464879715984,0.05463959851826351,-0.05309159249195055,0.008258632750720349,0.0054794276395460865,0.03230448999336024,-0.03230448999336024
2025-08-17,morning_ramp,8,0.022171226240164904,-0.022171226240164904,0.19448658916725162,0.19448658916725162,0.008606953830371224,0.00372747824043642,0.12747446986316635,0.12747446986316635,0.0670121193040852,0.0670121193040852,0.039552434965589425,0.039552434965589425,0.06728982942874451,0.06728982942874451
2025-08-18,morning_ramp,8,0.012415869162287596,0.007379743322110888,0.13829951058882023,0.13829951058882023,0.007686863720388692,0.0008248464071913368,0.1566530553946492,0.1566530553946492,0.021296676032253447,-0.018353544805828882,0.015939623182487806,0.0022821232734593563,0.038100417760773324,0.0023559338558340956
2025-08-19,morning_ramp,8,0.12331057121376021,0.12331057121376021,0.04002124612300047,0.03904066990632139,0.010022416388096762,0.0010063923883054625,0.031201801969973273,0.01427927955366506,0.025510015499307426,0.024761390352656273,0.01628058073610602,0.005691304335032692,0.014354054407305993,0.003994011584510508
2025-08-20,morning_ramp,8,0.06735960760400611,0.06735960760400611,0.027530821259632465,-0.019563047787201082,0.011539171259283148,0.005214866668516442,0.07420930854330374,0.060909290290954814,0.08081386542843151,-0.08047233807815599,0.01995419127717274,0.010090572834410713,0.011462906168230834,-0.0030045816043873727
2025-08-21,morning_ramp,8,0.034321482499132666,0.034321482499132666,0.3538205378344369,0.3538205378344369,0.014482170994171428,-0.011961653565405541,0.2144900897705357,0.2144900897705357,0.13933044806390116,0.13933044806390116,0.013267233029298843,-0.003059106761438557,0.07730177032444964,0.07730177032444964
2025-08-22,morning_ramp,8,0.030698890674149104,0.030698890674149104,0.07848440520190517,0.02024741740311513,0.008251356885711915,0.0026080031309155234,0.03834315113677764,0.01378684375023263,0.05330776457762286,0.006460573652882492,0.01704949940985903,0.01704949940985903,0.02442494734178425,-0.017279258954282055
2025-08-23,morning_ramp,8,0.01964176738693113,-0.01964176738693113,0.1246260563733878,-0.06862275913218766,0.009112494956921234,0.0005694898437024806,0.1263497789227057,-0.1263497789227057,0.05772701979051805,0.05772701979051805,0.025232656018744873,0.025232656018744873,0.012129305274184248,-0.008241275867929148
2025-08-24,morning_ramp,8,0.02393759587775543,-0.02393759587775543,0.08280394599977511,0.07623392755818137,0.006649702312589746,-0.0007699267755312822,0.03824580356940573,0.03824580356940573,0.06486928939807653,0.03798812398877563,0.011756132294173263,0.011756132294173263,0.01148582952605861,-0.007944674792555124
2025-08-25,morning_ramp,8,0.008933534976020785,0.002482560205288309,0.05314624914053803,0.028271293931033215,0.007596441373928446,0.00029936239763625645,0.02093529345999709,0.013012402431955186,0.04507030196424641,0.015258891499078045,0.004852213011409199,-0.0024370641337293497,0.026491906631349534,-0.021133100561099915
2025-08-26,morning_ramp,8,0.031033317481464706,-0.031033317481464706,0.0560220567003785,0.05177707160358903,0.007292915077642779,0.0012969010224977073,0.08579445800977874,0.08579445800977874,0.041681063785678034,-0.034017386406189704,0.007827559664226557,-0.0015668093160034443,0.010239245931450598,-0.003584196296384755
2025-08-27,morning_ramp,8,0.06619503089753531,0.06619503089753531,0.03212320699531871,0.03212320699531871,0.00843864466391099,0.0007671654532690319,0.01893570166752799,0.016715160263567758,0.0189577045846017,0.015408046731750974,0.015272172144244013,-0.014216470429827186,0.02909517606695835,-0.009482249156988524
2025-08-28,morning_ramp,8,0.015179821255251386,0.006924782606523211,0.02397524628764834,-0.02133454559470699,0.009690926225091927,-0.0013832033008206847,0.012909663711595104,-0.005268339893277241,0.018698403275023937,-0.016066205701429775,0.015235529836129256,-0.012650318571505231,0.009556059739363243,-0.0037475526149777644
2025-08-29,morning_ramp,8,0.07121318622775136,-0.07121318622775136,0.11394491121895496,0.09910793222934206,0.009589853064191606,-0.0028807165771955806,0.033834218696127905,0.022348783644678176,0.08278102264194734,0.07675914858466387,0.01344391382356996,-0.0012377298311640372,0.019130265310735518,0.003901178559884807
2025-08-30,morning_ramp,8,0.014329071015409506,0.014329071015409506,0.28564690995972775,0.28564690995972775,0.010778448891292654,-0.005071979199073677,0.2689005423715456,0.2689005423715456,0.04469699749269905,0.016746367588182265,0.017252084036780663,-0.010834157472170498,0.0128478626895355,0.0020533718308145543
2025-08-31,morning_ramp,8,0.017088640057163457,0.014912893436568347,0.17602574726780423,0.17602574726780423,0.009374250775176542,0.00583528756727797,0.1426551238981477,0.1426551238981477,0.05248949274724638,0.03337062336965663,0.009006074473544838,0.004707791474042962,0.030359993154599592,0.030359993154599592
2025-09-01,morning_ramp,9,0.027915214850740944,-0.02736645683926131,0.22965877807571397,0.22965877807571397,0.010693461528332665,0.003108503748574158,0.07416780104834592,0.07416780104834592,0.15549097702736803,0.15549097702736803,0.0233112578598604,0.014270601112269462,0.05557573059567425,0.05557573059567425
2025-09-02,morning_ramp,9,0.052431373488202815,-0.052431373488202815,0.27807339194362724,0.27807339194362724,0.007182462187153273,-0.001854951102542371,0.26305144819295645,0.26305144819295645,0.02452203192608357,0.015021943750670745,0.02422775386785074,0.018551702551028476,0.023063659297013088,0.023063659297013088
2025-09-03,morning_ramp,9,0.02138885159919754,-0.0192578121009436,0.25255539929111775,0.25255539929111775,0.007846625936989628,-0.0011162754821376656,0.10715718662376542,0.10715718662376542,0.1468688140092984,0.1453982126673523,0.025438352612025546,-0.025438352612025546,0.021260866503868575,-0.014760889220609044
2025-09-04,morning_ramp,9,0.026797536792216026,-0.026665168645676918,0.22165453761721626,0.22165453761721626,0.008418614119881755,0.0017391070590646708,0.23998086367503169,0.23998086367503169,0.04354114305813596,-0.018326326057815406,0.02579285379388236,-0.019103879342451897,0.025839182645171023,-0.020026204808551433
2025-09-05,morning_ramp,9,0.010924755140679004,0.008074018633759089,0.40098208119195144,0.40098208119195144,0.011895600983672299,-0.004340623274189506,0.25934733161546875,0.25934733161546875,0.14163474957648262,0.14163474957648262,0.018432746541191775,0.016344573283770585,0.07558282530095053,0.07558282530095053
2025-09-06,morning_ramp,9,0.057435941359668424,0.057435941359668424,0.21252941947281065,0.09713121996418862,0.012442167469546999,0.0018447385932232893,0.11825559825338086,0.0026955764940894064,0.09742812785314732,0.09443564347009924,0.027321705886408053,0.025194698795267118,0.03594286080269936,0.03585178099855761
2025-09-07,morning_ramp,9,0.01366240892638354,-0.011772437244674028,0.04778674178209481,0.03784457906165134,0.014612172293057064,0.001845922017049969,0.04126625181917297,0.03320687257645473,0.050549203637647276,0.004637706485196638,0.02902535406118458,0.023369114135831072,0.01682894427297678,0.00042055376359002167
2025-09-08,morning_ramp,9,0.017795187912199334,-0.015304738214733354,0.20049566471500213,-0.10082849898178882,0.009871727087500342,0.005853696382359571,0.15463794760089702,-0.12862620422959217,0.046689532572720224,0.027797705247803325,0.017808950692998624,0.013870603858853863,0.01915932494025714,-0.004166396988595972
2025-09-09,morning_ramp,9,0.013689583843884912,-0.002067485255710544,0.230781408982106,0.230781408982106,0.008708684448953013,0.003342164208574005,0.22173189847107105,0.22173189847107105,0.044389964755445474,0.009049510511034968,0.03623209835204071,0.03623209835204071,0.08570613952789924,0.08570613952789924
2025-09-10,morning_ramp,9,0.07390481797575207,-0.07390481797575207,0.4893146764963598,0.4893146764963598,0.007121932249944545,-0.0007741345046927937,0.37252932894082835,0.37252932894082835,0.11678534755553156,0.11678534755553156,0.0449362682582475,0.0449362682582475,0.09182816630532897,0.09182816630532897
2025-09-11,morning_ramp,9,0.02434521964027611,0.02434521964027611,0.3815489470426117,0.3815489470426117,0.016337165927225873,-0.0012323825086879622,0.3103274768480736,0.3103274768480736,0.07122147019453816,0.07122147019453816,0.009979243333679211,0.0003666860642203506,0.03915256920371011,0.03915256920371011
2025-09-12,morning_ramp,9,0.013313518050075523,0.0038960942204813165,0.06876481382190061,0.04265839654446188,0.011358195074826325,0.00644400571930911,0.07593316258415794,0.04951563633184045,0.04192200011068631,-0.006857239787378601,0.006848649007007162,-0.006848649007007162,0.025197109473432604,0.023577835034446642
2025-09-13,morning_ramp,9,0.008269064412599975,0.0027735948056256954,0.31222288351328326,0.31222288351328326,0.011663430761083834,-0.0065221993528937205,0.23583270017946897,0.23583270017946897,0.07855339442794909,0.07639018333381437,0.018537019329475303,0.01853140902392663,0.06053984290447224,0.06053984290447224
2025-09-14,morning_ramp,9,0.048522130114092094,0.048522130114092094,0.36721807897620606,0.36721807897620606,0.00799722757656185,-0.00022651608652768298,0.09622682117753753,0.09622682117753753,0.27114782038788626,0.2709912577986686,0.004188487566693849,-0.004182000650903187,0.04470791129021169,0.04470791129021169
2025-09-15,morning_ramp,9,0.012000355907588967,0.008498297990877812,0.4746537208433365,0.4746537208433365,0.0140507910940929,-0.002919857224499986,0.3551858144558091,0.3551858144558091,0.11946790638752744,0.11946790638752744,0.02813484954686893,0.016408960306044024,0.07428842261764247,0.07033219293456128
2025-09-16,morning_ramp,9,0.01404636421237096,0.013361731613384359,0.17336882928538633,0.17336882928538633,0.011656286387611705,0.004472640776631742,0.16429144256865635,0.16429144256865635,0.0128284019421635,0.009077386716729922,0.020979343124656557,0.02097224258169652,0.05428799015020526,0.05428799015020526
2025-09-17,morning_ramp,9,0.10134885482142819,0.10134885482142819,0.13257441292895922,0.13257441292895922,0.04699862534404247,0.03919083324077257,0.10880845733658365,0.10880845733658365,0.05114494795809703,0.023765955592375584,0.019637910301866242,0.019633877894753134,0.010687018443054096,-0.00726613463475027
2025-09-18,morning_ramp,9,0.03202081891905531,0.025211310559352412,0.07287164514455388,0.05194915019408972,0.01181780182469657,-0.0030506474726034504,0.0864133448406168,0.0864133448406168,0.04062062837595451,-0.03446419464652699,0.015360183812538794,-0.015360183812538794,0.023958283879466042,-0.016439948478098033
2025-09-19,morning_ramp,9,0.15505569621171272,-0.15505569621171272,0.12946656663806658,0.12946656663806658,0.05654973223553854,0.05654973223553854,0.13059945388428976,0.13059945388428976,0.02624663108564346,-0.0011328872462232024,0.004730320357261807,0.0010155967958462688,0.03922313632818957,0.03922313632818957
2025-09-20,morning_ramp,9,0.11825515994825977,-0.11825515994825977,0.06202026228112852,-0.015171055152831639,0.006681830077958362,0.0011427929419575884,0.03456084092570536,-0.03285320417432779,0.044455316048985116,0.017682149021496205,0.035921559173819236,-0.035921559173819236,0.020776101040053504,-0.013543014611425836
2025-09-21,morning_ramp,9,0.05537678390125694,-0.05537678390125694,0.049210532137119206,0.04159953903317387,0.006710100758262189,0.0014043296076524034,0.06320644743006415,0.06008685456192891,0.021004677160649833,-0.018487315528755086,0.028996338262175077,-0.028996338262175077,0.04549199532115099,-0.04549199532115099
2025-09-22,morning_ramp,9,0.0336276454926053,-0.0336276454926053,0.4030796341789618,0.4030796341789618,0.0050661935714766005,-0.00045022702028107466,0.26155726603550106,0.26155726603550106,0.14152236814346078,0.14152236814346078,0.0391090893357079,0.0391090893357079,0.07393975089389479,0.07393975089389479
2025-09-23,morning_ramp,9,0.011980632177144346,-0.003646698606637744,0.3927731084114393,0.3927731084114393,0.009725114024529156,-0.00016883513260539454,0.3631471886734739,0.3631471886734739,0.07111307733811731,0.029625919737965314,0.0072519773793423125,0.0021195997345961875,0.01954100103961535,0.008392534965182833
2025-09-24,morning_ramp,9,0.0429284801600161,0.0429284801600161,0.10794880950278574,-0.055874654688189584,0.007543494115312835,0.002758341787415136,0.05499458183575346,-0.05319490100896796,0.08024897778849938,-0.0026797536792216303,0.02448100656675887,0.011656724692732656,0.05007066210655022,-0.04839361905261776
2025-09-25,morning_ramp,9,0.014319428302747655,0.012701205796052079,0.14205885361155268,0.14205885361155268,0.0068153816483240235,0.000503086617872477,0.128899268319969,0.128899268319969,0.01639708223726519,0.013159585291583651,0.01826049262864269,-0.004627450145365475,0.043027449456335576,-0.043027449456335576
2025-09-26,morning_ramp,9,0.03728223359142102,0.03728223359142102,0.19565721448439208,0.19565721448439208,0.00835199174149125,0.0017789928250747647,0.17342826345979254,0.17342826345979254,0.033361901097748906,0.022228951024599448,0.028194020738202614,-0.018181992181473376,0.04595300464740839,-0.04535568242852304
2025-09-27,morning_ramp,9,0.022357944221706783,-0.02234304184759317,0.08253009296018049,0.0703987714824397,0.00528854575935489,-0.002949311328630532,0.051309005564883686,0.03391977585574521,0.037756479732332336,0.036478995626694474,0.027989989704381726,0.027989989704381726,0.043065713493397995,0.043065713493397995
2025-09-28,morning_ramp,9,0.011332817208320856,-0.006165199831847379,0.05732149989257795,0.033207354712087786,0.007479983703281359,-0.00533561972934922,0.059473709528175836,0.059234131949042645,0.04232848427989254,-0.02602677723695483,0.06268964186190462,0.06268964186190462,0.058701065260894456,0.058701065260894456
2025-09-30,morning_ramp,9,0.03449899607313364,0.03449899607313364,0.12381370166214462,0.04599455597287827,0.008799632761558459,-0.00045079681693836575,0.1008387114911079,0.05583178844735669,0.062113971915996255,-0.009837232474478406,0.022001733649878136,0.011527293190504249,0.006136096371813518,-0.0018693713410229268
2025-10-01,morning_ramp,10,0.03825132621393007,-0.032524431503073103,0.1589169451750753,0.1589169451750753,0.007651886971733717,0.00049936102434408,0.1166852824964095,0.1166852824964095,0.042782349232677874,0.04223166267866586,0.05856348128341559,-0.05856348128341559,0.08735267654541076,-0.08735267654541076
2025-10-02,morning_ramp,10,0.025873151292047897,-0.002841093794258037,0.21921975267011606,0.21921975267011606,0.006641462176315122,-0.0010822630047488376,0.2179775959572301,0.2179775959572301,0.06912325974984629,0.0012421567128860223,0.025690991683764233,0.024823848832397355,0.03935379508475671,0.03935379508475671
2025-10-03,morning_ramp,10,0.010287021189638451,-0.006109973386602324,0.15462190563346878,0.14855690235227986,0.011034112268366196,-0.002094178037578765,0.11260672185405991,0.11260672185405991,0.08222038656168884,0.03595018049821989,0.06183884779155068,0.05364140243572055,0.1084549642565051,0.1084549642565051
2025-10-04,morning_ramp,10,0.020089276915461918,-0.0010230041523909272,0.11894855864966628,0.11894855864966628,0.01291777235633339,-0.00440124087242245,0.11987105943781418,0.11987105943781418,0.0253204047039671,-0.0009225007881479477,0.021193455176260225,-0.006813891410912674,0.054529934576991776,-0.054529934576991776
2025-10-05,morning_ramp,10,0.0287983996695359,0.005764588951262362,0.09044724219113744,0.09044724219113744,0.005866714044452987,-0.002187580858861775,0.07383613556329274,0.07383613556329274,0.022689609706760087,0.016611106627844683,0.0208675753188041,-0.00865139796963965,0.07116470968136997,-0.07116470968136997
2025-10-06,morning_ramp,10,0.05783655224025347,0.05783655224025347,0.07087639257278262,0.049407681780540585,0.011214168012068955,-0.002718587512941333,0.13980890193397402,0.13980890193397402,0.09216180416342662,-0.09040122015343346,0.03321480589914463,-0.0038067238063114574,0.024449185614975014,-0.010984715281230614
2025-10-07,morning_ramp,10,0.021997657412253013,0.020826506128967248,0.13202933668049593,0.05123602776223882,0.010301222275558564,0.0026751514754512,0.035674924882238085,-0.01435751701776181,0.09795369952372662,0.06559354478000064,0.018124837193696244,0.018124837193696244,0.019134604531433293,-0.007713512671744936
2025-10-08,morning_ramp,10,0.0693302274279777,-0.06886211755876018,0.1587088817341413,0.1587088817341413,0.006815863783957127,-0.0008781443099037476,0.1382144793953482,0.1382144793953482,0.020494402338793093,0.020494402338793093,0.0264095929296276,0.013993723767340012,0.037878328555967594,-0.004290656490396644
2025-10-09,morning_ramp,10,0.01968121484782004,0.0029826663483379368,0.12702660969053867,0.12702660969053867,0.008046186258576428,-0.0018566166620021043,0.08844992958529747,0.08844992958529747,0.04144565010519423,0.03857668010524119,0.02134291722251792,0.005119666796237395,0.025390665014861823,-0.005956040628110757
2025-10-10,morning_ramp,10,0.04274439200920013,0.026968037484281088,0.10562715110741304,0.10562715110741304,0.09559859844762242,0.09559859844762242,0.09228803603827179,0.09228803603827179,0.016087112855700955,0.013339115069141195,0.052135517531534795,-0.05079956352275686,0.05381777641640704,-0.051576547010736065
2025-10-11,morning_ramp,10,0.039338322913985785,-0.039338322913985785,0.11886922542276701,-0.11886922542276701,0.013560152341656554,0.002843066167302526,0.09537799948022807,-0.09537799948022807,0.03369663471864907,-0.023491225942538968,0.026062279951754995,0.02314965476175133,0.04084113968232464,0.03927419887478491
2025-10-12,morning_ramp,10,0.08651836274760596,-0.08651836274760596,0.18755176937345774,0.18755176937345774,0.006027396701807943,-0.00030646294059629136,0.0938885948485915,0.0938885948485915,0.09366317452486626,0.09366317452486626,0.03538288218012237,0.03538288218012237,0.12274572740434012,0.12274572740434012
2025-10-13,morning_ramp,10,0.04569681530418959,-0.04292585032928989,0.14027210278583657,-0.00746275831202646,0.0151790761365457,0.007344635081919638,0.10790852926216664,-0.02437107964241457,0.05049248695499116,0.016908321330388117,0.017844015102677836,-0.0025966071977697996,0.03591007557964933,0.03591007557964933
2025-10-14,morning_ramp,10,0.07239661005442483,-0.07239661005442483,0.16468227924504322,0.16468227924504322,0.02244293158466684,-0.02014156671639603,0.17470272326009556,0.17470272326009556,0.046139415815365514,-0.01002044401505232,0.056581421695786116,0.03740443305915305,0.08622145485864735,0.08622145485864735
2025-10-15,morning_ramp,10,0.043102048987928104,-0.043102048987928104,0.025514135567444734,0.017115946466201144,0.010144615855828813,3.940363037702437e-05,0.07740529799402754,0.07740529799402754,0.060289351527826385,-0.060289351527826385,0.06270046799839313,-0.061925982849603545,0.0969726411714144,-0.0969726411714144
2025-10-16,morning_ramp,10,0.03693421932535498,-0.03693421932535498,0.2000301846765106,-0.2000301846765106,0.01041255177629009,0.0028887813914218047,0.22322748320491367,-0.22322748320491367,0.04374258809174303,0.02319729852840298,0.04067120878691669,0.038871527960131186,0.044905499238754074,-0.0020043693182878845
2025-10-17,morning_ramp,10,0.06877577144992533,-0.06877577144992533,0.1357333217664473,0.1357333217664473,0.02874440047862995,-0.028419265739879462,0.09040122015343345,0.09040122015343345,0.04702799178714878,0.04533210161301375,0.07116506032546674,0.07109072377694681,0.10357965256521968,0.10357965256521968
2025-10-18,morning_ramp,10,0.05967305069720208,0.058105671584541385,0.07811618506976142,-0.05893288483938609,0.005864785501920601,-0.0010557017144168356,0.020155110344634634,-0.011412501079316965,0.06030802332598055,-0.04752038376006916,0.04180703267745056,-0.025990003437303785,0.0391136038784541,-0.031872277313551856
2025-10-19,morning_ramp,10,0.02418699149159864,0.008764787504439653,0.12905968799425138,0.12905968799425138,0.01299487022711559,0.007343626980141351,0.09897727347277487,0.09897727347277487,0.05110948907380897,0.03008241452147657,0.042151452841524634,-0.03263015069825592,0.04207803673375881,-0.011280001441241694
2025-10-20,morning_ramp,10,0.06060006602809623,0.06060006602809623,0.06217761381956402,0.06217761381956402,0.0341328798055706,-0.020094229763329113,0.11261088575270936,0.11261088575270936,0.050433271933145396,-0.050433271933145396,0.06730354837903146,0.06730354837903146,0.07488714741291495,0.07488714741291495
2025-10-21,morning_ramp,10,0.01261310646673297,0.002347123922902261,0.0907907419144574,-0.03197817183078307,0.04205638446078189,0.0417801645735339,0.06009583981690925,0.06009583981690925,0.09441052858666653,-0.0920740116476923,0.030429289194228104,0.009149137265035981,0.023545312794469152,-0.015060865245414685
2025-10-22,morning_ramp,10,0.0625996139900531,-0.0625996139900531,0.05861379871130531,0.044322947902446105,0.11456669086359156,0.11456669086359156,0.025341925485407722,0.020264423641809592,0.033855607986032245,0.024058524260636503,0.017617674338198542,-0.0011658039608095816,0.019091387646503685,-0.01393464023703054
2025-10-23,morning_ramp,10,0.06656276889404605,-0.06656276889404605,0.03858961010631041,0.037086311202338434,0.064527762047801,0.06267311775884335,0.030994439817232808,0.030329092643569793,0.018374583451636423,0.006757218558768662,0.03254367309788454,0.03247783966871183,0.02441473483246518,0.017239855323905047
2025-10-24,morning_ramp,10,0.040218001291812994,0.040218001291812994,0.087262473351511,0.087262473351511,0.040467353075144256,0.0356170686062674,0.057244402021795815,0.057244402021795815,0.03433099372025813,0.030018071329715203,0.04014576860787379,-0.027079892951157824,0.035385731163408804,-0.006836990090788843
2025-10-25,morning_ramp,10,0.020134860648044872,-0.019915708087549833,0.17216160549064313,0.17216160549064313,0.014761152203681625,0.001554755925176213,0.14422149490903013,0.14422149490903013,0.04836416494848725,0.027940110581613036,0.030169944054138247,0.014959529101441733,0.04439145499285686,0.03747245801393077
2025-10-26,morning_ramp,10,0.04434771214178207,-0.04265673098500211,0.05577840288362014,0.03979753518924718,0.01611932828209375,0.005088415641110799,0.0846942244950693,0.0846942244950693,0.06274123037464518,-0.04489668930582216,0.04264266139061825,0.022038112974920324,0.05642551656424995,0.05119601050469243
2025-10-27,morning_ramp,10,0.017707965193122427,-0.00909526956566628,0.03624095211548481,0.0066267789547619915,0.009664145782199422,0.004936148442078824,0.1282248482303015,0.12443526215422075,0.12314020201323118,-0.1178084831994588,0.023188707748031535,0.0221018863700244,0.062857994858877,0.062857994858877
2025-10-28,morning_ramp,10,0.03220315384938738,0.03220315384938738,0.09023238502082809,0.052486775255496304,0.013190573463637657,-0.0015900394874159285,0.09085451530956147,0.07662362464125368,0.04654511103535397,-0.024136849385757466,0.03709722499985105,0.03709722499985105,0.04665994697705341,0.04665994697705341
2025-10-29,morning_ramp,10,0.030458261162725597,-0.026466178120747474,0.2998003082826446,0.2998003082826446,0.009712140192947846,0.003629254062822505,0.3000869598317721,0.3000869598317721,0.02380137064615157,-0.0002866515491275687,0.03749682777865779,-0.03308467310872271,0.026275866037213498,-0.023398743562010056
2025-10-30,morning_ramp,10,0.08753654554366619,0.08753654554366619,0.05283009965676784,0.013395349616164287,0.07626688810327983,0.07626688810327983,0.07494710755346642,0.07494710755346642,0.06155175793730216,-0.06155175793730216,0.024657029903348518,-0.001041062323375795,0.03308414714257749,-0.02371388494400195
2025-10-31,morning_ramp,10,0.046650128942343216,0.033196791558671945,0.10035442816292596,0.0029833676365315157,0.01244637519870852,0.001880591952120288,0.08817778593567469,0.016638500697906573,0.039190789410260475,-0.013655133061375118,0.04686717763825751,0.04686717763825751,0.07057852041255774,0.07057852041255774
2025-11-01,morning_ramp,11,0.03992389855562847,-0.032280733855802574,0.26665593801644305,0.26665593801644305,0.013843998738009757,0.006161035933197844,0.30331871498036866,0.30331871498036866,0.050902959700798375,-0.036662776963925656,0.0291497012240095,0.02795225163346445,0.05504121750062681,0.05504121750062681
2025-11-02,morning_ramp,11,0.024840066121873977,-0.014177855748668061,0.08821534868454359,0.08157634101690597,0.011648133912361283,-0.009498860921074057,0.13528397135640813,0.13528397135640813,0.059213619269380305,-0.053707630339502196,0.025623887169740633,0.01130945554537217,0.01469378470658544,0.008537000333061182
2025-11-03,morning_ramp,11,0.035779723636666816,0.03537472970487193,0.37518580861812534,0.37518580861812534,0.010380555502457789,0.0003868480997858883,0.36895648474707715,0.36895648474707715,0.03154942176143052,0.006229323871048119,0.0205644434971273,-0.0026722148311405748,0.16875330103931177,-0.033366897776128265
2025-11-04,morning_ramp,11,0.023885875873478457,0.023885875873478457,0.06506889355017546,0.056325057030519016,0.00883561761199176,8.844997341580021e-05,0.09897433682846424,0.09158924618387722,0.036279566796643986,-0.035264189153358244,0.03731067959377325,0.005420475600772906,0.041280102260996245,0.041280102260996245
2025-11-05,morning_ramp,11,0.014768252746641647,-0.014521925268645236,0.16960093931279457,0.16960093931279457,0.007955895403652475,-0.0007883794211249722,0.20839238892732095,0.20839238892732095,0.039858810245161545,-0.03879144961452635,0.021996123344329512,-0.019955287039975223,0.02448442534670263,-0.021266389148393045
2025-11-06,morning_ramp,11,0.04834812298105892,-0.04538167392219758,0.18086503027814435,0.18086503027814435,0.004878555149180718,-0.0008502681042087592,0.18047870814450362,0.18047870814450362,0.010042797576222773,0.0003863221336406759,0.023064579737767165,0.006200001258453873,0.042720723532666614,0.0349623722470444
2025-11-07,morning_ramp,11,0.03882725914291141,-0.0006491298841865834,0.27179673111951225,0.27179673111951225,0.037513658695303806,-0.03145926239804286,0.22022246329540518,0.22022246329540518,0.05157426782410689,0.05157426782410689,0.044474382321748156,0.044474382321748156,0.1621114443883877,0.1621114443883877
2025-11-08,morning_ramp,11,0.02450607761967949,0.02367768094100814,0.5418410745347937,0.5418410745347937,0.06685774824047246,-0.05561855300599498,0.49671322310816124,0.49671322310816124,0.04553030318872553,0.04512785142663238,0.05372652129021682,0.05372652129021682,0.18800431941088008,0.18800431941088008
2025-11-09,morning_ramp,11,0.02680849442024069,0.02680849442024069,0.15808780337769818,0.15808780337769818,0.013342227035500248,0.0028421895570605576,0.1267955352307527,0.1267955352307527,0.046460868791099674,0.03129226814694562,0.03323154915476646,0.03323154915476646,0.12478047126751257,0.12478047126751257
2025-11-10,morning_ramp,11,0.028712053560700862,0.028712053560700862,0.17963426949840405,0.17963426949840405,0.011088681255929465,-0.005157010392545736,0.22784984901087552,0.22784984901087552,0.05695792579471664,-0.04821557951247159,0.039856443397508136,0.016346457995790802,0.0812518199053249,0.0812518199053249
2025-11-11,morning_ramp,11,0.017455501443432248,0.015527835521317729,0.21026697609928363,0.21026697609928363,0.04720747773419428,-0.04407929408568766,0.24276405736280693,0.24276405736280693,0.03850501721795928,-0.0324970812635233,0.03512060039572183,0.005271583351172525,0.05047122915662313,0.05047122915662313
2025-11-12,morning_ramp,11,0.021675064843204195,0.01360586756577592,0.38498530302168654,0.38498530302168654,0.04102663040952764,-0.03210238750207167,0.35261121017511293,0.35261121017511293,0.03636477331216448,0.032374092846573485,0.039743755150901595,0.030186161343614872,0.10658199881349006,0.10658199881349006
2025-11-13,morning_ramp,11,0.027483046001444633,-0.01155766773538891,0.1769020068656878,0.1769020068656878,0.009618649710640637,-0.004594884074875884,0.2282530897221865,0.2282530897221865,0.05603384710813314,-0.05135108285649873,0.026207227455266408,0.021702152099681394,0.0562632121779473,0.0562632121779473
2025-11-14,morning_ramp,11,0.013110144473936047,0.00938630416600389,0.32540697006113023,0.32540697006113023,0.06550250880637096,-0.06270375528680054,0.3142884402264614,0.3142884402264614,0.0323954383059657,0.011118529834668895,0.027368604534353982,0.004117832781190206,0.05792736906132264,0.05792736906132264
2025-11-15,morning_ramp,11,0.01917847887404442,-0.017855674018896123,0.3353039435235996,0.3353039435235996,0.06931392247747697,-0.056643924006039306,0.29304729745303737,0.29304729745303737,0.04225664607056226,0.04225664607056226,0.022290839707683262,-0.0015571666033416627,0.07852161730667728,0.07852161730667728
2025-11-16,morning_ramp,11,0.032743584063568254,-0.032743584063568254,0.12882541390708221,0.11870749083312165,0.010939569853768615,0.004163548005309506,0.13296511811380982,0.1214227910576555,0.032548450623703346,-0.002715300224533909,0.026937180803763387,0.026937180803763387,0.0553377747454887,0.0553377747454887
2025-11-17,morning_ramp,11,0.06293404079736875,-0.06293404079736875,0.16759744660474857,0.16759744660474857,0.007986445270585464,-0.00018496476105782887,0.2107577025127442,0.2107577025127442,0.04662540853351936,-0.04316025590799559,0.03748731655753228,0.024019690426916738,0.06957024331223204,0.06957024331223204
2025-11-18,morning_ramp,11,0.056224466005251716,-0.056224466005251716,0.29281109482333595,0.29281109482333595,0.07321637212221266,-0.07012728529049836,0.23420220512938558,0.23420220512938558,0.05860888969395018,0.05860888969395018,0.019701859019018744,-0.016266861785819056,0.06602610810390577,0.06602610810390577
2025-11-19,morning_ramp,11,0.055028769635190655,-0.029547463121308182,0.25303451061887205,0.25303451061887205,0.04449840144237842,-0.03867472896080666,0.2557874174227869,0.2557874174227869,0.02341855495347879,-0.0027529068039148325,0.027847540540059897,0.027614537537741547,0.12310803041735056,0.12310803041735056
2025-11-20,morning_ramp,11,0.019291561595260076,0.019291561595260076,0.04235149529874458,-0.013549238544143867,0.015609535595870137,0.004248228554684813,0.03396426382552569,-0.0016059499633078803,0.02258595054564592,-0.01194328858083606,0.02085574108053735,0.00504476045106015,0.028291149153014058,0.02689979337694298
2025-11-21,morning_ramp,11,0.016881321734935173,0.008386091879904412,0.06931146796879945,0.06500301629049057,0.07049033342221453,-0.05783208152801937,0.06999688951700371,0.059264550324439294,0.031021307921149523,0.005738465966051245,0.02420833695099091,0.0006070087620592135,0.0472416655336315,0.0472416655336315
2025-11-22,morning_ramp,11,0.018390844571625264,0.018390844571625264,0.4631382180605868,0.4631382180605868,0.06928994718735884,-0.05769984487301666,0.453305237145782,0.453305237145782,0.01924532040499538,0.00983298091480482,0.02564413686633039,0.02564413686633039,0.12525931961219433,0.12525931961219433
2025-11-23,morning_ramp,11,0.10517043717134145,0.10517043717134145,0.446787333183074,0.446787333183074,0.010143826906611019,-0.007526970012251508,0.4304594593244131,0.4304594593244131,0.021570266088775488,0.01632787385866087,0.021286726506006954,0.0003161056532580697,0.06073865810735337,0.06073865810735337
2025-11-24,morning_ramp,11,0.06674291229877313,0.06646239702133946,0.45771208832375326,0.45771208832375326,0.00936482721507526,0.005200314938499583,0.45288314931426843,0.45288314931426843,0.01885347562683022,0.00482893900948462,0.02464203986821065,0.02464203986821065,0.0816723736689149,0.0816723736689149
2025-11-25,morning_ramp,11,0.02995333366334499,-0.021429175670328676,0.4787128645688263,0.4787128645688263,0.0705620839705206,-0.056575066271531756,0.4637198051256287,0.4637198051256287,0.021307896643350772,0.014993059443197485,0.027851835930245622,0.027851835930245622,0.049139877351615575,0.049139877351615575
2025-11-26,morning_ramp,11,0.03198093315304523,0.01683924444332008,0.36449423180181295,0.36449423180181295,0.06653874977341585,-0.06349980504754284,0.32131973097738514,0.32131973097738514,0.04317450082442768,0.04317450082442768,0.011936012715827614,-0.005474343300142612,0.030194050835792713,0.028427768859226668
2025-11-27,morning_ramp,11,0.04565210818184853,-0.03064191100842048,0.5040166575087077,0.5040166575087077,0.061934880443559645,-0.051735695600167546,0.4877108742281447,0.4877108742281447,0.016490835702644962,0.016305783280562935,0.018624329709576587,-0.00935522833292561,0.04012687765715909,0.04012687765715909
2025-11-28,morning_ramp,11,0.013070697013046861,0.011214913130774495,0.2938575921302119,0.2938575921302119,0.07433650468941508,-0.07273011642098623,0.2751648868217608,0.2751648868217608,0.01869270530845105,0.01869270530845105,0.021890579471195062,0.005606229311048512,0.08232777131633146,0.08232777131633146
2025-11-29,morning_ramp,11,0.12534912833148523,0.12534912833148523,0.15465806580595043,0.15465806580595043,0.06730832590485032,-0.06312549247421725,0.14711842877570225,0.14711842877570225,0.009730636669053608,0.007539637030248118,0.029347420664088165,0.019397193129418476,0.037845061197284466,0.01977382871988531
2025-11-30,morning_ramp,11,0.02848851794899593,0.02848851794899593,0.5568944009321273,0.5568944009321273,0.016423643527597225,0.004838976196755317,0.5309689598391454,0.5309689598391454,0.02594507716240223,0.025925441092981866,0.02378475888206604,0.016397476711874068,0.10290277796687464,0.10290277796687464
2025-12-01,morning_ramp,12,0.015057095821374183,-0.006185800172533867,0.10626392078718751,0.10626392078718751,0.011753064158326307,0.004472640776631755,0.1488393023417338,0.1488393023417338,0.0425753815545463,-0.0425753815545463,0.045379000260959715,-0.04535015978399857,0.09255570897566043,-0.09255570897566043
2025-12-02,morning_ramp,12,0.030941711711177655,0.02876070542913073,0.0686629078812703,0.0686629078812703,0.008700838787287304,-0.0009912270311191844,0.07714257790450603,0.07714257790450603,0.020415156772918042,-0.008479670023235722,0.030655717619731623,0.021663800401594772,0.057154461810968615,0.057154461810968615
2025-12-03,morning_ramp,12,0.04651819910092514,-0.04651819910092514,0.11385483951659152,0.11385483951659152,0.06485456234601125,-0.061288424220611294,0.11601629739024222,0.11601629739024222,0.013108215931403627,-0.0021614578736507545,0.08184467141197607,0.08184467141197607,0.19633658742192675,0.19633658742192675
2025-12-04,morning_ramp,12,0.050527814347742867,0.050527814347742867,0.0890341903115773,0.0890341903115773,0.011867154981320037,-0.000998765879200201,0.12192009204793097,0.12192009204793097,0.03354353473988725,-0.03288590173635364,0.03774091990053717,-0.021704913421943688,0.03120749993654616,-0.016591514388936468
2025-12-05,morning_ramp,12,0.014395255088679088,-0.010436483235896049,0.4657447309540909,0.4657447309540909,0.07048353969283919,-0.06874259175226635,0.457442837487929,0.457442837487929,0.008351246622785573,0.008301893466162072,0.020731262426176143,0.020731262426176143,0.07463687518882957,0.07463687518882957
2025-12-06,morning_ramp,12,0.009318366872250267,-0.0036335494530081724,0.4976773190522912,0.4976773190522912,0.04951616229798561,-0.0440284068611407,0.47933442506090235,0.47933442506090235,0.019205829113594166,0.018342893991388786,0.052195696824646705,0.050669869037455836,0.17438534652198667,0.17438534652198667
2025-12-07,morning_ramp,12,0.02287558256959632,0.02287558256959632,0.05788533560021966,0.057760593962785906,0.013619761838111187,-0.0005062862452556872,0.054526910271656986,0.053447803063779276,0.008762464487298498,0.004312790899006624,0.03861371688796484,-0.02141085451627139,0.03301831371340477,0.0318404125312559
2025-12-08,morning_ramp,12,0.02354838093031597,0.018130929634877835,0.2306397049364899,0.2306397049364899,0.010911167681928452,7.100542960070469e-06,0.2142163682224773,0.2142163682224773,0.016423336714012512,0.016423336714012512,0.025236074798688595,-0.002638377675800144,0.055297538335381806,0.055297538335381806
2025-12-09,morning_ramp,12,0.01747347195339291,0.011398562976469434,0.1268409436412872,0.1268409436412872,0.035341243193628295,-0.028743436207363776,0.12571423649727004,0.12571423649727004,0.0069879862049699315,0.0011267071440172328,0.06059195738335791,0.06059195738335791,0.1360381191475838,0.1360381191475838
2025-12-10,morning_ramp,12,0.02020849590837115,-0.016402254237692815,0.06086826493163009,0.06086826493163009,0.007023357428233864,0.00245332525371811,0.04803824126051899,0.03414835197634154,0.027251927711146436,0.026719912955288597,0.031784616289353806,0.03135858371175138,0.05486313412996848,0.05486313412996848
2025-12-11,morning_ramp,12,0.010644239863245392,0.005317956032973331,0.13927706250016458,0.13927706250016458,0.11446395214323146,0.11446395214323146,0.1449070479487708,0.1449070479487708,0.0071289013013682845,-0.005629985448606207,0.03184716243011912,-0.029655812147216843,0.03206412346500923,-0.03206412346500923
2025-12-12,morning_ramp,12,0.028794893228568152,0.00027700883646586405,0.48695072165681164,0.48695072165681164,0.008461085886105689,-0.0007178999576697292,0.44515714494657543,0.44515714494657543,0.04179357671023618,0.04179357671023618,0.02584768576451822,0.004467687928764558,0.0627861128190346,0.0627861128190346
2025-12-13,morning_ramp,12,0.03674574812332909,-0.0348040564373428,0.2634786203638735,0.2634786203638735,0.04721615617558987,-0.043758016432001876,0.19242602913245277,0.19242602913245277,0.07105259123142067,0.07105259123142067,0.02913238817173042,0.02913238817173042,0.12792794034134275,0.12792794034134275
2025-12-14,morning_ramp,12,0.021450214316136307,-0.006053432025994676,0.4486431170653462,0.4486431170653462,0.00821874698471026,0.0011405575858405362,0.3960376049525737,0.3960376049525737,0.05260551211277251,0.05260551211277251,0.04317318590906476,-0.011229946996424607,0.09781195164759837,0.09781195164759837
2025-12-15,morning_ramp,12,0.020418444061325508,0.019963483345737748,0.10216305041417957,0.10216305041417957,0.00961391601533395,0.0009716786227230295,0.0676445059326497,0.0676445059326497,0.03451854448152983,0.03451854448152983,0.0331115412126393,0.031204300309162814,0.04996143647039949,0.04393333848039794
2025-12-16,morning_ramp,12,0.014654731720305292,-0.0006649088685420357,0.2065664974543002,-0.20480433554587144,0.05650638385907262,0.05650638385907262,0.24863603106871185,-0.24863603106871185,0.05098693896198013,0.04383169552284034,0.03505673933959358,0.03505673933959358,0.05827025515747322,0.05827025515747322
2025-12-17,morning_ramp,12,0.008148968809448626,0.005551572662461063,0.11318922935985586,0.02496489542033202,0.010180250062165304,0.004344918664375223,0.10293157461332364,0.006342275100727268,0.019743629497049053,0.018622620319604676,0.019764317498759787,0.014498344453135924,0.06350142677649052,0.06350142677649052
2025-12-18,morning_ramp,12,0.03801595636395866,0.03801595636395866,0.41866392339986297,0.41866392339986297,0.03640930511245706,-0.03144672687158254,0.3711379293342451,0.3711379293342451,0.04752599406561775,0.04752599406561775,0.013159672952607842,0.009640170492081244,0.044561254396728436,0.043777740162446455
2025-12-19,morning_ramp,12,0.014564440865381306,-0.0019053123609440725,0.22374740073943217,0.22374740073943217,0.011817012875478771,-0.006230375803338489,0.18782031892108836,0.18782031892108836,0.03592708181834372,0.03592708181834372,0.05034403301051179,-0.05034403301051179,0.04005920334647823,-0.0008716573941130665
2025-12-20,morning_ramp,12,0.02554617567178913,-0.02554617567178913,0.1415223243129487,0.1415223243129487,0.017429378458221175,-0.005222580838645876,0.10763064381545896,0.10763064381545896,0.03539313851995352,0.03389168049748971,0.018058784611962996,0.017599528506189517,0.11399273030765497,0.11399273030765497
2025-12-21,morning_ramp,12,0.021655779417880716,-0.01579914639121055,0.1303735075944195,0.1303735075944195,0.012771290784898498,-0.0011077285322783651,0.08992180201209447,0.08992180201209447,0.040451705582324846,0.040451705582324846,0.03852583671120631,0.035594364401000084,0.1335417085004723,0.1335417085004723
2025-12-22,morning_ramp,12,0.0888821422651058,-0.0888821422651058,0.17225671770189788,0.17225671770189788,0.0168194330518513,-0.014058373772686025,0.14915917741903245,0.14915917741903245,0.023097540282865633,0.023097540282865633,0.021433602552050755,-0.006266930450429068,0.12312963885981534,0.12312963885981534
2025-12-23,morning_ramp,12,0.06125445557373474,-0.06125445557373474,0.06835381510994812,0.05824325556202023,0.02461227895049542,-0.01674049429956096,0.04942284713772677,0.03135766327099732,0.026885592291022838,0.026885592291022838,0.031685909976106846,0.0006618845632071942,0.0701232967138974,0.06526424614260073
2025-12-24,morning_ramp,12,0.01083972394720703,-0.001951772703768978,0.25643843201899347,0.25643843201899347,0.018109628005997865,-0.005241866263969426,0.22597828614424764,0.22597828614424764,0.032218889003230854,0.03046014587474583,0.028651435962467935,0.027229223505879134,0.05767753514235828,0.05731794962109796
2025-12-25,morning_ramp,12,0.07344591251407506,-0.07344591251407506,0.3443672168154337,0.3443672168154337,0.012852815537402664,-0.004184981125725906,0.31426564836017,0.31426564836017,0.030619469786225775,0.030101568455263822,0.03591730761414562,0.03591730761414562,0.15357466320788704,0.15357466320788704
2025-12-26,morning_ramp,12,0.03866508624814505,-0.0316425615996411,0.041436051223044584,0.021606601583305518,0.012769756716975032,0.005168756969788304,0.03139491920628154,-0.0061292588119260805,0.02773586039523164,0.02773586039523164,0.013203634956243156,0.00788401336381007,0.10179895035017308,0.10179895035017308
2025-12-27,morning_ramp,12,0.024432880664474216,0.018579754078771854,0.07416271670894245,0.06652130522960042,0.012407979670109771,0.004459491623002047,0.052427428742114215,0.03114245545659121,0.03537884977300924,0.03537884977300924,0.020330607715079073,0.017874959444219726,0.09164087852712986,0.09164087852712986
2025-12-28,morning_ramp,12,0.025344117011012884,-0.01927797413650925,0.4141098455317511,0.4141098455317511,0.027729417309953076,-0.004117043831972439,0.3804023846766136,0.3804023846766136,0.03370746085513756,0.03370746085513756,0.02891148239075137,0.015417733274924818,0.21515030877428315,0.21515030877428315
2025-12-29,morning_ramp,12,0.029024565111966827,0.015666778244671387,0.3773005869963906,0.3773005869963906,0.008309125500658411,0.002811376707054957,0.33659313037596794,0.33659313037596794,0.04070745662042264,0.04070745662042264,0.017868121884332275,0.008387669778339825,0.11602155705169412,0.11602155705169412
2025-12-30,morning_ramp,12,0.02007744267719494,0.02007744267719494,0.08184703825962944,0.08184703825962944,0.025131714349380857,0.02060191858497199,0.0946825845752651,0.0946825845752651,0.013439530772360049,-0.012835546315635653,0.0132912959804412,0.00976425467183355,0.17195257777844297,-0.17195257777844297
2025-12-31,morning_ramp,12,0.029027633247813656,0.029027633247813656,0.05496854651156659,0.05496854651156659,0.028711527594555687,0.026518599413217835,0.0314478664648971,0.0314478664648971,0.025211135237304255,0.023520680046669497,0.01488694577340578,0.01095876761806797,0.04503953294475285,-0.03391929372011207
2025-01-01,midday,1,0.02933444683250691,0.02933444683250691,0.2516478008770834,0.2516478008770834,0.057668111582256966,0.051687350545322364,0.07672404034447254,0.07672404034447254,0.17492376053261094,0.17492376053261094,0.07420873874664635,0.07420873874664635,0.1307886263745091,0.1307886263745091
2025-01-02,midday,1,0.045971632615050356,0.045971632615050356,0.14157360601210453,0.09648664845326052,0.008341297096539095,0.0013711060794813577,0.1116855798117871,-0.1116855798117871,0.20978457748312196,0.20817222826504767,0.04691512821849375,0.04691512821849375,0.04280452747179994,0.04280452747179994
2025-01-03,midday,1,0.011673380287330282,0.002001739487561771,0.15107505293339243,0.1460895951652022,0.05186617903468634,0.05154823249992009,0.030769019493507584,-0.025834580441400613,0.17366556185229662,0.17192417560660284,0.062196986905911675,0.062196986905911675,0.08095232601615232,0.08095232601615232
2025-01-04,midday,1,0.04186427532625181,-0.04186427532625181,0.28319187531603773,0.27817205442636195,0.050610303371513315,0.04762570848064307,0.11558851159215588,0.05303886438589547,0.2251331900404666,0.2251331900404666,0.06660177804981415,0.06660177804981415,0.12202975598920272,0.12202975598920272
2025-01-05,midday,1,0.015897326738312373,-0.015883300974440656,0.22300451738986596,0.21753832656497377,0.011890034508635716,-0.008671121700084142,0.03666422337082496,0.0139223238631307,0.20361600270184305,0.20361600270184305,0.0800178156676891,0.0800178156676891,0.14449916120317735,0.14449916120317735
2025-01-06,midday,1,0.01323840849070585,-0.004965757945297603,0.18998713208639922,0.18998713208639922,0.009953255824596522,-0.0032138762842521614,0.07408912129453628,0.07408912129453628,0.11589801079186302,0.11589801079186302,0.07181937017926475,0.07181937017926475,0.11323815218054238,0.11323815218054238
2025-01-07,midday,1,0.013800913344616333,-0.01094754700697051,0.561553496707228,0.561553496707228,0.010101793445508076,-0.0075175464521502165,0.30888632961025797,0.30888632961025797,0.25266716709697024,0.25266716709697024,0.08532704942875477,0.08532704942875477,0.12521434950678073,0.12521434950678073
2025-01-08,midday,1,0.0545330465433507,-0.0545330465433507,0.248067286343715,0.248067286343715,0.048631005106146055,0.046813967396569345,0.02804306845453363,0.017330891297534685,0.23073639504618035,0.23073639504618035,0.06029702186744361,0.06029702186744361,0.08133198591195395,0.08133198591195395
2025-01-09,midday,1,0.01812479336318415,0.007330214843439126,0.1143053733504572,0.030398081869613715,0.05663673580205508,0.05663673580205508,0.015634431326742353,0.011160826278844427,0.10106619184890178,0.019237255590769175,0.04513766946134249,0.044436556589806664,0.09757395196690075,-0.016686407447630787
2025-01-10,midday,1,0.012976023106912926,-0.007967948794479762,0.13529725200157416,0.13529725200157416,0.014316754641509718,-0.0017189011929870067,0.026425284252959032,0.013543759730131524,0.12175349227144264,0.12175349227144264,0.068896524510758,0.068896524510758,0.08874350635533665,0.08874350635533665
2025-01-11,midday,1,0.13131840577424986,-0.13131840577424986,0.037892003675742525,0.03708990530433057,0.021654464502517727,-0.0020473232201449355,0.03761534548337352,-0.007452940277316265,0.04671534874434655,0.044542845581646846,0.05580549014009719,0.054499077896473985,0.12385621725888069,0.12385621725888069
2025-01-12,midday,1,0.031009649004931167,-0.031009649004931167,0.2175557711087892,0.21424569083507172,0.011715589070481687,-0.0004037228469440327,0.0733407192850376,0.06952395829145552,0.146692440028612,0.14472173254361614,0.0664873365827236,0.0664873365827236,0.06241320282209618,0.06241320282209618
2025-01-13,midday,1,0.023573364322212603,-0.018485518477759116,0.1386979299438003,0.1386979299438003,0.016393970270906173,0.0001277659427686064,0.03890746898005243,-0.03890746898005243,0.1776053989238528,0.1776053989238528,0.04918116569401275,0.04918116569401275,0.1539165412022593,0.1539165412022593
2025-01-14,midday,1,0.0322894999582225,0.0322894999582225,0.3192224409734474,0.31160469797063883,0.008884926938103171,-0.0028797961364415234,0.08673970683370608,0.0682537500508261,0.24335094791981277,0.24335094791981277,0.05078483647069147,0.05078483647069147,0.03471074127708397,0.03288993414346675
2025-01-15,midday,1,0.023383578204823757,0.023383578204823757,0.762682468491549,0.762682468491549,0.01029456003771954,0.001315704312188172,0.4490755927282272,0.4490755927282272,0.3136068757633218,0.3136068757633218,0.07267743214544312,0.07267743214544312,0.08112983959015332,0.08112983959015332
2025-01-16,midday,1,0.041877424479881686,0.041877424479881686,0.1794020116147913,0.1794020116147913,0.004020792027403018,-0.00016142777606067797,0.05582389895517887,0.04824095737897691,0.1319912041349697,0.1311610542358144,0.05884579361184527,0.05884579361184527,0.07837903665081919,0.07837903665081919
2025-01-17,midday,1,0.11442787963177403,0.11442787963177403,0.3799979167109639,0.3799979167109639,0.007847897021840496,-0.0033246758342465096,0.14255970487330816,0.14255970487330816,0.2374382118376558,0.2374382118376558,0.03643266677540577,0.034430313660674415,0.0908089315769785,0.0908089315769785
2025-01-18,midday,1,0.14564397034869137,0.14564397034869137,0.5167025664560374,0.5167025664560374,0.014938052150513248,-0.0014260695416535261,0.2053573451170248,0.2053573451170248,0.31134522133901266,0.31134522133901266,0.07411077755210507,0.07411077755210507,0.11890604305293018,0.11890604305293018
2025-01-19,midday,1,0.052302073477511146,0.04951620612849761,0.2604846457434139,0.2604846457434139,0.010088468969829957,-0.0031514138199190706,0.07600061774227834,0.054302848693806825,0.2061817970496072,0.2061817970496072,0.07724351957386996,0.07724351957386996,0.10344211241825296,0.10344211241825296
2025-01-20,midday,1,0.07183426458419442,0.07183426458419442,0.23021656517268596,0.23021656517268596,0.007673846058295306,-0.0030698014063907115,0.06851949444568237,-0.06851949444568237,0.29873605961836847,0.29873605961836847,0.05057357340237424,0.05057357340237424,0.09648415011407087,0.09648415011407087
2025-01-21,midday,1,0.017723744177478157,0.0005676051316821085,0.1962143441236826,0.1962143441236826,0.07452970958674751,0.0745001678215928,0.0868652374203576,0.0868652374203576,0.11546109629348401,0.10934910670332496,0.022736815168290715,0.016663571750827163,0.06155881464975011,0.06037731936560909
2025-01-22,midday,1,0.03209226265377674,-0.03209226265377674,0.29587427782239956,0.29587427782239956,0.08040764424229786,0.08036775847628776,0.09363898008218757,0.09363898008218757,0.20223529774021196,0.20223529774021196,0.07644089523631281,0.07644089523631281,0.13213952658791278,0.13213952658791278
2025-01-23,midday,1,0.08275419836854275,-0.08275419836854275,0.3154560850687791,0.3154560850687791,0.011146318379339683,0.0009684351648277176,0.1180361827098132,0.1180361827098132,0.19741990235896598,0.19741990235896598,0.08235564752202632,0.08235564752202632,0.18413719715889615,0.18413719715889615
2025-01-24,midday,1,0.06004166530395502,-0.06004166530395502,0.21742642726758493,0.21742642726758493,0.00815848003057411,-0.0045643780384549745,0.035814086758152466,0.035814086758152466,0.18161234050943245,0.18161234050943245,0.09461385833229378,0.09461385833229378,0.20056386499182824,0.20056386499182824
2025-01-25,midday,1,0.09293208158305472,-0.09293208158305472,0.26024414772352666,0.26024414772352666,0.009631185237100971,-0.0015043070057502543,0.03600457416373477,0.006603943257958392,0.25364020446556834,0.25364020446556834,0.05853104670446226,0.05853104670446226,0.2136238673599229,0.2136238673599229
2025-01-26,midday,1,0.08378816014895862,0.08378816014895862,0.8724832486220542,0.8724832486220542,0.008888082734974294,0.003470193134415203,0.5486668440144851,0.5486668440144851,0.3238164046075692,0.3238164046075692,0.08340464316809201,0.08340464316809201,0.20195653568326224,0.20195653568326224
2025-01-27,midday,1,0.1153115027556901,0.1153115027556901,0.8508427222223841,0.8508427222223841,0.006965983287896221,-0.000995741573865382,0.39071351264790655,0.39071351264790655,0.46012920957447756,0.46012920957447756,0.09079622072846968,0.09079622072846968,0.3450867823325633,0.3450867823325633
2025-01-28,midday,1,0.0741997973221783,0.0741997973221783,0.7306899640833094,0.7306899640833094,0.008614580339476454,0.0037748151935033695,0.20233935137593503,0.20233935137593503,0.5283506127073745,0.5283506127073745,0.07568232056341519,0.07568232056341519,0.3257181228665212,0.3257181228665212
2025-01-29,midday,1,0.2074173791856782,0.2074173791856782,0.25915561695554773,0.25915561695554773,0.008679230344822495,-0.00145473469656625,0.028257399658697814,-0.027304874969762055,0.28646049192530976,0.28646049192530976,0.066052362580653,0.066052362580653,0.2309554599456512,0.2309554599456512
2025-01-30,midday,1,0.15013747444908224,0.15013747444908224,0.374849672420838,0.374849672420838,0.011276670322322133,0.0002562770042429459,0.027664811135119174,0.009035090272554374,0.36581458214828355,0.36581458214828355,0.07619149962246943,0.07619149962246943,0.2862773680457601,0.2862773680457601
2025-01-31,midday,1,0.10401506487241127,0.10401506487241127,0.21808971440717936,0.21808971440717936,0.010359648348186578,-0.0009826362507477822,0.01448865790996204,-0.0038793947953715876,0.22196910920255097,0.22196910920255097,0.060325424039283766,0.05683660293722648,0.2146318376466639,0.2146318376466639
2025-02-01,midday,2,0.07756247421041468,0.07756247421041468,0.4975568289745309,0.4975568289745309,0.010144747347365118,-0.0010443057812710684,0.11326961451904546,0.11326961451904546,0.3842872144554855,0.3842872144554855,0.07002292484119052,0.07002292484119052,0.3468667394289041,0.3468667394289041
2025-02-02,midday,2,0.09028603356763718,0.09028603356763718,0.73798721838165,0.73798721838165,0.00936250419793402,0.0018824766641405712,0.23663900628004236,0.23663900628004236,0.5013482121016077,0.5013482121016077,0.10753605757034918,0.10753605757034918,0.3071895189953689,0.3071895189953689
2025-02-03,midday,2,0.08763297267028397,0.08763297267028397,0.8272560772550055,0.8272560772550055,0.011133519869806763,0.0022346986593682373,0.27305203698602787,0.27305203698602787,0.5542040402689776,0.5542040402689776,0.08614071905536083,0.08614071905536083,0.338749416249191,0.338749416249191
2025-02-04,midday,2,0.10488860697854474,0.10488860697854474,1.043083830424291,1.043083830424291,0.01308651982791462,0.003189327212884756,0.4145152339381549,0.4145152339381549,0.628568596486136,0.628568596486136,0.07519106818380944,0.07519106818380944,0.39245169926621715,0.39245169926621715
2025-02-05,midday,2,0.09011509457045108,0.09011509457045108,1.4632866431039502,1.4632866431039502,0.01028114790101722,-0.00014087126588620616,0.8248429007503701,0.8248429007503701,0.6384437423535803,0.6384437423535803,0.08088180272218488,0.08088180272218488,0.4939845545774371,0.4939845545774371
2025-02-06,midday,2,0.02106319089430206,0.019821034181415925,1.2279874479177506,1.2279874479177506,0.00647670328133498,-0.0012556126801004722,0.6495186608287106,0.6495186608287106,0.5784687870890401,0.5784687870890401,0.08661908526440948,0.08661908526440948,0.5125306029924048,0.5125306029924048
2025-02-07,midday,2,0.042654101154276175,-0.042654101154276175,0.5379695692315998,0.5379695692315998,0.012807275635331792,-0.0016026188443883631,0.07714739926083691,0.07714739926083691,0.46082216997076286,0.46082216997076286,0.07943079361914702,0.07943079361914702,0.38218484011214426,0.38218484011214426
2025-02-08,midday,2,0.053534149172614426,-0.053534149172614426,0.40914393617195716,0.40914393617195716,0.007221909648042391,-0.0028625269146745017,0.13449361956223874,0.13449361956223874,0.2746503166097185,0.2746503166097185,0.07999318291988947,0.07999318291988947,0.3839837319897119,0.3839837319897119
2025-02-09,midday,2,0.04228723976800744,0.04228723976800744,0.5644104571468662,0.5644104571468662,0.007525523605352243,0.003704291899536024,0.15987455420341457,0.15987455420341457,0.4045359029434515,0.4045359029434515,0.07586794278215452,0.07586794278215452,0.4104622703148713,0.4104622703148713
2025-02-10,midday,2,0.018227795066616787,0.012393953906238125,0.6269608494718324,0.6269608494718324,0.005728998575437886,-0.0023026797836338143,0.18313659039818775,0.18313659039818775,0.44382425907364437,0.44382425907364437,0.07801498041732471,0.07801498041732471,0.3341426979360484,0.3341426979360484
2025-02-11,midday,2,0.10890917985338708,-0.10890917985338708,0.4048600734109359,0.4048600734109359,0.018409078064658357,-0.013894009352314772,0.1132212256336882,0.1132212256336882,0.2916388477772477,0.2916388477772477,0.06573020831672524,0.06573020831672524,0.37267212874924693,0.37267212874924693
2025-02-12,midday,2,0.022993486647142486,-0.01963957586132606,1.1598938545581343,1.1598938545581343,0.007705929993151809,-0.003488032152839547,0.6101750782532729,0.6101750782532729,0.5497187763048614,0.5497187763048614,0.06226821148807257,0.06226821148807257,0.2891796930654205,0.2891796930654205
2025-02-13,midday,2,0.07156032388357564,0.07156032388357564,0.7296246196562308,0.7296246196562308,0.012116068459530333,0.005706732675291546,0.2601130506618386,0.2601130506618386,0.46951156899439234,0.46951156899439234,0.05146092211981876,0.05146092211981876,0.27284590208762627,0.27284590208762627
2025-02-14,midday,2,0.05826083159737194,0.05826083159737194,1.0586103071997335,1.0586103071997335,0.015455953481475182,-0.006036776431397184,0.5259205614555809,0.5259205614555809,0.5326897457441527,0.5326897457441527,0.08078480579890976,0.08078480579890976,0.4671444145274609,0.4671444145274609
2025-02-15,midday,2,0.017596635692390894,0.017596635692390894,0.5963386621938565,0.5963386621938565,0.008665642886071785,-0.0007244307039725329,0.0973563334743291,0.0973563334743291,0.49898232871952714,0.49898232871952714,0.0871691581912521,0.0871691581912521,0.38444114721397726,0.38444114721397726
2025-02-16,midday,2,0.010684125629255636,0.010684125629255636,0.40274446225294064,0.40274446225294064,0.009587836860635053,-0.004767269478961339,0.10451464504931586,0.10451464504931586,0.29822981720362485,0.29822981720362485,0.07677356882314434,0.07677356882314434,0.232843809898413,0.232843809898413
2025-02-17,midday,2,0.024816397645340466,-0.024816397645340466,0.41199782847574806,0.41199782847574806,0.09699495090207276,0.09699495090207276,0.09996885114799088,0.09996885114799088,0.3120289773277573,0.3120289773277573,0.06647971007361837,0.06647971007361837,0.30898078436383136,0.30898078436383136
2025-02-18,midday,2,0.03639378911117411,-0.03639378911117411,0.28342080208073106,0.28342080208073106,0.008122539010652918,-0.0014335645592224722,0.030851859161374715,-0.030851859161374715,0.31427266124210584,0.31427266124210584,0.058401527541209655,0.058401527541209655,0.315164305349736,0.315164305349736
2025-02-19,midday,2,0.09550580925350868,-0.09550580925350868,0.3479345821951725,0.3479345821951725,0.013347004561319046,-0.00011562489091723749,0.057333860096989916,0.05256115563452833,0.29537342656064414,0.29537342656064414,0.08156792555858285,0.08156792555858285,0.21818434448280108,0.21818434448280108
2025-02-20,midday,2,0.07872617430664325,-0.07872617430664325,0.3609231408285458,0.3609231408285458,0.08316164680901517,0.08316164680901517,0.07802173031618803,0.07802173031618803,0.28290141051235773,0.28290141051235773,0.07761748150309872,0.07761748150309872,0.3089666271084234,0.3089666271084234
2025-02-21,midday,2,0.0722844039434512,-0.0722844039434512,0.38356624636196884,0.38356624636196884,0.007667052328919987,-0.0016310648467406218,0.09654345279694082,0.09654345279694082,0.2870227935650279,0.2870227935650279,0.07888545438761112,0.07888545438761112,0.3432666326566275,0.3432666326566275
2025-02-22,midday,2,0.02916131630971569,-0.02916131630971569,0.39749343541194254,0.39749343541194254,0.01125720957495016,0.003013742181416054,0.02048186681233278,-0.005188436869720751,0.4026818722816632,0.4026818722816632,0.10151900486939658,0.10151900486939658,0.40251299331854573,0.40251299331854573
2025-02-23,midday,2,0.0171263342975686,-0.00952787672008365,0.2515521626996834,0.2515521626996834,0.008896805006881989,0.002255868796712003,0.011032928844539533,0.0100210576422217,0.2415311050574617,0.2415311050574617,0.04290130524251448,0.04290130524251448,0.29721167823807676,0.29721167823807676
2025-02-24,midday,2,0.0473882347660905,-0.0473882347660905,0.6995441775077988,0.6995441775077988,0.011612718858585258,0.002552163058501344,0.27576711805800125,0.27576711805800125,0.42377705944979754,0.42377705944979754,0.07927935919984494,0.07927935919984494,0.4095390682385298,0.4095390682385298
2025-02-25,midday,2,0.03619918163745445,-0.03619918163745445,0.2939414398998572,0.2939414398998572,0.011192647230628317,0.004332295476890678,0.09326379089862002,0.03746632174223688,0.2564751181576204,0.2564751181576204,0.0908885277869502,0.0908885277869502,0.27155290198070536,0.27155290198070536
2025-02-26,midday,2,0.011794790805844502,-0.009647095712993103,0.2569057091084811,0.2569057091084811,0.007135300556134717,0.00021113157678093013,0.08950348360462147,-0.004225086044296514,0.2611307951527776,0.2611307951527776,0.07527171632607163,0.07527171632607163,0.2583933605196338,0.2583933605196338
2025-02-27,midday,2,0.009315298736403382,0.004326509849293808,0.5125667193343746,0.5125667193343746,0.012954195511887673,0.0013325352288341905,0.1411872838784638,0.1411872838784638,0.3713794354559107,0.3713794354559107,0.05660627359614617,0.05660627359614617,0.29878208165607234,0.29878208165607234
2025-02-28,midday,2,0.008294924414738447,0.007863632175684199,0.4212927460240254,0.4212927460240254,0.01827508818917167,-0.005232793347964986,0.06432259142066546,0.06045148059208061,0.36084126543194484,0.36084126543194484,0.05765513775067558,0.05765513775067558,0.31536623251897616,0.31536623251897616
2025-03-01,midday,3,0.03287858204083316,-0.03287858204083316,0.4786927025332607,0.4786927025332607,0.008076429311924748,9.62079740573444e-05,0.15798633574218904,0.15798633574218904,0.32070636679107156,0.32070636679107156,0.07267230397552753,0.07241221371673198,0.2680117472472018,0.2680117472472018
2025-03-02,midday,3,0.014032338448499132,0.012995308532236433,0.06532495140185787,0.039825323733917894,0.09787164880507726,0.09787164880507726,0.02380084468000638,0.02285761205963561,0.05442517965307513,0.016967711674282272,0.08536864458473674,0.08536864458473674,0.20909806017211505,0.20909806017211505
2025-03-03,midday,3,0.04308364017284633,-0.04308364017284633,0.3764523789262505,0.3764523789262505,0.0066337918366978195,-0.0007181629407423283,0.08188674870359117,0.08188674870359117,0.29456563022265936,0.29456563022265936,0.05110221320880046,0.049081801923084326,0.3079907407565388,0.3079907407565388
2025-03-04,midday,3,0.056004436834514504,-0.056004436834514504,0.3358420507206393,0.3358420507206393,0.011474740406497569,-0.003960788056339457,0.11305274114517952,0.11305274114517952,0.22278930957545975,0.22278930957545975,0.03515456904259852,0.03515456904259852,0.23020201344266913,0.23020201344266913
2025-03-05,midday,3,0.030830820515567237,-0.030830820515567237,0.5371308723825852,0.5371308723825852,0.010208213928884484,0.0020419758976688686,0.1843986899940789,0.1843986899940789,0.35273218238850623,0.35273218238850623,0.08160833729073816,0.08160833729073816,0.3850053773962278,0.3850053773962278
2025-03-06,midday,3,0.011177657195490603,0.006427306294199492,0.315011556015071,0.315011556015071,0.010650244643403051,0.005924438828887399,0.026291206716448176,0.026291206716448176,0.2887203492986228,0.2887203492986228,0.08630902822182104,0.08630902822182104,0.308844734454276,0.308844734454276
2025-03-07,midday,3,0.03481852050633544,-0.03481852050633544,0.5500870840980294,0.5500870840980294,0.011794133348163082,-0.005295646302314919,0.21810032139110724,0.21810032139110724,0.3319867627069222,0.3319867627069222,0.07588293281729236,0.07588293281729236,0.3497273816315585,0.3497273816315585
2025-03-08,midday,3,0.07584125000028621,0.07584125000028621,0.5889952981967878,0.5889952981967878,0.014467882247227112,0.002903376951950777,0.05651374738510522,0.054073264471432146,0.5349220337253553,0.5349220337253553,0.08917979527277016,0.08917979527277016,0.44373480099845036,0.44373480099845036
2025-03-09,midday,3,0.02662440626942497,0.02662440626942497,1.2751694162939033,1.2751694162939033,0.010645379456560045,-0.004744302290621434,0.735798585590498,0.735798585590498,0.5393708307034053,0.5393708307034053,0.08903243709109326,0.08903243709109326,0.48007384580001267,0.48007384580001267
2025-03-10,midday,3,0.032614284052875975,0.032614284052875975,0.47038585621923157,0.47038585621923157,0.013270169673609472,0.0009481854682379777,0.13102066510556123,0.13102066510556123,0.33936519111367014,0.33936519111367014,0.04399759401113503,0.04399759401113503,0.3412928570357847,0.3412928570357847
2025-03-11,midday,3,0.018216399133471062,-0.012216878637358097,1.3734614873710342,1.3734614873710342,0.01198168410943477,-0.004597382414065536,0.7825674952206294,0.7825674952206294,0.5908939921504046,0.5908939921504046,0.08067728955273087,0.08067728955273087,0.49020263884097376,0.49020263884097376
2025-03-12,midday,3,0.042395939438013064,0.042395939438013064,0.43604473765067836,0.43604473765067836,0.010405582724866335,-0.002349885245164411,0.061933784680757165,-0.05964328977948691,0.4956880274301653,0.4956880274301653,0.10344579418126923,0.10344579418126923,0.34557404613556797,0.34557404613556797
2025-03-13,midday,3,0.0437402212440898,-0.0437402212440898,0.31330405075522966,0.31330405075522966,0.00881400916952695,-0.00227817852737041,0.10261735367208588,0.10261735367208588,0.21068669708314372,0.21068669708314372,0.010930979073397169,0.010930979073397169,0.9099065288014099,0.9099065288014099
2025-03-14,midday,3,0.03435041063711808,-0.002043816779176977,0.3118338438878925,0.3118338438878925,0.010457127407094778,0.00033824006186811226,0.046334899899327105,0.046334899899327105,0.26549894398856533,0.26549894398856533,0.052398544434640856,0.052398544434640856,0.23796281923696888,0.23796281923696888
2025-03-15,midday,3,0.060252490067151054,-0.060252490067151054,0.5862572061059622,0.5862572061059622,0.0104432769652715,-0.005289422369596872,0.2014621275067854,0.2014621275067854,0.3847950785991767,0.3847950785991767,0.08851238806503847,0.08851238806503847,0.4141660800787742,0.4141660800787742
2025-03-16,midday,3,0.010885745984911044,0.00295242329498957,0.8114421599812177,0.8114421599812177,0.01516022901634314,0.006327153574053122,0.23536853505634037,0.23536853505634037,0.5760736249248772,0.5760736249248772,0.0864273706044884,0.0864273706044884,0.527163594778709,0.527163594778709
2025-03-17,midday,3,0.023019346649280986,0.0227791554429784,0.9201957415166533,0.9201957415166533,0.013087703251741288,-0.0003499428085985369,0.3304040429150268,0.3304040429150268,0.5897916986016266,0.5897916986016266,0.08332894787369702,0.08332894787369702,0.4757671911726999,0.4757671911726999
2025-03-18,midday,3,0.012679290540002636,0.011750083683503526,0.6094000233078262,0.6094000233078262,0.012854744079935022,0.002901974375563595,0.1818057645593254,0.1818057645593254,0.42759425874850066,0.42759425874850066,0.1027179008668409,0.1027179008668409,0.3931813019706173,0.3931813019706173
2025-03-19,midday,3,0.03000023231129087,0.02170223976070565,0.5790942046661809,0.5790942046661809,0.01365955994309712,0.005443881094233824,0.1197907619396488,0.1197907619396488,0.459303442726532,0.459303442726532,0.06682903925504752,0.06682903925504752,0.3999439993433983,0.3999439993433983
2025-03-20,midday,3,0.0314440093798323,0.0314440093798323,0.9807971224601126,0.9807971224601126,0.011928386206722376,0.008974735657394041,0.3452941444853037,0.3452941444853037,0.6355029779748089,0.6355029779748089,0.065572067829072,0.065572067829072,0.4700445041910043,0.4700445041910043
2025-03-21,midday,3,0.10577223010246076,0.10577223010246076,1.060137800546384,1.060137800546384,0.010572796128524083,0.0030513049302849484,0.4444207923433119,0.4444207923433119,0.6157170082030722,0.6157170082030722,0.06782793662578404,0.06782793662578404,0.4630520034432881,0.4630520034432881
2025-03-22,midday,3,0.11210223265980035,0.11210223265980035,1.0769862493972453,1.0769862493972453,0.014439217092314362,0.0029100391897898146,0.5611861531853262,0.5611861531853262,0.5158000962119187,0.5158000962119187,0.07827577196431387,0.07827577196431387,0.3854378530591088,0.3854378530591088
2025-03-23,midday,3,0.04316253509462456,-0.04316253509462456,1.104805475426489,1.104805475426489,0.010071638053183962,0.0007427518580299065,0.5325543094617666,0.5325543094617666,0.5722511659647224,0.5722511659647224,0.08379249936965619,0.08379249936965619,0.4115330497254502,0.4115330497254502
2025-03-24,midday,3,0.051684939867156804,-0.051684939867156804,0.585703363755079,0.585703363755079,0.016580995066032667,0.004720546153063772,0.20581493566333842,0.20134772987020697,0.38435563388487204,0.38435563388487204,0.06568230156700103,0.06568230156700103,0.26429202700740684,0.26429202700740684
2025-03-25,midday,3,0.02684794188112971,0.02684794188112971,0.25535660731936566,0.25535660731936566,0.015744884217231893,-0.004358506123125895,0.09052486602806473,-0.08978676020431736,0.3451433675236831,0.3451433675236831,0.06874346836250822,0.06874346836250822,0.22308301783703527,0.22308301783703527
2025-03-26,midday,3,0.04550746749192189,-0.04550746749192189,0.8931800602657207,0.8931800602657207,0.013834399855860087,0.0014729681895994653,0.6008400557864251,0.6008400557864251,0.2923400044792956,0.2923400044792956,0.055576694866940335,0.055576694866940335,0.2800186777316056,0.2800186777316056
2025-03-27,midday,3,0.06294193028954642,-0.06294193028954642,0.6088410966175395,0.6088410966175395,0.015281464212809003,-0.002935811530904024,0.1935678139726321,0.1935678139726321,0.4152732826449074,0.4152732826449074,0.0726371957353362,0.0726371957353362,0.4265759882914164,0.4265759882914164
2025-03-28,midday,3,0.03257176845613999,-0.031342760896883676,0.8268849643090631,0.8268849643090631,0.016301970026010346,0.010314283768164111,0.3343365164605503,0.3343365164605503,0.492548447848513,0.492548447848513,0.11855789729532763,0.11855789729532763,0.5283589405046734,0.5283589405046734
2025-03-29,midday,3,0.032811959662442575,-0.032752350165988015,0.7210842443737382,0.7210842443737382,0.016410582034991707,-0.00032636199308928165,0.2743259708201857,0.2743259708201857,0.44675827355355235,0.44675827355355235,0.09310069756309952,0.09310069756309952,0.42638449278405577,0.42638449278405577
2025-03-30,midday,3,0.028482819982423024,0.028482819982423024,0.41254549072442537,0.41254549072442537,0.016703545177861483,-0.001027387203600903,0.12079952117560762,0.12079952117560762,0.2927812462445964,0.29174596954881765,0.07495017568931325,0.07495017568931325,0.21294164543910177,0.21294164543910177
2025-03-31,midday,3,0.018736229006965505,0.0071737399152455306,0.7077856286977764,0.7077856286977764,0.016317661349341796,0.0025564584486870434,0.14599505275060462,0.14599505275060462,0.5617905759471717,0.5617905759471717,0.07518694811567214,0.07518694811567214,0.4310396438130678,0.4310396438130678
2025-04-01,midday,4,0.011775943685641943,0.004298458321550291,0.7833134905365546,0.7833134905365546,0.00873336102726476,0.0019994164704207184,0.2683978940587941,0.2683978940587941,0.5149155964777606,0.5149155964777606,0.08858825868148185,0.08858825868148185,0.42741271276738657,0.42741271276738657
2025-04-02,midday,4,0.025722374330427178,0.02263057000696267,0.23606048735084745,0.23606048735084745,0.01094794148157954,-0.0008826150221378122,0.12050528694788694,0.12050528694788694,0.11555520040296055,0.11555520040296055,0.0807869096634905,0.0807869096634905,0.1796887946554552,0.1796887946554552
2025-04-03,midday,4,0.028295225390639195,0.027700007036334656,0.792990434828287,0.792990434828287,0.016794537320979054,-0.0020652937301055153,0.2850526120461773,0.2850526120461773,0.5079378227821097,0.5079378227821097,0.06617565781118753,0.06617565781118753,0.37237956008098594,0.37237956008098594
2025-04-04,midday,4,0.0063751479848015435,-0.0023558900253219384,0.8804940636573668,0.8804940636573668,0.021161195919355405,0.016996683642779717,0.3915226239012543,0.3915226239012543,0.4889714397561124,0.4889714397561124,0.08386617846049461,0.08386617846049461,0.33322681555522743,0.33322681555522743
2025-04-05,midday,4,0.012249751521432511,-0.01091029107168659,0.54249813774167,0.54249813774167,0.015534190945571933,-0.0032390310136050197,0.07161861846466736,0.07010909562797732,0.4723890421136926,0.4723890421136926,0.07131298830380083,0.07131298830380083,0.3628627286499513,0.3628627286499513
2025-04-06,midday,4,0.012174801345743086,-0.008083661346421217,0.5333800763097118,0.5333800763097118,0.011147501803166336,-0.00037264701386581153,0.08843068799048595,0.08843068799048595,0.4449493883192261,0.4449493883192261,0.08672296357808414,0.08672296357808414,0.33854604267305166,0.33854604267305166
2025-04-07,midday,4,0.0290793532520906,0.015817116901171047,0.11841860392787706,-0.09957718169187407,0.011439150030673199,-0.002016817183724002,0.11019950629907004,-0.11019950629907004,0.04748729172343437,0.010622324607195963,0.053213046840976844,0.053213046840976844,0.09191696692284153,0.09101668820432779
2025-04-08,midday,4,0.061726948494161965,-0.061726948494161965,0.5884952358842499,0.5884952358842499,0.011365120295737958,9.83118386380967e-05,0.23685202256884363,0.23685202256884363,0.3516432133154063,0.3516432133154063,0.04511777040884952,0.04080712720493573,0.3086116437909334,0.3086116437909334
2025-04-09,midday,4,0.011683899610233944,-0.008863844461783427,0.43994604770209944,0.43994604770209944,0.011359772973261866,0.000519961365030604,0.23693626481309793,0.23693626481309793,0.20300978288900157,0.20300978288900157,0.06277550583510652,0.06277550583510652,0.27223174895209484,0.27223174895209484
2025-04-10,midday,4,0.06311769064306366,0.06311769064306366,0.6488833375558353,0.6488833375558353,0.03530565281780392,0.03303356673161524,0.16770693522397195,0.16770693522397195,0.4811764023318633,0.4811764023318633,0.08095114259232553,0.08095114259232553,0.394197512393633,0.394197512393633
2025-04-11,midday,4,0.0955921553623438,-0.0955921553623438,0.9717074631999951,0.9717074631999951,0.11501472635826768,0.11501472635826768,0.5347445201513543,0.5347445201513543,0.43696294304864064,0.43696294304864064,0.10919754079248647,0.10919754079248647,0.44396556864465164,0.44396556864465164
2025-04-12,midday,4,0.02443594880032124,-0.02443594880032124,1.2680320557036997,1.2680320557036997,0.01817085923140019,0.00030238670297113007,0.708241466023606,0.708241466023606,0.5597905896800938,0.5597905896800938,0.08828069997808308,0.08828069997808308,0.5329329612557901,0.5329329612557901
2025-04-13,midday,4,0.08190651626454779,-0.08190651626454779,0.9766745121531036,0.9766745121531036,0.03934472216875222,0.036713313544375854,0.5446006874070596,0.5446006874070596,0.432073824746044,0.432073824746044,0.07187445716378918,0.07187445716378918,0.3553304551457358,0.3553304551457358
2025-04-14,midday,4,0.10458529983481954,-0.10458529983481954,0.5374102918972163,0.5374102918972163,0.01377873510549434,0.0096252681179676,0.13574484919112928,0.13574484919112928,0.40166544270608706,0.40166544270608706,0.09839393318724898,0.09839393318724898,0.42154030075636073,0.42154030075636073
2025-04-15,midday,4,0.042566878435199074,-0.042566878435199074,0.4673590525452098,0.4673590525452098,0.037598514566727526,0.029100391897898155,0.14486641706405495,0.14486641706405495,0.3224926354811548,0.3224926354811548,0.08867587587516779,0.08867587587516779,0.23896811586247185,0.23896811586247185
2025-04-16,midday,4,0.017400713303308474,-0.010219522201005998,0.6431627982692326,0.6431627982692326,0.017967354163724462,0.008048596936741854,0.19719654206930934,0.19719654206930934,0.4459662561999232,0.4459662561999232,0.07793520888530449,0.07793520888530449,0.47489794445675215,0.47489794445675215
2025-04-17,midday,4,0.02243026456667027,-0.02037110710825865,0.21077597983628954,0.21077597983628954,0.013022176636153257,0.003515513883925554,0.051674990340910436,-0.04411115886798365,0.25488713870427315,0.25488713870427315,0.06255210171493791,0.06138805097461231,0.2663699439249969,0.2663699439249969
2025-04-18,midday,4,0.03824869638320433,-0.03824869638320433,0.5463344909741603,0.5463344909741603,0.011381469076750868,0.006105940979489365,0.20399027144465648,0.20399027144465648,0.3423442195295038,0.3423442195295038,0.03238557644074337,0.02022208336712187,0.2850973191685183,0.2850973191685183
2025-04-19,midday,4,0.010967270737415269,0.009734756737190875,0.2478547960210589,0.2478547960210589,0.010585243993960202,0.0018389529656261897,0.08122959783569067,0.08122959783569067,0.16662519818536828,0.16662519818536828,0.07428189187133963,0.07428189187133963,0.19567045129904592,0.19567045129904592
2025-04-20,midday,4,0.02407741521135104,-0.021076778353052605,0.7186295165436329,0.7186295165436329,0.011953632581691388,0.00010922563615069561,0.28313261646368004,0.28313261646368004,0.43549690007995273,0.43549690007995273,0.046863758858313766,0.04392851712406701,0.3063871138103722,0.3063871138103722
2025-04-21,midday,4,0.024615653899927092,0.008057363039161547,0.5719698617380711,0.5719698617380711,0.01862082326860867,-0.002349359279019256,0.3527773278159682,0.3527773278159682,0.21919253392210256,0.21919253392210256,0.08224856958096843,0.08224856958096843,0.3754288049772022,0.3754288049772022
2025-04-22,midday,4,0.0522069612662561,0.0522069612662561,0.7310723414708612,0.7310723414708612,0.010282024511259237,-0.002146117194416132,0.26517941955536356,0.26517941955536356,0.4658929219154978,0.4658929219154978,0.10509789767381734,0.10509789767381734,0.5563158381724203,0.5563158381724203
2025-04-23,midday,4,0.03781652753390782,-0.03781652753390782,0.7597773821496263,0.7597773821496263,0.019204733350791717,0.009550274111766156,0.3916212425534772,0.3916212425534772,0.36815613959614923,0.36815613959614923,0.07803189899499492,0.07803189899499492,0.5289618730291074,0.5289618730291074
2025-04-24,midday,4,0.01027211881552495,-0.009300834667410801,0.40844470801244154,0.40844470801244154,0.03390829226157522,0.03390829226157522,0.13854474230401426,0.13854474230401426,0.2698999657084272,0.2698999657084272,0.0740171555782616,0.0740171555782616,0.28566882521577736,0.28566882521577736
2025-04-25,midday,4,0.022699383910958215,-0.02190780486245003,0.05583972177004663,0.0555705147647345,0.034688343885401415,0.027889530170650784,0.2414789467480639,-0.2414789467480639,0.2970494615127983,0.2970494615127983,0.06931269522313813,0.06931269522313813,0.24131914070095087,0.24131914070095087
2025-04-26,midday,4,0.021231500060762354,-0.0195527914473701,0.4447276059280051,0.4447276059280051,0.055885349333141696,0.055885349333141696,0.18552228517173708,0.18552228517173708,0.259205320756268,0.259205320756268,0.0701089203059288,0.0701089203059288,0.3253047134764033,0.3253047134764033
2025-04-27,midday,4,0.004886225488797996,-0.00045759054631375196,0.35847310286323514,0.35847310286323514,0.015177717390670654,0.0014528061540339064,0.03765347802889968,-0.009821102846026011,0.36829420570926114,0.36829420570926114,0.09163355883160924,0.09163355883160924,0.4144512852210025,0.4144512852210025
2025-04-28,midday,4,0.05464130790823543,-0.05464130790823543,0.4456984517709983,0.4456984517709983,0.0099319940416365,-0.004734571916935455,0.09637715983403719,0.09637715983403719,0.34932129193696104,0.34932129193696104,0.0726617846526238,0.07241335331004659,0.37345800983118216,0.37345800983118216
2025-04-29,midday,4,0.08181184235841407,-0.08181184235841407,0.8860592237785786,0.8860592237785786,0.013972378307947788,-0.003943168190475644,0.4599990329535435,0.4599990329535435,0.4260601908250352,0.4260601908250352,0.04090719226405774,0.04090719226405774,0.36850678369294126,0.36850678369294126
2025-04-30,midday,4,0.07947786758914152,-0.07947786758914152,0.6375961040800975,0.6375961040800975,0.012295159931966917,-0.0036514323019446356,0.13469160198538987,0.015176314814283429,0.6224197892658139,0.6224197892658139,0.08091673564032782,0.08091673564032782,0.49095735642880667,0.49095735642880667
2025-05-01,midday,5,0.07617523850248076,-0.07617523850248076,0.5369604593515442,0.5369604593515442,0.012216922467870168,0.0025544860756426153,0.2341249319365551,0.2341249319365551,0.3028355274149891,0.3028355274149891,0.06446026305916842,0.06446026305916842,0.2109927655491312,0.2109927655491312
2025-05-02,midday,5,0.08205203356471652,-0.08205203356471652,0.6572004402096958,0.6572004402096958,0.01057954602738732,-0.0016162939641632158,0.21564261308617924,0.21564261308617924,0.44155782712351654,0.44155782712351654,0.06391124206461618,0.0570452800053299,0.43136889861995564,0.43136889861995564
2025-05-03,midday,5,0.009050124138204302,0.006406267648391778,0.36811581552501804,0.36811581552501804,0.008322844450945414,0.004033853520008542,0.06016526734807408,0.06016526734807408,0.30795054817694417,0.30795054817694417,0.11574695889339369,0.11574695889339369,0.35271294079369486,0.35271294079369486
2025-05-04,midday,5,0.10916646495940827,-0.10916646495940827,0.13065454883799826,0.13065454883799826,0.007702423552183866,0.0033513686161147967,0.04124275866468788,-0.008014847442425643,0.13866939628042388,0.13866939628042388,0.05458139159819594,0.05388746693064435,0.16402973058091314,0.16402973058091314
2025-05-05,midday,5,0.20419802807200582,-0.20419802807200582,1.1733732272659925,1.1733732272659925,0.024595053559240528,0.014410858750986277,0.49991591862723617,0.49991591862723617,0.6734573086387563,0.6734573086387563,0.05592387635327663,0.05592387635327663,0.4769183119119563,0.4769183119119563
2025-05-06,midday,5,0.11588261432834021,-0.11588261432834021,0.42189252275158834,0.42189252275158834,0.019206223588203074,0.014321225353743788,0.12078084937745343,0.12078084937745343,0.30111167337413486,0.30111167337413486,0.09315276821147313,0.09315276821147313,0.3566084652175189,0.3566084652175189
2025-05-07,midday,5,0.056537415861638435,-0.056537415861638435,0.6543246764803674,0.6543246764803674,0.013068812301026628,-0.005939691847097877,0.1852391400635775,0.1852391400635775,0.46908553641679,0.46908553641679,0.09886971339608382,0.09886971339608382,0.5090642231125423,0.5090642231125423
2025-05-08,midday,5,0.09097154277686587,-0.09097154277686587,0.882505665010151,0.882505665010151,0.0180147349473035,0.005205092464318339,0.349118970293112,0.349118970293112,0.533386694717039,0.533386694717039,0.06618302133722019,0.030052127637616055,0.28857049277775626,0.28857049277775626
2025-05-09,midday,5,0.07237863954446419,-0.07237863954446419,0.6197456020616288,0.6197456020616288,0.013208018007453075,-0.0009426628237135179,0.19738501327133512,0.19738501327133512,0.4223605887902937,0.4223605887902937,0.08340179418480559,0.08340179418480559,0.5901235832392404,0.5901235832392404
2025-05-10,midday,5,0.020508734916249466,-0.020508734916249466,0.7105991092694122,0.7105991092694122,0.0161975657461905,0.009892897224844158,0.2541209813527824,0.2541209813527824,0.4564781279166297,0.4564781279166297,0.10002775935625183,0.10002775935625183,0.6854424115281348,0.6854424115281348
2025-05-11,midday,5,0.007023839563866957,-0.0031062683924572287,0.7483121967947663,0.7483121967947663,0.022139361457869093,0.01651608207761404,0.22606682377868773,0.22606682377868773,0.5222453730160787,0.5222453730160787,0.0819517493530339,0.0819517493530339,0.7136129829423645,0.7136129829423645
2025-05-12,midday,5,0.018802413080234837,0.018802413080234837,0.6280224244748702,0.6280224244748702,0.02429788268720922,0.01589469690758633,0.29909240168173346,0.29909240168173346,0.3289300227931369,0.3289300227931369,0.07194015910142562,0.07194015910142562,0.42222918491502087,0.42222918491502087
2025-05-13,midday,5,0.014530253065944049,0.013710622489692487,0.6239624041391386,0.6239624041391386,0.013858199823929844,0.011264310117910207,0.15357597812325002,0.15357597812325002,0.4703864260158887,0.4703864260158887,0.07911477562691313,0.07911477562691313,0.5056570582545254,0.5056570582545254
2025-05-14,midday,5,0.07105714960467907,0.07105714960467907,0.4615284548427265,0.4615284548427265,0.016836395460033633,0.015007348190141804,0.09516673641191081,0.09516673641191081,0.36636171843081555,0.36636171843081555,0.08730630386360991,0.08730630386360991,0.4329511362762179,0.4329511362762179
2025-05-15,midday,5,0.07050882989832036,0.07050882989832036,0.8208359153342784,0.8208359153342784,0.018762308161664302,0.002901623731466803,0.33717015906775144,0.33717015906775144,0.48366575626652686,0.48366575626652686,0.079921257049535,0.079921257049535,0.5852640943628227,0.5852640943628227
2025-05-16,midday,5,0.06637473599714133,0.06637473599714133,1.1237701490625145,1.1237701490625145,0.01997693931295215,-0.009564913502807264,0.5473922527226458,0.5473922527226458,0.5763778963398687,0.5763778963398687,0.08129113587467757,0.08129113587467757,0.7046945256625055,0.7046945256625055
2025-05-17,midday,5,0.01063109070961571,6.70606835114218e-05,0.7454233277423203,0.7454233277423203,0.009320383075806857,-0.0004725805814515729,0.28952244767003477,0.28952244767003477,0.4559008800722856,0.4559008800722856,0.0833385905863588,0.0833385905863588,0.5435319680305495,0.5435319680305495
2025-05-18,midday,5,0.025867453325474826,-0.025867453325474826,0.4974018004532366,0.4974018004532366,0.017684954174270535,-0.0048903017264232615,0.2754475936247995,0.2754475936247995,0.2219542068284372,0.2219542068284372,0.08231155402685471,0.08231155402685471,0.12781126351813518,0.12781126351813518
2025-05-19,midday,5,0.0074809918050596225,-0.0059372811689323846,0.1035145204242405,0.1035145204242405,0.01257843653166284,0.002178332620808878,0.06697477570777685,0.06697477570777685,0.0370832430664915,0.036539744716463686,0.0769448146339152,0.0769448146339152,0.06392680189641142,0.06392680189641142
2025-05-20,midday,5,0.02646179506953747,-0.02504256308777139,0.20142268004589625,0.20142268004589625,0.01417259608721609,0.0008215591187839214,0.1691524655129975,0.1691524655129975,0.03282773864679823,0.032270214532898765,0.0811120882327531,0.0811120882327531,0.1284263370944207,0.1284263370944207
2025-05-21,midday,5,0.12226039214386764,-0.12226039214386764,0.1075576660128142,0.10145268930459099,0.010309024106712207,0.0021555845850294835,0.052735162767561364,0.04233058814447331,0.0592132686252835,0.05912210116011756,0.07986607443480234,0.07986607443480234,0.07269172089238753,0.07269172089238753
2025-05-22,midday,5,0.09313633176943617,-0.09313633176943617,0.32254308440058077,0.32254308440058077,0.008315393263888577,-0.00044413457909929684,0.07148449709764433,0.06985400204756102,0.25268908235301973,0.25268908235301973,0.052927096580042854,0.052927096580042854,0.0965533146621631,0.0965533146621631
2025-05-23,midday,5,0.04209482381989277,0.04209482381989277,0.24329125076233385,0.24329125076233385,0.038907512810564565,0.03727184576005357,0.34041085564081625,0.34041085564081625,0.09711960487848234,-0.09711960487848234,0.0005238184500953251,-1.972373044475072e-06,0.053988452430520584,-0.053988452430520584
2025-05-24,midday,5,0.024556044403472282,0.024556044403472282,0.11501744385001775,0.11501744385001775,0.050671797579988215,0.050671797579988215,0.06587204385387777,0.06587204385387777,0.04914539999613997,0.04914539999613997,0.0627242679664628,0.0627242679664628,0.0381854927847575,0.021893516115505704
2025-05-25,midday,5,0.04039069350948318,0.04039069350948318,0.1598200728768755,0.1598200728768755,0.012346441631122772,-0.007978380456359267,0.11778705007904239,0.11778705007904239,0.05677497723721532,0.042033022797833205,0.03897961400296733,0.03897961400296733,0.06029487417235081,-0.06029487417235081
2025-05-26,midday,5,0.039960277880670775,0.039960277880670775,0.15735429975772133,0.15735429975772133,0.008471999683618352,0.002667787949418564,0.16788238876390438,0.16788238876390438,0.03943431173548255,-0.010528089006183058,0.023283206332117,0.022767847170856798,0.13584872750480392,-0.13584872750480392
2025-05-27,midday,5,0.02531168243205953,0.02531168243205953,0.17285842297199328,0.17285842297199328,0.01254438022376193,0.001915305717702695,0.15136876119496787,0.15136876119496787,0.03272605185872851,0.02148966177702541,0.054474620470722726,0.054474620470722726,0.06816828055223301,-0.06816828055223301
2025-05-28,midday,5,0.03354042277352806,-0.03354042277352806,0.9438072383843921,0.9438072383843921,0.013631289262793247,-0.00333418705537198,0.3777532685253492,0.3777532685253492,0.5660539698590428,0.5660539698590428,0.08119663729059208,0.08119663729059208,0.5581626367997121,0.5581626367997121
2025-05-29,midday,5,0.012055582352833716,0.009983275740792275,0.5270110645966043,0.5270110645966043,0.012513961848365193,-0.0010805097842648947,0.2583392298371915,0.2583392298371915,0.2686718347594129,0.2686718347594129,0.08078300874791369,0.08078300874791369,0.3239644640774397,0.3239644640774397
2025-05-30,midday,5,0.04864748537869523,-0.04864748537869523,0.4297490543843123,0.4297490543843123,0.010717130004866123,0.0006504009690372582,0.2627075978255397,0.2627075978255397,0.1670414565587727,0.1670414565587727,0.060856868998484304,0.060856868998484304,0.12803440465523128,0.12803440465523128
2025-05-31,midday,5,0.03906788865433486,0.03906788865433486,0.3388094640507666,0.3388094640507666,0.017097187007022757,0.0025357266164642367,0.052542396175349934,0.00953230360180558,0.3292771604489611,0.3292771604489611,0.05888291805559319,0.03569280773117442,0.23405581121897492,0.23405581121897492
2025-06-01,midday,6,0.020530211867177933,0.020530211867177933,0.48311962808577313,0.48311962808577313,0.011453000472496474,-0.001638121559188529,0.14502508351785337,0.14502508351785337,0.33809454456791976,0.33809454456791976,0.09620091734488695,0.09620091734488695,0.3392635043256004,0.3392635043256004
2025-06-02,midday,6,0.009001910574895272,0.008517145111080232,1.1442297061441888,1.1442297061441888,0.014396570004042007,-0.008792137743989521,0.4520832424684616,0.4520832424684616,0.6921464636757273,0.6921464636757273,0.09277315214618359,0.09277315214618359,0.4868491663602782,0.4868491663602782
2025-06-03,midday,6,0.02461258576408007,-0.02461258576408007,0.9512566722207403,0.9512566722207403,0.014363302645358879,0.008272351701007357,0.3784181773938912,0.3784181773938912,0.5728384948268492,0.5728384948268492,0.07964056645005292,0.07964056645005292,0.5177514306105667,0.5177514306105667
2025-06-04,midday,6,0.04786028938139694,0.04786028938139694,0.45262726678463444,0.45262726678463444,0.012619461890987532,0.007168261101233218,0.1434275490128686,0.1434275490128686,0.30919971777176597,0.30919971777176597,0.07710492749461287,0.07710492749461287,0.2944283968892773,0.2944283968892773
2025-06-05,midday,6,0.01398894624152111,-0.013755767917154355,0.37320225879308444,0.37320225879308444,0.012710497864617174,0.0003804488450194609,0.1010708817136964,0.1010708817136964,0.2721313770793881,0.2721313770793881,0.0748379695783398,0.0748379695783398,0.29648317129647905,0.29648317129647905
2025-06-06,midday,6,0.011927158952383582,-0.011199572451540046,0.5357064684003916,0.5357064684003916,0.009392265115649258,0.0004569769191443392,0.11127940245616554,0.11127940245616554,0.42442706594422586,0.42442706594422586,0.05473558733976027,0.05473558733976027,0.357501424240512,0.357501424240512
2025-06-07,midday,6,0.07907068213174173,-0.07907068213174173,0.451002469701124,0.451002469701124,0.009794541555693983,-0.0053526697985557346,0.038095552573930325,0.0333459029608328,0.4176565667402913,0.4176565667402913,0.012475128014645436,0.012475128014645436,0.33897036586068213,0.33897036586068213
2025-06-08,midday,6,0.00983863505086549,0.002111315767809402,0.3286199657505486,0.3286199657505486,0.015290843942398206,-0.002229000692795322,0.12873082766197252,-0.12873082766197252,0.45735079341252105,0.45735079341252105,0.07739276246756707,0.07739276246756707,0.3172798726772191,0.3172798726772191
2025-06-09,midday,6,0.04088773151668579,-0.04088773151668579,0.7788738979660457,0.7788738979660457,0.0070956339426851145,0.0011494990103087608,0.10963983449007779,0.10963983449007779,0.6692340634759679,0.6692340634759679,0.07804837926754413,0.07804837926754413,0.5100309488873981,0.5100309488873981
2025-06-10,midday,6,0.02701888087831608,-0.02701888087831608,0.36203700563251806,0.36203700563251806,0.010212027183437104,-0.0012500023745517525,0.022891580706512357,-0.00821817718805297,0.3702551828205709,0.3702551828205709,0.054119812475281234,0.054119812475281234,0.270086683689969,0.270086683689969
2025-06-11,midday,6,0.04193089770464234,-0.04193089770464234,0.9265086501742743,0.9265086501742743,0.013458553214611039,-0.0034996472385457186,0.3067877246909571,0.3067877246909571,0.6197209254833171,0.6197209254833171,0.060261387661107106,0.060261387661107106,0.5115245174176841,0.5115245174176841
2025-06-12,midday,6,0.08446577986600923,-0.08446577986600923,0.4214567598002999,0.4214567598002999,0.015616942952414867,0.001464947205885368,0.15137608089048843,0.15137608089048843,0.27008067890981147,0.27008067890981147,0.05880218225230675,0.05880218225230675,0.25020625916465894,0.25020625916465894
2025-06-13,midday,6,0.03550446802068491,-0.03550446802068491,0.2431303051219063,0.2431303051219063,0.015999539492527144,-0.004721510424329937,0.02957788149670481,-0.010765825703808136,0.2538961308257144,0.2538961308257144,0.03187389904249943,0.03187389904249943,0.19903983425563337,0.19903983425563337
2025-06-14,midday,6,0.04719888695382285,-0.04719888695382285,0.879336938137953,0.879336938137953,0.010520813141174647,-0.0003261866710408453,0.3722490766464672,0.3722490766464672,0.5070878614914855,0.5070878614914855,0.05369825060991293,0.05369825060991293,0.4273023913684333,0.4273023913684333
2025-06-15,midday,6,0.016407513899144882,-0.005050151604048397,0.8738588254137696,0.8738588254137696,0.013739682119214105,0.006284637977317092,0.44732412546475064,0.44732412546475064,0.42653469994901905,0.42653469994901905,0.061946144885168974,0.061946144885168974,0.3500747384399431,0.3500747384399431
2025-06-16,midday,6,0.026378517096549314,0.026378517096549314,0.7986611826531453,0.7986611826531453,0.011001984502997608,-0.0027369524975107964,0.3953433296409254,0.3953433296409254,0.4033178530122199,0.4033178530122199,0.07436135658977512,0.07436135658977512,0.476273696570516,0.476273696570516
2025-06-17,midday,6,0.0337635200801121,-0.0337635200801121,0.29442326871936175,0.29442326871936175,0.012919788559889964,0.0036872418303295507,0.20033336032869953,-0.20033336032869953,0.4947566290480612,0.4947566290480612,0.03543105191291907,0.03543105191291907,0.44241230295688677,0.44241230295688677
2025-06-18,midday,6,0.09599627268389668,-0.09599627268389668,0.48851538327772215,0.48851538327772215,0.0170949078203936,-3.116349410237952e-05,0.15236296870090985,0.15236296870090985,0.33615241457681244,0.33615241457681244,0.0592436870006801,0.0592436870006801,0.3266959377609381,0.3266959377609381
2025-06-19,midday,6,0.03610932908765144,-0.03473743405895233,0.3350441162478768,0.3350441162478768,0.012212890060757068,0.0018535485261551975,0.07769194954315507,-0.07434513930029857,0.4093892555481753,0.4093892555481753,0.05027074839428214,0.05027074839428214,0.4208776272439356,0.4208776272439356
2025-06-20,midday,6,0.013482265521656489,0.011246032794364869,0.6047591171952462,0.6047591171952462,0.009594937403595079,-0.0056494900264902545,0.02789741966282861,0.02381986712225736,0.5809392500729889,0.5809392500729889,0.057198467645115936,0.057198467645115936,0.5140967986812389,0.5140967986812389
2025-06-21,midday,6,0.06998812341458402,-0.06998812341458402,0.44262720395770816,0.44262720395770816,0.009389196979802315,0.000735651315069849,0.03309839205900968,-0.01172733564772419,0.4543545396054325,0.4543545396054325,0.040230273835200586,0.040230273835200586,0.44410617692746523,0.44410617692746523
2025-06-22,midday,6,0.05501649709180298,-0.05501649709180298,0.41478220558735,0.41478220558735,0.009789413385778404,0.001293569903578191,0.09816285872746308,0.09816285872746308,0.3166193468598869,0.3166193468598869,0.059379824571259635,0.059379824571259635,0.303009008581877,0.303009008581877
2025-06-23,midday,6,0.09847839458406385,-0.09847839458406385,0.5303170248021847,0.5303170248021847,0.010891312459947596,0.0006606573088684415,0.06322007871932694,0.06322007871932694,0.4670969460828576,0.4670969460828576,0.05484012311111642,0.05484012311111642,0.3683336093396381,0.3683336093396381
2025-06-24,midday,6,0.025105240720072974,-0.014454426280012533,0.6133288589208454,0.6133288589208454,0.012358495021950005,-0.0012938328866507927,0.07029686554180947,0.07029686554180947,0.543031993379036,0.543031993379036,0.03798878144645702,0.037183001312028764,0.4618744967357481,0.4618744967357481
2025-06-25,midday,6,0.01639918610184593,0.006227000853906928,0.42568684252297584,0.42568684252297584,0.005609691921504366,-0.0003314463324927165,0.06649329753236917,0.06334433822112763,0.3623425043018481,0.3623425043018481,0.06069701912085923,0.06069701912085923,0.32094449796330554,0.32094449796330554
2025-06-26,midday,6,0.05240858162191184,-0.05240858162191184,0.5238296268758975,0.5238296268758975,0.009631492050685678,-3.1207324614495116e-05,0.1006768892404383,0.1006768892404383,0.42315273763545913,0.42315273763545913,0.04469208847534386,0.04469208847534386,0.44000403546960654,0.44000403546960654
2025-06-27,midday,6,0.03473261270262132,-0.03473261270262132,0.13438281602765248,0.13438281602765248,0.012153236733790302,0.00153617178804623,0.0215737725297434,-0.007469376719353387,0.14185219274700583,0.14185219274700583,0.04478413255075181,0.04478413255075181,0.12951315847242784,0.12951315847242784
2025-06-28,midday,6,0.014002095395150932,0.004267338657959779,0.03931750342073872,0.0033232732578592702,0.017975681961023275,0.012457508148781672,0.0328163865441646,0.0328163865441646,0.0338095421178162,-0.0294931132863053,0.059095145395176546,0.059095145395176546,0.03912175635370453,-0.0025738591619903946
2025-06-29,midday,6,0.010804221232406791,0.007856180988627032,0.039560192966231006,-0.012112825001635047,0.006252817025533175,-0.001844519440662785,0.05820236169423185,-0.05820236169423185,0.06108483149191145,0.04608953669259687,0.028230882198877857,0.028230882198877857,0.034344099043375764,-0.010880836967555919
2025-06-30,midday,6,0.024093632500827716,0.024093632500827716,0.0885207596928495,-0.0885207596928495,0.007142094285510067,0.0009046617697236279,0.06742868449107421,-0.06742868449107421,0.04687055258768915,-0.02109207520177523,0.05100394520067444,0.05100394520067444,0.07809356852551833,-0.07809356852551833
2025-07-01,midday,7,0.1346271711326046,0.1346271711326046,0.20618337494804273,-0.20618337494804273,0.009672999545643437,-0.0013376633987497947,0.20195548375097194,-0.20195548375097194,0.015376620254575937,-0.004227891197070857,0.056912736536742475,0.056912736536742475,0.031854087651030774,0.031854087651030774
2025-07-02,midday,7,0.012794126481702056,0.012033228791663159,0.12719956489128137,-0.125119719431159,0.009979769299824413,3.5678036848620434e-05,0.16080117505969982,-0.16080117505969982,0.055385374681628255,0.03568145562854087,0.022387705139421996,0.022387705139421996,0.02205634646795355,-0.020463545658275385
2025-07-03,midday,7,0.03590990025760091,0.03590990025760091,0.16427338439767158,0.16427338439767158,0.01636635704828377,0.0011299944324246695,0.09807835350013622,0.09807835350013622,0.06619503089753538,0.06619503089753538,0.032228926190501425,0.027838686776615832,0.053751066376992354,0.053606250365017205
2025-07-04,midday,7,0.03974331684578067,-0.03974331684578067,0.06509514802692273,0.06509514802692273,0.00900703874481102,0.000577379335880323,0.03607159101673417,0.018691478054112264,0.04640366997281043,0.04640366997281043,0.07820218053449962,0.07820218053449962,0.07634319702484421,0.07634319702484421
2025-07-05,midday,7,0.1348200253858401,0.1348200253858401,0.22307087678518367,0.22199510069622547,0.014819008479652325,-0.0026813754081692533,0.12970794126819585,-0.12970794126819585,0.3517030419644214,0.3517030419644214,0.06865514988062871,0.06865514988062871,0.035075542629284084,0.03404675284929602
2025-07-06,midday,7,0.0597046086659134,0.0597046086659134,0.2752510576085475,0.2752510576085475,0.016005105967563743,0.0013686954013159072,0.032733327723737,0.021055827368269373,0.25419523024027807,0.25419523024027807,0.07990999260792554,0.07990999260792554,0.09442503648617136,0.09442503648617136
2025-07-07,midday,7,0.028320647087656747,0.028320647087656747,0.33633190052385775,0.33633190052385775,0.009372760537765177,-0.00029598744820464803,0.03756020669915294,-0.006848342193422532,0.3431802427172803,0.3431802427172803,0.06856599861901934,0.06856599861901934,0.02940654802490979,0.023678689042786475
2025-07-08,midday,7,0.016127875231953054,-0.010417636115693657,0.24193281170084907,0.24193281170084907,0.016440474444243243,0.0065521355926573596,0.04876999166001201,0.04876999166001201,0.19316282004083712,0.19316282004083712,0.04310415285250872,0.04310415285250872,0.05796848208167153,0.05796848208167153
2025-07-09,midday,7,0.0721594869839692,0.0721594869839692,0.22502129074307792,0.22502129074307792,0.013019985110548308,0.00019079421916702588,0.10392915706869721,-0.10392915706869721,0.32895044781177507,0.32895044781177507,0.026058466697202298,0.026058466697202298,0.024123086604958335,-0.022903546436315383
2025-07-10,midday,7,0.055793173766197246,0.055793173766197246,0.29757275399674843,0.29757275399674843,0.01742604733930165,0.0006992719900276688,0.06737017075742205,-0.06737017075742205,0.36494292475417045,0.36494292475417045,0.05438656497191584,0.05419923336320466,0.04784906877029964,0.03400362362539061
2025-07-11,midday,7,0.08215678848863306,0.08215678848863306,0.3414887355943552,0.3414887355943552,0.012983518124481936,-0.005587557512894378,0.11455507577788529,-0.09018338250830134,0.4316721181026566,0.4316721181026566,0.04399531482450588,0.04100107722097387,0.030562533951009135,0.019755770548900514
2025-07-12,midday,7,0.08824835306015422,-0.08824835306015422,0.1683690827702518,0.16521758128930852,0.011514538511483501,0.0005405178752050464,0.15022886106680883,-0.15022886106680883,0.31544644235611735,0.31544644235611735,0.05100043875970651,0.05100043875970651,0.039725083352747464,0.037340089867391735
2025-07-13,midday,7,0.016542073571288868,-0.01341871127911301,0.30225955065549603,0.30225955065549603,0.011776469651787186,-0.004951532951825552,0.01176678310861331,0.007737794775447783,0.29452175588004825,0.29452175588004825,0.038853601280682715,0.03749704693121824,0.025310937313353744,0.021435794077655737
2025-07-14,midday,7,0.016218166086877095,-0.016218166086877095,0.28131934817814386,0.28131934817814386,0.01118374963667221,-0.0004859488876417604,0.05536516881555057,0.05536516881555057,0.22595417936259332,0.22595417936259332,0.0749081422282103,0.0749081422282103,0.05787797207418706,0.057390401457597634
2025-07-15,midday,7,0.021019798687324065,0.021019798687324065,0.4301206494658878,0.4301206494658878,0.014013578989320846,-0.0036421402333796336,0.02948960684533735,0.011403384332800422,0.4187172651330874,0.4187172651330874,0.10785965824117619,0.10785965824117619,0.032247159683534754,-0.024523346841446553
2025-07-16,midday,7,0.01336085500314238,0.012672715963187864,0.24180184613069733,0.24180184613069733,0.005742936678285361,-0.001306675226695796,0.0158602022945644,0.0015256086346303772,0.2402762374960669,0.2402762374960669,0.05696493867665241,0.05696493867665241,0.028952902224684968,0.017239811493392945
2025-07-17,midday,7,0.013913996065831769,0.013913996065831769,0.3286624375167725,0.3286624375167725,0.009367676198361687,-0.000955023028125411,0.016154830996893955,0.016154830996893955,0.31250760651987847,0.31250760651987847,0.04189657841366877,0.04189657841366877,0.016510603263601643,0.015628645699145283
2025-07-18,midday,7,0.08733799332385758,-0.08733799332385758,0.21816961743073587,0.21816961743073587,0.014834699802983761,-0.009300045718192913,0.041965611470224845,0.008861389953105994,0.20930822747762973,0.20930822747762973,0.07768511198326752,0.07768511198326752,0.10073882175403424,0.10073882175403424
2025-07-19,midday,7,0.05971819612466414,0.05971819612466414,0.10137068241645354,-0.0503031391427234,0.010078168799486684,-0.007026688547153364,0.09243605167763015,-0.0877189243045101,0.04977712916702315,0.037415785161786716,0.06755719555254844,0.06755719555254844,0.06315726959548909,0.06315726959548909
2025-07-20,midday,7,0.04387872566232265,0.04049501012827883,0.5422691671464646,0.5422691671464646,0.010324846921579941,-0.002416244640482316,0.0997129247878447,0.0997129247878447,0.4425562423586199,0.4425562423586199,0.059805155860668494,0.059805155860668494,0.08972311830074964,0.08972311830074964
2025-07-21,midday,7,0.02041844406132534,-0.02041844406132534,0.3395933727596576,0.3395933727596576,0.008810020592925938,0.0020456576606851743,0.18796338171257956,-0.18796338171257956,0.5275567544722373,0.5275567544722373,0.03516649094188946,0.03516649094188946,0.018193168962058616,0.014829001836410914
2025-07-22,midday,7,0.0487224355543846,-0.0487224355543846,0.4654261707921553,0.4654261707921553,0.01162827869038044,-0.002213835335609069,0.011459969523920206,0.0073758424065341124,0.4580503283856213,0.4580503283856213,0.015369826525200525,0.012622793009906949,0.1552969393503057,-0.1552969393503057
2025-07-23,midday,7,0.05188436869720742,-0.05188436869720742,0.3568272671339171,0.3568272671339171,0.01570784743450824,-0.0004623680721324904,0.13748755035218604,0.13748755035218604,0.21933971678173111,0.21933971678173111,0.06823481526959918,0.06823481526959918,0.04305348478052232,0.01430882131881981
2025-07-24,midday,7,0.03718843629552912,-0.03602868094538922,0.4401066865289424,0.4401066865289424,0.015255560380158517,-0.001985960503206312,0.17746847240405544,0.17746847240405544,0.26263821412488697,0.26263821412488697,0.06141224541729094,0.06141224541729094,0.022046528433243392,0.020696198016496966
2025-07-25,midday,7,0.06625551700423205,-0.008126615248278068,0.2832343032517498,0.2832343032517498,0.009796601589762659,-0.0047583718850052175,0.024371649439071837,0.021045351875877694,0.26218895137587206,0.26218895137587206,0.08892698087898303,0.08892698087898303,0.09856465303187481,0.09856465303187481
2025-07-26,midday,7,0.10773145399328671,-0.10773145399328671,0.44513781569073974,0.44513781569073974,0.012084466660306966,-0.0035413738860640056,0.024178269219690997,0.017564157282925673,0.42757365840781414,0.42757365840781414,0.03044625160241038,0.03044625160241038,0.0631326806782015,0.0631326806782015
2025-07-27,midday,7,0.13127413695703002,-0.13127413695703002,0.421958794485882,0.421958794485882,0.009964954586734954,-0.0001287740445468956,0.0631486349846055,0.0631486349846055,0.35881015950127654,0.35881015950127654,0.03899328912274225,0.03899328912274225,0.11941482763737558,0.11941482763737558
2025-07-28,midday,7,0.12450407605821623,-0.12450407605821623,0.49084536947039364,0.49084536947039364,0.0118554084040775,-0.001202314777388044,0.060808260960566615,0.0520857260697903,0.4387596434006034,0.4387596434006034,0.036245247505670375,0.03498862672379167,0.034352339179650374,0.03332416302683172
2025-07-29,midday,7,0.057701554262988564,0.011315723308602255,0.33686632595788113,0.33686632595788113,0.01475413932174579,0.007142970895752058,0.2209803805106214,-0.2209803805106214,0.5578467064685025,0.5578467064685025,0.08922993737861143,0.08922993737861143,0.0486816293476204,0.04687072790973756
2025-07-30,midday,7,0.015255648041182679,-0.006418540191779343,0.5224422158459153,0.5224422158459153,0.007781712948570977,0.0003941677953064344,0.030483726690255113,0.030483726690255113,0.4919584891556602,0.4919584891556602,0.047669538992742025,0.047669538992742025,0.10588136807758726,0.10588136807758726
2025-07-31,midday,7,0.07610423307288036,-0.07610423307288036,0.34498391212066687,0.34498391212066687,0.009207607168176096,-0.0031668859906900364,0.17202673900491453,0.17202673900491453,0.17295717311575237,0.17295717311575237,0.055870403128515836,0.054328358051848345,0.07474978258799667,0.07260927569912923
2025-08-01,midday,8,0.025455446511744168,-0.025455446511744168,0.33648394857032926,0.33648394857032926,0.00927905090289748,-0.002093915054506172,0.03519949531750009,0.026790699232328533,0.3096932493380008,0.3096932493380008,0.04804288729480137,0.04798590762907266,0.07869864874504522,0.07869864874504522
2025-08-02,midday,8,0.08396918016392746,-0.08396918016392746,0.2152917936673389,0.2152917936673389,0.017660803562103956,-0.0030355259459292957,0.08078664668041804,-0.06294911849353084,0.2782409121608696,0.2782409121608696,0.029443497146609144,0.021472743199355132,0.043412325183077,0.03960494391908406
2025-08-03,midday,8,0.013871042163974834,-0.013198682108376047,0.2185439300040614,0.2185439300040614,0.011174194585034665,0.007587806763044963,0.03533589587115222,0.03533589587115222,0.18320803413290918,0.18320803413290918,0.037350784512343777,0.037350784512343777,0.030488241233001322,0.024017981036944924
2025-08-04,midday,8,0.05746267797204899,-0.05746267797204899,0.2673857160428915,0.2673857160428915,0.012982553853215737,0.0029437010230818576,0.03273262643554342,-0.031943151251615995,0.29932886729450753,0.29932886729450753,0.09470366705158466,0.09470366705158466,0.09774423350640546,0.09774423350640546
2025-08-05,midday,8,0.10853399066981956,-0.10853399066981956,0.42643213655070744,0.42643213655070744,0.014673666501531997,0.005419818143091429,0.29635720240470653,0.29635720240470653,0.13007493414600083,0.13007493414600083,0.05442710819560742,0.05105829503567723,0.08776832129164573,0.0849740384843094
2025-08-06,midday,8,0.08842937307512297,-0.08842937307512297,0.1904082038469505,0.1904082038469505,0.01876804995874925,0.0009407781116932239,0.03907336746834722,0.009380299385846197,0.18102790446110423,0.18102790446110423,0.05837255557271223,0.05837255557271223,0.08795766910391345,0.08795766910391345
2025-08-07,midday,8,0.037871753979152684,-0.037871753979152684,0.15961196560542934,0.15961196560542934,0.013048387282388482,0.0025018894611237887,0.07038702490519715,0.07038702490519715,0.08922494070023224,0.08922494070023224,0.08865571383960223,0.08865571383960223,0.04781111154682188,0.04553157427357639
2025-08-08,midday,8,0.01793150080482739,0.0017703143836791113,0.2353941759059183,0.2353941759059183,0.01518380983185242,-0.007771807252836611,0.03018686263180849,0.03018686263180849,0.2052073132741098,0.2052073132741098,0.051935036769193824,0.050038753493742094,0.057855311699431866,0.05743988610575741
2025-08-09,midday,8,0.01858413712998158,0.01526266092311851,0.5351828691028567,0.5351828691028567,0.004725367509394661,0.00012553058665157497,0.01885417691502381,-0.014597357579967614,0.5497802266828242,0.5497802266828242,0.07733696622566508,0.07733696622566508,0.12628127183229493,0.12412445999292669
2025-08-10,midday,8,0.0409359450799949,0.0409359450799949,0.4749872272098979,0.4749872272098979,0.02157232612284416,0.007960322285374471,0.06240895126242253,0.030449495060305767,0.44453773214959214,0.44453773214959214,0.01597166328683212,0.015537215250906695,0.05121555891308858,0.047660904381858556
2025-08-11,midday,8,0.029870932300598813,0.029870932300598813,0.7492940002657844,0.7492940002657844,0.01212803418933337,-0.003951715140334962,0.23634069581469647,0.23634069581469647,0.5129533044510878,0.5129533044510878,0.06845497593187254,0.06845497593187254,0.10088832763080395,0.10088832763080395
2025-08-12,midday,8,0.025568529232959547,0.010965955822052176,0.2930701331498409,0.2930701331498409,0.018768751246942827,0.0001242156712885998,0.1815174912812502,-0.1815174912812502,0.47458762443109126,0.47458762443109126,0.0925274382953565,0.0925274382953565,0.11790512947863713,0.11790512947863713
2025-08-13,midday,8,0.048302539248476134,0.048302539248476134,0.3125531025914372,0.3125531025914372,0.00569590653880315,-0.0016084483024975098,0.03010796771003025,0.03010796771003025,0.282445134881407,0.282445134881407,0.031499191994564996,0.031499191994564996,0.0743834909983852,-0.0743834909983852
2025-08-14,midday,8,0.01912719717488856,0.018168185570162115,0.42042235971476316,0.42042235971476316,0.010901305816706185,-0.004349170224048824,0.053589024973762237,0.04614748062959169,0.37427487908517154,0.37427487908517154,0.06750775473490078,0.0670754105635561,0.04562199662003663,0.014298959453597493
2025-08-15,midday,8,0.018563975094416096,-0.01785304418817013,0.6028812427348762,0.6028812427348762,0.013299404625179525,0.0007585308423855176,0.19926841037622972,0.19926841037622972,0.4036128323586463,0.4036128323586463,0.05475982561295105,0.05446808972442001,0.03659229750047042,0.03559471504509688
2025-08-16,midday,8,0.04447964198320015,0.04447964198320015,0.25297481346139317,0.25297481346139317,0.006747488185082662,0.0024382475575560423,0.0715611128327934,0.04883770980120496,0.20460696674988968,0.20413710366018825,0.0305753762910541,0.01727176393671307,0.03877470635890452,-0.03877470635890452
2025-08-17,midday,8,0.010096358462007932,0.0033341870553719455,0.4860205943595583,0.4860205943595583,0.013807137277334486,-0.004549344172805024,0.1003363699919411,0.1003363699919411,0.3856842243676173,0.3856842243676173,0.07143970231427905,0.07143970231427905,0.06886058349083689,0.0549993593615722
2025-08-18,midday,8,0.015198230070333052,0.011803995213385265,0.24944080310136185,0.24944080310136185,0.012653167554791667,0.0026900538495648746,0.11137495297254141,0.09270552166601492,0.15673528143534685,0.15673528143534685,0.04672919918616975,0.04672919918616975,0.053151859446086684,-0.05026377934285848
2025-08-19,midday,8,0.0772109535033805,0.0772109535033805,0.26145562307794346,0.26145562307794346,0.014334330676861426,-0.00438673297291769,0.1038283907213816,0.1038283907213816,0.15762723235656184,0.15762723235656184,0.046283399047610724,0.04422134877540053,0.03526844071303184,-0.031117866539303637
2025-08-20,midday,8,0.0912226916111932,0.0912226916111932,0.32299199650549887,0.32299199650549887,0.00969320541172107,-0.002307325817916296,0.14157956696174995,0.14157956696174995,0.18208917265055766,0.1814124295437489,0.03175542516829585,0.025102041092689778,0.03324649535939228,0.030309062099540582
2025-08-21,midday,8,0.0568508040231466,0.0568508040231466,0.7456336703698836,0.7456336703698836,0.013851449925066591,-0.005519707880165071,0.31009017845556947,0.31009017845556947,0.435543491914314,0.435543491914314,0.02945340284234358,0.027893211933667082,0.09927304176841899,0.09927304176841899
2025-08-22,midday,8,0.04153773801111427,0.04153773801111427,0.16589498185379872,0.16589498185379872,0.011099507392417912,-0.00438914365108311,0.04647664777545531,-0.033645177697444864,0.19954015955124366,0.19954015955124366,0.025965063875919396,0.025965063875919396,0.014634131379618671,-0.009704513683842599
2025-08-23,midday,8,0.026181718097224804,-0.02587402790228971,0.3829806268898139,0.3829806268898139,0.01438539322345678,-0.0034183854691141637,0.024583175490461708,0.011061374846891802,0.3719192520429221,0.3719192520429221,0.0036890388813256066,0.0006379092730890563,0.07735936361734774,-0.07735936361734774
2025-08-24,midday,8,0.009920598108490802,-0.008854640054242663,0.4543271893658827,0.4543271893658827,0.01317996647970971,-0.0029036399350233473,0.07888992509984528,0.07888992509984528,0.37543726426603735,0.37543726426603735,0.007723462197991407,0.004654274418770069,0.0494407738171753,-0.04791836480992815
2025-08-25,midday,8,0.008280022040624752,0.002153393059424663,0.37980900720381716,0.37980900720381716,0.00965445923902554,-0.0008425977645914288,0.016724671484693237,0.011694068289041033,0.3681149389147761,0.3681149389147761,0.016591821202521152,-0.016475232040337774,0.07245451016090762,-0.07245451016090762
2025-08-26,midday,8,0.015520822639381537,-0.013119787186597565,0.35775892849909374,0.35775892849909374,0.009094612107984849,0.002323586937905014,0.19540488222623803,0.19540488222623803,0.1623540462728558,0.1623540462728558,0.015548172878931519,-0.012796142685258657,0.023481539399365085,-0.016816496407540675
2025-08-27,midday,8,0.024434195579837226,0.024434195579837226,0.08478486599408996,0.021437678789675944,0.01702688286561595,0.0033844606527495408,0.036913838137228816,0.015249029633855753,0.047889611993991194,0.006188649155820222,0.016590462456646055,0.007557169235087743,0.018719135107246765,-0.01287565123420624
2025-08-28,midday,8,0.027147742583886886,0.022254504213152976,0.16756978955161422,0.16756978955161422,0.01958987206060575,-0.0038916235082472137,0.09994193921356209,0.09994193921356209,0.06762785033805216,0.06762785033805216,0.03227218690594321,0.03227218690594321,0.03277522969330364,0.027945808548185888
2025-08-29,midday,8,0.041821759729515934,-0.041821759729515934,0.31787719489610455,0.31787719489610455,0.013666791977593457,-0.005216444566952005,0.0888435714144587,-0.07745254728607025,0.39532974218217476,0.39532974218217476,0.030814427904042114,0.030814427904042114,0.02413075694457569,0.017850984154101614
2025-08-30,midday,8,0.0255321499079173,0.0255321499079173,0.5174599577051084,0.5174599577051084,0.010861376220183981,-0.004859138232320829,0.09166502913929643,0.08217125255762586,0.43528870514748247,0.43528870514748247,0.03269322280516631,0.03269322280516631,0.021839473094087652,0.011397467213667037
2025-08-31,midday,8,0.015423080597400912,0.007707157247490576,0.6287196802613415,0.6287196802613415,0.008422865679555339,-0.00012864255301060605,0.1848739442367685,0.1848739442367685,0.4438457360245729,0.4438457360245729,0.016083431092684654,-0.003833942554324944,0.012060316048140403,0.0004935315662348769
2025-09-01,midday,9,0.007874589803708892,0.005969715747885712,0.7353127243638805,0.7353127243638805,0.010930628429300435,0.00868650620983095,0.0640642105518418,0.055318270167604634,0.6799944541962757,0.6799944541962757,0.011206585333475806,0.0027273974458732198,0.09370595310467489,0.09370595310467489
2025-09-02,midday,9,0.02922837699322725,-0.02922837699322725,0.6726084869414468,0.6726084869414468,0.011470664168872366,0.007380050135695634,0.4665214514589976,0.4665214514589976,0.2060870354824491,0.2060870354824491,0.04965843614025893,0.04965843614025893,0.05207853786580607,0.05207853786580607
2025-09-03,midday,9,0.009493688920646531,-0.0037001718313986187,0.5305786052983914,0.5305786052983914,0.01338855588678891,-0.0006432565955651051,0.10264203025039764,0.10264203025039764,0.42793657504799393,0.42793657504799393,0.05776953538725401,0.05590086533442466,0.01787903568184497,0.001538582466211677
2025-09-04,midday,9,0.022522308642078243,-0.0213897282094396,0.4339978527356545,0.4339978527356545,0.014174480799236338,0.003922173375180244,0.11265445328173579,0.10317391351471913,0.33082393922093534,0.33082393922093534,0.041842447731226515,0.041842447731226515,0.018415959455057883,-0.015115784877074746
2025-09-05,midday,9,0.01583990876746258,-0.007832950817214662,0.9864920647276496,0.9864920647276496,0.01532801221665816,-0.008569171928941846,0.34528800821360983,0.34528800821360983,0.6412040565140398,0.6412040565140398,0.016924231806280013,0.0136011777009812,0.13614484644454486,0.13614484644454486
2025-09-06,midday,9,0.07223838190574747,0.07223838190574747,1.0738672701562795,1.0738672701562795,0.01428370643538708,0.0007868891837136092,0.33227253764580766,0.33227253764580766,0.7415947325104715,0.7415947325104715,0.04184498990092827,0.04184498990092827,0.04552368478139855,0.04552368478139855
2025-09-07,midday,9,0.013482703826777548,-0.007558571811474929,0.41579241123020816,0.41579241123020816,0.012250233657065422,-0.001534550059098548,0.033948966976803135,0.010185728876177684,0.4056066823540304,0.4056066823540304,0.02301987261542615,0.02301987261542615,0.022230046787401987,-0.021946200391048783
2025-09-08,midday,9,0.05068341266569454,-0.05068341266569454,0.5252939604546134,0.5252939604546134,0.013016434839068267,-0.004211060280424814,0.05217601692471427,0.05217601692471427,0.4731179435298992,0.4731179435298992,0.044719131901308974,0.044719131901308974,0.01640549769558819,0.013005915516164535
2025-09-09,midday,9,0.017318750245683273,-0.017196901422048022,0.7676418909355525,0.7676418909355525,0.010631660506273056,-0.005054490824746141,0.3062981378708113,0.3062981378708113,0.4613437530647412,0.4613437530647412,0.06383445100741872,0.06383445100741872,0.07982206860065504,0.07982206860065504
2025-09-10,midday,9,0.05011668414425427,-0.05011668414425427,0.9831950897770495,0.9831950897770495,0.018958230550746885,0.008166194200703561,0.3772141532265314,0.3772141532265314,0.6059809365505182,0.6059809365505182,0.05956189651851895,0.05956189651851895,0.13829999272445337,0.13829999272445337
2025-09-11,midday,9,0.016210714899820206,0.01339153636161175,0.5914861861993745,0.5914861861993745,0.015282954450220383,0.005662244705511091,0.19826863639525122,0.19826863639525122,0.39321754980412327,0.39321754980412327,0.03490613770002135,0.03490613770002135,0.07563371252549747,0.07563371252549747
2025-09-12,midday,9,0.011726853512091101,0.011056246676976161,0.4689212596574428,0.4689212596574428,0.0071188202835855054,0.003427940520751767,0.1337909726227794,0.1337909726227794,0.33513028703466335,0.33513028703466335,0.03382987947543007,0.03382987947543007,0.030030913669760205,-0.030030913669760205
2025-09-13,midday,9,0.018756391042530823,0.018462726611467445,1.3347868022407394,1.3347868022407394,0.015652051192606153,-0.0017150002774101985,0.6920263680725759,0.6920263680725759,0.6427604341681638,0.6427604341681638,0.04137696769273504,0.04137696769273504,0.09762190254713703,0.09762190254713703
2025-09-14,midday,9,0.05569148697812773,0.05569148697812773,0.9078356685962679,0.9078356685962679,0.012732150137594088,0.007272621550540927,0.12542289508334786,0.12542289508334786,0.78241277351292,0.78241277351292,0.03136897154311884,0.03136257228835238,0.07285612914327089,0.07285612914327089
2025-09-15,midday,9,0.037745522104307566,0.037745522104307566,1.0117420337986738,1.0117420337986738,0.017555259688969545,-0.0004368148835787889,0.41277209447197716,0.41277209447197716,0.5989699393266963,0.5989699393266963,0.03970750731739571,0.03970750731739571,0.1689434816313094,0.1689434816313094
2025-09-16,midday,9,0.033315572246460146,0.033315572246460146,0.15454695545777936,0.15454695545777936,0.006352794423631042,-0.003042100522744135,0.12209309107918581,0.12209309107918581,0.041959825842627765,0.03245386437859367,0.039596922935369885,0.039596922935369885,0.040330645707907405,0.040330645707907405
2025-09-17,midday,9,0.07603235103303807,0.07603235103303807,0.5002086626175455,0.5002086626175455,0.009096277667444608,-0.0007255264667749717,0.11180326473677296,0.11180326473677296,0.3884053978807725,0.3884053978807725,0.029447003587577094,0.029447003587577094,0.02253707952465555,-0.02253707952465555
2025-09-18,midday,9,0.018063430646245687,0.017356882791209532,0.34167050072802985,0.34167050072802985,0.012600614770784937,0.003532607783644207,0.1934028359250914,0.1934028359250914,0.1482676648029385,0.1482676648029385,0.03369878241374191,0.03369878241374191,0.037591063379670664,0.037591063379670664
2025-09-19,midday,9,0.1358842302196041,-0.1358842302196041,0.39511825996129696,0.39511825996129696,0.0515381076516252,0.0515381076516252,0.09104232905390575,0.09104232905390575,0.30407593090739116,0.30407593090739116,0.02784333281089838,0.02784333281089838,0.08996103032042307,0.08996103032042307
2025-09-20,midday,9,0.1288319008228728,-0.1288319008228728,0.09154177773927398,0.09154177773927398,0.019672799389497102,0.009545584246971595,0.046847410077300894,-0.01872312368384778,0.11026490142312181,0.11026490142312181,0.013415511651729745,0.009046310883651668,0.036313009477375535,0.036313009477375535
2025-09-21,midday,9,0.04282021879513112,-0.04282021879513112,0.2163533248398648,0.2163533248398648,0.01669591866875629,-7.950854894760856e-05,0.10900188138647657,0.10900188138647657,0.10812461368681484,0.10735144345338823,0.03210019597646672,-0.028961493005056356,0.06650109936352279,-0.06544864110700127
2025-09-22,midday,9,0.05251728129191732,-0.05251728129191732,0.7533687038230691,0.7533687038230691,0.009911437531462057,-0.002355670872761482,0.29871589758280287,0.29871589758280287,0.45465280624026627,0.45465280624026627,0.05220170160480419,0.05220170160480419,0.13426486811959398,0.13426486811959398
2025-09-23,midday,9,0.01773119536453499,0.006742009371070168,1.1207387431847227,1.1207387431847227,0.016720682908092234,-0.005557928086715435,0.5254883926062848,0.5254883926062848,0.5952503505784378,0.5952503505784378,0.09013648386035533,0.09013648386035533,0.11259839405676117,0.11259839405676117
2025-09-24,midday,9,0.09411682032509108,0.09411682032509108,0.4417414331386993,0.4417414331386993,0.010098199343515957,-0.0002665771745862071,0.1315375583347449,-0.1315375583347449,0.5732789914734442,0.5732789914734442,0.0682741750694641,0.0682741750694641,0.045824931891055076,0.045824931891055076
2025-09-25,midday,9,0.04497667999040289,0.04497667999040289,0.2929564368014561,0.2929564368014561,0.017044283578919246,-0.0066861692986561454,0.17613102815786613,0.17613102815786613,0.11682540864359005,0.11682540864359005,0.041684394904597466,0.04148934912575685,0.020504965492208968,-0.003289479933030949
2025-09-26,midday,9,0.07706280637248583,0.07706280637248583,0.4655998272810916,0.4655998272810916,0.025320886839600185,0.014537265947879845,0.07240989069959083,0.07240989069959083,0.39318993658150087,0.39318993658150087,0.05723151585123859,0.05723151585123859,0.01163441496207428,-0.0018904538173425724
2025-09-27,midday,9,0.02998971298838715,-0.02583458044140058,0.4207674811670309,0.4207674811670309,0.013456799994127067,0.0032657676259853913,0.10985793511828243,0.10985793511828243,0.31090954604874843,0.31090954604874843,0.04870529782415378,0.04870529782415378,0.046232555653575924,0.046232555653575924
2025-09-28,midday,9,0.010095920156886873,-0.004136723731904879,0.41625030859010653,0.41625030859010653,0.009018478508468849,0.000279901650264305,0.1400361193086953,0.1400361193086953,0.27621418928141117,0.27621418928141117,0.062074655946643305,0.062074655946643305,0.028196782060464866,0.028196782060464866
2025-09-30,midday,9,0.058415553305081386,0.058415553305081386,0.6722654255232476,0.6722654255232476,0.01196901709143816,-0.002793362366582232,0.07047819237036307,0.0533124106119054,0.6189530149113425,0.6189530149113425,0.03736283790317102,0.03736283790317102,0.042680574783583954,-0.031076446705370082
2025-10-01,midday,10,0.06863902025217647,-0.06863902025217647,0.4108934310623893,0.4108934310623893,0.008899610159656318,0.00016015669120982012,0.17942997548151052,0.17942997548151052,0.23146345558087872,0.23146345558087872,0.04149184746494655,0.03912079208243832,0.029070674810695023,-0.02855321178485406
2025-10-02,midday,10,0.04567621496350327,0.04567621496350327,0.9602526656765027,0.9602526656765027,0.010873385780499107,0.001760759332041591,0.3806441099508397,0.3806441099508397,0.5796085557256628,0.5796085557256628,0.08193022857159328,0.08193022857159328,0.019034364150262856,0.019034364150262856
2025-10-03,midday,10,0.012574097310965121,-0.008547826469549685,0.6732029163465336,0.6732029163465336,0.012391324075512149,-0.00493005600089704,0.07789120305115718,0.07789120305115718,0.5953117132953764,0.5953117132953764,0.06817915051923344,0.06817915051923344,0.08134500357404736,0.08134500357404736
2025-10-04,midday,10,0.010292280851090324,-0.0022940890032624728,0.22103683421020487,0.22103683421020487,0.01430899664086819,0.008429922392003299,0.12169015718145956,0.12169015718145956,0.10408124894568084,0.09934667702874538,0.04511689379860751,0.04511689379860751,0.038891295521087915,-0.0383816343264006
2025-10-05,midday,10,0.03565743650791059,-0.03565743650791059,0.24503197955034622,0.24503197955034622,0.0140240544817125,-0.004269749336125415,0.11329490472452661,0.11329490472452661,0.13173707482581964,0.13173707482581964,0.05026614619051173,0.05026614619051173,0.027352562566925784,-0.027352562566925784
2025-10-06,midday,10,0.030353506238809058,0.030353506238809058,0.07228124814658027,-0.07228124814658027,0.014939673879460913,-0.001459161578288251,0.17232632055511127,0.17232632055511127,0.24460756870169148,-0.24460756870169148,0.0537051758308246,0.0537051758308246,0.022227504617700216,0.022227504617700216
2025-10-07,midday,10,0.013086475997402536,-0.004763938360041908,0.18595756598739244,0.18595756598739244,0.010973144026036477,0.00043777915484493647,0.05384188319806147,0.05384188319806147,0.132115682789331,0.132115682789331,0.04804069576919645,0.04706853501084032,0.022265943976811038,0.00711873262256129
2025-10-08,midday,10,0.12307344814330437,-0.12307344814330437,0.2479480235202936,0.2479480235202936,0.012145610224685075,-0.0027891984679328154,0.2076612083244852,0.2076612083244852,0.0402868151958084,0.0402868151958084,0.034040178272481084,0.033955059417984795,0.030040731704470372,-0.030007946481420314
2025-10-09,midday,10,0.015268358889691552,-0.008697288515807283,0.24355664451309345,0.24355664451309345,0.01056819392475368,0.003997386533942146,0.09167844127599872,0.09167844127599872,0.15187820323709475,0.15187820323709475,0.05388229493021667,0.05388229493021667,0.02585526844311139,0.025309666228502864
2025-10-10,midday,10,0.021453720757104194,-0.01594948504770996,0.2424712257114735,0.2424712257114735,0.04399882126547387,0.04399882126547387,0.10052484119396683,0.10052484119396683,0.14194638451750666,0.14194638451750666,0.03477802111315597,-0.03103884012598911,0.03974274704912337,-0.037322601493064225
2025-10-11,midday,10,0.03164957448157668,-0.03164957448157668,0.04003465825970284,0.017380945742351717,0.02206427979064349,-0.0032615160663118136,0.06722824755924543,-0.060988009890684654,0.07836895563303642,0.07836895563303642,0.044280081661613166,0.03698519421092594,0.046553088188556004,0.03998946900172871
2025-10-12,midday,10,0.09377231249999282,-0.09377231249999282,0.33405648331874965,0.33405648331874965,0.024130143317406302,-0.017922603210871375,0.08132532367411485,-0.03212960625008514,0.3661860895688348,0.3661860895688348,0.09209838141241933,0.09209838141241933,0.19413669018916516,0.19413669018916516
2025-10-13,midday,10,0.025441420747872562,0.024627049833072873,0.6741715706639217,0.6741715706639217,0.012934252628882637,0.004232318078792867,0.12824895501195593,0.12824895501195593,0.5459226156519659,0.5459226156519659,0.05365279836886623,0.04944261469868338,0.08423207557549728,0.08423207557549728
2025-10-14,midday,10,0.02050479017016074,-0.020455699996609927,0.6954837188669464,0.6954837188669464,0.017440248425221735,-0.012026391231775763,0.4238831292890771,0.4238831292890771,0.27160058957786903,0.27160058957786903,0.06237467580196105,0.06237467580196105,0.08002425875296779,0.08002425875296779
2025-10-15,midday,10,0.052111410749880294,-0.052111410749880294,0.31497333580852055,0.31497333580852055,0.01294718262995184,0.008817384118958568,0.1290697251815221,0.1290697251815221,0.1884554230414031,0.1859036106269985,0.028892679101060876,0.005533996627109324,0.05290930139213075,-0.05290930139213075
2025-10-16,midday,10,0.052526485699457975,-0.052526485699457975,0.10862362406706211,0.07882010309407159,0.01405460434864553,0.0007704527416764525,0.20379522566581593,-0.20379522566581593,0.2826153287598875,0.2826153287598875,0.053952336088550906,0.053952336088550906,0.01763625847532854,0.01409773357255097
2025-10-17,midday,10,0.08493169820962165,-0.08493169820962165,0.6477364683762526,0.6477364683762526,0.020388201007977197,-0.01598893250859921,0.22120203141030614,0.22120203141030614,0.4265344369659465,0.4265344369659465,0.03962720981923033,0.03962720981923033,0.04647686692801582,0.04647686692801582
2025-10-18,midday,10,0.012773526141015429,-0.006255928991892118,0.3230835584452737,0.3230835584452737,0.009916171226768763,0.0010871281915918376,0.059305663344788206,-0.059305663344788206,0.3823892217900619,0.3823892217900619,0.015976528473675103,0.001261310646673276,0.037186639244533075,-0.037186639244533075
2025-10-19,midday,10,0.014685851383895498,0.012692439693632318,0.42828016243233813,0.42828016243233813,0.010261774814669465,0.0032258380294632044,0.10677590499901608,0.10677590499901608,0.3215042574333221,0.3215042574333221,0.03692365617193889,0.03692365617193889,0.03501317181056719,0.014032469940035493
2025-10-20,midday,10,0.019935431817994342,-0.015890752161497157,0.22982616680142015,0.22982616680142015,0.009663795138102615,-3.6773799651074884e-05,0.11803600738776476,0.11803600738776476,0.11486267831179624,0.11179015941365537,0.09445808469229387,0.09445808469229387,0.06080694604520365,0.06080694604520365
2025-10-21,midday,10,0.01855126424590739,0.0032912331535148442,0.12840271244839924,-0.12840271244839924,0.009637453000331116,0.0003164562973548956,0.08249787753378773,0.08249787753378773,0.21090058998218703,-0.21090058998218703,0.06579078208444608,0.06579078208444608,0.02137237132664846,-0.013071398301240447
2025-10-22,midday,10,0.10148735923966137,-0.10148735923966137,0.268133552240325,0.268133552240325,0.025368705928300192,0.018542541973999814,0.035733175632817686,0.035733175632817686,0.2324003766075074,0.2324003766075074,0.023028857870406476,-0.019680119085017624,0.06094005931044834,-0.06094005931044834
2025-10-23,midday,10,0.0359703863642975,-0.0359703863642975,0.18571356152653717,0.18571356152653717,0.010574637010032239,-0.004650767977802143,0.08354639104422032,0.08354639104422032,0.10216717048231691,0.10216717048231691,0.05729485094122167,0.05729485094122167,0.03355681538505328,0.03355681538505328
2025-10-24,midday,10,0.021999410632737026,-0.00290859278289074,0.19873784202727118,0.19873784202727118,0.013024543483806592,-0.002411598606199831,0.09180322674394462,0.09180322674394462,0.10693461528332662,0.10693461528332662,0.07551633441409622,0.07551633441409622,0.06146387776054366,0.06146387776054366
2025-10-25,midday,10,0.03796467466480277,0.036258791133909146,0.5066645025751213,0.5066645025751213,0.02121142568622085,0.0008545196638823568,0.12240152639282656,0.12240152639282656,0.38426297618229477,0.38426297618229477,0.060733792920510274,0.060733792920510274,0.1218356744816283,0.1218356744816283
2025-10-26,midday,10,0.018396542538198196,0.017144743112650268,0.3538677871264795,0.3538677871264795,0.020562383463058692,-0.008697288515807278,0.0652386052930228,0.00351384832446585,0.3503539388020138,0.3503539388020138,0.054275542284768996,0.051461009780842934,0.08361695816869974,0.08361695816869974
2025-10-27,midday,10,0.04267557810520459,0.04267557810520459,0.36699857577161416,0.36699857577161416,0.012823010789175332,0.002813524402147806,0.21713811015899764,0.21713811015899764,0.17474041750050073,0.14986046561261668,0.05617791800140253,0.05617791800140253,0.023585943679184908,0.019227437556058997
2025-10-28,midday,10,0.09163426011980294,0.09163426011980294,0.673096846507254,0.673096846507254,0.019130615954832307,0.0037821348890239026,0.15118327046776484,0.15118327046776484,0.5219135760394892,0.5219135760394892,0.052565056550105016,0.052565056550105016,0.022723490692612668,0.01959039802675095
2025-10-29,midday,10,0.027231020556875263,0.027231020556875263,0.5750137154812991,0.5750137154812991,0.013353535307621801,-0.00784631912340492,0.2455064448438181,0.2455064448438181,0.329507270637481,0.329507270637481,0.05366138914923765,0.05366138914923765,0.010347068991214153,0.004569944513491547
2025-10-30,midday,10,0.06000835411475955,0.06000835411475955,0.36899496793670017,0.36899496793670017,0.010976124500859196,0.00028314510815964124,0.10117300680688705,0.10117300680688705,0.26782196112981305,0.26782196112981305,0.03592554775042013,0.035647486981664,0.016485576041193113,-0.011311910054049731
2025-10-31,midday,10,0.1044196204990849,0.1044196204990849,0.5591702564423564,0.5591702564423564,0.019476088051196702,0.0029687282454904027,0.13114470545480142,0.13114470545480142,0.4280255509875549,0.4280255509875549,0.05666057960063685,0.05390381571165729,0.07852613184942348,0.07852613184942348
2025-11-01,midday,11,0.052391926027314184,0.052391926027314184,0.7891333059330619,0.7891333059330619,0.1112530164878819,0.1112530164878819,0.42590678403268856,0.42590678403268856,0.36322652190037313,0.36322652190037313,0.08064424134660825,0.08064424134660825,0.06291786733840421,0.05958490753737102
2025-11-02,midday,11,0.02869364474561925,0.019531314496441576,0.46884911463452794,0.46884911463452794,0.007343276336044546,-0.0017263085495317562,0.20421626156503903,0.20421626156503903,0.26463285306948886,0.26463285306948886,0.05533111250764955,0.05533111250764955,0.02751044007150644,-0.02613573989003296
2025-11-03,midday,11,0.08491942566623414,0.08491942566623414,1.0431788988050337,1.0431788988050337,0.013396270056918357,0.004613336720469562,0.5097602516446746,0.5097602516446746,0.5334186471603592,0.5334186471603592,0.044977468939620575,0.044977468939620575,0.141439703797642,0.004021230332524016
2025-11-04,midday,11,0.0373440346134806,0.0373440346134806,0.47837063593035717,0.47837063593035717,0.027736123378304226,0.026587413317213277,0.23766748924644576,0.23766748924644576,0.24125365791587494,0.24070314668391135,0.061684958863571,0.061684958863571,0.08567510752533314,0.08567510752533314
2025-11-05,midday,11,0.011645767064708074,-0.006692919197519492,0.24909252585222313,0.24909252585222313,0.008101062059724393,-0.0004536019697127299,0.136845214197375,0.136845214197375,0.12950075443750372,0.112247311654848,0.04874772575986565,0.04636939451234898,0.02635217495877789,0.011544036446126123
2025-11-06,midday,11,0.08480634294501865,-0.08480634294501865,0.2668889848492735,0.2668889848492735,0.008168210404260107,-0.001956024263442671,0.26640886541974085,0.26640886541974085,0.03226074714228541,0.00048011942953259806,0.052093133426334946,0.05102095143936888,0.06025003555847358,0.06025003555847358
2025-11-07,midday,11,0.10665629153149792,-0.10665629153149792,0.7295442783275534,0.7295442783275534,0.0313821645272607,-0.015862481481193545,0.5168182790079788,0.5168182790079788,0.21272599931957464,0.21272599931957464,0.05340182485658729,0.05340182485658729,0.1339353941601457,0.1339353941601457
2025-11-08,midday,11,0.02482779357848644,0.02482779357848644,1.4587741165613086,1.4587741165613086,0.022688207130372937,0.009098995159194738,0.9533960395162933,0.9533960395162933,0.5053780770450151,0.5053780770450151,0.07946077368942275,0.07946077368942275,0.23972940802711967,0.23972940802711967
2025-11-09,midday,11,0.026229055050291744,0.026229055050291744,0.9086906703957833,0.9086906703957833,0.013263682757818824,-0.0035085886630139493,0.3209116689097433,0.3209116689097433,0.5877790014860399,0.5877790014860399,0.07017365797229906,0.07017365797229906,0.18007086522942228,0.18007086522942228
2025-11-10,midday,11,0.02216596657871317,0.009629563508153194,0.6270791918544993,0.6270791918544993,0.02501017233933027,-0.009426496745598556,0.4073397408024255,0.4073397408024255,0.2197394510520741,0.2197394510520741,0.05409697677847765,0.05409697677847765,0.09157276591132803,0.09157276591132803
2025-11-11,midday,11,0.015319202283726296,0.0034393802844095434,0.7859494575341894,0.7859494575341894,0.013066401622861146,-0.009422420507973352,0.350607717467067,0.350607717467067,0.4353417400671223,0.4353417400671223,0.055646560703226156,0.055646560703226156,0.056884860331047574,0.056884860331047574
2025-11-12,midday,11,0.04881798607076038,0.04881798607076038,1.1095575795482642,1.1095575795482642,0.014603011716028395,-0.0018094112004714696,0.6059235185796686,0.6059235185796686,0.5036340609685954,0.5036340609685954,0.05587689004430648,0.05587689004430648,0.11236258590166848,0.11236258590166848
2025-11-13,midday,11,0.05179013309619465,0.05179013309619465,0.7338257742409213,0.7338257742409213,0.013368481512247564,0.0030428894719619157,0.26939679142953055,0.26939679142953055,0.4644289828113907,0.4644289828113907,0.0633764659864961,0.0633764659864961,0.0752163583892907,0.0752163583892907
2025-11-14,midday,11,0.031160864271672722,0.031160864271672722,1.1937963173616004,1.1937963173616004,0.0115711675331154,0.0020311935916924734,0.5873507773828325,0.5873507773828325,0.6064455399787678,0.6064455399787678,0.05769927507635928,0.05769927507635928,0.05845719229157546,0.05845719229157546
2025-11-15,midday,11,0.01883134121822022,-0.018140572347539796,0.985361631990104,0.985361631990104,0.016508981534654,0.007191491272645675,0.4582773704382942,0.4582773704382942,0.5270842615518099,0.5270842615518099,0.0528052477564076,0.0528052477564076,0.08270843931391136,0.08270843931391136
2025-11-16,midday,11,0.057517904417293736,-0.057517904417293736,1.137239177769517,1.137239177769517,0.009136557908063595,0.004838099586513342,0.583507718081991,0.583507718081991,0.553731459687526,0.553731459687526,0.05556450998457681,0.05556450998457681,0.06953706361457307,0.06953706361457307
2025-11-17,midday,11,0.03876721134133576,-0.03876721134133576,0.9137986782758023,0.9137986782758023,0.008975919081220713,-0.004454012808989678,0.4178735277751814,0.4178735277751814,0.4959251505006209,0.4959251505006209,0.06972557864711085,0.06972557864711085,0.08773198579711561,0.08773198579711561
2025-11-18,midday,11,0.04462954233457869,-0.04462954233457869,0.928828160874554,0.928828160874554,0.010636788676188613,-0.00460457061804977,0.33525125924805665,0.33525125924805665,0.5935769016264976,0.5935769016264976,0.034445172204275974,0.034445172204275974,0.0911411230281769,0.0911411230281769
2025-11-19,midday,11,0.06176288951408326,0.06176288951408326,1.1638499965801912,1.1638499965801912,0.008192010372329844,0.00188330944387044,0.5876930936823259,0.5876930936823259,0.5761569028978655,0.5761569028978655,0.027344936057820478,0.02674638658459634,0.11082799201205776,0.11082799201205776
2025-11-20,midday,11,0.0562906500785213,0.0562906500785213,0.6020173433414044,0.6020173433414044,0.010112049785339227,-0.002266563441664189,0.1346162135045797,0.1346162135045797,0.4674011298368249,0.4674011298368249,0.06176249503947413,0.06176249503947413,0.07790522881502884,0.07790522881502884
2025-11-21,midday,11,0.0669633797746311,0.0669633797746311,0.7528631188660069,0.7528631188660069,0.02995122979876421,0.025460267868075058,0.16921032178896817,0.16921032178896817,0.5836527970770389,0.5836527970770389,0.04306847481566012,0.04306847481566012,0.05479050697142042,0.05479050697142042
2025-11-22,midday,11,0.036584890143925713,0.036584890143925713,1.3693502291666588,1.3693502291666588,0.009590729674433588,0.000386409794664911,0.8809266708117841,0.8809266708117841,0.4884235583548747,0.4884235583548747,0.04784280100706937,0.04784280100706937,0.1195196702223164,0.1195196702223164
2025-11-23,midday,11,0.11672196863503631,0.11672196863503631,1.1974706291908608,1.1974706291908608,0.010495303783132993,-0.00027534327700599534,0.602574867455304,0.602574867455304,0.5948957617355567,0.5948957617355567,0.0313508257111098,0.0313508257111098,0.09284450821988088,0.09284450821988088
2025-11-24,midday,11,0.03040697946356971,0.029085051218663366,0.921279670080862,0.921279670080862,0.01679111854103534,0.010919057174106277,0.44152754023965607,0.44152754023965607,0.4797521298412059,0.4797521298412059,0.049930448298345406,0.049930448298345406,0.11605973342773239,0.11605973342773239
2025-11-25,midday,11,0.0851013222914451,0.0851013222914451,1.4187353820639805,1.4187353820639805,0.01243589970631685,0.0017402904828913417,0.7986191053615302,0.7986191053615302,0.6201162767024503,0.6201162767024503,0.0526356675050965,0.0526356675050965,0.07690799700375209,0.07690799700375209
2025-11-26,midday,11,0.08611950508750493,-0.08611950508750493,0.885193045198478,0.885193045198478,0.018179888316892587,-0.012842822180644087,0.5397832758222569,0.5397832758222569,0.3454097693762209,0.3454097693762209,0.028291499797110767,0.028291499797110767,0.0720905415884374,0.0720905415884374
2025-11-27,midday,11,0.031146838507801172,0.031146838507801172,1.3320929789671343,1.3320929789671343,0.012132417240543265,0.007132232420287807,0.7914164373082992,0.7914164373082992,0.5406765416588348,0.5406765416588348,0.03897996464706411,0.03897996464706411,0.11569256522787891,0.11569256522787891
2025-11-28,midday,11,0.009979769299824415,0.007875904719071736,1.1467705609305687,1.1467705609305687,0.014150680831166563,0.005279385182326195,0.6230279376211878,0.6230279376211878,0.523742623309381,0.523742623309381,0.05222344153880531,0.05222344153880531,0.21701047570776533,0.21701047570776533
2025-11-29,midday,11,0.0981785938813067,0.0981785938813067,1.0197712138185557,1.0197712138185557,0.011932681596908074,0.009033643865655116,0.5475403998535404,0.5475403998535404,0.47223081396501515,0.47223081396501515,0.06079822377329584,0.06079822377329584,0.11268815894553993,0.11268815894553993
2025-11-30,midday,11,0.049616139696083444,0.049616139696083444,1.1448577973825678,1.1448577973825678,0.01271685328887154,0.009024833932723223,0.6543912988587579,0.6543912988587579,0.49046649852380986,0.49046649852380986,0.05292823617335743,0.05292823617335743,0.08969642551888131,0.08969642551888131
2025-12-01,midday,12,0.04470580742563082,-0.04470580742563082,0.47307630454340516,0.47307630454340516,0.012170111480948442,0.0007571720965104736,0.3552090446272216,0.3552090446272216,0.13233746518055198,0.1178672599161836,0.03258947598302797,0.014905880554632513,0.053672434438286704,-0.05244728396409508
2025-12-02,midday,12,0.04050026978973065,0.04050026978973065,0.8784555065396418,0.8784555065396418,0.013804901921217435,0.0014487299164087208,0.38090599726063135,0.38090599726063135,0.4975495092790103,0.4975495092790103,0.06639928108391668,0.06639928108391668,0.08683223304474708,0.08683223304474708
2025-12-03,midday,12,0.016307142026438015,0.013784257750018736,0.9903403398594309,0.9903403398594309,0.010066597544292568,0.0008121355586826282,0.3808564687819594,0.3808564687819594,0.6094838710774715,0.6094838710774715,0.05635499327028252,0.05635499327028252,0.1377034594547858,0.1377034594547858
2025-12-04,midday,12,0.016433373901283188,0.016433373901283188,0.3186372159759014,0.3186372159759014,0.008014409137304628,-0.00181817730289127,0.14207651730792864,0.14207651730792864,0.1784804750979096,0.1765606986679728,0.06617933957420383,0.06617933957420383,0.0775792612965485,0.0775792612965485
2025-12-05,midday,12,0.013623838075736416,-0.011947759293070126,1.2928388106363786,1.2928388106363786,0.016202387102521393,0.0027767506024967293,0.8165216780283724,0.8165216780283724,0.47631713260800623,0.47631713260800623,0.09208378585189031,0.09208378585189031,0.15674970167382749,0.15674970167382749
2025-12-06,midday,12,0.03265460812400697,-0.03265460812400697,1.3684815084168562,1.3684815084168562,0.011006542876255937,0.00031040768668520735,0.8544964337109578,0.8544964337109578,0.5139850747058987,0.5139850747058987,0.09729536523199933,0.09729536523199933,0.16233712769518552,0.16233712769518552
2025-12-07,midday,12,0.029944567560925006,-0.026199688607185356,0.7351117614659064,0.7351117614659064,0.014176759985865477,0.0017775464181755095,0.38232742076800236,0.38232742076800236,0.3527843406979041,0.3527843406979041,0.07138381841135283,0.07138381841135283,0.10853171148319044,0.10853171148319044
2025-12-08,midday,12,0.015011073783670309,0.0056173184306096136,1.0723025208743446,1.0723025208743446,0.012822265670469667,0.007904832857057112,0.5668977072169489,0.5668977072169489,0.5054048136573956,0.5054048136573956,0.08234420775836848,0.08234420775836848,0.1793414816775826,0.1793414816775826
2025-12-09,midday,12,0.06627567903979761,0.06627567903979761,0.5464643607815096,0.5464643607815096,0.007932972045824677,0.0005455145535843281,0.2784285067526534,0.2784285067526534,0.26847503576008847,0.2680358540288563,0.08030630809832483,0.08030630809832483,0.1997918781822283,0.1997918781822283
2025-12-10,midday,12,0.030485436080227052,-0.02436056031951092,0.5330562126558123,0.5330562126558123,0.019156519787482812,-0.0078008230518461594,0.1158830526334612,0.1158830526334612,0.4171731600223513,0.4171731600223513,0.0694293720463457,0.0694293720463457,0.12017616363253542,0.12017616363253542
2025-12-11,midday,12,0.01915174226166405,0.017548422129082086,0.4473681312988981,0.4473681312988981,0.019058953067550417,0.009583059334816249,0.18596514866598557,0.18596514866598557,0.2614029826329126,0.2614029826329126,0.05866652681736031,0.05866652681736031,0.03730577057641821,0.03227946277095173
2025-12-12,midday,12,0.11004219859114672,-0.11004219859114672,0.8886029713787569,0.8886029713787569,0.014051010246653435,-0.007556906252015138,0.49426620944818545,0.49426620944818545,0.3943367619305716,0.3943367619305716,0.05474128530633325,-0.05474128530633325,0.0796595450617919,0.0796595450617919
2025-12-13,midday,12,0.06497347452533578,-0.06497347452533578,1.1132633616852114,1.1132633616852114,0.02157736663173554,-0.013293575167070347,0.37360383394493557,0.37360383394493557,0.7396595277402759,0.7396595277402759,0.05611979874235922,0.05611979874235922,0.2465492165571657,0.2465492165571657
2025-12-14,midday,12,0.04739130290193766,0.04739130290193766,1.237537415215932,1.237537415215932,0.013723245677176983,0.005414909125736323,0.5528539728353038,0.5528539728353038,0.6846834423806283,0.6846834423806283,0.0942782919316637,0.0942782919316637,0.2935137855933072,0.2935137855933072
2025-12-15,midday,12,0.019170589381866665,0.014144982864593758,0.5603547760318321,0.5603547760318321,0.019564844838197225,-0.0025698267548772795,0.21868979794832688,0.21868979794832688,0.3416649780835054,0.3416649780835054,0.04356183105984662,0.04356183105984662,0.2738959934964944,0.2738959934964944
2025-12-16,midday,12,0.016463616954631388,0.008759966148109033,0.2124492096356694,0.2124492096356694,0.0102333288123172,0.003940845173334404,0.10707785339686618,-0.10707785339686618,0.31952706303253553,0.31952706303253553,0.08262971971418144,0.08262971971418144,0.260226133383054,0.260226133383054
2025-12-17,midday,12,0.04228460993728153,0.04228460993728153,1.0314424025802809,1.0314424025802809,0.027747563141962084,0.011727861613869406,0.4471457352805076,0.4471457352805076,0.5842966672997734,0.5842966672997734,0.07967098482544963,0.07967098482544963,0.30756580394173894,0.30756580394173894
2025-12-18,midday,12,0.0383907072424052,-0.036297361984556215,1.2359222608450833,1.2359222608450833,0.018060844646031683,0.007254782532116633,0.6546691843054656,0.6546691843054656,0.5812530765396179,0.5812530765396179,0.06582834483331493,0.06582834483331493,0.33836616225139726,0.33836616225139726
2025-12-19,midday,12,0.013659779095657576,0.010872158526160358,0.4404240194365392,0.4404240194365392,0.013183911225798628,0.0009693994360938738,0.029459802097110056,0.01035320526290811,0.43007081417363124,0.43007081417363124,0.06499964134105887,0.06499964134105887,0.23514083554598603,0.23514083554598603
2025-12-20,midday,12,0.015674229431728193,0.0065469635922296154,1.025438937338079,1.025438937338079,0.015491982162420585,0.00045162959666822725,0.3407813549595892,0.3407813549595892,0.6846575823784897,0.6846575823784897,0.04826313561809891,0.04826313561809891,0.27472785278562156,0.27472785278562156
2025-12-21,midday,12,0.04907088812557184,-0.04907088812557184,0.9847444983797496,0.9847444983797496,0.015856827345132777,-0.010197256300859717,0.3898846776641143,0.3898846776641143,0.5948598207156357,0.5948598207156357,0.08570329054461268,0.08570329054461268,0.4279367942005544,0.4279367942005544
2025-12-22,midday,12,0.05357359663350336,-0.05357359663350336,0.8185825448767561,0.8185825448767561,0.014227866362972932,-0.010617722403425546,0.32700542500686924,0.32700542500686924,0.49157711986988667,0.49157711986988667,0.06537044747341653,0.06537044747341653,0.2742798611214576,0.2742798611214576
2025-12-23,midday,12,0.02153831364545522,0.021056178012365978,0.47699256079945196,0.47699256079945196,0.015445828633180319,-0.0057579705439353215,0.07772596202054388,-0.04839984298533579,0.5253924037847879,0.5253924037847879,0.06710241015900907,0.06710241015900907,0.2770245277890978,0.2770245277890978
2025-12-24,midday,12,0.05062862452557068,0.05062862452557068,0.9679131434286075,0.9679131434286075,0.010807902995423202,-0.0026449960831270974,0.4060682176464331,0.4060682176464331,0.5618449257821745,0.5618449257821745,0.08542895536938497,0.08542895536938497,0.3105765656483323,0.3105765656483323
2025-12-25,midday,12,0.04175426074088345,-0.04175426074088345,0.8488344081580075,0.8488344081580075,0.009544094009560224,-0.0013271879063581418,0.4103548417297166,0.4103548417297166,0.43847956642829067,0.43847956642829067,0.08275459284315154,0.08275459284315154,0.3146927328700628,0.3146927328700628
2025-12-26,midday,12,0.016045473869206878,-0.013899531996839215,0.56427940391569,0.56427940391569,0.023804570273534817,-0.023199796867592624,0.257426240270169,0.257426240270169,0.30685316364552107,0.30685316364552107,0.068851817388417,0.068851817388417,0.2596641823874326,0.2596641823874326
2025-12-27,midday,12,0.06229017057463415,0.0584015275412097,0.8467604798170183,0.8467604798170183,0.011316950562941124,-0.0052320482292592535,0.2874857752643299,0.2874857752643299,0.5592747045526884,0.5592747045526884,0.08065603175436287,0.08065603175436287,0.2076520915779686,0.1918812596975741
2025-12-28,midday,12,0.08177940777946072,0.05688455351746294,1.235896400842945,1.235896400842945,0.01692940380670772,0.005143817408403931,0.5845184496909943,0.5845184496909943,0.6513779511519507,0.6513779511519507,0.07864022267241713,0.07864022267241713,0.2520332464004822,0.2520332464004822
2025-12-29,midday,12,0.03867122251983862,0.03681719185805038,0.8163859787629137,0.8163859787629137,0.015122753928498487,-0.0025987110623505293,0.3942179374122712,0.3942179374122712,0.4221680413506428,0.4221680413506428,0.06879597731600284,0.06879597731600284,0.2924440581150187,0.2924440581150187
2025-12-30,midday,12,0.030863693399641456,0.014791044612933013,0.19697607459345154,0.19697607459345154,0.014761722000338911,-0.0025508919736505,0.06718998352218297,0.06718998352218297,0.12978609107126834,0.12978609107126834,0.05696450037153141,0.05696450037153141,0.28531765515284,0.27544237779385966
2025-12-31,midday,12,0.04198305601404009,0.04198305601404009,0.34180624382400043,0.34180624382400043,0.012661626843626761,0.0029499249557999076,0.11224516395975519,0.11224516395975519,0.2295610798642453,0.2295610798642453,0.07160897575200545,0.07160897575200545,0.12706193708329044,0.12706193708329044
2025-01-01,afternoon,1,0.03397565975867142,0.03397565975867142,0.21842265097708344,0.2177887741111075,0.15046997271386547,0.15046997271386547,0.03515825080561491,0.03293034587562203,0.18485842823548546,0.18485842823548546,0.06459096564624774,0.061006155722693606,0.08388936480139511,0.08125392376990562
2025-01-02,afternoon,1,0.027800378909041468,0.027800378909041468,0.09797381772878003,-0.007667534464553094,0.007906016280883776,-0.003227459758410874,0.1284610508600031,-0.1284610508600031,0.12079351639545,0.12079351639545,0.0584151588304725,0.055486842317137394,0.049867113208362415,0.04370892625845101
2025-01-03,afternoon,1,0.013102693286879019,-0.0007179437881817963,0.06849258251125362,0.05033079619585785,0.1146751275505245,0.1146751275505245,0.08005160899251756,-0.08005160899251756,0.13038240518837546,0.13038240518837546,0.039707682639444075,0.027549273905226088,0.05756616181111467,0.052194907875428964
2025-01-04,afternoon,1,0.035151632398287974,-0.035151632398287974,0.22980298046051967,0.17129064938472371,0.12108564675858996,0.12108564675858996,0.12746614206586757,0.00582945810916885,0.16546119127555486,0.16546119127555486,0.05303180767344744,0.05301488909577721,0.09052924907927468,0.09052924907927468
2025-01-05,afternoon,1,0.016574069845120887,-0.016574069845120887,0.14939897415072606,0.06483475095454257,0.03647982840642438,0.03164190414195944,0.09129194382030958,-0.06321148793895556,0.128046238893498,0.128046238893498,0.048552899133585535,0.020742789850858173,0.08244694647872865,0.037445896723598736
2025-01-06,afternoon,1,0.007657365785746162,0.0014060828281365011,0.15454582463056726,-0.0458070227438113,0.010328081613372859,0.0014093788826462228,0.1469577461183474,-0.1469577461183474,0.1011507233745359,0.1011507233745359,0.03768568468918998,0.03698271340394116,0.05783187114156134,0.02948313746175158
2025-01-07,afternoon,1,0.013604552650412827,-0.010049898119182943,0.3724494697477838,0.3438424340940722,0.008154973589606174,0.005918302557193498,0.2357353964426091,0.1871580398832723,0.15668439421079997,0.15668439421079997,0.08505968330495076,0.08505968330495076,0.10565756948280974,0.10565756948280974
2025-01-08,afternoon,1,0.03707535357431338,-0.03707535357431338,0.09370332327394898,0.09240909591268928,0.11849859461245778,0.11849859461245778,0.029517263898471847,-0.011793782704066287,0.10420287861675556,0.10420287861675556,0.031051682466034118,-0.016532036384018095,0.04389446081616616,-0.023984363034164995
2025-01-09,afternoon,1,0.05995356597463586,0.05995356597463586,0.10340292794043643,-0.10340292794043643,0.1541807515291922,0.1541807515291922,0.031868683211559744,-0.031868683211559744,0.08942261630979881,-0.07153424472887675,0.010339223329548463,-0.007587719102020775,0.08982384081755318,-0.08982384081755318
2025-01-10,afternoon,1,0.0170974061595833,0.01588943724613448,0.0624875832011282,0.047321524726675876,0.018492969664815853,0.012778347497346453,0.09081594445891432,-0.09081594445891432,0.13813746918559022,0.13813746918559022,0.06117911092343631,0.05615104989748585,0.08545157191362815,0.07277473588230302
2025-01-11,afternoon,1,0.12615122670289716,-0.12615122670289716,0.07507794163208192,-0.07507794163208192,0.02413570979244288,0.00033907284159797463,0.09070330004281982,-0.09070330004281982,0.031706685638841804,0.015625358410737866,0.03879767354724438,0.018983564586740064,0.0938393731835043,0.0938393731835043
2025-01-12,afternoon,1,0.06675956789337067,-0.06675956789337067,0.12803913835053804,0.10358714758278874,0.00999633723339784,-0.0021339323120525937,0.08953477859026025,-0.07031948208605264,0.17390662966884118,0.17390662966884118,0.06350453874284943,0.06350453874284943,0.1413427068743669,0.1413427068743669
2025-01-13,afternoon,1,0.02463450102012965,0.0008468054937529335,0.14013802524932556,-0.13902937627629308,0.012650450063041508,-0.002107546343768989,0.2448986033020289,-0.2448986033020289,0.10586922702573588,0.10586922702573588,0.05804229266404616,0.05804229266404616,0.12210689769049694,0.12210689769049694
2025-01-14,afternoon,1,0.01651270712818237,0.010529842226667141,0.23670251669207382,0.189795365626782,0.01149065088238953,-0.0059200557776775044,0.13389870802151882,0.029653971265708692,0.16014139436107336,0.16014139436107336,0.034995990249824284,0.03013693967852763,0.03569789207057794,0.01837940480796728
2025-01-15,afternoon,1,0.024840942732116067,0.024840942732116067,0.5013825313925814,0.4935947260028286,0.011704631442456908,-0.00024242656241965643,0.3128472929886459,0.2966001987637835,0.196994527239045,0.196994527239045,0.050677407885536804,0.049824992086235184,0.05172877037925591,0.04231748282135571
2025-01-16,afternoon,1,0.06326364624835326,0.06326364624835326,0.04613056205192148,0.022433245041492966,0.009473307732520312,-0.0001325872990995368,0.08084187312566277,-0.08084187312566277,0.10327511816715573,0.10327511816715573,0.06403444963412658,0.03276944406570652,0.08365680010419774,0.03816598820687342
2025-01-17,afternoon,1,0.09706749039959656,0.09706749039959656,0.34642453339233725,0.34642453339233725,0.010322786887511298,-0.0004995801769045703,0.13043294176882558,0.13043294176882558,0.21599159162351164,0.21599159162351164,0.016101050958548427,0.00041700349210995044,0.06876043077069069,0.06767457366394972
2025-01-18,afternoon,1,0.12632961688714006,0.12632961688714006,0.23914313109728325,0.213399455137976,0.012184005753283822,0.005593649954076123,0.10440910117618135,-0.009143483128975248,0.22254293826695115,0.22254293826695115,0.055938734896878214,0.05253205217449448,0.1119453194264858,0.1119453194264858
2025-01-19,afternoon,1,0.06888490942505188,0.06888490942505188,0.08785357163767829,0.08785357163767829,0.00869132756616182,0.002089838816880978,0.07051829728893369,-0.07051829728893369,0.15837186892661195,0.15837186892661195,0.0208759907771271,-0.0056966078269967,0.04290112992046616,0.03183865931077193
2025-01-20,afternoon,1,0.06619809903338239,0.06619809903338239,0.15767185181787863,0.15767185181787863,0.054461471317093106,0.0409367778597247,0.048478694076601964,-0.02672955566795038,0.18440140748582906,0.18440140748582906,0.032466312244029766,0.032209465443129554,0.07906296796161225,0.07906296796161225
2025-01-21,afternoon,1,0.04186076888528403,0.04186076888528403,0.1285945585998567,0.1285945585998567,0.12951096694682285,0.12951096694682285,0.03527606722213705,0.029910160608927407,0.09868439799092926,0.09868439799092926,0.037966734698871255,0.036160216312198304,0.08582750621590138,0.08582750621590138
2025-01-22,afternoon,1,0.01899000767201875,0.010165172366003339,0.1983997772874515,0.1983997772874515,0.0991304611125609,0.0991304611125609,0.04796105572871262,0.04796105572871262,0.15043872155873889,0.15043872155873889,0.05597870832391251,0.02938910348109427,0.09695791411934909,0.07958516468275985
2025-01-23,afternoon,1,0.06936090878644716,-0.06936090878644716,0.14321462038509164,0.14321462038509164,0.03817883054691844,0.03358784738761934,0.03214196645449709,0.02297262332338343,0.1202419970617081,0.1202419970617081,0.06146751569304782,0.022164169527717083,0.11612547919588084,0.10425766675687934
2025-01-24,afternoon,1,0.04992689802686545,-0.04499684202596843,0.14578409649587204,0.1376762407067723,0.010376917569953594,0.002779248941686352,0.025824017287984783,-0.018870569526548867,0.15654681023332115,0.15654681023332115,0.0527718927367003,0.03849796050551131,0.11833208249699362,0.11584662947790696
2025-01-25,afternoon,1,0.07221778156506067,-0.07221778156506067,0.16842496667317802,0.1441428629703245,0.008668228886285625,-0.0020272926761157016,0.08296852957270691,-0.03634952029395401,0.1804923832642785,0.1804923832642785,0.08711708754287845,0.08711708754287845,0.2315146934495225,0.2315146934495225
2025-01-26,afternoon,1,0.11057430100802879,0.11057430100802879,0.5454778674456972,0.5427614276278487,0.0088479339858916,0.00046841668280215784,0.3828910811535956,0.3711795683207392,0.1715818593071095,0.1715818593071095,0.07120875934602938,0.053941816765647146,0.14982320967733243,0.14982320967733243
2025-01-27,afternoon,1,0.11540486174646078,0.11540486174646078,0.5939312713168179,0.5939312713168179,0.011436125725338355,0.004423506772568768,0.2714427997343126,0.2714427997343126,0.3224884715825054,0.3224884715825054,0.07563980496667916,0.039750154405667995,0.22867846484210744,0.22266456793802597
2025-01-28,afternoon,1,0.08511315652971149,0.08511315652971149,0.5284201278995635,0.4903537664466912,0.012818978382062245,0.005583700427829648,0.20449739046964205,0.12521676018494615,0.36513700626174495,0.36513700626174495,0.06137424436330108,0.05942115674416902,0.2221777424401422,0.2221777424401422
2025-01-29,afternoon,1,0.1944742289628396,0.1944742289628396,0.12628907366344855,0.1255523704160883,0.015536470132201073,0.011003343248872692,0.039074989197294865,-0.038550688611566464,0.16486141454799197,0.16410305902765482,0.04764600200774484,0.04599709814257995,0.1466039900551962,0.14653017947282146
2025-01-30,afternoon,1,0.12378262582906632,0.12378262582906632,0.21643971477921192,0.21643971477921192,0.01124401659080837,0.004393921176901937,0.07301624200396861,-0.07301624200396861,0.28945595678318053,0.28945595678318053,0.05630257197781213,0.05224570743895163,0.18694730278110022,0.18694730278110022
2025-01-31,afternoon,1,0.09822110947804252,0.09822110947804252,0.11428043378907288,0.10979990352026331,0.01296217266508971,0.005781858173029292,0.05390670852545591,-0.05390670852545591,0.16370661204571924,0.16370661204571924,0.05807630514143504,0.039913291571700545,0.16803478745447262,0.16803478745447262
2025-02-01,afternoon,2,0.05097050251994306,0.05097050251994306,0.28379524614559304,0.28379524614559304,0.00941054243919453,0.005762265934121045,0.031021176429613245,-0.029872817012619096,0.31366806315821194,0.31366806315821194,0.056701692620985775,0.03658418885573208,0.2561422254182284,0.2561422254182284
2025-02-02,afternoon,2,0.07677790804384249,0.07677790804384249,0.641747774016628,0.6414843526389129,0.009944354246048438,0.0022894429689799115,0.2826147589632302,0.254537809522844,0.38694654311606896,0.38694654311606896,0.07822817202817434,0.07795300407321673,0.22269542461854372,0.22269542461854372
2025-02-03,afternoon,2,0.05574496020288852,0.05574496020288852,0.5397416368357629,0.5374743721059052,0.012714354949681882,0.0039415026310159204,0.20863279928618406,0.19073767780639878,0.3467366942995063,0.3467366942995063,0.07435066194482298,0.06716938318149637,0.23209001275133417,0.23209001275133417
2025-02-04,afternoon,2,0.07490546856697253,0.07490546856697253,0.8436539922720007,0.8436539922720007,0.004908272236383843,-0.0007667271481480165,0.44288540950448363,0.44288540950448363,0.4007685827675171,0.4007685827675171,0.05706592417652853,0.056029507887435256,0.29365697987633466,0.29365697987633466
2025-02-05,afternoon,2,0.050458562138626484,0.04461332504510196,1.2269031687094452,1.2269031687094452,0.016991818455936718,-0.013685069301138705,0.7731356073220428,0.7731356073220428,0.4537675613874024,0.4537675613874024,0.06422660259916861,0.06422660259916861,0.4499660534120308,0.4499660534120308
2025-02-06,afternoon,2,0.01571893655406928,-0.007341172471463847,0.9008674937827669,0.9008674937827669,0.017683770750443868,-0.004763149410824069,0.4793304803148134,0.4793304803148134,0.4215370134679532,0.4215370134679532,0.07462241111983686,0.06710617958304961,0.4130622086315605,0.4130622086315605
2025-02-07,afternoon,2,0.05593255479467232,-0.05593255479467232,0.2726532231564388,0.2625871954088036,0.008228608849932534,0.002227510455383932,0.03236379267623023,-0.012148283885923136,0.2747354792947268,0.2747354792947268,0.05760425052612863,0.03288577024481729,0.25428990414641195,0.23730978843720568
2025-02-08,afternoon,2,0.0273546226009945,-0.001977632705907534,0.24442996746666626,0.24442996746666626,0.005671098468955062,0.001729946482035942,0.10364088379062203,0.10364088379062203,0.14078908367604429,0.14078908367604429,0.060423560555873515,0.024002333544125495,0.22175030728615264,0.21622012391359588
2025-02-09,afternoon,2,0.008797222083393008,0.008209893221266196,0.3764358109926772,0.37261904999909506,0.005810128853333169,-0.0018647691372525727,0.10333569193487661,0.037735441086524865,0.3348836089125702,0.3348836089125702,0.06058700453549072,0.052625542656801666,0.3050999431615604,0.3050999431615604
2025-02-10,afternoon,2,0.015764520286652234,0.010383010011135313,0.4862259403087423,0.4862259403087423,0.0110606735586982,-0.0029616715330424894,0.19212710503993752,0.16935014112256405,0.31687579918617825,0.31687579918617825,0.06613046855321345,0.06613046855321345,0.2969919997114365,0.2969919997114365
2025-02-11,afternoon,2,0.11738950733430453,-0.11738950733430453,0.3485204208198879,0.3485204208198879,0.014880721840687769,-0.008279846718576317,0.11636694148703425,0.11636694148703425,0.23215347933285357,0.23215347933285357,0.046956372730378955,0.046956372730378955,0.32090917057055374,0.32090917057055374
2025-02-12,afternoon,2,0.021094310557892237,0.020105494204938512,0.8680603116461428,0.8680603116461428,0.01066624278031918,0.002383941553065306,0.49420304968025075,0.49420304968025075,0.3738572619658921,0.3738572619658921,0.07159091758102068,0.07159091758102068,0.2420414237098305,0.2420414237098305
2025-02-13,afternoon,2,0.05809997361796845,0.05809997361796845,0.33999455343689977,0.33999455343689977,0.00913248167043839,2.9936239763592165e-05,0.054569425868393015,0.027627686691371334,0.31236686674552855,0.31236686674552855,0.05364845914816846,0.01989274089920988,0.20906702816954897,0.2020722044046916
2025-02-14,afternoon,2,0.04736675781516203,0.04693634218634979,0.8830185696627336,0.8830185696627336,0.014024010651200404,-0.002412080741832962,0.5143037225288584,0.5143037225288584,0.36871484713387537,0.36871484713387537,0.06273009742457197,0.05208419200186675,0.3246401990824701,0.3246401990824701
2025-02-15,afternoon,2,0.014695055791436346,0.014695055791436346,0.3804274118990223,0.2759885936356377,0.0109754232126656,0.008481554735255888,0.10160526331720753,-0.058203413626522246,0.3341920072621598,0.3341920072621598,0.08412022010862051,0.08412022010862051,0.25725232079816013,0.25725232079816013
2025-02-16,afternoon,2,0.016329057282487403,0.016329057282487403,0.30802536686109705,0.3035481677112071,0.011170206008433624,0.0030467465570265945,0.08054014388037317,0.07669208790115234,0.23016607242274795,0.22685607981005462,0.03244948132738372,0.025539075128829025,0.12094569593345783,0.09090908429712474
2025-02-17,afternoon,2,0.019660176202012603,0.01950150974821413,0.1954229842277349,0.16867778106696515,0.07827585962533809,0.07592181048152427,0.058584607590247334,-0.05626229173719319,0.22494007280415834,0.22494007280415834,0.04475796573502874,0.04347916671402791,0.1842149524873598,0.1587844893675121
2025-02-18,afternoon,2,0.014193196427902621,-0.014193196427902621,0.11604811834202615,0.10443320795783592,0.009327921923887874,0.00545488255277061,0.08898891339257903,-0.08898891339257903,0.19342212135041492,0.19342212135041492,0.05437749205591137,0.01940556475722935,0.1775007316609603,0.1475023402311776
2025-02-19,afternoon,2,0.05318481999118499,-0.05318481999118499,0.110831629944562,-0.00853621138384341,0.010095613343302124,-0.002020805760325062,0.1532666223688552,-0.1532666223688552,0.14473041098501177,0.14473041098501177,0.06173330391841623,0.03700746011107223,0.21177912876669963,0.18232055392392835
2025-02-20,afternoon,2,0.07258990261278148,-0.07258990261278148,0.22303708346035553,0.22303708346035553,0.11807821617091609,0.11807821617091609,0.025194961778339717,0.024817493408143015,0.1982195900522125,0.1982195900522125,0.039156250966726404,0.03172084289424973,0.18981877112024295,0.18884292859887053
2025-02-21,afternoon,2,0.06921363826579438,-0.06921363826579438,0.2227354857066022,0.2227354857066022,0.012819811161792092,0.0002550059193920217,0.04612262872923158,0.04612262872923158,0.1766128569773706,0.1766128569773706,0.06591425263702902,0.06591425263702902,0.2151350995865848,0.2151350995865848
2025-02-22,afternoon,2,0.009522178753510774,-0.001628303524478264,0.2963710528465299,0.26870505828758406,0.006125182574300855,0.002944314650251219,0.036255284692941155,0.0017554120095655476,0.26694964627801854,0.26694964627801854,0.07903671348486482,0.07903671348486482,0.22556176478777082,0.22556176478777082
2025-02-23,afternoon,2,0.017678160444895258,-0.012506160017211637,0.13519885250191188,0.13519885250191188,0.010144221381219946,0.0009096584481029131,0.02571273161776537,-0.01821771404883403,0.15341656655074587,0.15341656655074587,0.03821218556662573,0.010777265467465906,0.20624026695274728,0.1894821089568104
2025-02-24,afternoon,2,0.049081845753596504,-0.049081845753596504,0.6928740063460588,0.6928740063460588,0.01596456274387214,0.0004859927181538187,0.32070873363872493,0.32070873363872493,0.37216527270733385,0.37216527270733385,0.05487133043573092,0.05304044228433092,0.35021017472232907,0.35021017472232907
2025-02-25,afternoon,2,0.010936589378945955,0.0026964531043312256,0.11491913201137968,0.06455296459225801,0.00870110177035987,0.00506141604565776,0.14377920121143897,-0.14304617972709507,0.20759914431935297,0.20759914431935297,0.07633802502441644,0.07633802502441644,0.21826240662484941,0.21826240662484941
2025-02-26,afternoon,2,0.019429189403250835,0.018519267972075426,0.10812119490687098,0.10812119490687098,0.010389277774365505,0.0012103795916142308,0.10818203165766449,-0.10284855962340812,0.21096975453027927,0.21096975453027927,0.06968087152476987,0.06968087152476987,0.2189863113626767,0.2189863113626767
2025-02-27,afternoon,2,0.0251705481831008,0.019065834457949876,0.4241830614833707,0.32300532098117696,0.011846335488073005,0.00404958867385204,0.15393363510197794,0.030345616746631027,0.29265970423454585,0.29265970423454585,0.06323690963597288,0.06323690963597288,0.22528685981588578,0.22528685981588578
2025-02-28,afternoon,2,0.01145641925244037,-0.01038607814698242,0.35559510377778963,0.35559510377778963,0.010858965542018536,-0.000281260396139401,0.12547667512169333,0.12547667512169333,0.23011842865609636,0.23011842865609636,0.05142173764200226,0.046494574454903737,0.3055426313337606,0.3055426313337606
2025-03-01,afternoon,3,0.04454275792062262,-0.04454275792062262,0.4067499574316211,0.4067499574316211,0.008546599215210868,-0.0028148831480228507,0.11025271654075824,0.11025271654075824,0.29649724089086293,0.29649724089086293,0.04542752063785324,0.04542752063785324,0.24132317310806395,0.24132317310806395
2025-03-02,afternoon,3,0.003991644736857064,-0.001310970616881374,0.060159657042525364,-0.04541209229759437,0.09328921259563747,0.09328921259563747,0.07183338797395253,-0.06597675494728232,0.034195951912481065,0.020564662649687857,0.05110203788675208,0.04696136940875824,0.18111613528195955,0.18111613528195955
2025-03-03,afternoon,3,0.03920463985208378,-0.03860153200560129,0.3990449040487113,0.3990449040487113,0.007187678018093042,-0.0005930268286996419,0.1854201600785464,0.1854201600785464,0.2136247439701649,0.2136247439701649,0.0345786361136175,0.029574243564200506,0.23614345851025098,0.23614345851025098
2025-03-04,afternoon,3,0.040730818283371384,-0.037890601099355325,0.2353569638011462,0.2353569638011462,0.010277466138000929,-0.003447795742732602,0.019005085368180727,0.013957826577930925,0.2213991372232153,0.2213991372232153,0.024268647735639113,0.018841904371636027,0.19974966939907696,0.19974966939907696
2025-03-05,afternoon,3,0.01796612690938565,-0.006170459493299252,0.26430644724588753,0.26430644724588753,0.011520587122153137,0.0004653923774673406,0.01880464843635192,0.01125124862530473,0.25305519862058273,0.25305519862058273,0.017533782738041008,0.00808287239720328,0.23356008812713505,0.23356008812713505
2025-03-06,afternoon,3,0.015587006712651258,-0.01380836453167325,0.2164241549474168,0.2164241549474168,0.010796682384325833,-0.0029769683817649738,0.01593278562260033,0.001670074002508716,0.21475408094490805,0.21475408094490805,0.06624736452898153,0.06624736452898153,0.23881247371400832,0.23881247371400832
2025-03-07,afternoon,3,0.02013003929171403,-0.009393317047939498,0.3416649780835054,0.3416649780835054,0.011897573356716758,-0.004283862761021283,0.08209937051778353,0.08209937051778353,0.2595656075657219,0.2595656075657219,0.0703268894425972,0.0703268894425972,0.30685079679786764,0.30685079679786764
2025-03-08,afternoon,3,0.04692187811735701,0.04692187811735701,0.42451897852809756,0.42451897852809756,0.011691745271899793,0.0025280124463348246,0.08641536104417334,0.07965581946826343,0.344863159059834,0.344863159059834,0.07537515633462531,0.05108586442778751,0.33652497392965397,0.33652497392965397
2025-03-09,afternoon,3,0.01267578409903472,0.010139750668985897,0.972518020860242,0.972518020860242,0.013154194138595497,0.001244918035148309,0.6181092775534365,0.6181092775534365,0.3544087433068057,0.3544087433068057,0.06729118817461954,0.06186470779368905,0.3922765087093574,0.3922765087093574
2025-03-10,afternoon,3,0.018521459497680193,0.016100262009330624,0.3468188765096921,0.3468188765096921,0.01136091256657645,0.0009317928567129444,0.08730643535514632,0.08730643535514632,0.25951244115454575,0.25951244115454575,0.05633956493002369,0.05633956493002369,0.32810219591112283,0.32810219591112283
2025-03-11,afternoon,3,0.006925659216765301,-0.002343617481934346,1.1980633053754635,1.1980633053754635,0.015953605115847383,-0.015557377286472295,0.7980387893813393,0.7980387893813393,0.40002451599412425,0.40002451599412425,0.06986189153973876,0.06986189153973876,0.4329897947878892,0.4329897947878892
2025-03-12,afternoon,3,0.01377242351175198,0.012440852554184006,0.23110294961886435,0.220970036509766,0.01001628011640291,0.006489238807795296,0.11380780937710927,-0.11133524252857971,0.3323052790383456,0.3323052790383456,0.06578030659205444,0.06396721362856667,0.20162504552025745,0.1996544256962858
2025-03-13,afternoon,3,0.041905476007624926,-0.041905476007624926,0.2059325767578122,0.2011252461907924,0.012057028759732986,0.005884903706974097,0.061908845119372835,-0.006039055618026274,0.20716430180881865,0.20716430180881865,0.012490249541319567,0.012490249541319567,0.7693772285705766,0.7693772285705766
2025-03-14,afternoon,3,0.024038406055582995,-0.02380259790049033,0.2103170743746128,0.17770524483041433,0.010481015036188736,0.0023842045361379743,0.11915272117502343,-0.05111698409137789,0.22882222892179221,0.22882222892179221,0.044780231635175013,0.044780231635175013,0.19180293457245318,0.19180293457245318
2025-03-15,afternoon,3,0.041318147145498196,-0.041318147145498196,0.4258419587052941,0.4192388920575777,0.01791497670176615,-0.004159647089732671,0.1303111806062146,0.12092531474533176,0.29940600899580183,0.298313577312246,0.07390324007731625,0.048781606745718145,0.2464725569915045,0.23083383027457643
2025-03-16,afternoon,3,0.03425047706953219,0.03425047706953219,0.7936037551840884,0.7936037551840884,0.006665612788481689,-0.0034128628245896787,0.38907425149540353,0.38907425149540353,0.4067615286868152,0.404529503688685,0.07409153595729359,0.07293046569179074,0.4416207239083786,0.4416207239083786
2025-03-17,afternoon,3,0.016099385399088784,0.015256086346303821,0.8188634107982864,0.8188634107982864,0.013865738672010882,0.006197590580288462,0.374383578755177,0.374383578755177,0.44447983204310937,0.44447983204310937,0.0606187378262504,0.05721459727356841,0.3671252897820925,0.3671252897820925
2025-03-18,afternoon,3,0.013765410629816316,0.013765410629816316,0.4228862042913851,0.4228862042913851,0.009312274431068534,-0.003446349335833318,0.13065568843131276,0.13065568843131276,0.2959144704019944,0.2922305158600723,0.08350532185438345,0.08350532185438345,0.3154670426968039,0.3154670426968039
2025-03-19,afternoon,3,0.015740851810118833,0.0026372819129978076,0.5022307394627215,0.4898340680647333,0.009565965435097634,-0.0031328735133011815,0.13412136702298177,0.11142943429908048,0.37840463376565275,0.37840463376565275,0.07792968624078,0.07792968624078,0.3630516819876101,0.3630516819876101
2025-03-20,afternoon,3,0.03196120942260089,0.03196120942260089,0.7594231877813543,0.7594231877813543,0.018919133733954534,-0.008911137584338346,0.43614383843853427,0.43614383843853427,0.32327934934282,0.32327934934282,0.05067924876704495,0.047638463159663774,0.29804046939135703,0.29804046939135703
2025-03-21,afternoon,3,0.09645999950190426,0.09645999950190426,0.8515086391927045,0.8515086391927045,0.013407052362894674,-0.002129549260842656,0.4703693321161701,0.4703693321161701,0.3811393070765343,0.3811393070765343,0.05211189288551331,0.05119469558932935,0.36072327369337426,0.36072327369337426
2025-03-22,afternoon,3,0.10752939533251016,0.10752939533251016,0.8343921667603582,0.8343921667603582,0.012358845666046791,-0.0063200530310930335,0.5330662498430832,0.5330662498430832,0.3013259169172749,0.3013259169172749,0.05757860967655072,0.05645462002428363,0.28889308534680497,0.28889308534680497
2025-03-23,afternoon,3,0.05442171704261925,-0.05442171704261925,0.7908913916038653,0.7908913916038653,0.017309677329678745,-0.0032332453860079184,0.4462897253792139,0.4462897253792139,0.3446016662246513,0.3446016662246513,0.06672647585673583,0.06672647585673583,0.24797331372577477,0.24797331372577477
2025-03-24,afternoon,3,0.06403243343057008,-0.06403243343057008,0.8234177516494707,0.8234177516494707,0.01501668408921887,-0.0015328406691266791,0.4755334430516758,0.4755334430516758,0.3478843085977949,0.3478843085977949,0.046032513196355956,0.024060978769313984,0.2768549037072746,0.2768549037072746
2025-03-25,afternoon,3,0.012426826790312484,0.009561187909278901,0.21371512248611307,0.21371512248611307,0.021349842443429537,-0.008008360526634974,0.12664782640497904,0.12664782640497904,0.09128563222656735,0.08706729608113406,0.056043796634379556,0.03671471612076292,0.14545392124823014,0.1429950295194755
2025-03-26,afternoon,3,0.055875136823822585,-0.055875136823822585,0.7917530118107076,0.7917530118107076,0.02881075987394787,-0.010470232730212359,0.6113760342847858,0.6113760342847858,0.18037697752592183,0.18037697752592183,0.04488630147445463,0.044817399909434986,0.25140042146679664,0.25140042146679664
2025-03-27,afternoon,3,0.08548527757743235,-0.08548527757743235,0.4482142793349696,0.4482142793349696,0.01648689095655609,0.00027565009059072124,0.2227922462197704,0.2227922462197704,0.22542203311519915,0.22542203311519915,0.0510062682178157,0.0510062682178157,0.28026154259914626,0.28026154259914626
2025-03-28,afternoon,3,0.04440513011263186,-0.04440513011263186,0.7081925511721037,0.7081925511721037,0.015444163073720537,-0.009982881266183432,0.38691516046940594,0.38691516046940594,0.32253506341686666,0.32127739070269756,0.10010126312504189,0.10010126312504189,0.3915556282768649,0.3915556282768649
2025-03-29,afternoon,3,0.021915256049506837,-0.021915256049506837,0.5297944774369401,0.5286045666944761,0.012391280245000053,0.0002211249335394988,0.20953526953030271,0.20519867866322639,0.32340588803124987,0.32340588803124987,0.09332576724272794,0.09332576724272794,0.339554626586962,0.339554626586962
2025-03-30,afternoon,3,0.0261199170751652,0.0261199170751652,0.3653714556709626,0.35838864146642035,0.015811725748182875,0.010615618538844795,0.15975783354969492,0.1279544139706506,0.2304342274957697,0.2304342274957697,0.0622712796239195,0.0570855164154368,0.15238308690596328,0.14399480350045407
2025-03-31,afternoon,3,0.014986090391773899,0.013624714685978478,0.7259814713210732,0.7259814713210732,0.022845295685735817,0.0007712855214063175,0.32915312009972086,0.32915312009972086,0.396828351221352,0.396828351221352,0.07566399940935781,0.07566399940935781,0.3824476916932019,0.3824476916932019
2025-04-01,afternoon,4,0.013301245506687681,-0.004888417014402985,0.5580252719747938,0.5527303707911846,0.014191881512539622,0.0026618269997731,0.24457776395346426,0.23363065525161458,0.3190997155395702,0.3190997155395702,0.06838116534949779,0.06838116534949779,0.3264260294674323,0.3264260294674323
2025-04-02,afternoon,4,0.012742406477425333,-0.010146763550921784,0.21462101151017543,0.21462101151017543,0.010576127247443596,0.0019989343347876203,0.09969214912510979,0.08489847468145068,0.12972253682872478,0.12972253682872478,0.03477490914679689,0.02281549093750842,0.09227782352895272,0.09015221901419895
2025-04-03,afternoon,4,0.018851503253785845,0.018851503253785845,0.6406024827354808,0.6406024827354808,0.009878345494827294,-0.003824738146784138,0.32601397882318955,0.32601397882318955,0.31458850391229126,0.31458850391229126,0.06626870998837373,0.06626870998837373,0.26711532561375273,0.26711532561375273
2025-04-04,afternoon,4,0.01182284233358799,0.007069861601571081,0.7076091232255537,0.7076091232255537,0.0145844714094105,0.010106833954399465,0.39276609552950337,0.39276609552950337,0.3151417764665171,0.31484302769605016,0.08701614587351447,0.08701614587351447,0.3652942263086441,0.3652942263086441
2025-04-05,afternoon,4,0.022411417446467685,-0.022411417446467685,0.35857071341367974,0.3209010180953034,0.015502107010715468,-0.0030178622495533984,0.09204013066183972,0.01946030906684107,0.3014407090284622,0.3014407090284622,0.06275249481625456,0.06275249481625456,0.25536660067612427,0.25536660067612427
2025-04-06,afternoon,4,0.01786882317252597,-0.01786882317252597,0.3853194230154172,0.3560651860200515,0.01888477061246891,-0.002744710498152326,0.11115154885237268,0.06703876825544137,0.2890264177646102,0.2890264177646102,0.057685599956584385,0.05369702335557415,0.2356743843697673,0.23405090220161984
2025-04-07,afternoon,4,0.013592280107025151,-0.013579130953395496,0.04239138106475473,-0.03858610366534255,0.006954061388605302,-0.0011098762273712322,0.07117728903834236,-0.07117728903834236,0.033487081040303686,0.032591185372999855,0.0646886638577164,0.054160136546412344,0.07207296555308569,0.06607423400619047
2025-04-08,afternoon,4,0.02703334494730869,-0.02703334494730869,0.32955859616714883,0.32955859616714883,0.010820482352395612,-0.004069180912760328,0.12199127279957972,0.12199127279957972,0.2075673233675691,0.2075673233675691,0.031485692196838506,0.026434663982548182,0.19939117964061914,0.19939117964061914
2025-04-09,afternoon,4,0.024520541688672265,0.010876979882491228,0.25194988076646996,0.25194988076646996,0.007019719495729626,-0.002883872374066702,0.08957632991573,0.08957632991573,0.16237355085073982,0.16237355085073982,0.04615129388414427,0.04615129388414427,0.23157522338673123,0.23157522338673123
2025-04-10,afternoon,4,0.052910002680324364,0.052910002680324364,0.4756259692627167,0.4756259692627167,0.028750712072372227,0.01956515165178192,0.13771371579461694,0.13771371579461694,0.33791225346809994,0.33791225346809994,0.06688707085306664,0.06688707085306664,0.320712766045838,0.320712766045838
2025-04-11,afternoon,4,0.12011795671246797,-0.12011795671246797,0.8552690779782393,0.8552690779782393,0.09765806271961876,0.09765806271961876,0.4832721582678777,0.4832721582678777,0.37199691971036153,0.37199691971036153,0.06488655861984344,0.06488655861984344,0.3429887910404319,0.3429887910404319
2025-04-12,afternoon,4,0.04200234143936371,-0.04200234143936371,1.0365193784577338,1.0365193784577338,0.017469220393719183,-0.000548801841991727,0.7304832593882506,0.7304832593882506,0.30603611906948336,0.30603611906948336,0.05396110219097076,0.020954710376856908,0.34017570494340504,0.337554640319884
2025-04-13,afternoon,4,0.04739963069923642,-0.04739963069923642,0.7829237496229703,0.7829237496229703,0.040342655268222546,0.027869192813036882,0.574262986470067,0.574262986470067,0.2086607631529032,0.2086607631529032,0.06751665232885687,0.05725812097208273,0.27022286509106075,0.27022286509106075
2025-04-14,afternoon,4,0.09848672238136266,-0.09848672238136266,0.3930924575225927,0.3930924575225927,0.008262884310393966,0.0037231828502507155,0.18432965693752293,0.18432965693752293,0.20876280058506969,0.20876280058506969,0.08856616810338398,0.08856616810338398,0.29834697616246547,0.29834697616246547
2025-04-15,afternoon,4,0.0341321346868651,-0.03306354680189105,0.3532157644284947,0.3532157644284947,0.025402148609031748,0.021602043210047266,0.09113020923066419,0.05806096446220037,0.2951547999662943,0.2951547999662943,0.06598381165973013,0.06598381165973013,0.2586747085767973,0.2586747085767973
2025-04-16,afternoon,4,0.015679050788059173,-0.01505139785480128,0.4178074313629361,0.4178074313629361,0.018416967556836167,-0.006339995914098161,0.20156556751533905,0.20064950981246965,0.21715792155046637,0.21715792155046637,0.07202909121047452,0.07202909121047452,0.3276032731918998,0.3276032731918998
2025-04-17,afternoon,4,0.013413889922782196,-0.006402761207423724,0.1270013633155697,0.10922142842158056,0.012153938021983886,0.0005756699459084046,0.0654021369336642,-0.06516808199905547,0.17504144545759676,0.17438951042063602,0.05480426975221944,0.049174941761294715,0.13373478190626853,0.10873867916132202
2025-04-18,afternoon,4,0.020966763767684166,0.003955265411814984,0.6990306153975345,0.6990306153975345,0.01840561545420251,-0.003585029076114658,0.4212020168639804,0.4212020168639804,0.27826243294231023,0.27782859853355424,0.0599560204833133,0.0599560204833133,0.3839981522281925,0.3839981522281925
2025-04-19,afternoon,4,0.026968914094523094,0.026968914094523094,0.12233683255696837,0.12233683255696837,0.011582519635749054,0.00040389816899235806,0.023456731329517064,0.023279568399612854,0.09905726415735558,0.09905726415735558,0.03429294883575616,-0.011687449881714107,0.05343303218120186,-0.0005445064518060302
2025-04-20,afternoon,4,0.0449385474448766,-0.04156798106446255,0.7716209563154371,0.7716209563154371,0.01703201103553153,0.010557893754410371,0.43618262844174194,0.43618262844174194,0.33543832787369526,0.33543832787369526,0.05354217015632838,0.029161097157155216,0.22857287713846083,0.22857287713846083
2025-04-21,afternoon,4,0.04573056479850593,0.04573056479850593,0.6892700424887174,0.6892700424887174,0.012905149168848887,-0.006055229076990867,0.48806502476590485,0.48806502476590485,0.21582038964325287,0.2012050177228126,0.09166209249498569,0.09166209249498569,0.39932476186846344,0.39932476186846344
2025-04-22,afternoon,4,0.03549526361314423,0.03549526361314423,0.665909212319673,0.665909212319673,0.008392096660061842,0.00281212182576057,0.4105709261543647,0.4105709261543647,0.25795295153406284,0.2553382861653083,0.10430268069280495,0.10430268069280495,0.42733302889639047,0.42733302889639047
2025-04-23,afternoon,4,0.03340980784747333,-0.03340980784747333,0.6623389102956239,0.6623389102956239,0.018475788104073035,0.012083458558528647,0.4246221117230665,0.4246221117230665,0.23771679857255712,0.23771679857255712,0.041500262923269526,0.023358287999342593,0.44174279188457427,0.44174279188457427
2025-04-24,afternoon,4,0.025400658371620533,-0.025400658371620533,0.3334307589280241,0.3334307589280241,0.02576186562182834,0.02576186562182834,0.1888652383295289,0.1888652383295289,0.14456552059849528,0.14456552059849528,0.06919851673912022,0.06919851673912022,0.21039785400841132,0.21039785400841132
2025-04-25,afternoon,4,0.021302067185241635,-0.019921406054122737,0.020964046275934053,-0.013283537979799656,0.0070827916026401285,0.004638363942878117,0.22576259619420846,-0.22576259619420846,0.2124790582144088,0.2124790582144088,0.0715239007280213,0.06854491614269972,0.1919052349876923,0.18705354794242823
2025-04-26,afternoon,4,0.026284281495536493,-0.002926124987730122,0.3628919197710092,0.3628919197710092,0.030714187522871736,0.030714187522871736,0.15190603561227756,0.15190603561227756,0.21098588415873165,0.21098588415873165,0.05650300890964091,0.05650300890964091,0.3001742263813612,0.3001742263813612
2025-04-27,afternoon,4,0.014878267332010142,-0.010836217506239254,0.24649201773887644,0.2081294496852389,0.011951178073013853,0.002376578027032729,0.060124504971821924,0.030941273406056694,0.18745626268759402,0.1771881762791823,0.05293117281766811,0.037547802664228865,0.20940838019777608,0.20240514097459567
2025-04-28,afternoon,4,0.08508904974805725,-0.08508904974805725,0.22858186239344114,0.212156027340239,0.015040966192921725,0.0029948512307014005,0.04981556852613392,-0.0025277056327501213,0.2146837329729892,0.2146837329729892,0.06091542656264862,0.06082522336874884,0.21434365202961292,0.21434365202961292
2025-04-29,afternoon,4,0.06637035294593152,-0.06637035294593152,0.3683475912729979,0.3413879692470398,0.01375348873052531,0.005925709913738255,0.20875333319445633,0.15535462030422795,0.1860333489428116,0.1860333489428116,0.06532324201188591,0.06532324201188591,0.21728844881549725,0.21728844881549725
2025-04-30,afternoon,4,0.04024605281955643,-0.04024605281955643,0.7157129466075403,0.7157129466075403,0.02128431582784151,0.004030522401089002,0.3024068650066607,0.3024068650066607,0.4144739894262698,0.41330608160087945,0.06147917460926611,0.06147917460926611,0.4288962441104018,0.4288962441104018
2025-05-01,afternoon,5,0.06001054564036465,-0.06001054564036465,0.2967750386765464,0.25212638623869255,0.007987278050315348,-0.002825796945535525,0.10768797412528447,0.011765424362738263,0.2403609618759543,0.2403609618759543,0.016457217699864992,0.0030850544246011054,0.11945177675907502,0.10427064058846065
2025-05-02,afternoon,5,0.06243481126456096,-0.06243481126456096,0.402275431942969,0.402275431942969,0.009172893402593682,0.002673091441382558,0.1540611818921861,0.1540611818921861,0.248214250050783,0.248214250050783,0.08137862157682721,0.08137862157682721,0.35784452948922313,0.35784452948922313
2025-05-03,afternoon,5,0.0068358066669622075,-0.001878575748563649,0.30045198033653275,0.30045198033653275,0.010280052138214755,0.0032570015235655943,0.039008980446073774,0.03513383721037576,0.2653181431261569,0.2653181431261569,0.05066855412209284,0.04851279421501495,0.23233897006005655,0.22974525567608534
2025-05-04,afternoon,5,0.10371657908501708,-0.10371657908501708,0.18926563005755337,0.18926563005755337,0.009449200950865846,0.001920784531715066,0.031922200266832665,0.0026854954763066013,0.18658013458124684,0.18658013458124684,0.0588755545295605,0.0588755545295605,0.24769306143141367,0.24769306143141367
2025-05-05,afternoon,5,0.16245297173866305,-0.16245297173866305,0.9461996830568046,0.9461996830568046,0.019706811866885922,0.008324115535796229,0.4467460010101647,0.4467460010101647,0.49945368204664,0.49945368204664,0.05358380914282243,0.05317250361728529,0.47260578399602227,0.47260578399602227
2025-05-06,afternoon,5,0.12466712556322454,-0.12466712556322454,0.18789255160502755,0.18789255160502755,0.011576208042006797,0.0002560140211703022,0.04838362569585918,-0.0031926145012922055,0.1910851661063197,0.1910851661063197,0.04747970904484118,0.041300658771170645,0.25591303567046264,0.25591303567046264
2025-05-07,afternoon,5,0.060286239561467586,-0.060286239561467586,0.5858430515971387,0.5858430515971387,0.018205748319031035,-0.01324159217972095,0.3095937540755361,0.3095937540755361,0.2762492975216026,0.2762492975216026,0.0347419486016984,0.03199640532381619,0.32696510093573816,0.32696510093573816
2025-05-08,afternoon,5,0.06226825531858485,-0.05823234176450762,0.882536609351693,0.882536609351693,0.009290490666555342,0.002825753115023361,0.46653372400238535,0.46653372400238535,0.4160028853493076,0.4160028853493076,0.05505037807765539,0.05229177330716767,0.311724749743278,0.311724749743278
2025-05-09,afternoon,5,0.0532207610111064,-0.0532207610111064,0.5526922820761707,0.5526922820761707,0.012112474357538226,0.0014233520499033203,0.270183987426829,0.270183987426829,0.2825082946493417,0.2825082946493417,0.07177408529108245,0.053520254900278855,0.4822329806565221,0.4822329806565221
2025-05-10,afternoon,5,0.01178558639830371,0.008866474292509335,0.40326236358390255,0.4010366501795146,0.01057639023051619,-0.004160041564341641,0.0874129434995468,0.06757087067232333,0.33346577950719125,0.33346577950719125,0.08488151227326832,0.06215372619046995,0.4887905074021676,0.4887905074021676
2025-05-11,afternoon,5,0.01225238135215831,-0.010897141918056824,0.5132630546800916,0.5132630546800916,0.014953787304356782,0.003023910860223033,0.18041559220708098,0.18041559220708098,0.33284746247301056,0.33284746247301056,0.05480045649766685,0.0412837401935004,0.49149186952385415,0.49149186952385415
2025-05-12,afternoon,5,0.007446804005622504,0.005018593635337049,0.45710052118843564,0.45710052118843564,0.017767004892919894,0.0042707136073915995,0.2933054591693006,0.2933054591693006,0.16379506201913505,0.16379506201913505,0.06575909262419852,0.06575909262419852,0.3443531472210499,0.3443531472210499
2025-05-13,afternoon,5,0.014537704253000855,0.0056567658914987995,0.52053458046783,0.52053458046783,0.012973174123626557,0.008784818048469006,0.1588132860139612,0.1588132860139612,0.3617212944538688,0.3617212944538688,0.0813657354062701,0.0813657354062701,0.43203165979340485,0.43203165979340485
2025-05-14,afternoon,5,0.05743374983406349,0.05743374983406349,0.33145084703548755,0.33145084703548755,0.014188199749523333,0.004787782158623669,0.0855694321606624,0.0855694321606624,0.2458814148748251,0.2458814148748251,0.0676825508171516,0.0676825508171516,0.3548094856789269,0.3548094856789269
2025-05-15,afternoon,5,0.043684994798845134,0.04199401364206512,0.711688911122242,0.711688911122242,0.020584561702180787,-0.003692107017172522,0.40426371546331663,0.40426371546331663,0.30742519565892523,0.30742519565892523,0.018042435830950044,0.010342905092564693,0.4064060194031802,0.4064060194031802
2025-05-16,afternoon,5,0.05336584000615405,0.05336584000615405,1.0857841289383194,1.0857841289383194,0.013950419221386179,0.006090644130766834,0.6432399399705269,0.6432399399705269,0.4425441889677927,0.4425441889677927,0.06261889941537677,0.06261889941537677,0.6000485643989409,0.6000485643989409
2025-05-17,afternoon,5,0.015596211120192077,0.014815151394587639,0.5052913364615713,0.5052913364615713,0.013216740279360779,0.010277378476976715,0.2405549995530167,0.2405549995530167,0.26473633690855464,0.26473633690855464,0.05343732757138752,0.05343732757138752,0.37762269742980625,0.37762269742980625
2025-05-18,afternoon,5,0.02070904035654192,-0.02070904035654192,0.513348173534588,0.513348173534588,0.019238482845107978,-0.00421969489130835,0.323678689138554,0.323678689138554,0.1896694843960337,0.1896694843960337,0.0551535112726244,0.03885715155216273,0.10394712757865784,0.10394712757865784
2025-05-19,afternoon,5,0.012466712556322479,-0.008008272865610788,0.045881517082174805,-0.023845288819274724,0.013886119860136907,0.004218774450554243,0.10224562709897406,-0.10173543993814155,0.0778901511188668,0.0778901511188668,0.027384602671270134,0.017314805499594337,0.04037649242356298,0.04037649242356298
2025-05-20,afternoon,5,0.039287041214829815,-0.039287041214829815,0.20850415673317346,0.20850415673317346,0.01565446187077162,0.00391761500192192,0.18930748819660786,0.18930748819660786,0.029133396273508694,0.0191966685365655,0.05730633453539159,0.05730633453539159,0.10860293606535135,0.10860293606535135
2025-05-21,afternoon,5,0.13200829803468841,-0.13200829803468841,0.1623815280039418,0.1623815280039418,0.010303895936796632,-0.004133787087594291,0.06255885161380123,0.06255885161380123,0.09982267639014064,0.09982267639014064,0.07044054196046995,0.07044054196046995,0.08772072135550618,0.08772072135550618
2025-05-22,afternoon,5,0.04680748048077882,-0.04680748048077882,0.31782652682411794,0.31782652682411794,0.010337250956503976,0.0010166925586486894,0.10373542620521967,0.10373542620521967,0.2140911006188984,0.2140911006188984,0.06035373855009975,0.06035373855009975,0.12825504745313773,0.12825504745313773
2025-05-23,afternoon,5,0.07067582414941759,0.07067582414941759,0.0764861283247991,0.03444311217020747,0.03443719505107403,0.03443719505107403,0.08750647781236622,0.06977537010885544,0.035332257938647985,-0.035332257938647985,0.0029828855008983747,0.0026680947630032623,0.059484623325688483,-0.059484623325688483
2025-05-24,afternoon,5,0.013671613333924332,0.012464521030717463,0.10348357608269868,0.10348357608269868,0.035769642618884046,0.03534089254953149,0.09146673990256049,0.09146673990256049,0.019211176436070284,0.012016836180138182,0.004293593134707287,0.002849728405141575,0.04567634645503942,-0.040307810011103846
2025-05-25,afternoon,5,0.07657847921379177,0.07657847921379177,0.11890016976430892,0.09147498003883509,0.01246671255632245,-0.004386469989845083,0.09515012464782531,-0.07544129657738283,0.16691627661621794,0.16691627661621794,0.012928510831797631,0.009349223552767993,0.027675724932631818,-0.01914052165056669
2025-05-26,afternoon,5,0.050808767930297705,0.050808767930297705,0.06937773970309326,0.06091170096912034,0.011506386036233053,0.001243383967224813,0.03677756907511297,0.022173154782697452,0.05471292696500517,0.03873854618642285,0.031109100436883787,0.01863905676164179,0.07031115428875376,-0.07031115428875376
2025-05-27,afternoon,5,0.02855075727617648,0.02855075727617648,0.21577178160533514,0.21577178160533514,0.015418215410557936,-0.004616273364780243,0.1708307796517808,0.1708307796517808,0.04494100195355429,0.04494100195355429,0.03821626180425089,0.03821626180425089,0.0770873514592613,-0.04477023827841651
2025-05-28,afternoon,5,0.04203258449271205,-0.04203258449271205,0.6642899817111991,0.6642899817111991,0.01233929725765062,-9.988973707364922e-05,0.3480120745405635,0.3480120745405635,0.31627790717063564,0.31627790717063564,0.07046648962363257,0.06954771442901304,0.35695218409339935,0.35695218409339935
2025-05-29,afternoon,5,0.040317058249156684,-0.040317058249156684,0.2715609667949314,0.2715609667949314,0.015695662552144714,-0.00638238001929789,0.14020153566135693,0.14020153566135693,0.13135943113357457,0.13135943113357457,0.05905048210334771,0.042167494808952835,0.2578443833555936,0.2578443833555936
2025-05-30,afternoon,5,0.03963111073480716,-0.03963111073480716,0.3276273361430422,0.3276273361430422,0.012163931378742474,-0.0025462021088559104,0.1783120344399131,0.1783120344399131,0.14931530170312907,0.14931530170312907,0.014717365522094683,0.006122114438453931,0.08241622128974727,0.08241622128974727
2025-05-31,afternoon,5,0.04306742288336998,0.04306742288336998,0.13624982052102205,0.13624982052102205,0.016656383546842974,0.005006847058094515,0.04237240245301581,-0.009092683565452484,0.147033309921206,0.14534250408647445,0.03452402329554215,0.031312999979168414,0.13941696949478466,0.13941696949478466
2025-06-01,afternoon,6,0.014845832753056953,0.012360642717042847,0.33873609177351294,0.3193953523436781,0.015244690413157937,-0.0013285904827452857,0.12128823138551162,0.08808135880905685,0.2313139935346212,0.2313139935346212,0.07545334996820996,0.07409679561874548,0.3205088665035534,0.3205088665035534
2025-06-02,afternoon,6,0.010426840523234504,-0.0027740331107465876,0.9279601852434572,0.9279601852434572,0.015710871739843046,-0.008403098118598708,0.499478490116488,0.499478490116488,0.4284816951269693,0.4284816951269693,0.059802920504551466,0.059802920504551466,0.4314393342528987,0.4314393342528987
2025-06-03,afternoon,6,0.01539678229014152,-0.01539678229014152,0.7039800006542675,0.7039800006542675,0.012339034274578026,-0.003839509029361478,0.3652922539355997,0.3652922539355997,0.33868774671866775,0.33868774671866775,0.0606490247101108,0.0606490247101108,0.3395894718440807,0.3395894718440807
2025-06-04,afternoon,6,0.03440958182845172,0.03440958182845172,0.3505245709856154,0.3505245709856154,0.015017560699460857,-0.005031830449990943,0.12146951438355306,0.12146951438355306,0.22905505660206213,0.22905505660206213,0.04898625140670846,0.04800322068135178,0.2352535676231047,0.2352535676231047
2025-06-05,afternoon,6,0.03776919058084119,-0.03776919058084119,0.325447995420455,0.325447995420455,0.0183165080231052,-0.012167350158686176,0.14083094181509886,0.14083094181509886,0.18461705360535613,0.18461705360535613,0.06579547194924068,0.06579547194924068,0.21705027381275122,0.21705027381275122
2025-06-06,afternoon,6,0.03734359630835968,-0.03734359630835968,0.2507132905286203,0.2454125160563898,0.018146620958209427,-0.015034479277131065,0.05864022851010098,-0.001289844310049762,0.24670236036643967,0.24670236036643967,0.04397703750096059,0.04297533497744973,0.2036479113146511,0.2036479113146511
2025-06-07,afternoon,6,0.06862674770878865,-0.06862674770878865,0.36328849824448106,0.36328849824448106,0.010358640246408299,-0.001235669797095362,0.07472773584041086,0.07472773584041086,0.28856076240407025,0.28856076240407025,0.08217651221907765,0.08217651221907765,0.3248819681872083,0.3248819681872083
2025-06-08,afternoon,6,0.026390351334816042,-0.026390351334816042,0.28318727311226755,0.2741026105305292,0.012923382661882065,-0.005320191389090364,0.11364414624493152,-0.11364414624493152,0.3877467567754606,0.3877467567754606,0.06827071245900826,0.06774404502562652,0.24761219413659094,0.24761219413659094
2025-06-09,afternoon,6,0.02893821900313176,-0.02893821900313176,0.6720440376066358,0.6720440376066358,0.009157596553871111,0.003455334590813647,0.23586162831745433,0.23586162831745433,0.4361824092891814,0.4361824092891814,0.03967665063687799,0.006780974696326275,0.30238288971654265,0.30238288971654265
2025-06-10,afternoon,6,0.02343442159885864,-0.02317669818771642,0.285265847487539,0.285265847487539,0.015079668535105156,-0.008103253585329345,0.04192129882249271,0.04192129882249271,0.2433445486650463,0.2433445486650463,0.03949164204530802,0.03898662688490319,0.13789907503028362,0.13789907503028362
2025-06-11,afternoon,6,0.060578150772046785,-0.060578150772046785,0.7292791913903786,0.7292791913903786,0.01826636591726396,0.0090040144394762,0.3140193208821735,0.3140193208821735,0.4152598705082051,0.4152598705082051,0.043055369492542545,0.04138682955795729,0.3784244889876335,0.3784244889876335
2025-06-12,afternoon,6,0.0767897422821088,-0.0767897422821088,0.3053379428422581,0.29750621927938214,0.013745511577323271,0.008280109701648875,0.07838105285437577,0.05781218247552642,0.23984411247728277,0.23969403680385576,0.029280929777233934,0.029280929777233934,0.15462357119292852,0.15437540283342394
2025-06-13,afternoon,6,0.03831794859232063,-0.02111622581394168,0.35592102746575793,0.35592102746575793,0.019284899357420823,-0.0026035324186813877,0.03740061980460045,0.03405714068066349,0.3218638867850944,0.3218638867850944,0.032240365954159314,0.03216252296467146,0.19481715888950232,0.19481715888950232
2025-06-14,afternoon,6,0.02320168157961275,-0.007683050465836144,0.8500234861207414,0.8500234861207414,0.02364007436162723,-0.012820863094082466,0.3847122389313097,0.3847122389313097,0.46531124718943173,0.46531124718943173,0.04621822307611943,0.04621822307611943,0.3684467358913657,0.3684467358913657
2025-06-15,afternoon,6,0.024485477278992945,-0.017836388593572533,0.739142152375459,0.739142152375459,0.014575924459551193,-0.00014192319817657884,0.43945348040713084,0.43945348040713084,0.2996886719683284,0.2996886719683284,0.05408978857449345,-0.0004129272544848503,0.2612852977079267,0.2612852977079267
2025-06-16,afternoon,6,0.012559194936851537,0.0008257668479454416,0.5488819203373548,0.5488819203373548,0.01609000566949952,0.003793881466266447,0.23255417787446273,0.23255417787446273,0.31632774246289225,0.31632774246289225,0.045245624012642344,0.04206002239328603,0.3623931723738346,0.3623931723738346
2025-06-17,afternoon,6,0.05534434932230356,-0.05534434932230356,0.18281158715097356,0.18230236426140722,0.010230173015446086,0.0008639432239836674,0.19060662457522265,-0.19060662457522265,0.37290898883663,0.37290898883663,0.028229961758123777,0.027208009538023173,0.31019212822671177,0.31019212822671177
2025-06-18,afternoon,6,0.08201302440894848,-0.08201302440894848,0.31138677266448256,0.31138677266448256,0.014198631411402863,-0.001955191483712786,0.046423481364279234,-0.028006513807443068,0.33939328647192557,0.33939328647192557,0.03958324781559497,0.03958324781559497,0.22424763837401818,0.22424763837401818
2025-06-19,afternoon,6,0.030153639103637525,-0.030153639103637525,0.23826051607514537,0.23446628396478217,0.009923096447680402,0.0009320558397855477,0.0491562699631406,-0.046964218392044746,0.281430502356827,0.281430502356827,0.024234065461593,0.024234065461593,0.26092991991582787,0.26092991991582787
2025-06-20,afternoon,6,0.054913057083249284,-0.008615763763303252,0.42483284882523853,0.42483284882523853,0.01731086075350545,0.01297277964901765,0.017237970611884777,-0.0074645553630225125,0.43229740418826107,0.43229740418826107,0.03344964978297106,0.031400748664390576,0.37937902988012584,0.37937902988012584
2025-06-21,afternoon,6,0.09934054075705159,-0.09934054075705159,0.28332459410667377,0.28332459410667377,0.00928154924208714,-0.0034126436720292187,0.019761380854449236,0.019761380854449236,0.26356321325222454,0.26356321325222454,0.03304601459705124,0.03212101546971367,0.2713170061645884,0.2713170061645884
2025-06-22,afternoon,6,0.07048516142178671,-0.07048516142178671,0.3090260612828296,0.3090260612828296,0.007143935167018238,-0.0029085927828905647,0.15317979412438704,0.15317979412438704,0.15590885712972002,0.15584626715844263,0.05052382577114187,0.03372806119582403,0.14514460932434747,0.134784128196431
2025-06-23,afternoon,6,0.06845186396551378,-0.06092353520738697,0.38747794424475734,0.38747794424475734,0.017225478915936572,0.0013164932614059491,0.027211647470527442,-0.014020679532280887,0.40149862377703827,0.40149862377703827,0.02512974197633637,0.023654582261131957,0.26790344205180516,0.26790344205180516
2025-06-24,afternoon,6,0.02492159087437823,-0.010135805922897034,0.4528622859905094,0.4528622859905094,0.009536555161479204,-0.0033848551273584285,0.07243943246474556,0.07243943246474556,0.3804228535257639,0.3804228535257639,0.03922559083686704,0.03922559083686704,0.3829914530263024,0.3829914530263024
2025-06-25,afternoon,6,0.012423758654465406,-0.0007148756523350508,0.14982066750763073,0.14982066750763073,0.008073755650686739,0.0012763445123232867,0.02854825893698687,-0.017651818307123646,0.1674724858147544,0.1674724858147544,0.03736717712386882,0.03736717712386882,0.2757502433108432,0.2757502433108432
2025-06-26,afternoon,6,0.03866990760447578,-0.03866990760447578,0.25833638085390503,0.25833638085390503,0.011014476198945829,-0.007131092826973219,0.04223994664545255,0.03274529345354003,0.22559108740036504,0.22559108740036504,0.03150361887628701,0.017686926547314925,0.29535729693219176,0.29535729693219176
2025-06-27,afternoon,6,0.024544210165205943,-0.024544210165205943,0.04988885314236356,0.01844028538927288,0.005193039073491151,-0.0007053206006973414,0.017697928005851828,0.012150738394600668,0.045824055280813125,0.006289546994672171,0.03697292166753823,0.028173858702637042,0.07779332951764009,0.07109453703149943
2025-06-28,afternoon,6,0.006759541575909994,0.0030891744927385723,0.1285112806268685,-0.1285112806268685,0.009242627747343213,-0.0009110610244900969,0.08007615407929301,-0.07948751030180326,0.0490237703250653,-0.0490237703250653,0.05677857133920737,0.05677857133920737,0.044603769993464465,-0.03779469993888269
2025-06-29,afternoon,6,0.010960257855479355,-0.010670976475625898,0.08873469642240475,-0.0839908324369043,0.00919309926867132,0.0037506645813367833,0.1503816104014739,-0.1503816104014739,0.07288032358594956,0.0663907779645696,0.030541407644177357,0.030541407644177357,0.07814165059729095,-0.07453185728184039
2025-06-30,afternoon,6,0.060388802959778914,0.060388802959778914,0.08401182725219974,-0.08401182725219974,0.007917149230956946,0.0017576473656825409,0.04895622750592071,-0.04895622750592071,0.041797258473252524,-0.03505559974627902,0.03282787013833452,0.017061333648125704,0.016375649116848797,-0.007976495744338997
2025-07-01,afternoon,7,0.10297891156639055,0.10297891156639055,0.3814870145290158,-0.3814870145290158,0.01131918591905818,-0.0047032331007846664,0.3376408549371828,-0.3376408549371828,0.046601345582377,-0.04384615959183303,0.025005219491463025,0.022279049299928563,0.022318847404914546,-0.0036730845749215514
2025-07-02,afternoon,7,0.034998663911062544,0.034998663911062544,0.19678422844199395,-0.19678422844199395,0.006255315364722829,0.00032232958597613187,0.09779297303585957,-0.09779297303585957,0.09956000013113123,-0.09899125540613443,0.018402284335282945,-0.010836787302896455,0.03889212830081781,-0.03883690185557305
2025-07-03,afternoon,7,0.03136730598365925,0.029857783146969158,0.034207829981259964,0.025773086232925797,0.016759648233348252,-0.004733870628741881,0.04886747071892021,0.04886747071892021,0.03267748765132282,-0.023094384485994476,0.03627356201648642,-0.035244947558546784,0.03493094576986944,-0.026827385370955397
2025-07-04,afternoon,7,0.027441845320071545,0.0026565673383211474,0.09826108290507696,-0.09826108290507696,0.01250887750896171,-0.008009675441997972,0.0969081664881167,-0.09558729017550084,0.027715742190178208,-0.002673792729576154,0.06388923914754253,0.06388923914754253,0.04411457764792737,0.037419203941730456
2025-07-05,afternoon,7,0.11936012715827596,0.11936012715827596,0.12460457942245917,0.11613424529830063,0.00886222273283587,-0.0007452501972195474,0.04178814172673593,-0.04034559191253318,0.15823603816961712,0.15647983721083386,0.05370416772904635,0.05370416772904635,0.024843090427208843,0.01556460932096864
2025-07-06,afternoon,7,0.05909711776822113,0.05909711776822113,0.14902685310300548,0.14902685310300548,0.009883605156279184,-0.0038351698086636944,0.05033114683995467,0.05033114683995467,0.10352626700148307,0.0986957062630508,0.039869417229089425,0.03910299689452607,0.05267524645752204,0.04028392238200988
2025-07-07,afternoon,7,0.033430846493280625,0.033430846493280625,0.10287271023557469,0.025865305630382016,0.009805849827815533,0.005296566743069019,0.14399480350045402,-0.14399480350045402,0.17080851375163442,0.169860109130836,0.03477074524814749,0.01489991960498705,0.04523878645275498,-0.04523878645275498
2025-07-08,afternoon,7,0.028447755572743816,0.009669887579284275,0.28474452737663347,0.28474452737663347,0.014037948754047888,0.0015588759933135056,0.11629286792158702,0.03404631454417506,0.2506982128324583,0.2506982128324583,0.04839247945930313,0.048204008257277366,0.0385014231159672,0.037932327746873606
2025-07-09,afternoon,7,0.07353182031778932,0.07353182031778932,0.26989444306390287,0.26989444306390287,0.013322415644031504,0.0011562927396840793,0.05890404436242497,0.04520963916220913,0.22468480390169374,0.22468480390169374,0.029242665740171522,0.005002726989957201,0.057144556115234224,-0.05023528950999412
2025-07-10,afternoon,7,0.059308819141659336,0.059308819141659336,0.21150667830349218,0.21150667830349218,0.011293325916919764,-0.004056996030396805,0.07622765979495122,-0.07622765979495122,0.2877343380984434,0.2877343380984434,0.06852663881915447,0.005108533846164196,0.07412353223112596,0.007571720965104601
2025-07-11,afternoon,7,0.03613738061539487,0.034242149272233485,0.22321595578023157,0.21337074615255114,0.012537937138483357,0.0010227849998304932,0.029585595666834233,0.007597405645194608,0.20900207135061824,0.2057733405073565,0.08462076455679127,0.08462076455679127,0.06256433042781358,0.061247749505383406
2025-07-12,afternoon,7,0.10180030909604815,-0.10180030909604815,0.1352591194560481,0.1352591194560481,0.00956140706183934,0.0012018764722670737,0.03588544283184964,-0.034979641468811426,0.1702387609248594,0.1702387609248594,0.062100647440318055,0.06141075517987958,0.037647736231814694,0.01761754284666225
2025-07-13,afternoon,7,0.040311798587704756,-0.040311798587704756,0.26417346547217907,0.26417346547217907,0.012719614611133773,0.0017467335681699038,0.02008182572840511,0.02008182572840511,0.244091639743774,0.244091639743774,0.02101822078888839,0.018995004350397925,0.023625522631610357,-0.0023040823600209356
2025-07-14,afternoon,7,0.05077282691037649,-0.05077282691037649,0.2007508459564426,0.2007508459564426,0.010257567085507966,0.0011227623979283303,0.026660171967297634,0.005916067201076507,0.1948347787553662,0.1948347787553662,0.04408976957807924,0.041234913003022095,0.03803524178928209,0.034630049304309705
2025-07-15,afternoon,7,0.017595320777027967,0.017595320777027967,0.3643902658271141,0.3567929478429437,0.015643416581722684,-0.001885983105108447,0.0727213941490785,0.060369955839576446,0.2964229920033672,0.2964229920033672,0.07047963877726228,0.06750380998881184,0.04619920063386853,-0.04519513126270431
2025-07-16,afternoon,7,0.011312216867634506,0.004878774301741384,0.2547252287925794,0.2547252287925794,0.013093751862410928,0.0065462623040361025,0.03315221592786726,0.03281612356109203,0.22190910523148732,0.22190910523148732,0.045218755908725664,0.04298234785938558,0.033884141649408686,0.013813711854149327
2025-07-17,afternoon,7,0.010732339192564583,0.002657882253684213,0.24692572065609622,0.24692572065609622,0.008355410521434962,-0.003293249357071485,0.03580549597778104,0.03580549597778104,0.21112022467831515,0.21112022467831515,0.04283148323674077,0.03447756295271717,0.03696455003972739,0.01160474170538325
2025-07-18,afternoon,7,0.08770134826915835,-0.08770134826915835,0.254890163009608,0.24913346355052352,0.010900034731855307,-0.007606873035808022,0.08662355597664369,-0.08662355597664369,0.33575701952716724,0.33575701952716724,0.026671173425834437,0.01887135847576655,0.0280233447240891,0.014502508351785348
2025-07-19,afternoon,7,0.07608407103731488,0.07608407103731488,0.10292197573117401,0.09832880104626998,0.012955817240835341,-0.0060456740253532325,0.03519940765647586,0.03519940765647586,0.0689764713648267,0.06312939338979406,0.020172949363058943,0.020172949363058943,0.03275348975930253,0.026771150823932367
2025-07-20,afternoon,7,0.03353078006086649,0.03353078006086649,0.4951546977589445,0.4951546977589445,0.00950644359966717,0.0026997403927387677,0.10372416176361016,0.10372416176361016,0.3914305359953344,0.3914305359953344,0.032066095838053664,0.024330974723843938,0.1028656973536389,0.10166509196622271
2025-07-21,afternoon,7,0.03085580390746362,-0.03085580390746362,0.22649653811930634,0.1706991566239474,0.011002422808118612,0.003030178623453214,0.17028929750530958,-0.17028929750530958,0.34098845412925693,0.34098845412925693,0.039347395829990174,0.03551827463199615,0.03391802263526124,0.0004902442778274702
2025-07-22,afternoon,7,0.06960898948492739,-0.06960898948492739,0.3546020796956744,0.3546020796956744,0.009344533687973422,0.003991162601224082,0.014470643569489364,0.0007034797191891734,0.35389859997648526,0.35389859997648526,0.0204916848470429,0.020389559753852197,0.0711039167610886,-0.0711039167610886
2025-07-23,afternoon,7,0.03615403620999244,-0.03340498649114218,0.3605238886938359,0.3605238886938359,0.009042804442683797,-0.0028234300978821555,0.1723612096427421,0.1723612096427421,0.1893520638274126,0.18816267905109377,0.06603570698605538,0.06603570698605538,0.03916751540833588,0.03707048838747068
2025-07-24,afternoon,7,0.06970454000130344,0.05172175749732005,0.2990102194715477,0.28155243884148634,0.014613662530468448,-0.00880129832101824,0.08426740296824908,0.046063764351482614,0.2354886744900038,0.2354886744900038,0.024185194440602648,0.021084098048573224,0.03173692869219012,-0.013507643388161898
2025-07-25,afternoon,7,0.12749156376288506,0.09255864561997112,0.1933886786696834,0.1933886786696834,0.014360146848487734,-0.00623642441400816,0.034213440286808575,-0.014286599249185617,0.20767527791886897,0.20767527791886897,0.04299632979274514,0.04299632979274514,0.0609383499204765,0.0609383499204765
2025-07-26,afternoon,7,0.0451581383104927,-0.024783963066387193,0.3831397316487333,0.3831397316487333,0.013195613972529045,0.00010273872036008214,0.02592298658430435,0.025824981559250955,0.35731475008948244,0.35731475008948244,0.026293003767444173,0.021335948171094125,0.08269515866874538,0.08162683376684404
2025-07-27,afternoon,7,0.10713579733386108,-0.10713579733386108,0.40313586872598484,0.40313586872598484,0.014757295118616894,0.004594927905388006,0.1204220089748988,0.1204220089748988,0.28271385975108604,0.28271385975108604,0.044372476381117895,0.015041711311627338,0.10085054572937462,0.08764300985755465
2025-07-28,afternoon,7,0.0552466072803226,-0.052954271497544225,0.13428673954513137,0.13109815745095235,0.010529228599497661,0.005868291942888539,0.24856783079188577,-0.24856783079188577,0.37966598824283815,0.37966598824283815,0.03425319456128233,0.012639492435016724,0.06191449925543364,0.007972638659274282
2025-07-29,afternoon,7,0.048828505393664234,0.04772748292973705,0.32178933108401386,0.32178933108401386,0.007100674451576522,0.0013665915367351514,0.02328202290829038,-0.014908904859967403,0.3366982359439814,0.3366982359439814,0.02731131805504055,0.020192190957870365,0.033236502002633644,-0.020550987529912912
2025-07-30,afternoon,7,0.044816260316120515,-0.04351361749653787,0.3715152223823935,0.3715152223823935,0.0058861309613128365,0.002398361791545926,0.05762002951048434,0.05762002951048434,0.31389519287190903,0.31389519287190903,0.06297475934310864,0.06297475934310864,0.07687078489898007,0.07687078489898007
2025-07-31,afternoon,7,0.04198568584476617,-0.04198568584476617,0.3306118872034002,0.3306118872034002,0.00952195960095022,-0.005567132494256229,0.17701587853612105,0.17701587853612105,0.15554138211628188,0.15359600866727927,0.07585133101806898,0.07416473291249895,0.10454462511959159,0.09948588273517184
2025-08-01,afternoon,8,0.05803422784981985,-0.05803422784981985,0.3547230519090678,0.3547230519090678,0.01268577745579332,0.004672683233851645,0.0986214573755551,0.0986214573755551,0.25610159453351267,0.25610159453351267,0.05095783550194631,0.01042942652344813,0.05862992833975773,0.0345730258080689
2025-08-02,afternoon,8,0.08593191049572121,-0.08593191049572121,0.36697438132893556,0.36697438132893556,0.010958329312946992,0.0044904359645439405,0.062200055041758684,0.062200055041758684,0.304774326287177,0.304774326287177,0.022883778875358696,0.012501119508320144,0.05222962164101136,0.045149065394488305
2025-08-03,afternoon,8,0.028644116266947406,-0.01426420185750299,0.10043691718669623,0.09604325899286689,0.009480583597528762,-0.0024644582037912383,0.016465589327675972,0.0017788613335384777,0.09426439765932842,0.09426439765932842,0.03400270318463648,0.032494933568430404,0.03736349536085262,-0.034217165880337005
2025-08-04,afternoon,8,0.031580322272460326,-0.027407657520634343,0.2258567003036851,0.2258567003036851,0.006443918058284889,-0.002526785191996053,0.033858106325221876,-0.03247385109211082,0.25833055139579586,0.25833055139579586,0.041645429579341475,0.0402663463466581,0.07859573470263674,0.07859573470263674
2025-08-05,afternoon,8,0.1133452659829284,-0.1133452659829284,0.5486295442486888,0.5486295442486888,0.01731235099091681,0.00590633682739047,0.36491294468389485,0.36491294468389485,0.18371659956479408,0.18371659956479408,0.055025789160367836,0.055025789160367836,0.11719937057281879,0.11719937057281879
2025-08-06,afternoon,8,0.0968733212309979,-0.0968733212309979,0.2767090795935212,0.2767090795935212,0.0137177230326525,0.003120031173256193,0.13371019298898096,0.13371019298898096,0.1429988866045402,0.1429988866045402,0.04819221784952275,0.011909319933959233,0.06179120402489908,0.0032998239338863436
2025-08-07,afternoon,8,0.07040319836416162,-0.07040319836416162,0.23024777249730052,0.23024777249730052,0.011455235828613502,0.005112522422765237,0.03569929464696514,0.03569929464696514,0.1945484778503354,0.1945484778503354,0.0508918267507252,0.038056587248674244,0.030105820014937418,0.01705870381739985
2025-08-08,afternoon,8,0.027715347715569272,0.02326567412727748,0.18658228227633963,0.18658228227633963,0.012600570940272853,0.001556684467708588,0.08492223081900838,0.08492223081900838,0.10377049061489879,0.10166005145733129,0.03189349128140775,0.031706860960890135,0.029454104130537166,-0.014651400601385693
2025-08-09,afternoon,8,0.007679982329989177,0.0026272008952148984,0.2640601635984031,0.2549652446768336,0.013589387293226582,-0.007448820209178973,0.11552574629883007,-0.11549243510963483,0.3704576797864684,0.3704576797864684,0.05094959536567169,0.04697478154546052,0.07132096545700292,0.0658822125326847
2025-08-10,afternoon,8,0.046915303540542436,0.046915303540542436,0.29344396358753355,0.26811448596756193,0.012619812535084323,-0.006181986917981183,0.02823517758906363,-0.02416332301506527,0.2922778089826272,0.2922778089826272,0.043397028334354326,0.043397028334354326,0.11904003292841686,0.11904003292841686
2025-08-11,afternoon,8,0.02311752699638281,0.01288047259053704,0.5797753308241996,0.5797753308241996,0.012620952128398892,-0.0043899326003009175,0.17905114836543876,0.17905114836543876,0.4007241824587608,0.4007241824587608,0.04963091057866077,0.012090690593024946,0.09375675266819763,0.08153926040367018
2025-08-12,afternoon,8,0.023421710750349878,0.02260471000482428,0.42298425314695054,0.42298425314695054,0.019589521416508965,0.009681897139599516,0.18614893000321667,0.18562559368875442,0.2373586594581961,0.2373586594581961,0.025873808749729207,0.016049637767856294,0.02638027031703334,0.008284054447737763
2025-08-13,afternoon,8,0.02927790547189915,0.02927790547189915,0.3003571749388625,0.3003571749388625,0.011918392849963804,-0.0010976913450076974,0.04200050055785565,0.04200050055785565,0.25835667438100685,0.25835667438100685,0.03362856593335932,0.029416804364740895,0.04510339400088112,-0.025193471540928367
2025-08-14,afternoon,8,0.010526335785699004,0.002874404983453205,0.23661113007434748,0.20751468292253822,0.012337850850751352,0.001174570063229359,0.05789966817767611,0.027558434482254784,0.1807990215269232,0.17995624844028338,0.07994593362784677,0.07994593362784677,0.09637794878325495,0.09637794878325495
2025-08-15,afternoon,8,0.03984368871848734,-0.03977180667864502,0.21740065492647082,0.21740065492647082,0.01406245001031125,0.006475037721875186,0.08246316376820528,-0.05670134197688897,0.27410199690335973,0.27410199690335973,0.05004773874872239,0.026277137122064302,0.04549295959241715,0.034223784287663934
2025-08-16,afternoon,8,0.019328379225422965,0.012597765787498494,0.10231676402011078,0.07088204670884335,0.01399955322544919,-0.008018090900320978,0.06659450218480578,-0.06659450218480578,0.1374765488936492,0.1374765488936492,0.03875577157767769,0.01561124498584193,0.06034194814234516,-0.06034194814234516
2025-08-17,afternoon,8,0.009318366872250405,-0.00444178409611401,0.27351637743120494,0.23498278271935702,0.012013943366339657,-0.004315815204341494,0.10221187760465786,0.0027376537857043554,0.2322451289336526,0.2322451289336526,0.05266354371079152,0.05266354371079152,0.029553467901465666,0.017590543251209276
2025-08-18,afternoon,8,0.010010888963414621,0.006623666988402888,0.0417605285041135,-0.014959923576050603,0.01184011155535497,-0.0009137785162402559,0.1672459258977146,-0.1672459258977146,0.1522860023216639,0.1522860023216639,0.05167358776452323,0.05167358776452323,0.027463234609975767,0.015525468673664208
2025-08-19,afternoon,8,0.10447616185969291,0.10447616185969291,0.19770068061947227,0.19770068061947227,0.013768128121566373,-0.0055850591737047275,0.11878397507673447,0.11878397507673447,0.09352655481865363,0.07891670554273782,0.054303374659951935,0.054303374659951935,0.01441738949728906,-0.0060091193782626645
2025-08-20,afternoon,8,0.09049642002571248,0.09049642002571248,0.4831588563941016,0.4831588563941016,0.01127167364394285,-0.0030975461205493895,0.2496099450475519,0.2496099450475519,0.23354891134654981,0.23354891134654981,0.019592195077746982,0.0029549216341791945,0.08411684515918899,0.08411684515918899
2025-08-21,afternoon,8,0.06486871960141913,0.06486871960141913,0.4818504717774341,0.4818504717774341,0.018759634500426225,-0.007251056938588215,0.23558330456562554,0.23558330456562554,0.2462671672118085,0.2462671672118085,0.005871798383856481,0.0020296156932569443,0.050436033255407596,0.050436033255407596
2025-08-22,afternoon,8,0.012903264456828684,0.004091578304442817,0.22358645509900454,0.22358645509900454,0.013294758590897009,-0.007589340830968406,0.0335242054840516,-0.02435345977655077,0.24793991487555528,0.24793991487555528,0.017317128516735607,0.007382942949494157,0.022863485348256884,0.007438388547299404
2025-08-23,afternoon,8,0.016378585761159525,0.016338261690028444,0.2610949856243927,0.2610949856243927,0.011076540204078035,-0.0018396104233076695,0.03345543541056825,0.03345543541056825,0.22837993522420108,0.22763955021382454,0.006502826266545962,-0.0028072128084055256,0.04182666874687095,-0.04182666874687095
2025-08-24,afternoon,8,0.013142140747768233,-0.013088667523007441,0.42753925145581634,0.42753925145581634,0.0076803768045980636,0.0015235924310738327,0.08546963008461292,0.08546963008461292,0.34206962137120345,0.34206962137120345,0.0157135454010811,0.009438681627962112,0.024482759787242854,0.024219075426455176
2025-08-25,afternoon,8,0.008399679338655125,-0.0017418245508147578,0.22600392699382563,0.22600392699382563,0.012567917208759083,0.0033669284479099382,0.013349108425899784,0.0065078667754373525,0.21949606021838833,0.21949606021838833,0.009723623787117795,-0.009079139937213893,0.027342262396582502,-0.026281914647883174
2025-08-26,afternoon,8,0.02416770606627494,-0.01764660247618388,0.29693409960495376,0.29693409960495376,0.008839650019104882,0.0014025763871684596,0.139450762819613,0.139450762819613,0.15748333678534077,0.15748333678534077,0.005810479497429944,-0.001664726680032631,0.01289686520206218,0.005816659599635926
2025-08-27,afternoon,8,0.03616718536362218,0.03616718536362218,0.09868005877023145,-0.09816268340541467,0.015332877403501149,0.003394673162068631,0.07149707645461678,-0.07149707645461678,0.029740755679664728,-0.02666560695079792,0.01173789880114007,-0.005664655383676519,0.03771326284740272,-0.03771326284740272
2025-08-28,afternoon,8,0.0346725649010457,0.0346725649010457,0.14210610290359546,0.14210610290359546,0.028732653901387392,-0.01268192037072859,0.13127676678775582,0.13127676678775582,0.04309350203806875,0.010829336115839625,0.03322252006927405,-0.0114391938611853,0.02579114440391049,0.0047706444283929506
2025-08-29,afternoon,8,0.0090720393942538,-0.000475122751153384,0.1386607616695404,0.12692663229244083,0.020505973593987235,-0.008580129556966593,0.1407713761491563,-0.1407713761491563,0.2676980084415971,0.2676980084415971,0.03455238163687019,0.03441694535448424,0.030895032215792234,0.02921290482245628
2025-08-30,afternoon,8,0.03311219867032089,0.03311219867032089,0.2604486608929808,0.22980262981642308,0.010918706530009495,0.00023046083261664754,0.161090324948017,-0.161090324948017,0.39089295476443997,0.39089295476443997,0.05429587964238299,0.05429587964238299,0.08562005640213674,0.08562005640213674
2025-08-31,afternoon,8,0.013271879063581432,0.00818578643961207,0.3249772557205116,0.3249772557205116,0.009128712246397868,-0.0010640733422277284,0.08662565984122442,-0.028826977163424486,0.35380423288393614,0.35380423288393614,0.022749745169359913,0.006360815407345137,0.053260252302507534,0.053260252302507534
2025-09-01,afternoon,9,0.013609374006743696,-0.006588602578723596,0.6085800859179898,0.6085800859179898,0.012920051542962562,0.002965879262203975,0.20312527628838245,0.20312527628838245,0.40545480962960734,0.40545480962960734,0.02302877020938228,-0.02302877020938228,0.01640812752631416,-0.0002929631428697996
2025-09-02,afternoon,9,0.016532430858626906,-0.011041344302862438,0.6587035637916193,0.6587035637916193,0.01374770310292823,0.007817785460028483,0.4130876741590902,0.4130876741590902,0.2456158896325293,0.2456158896325293,0.038823840362967474,0.03749524988022218,0.06568383563492461,0.06568383563492461
2025-09-03,afternoon,9,0.017296396684512688,-0.017296396684512688,0.3707950432380944,0.3707950432380944,0.011823543621781528,0.0028906222729299614,0.10576166694904496,0.10576166694904496,0.2650333762890496,0.2650333762890496,0.048929622385076546,0.044089506595006656,0.02435372275962335,0.022232676618127896
2025-09-04,afternoon,9,0.018678372730994652,-0.018678372730994652,0.20272269303475302,0.20272269303475302,0.017599309353629057,0.0037864741097217037,0.10756621296267335,-0.10729008073644958,0.3100127737712027,0.3100127737712027,0.03234363064066463,0.029951974917469842,0.023501263129809637,0.017119803551265834
2025-09-05,afternoon,9,0.033774916013257855,0.03358732142147405,0.6091115308771904,0.6091115308771904,0.009531076347466794,-0.0003871549133705708,0.19249396642620623,0.19249396642620623,0.41661756445098413,0.41661756445098413,0.031126983285820177,0.024623850205689517,0.12505138766279658,0.12505138766279658
2025-09-06,afternoon,9,0.044032570759789974,0.044032570759789974,0.8501669872173536,0.8501669872173536,0.012420164552473306,-0.0008364614928975684,0.30774060002398973,0.30774060002398973,0.5424263871933639,0.5424263871933639,0.035149002567561954,0.03500138140281246,0.11021585508008296,0.11021585508008296
2025-09-07,afternoon,9,0.018678372730994736,-0.01823919099976265,0.31063433426327886,0.31063433426327886,0.01337562588571968,0.0030371476748769673,0.03942313495489733,0.03942313495489733,0.27121119930838133,0.27121119930838133,0.01900083380850709,0.0085135071785761,0.027892203831888826,-0.007988592965678332
2025-09-08,afternoon,9,0.049309764416511304,-0.049309764416511304,0.44072184776625195,0.44072184776625195,0.012953143579597327,0.005117913575753455,0.13744727011156707,0.13744727011156707,0.3032745776546849,0.3032745776546849,0.03005523960397509,0.02739446453649236,0.02432396184190811,0.022486060808572274
2025-09-09,afternoon,9,0.035598265316577005,-0.035598265316577005,0.4155332414121667,0.4155332414121667,0.014181625172708453,-0.012866972792810629,0.13125125742971416,0.13125125742971416,0.2842819839824524,0.2842819839824524,0.04373211259935131,0.043488064307984,0.09849518167019786,0.09849518167019786
2025-09-10,afternoon,9,0.05103318015224456,-0.05103318015224456,0.5460770305460907,0.5460770305460907,0.020512854984386805,-0.00372980125757765,0.18568621128698737,0.18568621128698737,0.3603908192591033,0.3603908192591033,0.051202628912019266,0.04945650897101876,0.09376968266926684,0.09376968266926684
2025-09-11,afternoon,9,0.019140346328518243,-0.018560906958569212,0.4778789452456304,0.4778789452456304,0.01999377022959819,0.0037169589175326447,0.18030014263821226,0.18030014263821226,0.29757880260741815,0.29757880260741815,0.014235624363614429,0.010248976305136558,0.10026843269818767,0.10026843269818767
2025-09-12,afternoon,9,0.025723250940669212,0.025723250940669212,0.2531541679169024,0.25186046652178784,0.017979758198648513,-0.009800721657899967,0.07808085767700959,0.03173447418351254,0.2201259923382753,0.2201259923382753,0.02672017593836116,0.009205941608716326,0.034796123114652876,-0.03460265523424783
2025-09-13,afternoon,9,0.04305383542461916,0.04305383542461916,1.1751013766970324,1.1751013766970324,0.013891335691076694,0.004644237231499371,0.7219906593639456,0.7219906593639456,0.4531107173330866,0.4531107173330866,0.04341333328485518,0.04341333328485518,0.1323482913170404,0.1323482913170404
2025-09-14,afternoon,9,0.05784663325803621,0.05784663325803621,0.4703317693673013,0.4703317693673013,0.016680665650545823,0.006589216205893117,0.16117189353103328,0.16117189353103328,0.3091598758362679,0.3091598758362679,0.01724318644282455,0.011771911278528871,0.03642192829994158,0.03642192829994158
2025-09-15,afternoon,9,0.043490387325125335,0.043490387325125335,0.767926833094708,0.767926833094708,0.073278479957857,0.06666840042820474,0.3616451170238407,0.3616451170238407,0.4062817160708674,0.4062817160708674,0.024594133118486385,0.02044645175855675,0.12381843535745138,0.12381843535745138
2025-09-16,afternoon,9,0.07759666200985171,0.07745552776089293,0.29382651629713374,0.29382651629713374,0.007824623019915914,0.0013162302783333874,0.21306546663578146,0.21306546663578146,0.08308932646405182,0.08076104966135222,0.04908934077116537,0.04908934077116537,0.06324352804329991,0.06324352804329991
2025-09-17,afternoon,9,0.08812212118530896,0.08812212118530896,0.3092553386916196,0.3092553386916196,0.024622622951350787,0.02158332758138099,0.10504968411050851,0.10504968411050851,0.204205654581111,0.204205654581111,0.007796220848075748,0.007532974792409074,0.044487443814353655,-0.044487443814353655
2025-09-18,afternoon,9,0.057281219651959064,0.048351191116906084,0.400327647815801,0.400327647815801,0.011094423053014441,0.00029388358362389573,0.1539622125958665,0.1539622125958665,0.24636543521993454,0.24636543521993454,0.02294825355865633,0.008367595403798478,0.10496276820501618,0.10496276820501618
2025-09-19,afternoon,9,0.13016960805213473,-0.13016960805213473,0.23635572968034652,0.23635572968034652,0.08960538954525167,0.08960538954525167,0.02043198768956411,0.02043198768956411,0.21592374199078235,0.21592374199078235,0.02613008575397214,0.012015871908871987,0.07731553310524875,0.07731553310524875
2025-09-20,afternoon,9,0.10725063327556053,-0.10725063327556053,0.1294354031439641,0.1294354031439641,0.012468421946294314,0.0013821951990424033,0.017536544060303246,0.016148782386224286,0.11328662075773989,0.11328662075773989,0.01666541263233534,-0.004442397723283419,0.04921202237453057,0.04921202237453057
2025-09-21,afternoon,9,0.07540250657417513,-0.07540250657417513,0.33102564723761496,0.33102564723761496,0.01143941301374577,-0.004036351859198175,0.16766178979651003,0.16766178979651003,0.16336385744110493,0.16336385744110493,0.020473670506570195,0.019377118754877083,0.01202678570638466,-0.00227616232381388
2025-09-22,afternoon,9,0.02785648196452814,-0.02785648196452814,0.38666598400812313,0.38666598400812313,0.012400835296637654,-0.0023801282985127237,0.13186278073451962,0.08626414577743179,0.30040183823069144,0.30040183823069144,0.06030780417341997,0.05524283785628216,0.1086337927458691,0.1086337927458691
2025-09-23,afternoon,9,0.03646479454077453,0.03646479454077453,0.7122882495446838,0.711985994333249,0.019400173604241247,-0.0142560493822526,0.32917109060968147,0.3277124111670263,0.3842735831662227,0.3842735831662227,0.06265637450322142,0.06265637450322142,0.08738497963282774,0.08738497963282774
2025-09-24,afternoon,9,0.07374790474243748,0.07374790474243748,0.20433618184614188,0.16520789474613462,0.011213642045923771,0.001464333578715945,0.04656505391835904,-0.04649930815021053,0.21534171662061957,0.21170720289634515,0.048721120639021544,0.03763112446772911,0.0371725696501493,0.0019303834138647835
2025-09-25,afternoon,9,0.060321303971146684,0.060321303971146684,0.18647989420007632,0.18647989420007632,0.020456313623779063,0.007598282255436618,0.1332239811182666,0.1332239811182666,0.07508473536145734,0.05325591308180977,0.044764671803379924,-0.021054643944442723,0.07959471973439747,-0.07959471973439747
2025-09-26,afternoon,9,0.0482043589013742,0.0482043589013742,0.3584788884908321,0.3584788884908321,0.014410771089962113,-0.006714220826399508,0.09286900947614421,0.09286900947614421,0.2656098790146879,0.2656098790146879,0.04554060335906874,-0.0077419586740972105,0.04966501071707388,-0.03289615807618482
2025-09-27,afternoon,9,0.010034557439948272,-0.00034275460461422047,0.20775868738339348,0.11381718910669847,0.01469159318098049,-0.008424531239015116,0.07860309822866937,-0.039594643748740777,0.1563611003535576,0.1534118328554392,0.08924689978679376,0.08924689978679376,0.10694421416547628,0.10694421416547628
2025-09-28,afternoon,9,0.021233691586367176,0.018494284580178766,0.2938260779920127,0.2938260779920127,0.011920277561984058,0.003817681434336166,0.14112263387311774,0.14112263387311774,0.15270344411889497,0.15270344411889497,0.06572380906195885,0.03778974709101546,0.04855061994695643,0.029480840742917597
2025-09-30,afternoon,9,0.0212139678559225,0.010450070694646929,0.3567423236014693,0.32486921350818754,0.014057628653980352,-0.005035643704543607,0.04383577176046557,-0.035805145333684306,0.3606743588418717,0.3606743588418717,0.030079039572044844,0.02940203348216347,0.06295801608748693,0.06295801608748693
2025-10-01,afternoon,10,0.027113554784449823,-0.027113554784449823,0.31535470509429414,0.31535470509429414,0.011318703783425099,-0.004053270436868377,0.23123255644314117,0.23123255644314117,0.08677100181934477,0.08412214865115299,0.03398087558961117,0.028700789119091415,0.01184462609810116,-0.0056691699264227145
2025-10-02,afternoon,10,0.04061948878263985,0.01634089152075427,0.569278931278264,0.569278931278264,0.009197350828344913,-0.005004173396856476,0.24490035652251294,0.24490035652251294,0.32437857475575116,0.32437857475575116,0.05842712456027553,0.057979527370720395,0.02893186357887742,0.028234520131382113
2025-10-03,afternoon,10,0.036940355597048696,-0.036940355597048696,0.3376650932103736,0.3376650932103736,0.014610375242061015,-0.0004928302780412893,0.11329490472452661,0.11329490472452661,0.22437018848584703,0.22437018848584703,0.046620280363603724,0.011061374846891714,0.05185162730466948,0.027179432044134668
2025-10-04,afternoon,10,0.013797845208769477,0.0041034125427095725,0.0663417316215308,-0.010043805678001078,0.01095946890626157,0.002340724668135714,0.09103255484970763,0.09103255484970763,0.10460664529421176,-0.1010763605277088,0.03611923478338574,0.018350257517421403,0.04523843580865818,-0.04424760325214788
2025-10-05,afternoon,10,0.03642140233379637,0.0281006179169197,0.27865138490667685,0.27865138490667685,0.00855304230048944,0.000478585361609136,0.11225993484233257,0.11225993484233257,0.1663914500643443,0.1663914500643443,0.017276103157410915,0.009652574527005225,0.04408293201819188,-0.04408293201819188
2025-10-06,afternoon,10,0.05389005293085819,0.05389005293085819,0.2594046619252943,0.2594046619252943,0.013767996630030073,4.317305441752309e-05,0.15946075033868778,0.15946075033868778,0.1490402214091957,0.09994391158660655,0.029611630991021,-0.010702008478191936,0.03135713730485217,-0.0015100488028351872
2025-10-07,afternoon,10,0.04776386225477905,-0.044503748764854384,0.23771539599616998,0.23771539599616998,0.01163665031819133,0.0018222973710285964,0.07518931496332557,0.07518931496332557,0.16252608103284438,0.16252608103284438,0.035925197106323456,-0.0058243299392532425,0.04142171864558821,-0.008485192667760162
2025-10-08,afternoon,10,0.09224569576358399,-0.09224569576358399,0.1924466294731393,0.1924466294731393,0.006842118260704399,-0.0019062766322102869,0.16961873450070677,0.16961873450070677,0.039809150274953374,0.02282789497243251,0.057724346129279944,0.057724346129279944,0.03516596497574438,0.03133544120136317
2025-10-09,afternoon,10,0.0126429112149605,0.0037093762389396046,0.11870806062977894,0.11870806062977894,0.01049929235973403,0.003462215981213197,0.06835416575404488,0.06835416575404488,0.05035389487573407,0.05035389487573407,0.05219122611241258,0.006208285225240545,0.0446962523739934,-0.020959224919603156
2025-10-10,afternoon,10,0.03763857565478618,0.027476909729750754,0.18186682046267938,0.18186682046267938,0.1594329179635049,0.1594329179635049,0.07836110997137069,0.07836110997137069,0.10350571049130865,0.10350571049130865,0.04751323938659699,-0.04751323938659699,0.0488330637669225,-0.0488330637669225
2025-10-11,afternoon,10,0.04022632908911172,-0.03726952274291223,0.06592030124769875,0.05433502028968745,0.046422429431988835,0.036823634943329034,0.02793406197094338,-0.01172299642702641,0.06605801671671388,0.06605801671671388,0.028795112381128515,0.01046352666186124,0.04130622524620725,0.0403792099153131
2025-10-12,afternoon,10,0.06798989036798986,-0.06798989036798986,0.18409012318890194,0.18409012318890194,0.019422614826435928,-0.007413317494378794,0.040301717569922055,0.022886978502741948,0.16869500645822003,0.16120314468615984,0.0668499464093188,0.04557970017586105,0.17070204943774603,0.17070204943774603
2025-10-13,afternoon,10,0.03884435304262987,-0.02632986522811967,0.32302784986439587,0.28977723443686637,0.016930455738998103,-0.001896590089036438,0.06664517025679222,-0.008014847442425657,0.297792081879292,0.297792081879292,0.05716112404880759,0.03647347298216994,0.10448567308081844,0.10448567308081844
2025-10-14,afternoon,10,0.09371577113938498,-0.09371577113938498,0.453842160918995,0.453842160918995,0.025010698305475487,-0.01715425433377568,0.23028200412724986,0.23028200412724986,0.22356015679174512,0.22356015679174512,0.03442040796494008,0.006546218473523956,0.06333403805078437,0.06302792575428487
2025-10-15,afternoon,10,0.043191024927489025,-0.02730334090183853,0.10014259529795136,0.10014259529795136,0.06720655145575641,0.05942873942276222,0.05042836291579029,0.05042836291579029,0.056296786350215115,0.04971423238216104,0.02695488833065141,0.008147303249988842,0.03978605159507717,-0.028732785392923725
2025-10-16,afternoon,10,0.09802124234287118,-0.09802124234287118,0.33132575475395687,0.33132575475395687,0.010216278743110702,-0.0010311566276413973,0.1001816482842316,0.09869141087286515,0.23263434388109183,0.23263434388109183,0.07935965669801034,0.07935965669801034,0.0669509757397071,0.0669509757397071
2025-10-17,afternoon,10,0.08606997660883312,-0.08606997660883312,0.417309823559076,0.4144490060343734,0.018064657900584292,0.015359789337929943,0.21160963617641276,0.21160963617641276,0.2339162548684517,0.20283936985796064,0.03530008634276731,0.002836228607415057,0.033961765486336046,0.022699077097373496
2025-10-18,afternoon,10,0.012578042057053929,-0.004066156607425375,0.26866333164006573,0.21679745941896406,0.013286474624110315,0.00522560514398069,0.10994914641396049,-0.10994914641396049,0.32674660583292453,0.32674660583292453,0.02964213702744195,-0.024226614274536235,0.03027794243595023,-0.022696140453062855
2025-10-19,afternoon,10,0.029454542435658065,0.015476115517040617,0.25036106853339274,0.25036106853339274,0.01944961442188891,0.012705062881116875,0.13288451380205976,0.13288451380205976,0.12932867584700306,0.11747655473133298,0.006801487375988642,-0.0061705033238112425,0.03171233977490255,-0.03171233977490255
2025-10-20,afternoon,10,0.03885794050138067,0.036307004697218065,0.15617311128716496,0.15617311128716496,0.015039914260631348,0.008749709808277686,0.08253969184233015,0.08253969184233015,0.07363341944483486,0.07363341944483486,0.0687820392131554,0.04253440002573367,0.05777120094671387,0.04365970459336382
2025-10-21,afternoon,10,0.02688081476520396,-0.01957163856757252,0.07414663091100211,0.06009833815609888,0.0734302211907438,0.0734302211907438,0.05065409005310021,0.033948528671682125,0.05832140536509275,0.026149809484416746,0.03628544008526521,0.03597012338122489,0.014974475306067509,0.005173797478679677
2025-10-22,afternoon,10,0.09496274920860193,-0.09496274920860193,0.19612488604848852,0.19612488604848852,0.18191889111105297,0.18191889111105297,0.03259868039056883,0.02862973985897892,0.16749514618950959,0.16749514618950959,0.04994635877423738,0.04994635877423738,0.040110134401537274,0.03672457798598525
2025-10-23,afternoon,10,0.038437605890351195,-0.038437605890351195,0.14849203319437335,0.14849203319437335,0.1336379164745297,0.1283169799667336,0.08683985955385232,0.08683985955385232,0.061652173640521016,0.061652173640521016,0.01915950026230553,-0.0015185957526945312,0.02891538330632821,0.008247280648086719
2025-10-24,afternoon,10,0.01973337315721807,0.006404514427907848,0.09188571576771493,0.09188571576771493,0.010285969257348138,0.0032683536261992503,0.019057813474235838,-0.002071736815384091,0.0939574525830991,0.0939574525830991,0.05923645496618382,0.03054149530520154,0.05360690782269868,0.026798588724506345
2025-10-25,afternoon,10,0.039478142247581616,0.023663216872015502,0.28516267046205795,0.28516267046205795,0.021681244945410204,-0.0014965051745966344,0.11210442418540527,0.11210442418540527,0.17407704269988214,0.1730582462766527,0.06654821716402919,0.06654821716402919,0.11425597636332162,0.11425597636332162
2025-10-26,afternoon,10,0.02605811605310565,-0.02559175940437214,0.19142156528667967,0.005560645578465591,0.012862414419552395,-0.0035642095828675897,0.09402885248730827,-0.09402885248730827,0.16836833765154607,0.09958949806577386,0.04220505755782171,0.03632431774949703,0.03545314249101709,0.03545314249101709
2025-10-27,afternoon,10,0.04549125020244532,0.041385207829009674,0.13967123029547113,0.13967123029547113,0.01649109868571761,0.009255996053533439,0.03556153534743793,0.03485060444119195,0.11319006213958574,0.10482062585427909,0.050419991287979346,-0.015800373645549266,0.03720763405982851,-0.01930716525756714
2025-10-28,afternoon,10,0.058625063152914714,0.05274300842922697,0.34379373839513017,0.34379373839513017,0.013044968502444729,-0.00035358074110271656,0.1036205902635202,0.10037362592722525,0.24342011246790496,0.24342011246790496,0.042925105210584305,0.04019192213711399,0.055092104725173736,0.055092104725173736
2025-10-29,afternoon,10,0.022173417765770087,0.022173417765770087,0.2553601137603336,0.2553601137603336,0.029203218279282434,0.019849348692231938,0.03804804029881499,0.03600115538379106,0.2193589583765426,0.2193589583765426,0.06115088407364455,0.06115088407364455,0.027620104012778174,0.023878906822054763
2025-10-30,afternoon,10,0.06320316014165683,0.06320316014165683,0.17816796354664372,0.16775628838059564,0.05401799419567531,0.042521075550055666,0.042156624841952345,0.0026330741838361243,0.16512321419675935,0.16512321419675935,0.034645740627641114,-0.000369578878018926,0.07735861849864209,-0.07735861849864209
2025-10-31,afternoon,10,0.08179387184845335,0.08179387184845335,0.2809156253311999,0.25244490257011626,0.018900242783239873,0.005860402450710737,0.10113540022750606,0.06476747111847048,0.19950272829391114,0.1876774314516456,0.04551877576404342,0.028615012806913608,0.08072852742137474,0.08072852742137474
2025-11-01,afternoon,11,0.03516346663655462,0.023048713092387152,0.34683373505329373,0.34683373505329373,0.10499406319065482,0.10499406319065482,0.2002085748607536,0.2002085748607536,0.15882661048963925,0.14662516019254002,0.03905070709359196,0.03110335863979879,0.03489141064795613,0.03416303519789471
2025-11-02,afternoon,11,0.022858050364756577,0.008583329184349786,0.29521147281843835,0.29521147281843835,0.01058616443471428,-0.003925767477172382,0.2086419598632127,0.2086419598632127,0.09384976101487169,0.08656951295522552,0.045747308054127675,0.02484225764747891,0.12616143921221626,-0.10030485585374191
2025-11-03,afternoon,11,0.06091564571520916,0.06091564571520916,0.4561104337506311,0.4561104337506311,0.016588533914113718,-0.0042635692339195105,0.22108373285815086,0.2158968300563536,0.24021360369427744,0.24021360369427744,0.05093872539867116,0.04295438399266645,0.14970013359935844,0.045259299132417316
2025-11-04,afternoon,11,0.03288734814325303,0.03288734814325303,0.257021202507862,0.257021202507862,0.025417533118778524,0.004891791963834593,0.14451125842451668,0.14451125842451668,0.11786515605160282,0.11250994408334536,0.035932341479795564,0.035932341479795564,0.08955371337148693,0.08955371337148693
2025-11-05,afternoon,11,0.010980858196165982,0.008275638989414719,0.10442838660150497,-0.06788066473183921,0.011846203996536719,-9.129895670229211e-05,0.11418519008628175,-0.10990549122390986,0.04810499513044578,0.04202482649207062,0.046735949085033035,0.020122500443632948,0.012082801100847161,0.004803079007346209
2025-11-06,afternoon,11,0.05223238296327362,-0.05223238296327362,0.33637332035779155,0.33637332035779155,0.010217199183864798,-0.006844265955797305,0.27839168912249024,0.27839168912249024,0.05798163123530121,0.05798163123530121,0.020918331051814752,-0.004560433292366094,0.0433758143664985,0.04176215023306121
2025-11-07,afternoon,11,0.03444245471252577,-0.02581222688023005,0.6542793119003449,0.6542793119003449,0.02871087013687422,-0.019406090723374608,0.494012825257741,0.494012825257741,0.1602664866426039,0.1602664866426039,0.061629469435253645,0.061629469435253645,0.1574411718327015,0.1574411718327015
2025-11-08,afternoon,11,0.026276830308479715,0.024821657306792533,0.8443781161623884,0.8443781161623884,0.02864775419945165,-0.0271743477047312,0.5983894918549691,0.5983894918549691,0.2459886243074193,0.2459886243074193,0.07574416541598691,0.07574416541598691,0.22572323639434355,0.22572323639434355
2025-11-09,afternoon,11,0.035231842235429106,0.035231842235429106,0.3237531133480984,0.284731948019661,0.014393633359731386,-0.008339061740422048,0.08042460665048023,0.013299053981082727,0.2743161527854755,0.2714328940385782,0.05667223851685521,0.008854026427073305,0.12094815044213536,0.10027969713979708
2025-11-10,afternoon,11,0.03705168509778026,0.03705168509778026,0.3799286206713353,0.3799286206713353,0.014218398972359537,0.0077111458240915615,0.35032132890101214,0.35032132890101214,0.08450229068258766,0.029607291770323202,0.05464025597594495,-0.007342750369899389,0.0611420303102006,0.04980447940657294
2025-11-11,afternoon,11,0.028009012146632595,0.028009012146632595,0.5521492220312638,0.5521492220312638,0.02888851520241153,-0.019878101508168884,0.3728929030386895,0.3728929030386895,0.17925631899257422,0.17925631899257422,0.03812246450835907,0.03237356688042823,0.09118578632000579,0.09106858353065303
2025-11-12,afternoon,11,0.01926307176239539,0.017014566491716065,0.3972220368810254,0.3972220368810254,0.025543239027478497,-0.01808293522412958,0.21025408992872655,0.20959487902675739,0.18762715785426798,0.18762715785426798,0.05157093670518731,0.05157093670518731,0.10586339756762672,0.10586339756762672
2025-11-13,afternoon,11,0.048335412132550326,0.048335412132550326,0.4910046495513614,0.4910046495513614,0.01714141199373068,-0.013366114664594236,0.29193794719181143,0.29193794719181143,0.2007437454134826,0.19906670235955015,0.05451073681269237,0.03904093288939388,0.07939046954801607,0.07939046954801607
2025-11-14,afternoon,11,0.025208242423505695,0.02485759832671361,0.7237614558832579,0.7237614558832579,0.028354791056581827,-0.0195658091094634,0.4495209107311532,0.4495209107311532,0.27468524952786133,0.2742405451521047,0.03356974538612241,0.03290457353450778,0.06308025938573109,0.06308025938573109
2025-11-15,afternoon,11,0.00927891941136122,-0.008234000002920738,0.5312490368114582,0.5312490368114582,0.024957619555323565,-0.020148272784747193,0.29793396124695637,0.29793396124695637,0.23331507556450154,0.23331507556450154,0.028333708580262136,0.024133342944789464,0.046705048574003254,0.04537119842980606
2025-11-16,afternoon,11,0.0422372729842144,-0.0422372729842144,0.7973141833553186,0.7973141833553186,0.020146738716823716,0.0031840675514328374,0.5442995717889393,0.5442995717889393,0.25457997447548325,0.2530146115663791,0.05975124433078674,0.016490353567011864,0.05247423972903592,0.052115355495969184
2025-11-17,afternoon,11,0.030010313329073723,-0.030010313329073723,0.6370127637945716,0.6370127637945716,0.014923500420496357,0.010963325991326276,0.3847437969000209,0.3847437969000209,0.2540422617530526,0.2522689668945507,0.05642463995400789,0.04932961963849217,0.09890955533158188,0.09890955533158188
2025-11-18,afternoon,11,0.015981043016421476,-0.013926268609219666,0.4396269177435066,0.4396269177435066,0.016038680139831587,-0.006223362921402652,0.22260815806895462,0.22260815806895462,0.21769462617111884,0.21701875967455203,0.03477306826528872,0.025384572573680018,0.0754377463059028,0.0754377463059028
2025-11-19,afternoon,11,0.03442711403329113,0.031279206654339975,0.7190815844454221,0.7190815844454221,0.022952768101402586,-0.014128897066653346,0.44426957707657033,0.44426957707657033,0.27481200736885164,0.27481200736885164,0.051796357028912506,0.051796357028912506,0.13818585807094752,0.13818585807094752
2025-11-20,afternoon,11,0.03581917109755589,0.03581917109755589,0.3085155234779003,0.3085155234779003,0.020716053238477833,-0.020496900677982773,0.08633295968142714,0.07997578220658626,0.22980951120682247,0.22853974127131405,0.03409338851416935,0.024218724782358377,0.0798599381631086,0.0798599381631086
2025-11-21,afternoon,11,0.04626661196147691,0.04626661196147691,0.39996245198899205,0.39996245198899205,0.02647823151157467,0.0028289527424066405,0.13463462231966122,0.13463462231966122,0.26603814694840744,0.26532782966933083,0.03562324870847331,-0.010776695670808738,0.03317684867566693,0.029333438730728627
2025-11-22,afternoon,11,0.041499605465588146,0.041499605465588146,0.9472847073838159,0.9472847073838159,0.026317198210122884,-0.021211907821853962,0.7159972751395267,0.7159972751395267,0.23601727046591792,0.23128743224428916,0.06425930016119447,0.06425930016119447,0.1527725648364751,0.1527725648364751
2025-11-23,afternoon,11,0.06282358790687909,0.06282358790687909,0.6822792073004611,0.6822792073004611,0.019919389850566148,-0.005989614800378622,0.3977776762829046,0.3977776762829046,0.2845015310175564,0.2845015310175564,0.06219939758407711,0.06219939758407711,0.1432810236109216,0.1432810236109216
2025-11-24,afternoon,11,0.022787044935156014,0.022787044935156014,0.6280057688802727,0.6280057688802727,0.012157312971415517,-0.0024162446404823387,0.39919427843394467,0.39919427843394467,0.22881149044632795,0.22881149044632795,0.04500880775577141,0.01013602507545737,0.06351220908246688,0.051809287029981804
2025-11-25,afternoon,11,0.04841869010553845,0.04841869010553845,0.9851997659089224,0.9851997659089224,0.022626844413434356,-0.01412346208315309,0.6915946375284008,0.6915946375284008,0.29360512838052155,0.29360512838052155,0.05506479831613595,0.05506479831613595,0.10460962576903443,0.10460962576903443
2025-11-26,afternoon,11,0.06756035134941965,-0.06756035134941965,0.701279076837702,0.701279076837702,0.034428385118142155,-0.034428385118142155,0.5083809054289188,0.5083809054289188,0.19289817140878335,0.19289817140878335,0.03566107444041473,0.03566107444041473,0.13089324980688943,0.13089324980688943
2025-11-27,afternoon,11,0.024063827752600603,-0.02266388119615817,0.825169131251923,0.825169131251923,0.027969214041646796,-0.01574812767512722,0.5924609767884566,0.5924609767884566,0.23270815446346657,0.23270815446346657,0.02682567598098344,0.026758001670302567,0.10388607167530392,0.10388607167530392
2025-11-28,afternoon,11,0.03257527489710793,0.006049925585026872,0.9276685370159505,0.9276685370159505,0.020388113346952997,-0.015193408714002099,0.6091253374885015,0.6091253374885015,0.3185431995274489,0.3185431995274489,0.0744152242891448,0.0744152242891448,0.191592153639769,0.191592153639769
2025-11-29,afternoon,11,0.0754651842064768,0.0754651842064768,0.816327158215677,0.816327158215677,0.025520359500162817,-0.018790885655552838,0.5796295943714703,0.5796295943714703,0.23697054027355932,0.23669756384420668,0.04035878489667494,0.02852454662994125,0.13007524095958556,0.13007524095958556
2025-11-30,afternoon,11,0.037956785172624796,0.037956785172624796,0.558430791872734,0.558430791872734,0.01286557021642349,0.005106166998510887,0.3233582880951102,0.3233582880951102,0.23507250377762362,0.23507250377762362,0.03446542190086576,0.03228117216092351,0.09445348248852356,0.09445348248852356
2025-12-01,afternoon,12,0.03012602588101529,-0.030034858415849325,0.4634514747305586,0.4634514747305586,0.010583534603988342,-0.0006803810393129859,0.3565823860628199,0.3565823860628199,0.10882103669355601,0.10686908866773853,0.06222069921295726,0.04422091047027951,0.03803616223003616,-0.001973118163161293
2025-12-02,afternoon,12,0.030481929639259026,0.025032043764867645,0.6656960207088234,0.6656960207088234,0.032924034281879816,-0.02250753775950081,0.4117061364177292,0.4117061364177292,0.254072548636913,0.25398988429109426,0.053021551333616274,0.032999072118593244,0.04029707153563957,0.03780066088852813
2025-12-03,afternoon,12,0.01776012350252046,-0.015972715219122663,0.6716380794035746,0.6716380794035746,0.02351143180861662,-0.02105639716492667,0.4044407907321967,0.4044407907321967,0.26719728867137793,0.26719728867137793,0.05778890847360178,0.05778890847360178,0.19677445423779588,0.19677445423779588
2025-12-04,afternoon,12,0.00874988513032604,-0.0007578295541921243,0.16620043669261686,0.16620043669261686,0.02534832474017419,-0.018077281088068796,0.0863869588723332,0.0863869588723332,0.07998275125801005,0.07981347782028365,0.0509284252283279,0.012049709064212377,0.06542212364718136,0.027000121419137615
2025-12-05,afternoon,12,0.01948967550994743,0.01674763867303311,0.9468838335201581,0.9468838335201581,0.020556422513413233,-0.009541727161906875,0.7018904248204589,0.7018904248204589,0.2462373186330691,0.2449934086996991,0.07683076764143354,0.07683076764143354,0.16985686567294073,0.16985686567294073
2025-12-06,afternoon,12,0.02187887672446473,0.006082360163980199,0.9012748983927271,0.9012748983927271,0.019683274881888757,-0.005207897617092725,0.646701673816107,0.646701673816107,0.25521034490049127,0.25457322457662,0.07956601074897253,0.07956601074897253,0.1675171052760712,0.1675171052760712
2025-12-07,afternoon,12,0.009726428939892034,-0.0012969448530099903,0.34837227368899315,0.34837227368899315,0.015004280054294838,0.0054018914636429355,0.17856419137601867,0.15865198972943675,0.19518454624191622,0.1897202839595564,0.07352897133450277,0.020547612580481225,0.08316138382594258,0.021080547777093214
2025-12-08,afternoon,12,0.05267287960986866,0.05267287960986866,0.6520677119208529,0.6520677119208529,0.015348568726832594,0.006747970320715748,0.39327409116473094,0.39327409116473094,0.2590048838244392,0.258793620756122,0.055564685306625256,0.047468926738864825,0.12683783167492818,0.12683783167492818
2025-12-09,afternoon,12,0.05232924839501241,0.05232924839501241,0.33578866515690264,0.33578866515690264,0.020794509855135052,-0.01713720426456917,0.17802113133111191,0.17802113133111191,0.15776753382579078,0.15776753382579078,0.04272909516047753,0.0042146105519048245,0.12176681674712073,0.12176681674712073
2025-12-10,afternoon,12,0.03216414469361925,0.027687296187825866,0.1689756970577021,0.16826546743964968,0.058472708292858576,0.03317776911642099,0.033780175674709846,-0.019088188019120468,0.1873536554587702,0.1873536554587702,0.02418401101677595,0.02418401101677595,0.07273822506572453,0.07273822506572453
2025-12-11,afternoon,12,0.02691237273391517,0.026315401159126617,0.28572922366144976,0.28572922366144976,0.022438943008065856,-0.0016895785803927848,0.13695926118985666,0.13695926118985666,0.14876996247159316,0.14876996247159316,0.03778225207344653,0.03686523009931097,0.058877044766971975,0.058877044766971975
2025-12-12,afternoon,12,0.047016552023491115,-0.034209276388159265,0.7496774295856264,0.7496774295856264,0.021909996388054964,-0.013662759570480347,0.5194489863441615,0.5194489863441615,0.2302284432414648,0.2302284432414648,0.029347157681015583,-0.024649666377315912,0.12735227039543434,0.12735227039543434
2025-12-13,afternoon,12,0.022663881196158003,0.016482902379955117,0.6802884254409238,0.6802884254409238,0.043671495001118464,-0.03526655600101159,0.3129231197745772,0.3129231197745772,0.36736530566634673,0.36736530566634673,0.0790553414525069,0.0790553414525069,0.2070346949845419,0.2070346949845419
2025-12-14,afternoon,12,0.02973330449260775,0.0294448997229963,0.6629098903767374,0.6629098903767374,0.011144521328343622,0.0028754569157436755,0.3438639548755128,0.3438639548755128,0.319749941186559,0.3190459355012246,0.04047971327955613,0.03080684522544899,0.13139563513656832,0.128646059451573
2025-12-15,afternoon,12,0.04542944918038569,0.04370340361392652,0.26961712741385235,0.26961712741385235,0.04119379998267329,0.032784916236477536,0.18470892235871572,0.18470892235871572,0.09312660139575012,0.08490820505513663,0.0647704077627811,-0.02532557670439484,0.15734123826511576,0.05452686644114486
2025-12-16,afternoon,12,0.033810418728057984,0.033810418728057984,0.11396875501753681,-0.015644556175037315,0.039741651286320887,0.02587683305506407,0.18581836028096593,-0.18581836028096593,0.1701738041059287,0.1701738041059287,0.0551188413375541,0.03908809452041245,0.1481414767586054,0.14756633277884212
2025-12-17,afternoon,12,0.0273186815810732,0.023430915157890808,0.6244197755328919,0.6244197755328919,0.029269665335624542,-0.011408819316300667,0.3488439776602027,0.3488439776602027,0.2758716538293574,0.27557579787268904,0.1109529089715399,0.1109529089715399,0.3256792890328015,0.3256792890328015
2025-12-18,afternoon,12,0.0426238581009277,-0.039633740565533065,0.7732230053631683,0.7732230053631683,0.014986397205358479,-0.009772582469132401,0.5043511281465354,0.5043511281465354,0.2688718772166329,0.2688718772166329,0.09583637897575945,0.09583637897575945,0.28743918342996866,0.28743918342996866
2025-12-19,afternoon,12,0.02237372320606254,-0.019483539238253494,0.1885375175905645,0.17116844991699157,0.015005638800169937,-0.002767809178028548,0.08018047069808869,-0.07911451264384066,0.25028296256083227,0.25028296256083227,0.0506945017852554,0.0506945017852554,0.11760953650504137,0.10102196686219385
2025-12-20,afternoon,12,0.05328343864340784,-0.05328343864340784,0.5949398990612405,0.5949398990612405,0.015284882992752729,0.0023979234864249226,0.23977525474277514,0.23977525474277514,0.35580202762540913,0.3551646443184653,0.04304572677988078,0.03205180709110936,0.23467224354113547,0.23467224354113547
2025-12-21,afternoon,12,0.019312161935946315,-0.00447115053922037,0.7089983751370439,0.7089983751370439,0.01525915448215061,-0.0038030858738072205,0.39832906412511015,0.39832906412511015,0.3117671776789898,0.31066931101193374,0.05479782666694088,0.028150803853272944,0.2546885426539525,0.2546885426539525
2025-12-22,afternoon,12,0.06632827565431645,-0.06632827565431645,0.5816382152494318,0.5816382152494318,0.013241504518696733,0.0014651225279337377,0.17815130795204598,0.17815130795204598,0.40348690729738584,0.40348690729738584,0.050396322811445834,0.050396322811445834,0.21033920878322288,0.21033920878322288
2025-12-23,afternoon,12,0.023790325357102626,0.023478252110957665,0.25698171121646074,0.25278520266605276,0.019249659625693215,-0.015025888496759681,0.08339193231958338,-0.08339193231958338,0.3364306506676169,0.33617713498563623,0.07184443326300136,0.07167647474063793,0.15877353173948736,0.1586163555231003
2025-12-24,afternoon,12,0.03956887140762663,0.03956887140762663,0.633032909465469,0.633032909465469,0.023567754016663847,-0.0019290684985017823,0.27963735227634423,0.27963735227634423,0.35339617081629426,0.35339555718912485,0.06449120740071035,0.028843851910582568,0.1824991194302198,0.13173961699552142
2025-12-25,afternoon,12,0.04031311350306774,0.03522351443813024,0.517954278220561,0.517954278220561,0.022047273551949062,-0.011003737723481581,0.22276305509871247,0.22276305509871247,0.29519122312184853,0.29519122312184853,0.06237752478524752,-0.0015704910790198057,0.14503560284075717,0.11176570198790406
2025-12-26,afternoon,12,0.04102579762979783,-0.030431962855466205,0.40242752381995267,0.40242752381995267,0.022737034320851245,-0.01713882599351683,0.14591396630322145,0.14591396630322145,0.25651355751673127,0.25651355751673127,0.06908232205154574,0.06908232205154574,0.23941658966226903,0.23941658966226903
2025-12-27,afternoon,12,0.09057400003212776,0.09057400003212776,0.6574015784297182,0.6574015784297182,0.014611953140496589,-0.0022021325888786584,0.2974342934090276,0.2974342934090276,0.3599672850206904,0.3599672850206904,0.06214193578271532,0.06214193578271532,0.16827502249128734,0.16827502249128734
2025-12-28,afternoon,12,0.09892152106138513,0.025933199093623627,0.5823019406941471,0.5716311395405697,0.011515546613261768,0.003560834633435971,0.2478694354121001,0.23018908344159988,0.3414420560989697,0.3414420560989697,0.06229415915123521,0.04725363126343445,0.24091857365087802,0.24091857365087802
2025-12-29,afternoon,12,0.06786365849314482,0.06786365849314482,0.41856885501912017,0.41856885501912017,0.010510249987758773,0.002054905898738052,0.22645108587825974,0.22645108587825974,0.19235892461842918,0.1921177691408604,0.024409606662549557,0.011058219050020607,0.25084092497985266,0.25084092497985266
2025-12-30,afternoon,12,0.016580206116814933,0.009910078785587084,0.050344821959729516,0.03140670961403612,0.03647860115208561,0.03365240973194121,0.015834342292425987,-0.011084429696255858,0.050286132904028946,0.042491139310292,0.02880159929691908,0.015909029485042657,0.18820453719014837,0.16629603103950477
2025-12-31,afternoon,12,0.06524478539522877,0.06524478539522877,0.16787419245814184,0.16709155483410185,0.03499862008055031,0.028743830681972653,0.1180172917590985,0.1180172917590985,0.057974486861829086,0.04907426307500337,0.036458132302935306,-0.0010788442248051682,0.1295804821390119,0.09553329098459488
2025-01-01,evening_peak,1,0.0464432489252358,0.0464432489252358,0.054944352068887974,-0.054944352068887974,0.22677433590499002,0.22677433590499002,0.056396150121143594,-0.056396150121143594,0.0027764437889119687,0.0014517980522555814,0.07126687860507278,0.07126687860507278,0.042632448881299224,0.042632448881299224
2025-01-02,evening_peak,1,0.00731838060517237,-0.001411780794709161,0.018983476925715906,0.007653640192217662,0.006668067297159231,-0.0017068039716476935,0.019462500592446023,0.012419112620182936,0.0049863782089442435,-0.004765472427965219,0.06582435625671403,0.06582435625671403,0.04157363520052336,0.04157363520052336
2025-01-03,evening_peak,1,0.015221021936624446,-0.006109535081481543,0.12693903632736486,-0.12693903632736486,0.22049605335192732,0.22049605335192732,0.11632530250054025,-0.11632530250054025,0.011152060176424613,-0.01061373382682455,0.04415604131237304,-0.04415604131237304,0.04096044633625816,-0.04096044633625816
2025-01-04,evening_peak,1,0.015497592467969168,-0.01062539274304275,0.15141526536830485,-0.15141526536830485,0.22363190734005123,0.22363190734005123,0.15252053939190566,-0.15252053939190566,0.001333893974709275,0.001105274023600825,0.01597806254159864,0.015736468758908863,0.01904852140567083,0.018797635554416076
2025-01-05,evening_peak,1,0.021721963491150048,-0.021721963491150048,0.1882788737386683,-0.1882788737386683,0.011043053692834402,-0.0016627104764760786,0.17482720191445675,-0.17482720191445675,0.014378950138178224,-0.013451671824211473,0.028666206845045332,-0.016887896311749966,0.043989003230763664,-0.03632883229224324
2025-01-06,evening_peak,1,0.013390288877805774,-0.013145377462507794,0.1741498721531015,-0.1741498721531015,0.007455880293204764,-0.005733084927796646,0.15812700134182628,-0.15812700134182628,0.018015608185967598,-0.01602287081127526,0.015457147020035415,-0.015457147020035415,0.043623578136660665,-0.043623578136660665
2025-01-07,evening_peak,1,0.022325947947874736,-0.0014205468971290047,0.14261339725062938,-0.14261339725062938,0.008640703324687471,-0.0014261133721656,0.144914192322243,-0.144914192322243,0.002300795071613526,0.002300795071613526,0.04367692998461874,0.037424419772670234,0.03073014182927574,0.017265408512458745
2025-01-08,evening_peak,1,0.04686007709529752,-0.04686007709529752,0.0405851256611543,0.0405851256611543,0.23194554738345585,0.23194554738345585,0.039092477571622375,0.039092477571622375,0.0026907113072463,0.00149264808953185,0.059011779761164285,0.059011779761164285,0.038577995020604175,0.03567141844127018
2025-01-09,evening_peak,1,0.1512731230175678,0.1512731230175678,0.06455432333813302,-0.06455432333813302,0.22567690754305492,0.22567690754305492,0.05887814052977444,-0.05887814052977444,0.006747488185082605,-0.005676182808358583,0.02616265182446175,0.003810668552400363,0.09992510829691603,-0.09992510829691603
2025-01-10,evening_peak,1,0.04173409870531783,0.041493030888773236,0.12835484952918716,-0.12835484952918716,0.028486063440318368,0.028486063440318368,0.11304195883920319,-0.11304195883920319,0.01779851903111905,-0.015312890689984038,0.04261706437155246,-0.04261706437155246,0.09580411971885469,-0.09580411971885469
2025-01-11,evening_peak,1,0.10370036179554026,-0.10370036179554026,0.16178197042893946,-0.16178197042893946,0.02367939033098004,0.01427870975700779,0.1530662292675385,-0.1530662292675385,0.013484237894701049,-0.008715741161400975,0.046593280768150794,-0.03931478592898858,0.036503453052445754,-0.0009976701163977794
2025-01-12,evening_peak,1,0.0591650550619745,-0.0591650550619745,0.02985046345144861,-0.02985046345144861,0.010201201046948629,0.00048318756537951355,0.02834387725906916,-0.02791521485074082,0.004436655926198469,-0.0019352486007077562,0.014856746550569585,0.005549600289416638,0.030143295102782047,0.030143295102782047
2025-01-13,evening_peak,1,0.06418101886658592,0.06418101886658592,0.3767324997290753,-0.3767324997290753,0.006960855117980658,-0.0025032043764867742,0.36725235443666754,-0.36725235443666754,0.012003467873947963,-0.009480145292407764,0.027338492972541994,0.017518617380854782,0.04022597844501498,-0.036768715311668976
2025-01-14,evening_peak,1,0.02887115831962031,0.00637996934113258,0.07412673185850921,-0.0713880261405144,0.00853616755333131,0.0016601244762622317,0.06932409115628402,-0.06418715513827958,0.009703943887185313,-0.007200871002234863,0.013637381703975012,-0.006366513373918038,0.06773742661829968,-0.06773742661829968
2025-01-15,evening_peak,1,0.011239896522671239,-0.0010256339831170302,0.028104781815569052,-0.02621998213428725,0.011260759846430187,0.0016043720648722757,0.027861741625980027,-0.02640744523453474,0.0022664319501278984,0.00018746310024746123,0.03218860211937043,0.03218860211937043,0.0370026387547414,-0.031209296987542184
2025-01-16,evening_peak,1,0.023327036844215915,-0.0004545224104667567,0.1988848495648513,-0.1988848495648513,0.026611563929379835,0.02586214983351091,0.18093906001307955,-0.18093906001307955,0.018235333914697827,-0.017945789551771757,0.02554402797669627,-0.02380421962943802,0.06981372180694206,-0.06981372180694206
2025-01-17,evening_peak,1,0.037677146505433246,0.037677146505433246,0.052783463991894444,-0.03865732824750333,0.008160890708739566,0.0005346445865837528,0.05229593720581717,-0.041014840001773065,0.0024624420002346565,0.0023575117542696186,0.015128188911998764,-0.005536144322202225,0.04457457887240651,-0.04407605062779234
2025-01-18,evening_peak,1,0.05347190984543371,0.05347190984543371,0.12327406039718167,-0.12327406039718167,0.010833193200904312,-0.006473898128560595,0.11510549934882475,-0.11510549934882475,0.010894643578867137,-0.008168561048356875,0.032685201821452264,0.023717216062921473,0.03285557102198113,-0.0062607941787351865
2025-01-19,evening_peak,1,0.011391988399654662,0.009895614716594281,0.12485472015500837,-0.12485472015500837,0.015966973422037595,-0.013280776657537453,0.11928013647369524,-0.11928013647369524,0.009678872834264694,-0.005574583681313057,0.010218514099227756,0.003379989940515456,0.057154374149944405,-0.057154374149944405
2025-01-20,evening_peak,1,0.08113992060793601,0.08113992060793601,0.02149864703200572,0.0049671804446449214,0.009327176805182212,-0.0007634836902526854,0.01770231105706175,0.010890085205608855,0.008978417420410348,-0.005922904760963911,0.021663668910058484,0.021663668910058484,0.03622127221555231,-0.03265197829328123
2025-01-21,evening_peak,1,0.0840664839007873,0.0840664839007873,0.031114403928847803,-0.030429683668837016,0.21985117502741447,0.21985117502741447,0.021159092054774647,-0.020412833755776835,0.01297970486992931,-0.010016849913060188,0.037296171694268514,-0.027301237037257838,0.07137750681761068,-0.06911751795276135
2025-01-22,evening_peak,1,0.06764187610192396,0.06764187610192396,0.03541075838581731,-0.012083370897504487,0.25591522719606763,0.25591522719606763,0.02196338195179154,0.0013804858090705231,0.016274444464412115,-0.013463856706574965,0.042671589528603636,-0.042671589528603636,0.055389012614132475,-0.055389012614132475
2025-01-23,evening_peak,1,0.06811656054795645,-0.06811656054795645,0.020700142762585874,-0.01547344185580268,0.18628064069207428,0.18628064069207428,0.021202703414313157,-0.010832316590662345,0.0076393952757855006,-0.00464112526514035,0.025124350823348213,0.0031738550421137883,0.034800024030229665,-0.020649167877014724
2025-01-24,evening_peak,1,0.040144804336607526,-0.03817418451263596,0.17193381831926458,-0.17193381831926458,0.007935207401941724,-0.0023309504639376314,0.15197953938106767,-0.15197953938106767,0.0207888118885622,-0.019954278938196988,0.04381771358948075,0.043156924789076026,0.031305548792111615,0.0024577959659522197
2025-01-25,evening_peak,1,0.09876855257415942,-0.09876855257415942,0.06617863828601038,0.02075225724147163,0.006120142065409473,0.0004193703397633534,0.06809727512263256,0.016231753545627725,0.006280824722764469,0.004520503695843881,0.0465562439854271,-0.03522596894680787,0.03585506828696502,-0.007825543460669986
2025-01-26,evening_peak,1,0.07341829929145299,0.07341829929145299,0.031527725657941486,0.0019713211121652474,0.007534202046747835,-0.00190478639479889,0.03934489749080054,0.006345781541695225,0.009304867074523797,-0.004374460429529991,0.029615707228646225,-0.025283236429707125,0.022235657092950604,0.004115334442000594
2025-01-27,evening_peak,1,0.051404424589723274,0.051404424589723274,0.12891548560944563,0.12891548560944563,0.01134601019246277,-0.0031003512733237277,0.12190273516513969,0.12190273516513969,0.008973552233567356,0.007012750444305867,0.05017936177655577,0.03758405049773481,0.09815098065868424,0.09540727826231019
2025-01-28,evening_peak,1,0.012268160336513928,0.010232671354635708,0.11619201391324713,-0.11619201391324713,0.007889360686286135,-0.005330623050969952,0.12950952053992354,-0.12950952053992354,0.013317506626676402,0.013317506626676402,0.04381109518215381,-0.04381109518215381,0.019568175957116726,-0.015965483184626192
2025-01-29,evening_peak,1,0.1146921776197311,0.1146921776197311,0.04667419189348558,0.036132603089576,0.007339769895076632,-0.003993923923486324,0.04426596823671737,0.04255745487509782,0.0104248243196778,-0.006424851785521813,0.042599575997224984,-0.03664116852146086,0.03355602643583543,-0.016982394895835425
2025-01-30,evening_peak,1,0.10451122626937204,0.10451122626937204,0.038222135092872284,0.032702734026291896,0.010268437052508527,-0.005838224211588631,0.04137100674308962,0.04137100674308962,0.015771971473709068,-0.00866827271679772,0.07942996083941725,0.07942996083941725,0.08593475947900767,0.08593475947900767
2025-01-31,evening_peak,1,0.028547250835208537,0.025801707557326248,0.10444521751815103,-0.10332657518836,0.010313845463043092,-0.004228680146288633,0.09599456329392492,-0.09599456329392492,0.020501327559704755,-0.007332011894435106,0.029048759554645504,0.028956627818213378,0.07336631630410341,0.07336631630410341
2025-02-01,evening_peak,2,0.009707143514568667,0.0015581747051200134,0.06188324810030703,-0.06094168103939601,0.00869777065144036,0.003715819324218079,0.05497244742714344,-0.05497244742714344,0.014030190753406368,-0.005969233612252557,0.056945960064913606,-0.05575333183069944,0.050747887348992105,-0.046456617231426064
2025-02-02,evening_peak,2,0.017533081449847554,-0.01283971021428515,0.06357256369762718,-0.06357256369762718,0.010808604283616777,-0.0014457932720980757,0.07438783021908299,-0.07438783021908299,0.010815266521455813,0.010815266521455813,0.0434865302400606,-0.0434865302400606,0.056479252772083335,-0.05377114075153368
2025-02-03,evening_peak,2,0.072788016527469,-0.072788016527469,0.10330106583031838,0.10330106583031838,0.005605922497463855,0.001977106739762316,0.112030832755591,0.112030832755591,0.012372170141724875,-0.00872976692527265,0.028828598892372166,-0.005978963985938557,0.02616190670575609,-0.018224902252818295
2025-02-04,evening_peak,2,0.06060795552027415,-0.05926586523980232,0.1374076034981174,0.1374076034981174,0.008260955767861611,-0.0031668859906900425,0.11965160006373446,0.11965160006373446,0.01775600343438301,0.01775600343438301,0.013760852256557939,0.004362889174335813,0.07055441363090327,0.07055441363090327
2025-02-05,evening_peak,2,0.04075404845478395,-0.04075404845478395,0.31235687338876994,0.31235687338876994,0.01464473836354665,-0.005191373514031367,0.2843232723248498,0.2843232723248498,0.028033601063920235,0.028033601063920235,0.028089134322749718,0.012916238288409942,0.17612923110687007,0.17612923110687007
2025-02-06,evening_peak,2,0.096470518824808,-0.096470518824808,0.0881545995947744,0.0881545995947744,0.010339398651596814,0.001640356915305577,0.08017696425712072,0.08017696425712072,0.011201457163560231,0.007977635337653556,0.03287516326088939,0.026977241891821914,0.13766002341729566,0.13766002341729566
2025-02-07,evening_peak,2,0.08772939979690172,-0.08772939979690172,0.03338017842129424,0.03338017842129424,0.0339592233166343,0.0339592233166343,0.04396393217784305,0.04396393217784305,0.015359438693833162,-0.010583753756548825,0.06686839905491253,0.024129880334333702,0.06125506920090396,-0.007989162762335626
2025-02-08,evening_peak,2,0.055915899200074615,0.055915899200074615,0.15384040760274337,0.15068049066347705,0.008020545408998514,-0.0026517459819903524,0.1541587047816064,0.1541587047816064,0.0191047559526939,-0.003478214118129313,0.03732654623915313,0.004853922401381081,0.0540765079293275,0.03527777661210893
2025-02-09,evening_peak,2,0.02124640243487591,-0.011177657195490576,0.02585561908720818,-0.02324253161688919,0.006074032366681309,0.0034866295764523093,0.05071058758319584,-0.05071058758319584,0.027468055966306644,0.027468055966306644,0.05619220674834689,-0.05619220674834689,0.01930444776581698,0.014277876977277934
2025-02-10,evening_peak,2,0.0742690495312947,-0.0742690495312947,0.12217715800139167,0.12217715800139167,0.011403778807409294,-0.004869876707785147,0.09951191805935855,0.09207563337663993,0.030101524624751692,0.030101524624751692,0.0454768299639647,0.039004202920254964,0.14662897344709264,0.14662897344709264
2025-02-11,evening_peak,2,0.07422083596798573,-0.07422083596798573,0.30643795720440703,0.30643795720440703,0.0094566959684348,-0.005422623295865793,0.29105432406789533,0.29105432406789533,0.015477956398548888,0.015383633136511811,0.05645356809199332,0.05645356809199332,0.1763498739047765,0.1763498739047765
2025-02-12,evening_peak,2,0.04291708422687013,-0.04291708422687013,0.23522989914657125,0.23522989914657125,0.008268056310821642,0.0005388084852331644,0.20294754356182101,0.20294754356182101,0.03228235558475023,0.03228235558475023,0.036692888525737696,-0.01941867008034702,0.03509719490226097,0.0006927850742370206
2025-02-13,evening_peak,2,0.014497380181869801,-0.008209454916145331,0.14804623305581427,0.14804623305581427,0.008797397405441415,0.0003829033536969714,0.12743940545348714,0.12743940545348714,0.020606827602327082,0.020606827602327082,0.021490932861876283,0.013728812152213558,0.04109895075449103,0.034422073524399875
2025-02-14,evening_peak,2,0.02564523262913282,-0.025638219747197044,0.19806425471733358,0.19806425471733358,0.007409679561874546,-0.004062080369800311,0.1654764004632532,0.1654764004632532,0.03258785425408037,0.03258785425408037,0.04801834220802603,0.04253260297473768,0.10177190692420798,0.10177190692420798
2025-02-15,evening_peak,2,0.012670086132461927,0.005955251678892909,0.16554359263830096,-0.16554359263830096,0.008637109222695342,-0.0010443496117832109,0.1606542113526318,-0.15935560094016224,0.02540127199878979,-0.006187991698138737,0.02563125069577333,-0.00928588846278494,0.06536163754048471,-0.05198438992581736
2025-02-16,evening_peak,2,0.08135644333770517,0.08135644333770517,0.07430494672070377,0.07430494672070377,0.009306225820398879,-0.0012848914621826114,0.07330135948517269,0.07330135948517269,0.008217651221907757,0.0010035872355311421,0.057994648897394606,-0.057994648897394606,0.136968246444837,-0.136968246444837
2025-02-17,evening_peak,2,0.07443955022335993,0.07443955022335993,0.1811984489836815,-0.1811984489836815,0.0069248702675473615,0.0011892971152946243,0.17099851902158375,-0.17099851902158375,0.024677761735571357,-0.010199929962097757,0.00834274350343837,0.0023610181952375573,0.07910092518508997,-0.07910092518508997
2025-02-18,evening_peak,2,0.04897884405016384,0.04897884405016384,0.07975009889978846,-0.07975009889978846,0.03071791311640013,0.03071791311640013,0.07185758241663114,-0.07185758241663114,0.016728660061294236,-0.007892516483157287,0.03760101290591713,0.03751422849196108,0.03914560015228639,-0.022442756262618442
2025-02-19,evening_peak,2,0.051529779854326274,-0.051529779854326274,0.20120966375709512,-0.20120966375709512,0.006860527075786001,0.0021994150971284925,0.2051964433071093,-0.2051964433071093,0.008115263145644482,0.003986779550014207,0.05241993372454527,-0.05241993372454527,0.0884084659208518,-0.0884084659208518
2025-02-20,evening_peak,2,0.01649736644894781,-0.0064750815523874905,0.026690458851158068,0.023287107247693853,0.13137271177874055,0.13137271177874055,0.032913032823342944,0.032913032823342944,0.017544170569408494,-0.009625925575649081,0.036655106624308334,-0.036655106624308334,0.06136819575263153,-0.06136819575263153
2025-02-21,evening_peak,2,0.01669942510972422,-0.016674003412706806,0.036217809605096477,-0.01059712206273904,0.009790421487556699,-0.004599749261718923,0.026838912795637403,-0.012784834413137096,0.009378896809459063,0.0021877123503980505,0.051530919447640974,0.033734416620078464,0.047248503093518954,-0.021239740197036838
2025-02-22,evening_peak,2,0.0934032595881191,-0.0934032595881191,0.03145452870273616,0.008268100141333744,0.005647079348324821,-0.0005760644205173599,0.05060714757464216,0.014615284259416106,0.020697381440323636,-0.006347184118082378,0.03216177784596587,-0.02129049593004749,0.06382748195599505,-0.05884482934057919
2025-02-23,evening_peak,2,0.04176697158939216,-0.0415004820758301,0.05497091335921994,-0.05447834606425124,0.008281380786499757,-0.0015164918881138013,0.046227997280317644,-0.046227997280317644,0.011727686291820996,-0.008250348783933643,0.025116680483730905,0.013776236766304694,0.029490877930188238,0.01566024749836869
2025-02-24,evening_peak,2,0.1226873013317121,-0.1226873013317121,0.22037170618910232,0.22037170618910232,0.007737750944935687,0.0003812377942372068,0.19952832531297693,0.19952832531297693,0.020843380876125448,0.020843380876125448,0.045836941451370204,0.045836941451370204,0.13409379763087148,0.13409379763087148
2025-02-25,evening_peak,2,0.07385485119195906,0.07385485119195906,0.12904710863727903,0.12904710863727903,0.01074763604128704,0.0071638780500232774,0.1371036827272229,0.1371036827272229,0.020460521352940575,-0.008056574089943898,0.07373361599549316,-0.07366234758282014,0.051802800114191166,-0.03922081331104828
2025-02-26,evening_peak,2,0.12530705103987008,0.12530705103987008,0.12562105282854752,0.12562105282854752,0.008685541938564734,0.0003721210477206048,0.12459633928618462,0.12459633928618462,0.023480049161953724,0.001024713542362837,0.03832132354175237,-0.032525088960754595,0.05625308732965239,-0.02201321724404815
2025-02-27,evening_peak,2,0.02360886703701276,-0.019117992767347713,0.16460667161167247,-0.16460667161167247,0.007171066254007541,-0.0003592787076756414,0.16698373177433828,-0.16698373177433828,0.01388642667372162,0.0023770601626658195,0.03831790476180863,0.03831790476180863,0.1052417055840143,0.1052417055840143
2025-02-28,evening_peak,2,0.03515689205973982,-0.03515689205973982,0.34039503282594863,0.34039503282594863,0.009302193413285767,0.0027600511773869622,0.308705309595289,0.308705309595289,0.03168972323065948,0.03168972323065948,0.048781343762645674,0.04558408322707102,0.17010911027007056,0.17010911027007056
2025-03-01,evening_peak,3,0.005132552966794435,-9.905695734369058e-05,0.043024293659464426,0.043024293659464426,0.006308043470777945,0.0007700582670675752,0.024782209845903277,0.02184205909430144,0.021182234565162925,0.021182234565162925,0.028676769998461176,0.018969977127989413,0.07233546649004671,0.07233546649004671
2025-03-02,evening_peak,3,0.013220159059304515,-0.010934836158461914,0.05346415184479222,0.05346415184479222,0.10609569928175151,0.10609569928175151,0.04367140734009423,0.04218993603114756,0.011274215813644581,0.011274215813644581,0.015922047147136097,-0.009641310085395831,0.022756319746174827,0.008087036295852723
2025-03-03,evening_peak,3,0.007283316195493189,0.0002993623976362547,0.24949379419048953,0.24949379419048953,0.006969314406815763,0.002167506484320435,0.23879599344145902,0.23879599344145902,0.010697800749030402,0.010697800749030402,0.027840965963245076,0.016556712962329814,0.0687602116181302,0.06863222652280107
2025-03-04,evening_peak,3,0.09945187025778293,0.09945187025778293,0.05094039095813097,0.05094039095813097,0.028816808484617547,0.027882780271787568,0.0500587402072593,0.0500587402072593,0.02079481666871973,0.0008816507508716312,0.02599451798004994,0.020725564459603302,0.031137634100260308,0.025510760618013138
2025-03-05,evening_peak,3,0.10881099950628531,0.10881099950628531,0.08448598573208686,0.08448598573208686,0.007120003707412177,0.0020041939962394985,0.08306469371625216,0.08306469371625216,0.017343251501946606,0.0014212920158347322,0.03424635700139495,-0.03336045469084969,0.019543981514438098,-0.014539062998875932
2025-03-06,evening_peak,3,0.037131018324679466,0.019414725334257976,0.02814098581856285,0.02432869553721484,0.007194340255932116,-0.001659598510117058,0.028346112615186193,0.025896863599093302,0.018881395663037315,-0.0015681680618785249,0.053486899880571565,-0.0426600621039216,0.04225708437568329,0.005027272076732672
2025-03-07,evening_peak,3,0.0575626115396346,0.056202989054323194,0.1500914085808663,0.1500914085808663,0.007392015865498666,0.0037583787514662275,0.1380978464026527,0.1380978464026527,0.014067972654835715,0.011993562178213589,0.03899306997018184,-0.020443120639637255,0.058351823740489486,-0.013858068332393544
2025-03-08,evening_peak,3,0.036366175888551705,0.036366175888551705,0.07828988538920978,0.07162791053323225,0.007903123467085254,-0.002026591387922088,0.0581985922701913,0.04633630247571429,0.025291608057518053,0.025291608057518053,0.02584755427298195,-0.012747841460925526,0.07182146607466158,0.07182146607466158
2025-03-09,evening_peak,3,0.041803350914434406,-0.020296595237690424,0.1943258626793845,0.1943258626793845,0.00878692191304976,0.0018048966577252842,0.1815131082300403,0.1815131082300403,0.02162698277143163,0.012812754449344151,0.041436270375605044,0.03467786839300973,0.14653228333740223,0.14653228333740223
2025-03-10,evening_peak,3,0.02105880784309208,0.012647732571291342,0.23234870043374262,0.23234870043374262,0.006849744769809658,-0.000358796572042519,0.21257842198533722,0.21257842198533722,0.019770278448405294,0.019770278448405294,0.01946916283028509,0.012488277168275176,0.14754910738758725,0.14754910738758725
2025-03-11,evening_peak,3,0.07822913629944062,-0.07822913629944062,0.2629874118147798,0.2629874118147798,0.013359364765730969,-0.0038562961154954226,0.24683328210607944,0.24683328210607944,0.023753902201548355,0.01615412970870038,0.03328611814232972,0.024579099252836474,0.10610652541823995,0.10610652541823995
2025-03-12,evening_peak,3,0.035301532749666575,-0.018570549671231062,0.21735081963421415,0.21735081963421415,0.005998950699455706,0.0015032550734598773,0.21470819039874045,0.21470819039874045,0.012829541535478089,0.002642629235473737,0.04737789076523524,-0.04737789076523524,0.042460896256943687,-0.042460896256943687
2025-03-13,evening_peak,3,0.03592436432659357,0.03592436432659357,0.29947149178087773,-0.29947149178087773,0.01067645528963825,-0.00680350357954519,0.30050703145972907,-0.30050703145972907,0.026289541156988408,0.0010355396788512689,0.05274265778513025,0.05274265778513025,0.5232093812991843,0.5232093812991843
2025-03-14,evening_peak,3,0.008475944429707283,-0.0008801166829482399,0.24432398528841087,-0.24432398528841087,0.007937267436010385,-0.005950255000513702,0.253473166383959,-0.253473166383959,0.018880782035867905,0.009149181095548107,0.02806033767630066,0.025555862214963025,0.03861248963362607,0.03861248963362607
2025-03-15,evening_peak,3,0.03867122251983893,-0.03867122251983893,0.026917413242806817,-0.026917413242806817,0.009410060303561448,-0.003976830023767693,0.030187520089489946,-0.030187520089489946,0.010537907040893255,0.0032701068466832045,0.04286510123952078,0.015248109193101659,0.06149850386510186,0.047885448095341815
2025-03-16,evening_peak,3,0.018667853408091017,0.018231301507584785,0.15415629410344092,0.15415629410344092,0.010293858749525946,0.002011119217151155,0.15744182929038303,0.15744182929038303,0.015952465522532787,-0.0032855351869420383,0.015090144027496822,-4.5496071558777905e-05,0.08382931699981948,0.08382931699981948
2025-03-17,evening_peak,3,0.029285356658955902,-0.02141339668597317,0.14488447523503972,0.14488447523503972,0.008056354937383398,-0.001954271042958696,0.14072487197581923,0.14072487197581923,0.013895937894847093,0.0041596032592205925,0.04034690682789614,-0.020942963799614408,0.042459931985677504,0.003033948047493712
2025-03-18,evening_peak,3,0.050543593332098624,-0.050543593332098624,0.12743383897845062,0.12743383897845062,0.008666913970922665,-0.002937740073436392,0.13442208816649315,0.13442208816649315,0.021728012101819842,-0.006988249188042534,0.024991193727591426,0.020409853280954113,0.0259111085155255,0.025266186360500598
2025-03-19,evening_peak,3,0.07097562485217482,-0.0700201196884164,0.12632795132768038,-0.12632795132768038,0.009205415642571158,0.004299729406401141,0.13285072047723145,-0.13285072047723145,0.011230166148985086,0.0065227691495510125,0.05128893119034231,0.05128893119034231,0.056014912326906356,0.056014912326906356
2025-03-20,evening_peak,3,0.039631987345049025,-0.0339059692444339,0.12382860403625835,0.12382860403625835,0.008533187078508574,0.0035674530407629346,0.12233052096322615,0.12233052096322615,0.014831587836624742,0.0014980830730322043,0.033050309987237056,0.029016587958764814,0.09635932081561285,0.09635932081561285
2025-03-21,evening_peak,3,0.08075684193219065,0.08075684193219065,0.2251071985467919,0.2251071985467919,0.008434524595773707,-0.00226047100048243,0.21947252323339106,0.21947252323339106,0.008531696841097204,0.005634675313400803,0.03518831853691484,-0.03272977745225696,0.0326577639208783,-0.03031721457479096
2025-03-22,evening_peak,3,0.12424065468050105,0.12424065468050105,0.1937907359571677,0.1937907359571677,0.013385093276333093,0.010584411214230316,0.19140039514933585,0.19140039514933585,0.019093447680572327,0.0023903408078318165,0.03197931142409765,-0.01949261215425805,0.019644265726120616,-0.00104461259485579
2025-03-23,evening_peak,3,0.03786079635112802,-0.03786079635112802,0.10928809463048318,0.10928809463048318,0.011174194585034651,0.002841751251939563,0.09717093040815039,0.09717093040815039,0.022093339420165115,0.01211716422233282,0.04190652793991535,0.03679773111067853,0.07214625016931527,0.06900710889278393
2025-03-24,evening_peak,3,0.023463788041965083,-0.02020893421349229,0.49260358663273346,0.49260358663273346,0.02323735961646146,-0.02158100456423974,0.47640216380147815,0.47640216380147815,0.02613289090674653,0.016201422831255197,0.045484894778190926,-0.02189732937005833,0.07089672993039661,0.06580537764497515
2025-03-25,evening_peak,3,0.016113411162960417,0.016113411162960417,0.41469134493576876,0.41469134493576876,0.010282243663819704,-0.002923626648540484,0.42145974027512273,0.42145974027512273,0.012239582842625354,-0.006768395339353888,0.052440095760110834,-0.020292781983137644,0.042243979052565654,0.020774566972129975
2025-03-26,evening_peak,3,0.06595834613220067,-0.06595834613220067,0.28807924039815047,0.28807924039815047,0.03986564780504899,0.03327651926018009,0.28013702011427294,0.28013702011427294,0.015931646029285776,0.007942220283877588,0.0619189699676677,0.03140320317306822,0.09814725506515587,0.09570764876172477
2025-03-27,evening_peak,3,0.10116213683988631,-0.10116213683988631,0.32194839201242137,0.32194839201242137,0.012015170620678414,-0.0015373990423849923,0.31913346503388634,0.31913346503388634,0.02001200372263137,0.0028149269785349563,0.03233052531754706,-0.016166183099527616,0.055760432373659505,0.05575867915317555
2025-03-28,evening_peak,3,0.047909379554948006,-0.047909379554948006,0.08514563493917703,0.08514563493917703,0.014907546114092337,-0.0026409636760139667,0.09573065978057674,0.09573065978057674,0.015506840706022148,-0.010585024841399716,0.03169432543442986,-0.006561471491734437,0.034865331493257205,0.004548905867684021
2025-03-29,evening_peak,3,0.022133970304880707,-0.012216878637357959,0.07221905264991166,0.014768121255105411,0.010339880787229918,0.004827317280536968,0.08501914008125931,0.019431161776295225,0.025900238548524954,-0.004663040521189861,0.0628171448216007,-0.026850878525440453,0.07841366275537744,-0.04085450798851481
2025-03-30,evening_peak,3,0.03824212180638939,0.03824212180638939,0.06418781259596104,0.05590200492773927,0.008619051051710536,-0.002330775141889235,0.07005426365734142,0.05220472591013911,0.016383144134417736,0.0036972790176001877,0.029972093122523337,-0.026842068592508574,0.06096578782105045,-0.060926340360161334
2025-03-31,evening_peak,3,0.03891185203126238,0.03891185203126238,0.02008844413573206,0.015181881289320118,0.012306336712552157,-0.008814359813623732,0.02847887523633412,0.01145072128586734,0.016575077946899303,0.0037311600034527375,0.04226558749503048,0.012634408095613274,0.0688861805099027,0.014366546103254205
2025-04-01,evening_peak,4,0.03764865667256895,0.03649679081460677,0.05061639581269503,0.005216751380536764,0.0073841702038329165,-0.004204354212073677,0.06582913378253277,-0.0040971886099915415,0.015239912887339164,0.0093139399905283,0.05298876611056629,0.052083490713673256,0.05154494521151267,0.05154494521151267
2025-04-02,evening_peak,4,0.01702903056070884,0.015993753864930155,0.024867898497056937,-0.005631475686017615,0.01145729586268216,-0.0032993856287653247,0.02802479113098838,-0.01245093357196686,0.023532821098520926,0.006819457885949251,0.04676632362991771,0.023918617266016455,0.036954425191432466,0.021738224611138918
2025-04-03,evening_peak,4,0.18728953141956922,0.18728953141956922,0.060696536985226174,0.060696536985226174,0.007789733932285107,0.0025506728210899984,0.048448933158886695,0.04515375525928279,0.02240883144625382,0.015542781725943342,0.047868836331256284,-0.02860146917867508,0.04205068649420902,0.03135051889752521
2025-04-04,evening_peak,4,0.016177403710624844,-0.002247190355316536,0.11265611884119553,0.11265611884119553,0.027238734727004638,0.026571721993881848,0.1231448918780258,0.1231448918780258,0.025585579302166137,-0.010488773036830273,0.03872859666017637,-0.03831711581259083,0.021469894216068736,-0.006474161111633167
2025-04-05,evening_peak,4,0.027980960618889328,-0.02683347781213713,0.15051652071771465,0.11403358034493129,0.008087430770461604,0.003052093879502716,0.16351266202968112,0.11433482745458778,0.016253449649116763,-0.00030124710965653573,0.04597772505623223,-0.04597772505623223,0.03273253877451922,-0.03273253877451922
2025-04-06,evening_peak,4,0.00901988108485599,-0.0016668743751254433,0.12701210179103387,0.0854229944197396,0.010664533390347291,-0.0018697658156317954,0.15014974699247008,0.08619577017855734,0.024990536269909915,-0.0007727757588177082,0.05739535430546481,0.05739535430546481,0.08782083024514034,0.08782083024514034
2025-04-07,evening_peak,4,0.09167546080117611,0.09167546080117611,0.04265296156096156,-0.041778542844586236,0.011011802537707801,-5.6015394462540294e-05,0.046830973635263735,-0.04292050300681393,0.029639507196716,0.001141960162227701,0.025715931245148618,0.014618308564750921,0.02037763785456133,-0.0160068591880477
2025-04-08,evening_peak,4,0.026214152676178104,0.01373648249183096,0.12004313802831486,0.12004313802831486,0.010012686014410773,-0.002413790131804752,0.10769463636312351,0.10769463636312351,0.03152592860694546,0.012348501665191424,0.02198499039425636,0.0004388749176474436,0.027696193781782064,-0.009900216920364718
2025-04-09,evening_peak,4,0.1728329136139516,0.1728329136139516,0.13424422394839533,0.13424422394839533,0.005661631078341693,0.0011302574154972798,0.12730204062856887,0.12730204062856887,0.02074283368137031,0.006942183319826486,0.04786142897471157,0.023726508131486482,0.053095581068551556,0.0059776929010876695
2025-04-10,evening_peak,4,0.0897473565739405,0.0897473565739405,0.05745062458122169,0.00116050046884561,0.04218011799643742,0.040144015387389834,0.03908147611308563,-0.007131662623630491,0.021572194631307842,0.00829216309247609,0.05018028221730987,-0.050167659029825354,0.045820242026260484,-0.016106310620000334
2025-04-11,evening_peak,4,0.1134609785348697,-0.1134609785348697,0.48124775840556056,0.48124775840556056,0.11871914974934003,0.11871914974934003,0.46137092798224255,0.46137092798224255,0.03006347974024978,0.019876830423318004,0.04213094016186229,0.032131008826472324,0.1182119430633302,0.1182119430633302
2025-04-12,evening_peak,4,0.020730517307470525,-0.019206092096666766,0.375155565564777,0.375155565564777,0.0113846687041341,-0.004984887971532894,0.37842080722461724,0.37842080722461724,0.02143982648476883,-0.0032652416598402435,0.03694004878346402,0.023974282016382208,0.09619180059837049,0.09619180059837049
2025-04-13,evening_peak,4,0.10905075240746706,-0.10905075240746706,0.3503627925654579,0.3503627925654579,0.007201133985307457,0.0012609600025765642,0.3549881388462426,0.3549881388462426,0.017987516199290014,-0.004625346280784711,0.03798948273465071,-0.037348417664690534,0.03092154967561217,0.019764054515687246
2025-04-14,evening_peak,4,0.1190164959434197,-0.1190164959434197,0.17837716658089217,0.17837716658089217,0.010485178934838144,0.0033659641766437733,0.16535455163961796,0.16535455163961796,0.021186398463812324,0.01302261494127425,0.04610597313463395,-0.009179204996335934,0.03373516173878412,0.012993248498167909
2025-04-15,evening_peak,4,0.03444639945861472,-0.03444639945861472,0.044516328121826876,0.019681609322428933,0.052018314742182034,0.052018314742182034,0.05689156639939867,0.009778148944168993,0.028925026018989972,0.009903460378260034,0.023280883314975798,0.016522656654428862,0.08370137573500244,0.08370137573500244
2025-04-16,evening_peak,4,0.041335679350337856,-0.041335679350337856,0.0489925191699387,-0.038333902898724695,0.009128975229470463,-0.0034179471639932107,0.057386412880996565,-0.057386412880996565,0.01905250998227185,0.01905250998227185,0.047139145965831915,0.047139145965831915,0.15954508024396627,0.15954508024396627
2025-04-17,evening_peak,4,0.0436941992063857,0.0436941992063857,0.08055123299993423,-0.08055123299993423,0.006445320634672062,-0.0009309162464709898,0.08634128747872605,-0.08634128747872605,0.0098072962347148,0.0057900544787918,0.02461964247652807,0.02104254672310337,0.03041960265105425,0.00811057328084986
2025-04-18,evening_peak,4,0.14280199994419154,0.14280199994419154,0.2734132442362358,0.2734132442362358,0.039114787302280754,0.03520799843684727,0.2770242648060252,0.2770242648060252,0.014138934253924039,-0.0036110205697893515,0.03284250952937563,-0.0043582869705654295,0.09167256798737741,0.09167256798737741
2025-04-19,evening_peak,4,0.1664262076604388,0.1664262076604388,0.12049034074326115,-0.10525871182270874,0.010303939767308737,0.004243582520402274,0.09813752469146987,-0.09813752469146987,0.028777317193216318,-0.007121187131238854,0.042651646645598576,-0.019769664821235912,0.04601235116079047,-0.026599554369064707
2025-04-20,evening_peak,4,0.049405314932887134,0.049405314932887134,0.2849660906152938,0.2849660906152938,0.012326148104020912,0.005747626543079955,0.26462759340803693,0.26462759340803693,0.025977029605722388,0.02033849720725686,0.032114966859044095,-0.009504032921501718,0.03873403164367664,0.0337808331323913
2025-04-21,evening_peak,4,0.022782661883946176,0.014574083578043018,0.1738079671861063,0.1738079671861063,0.009972581095840167,0.004977568276012357,0.16505869568294967,0.16505869568294967,0.012079864456536542,0.008749271503156714,0.03962878771766591,0.02936824015733521,0.14994606660274598,0.14994606660274598
2025-04-22,evening_peak,4,0.022909770369033328,0.022909770369033328,0.26840407416100004,0.26840407416100004,0.012825640619901284,-0.0019192942943037205,0.26408584827849313,0.26408584827849313,0.021146951002923242,0.004318225882506919,0.018746573007820753,-0.00406019565778002,0.11745612971269484,0.11745612971269484
2025-04-23,evening_peak,4,0.06688141671700579,-0.06688141671700579,0.18222881666210505,0.18222881666210505,0.028068884626159942,0.026558835823324717,0.16911126483162442,0.16911126483162442,0.018707169377443725,0.013117551830480715,0.04285734323887926,-0.03173228265790761,0.11278226305501651,0.11278226305501651
2025-04-24,evening_peak,4,0.07180796627693506,0.05476753978308049,0.23187296405541985,0.23187296405541985,0.07385178305611206,0.07385178305611206,0.22769946652386386,0.22769946652386386,0.02393290601296074,0.004173497531555966,0.053690317287223094,-0.050078332446167564,0.05372292718822476,-0.046993278021566415
2025-04-25,evening_peak,4,0.04847479316102504,0.04729049272410968,0.0869785392941336,0.08619940811106154,0.010190725554556985,0.005454312756113383,0.08640668260277776,0.07739004497581706,0.018784749383858976,0.00880936313524445,0.04041703564725457,-0.015110349893574447,0.05064374605224488,-0.0212055962281117
2025-04-26,evening_peak,4,0.08621943865509077,-0.08621943865509077,0.09856697604901607,0.09856697604901607,0.00941448718528345,0.007157741778329443,0.07607092188368521,0.07583511372859257,0.022731862320423547,0.022731862320423547,0.10165338921949224,0.10165338921949224,0.2121679054090179,0.2121679054090179
2025-04-27,evening_peak,4,0.06894802536247444,-0.06894802536247444,0.0837899571999545,0.06590973809428291,0.008508992635829906,-0.002858187693976666,0.09444988838653144,0.053704167729046376,0.01685291956309493,0.012205570365236545,0.03767526179341288,0.02839800794151146,0.06308595735230396,0.06308595735230396
2025-04-28,evening_peak,4,0.14328106744143373,-0.14328106744143373,0.1201707286490351,-0.1201707286490351,0.007673626905734841,0.00578873956342885,0.12346047156513876,-0.12346047156513876,0.023528131233726338,0.003289742916103561,0.0266698146799594,-0.01416084950997355,0.022344093779883563,0.016602472016961155
2025-04-29,evening_peak,4,0.0975969629857528,-0.0975969629857528,0.16285340729719983,0.1193856365163176,0.014456880788690275,0.012752925800329017,0.16229636531893346,0.10831733644851413,0.011068300067803384,0.011068300067803384,0.045010254162670724,-0.01885553566089889,0.03840070059916364,0.018065008544681065
2025-04-30,evening_peak,4,0.04210227500694952,-0.040819794222932415,0.1154000842206422,0.10906201684907645,0.030684689588229112,0.02792415627520902,0.1110739688459575,0.09441223797663842,0.016445690275183004,0.01464977887243804,0.031864826126495036,-0.020549102817892684,0.05094845577235717,0.04412351907239555
2025-05-01,evening_peak,5,0.02322622666638824,-0.0012127902697797732,0.105921078521549,-0.07633784970236812,0.008838817239375015,0.0022380297782877423,0.09925388783463171,-0.07017427159946853,0.017467204190162632,-0.006163578102899607,0.029963546172664012,0.00013390221446247727,0.06253527079829196,0.02922338031484798
2025-05-02,evening_peak,5,0.0679583323992787,-0.0679583323992787,0.20621006772991105,0.20621006772991105,0.006394871715246093,0.00134007407691524,0.19208590435856449,0.19208590435856449,0.014468758857469092,0.014124163371346643,0.040678703804485676,0.040678703804485676,0.18904432980196545,0.18904432980196545
2025-05-03,evening_peak,5,0.04049106538218983,0.039850263295302224,0.10046185674808059,0.10046185674808059,0.005561653680243845,0.0038606791667053237,0.09560797817721162,0.08567405559304274,0.015567282982206696,0.014787801155037835,0.05479681856516268,0.05303062424962083,0.10845180845963398,0.10845180845963398
2025-05-04,evening_peak,5,0.07480334347378159,-0.07480334347378159,0.13979360508525146,0.13979360508525146,0.011878200270369,-0.00018755076127166537,0.10763458856154787,0.10763458856154787,0.03215901652370362,0.03215901652370362,0.06767220681629635,-0.06504509358210567,0.09783715419205533,0.09783715419205533
2025-05-05,evening_peak,5,0.20028396334156381,-0.20028396334156381,0.12468807654800784,0.12468807654800784,0.021253502977835913,0.017751445061124714,0.10159636572325145,0.10159636572325145,0.023091710824756473,0.023091710824756473,0.025289854837034085,0.007717062943224938,0.1249352368057342,0.1249352368057342
2025-05-06,evening_peak,5,0.1197103329499472,-0.1197103329499472,0.12750594017085348,0.12750594017085348,0.007967378997822433,-0.0007015073461447488,0.12025676794428551,0.11016084778739872,0.02002445158806746,0.017345092383454747,0.06415261669474556,0.06415261669474556,0.1400919155505973,0.1400919155505973
2025-05-07,evening_peak,5,0.09243285205024687,-0.09243285205024687,0.3292449888530804,0.3292449888530804,0.012168051446879791,-0.0006254614076529521,0.3048705780917464,0.3048705780917464,0.025411177694524167,0.024374410761334103,0.052429357284646566,-0.03967292504334963,0.18838726659508914,0.18838726659508914
2025-05-08,evening_peak,5,0.04142509359501967,-0.023637795174997978,0.2100563266581358,0.19657064235653546,0.006652156821267279,0.004229118451409608,0.1771015671872746,0.17188924268845987,0.05540080302188709,0.02468139966807559,0.03507146639165887,0.025176377641209738,0.15310721079635106,0.15310721079635106
2025-05-09,evening_peak,5,0.064025420548634,-0.064025420548634,0.16384717649802075,0.16384717649802075,0.007471480583934159,0.0033893696701046087,0.14039346947383852,0.14039346947383852,0.023453707024182216,0.023453707024182216,0.057808193898925435,0.047428690328758,0.159645890421794,0.159645890421794
2025-05-10,evening_peak,5,0.011855715217662183,-0.0013635672314002145,0.12562521672719695,-0.12562521672719695,0.010470846357381752,-0.00118272253847981,0.14548179745392514,-0.14548179745392514,0.03284619129239194,0.01985658072672826,0.07509389593848603,-0.07509389593848603,0.05648731758630954,0.05620417247814992
2025-05-11,evening_peak,5,0.026746255093060167,0.02558562313267826,0.4612682330923946,0.4612682330923946,0.023693240772803333,0.02155685395207321,0.43446951287635194,0.43446951287635194,0.026798720216042616,0.026798720216042616,0.06889424532412895,-0.06291383493129113,0.13937747820338342,0.13937747820338342
2025-05-12,evening_peak,5,0.03885881711162267,0.037982206869642404,0.30331744389551774,0.30331744389551774,0.02531049900823274,0.020511496238511742,0.2846689197432626,0.2846689197432626,0.0186485241522552,0.0186485241522552,0.06135018141215881,0.06135018141215881,0.20809556869938645,0.20809556869938645
2025-05-13,evening_peak,5,0.013169315665269715,0.0077729030156390155,0.46131964628308675,0.46131964628308675,0.022475322333108047,0.01930655163039776,0.4323507459214856,0.4323507459214856,0.028968900361601053,0.028968900361601053,0.0737706089477047,0.0737706089477047,0.21519256138794662,0.21519256138794662
2025-05-14,evening_peak,5,0.03173942703137986,0.03173942703137986,0.11352483959099799,0.11352483959099799,0.02340895607132913,0.021413177533412646,0.09786082266858878,0.09786082266858878,0.020187501093075814,0.0156640169224092,0.04417764975483784,-0.018693099783059938,0.10012541373720857,0.10012541373720857
2025-05-15,evening_peak,5,0.01188990301709933,-0.007211434155650537,0.4719712935028769,0.4719712935028769,0.028047845980352426,0.026390789639937122,0.4416296653328468,0.4416296653328468,0.03034162817003011,0.03034162817003011,0.050743065992661186,-0.050743065992661186,0.10891628039634722,0.10891628039634722
2025-05-16,evening_peak,5,0.027294574799418853,0.027294574799418853,0.6976850186760949,0.6976850186760949,0.012197461720498222,-0.0016654279682262376,0.6398983017280981,0.6398983017280981,0.057786716947996856,0.057786716947996856,0.014260651586022995,0.01258395917618732,0.2828708168149126,0.2828708168149126
2025-05-17,evening_peak,5,0.0515626527384008,0.04459973758635147,0.2925116447646754,0.2925116447646754,0.0077533546072429144,0.0021264811249957476,0.26092444110181545,0.26092444110181545,0.031587203662859886,0.031587203662859886,0.05394939944424036,0.034362420197433116,0.09737211245868477,0.08612169661310992
2025-05-18,evening_peak,5,0.045876082098674636,-0.045876082098674636,0.24975432275440612,0.24975432275440612,0.01048995646065693,-0.0008572371556324915,0.2266669073198353,0.2266669073198353,0.02349214638329304,0.023087415434570754,0.02253418671085701,0.004465058098038625,0.023626574563900736,0.023626574563900736
2025-05-19,evening_peak,5,0.012059527098922607,-0.00023493154485071388,0.10031559432920616,0.10031559432920616,0.011266676965563549,0.0017509851278435136,0.0921206473125657,0.08282752681528438,0.02576274223207034,0.01748806751392177,0.047908765927778485,-0.02823666782647498,0.028919547204977615,-0.003073921474528056
2025-05-20,evening_peak,5,0.01966894230443239,-0.01966894230443239,0.1436199649609832,0.08214881133543114,0.008288568990483976,0.0012068731506463676,0.13678538554835984,0.07347045760085061,0.009403661048794969,0.008678353734580493,0.016428596375464385,0.015802083035521088,0.05895585202772597,0.05895585202772597
2025-05-21,evening_peak,5,0.1098918599346472,-0.1098918599346472,0.17324413147846465,0.17324413147846465,0.007717238265273339,-0.0005997767275628778,0.14572856323704259,0.14572856323704259,0.027712454901770763,0.027515568241422,0.04289416086904243,0.013176109394644994,0.0735080641802316,0.0718873871648585
2025-05-22,evening_peak,5,0.016616585441856957,-0.016616585441856957,0.15639932056010786,0.15639932056010786,0.009523362177337416,0.0013750946560823832,0.11900553831539504,0.11900553831539504,0.037393782244713,0.037393782244713,0.007998673983461106,-0.0009342473653904683,0.07538304582680322,0.07538304582680322
2025-05-23,evening_peak,5,0.12834143739248471,0.12834143739248471,0.038200833463992126,-0.038200833463992126,0.08256892679390025,0.08256892679390025,0.03632703524124721,-0.03632703524124721,0.009883298342694474,-0.0018737982227449367,0.0522857685270102,0.0522857685270102,0.03143094788722692,-0.013880158910491425
2025-05-24,evening_peak,5,0.03188801246739548,0.029093379015962317,0.05847240147927388,0.05422583848404883,0.0736564742941989,0.0736564742941989,0.03610726905358276,0.03306087314065291,0.024264308514941362,0.02116496534339591,0.014297469216186149,-0.003721780273863564,0.02628502661424223,-0.00944683410321251
2025-05-25,evening_peak,5,0.11536059292924125,0.11536059292924125,0.14286301201703328,-0.14286301201703328,0.01726089396971256,-0.013805033412753721,0.15949949651138332,-0.15949949651138332,0.026315313498102625,0.016636484494350012,0.03259030876275791,-0.03259030876275791,0.0257344277212544,-0.019668197185726717
2025-05-26,evening_peak,5,0.0880704011810321,0.0880704011810321,0.032239971479550496,0.013120839118888152,0.008670990208547873,0.003133355648934289,0.019516894257960916,0.004977699767548693,0.016168681438717275,0.00814313935133945,0.02955342407095355,-0.028079579271112126,0.032785047728013834,-0.022309818319422157
2025-05-27,evening_peak,5,0.03156410498298351,0.004637268180075482,0.1665527901793808,0.1665527901793808,0.01105887650770215,-0.0028903592898573346,0.14690081028313068,0.14690081028313068,0.030676843926563363,0.019651979896250046,0.02757894716191718,-0.01915524870263193,0.04357962624775893,0.04357962624775893
2025-05-28,evening_peak,5,0.07335343013354609,-0.07335343013354609,0.30126556230211454,0.30126556230211454,0.00833871109632525,9.261387206523607e-05,0.2681541964115235,0.2681541964115235,0.037691040777768525,0.03311136589059101,0.030602726530603936,-0.030463608485201663,0.12144041092351934,0.12144041092351934
2025-05-29,evening_peak,5,0.06129477964486571,-0.06129477964486571,0.12884987133283338,0.12884987133283338,0.011560429057651145,-0.00038627830312860587,0.09893291699453055,0.09893291699453055,0.02991695433830275,0.02991695433830275,0.024214517053196875,0.011189929738878189,0.11649058736166568,0.11649058736166568
2025-05-30,evening_peak,5,0.014561811034655453,-0.0065443337615037345,0.04999584342239721,0.04999584342239721,0.005913305878814241,-0.0026230369965654816,0.0402076572909576,0.0402076572909576,0.00978818613143961,0.00978818613143961,0.06052892910695959,0.06052892910695959,0.04014397155687772,0.03995523737177937
2025-05-31,evening_peak,5,0.027906887053442048,-0.027338843616638825,0.06266930450429072,0.03209199967070421,0.007631286631047168,0.0016630611205728828,0.04352553939582873,0.027583330213127064,0.022224085837756473,0.00450866945757715,0.021882470826456765,-0.01360963698981635,0.030604348259551592,0.010106658632351065
2025-06-01,evening_peak,6,0.019585664331444236,-0.019585664331444236,0.1278506671485122,-0.1278506671485122,0.010319543429616003,0.0066732831280990655,0.15334542962960918,-0.15334542962960918,0.025494762481096982,0.025494762481096982,0.05752035892597119,-0.05752035892597119,0.07500838260938084,0.07458673308298833
2025-06-02,evening_peak,6,0.09146156790213289,-0.09146156790213289,0.2121025979459904,0.2121025979459904,0.009533969161265362,0.0007776847761728324,0.17809625682884955,0.17809625682884955,0.035093513139244664,0.03400634111714073,0.03006597807943943,-0.011634721775658968,0.07749124962825366,0.07749124962825366
2025-06-03,evening_peak,6,0.032014244342240455,-0.032014244342240455,0.22719918505876568,0.22719918505876568,0.005477499097013748,0.004317743746873857,0.1977153200105133,0.1977153200105133,0.03499327275807422,0.0294838650482524,0.022355533543541417,0.02030680774700932,0.04078065357562801,0.0398521480073225
2025-06-04,evening_peak,6,0.04645727468910768,0.04645727468910768,0.06709785178575084,0.06593888538482873,0.010029210117472116,-0.00019311723630823733,0.045530697663334424,0.044849571505315794,0.021940151780379065,0.021089313879513016,0.016980159539718407,0.0030490695741678927,0.0801909023599682,0.0801909023599682
2025-06-05,evening_peak,6,0.08801955778699724,0.08801955778699724,0.15559801113791383,0.15559801113791383,0.008082565583618594,0.0001698432343837132,0.12914638474718326,0.12914638474718326,0.026685681325339276,0.026451626390730537,0.0522081008595707,0.0522081008595707,0.09313900543067413,0.09313900543067413
2025-06-06,evening_peak,6,0.0706355000782865,-0.0706355000782865,0.14055209209712494,-0.14055209209712494,0.005828450007390537,-0.0006933548708942892,0.1542075758025968,-0.1542075758025968,0.0136554837054719,0.0136554837054719,0.047651699974317785,0.04697828798642853,0.06331164065910176,0.06119103282272728
2025-06-07,evening_peak,6,0.04794137582878008,0.04623724551837041,0.20141601780805723,0.20141601780805723,0.006814592699106241,-0.0018763842229587557,0.17691673391775306,0.17691673391775306,0.024612541933568023,0.024499283890304174,0.01730950200763037,-0.011530273665327044,0.037462114013075386,0.037462114013075386
2025-06-08,evening_peak,6,0.06272540755977749,-0.06272540755977749,0.11904529258986878,-0.11904529258986878,0.00978126091052798,-0.0004775334293187295,0.14211916439620093,-0.14211916439620093,0.03029643891205602,0.02307387180633216,0.04469647152655387,-0.04071683635001183,0.06949454801783703,-0.06219036849858481
2025-06-09,evening_peak,6,0.036686576931995396,-0.036686576931995396,0.21482469189989958,0.21482469189989958,0.006360552424272558,5.842607262800288e-05,0.18841422236003003,0.18841422236003003,0.04047401531298332,0.026410469539869582,0.04248570432679171,-0.041476199972127224,0.031525534132336615,0.022087071656935
2025-06-10,evening_peak,6,0.013636987229366293,-0.011783833177820002,0.05262935591135434,-0.009055252308119946,0.003560922294460138,-0.001746163771512578,0.045757301410886284,-0.038900543759140774,0.03136559659368725,0.02984529145102087,0.029038810028399024,0.022366666493614563,0.028672693760835984,0.014684098163411548
2025-06-11,evening_peak,6,0.06058341043349849,-0.06058341043349849,0.2474963062626012,0.24225636854116414,0.014690059113057036,0.002710303546154644,0.22893377757508415,0.22220754718836952,0.02004882135279452,0.02004882135279452,0.06423703426104818,0.05896361002836747,0.10563955514233705,0.08630249747551841
2025-06-12,evening_peak,6,0.0177329485850187,-0.0076519308022458266,0.08495001936367913,0.08127412963598324,0.008469808158013414,-0.0009304341108378328,0.07075651612219185,0.06527314373655684,0.01600098589942641,0.01600098589942641,0.028607167145247938,-0.02361601141048486,0.05503841234785245,-0.05503841234785245
2025-06-13,evening_peak,6,0.020175184719175954,0.01663806239278559,0.09611097713405992,0.007241370395414334,0.011721506189615032,-0.0023061862246016715,0.06557355806648346,-0.02646587130716273,0.03808494559000234,0.033707241702577065,0.04226624495271196,-0.01238707251583855,0.073144796895955,-0.06909792571385306
2025-06-14,evening_peak,6,0.04671675132073383,-0.04460412063756136,0.36839913595522616,0.36839913595522616,0.0071932006626175115,0.00028989500702288583,0.3453838655435703,0.3453838655435703,0.033684581327821886,0.023015270411655776,0.022320469133862222,-0.01128964415390345,0.07566185171426504,0.07566185171426504
2025-06-15,evening_peak,6,0.057794036643517344,-0.057794036643517344,0.3208891400265245,0.3208891400265245,0.007443867361311774,-0.004874873386164361,0.2986076362179183,0.2986076362179183,0.022400109174346126,0.022281503808606204,0.05062112950800174,-0.03032926796561817,0.05781976515411953,0.037647999214887276
2025-06-16,evening_peak,6,0.08546993689819776,0.06936573014277808,0.16277731752819596,0.16277731752819596,0.00965182940829962,0.0020759007140335184,0.13755802981564125,0.13755802981564125,0.027173777908073907,0.025219287712554696,0.0261779486731843,0.00654740189735065,0.046835882652618836,0.024283681601289138
2025-06-17,evening_peak,6,0.05923956693254273,-0.05923956693254273,0.07652952053177714,-0.07652952053177714,0.008744932282458907,0.001866960662857512,0.0928514334407925,-0.0928514334407925,0.027936560310133033,0.016321912909015385,0.052879452813391334,0.052879452813391334,0.05639211771403048,0.05639211771403048
2025-06-18,evening_peak,6,0.043694637511506706,0.043694637511506706,0.030294773352596272,0.021907191235280617,0.008010771204800432,-0.0008538622062008606,0.04908451941483454,-0.017213074881012543,0.039973295542764166,0.03912026611629317,0.027376362534995542,0.026038567644709444,0.023902487637563998,0.018508003530465788
2025-06-19,evening_peak,6,0.038790441512747964,-0.038790441512747964,0.12159294110562394,-0.12159294110562394,0.006221697361942892,0.0008019668798756926,0.13791897408277662,-0.13791897408277662,0.01940679201156818,0.016326032977152717,0.01898869275665569,-0.016859844784006595,0.04724688136457128,-0.04356520600927832
2025-06-20,evening_peak,6,0.026904921546858446,-0.00414548983432475,0.053204675213166,0.053204675213166,0.044354988006790476,0.044354988006790476,0.015516877893292785,0.01326162272375015,0.04693279191486976,0.039943052489415855,0.026030984966116326,-0.010742288718810975,0.05623660705710319,0.0019183300230375365
2025-06-21,evening_peak,6,0.025530834992554513,0.017251251257050876,0.06405798661912378,0.007647240937451203,0.006949152371250218,-0.0029591731938527904,0.0445930753485123,0.010005366318890265,0.019974747787347195,-0.0023581253814390288,0.043409607691326846,-0.03433344822893568,0.06481121396954533,-0.06481121396954533
2025-06-22,evening_peak,6,0.020414499315236617,0.0018531540515463185,0.15824550556023054,0.15824550556023054,0.0865028905768351,0.08170949811266279,0.16078333604127554,0.16078333604127554,0.007244876836382272,-0.002537830481044973,0.07070514676201178,-0.007608757747828293,0.06570579472148619,-0.008262051530664095
2025-06-23,evening_peak,6,0.01301766209340699,-0.0033425148526708415,0.1272030713322493,0.1272030713322493,0.004885787183677069,1.875945917839683e-05,0.0931196323443264,0.0931196323443264,0.04103118878278594,0.034083438987922876,0.02334321030318061,0.0027892422984449193,0.06165887970887218,0.059251445001321734
2025-06-24,evening_peak,6,0.04866370266817188,0.04860584639220117,0.14025855915759777,0.14025855915759777,0.0059812870030798125,-0.000504752177332226,0.10711892258670296,0.10711892258670296,0.0390209900063889,0.033139636570894845,0.03520900653862557,-0.020164446243711734,0.0764859530027507,0.037334874036451915
2025-06-25,evening_peak,6,0.022968503255246103,0.019391933467966554,0.1380441540253315,0.1380441540253315,0.007510182926117593,0.0021284973285523277,0.13994048113129526,0.13994048113129526,0.005206407379681347,-0.0018963271059638232,0.03268962870317428,0.028820972383266946,0.12709410867917115,0.12709410867917115
2025-06-26,evening_peak,6,0.01835315033122001,-0.01835315033122001,0.11445544902388424,0.11445544902388424,0.008820145441220817,0.0028115958596154327,0.08911496994537582,0.08592893002089852,0.0361417198360926,0.028526519002985758,0.023482328348582857,0.01736130967293142,0.0810586588385045,0.0729175795212337
2025-06-27,evening_peak,6,0.021419532957666937,-0.02040354168721173,0.031037875854722917,0.0062122738018415904,0.00687766480601671,-0.0007106240926612953,0.02541639352546395,0.02376179169372618,0.019552659955833704,-0.01754951789188459,0.035472340255316454,-0.035472340255316454,0.06964050362312675,-0.06964050362312675
2025-06-28,evening_peak,6,0.049553023758660886,-0.049553023758660886,0.07656625050091609,-0.07656625050091609,0.02900414009332873,0.02900414009332873,0.05643213497157689,-0.05611795786085116,0.02358909947605606,-0.020448292640064952,0.038447248603012824,0.026496859479216737,0.055683509824925724,-0.051776457976419644
2025-06-29,evening_peak,6,0.06022838328549668,-0.06022838328549668,0.1763158614273877,-0.1763158614273877,0.00995215607720203,0.001784515469599273,0.1740368501202874,-0.1740368501202874,0.009254812629706722,-0.0022790113071002992,0.027280855849131782,0.016419391967923608,0.0764766171036736,-0.0764766171036736
2025-06-30,evening_peak,6,0.052945505395124576,0.052945505395124576,0.06202841475637893,0.05627040038193149,0.010999749146880565,0.009471817495108953,0.05110848097203066,0.05110848097203066,0.015267745262522024,0.005161919409900836,0.030006587735545234,-0.02191100448983321,0.0609371226661377,-0.0609371226661377
2025-07-01,evening_peak,7,0.052293307375091164,0.052293307375091164,0.3603665371554004,-0.3603665371554004,0.010799706689660672,0.00283859545506843,0.3382853826175988,-0.3382853826175988,0.02316797591580874,-0.022081154537801597,0.020404549788990114,-0.013532451458009975,0.056828362800951965,-0.056828362800951965
2025-07-02,evening_peak,7,0.02476774577691071,-0.012253257962400288,0.05278491039879375,-0.03908691109658581,0.007135563539207333,0.0007567337913894738,0.032792411254046465,-0.020703079406896502,0.021269106640143143,-0.01838383168968928,0.03908393062176308,-0.03908393062176308,0.041139756961255186,-0.041139756961255186
2025-07-03,evening_peak,7,0.08430536019172699,-0.08430536019172699,0.08846413067121754,0.08821964407472924,0.004636610722394175,0.0010114767277089633,0.09033249391046222,0.09033249391046222,0.005340791729776916,-0.00211284983573297,0.03619330834883313,-0.03619330834883313,0.055543953474402434,-0.05554333984723305
2025-07-04,evening_peak,7,0.04848224434808196,0.04848224434808196,0.38326850569328025,-0.38326850569328025,0.00945625766331381,-0.000135085638289123,0.37995943352134104,-0.37995943352134104,0.0070850707892692565,-0.0033090721719392334,0.037226568841055276,0.037226568841055276,0.02766038425339716,-0.026273411528535975
2025-07-05,evening_peak,7,0.08679142683798283,0.08679142683798283,0.07115497930768395,0.0706468960114322,0.011119055800814088,0.005954331238138922,0.05884618808645425,0.05884618808645425,0.03308199944748466,0.011800707924977945,0.029006375449445766,-0.018622839472165233,0.06077056672016144,-0.05718409123714756
2025-07-06,evening_peak,7,0.013741742153282804,0.01349979772649626,0.03335550184298248,0.024101478162493528,0.008366324318947642,9.980207604947007e-05,0.04351063702171507,0.04351063702171507,0.019409158859221537,-0.019409158859221537,0.030789707495218317,-0.011538732954162145,0.061377663143244894,-0.06071319257982385
2025-07-07,evening_peak,7,0.018205441505446285,0.017588307895092137,0.032327106537603345,-0.021353611867470063,0.00901321884701697,0.0019997232840054217,0.04176429792815406,-0.03137681720478461,0.03823900984003038,0.010023205337314552,0.06083508523397119,0.05406555030130272,0.04635611386718302,0.028031190385754794
2025-07-08,evening_peak,7,0.032948710860191494,0.032948710860191494,0.058350421164102315,0.019106333851129448,0.009273922732981905,0.002988539636959168,0.0925330486009053,-0.026902993004326158,0.04809802607902203,0.046009326855455626,0.048529449809612615,0.014643905583816754,0.04118560367691077,-0.0033172684777017306
2025-07-09,evening_peak,7,0.03533221410813578,0.03533221410813578,0.09177657779258841,0.08278194308270145,0.01022294098094975,0.005762222103608957,0.0832228780344175,0.08224721083509345,0.021372984953817835,0.0005347322476079615,0.02257087284948388,0.02065959953889431,0.021223654399096514,-0.017911996226943436
2025-07-10,evening_peak,7,0.14845350617423828,0.14845350617423828,0.10728008737969102,-0.10021373221908804,0.009495003836009343,-0.0031237129362724873,0.12364105327498665,-0.12364105327498665,0.03957220252654609,0.02342732105589862,0.04276148590891873,0.021954352866299154,0.03317816359102988,-0.03239798047566742
2025-07-11,evening_peak,7,0.027668887372744477,-0.021388851599197733,0.069669826235721,-0.017200933829161116,0.007935470385014336,0.003258404099952806,0.05313073313925499,0.002671995678580053,0.0248764454469162,-0.019872929507741204,0.04183495271365768,-0.03451446824390461,0.054363071817430844,-0.05207161264489442
2025-07-12,evening_peak,7,0.11587472483616226,-0.11587472483616226,0.04055435664166081,0.03169130112909503,0.008131655757169506,0.0008690275633871612,0.02519785459213826,0.0220723884353818,0.019185623247516555,0.00961891269371324,0.026600562470842998,-0.01697967740408532,0.057733725858869184,-0.056025650802370625
2025-07-13,evening_peak,7,0.05095560014582945,-0.05095560014582945,0.05244969464226053,0.022083477554942856,0.007483928449370309,0.0032319304706449996,0.028060206184764347,0.015438421276635582,0.02618627647048313,0.006645056278307255,0.06281083322785844,0.06170271022097118,0.032541963707912694,0.012160687920847124
2025-07-14,evening_peak,7,0.055547284593322005,-0.055547284593322005,0.14115633953692186,0.14115633953692186,0.011623632656097931,0.002458847898242595,0.12831246542398744,0.1268048711298298,0.025292528498272127,0.014351468407092137,0.03634000907282851,-0.016136246859763982,0.05030313914272341,-0.02484225764747898
2025-07-15,evening_peak,7,0.029636877365989994,-0.027606648045563703,0.12144830041569724,0.11783885774434341,0.007874808956269297,0.0005477499097013908,0.128170191581714,0.09654647710227572,0.029244988757312792,0.021292380642067746,0.05502386061783558,-0.05502386061783558,0.09384266047191173,-0.09384266047191173
2025-07-16,evening_peak,7,0.058876211987242105,0.050074168547518366,0.11427640138195978,0.11427640138195978,0.007711101993579484,-0.0010611366979170929,0.08244909417382151,0.08244909417382151,0.03370299014290346,0.03182730720813826,0.03052128943912398,0.028057839337111017,0.028754832140509536,-0.021908944455764585
2025-07-17,evening_peak,7,0.03317049325141255,-0.03067829033346267,0.09317792692541808,-0.004539745290655366,0.006409642597823454,-0.0012592067820925458,0.048896880992538666,-0.025256105342717845,0.04549181999910259,0.020716360052062514,0.018915408140426138,0.010961397448793923,0.06701518743993214,-0.06701518743993214
2025-07-18,evening_peak,7,0.05249536603586763,-0.05249536603586763,0.09848352275397948,-0.0981484823194946,0.012402500856097405,-0.003208349655135688,0.13242359213682653,-0.12966595163760497,0.04044741019213919,0.031517469318110364,0.024973179387118693,0.021377674818612406,0.0209483549526026,-0.0038572603867616066
2025-07-19,evening_peak,7,0.04614169500199464,0.04614169500199464,0.08458118560436596,0.0737950225429439,0.009697939107027757,-0.0016090180991547853,0.08786943828305818,0.08786943828305818,0.015953605115847383,-0.014074415740114268,0.03844672263686762,0.035608959961529074,0.04377300646713976,0.04377300646713976
2025-07-20,evening_peak,7,0.057343020674018585,0.057343020674018585,0.1005314157707817,0.04893746804674236,0.019750773870521265,0.019180363586064703,0.06484470048078898,0.013019853619012003,0.03763761138351983,0.035917614427730324,0.061598262110639256,-0.059689005003606216,0.07939226659901212,-0.07939226659901212
2025-07-21,evening_peak,7,0.02747121176317774,-0.0272301439466332,0.25149610347470874,-0.25149610347470874,0.008051752733613016,0.0008477697650191469,0.2823040006324482,-0.2823040006324482,0.04775180886395191,0.030807897157739423,0.01589285602607815,0.000990218929340925,0.07542043325362369,-0.07542043325362369
2025-07-22,evening_peak,7,0.08461305038666181,-0.08461305038666181,0.15851449341298213,0.15851449341298213,0.009688471716414382,0.0015375743644334122,0.14013798141881342,0.1381252843032267,0.026867534120038082,0.020389209109755457,0.04454928866692538,0.044398599366328985,0.03813504386533151,0.010406284013059888
2025-07-23,evening_peak,7,0.08183551083494739,0.08028741714761023,0.11426057856709204,0.11426057856709204,0.007626114630619477,0.00012136668800218076,0.09013253911426652,0.09013253911426652,0.029454761588218657,0.024128039452825503,0.024254578141255378,0.02359834771410894,0.021327313560210674,-0.00633815503258996
2025-07-24,evening_peak,7,0.18511685293482125,0.18511685293482125,0.12978604724075626,-0.12978604724075626,0.008177327150776667,-0.0038405609616518413,0.12234770252396895,-0.12234770252396895,0.013088273048398567,-0.007438344716787318,0.06852694563273921,-0.061708145204471467,0.14692404045454321,-0.14692404045454321
2025-07-25,evening_peak,7,0.23805929019409885,0.23805929019409885,0.08743310553511245,0.08743310553511245,0.008442194935391025,-0.0017368278724355195,0.06413591726963583,0.06413591726963583,0.02543962369687642,0.023297188265476644,0.02765639567679614,-0.0266184014892673,0.05565300378850484,-0.05408878047271523
2025-07-26,evening_peak,7,0.1232890942628315,0.1232890942628315,0.09960729325368609,0.09960729325368609,0.009319287313004392,0.0025032043764867985,0.081591418713068,0.081591418713068,0.03653908725878226,0.01801587454061809,0.053391042550611,0.0518894092060988,0.059184165165249776,0.059184165165249776
2025-07-27,evening_peak,7,0.06192944546005946,0.03400414959153564,0.09529822794820787,0.08584959679399927,0.006510584267187484,-0.0017837265203814422,0.0826487421564325,0.0826487421564325,0.028878872489749702,0.0032008546375667532,0.029130766442782757,0.004572004547560231,0.02525093334229018,0.008113115450551635
2025-07-28,evening_peak,7,0.16056212344671178,0.16056212344671178,0.06782706001554219,-0.06723710132268945,0.010958548465507496,0.00029186738006733645,0.09915211338553782,-0.09915211338553782,0.04233904743330843,0.0319150120628484,0.01648364749866077,-0.010147859313724143,0.044918253917774875,-0.04104240939388329
2025-07-29,evening_peak,7,0.07209637104654656,0.07209637104654656,0.06630596592365798,0.040350939235009264,0.010275800578541171,-0.0011600183332124807,0.02344060170106461,0.01630017297501429,0.04772011940370433,0.02405076625999497,0.025821124474186233,-0.01032072685344263,0.03189392958652877,-0.015409273986089728
2025-07-30,evening_peak,7,0.0428833347325539,-0.0428833347325539,0.10238899670404998,0.0047482032061982316,0.00697900094998965,0.0013132059729985494,0.0634927045045828,-0.024827618256437894,0.040472174431475126,0.029575821462636126,0.04342665776053334,-0.03603280101352651,0.043067466713881924,-0.0327105796879576
2025-07-31,evening_peak,7,0.053191394567999956,-0.053191394567999956,0.27771481452414515,0.27771481452414515,0.006817923818025779,0.0013489278403592576,0.2603552580716977,0.2603552580716977,0.024990711591958314,0.017359556452447453,0.014692820435319262,-0.010483162731281585,0.013535256610784308,-0.0023514631435999703
2025-08-01,evening_peak,8,0.02366102534641057,-0.018222535405164997,0.12193004157417749,0.11446403980425572,0.0056739474522415,0.0006431689345409511,0.10266881069329009,0.10266881069329009,0.0460021386514714,0.01179522911096558,0.041083347092183774,0.037861541469833684,0.038922721998262924,0.03691800203587822
2025-08-02,evening_peak,8,0.03343654445985361,0.029094693931325355,0.17561615113223902,0.17561615113223902,0.006997365934559128,0.006090950944351537,0.158006234794682,0.158006234794682,0.029166532140655572,0.017609916337557006,0.04315249790735404,-0.024743945808840876,0.05639303815478455,-0.04420105524829872
2025-08-03,evening_peak,8,0.06494892943856043,0.06494892943856043,0.06625192290223988,0.06288451231869685,0.00662739258193135,0.0007664641650754582,0.058961024028153695,0.03942304729387317,0.023461465024823682,0.023461465024823682,0.04755071447444166,-0.027995906823515108,0.08413100241459698,-0.08413100241459698
2025-08-04,evening_peak,8,0.03309510477060221,0.03309510477060221,0.04642067621150489,-0.03803467199262478,0.008465030632194608,0.0010660895457843128,0.05905639922248112,-0.05905639922248112,0.026199600946161212,0.021021727229856336,0.03373069102655004,0.0171926498623744,0.03134688096502099,0.004330629917430943
2025-08-05,evening_peak,8,0.06340302727682828,-0.06340302727682828,0.22525188306723076,0.22525188306723076,0.005956391272207574,-0.00022046747585800774,0.1898952991943678,0.1898952991943678,0.04157902635351153,0.03535658387286296,0.04506631338764537,0.044441903912282824,0.053151377310453586,0.053151377310453586
2025-08-06,evening_peak,8,0.10765825703808143,-0.10765825703808143,0.12480089628615076,0.11622159950891402,0.0072708683300569885,0.0020119958273931426,0.09453158846108402,0.09187800159758554,0.039119740150147964,0.024343597911328493,0.033051537241575835,-0.026797098487094967,0.053049208386750826,-0.053049208386750826
2025-08-07,evening_peak,8,0.0758508927129482,-0.0758508927129482,0.09725057044863422,0.0038168924851183957,0.009933396618023654,-0.0001364882146763051,0.07712232820791627,-0.01956743083841104,0.023384323323529403,0.023384323323529403,0.04737964398571921,-0.03862975885539312,0.043710547987398665,-0.042819824320522504
2025-08-08,evening_peak,8,0.05087232217284135,0.050022886848362286,0.07913208867919236,0.0622448059946118,0.009511527939070666,0.0027612784317257704,0.05210382807128718,0.04064004529281438,0.030144084051999857,0.021604760701797423,0.024345219640276142,0.021508859541324782,0.017550745146223366,0.009759959281647877
2025-08-09,evening_peak,8,0.014379914409444472,-0.011710636222614645,0.3432977961507299,-0.3432977961507299,0.011795316771989764,-0.005785189291948795,0.36948898163856814,-0.36948898163856814,0.04279041404690407,0.026191185487838213,0.03093088557468924,0.0196512786080565,0.052179041230049086,-0.006504930131126727
2025-08-10,evening_peak,8,0.018805042910960773,-0.0022590245935833198,0.10754683987632563,-0.10754683987632563,0.010475536222176368,-0.0018186594385243698,0.11670180659947077,-0.11670180659947077,0.01827706056221611,0.009154966723145187,0.0635551629843239,-0.008011910798114986,0.05834340828216646,0.05422184990744785
2025-08-11,evening_peak,8,0.07562078252442836,-0.07562078252442836,0.10702008478191966,0.10335751952990188,0.010929970971618953,0.0017436216018108762,0.09056619820097415,0.08884865575386221,0.022793619511971064,0.014508863776039703,0.042840599983257455,-0.009187182149537955,0.03953043204851571,0.03721916148451053
2025-08-12,evening_peak,8,0.014705136809219033,-0.011268824660656374,0.1818350433414076,0.05918903035209274,0.006008418090069086,-0.0011241211438033916,0.15859049552096188,0.043087015122278104,0.02324454782044573,0.01610201522981464,0.0532535462341564,0.041945712417731894,0.03744094387573155,0.026094714530708277
2025-08-13,evening_peak,8,0.02265117034764924,0.01995471724331782,0.0799432161360967,0.0799432161360967,0.012193779957481901,0.007214283138937183,0.06665135035899822,0.06665135035899822,0.033992841319414234,0.013291865777098488,0.08130485482496469,-0.06989778872914797,0.09006403202385577,-0.08339469364184565
2025-08-14,evening_peak,8,0.05317517727852339,-0.05317517727852339,0.04572898690007028,-0.03594812046415123,0.01440630037772802,0.00207923183295302,0.05557270629033935,-0.0481635965251221,0.021871863842528795,0.012215476060970894,0.04174435504514902,-0.04123688537606663,0.024502877992296307,0.006740124659050009
2025-08-15,evening_peak,8,0.05843396212016291,-0.05843396212016291,0.17709240661024592,0.17709240661024592,0.016376043591457688,0.0028962325784786472,0.14533566652658705,0.14533566652658705,0.03474755890724716,0.031756740083658884,0.08922932375144213,0.08676113995412249,0.1007844931476414,0.1007844931476414
2025-08-16,evening_peak,8,0.05088240319062401,-0.05088240319062401,0.035195199927314375,-0.0017072861072807421,0.007986138457000781,0.0022304909302067535,0.057439228648075914,-0.01627650449848083,0.030874256553057346,0.014569218391200033,0.045632340620892005,-0.045632340620892005,0.07328365195828462,-0.07328365195828462
2025-08-17,evening_peak,8,0.024941752909943743,-0.024941752909943743,0.41089557875748217,-0.41089557875748217,0.007239923988515081,-0.002497287257353372,0.4296093665422528,-0.4296093665422528,0.034611903472300726,0.018713787784770664,0.02814133646265961,0.011160870109356538,0.037436254010936955,-0.007643164699826004
2025-08-18,evening_peak,8,0.04185419430846904,0.04185419430846904,0.06629001161725395,-0.06629001161725395,0.00901457759289205,-0.0007903079636572968,0.08839273076700827,-0.08839273076700827,0.03622385821576615,0.022102719149754316,0.09422262718129806,0.09422262718129806,0.0899069434684929,0.0899069434684929
2025-08-19,evening_peak,8,0.06698748655628545,0.06698748655628545,0.1258865780708433,0.1258865780708433,0.006916235656663865,0.0056480436195909985,0.13512477893646455,0.13512477893646455,0.01890037427477617,-0.009238200865621205,0.047238159092663566,-0.047238159092663566,0.05533488193169019,-0.05533488193169019
2025-08-20,evening_peak,8,0.07291600162279821,0.07291600162279821,0.19478577624283944,0.19478577624283944,0.010705690241208286,-6.73236665840668e-05,0.17548378298570005,0.17548378298570005,0.030627709922500378,0.019301993257139452,0.04637079708873619,-0.04637079708873619,0.031274998925178606,0.011450984268939902
2025-08-21,evening_peak,8,0.0473312551003619,0.0473312551003619,0.08393621961882891,-0.026119040464923242,0.008568339149211976,-0.007179087237721626,0.07691071449550219,-0.028730462375782445,0.009923929227410267,0.0026114219108592305,0.04489169262744287,0.04472583796966021,0.0878345053649152,0.0878345053649152
2025-08-22,evening_peak,8,0.02983937433188741,0.02983937433188741,0.060468355339238763,0.040842191614615005,0.008072791379420536,-0.001066834664489997,0.03901353881933206,0.020286426558883276,0.02165599857044116,0.020555765055731708,0.05902286888072539,0.05902286888072539,0.045400696364448725,0.045400696364448725
2025-08-23,evening_peak,8,0.007750987759589489,0.003701925051882604,0.13516343744813586,0.13516343744813586,0.0059416203896301995,-0.0012224768129535882,0.12935856825625458,0.12935856825625458,0.013794207276265283,0.00580486919188127,0.00987080664674628,0.008213662645306742,0.022075325079692433,-0.020980175904386465
2025-08-24,evening_peak,8,0.046480943165641025,0.04583137497633352,0.10870532414161463,0.09711741335287741,0.009848496916087867,0.0038311812320626915,0.08852899982912409,0.08446976844261024,0.02677080017983557,0.01264764491026718,0.029436045959552362,-0.028507628052271063,0.046796698174802295,-0.046796698174802295
2025-08-25,evening_peak,8,0.025768396368131274,-0.016309771857163924,0.07301387515631524,-0.05827165773386038,0.006319264081875293,0.0019163138194809755,0.06229341403252962,-0.0608102771641232,0.013849872026631039,0.00253861943026275,0.01994231320839393,0.01994231320839393,0.015083394128633569,-0.004566613394572018
2025-08-26,evening_peak,8,0.07224670970304628,0.07224670970304628,0.16526794254771032,0.16526794254771032,0.004607156618263639,0.00039969043983091243,0.15538416206938271,0.15538416206938271,0.016671724226077635,0.009883780478327588,0.012120320019203957,0.007277486737383932,0.01855643624633522,0.0174203493727288
2025-08-27,evening_peak,8,0.025323078365205254,0.007058903973546193,0.08776069478254048,0.08638406605853466,0.01167570330447156,0.006567344780355708,0.08451118827654382,0.0836458863066851,0.007393856747006809,0.0027381797518495595,0.02107410469181466,-0.02107410469181466,0.015072655653169308,-0.006020339989360031
2025-08-28,evening_peak,8,0.01805028149261592,-0.01477351240809363,0.23329136325745606,0.23329136325745606,0.005922817099939706,0.0021044782079220406,0.22442848306693866,0.22442848306693866,0.008862880190517295,0.008862880190517295,0.024943155486330908,-0.024943155486330908,0.018881351832525206,0.005250939179973962
2025-08-29,evening_peak,8,0.059865904950437726,-0.059865904950437726,0.06845773725413488,-0.06296217998613632,0.009840563593397966,0.002039346066942928,0.07035318774985669,-0.07035318774985669,0.022349221949799172,0.007391007763720391,0.02170929647315357,-0.019773215092715946,0.03209458567091809,-0.023644851887446035
2025-08-30,evening_peak,8,0.012575850531449023,0.00041288342397263755,0.24312693017247464,-0.24312693017247464,0.006884940671025165,-0.0011519096884741592,0.25837030567026964,-0.25837030567026964,0.028040745437392375,0.015243375497794948,0.034689614970252275,0.034689614970252275,0.02056957166704291,0.014089142792179536
2025-08-31,evening_peak,8,0.049467115954946766,-0.049467115954946766,0.0654661294813288,0.05241121145263753,0.008229266307614011,0.0020766896632512574,0.08555658982061734,0.03467401130794505,0.030167533375972815,0.017737200144692537,0.012786587633621057,-0.006205699225026743,0.02125788602904581,0.012174012396525213
2025-09-01,evening_peak,9,0.013058424469659241,-0.0012715231559923545,0.1404912115158194,0.1404912115158194,0.006369099374131876,-0.0012294458643773067,0.12454089368837938,0.12454089368837938,0.02711219603857478,0.015950317827439955,0.007852060920489908,0.0009561187909278689,0.020883091320087116,0.01943685974286806
2025-09-02,evening_peak,9,0.019897737577589197,-0.01844607101686982,0.06948963900048186,0.06696491384255449,0.010473344696571444,0.0067565172705750885,0.05978262697744967,0.05436254585128571,0.013760720765021644,0.012602367991268907,0.01356799800332226,-0.0010074881511079373,0.03728670430365513,0.03728670430365513
2025-09-03,evening_peak,9,0.052837682335361014,-0.052837682335361014,0.1373121844732779,0.1373121844732779,0.007911012959263077,-0.0017913968599987534,0.13197608260829558,0.13197608260829558,0.025664868698553254,0.005336101864982304,0.032687042702960425,-0.032687042702960425,0.01595176423433923,-0.01407125994324316
2025-09-04,evening_peak,9,0.06010741107210332,-0.06010741107210332,0.19451073977941818,0.19451073977941818,0.009395464743032472,6.903305655595049e-05,0.17339245393140762,0.17339245393140762,0.022954608982910754,0.02111828584801046,0.038912027353310744,0.03038646678390742,0.045881955387295906,0.040622556918486874
2025-09-05,evening_peak,9,0.005828581498926733,0.004426881722000342,0.13768364806331707,0.1240534107328142,0.004932291357014099,-0.0021090804116924485,0.11625377110479468,0.10352714361172505,0.0224679588070754,0.020526267121089087,0.016203307543275473,-0.009898989666025962,0.022882376298971552,0.017368497876915634
2025-09-06,evening_peak,9,0.028781744074938276,0.028781744074938276,0.11067629460968305,-0.09264117847425353,0.010589320231585406,-0.0017366087198750005,0.1215599805605255,-0.1215599805605255,0.029863086638933077,0.028918802086271927,0.03510648697082599,-0.010336549668310387,0.061316388087330455,0.040028171343912115
2025-09-07,evening_peak,9,0.05258609519591273,0.04556795359861865,0.10299407692357683,0.06396502210296173,0.007265082702459905,0.0019011922928068165,0.08245242529274105,0.060600022197584216,0.03076327769642262,0.0033649999053775564,0.022996379460941106,0.017718309193977884,0.027004066165226517,-0.004697052998578675
2025-09-08,evening_peak,9,0.024847517308930867,-0.016685399345852614,0.17732238530722944,0.17732238530722944,0.007209067307997389,0.0020605600347988213,0.1592154309624696,0.1592154309624696,0.025195400083460696,0.018106954344759823,0.025615647033466075,0.025139560011046586,0.01971557796930574,0.005300862133254734
2025-09-09,evening_peak,9,0.025540477705216225,-0.02361982466503748,0.11132222486648627,0.11132222486648627,0.007517195808053446,-0.001046234323803465,0.0931463689567068,0.0931463689567068,0.01859715479207519,0.018175855909779465,0.03437890046998235,0.031227398989039062,0.06818629489270567,0.06818629489270567
2025-09-10,evening_peak,9,0.05645019314256161,-0.05645019314256161,0.30911004054401137,0.30911004054401137,0.020305799645231076,-0.020244962894437633,0.2936258602127445,0.2936258602127445,0.017175775115216285,0.015484180331266952,0.013538368577143356,-0.006172037391734719,0.04992295328077657,0.04992295328077657
2025-09-11,evening_peak,9,0.03058010998636082,0.03058010998636082,0.1631738521711557,-0.11031846230890674,0.011589707839733294,-0.0022843147990642826,0.1561054369764841,-0.1265277308018277,0.01620926849292094,0.01620926849292094,0.014955891168937509,0.014946599100372517,0.04667274548658634,0.04667274548658634
2025-09-12,evening_peak,9,0.016760349521541984,0.013732537745742068,0.031137765591796665,0.0012180937617437132,0.024973573861727598,-0.024973573861727598,0.04293812287267774,-0.012078812524246176,0.014437814515927194,0.013296906285989868,0.010006900386813707,0.00026907551377586877,0.034428165965581646,-0.034428165965581646
2025-09-13,evening_peak,9,0.02009409827179276,0.0184574669500156,0.36311576219629893,0.36311576219629893,0.009307716057810249,-0.0031786325679325784,0.343590014174894,0.343590014174894,0.020099840068877793,0.019525748021404905,0.0012475478658742238,0.0012263338980183012,0.07097755339470718,0.07097755339470718
2025-09-14,evening_peak,9,0.06688404654773195,0.06688404654773195,0.12241094995292784,-0.025781414030224513,0.013709044591256903,-0.00368053576197838,0.09454272141115716,-0.02776535832987428,0.030546798797165587,0.0019839442996497517,0.011302092019339575,0.007639088462200814,0.014004681395364767,-0.0027324379547646327
2025-09-15,evening_peak,9,0.0282110708074092,0.026841805609436054,0.21873853747778105,0.21873853747778105,0.09725789014415476,0.09725789014415476,0.2018723811000321,0.2018723811000321,0.018344384228800185,0.01686615637774885,0.023973230084091773,-0.023973230084091773,0.01917019490725775,-0.01637135372666313
2025-09-16,evening_peak,9,0.15081684738661713,0.15081684738661713,0.1281580943603747,0.1281580943603747,0.011351313684426744,-0.0018075703189633346,0.1140319586159836,0.1140319586159836,0.014126135744391113,0.014126135744391113,0.018884463798884192,0.01873640432901373,0.018892572443622527,0.01736104668985881
2025-09-17,evening_peak,9,0.21224925483947363,0.21224925483947363,0.11431725141923607,0.11431725141923607,0.10842082028757993,0.10842082028757993,0.10733575213005679,0.10733575213005679,0.01683459840903758,0.006981499289179282,0.013529690135747731,0.0012187512194251815,0.04392628176794999,-0.04392628176794999
2025-09-18,evening_peak,9,0.16115690349589545,0.16115690349589545,0.09738732164638315,0.09738732164638315,0.008322932111969624,0.00017282370920639577,0.08980196939201576,0.08980196939201576,0.011766607786564912,0.007585352254367399,0.018829938641833025,-0.017500909853966736,0.01052857114181617,-0.0037106473237903947
2025-09-19,evening_peak,9,0.10534970396582621,-0.10534970396582621,0.06725831529054535,0.06725831529054535,0.11502090646047364,0.11502090646047364,0.06368709282574189,0.06368709282574189,0.016003747221688652,0.0035712224648034377,0.02275290096623108,-0.02275290096623108,0.011922469087589,-0.004704285033075056
2025-09-20,evening_peak,9,0.13335696289197507,-0.13335696289197507,0.03346192232635888,-0.0044987199313306706,0.00569410948780707,0.0010207249657618132,0.021560491884577426,-0.01119895882437058,0.013724429101003643,0.006700238893039942,0.02735080934644181,-0.026107863684337988,0.016352857250557313,0.010996155044888479
2025-09-21,evening_peak,9,0.11786550669569967,-0.11786550669569967,0.11902670845273874,0.11902670845273874,0.007083580551857892,0.003882375270194329,0.10743121498540845,0.10743121498540845,0.01159549346733037,0.01159549346733037,0.017602114506403418,0.016995500218953068,0.02385979671877958,-0.008343707774704529
2025-09-22,evening_peak,9,0.02578768179345467,-0.021846442145511485,0.054763112901358504,0.02791157691823655,0.008473270768469227,0.000701857990241514,0.06609115258386064,0.006243218143383529,0.021668358774853076,0.021668358774853076,0.020323945477240028,-0.020323945477240028,0.023944696420715367,-0.0233701660681215
2025-09-23,evening_peak,9,0.018069128612818564,-0.017883287241518664,0.05525563636581518,-0.05509398943719401,0.00665741648271919,-0.002236320388315876,0.05782866274807567,-0.05696344843924115,0.006966333931993038,0.0018694590020471124,0.05502947092338423,-0.05502947092338423,0.0645090025886226,-0.0645090025886226
2025-09-24,evening_peak,9,0.030236040466383562,0.030236040466383562,0.06352141349000764,-0.022601598038465287,0.007403192646083898,-0.0005206626532241986,0.05637537445840864,-0.025533245670719917,0.013772598833800463,0.0029316476322546257,0.02165963650294537,0.020865602945759645,0.05458012051334518,-0.05458012051334518
2025-09-25,evening_peak,9,0.039763478881346265,0.039763478881346265,0.15027317371454094,0.15027317371454094,0.007759271726376291,-0.0025064478343820897,0.1469387236760964,0.1469387236760964,0.004820830364746319,0.0033344500384445194,0.01516145627068192,-0.002138008549677781,0.05522570012605155,-0.05522570012605155
2025-09-26,evening_peak,9,0.01950063313797215,0.01950063313797215,0.04213085250083811,0.026755108856504124,0.007406699087051809,0.001158659587337435,0.028478699914285754,0.01531797502938749,0.01394292420381723,0.01143713382711663,0.04158297109960045,0.04158297109960045,0.032450138785065266,0.032450138785065266
2025-09-27,evening_peak,9,0.01862840594720186,-0.01862840594720186,0.08691296884803346,-0.08691296884803346,0.006879330365476499,-0.00033096419685966355,0.08820382125986148,-0.08820382125986148,0.011008690571348761,0.0012908524118280624,0.025940825602728645,0.005038054382709031,0.03977285861093535,-0.007819538680512425
2025-09-28,evening_peak,9,0.05415435091881546,0.05415435091881546,0.10004862268001104,0.03312696955289822,0.008361108488007862,0.001866390866200187,0.08248420241401282,0.037174848836778455,0.02092981464598471,-0.004047879283880211,0.08494835380421936,-0.08494835380421936,0.08603982121650904,-0.08603982121650904
2025-09-30,evening_peak,9,0.049120854909364436,-0.049120854909364436,0.049817234085593756,-0.049817234085593756,0.006919303792510781,-0.0017061026834540964,0.046681862233102896,-0.046681862233102896,0.014826372005684969,-0.003135371852490845,0.023954514455425537,0.023924096080028823,0.039112771098724256,0.039112771098724256
2025-10-01,evening_peak,10,0.038053212299242606,-0.038053212299242606,0.03850681426895537,0.037627048230103946,0.009409797320488841,0.0003405630790093168,0.04190547600762498,0.040946464402898536,0.009204977337450182,-0.003319416172794606,0.0213297242383761,-0.002524506005366901,0.016644154833967348,-0.004275973268843464
2025-10-02,evening_peak,10,0.08184471524248813,-0.08184471524248813,0.06060488738442721,0.06060488738442721,0.006841022497901946,-0.0025248566494636693,0.06080037146838885,0.06080037146838885,0.011219383843008713,-0.00019548408396159993,0.017612064032649873,0.00548556391123995,0.03469956449649876,0.03469956449649876
2025-10-03,evening_peak,10,0.07594469000884005,-0.07594469000884005,0.10511012638669309,0.10511012638669309,0.009007257897371508,-0.005035950518128295,0.10209445566274462,0.10134670712633544,0.008953039553905038,0.0037634192603576253,0.028208572468219506,-0.020404462127965917,0.015094877722803518,-0.01025029122049953
2025-10-04,evening_peak,10,0.07324385385329879,0.07324385385329879,0.029513976610064434,-0.012474163743379271,0.009251350019250891,0.0003251785692625752,0.02301697980162764,-0.01571928719816605,0.009553999705294582,0.003245123454786743,0.031243221803906828,0.018084863766661928,0.033225412883072625,-0.01928073545877143
2025-10-05,evening_peak,10,0.08855429003460508,0.08855429003460508,0.16763921708277907,0.16763921708277907,0.006520972098554962,0.004684824285703072,0.16267983846928774,0.16267983846928774,0.007155988557845451,0.0049593786134912885,0.012669341013756188,0.0073215802325555385,0.021106670762304228,-0.021106670762304228
2025-10-06,evening_peak,10,0.11635028589243682,0.11635028589243682,0.08032980125281002,0.08032980125281002,0.010094298427939135,0.006656408380940896,0.075049627121266,0.075049627121266,0.0071819800515201876,0.005280174131543988,0.02700893135206949,0.01926171301652043,0.05770431558525077,0.05770431558525077
2025-10-07,evening_peak,10,0.021502810930655203,-0.012626255620362736,0.04534884486863559,-0.016822720340258723,0.006406136156855529,0.0003832101672816774,0.03669411578007644,-0.006907864028852982,0.0192903781714332,-0.009914856311405776,0.03866377133278196,0.026784387638586288,0.03993503150570175,0.03789340625212969
2025-10-08,evening_peak,10,0.04607989397993495,-0.04607989397993495,0.14723808607373268,0.14723808607373268,0.006914789249764595,-0.0006764801237361473,0.14554802535770678,0.14554802535770678,0.004346452732298672,0.0016900607160258347,0.03294678231765916,-0.008920911788536436,0.030565908900440763,0.0013271879063581453
2025-10-09,evening_peak,10,0.019108788359807005,-0.00923114415317322,0.058697471158902295,0.058697471158902295,0.07371029816305649,0.07371029816305649,0.0740512118861626,0.0740512118861626,0.0193078665457607,-0.015353740727260288,0.07686714696647583,-0.07686714696647583,0.10643052056367586,-0.10643052056367586
2025-10-10,evening_peak,10,0.043313750361366116,0.040664634210101774,0.03676108880256375,-0.012860135232923202,0.12826631189474716,0.12826631189474716,0.02559956123552571,-0.009392528098721844,0.011726502867994232,-0.003467607134201432,0.0630666719269803,0.053380654719243484,0.06491215563890937,0.05482061853323247
2025-10-11,evening_peak,10,0.024428059308143235,-0.024428059308143235,0.19924671427274077,-0.19924671427274077,0.13530220484944133,0.13530220484944133,0.18821790549633854,-0.18821790549633854,0.01391434670992868,-0.011028808776402206,0.07017133495515787,0.07017133495515787,0.14441768028118535,0.14441768028118535
2025-10-12,evening_peak,10,0.12586326023840652,-0.12586326023840652,0.08176511903251642,0.0042911824565418505,0.029012906195748492,-0.029012906195748492,0.08601869490967733,0.001444215373662447,0.009521039160196126,0.002846967082879325,0.039997533815954917,-0.039997533815954917,0.061254543234758776,0.061254543234758776
2025-10-13,evening_peak,10,0.12736796171876585,-0.12736796171876585,0.1718337094296305,-0.1718337094296305,0.008283572312104684,-0.0015718059943827332,0.17577569419627948,-0.17577569419627948,0.008014803611913531,0.003941984766648994,0.026425503405519517,0.012438661028579066,0.06295003893428494,0.06295003893428494
2025-10-14,evening_peak,10,0.13803630836366573,-0.13803630836366573,0.2672495346417999,0.2672495346417999,0.02986992419882052,-0.02986133341844912,0.2556651302940306,0.2556651302940306,0.011584404347769237,0.011584404347769237,0.0355497011091712,-0.01027168051040385,0.030565952730952885,0.013061799419090792
2025-10-15,evening_peak,10,0.033113075280562954,0.030186073682590853,0.03063191765166188,0.02796158753254157,0.07597423177399472,0.07597423177399472,0.02575612382474341,0.02430016187383837,0.006251984245803256,0.003661425658703156,0.07315023187945527,-0.070353757546514,0.1161425730955995,-0.1161425730955995
2025-10-16,evening_peak,10,0.11993956652822496,-0.11993956652822496,0.08669267669422384,0.08669267669422384,0.013897691115331042,0.0002990994145636739,0.08233167223190827,0.08233167223190827,0.004724534729664781,0.0043610044623155686,0.06692765790727041,0.06692765790727041,0.08006716882431272,0.08006716882431272
2025-10-17,evening_peak,10,0.08629482713590109,-0.08629482713590109,0.055816842242730924,0.0543205562206948,0.1408014877109683,0.1398095155611434,0.062104592186407036,0.062104592186407036,0.007936303164744207,-0.0077840359657122314,0.04305028515313912,0.025457418884788627,0.04241325249029208,0.03590205459593519
2025-10-18,evening_peak,10,0.08065033378779005,-0.08065033378779005,0.1612646388946348,-0.1612646388946348,0.009550580925350882,-0.0004076237625208097,0.16658824906366887,-0.16658824906366887,0.006095290165049274,0.005323610169034037,0.024548242572318787,-0.023665671380693053,0.06289472482801595,-0.06289472482801595
2025-10-19,evening_peak,10,0.12458691572608335,0.12458691572608335,0.07814717324181544,0.07814717324181544,0.044041336862209915,0.006234627363012099,0.0950788124046402,0.0950788124046402,0.01693163916282478,-0.01693163916282478,0.036367140159817804,-0.011733603410954365,0.041173024319938356,-0.015922704604817588
2025-10-20,evening_peak,10,0.06898966434896847,0.06813847580400562,0.02123141239973801,0.01511083202920755,0.03881156781957983,0.03851115348965319,0.02351923363977022,0.02223009061791403,0.009238463848693802,-0.0071192585887065,0.07035104005476386,-0.07035104005476386,0.07124522633209582,-0.07124522633209582
2025-10-21,evening_peak,10,0.015361279575341225,-0.007140428726050252,0.030625869040992213,-0.028956014191043985,0.149115609890006,0.149115609890006,0.03146548633076092,-0.028961449174544265,0.0033191093592098934,5.434983500293591e-06,0.053469805980852936,0.0021732044508933008,0.05577533474777316,-0.008956283011800348
2025-10-22,evening_peak,10,0.11711994968489536,-0.11711994968489536,0.12029827543924326,-0.12029827543924326,0.14158175848735496,0.14158175848735496,0.12605444893218254,-0.12605444893218254,0.005863733569630163,0.005756173492939188,0.06052708822545143,0.06052708822545143,0.04020362488384445,0.0394638535006373
2025-10-23,evening_peak,10,0.03524805952490587,-0.03524805952490587,0.016310560806381748,-0.0011679078253903161,0.10576206142365382,0.10576206142365382,0.025683102191586447,0.024525976672172496,0.025857635290764694,-0.025693884497562783,0.027851967421781955,-0.02474464709703448,0.030167095070851833,-0.021241800231105477
2025-10-24,evening_peak,10,0.06042167584385327,0.06042167584385327,0.09240164472563245,-0.038587856885826416,0.048488117636703264,0.04734563150833039,0.06330454011614176,-0.00308167947516955,0.03591336286805675,-0.03550617741065691,0.06256104313940616,-0.06256104313940616,0.06464584144739575,-0.06464584144739575
2025-10-25,evening_peak,10,0.07319564028998982,-0.07319564028998982,0.07366414463381624,-0.005288019793209663,0.00964389608560967,-0.003560133345242347,0.07043650955335694,-0.0013438435009557742,0.0069122032495507555,-0.003944176292253956,0.042007907914400365,0.042007907914400365,0.08341117391439481,0.08341117391439481
2025-10-26,evening_peak,10,0.13022790263322634,-0.13022790263322634,0.08983777892040065,0.08309699680366914,0.054459323622000295,0.05344543621612592,0.10576114098289971,0.10576114098289971,0.022664144179230586,-0.022664144179230586,0.032501508145245286,0.017609565693460224,0.04575563585142655,0.04575563585142655
2025-10-27,evening_peak,10,0.019668503999311554,-0.017301656345964728,0.19820622174602226,0.19820622174602226,0.09403945947123632,0.09382337504658818,0.21682305643802993,0.21682305643802993,0.023168808695538595,-0.018616834692007686,0.053035708589024316,-0.04377721419630126,0.0406343034957294,-0.018161260349250512
2025-10-28,evening_peak,10,0.026443824559576917,-0.026443824559576917,0.17011213457540542,0.17011213457540542,0.009102983735795744,-0.0013235938043659832,0.1681167505120978,0.1681167505120978,0.002903815257071756,0.0019953840633075938,0.051462500018254434,0.03289256397419271,0.0823248785025329,0.08227201890494149
2025-10-29,evening_peak,10,0.02999672587032301,0.02999672587032301,0.07528626805608861,0.07528626805608861,0.13965409256524036,0.13965409256524036,0.0737253320287064,0.0737253320287064,0.002399764367933072,0.0015609360273821597,0.03891487633659719,0.036036000640909775,0.022453626229619026,0.007936522317304694
2025-10-30,evening_peak,10,0.03177843618714796,0.03177843618714796,0.033717585703432425,-0.03340507415216645,0.1458273133808017,0.1458273133808017,0.02678399316397735,-0.02678399316397735,0.008723280009482012,-0.006621080988189124,0.036250594828146535,-0.03619571902699857,0.09254475134763576,-0.09254475134763576
2025-10-31,evening_peak,10,0.01790125775147916,0.014414978819123736,0.16015116856527145,0.15963826391268882,0.015794675678976376,0.004622628789034596,0.16945445774135964,0.16878998717793858,0.009303289176088251,-0.009151723265249863,0.038799076123631586,0.038799076123631586,0.07976399317212379,0.07976399317212379
2025-11-01,evening_peak,11,0.027900312476627054,-0.023267427347761382,0.08095035364310779,0.08095035364310779,0.17062411878723394,0.17062411878723394,0.08792637411827475,0.08792637411827475,0.007366900982065918,-0.006976020475166918,0.029351496901713382,0.02780541941793278,0.026630498710606652,0.022332654016225757
2025-11-02,evening_peak,11,0.017817979778490922,0.01395475844208377,0.2726205694249252,0.2726205694249252,0.017791856793280013,-0.005215567956710059,0.2696859851483599,0.2696859851483599,0.005295120336169731,0.002934584276565244,0.03416667313039891,-0.0205424844105657,0.23748717051967044,-0.19233481783677472
2025-11-03,evening_peak,11,0.011088242950808264,0.008001698288795905,0.027068497018012064,0.01563145085191964,0.005175068563530529,-0.0022236972008313795,0.028119596528658492,0.01892220186980147,0.006031122295336382,-0.0032907510178818316,0.030274041520373413,0.005986853478116377,0.12398836625285922,-0.05300958560381332
2025-11-04,evening_peak,11,0.03099825307178547,0.03099825307178547,0.17866092531622121,0.17866092531622121,0.06233816498538265,0.06233816498538265,0.17997816369633288,0.17997816369633288,0.005169414427469756,-0.0013172383801116564,0.012822616314566425,0.005179977580885625,0.053375482718815884,0.053375482718815884
2025-11-05,evening_peak,11,0.011344213141466969,-0.0064124039200856575,0.14117781648785038,-0.14117781648785038,0.00883285628972953,0.0033749932621361337,0.14142090050795147,-0.14142090050795147,0.005732329694357413,0.00024308402010112494,0.029094869253373665,-0.023953199540062566,0.027337747853836324,0.018180589605086193
2025-11-06,evening_peak,11,0.015038687006292628,0.012461452894870662,0.11999417934630034,0.11999417934630034,0.01071344824184982,-0.0039830977869978555,0.11567398109074893,0.11567398109074893,0.005790010648279669,0.004320198255551344,0.06796512612865405,-0.06796512612865405,0.013961376849410914,-0.0032859296615509598
2025-11-07,evening_peak,11,0.019579966364871415,0.01685283190207071,0.5064464457774285,0.5064464457774285,0.021549446595528463,-0.019051896355102464,0.5075411128171015,0.5075411128171015,0.0049549955622814066,-0.0010946670396728814,0.022032546499883794,0.012678589251809081,0.10945429993236258,0.10945429993236258
2025-11-08,evening_peak,11,0.011992466415411102,-0.005751001492511537,0.3379343002156857,0.3379343002156857,0.021902852014582815,-0.001451447408158826,0.33777677335520184,0.33777677335520184,0.004710202152208413,0.00015752686048386283,0.037488236998286364,0.03333327977334826,0.15345285821476387,0.15345285821476387
2025-11-09,evening_peak,11,0.0298354295857986,0.013707554353845575,0.10088324329140047,0.10088324329140047,0.009251218527714619,-0.00013754014696669946,0.09787353351709753,0.09787353351709753,0.005932065337992617,0.0030097097743029795,0.04435476885422995,-0.029145668816896408,0.05213998824376889,-0.0015153084642870844
2025-11-10,evening_peak,11,0.033179259353832424,0.033179259353832424,0.3002223961141581,0.3002223961141581,0.007555810489212661,0.002594634824725302,0.2983651658249865,0.2983651658249865,0.0037703444812692503,0.0018572302891715128,0.04691092048933235,0.006816170597541813,0.0784203688237286,0.06556882437117678
2025-11-11,evening_peak,11,0.023295040570383868,0.023079394450856633,0.3827040563584691,0.3827040563584691,0.015258146380372324,-0.00544230319579822,0.38767255171847703,0.38767255171847703,0.006768702152938575,-0.004968495360007888,0.036318795104972615,0.03461159665871603,0.13347022093523886,0.13347022093523886
2025-11-12,evening_peak,11,0.01836936762069674,0.014720039183332867,0.04357199973865371,-0.02042466799404362,0.006624236785060245,0.001584604503915659,0.03538568733289673,-0.005034810924813719,0.015711134722915642,-0.015389857069229882,0.021491327336485178,-0.0007821993189189866,0.03493098960038154,0.03493098960038154
2025-11-13,evening_peak,11,0.017146496333134226,0.017146496333134226,0.28274142914319633,0.28274142914319633,0.01824348638994827,-0.010121517175952622,0.2990240260828589,0.2990240260828589,0.016282596939662594,-0.016282596939662594,0.022984545222674364,-0.013377861241836738,0.0486628260579299,0.0486628260579299
2025-11-14,evening_peak,11,0.012354068140227936,-0.0049405753238005445,0.33560825876910316,0.33560825876910316,0.013318120253845775,-0.00619382115624788,0.3403557606871078,0.3403557606871078,0.007039048751565281,-0.00474750191800467,0.009020933017146411,-0.0056400226358768865,0.07985901772235447,0.07985901772235447
2025-11-15,evening_peak,11,0.020609983399198256,-0.019679023322215244,0.1929654512448553,0.1929654512448553,0.013559626375511358,-0.008450128258080935,0.19817922215056927,0.19817922215056927,0.0052137709057139625,-0.0052137709057139625,0.01960836853671153,-0.01646449356487348,0.02655042036500173,-0.02578890904779349
2025-11-16,evening_peak,11,0.10511126598000772,-0.10511126598000772,0.5325293699003824,0.5325293699003824,0.030773446375229583,0.006886869213557531,0.5314887897126397,0.5314887897126397,0.010046873813847943,0.0010405801877426315,0.04141540705184592,0.003447050624026945,0.06622198666247628,0.06615965967427147
2025-11-17,evening_peak,11,0.09401294201141641,-0.09401294201141641,0.4635292738895343,0.4635292738895343,0.014160761848949315,-0.011063873186081409,0.4657886052967021,0.4657886052967021,0.0040543661996708625,-0.00225933140716785,0.017149432977444787,0.0019335830412479868,0.1002199999823182,0.1002199999823182
2025-11-18,evening_peak,11,0.048998567780608515,-0.048998567780608515,0.08340898238878983,0.07239262147782383,0.015277607127744295,-0.0038350383171273945,0.0789067560164913,0.07581056864181698,0.011153243600251312,-0.0034179471639931747,0.04267211549474882,-0.01481002322467202,0.044448522319609746,0.025375236674602952
2025-11-19,evening_peak,11,0.01868713883341458,-0.0017519055685975282,0.06692366933066941,0.06638718386257746,0.017454142697557136,-0.006258427331081852,0.06092046707154003,0.05870351976957189,0.007683664093005398,0.007683664093005398,0.04754137857536451,0.04726463272197133,0.07536253314714086,0.07536253314714086
2025-11-20,evening_peak,11,0.015636535191323048,0.01230278644107205,0.06505407883708593,-0.01970562844305919,0.02296723217039525,-0.005382430716270972,0.06045411042280659,-0.008603491219915368,0.011102137223143856,-0.011102137223143856,0.04985922371618459,0.04539631331323883,0.12101902438019947,0.12101902438019947
2025-11-21,evening_peak,11,0.02227159811287191,0.016910249872920585,0.04554086634214133,0.04554086634214133,0.04273720380521588,0.033184080710163245,0.04875837657430575,0.04875837657430575,0.00462411902644595,-0.0032175102321644004,0.03709393771144367,-0.03709393771144367,0.031607234206889136,0.03140526320713687
2025-11-22,evening_peak,11,0.030159337070210263,0.02777583382226581,0.5640932995613177,0.5640932995613177,0.020215815603891782,-0.006276660824115049,0.5681876391880227,0.5681876391880227,0.007277223754311344,-0.004094339626705169,0.01640979308577392,0.0016196250830827442,0.09851363431579149,0.09851363431579149
2025-11-23,evening_peak,11,0.09720511820758745,0.09720511820758745,0.3363348809986806,0.3363348809986806,0.017173452098075033,0.00021095625473256663,0.34012170575249895,0.34012170575249895,0.006204691123248481,-0.003786824753818482,0.025489458989133004,0.01950422723996429,0.08554488707388691,0.08554488707388691
2025-11-24,evening_peak,11,0.030015134685404565,0.030015134685404565,0.2131699585766256,0.2131699585766256,0.01108456118779215,0.00945757257867677,0.2162457209326618,0.2162457209326618,0.006935564912499531,-0.0030757623560361937,0.03088280350291664,-0.030594223411256737,0.036203740010712686,-0.03613755593744317
2025-11-25,evening_peak,11,0.032129080283939876,-0.03007518248698013,0.45560204364079454,0.45560204364079454,0.015166409118549105,-0.008202091390112602,0.4604886197736893,0.4604886197736893,0.005445415162157257,-0.0048865761328948445,0.03036139573098676,0.028942514393317485,0.0744997295164718,0.0744997295164718
2025-11-26,evening_peak,11,0.07525874249449052,-0.07525874249449052,0.5231026101717111,0.5231026101717111,0.023589362459128654,-0.013597495937964886,0.5213556136204687,0.5213556136204687,0.0031862152465257,0.001746996551242475,0.047491850096692656,0.04587231267463411,0.1257586806365384,0.1257586806365384
2025-11-27,evening_peak,11,0.0742791305490775,-0.0742791305490775,0.3124747336358041,0.3124747336358041,0.01880250074125908,-0.012626606264459647,0.3178242476374889,0.3178242476374889,0.006380933612398594,-0.005349514001684619,0.025530440517945542,-0.0011889903017099574,0.04143859339274627,0.039448162177305866
2025-11-28,evening_peak,11,0.02599280859007802,0.023467294482932888,0.625388386019768,0.625388386019768,0.015194066171683578,-0.0027312983614500175,0.6270261569348597,0.6270261569348597,0.0023266989042640502,-0.0016377709150917628,0.04136714965802488,-0.00026517459819906143,0.078645438503357,0.078645438503357
2025-11-29,evening_peak,11,0.03955703716935971,0.03955703716935971,0.4963809439959386,0.4963809439959386,0.022782267409337427,-0.018196894555586998,0.4976380469134505,0.4976380469134505,0.006044446771014487,-0.0012571029175118124,0.029250862045934058,-0.012268554811122807,0.08583337950452266,0.08583337950452266
2025-11-30,evening_peak,11,0.0325007630265397,0.0325007630265397,0.07166507880749227,0.07166507880749227,0.006161123594222041,0.0018694151715350528,0.07987278050315362,0.07987278050315362,0.008249866648300557,-0.008207701695661308,0.02683505571057274,-0.017707351565953128,0.020139243699254815,-0.004943994103744527
2025-12-01,evening_peak,12,0.01116363143161861,0.0019574706703417155,0.29011920009226283,0.29011920009226283,0.012423276518832318,0.0012184444058404992,0.303967406559434,0.303967406559434,0.01908472540866457,-0.013848206467171331,0.02410971829876815,-0.024105335247558254,0.03122910837901094,-0.029892453082039416
2025-12-02,evening_peak,12,0.045421121383086877,-0.045421121383086877,0.524646101655278,0.524646101655278,0.01788355022459116,-0.008650652850933908,0.5309023374607549,0.5309023374607549,0.007376631355751912,-0.006256235805476925,0.0348299602699933,-0.033254779326178964,0.02121221463543864,0.00873366784084946
2025-12-03,evening_peak,12,0.026878623239599025,-0.026878623239599025,0.381737637397198,0.381737637397198,0.01751340154991498,-0.009014752914940425,0.3773916668005324,0.3773916668005324,0.004345970596665581,0.004345970596665581,0.07968378333498258,0.07968378333498258,0.21137742212331218,0.21137742212331218
2025-12-04,evening_peak,12,0.017562009587832744,-0.012358451191437775,0.026710138751090552,-0.000970845842993194,0.007179657034378929,0.0024485915584114178,0.02461214745895915,-0.0035323009700595764,0.005557182968009699,0.002561455127066312,0.035725812106785035,0.035725812106785035,0.05059667208225051,0.05059667208225051
2025-12-05,evening_peak,12,0.023056164279444125,0.007234226021942236,0.5614967361940599,0.5614967361940599,0.01587291314307311,-0.008754837978193266,0.5654583131996171,0.5654583131996171,0.007350464540028793,-0.003961577005557256,0.06577649333750189,-0.027485018374489016,0.06493573645441861,0.06435191403325974
2025-12-06,evening_peak,12,0.0936307399459129,0.0921650476213218,0.3945050710970318,0.3945050710970318,0.016864052513168092,-0.01152847661433096,0.39661572940715983,0.39661572940715983,0.005618063549315275,-0.002110658310128,0.07173757447450407,-0.06825927269535055,0.03723213531609187,0.035158075483566524
2025-12-07,evening_peak,12,0.022904072402460562,0.0030856680517705737,0.13202368254443514,0.13202368254443514,0.009917179328547038,-0.0059819006302491776,0.13354617921270645,0.13354617921270645,0.004551798681482562,-0.0015224966682713499,0.05836904913174439,-0.050489287327607935,0.11376292693271985,-0.11376292693271985
2025-12-08,evening_peak,12,0.049940923790737224,0.049940923790737224,0.16577655181010725,0.16577655181010725,0.007113560622133627,-0.0037559680733007667,0.16857697088913748,0.16857697088913748,0.004844060536158787,-0.0028004190790301875,0.020839216977476045,0.01356063447728963,0.0484994259088248,0.046430976381848156
2025-12-09,evening_peak,12,0.05104282286490647,0.05104282286490647,0.10103099594768622,0.09495626229281137,0.0050404212303623765,-0.0006582466307029685,0.09821760303707475,0.09671071003111067,0.011317125884989506,-0.0017544477382993445,0.05285455708251907,0.05017923028501947,0.12745759511600824,0.12745759511600824
2025-12-10,evening_peak,12,0.08278838616798001,0.08278838616798001,0.05934348907672966,0.05348843394849504,0.2112982642184614,0.2112982642184614,0.05597480740833578,0.051647508609824366,0.004854799011622988,0.0018409253386706,0.01995458575178164,0.008435313544991468,0.025481963971564055,-0.0014365450340452016
2025-12-11,evening_peak,12,0.08065778497484705,0.08065778497484705,0.26891912650867555,0.26891912650867555,0.0077662846083121195,0.0011389358568928785,0.26378771313519567,0.26378771313519567,0.005787906783698913,0.005131413373479875,0.016892454685008253,-0.012506160017211556,0.04963511830782235,0.04963511830782235
2025-12-12,evening_peak,12,0.018265489307022043,-0.013896463860992414,0.31210173597784163,0.31210173597784163,0.006430374430046295,-0.00162435877838942,0.308623346537664,0.308623346537664,0.003964557480379969,0.003478389440177706,0.06917896833072412,0.06917896833072412,0.1752355707956833,0.1752355707956833
2025-12-13,evening_peak,12,0.07719342129854068,-0.06975801322606401,0.15276743666655954,0.15276743666655954,0.011647607946216082,-0.008871470970888772,0.1604556153023112,0.1604556153023112,0.0097669721635837,-0.007688178635751676,0.050703443209723684,0.050703443209723684,0.11441551942736207,0.11441551942736207
2025-12-14,evening_peak,12,0.01951290568135991,-0.018021791659751346,0.1119846353958385,0.1119846353958385,0.007869943769426298,-0.003185163314235344,0.11624772249412504,0.11624772249412504,0.004298589813086563,-0.004263087098286362,0.038186807700120465,-0.038186807700120465,0.05719645144155946,-0.05688507948360807
2025-12-15,evening_peak,12,0.12382163498483453,0.12382163498483453,0.13560020850120252,0.13560020850120252,0.05606834172115506,0.049713969399088453,0.1332376562380415,0.1332376562380415,0.004213953094223319,0.0023625522631609813,0.06041847621647006,-0.060398752486025505,0.14417016937936217,-0.14417016937936217
2025-12-16,evening_peak,12,0.012870391572754325,0.011343336531224824,0.3051744550321288,-0.3051744550321288,0.10672379052013035,0.10672379052013035,0.2988545773230841,-0.2988545773230841,0.008342918825486743,-0.006319877709044668,0.014394729122533862,-0.004109110509282527,0.02183855265333355,-0.008409409712340929
2025-12-17,evening_peak,12,0.011858345048388202,0.006252422550924258,0.3692495355509711,0.3692495355509711,0.022038814263113972,0.016446040919279828,0.36708579849069123,0.36708579849069123,0.0035826183979491624,0.002163737060279887,0.04982608784903774,0.03944781153320908,0.11017737189046002,0.11017737189046002
2025-12-18,evening_peak,12,0.01755149026492911,0.005294725861560795,0.502523176639446,0.502523176639446,0.01506090907592676,0.009313238702334697,0.5040241525262767,0.5040241525262767,0.0029437886841060506,-0.0015009758868307125,0.05620649549529114,0.05620649549529114,0.06546595415928039,0.06546595415928039
2025-12-19,evening_peak,12,0.033261222411457625,0.0042480532326363285,0.1477307848602376,-0.1477307848602376,0.008556767894017834,-0.0018279076765772787,0.14360979628217624,-0.14360979628217624,0.0042131203144934876,-0.004120988578061363,0.027143491024213484,0.02445256056440663,0.0685147607503757,-0.06621409717029847
2025-12-20,evening_peak,12,0.0429521486365495,-0.03792128245782461,0.19834525213040038,0.19834525213040038,0.009259064189380346,0.002239870659795872,0.20189078991511378,0.20189078991511378,0.006319921539556781,-0.003545537784713431,0.040764786930248154,-0.03988098848428364,0.03191010304549331,-0.011009786334151242
2025-12-21,evening_peak,12,0.05762967222314633,-0.05762967222314633,0.5069749540923186,0.5069749540923186,0.018313089243161478,0.002951897328844361,0.5172833207413493,0.5172833207413493,0.010325548209773557,-0.010308366649030743,0.06452798120036149,-0.05725912907386107,0.05625764570291072,0.05370022298295745
2025-12-22,evening_peak,12,0.018160296077984334,-0.016868172581305324,0.4794789780898049,0.4794789780898049,0.012526146730728709,-0.0032783469829578207,0.4788373870536995,0.4788373870536995,0.003108196934989463,0.0006415910361053624,0.04920145922111471,0.04920145922111471,0.12109283496257418,0.12109283496257418
2025-12-23,evening_peak,12,0.03341857394989309,0.031940609081914345,0.04401332916497862,0.00897618206429325,0.008683438073983982,-0.004987473971746743,0.0408048918488188,0.007257894498475637,0.0069938156630791,0.0017182875658176375,0.056132816404452716,0.032783776643162926,0.05280239877312128,-0.014973774017873955
2025-12-24,evening_peak,12,0.017580418402914272,0.012281309490143805,0.21952213937308718,0.21952213937308718,0.01796042894281283,-0.003445341234055049,0.2254716054243831,0.2254716054243831,0.0062575068903277815,-0.0059494660512959055,0.039491642045308105,-0.039491642045308105,0.08321262169458635,-0.08321262169458635
2025-12-25,evening_peak,12,0.0327497203352623,-0.026159364536054552,0.04306869396822071,0.014416337564998709,0.011880216473925549,-0.006789916120794477,0.03654719590352055,0.01660957255992123,0.008381927981254882,-0.0021932349949225307,0.05892709921178905,0.0060417292792643296,0.06326312028220818,0.002317494496723256
2025-12-26,evening_peak,12,0.1336835002071126,0.1336835002071126,0.02933194849331721,-0.028609621653925464,0.013250226790604424,0.0003245211115811258,0.020128286071230024,-0.01866873001833288,0.0099408916355926,-0.0099408916355926,0.03169165177319184,-0.007725478401547965,0.10638107974602812,-0.08706278153838787
2025-12-27,evening_peak,12,0.05766692815843025,-0.054826710974414244,0.5271717472539594,0.5271717472539594,0.01752256212694367,0.0005873288621267934,0.5270154476478143,0.5270154476478143,0.0022968064950125086,0.0001562996061450965,0.020473933489642864,0.008284843396955574,0.12052080294916996,0.12052080294916996
2025-12-28,evening_peak,12,0.062272638369794686,-0.062272638369794686,0.07670146763074152,-0.07670146763074152,0.011630601707521672,0.00079464718435515,0.07102383841548371,-0.07102383841548371,0.006224809328301925,-0.00567762921525785,0.037023940383621515,0.03050546662425621,0.21419563639025455,0.21419563639025455
2025-12-29,evening_peak,12,0.037711772609991284,0.037711772609991284,0.05663217742879677,0.05663217742879677,0.007575095914536223,0.0025911283837574076,0.06570824923016373,0.06570824923016373,0.009076071801366969,-0.009076071801366969,0.022483036503237457,0.018478768578895768,0.17729906747479277,-0.17521422533629108
2025-12-30,evening_peak,12,0.027127580548321373,0.012072676252552261,0.07456679019998327,-0.05551848794687293,0.1226397890565968,0.1226397890565968,0.06843345515043205,-0.046077790115354324,0.009440697831518675,-0.009440697831518675,0.045470386878686174,-0.03466800652778747,0.1287761045809708,-0.1287761045809708
2025-12-31,evening_peak,12,0.06416523988223002,0.06416523988223002,0.0627987360065191,0.052534594344196286,0.09493373340959246,0.09493373340959246,0.06629329890566135,0.06607923068456975,0.014603844495758248,-0.013544636340373523,0.048274838364829445,-0.03661548384137083,0.06197310065010998,-0.06109999684909764
2025-01-01,late_night,1,0.06004341852443873,0.06004341852443873,0.0490753588378058,-0.0490753588378058,0.13471658537728645,0.13471658537728645,0.049805750491423786,-0.049805750491423786,0.0022457001179049876,0.0007303916536178624,0.0379909729720621,0.0379909729720621,0.016395767321902253,0.016395767321902253
2025-01-02,late_night,1,0.005567351646816321,-0.0029690788895869735,0.026146741348569785,-0.026146741348569785,0.009411462879948599,-5.452515705117993e-05,0.019315230071793324,-0.019315230071793324,0.006831511276776404,-0.006831511276776404,0.03238434918640464,-0.02590970593913834,0.048253273752876795,-0.0463017640321803
2025-01-03,late_night,1,0.010333481532463329,-0.007358266371182365,0.12478196150492407,-0.12478196150492407,0.06792116412501875,0.06368292892709253,0.12490118049783344,-0.12490118049783344,0.0036182964347977126,0.00011921899290926233,0.016114726078323365,-0.016064233328385316,0.01771050736282427,-0.01771050736282427
2025-01-04,late_night,1,0.012868638352270312,-0.012868638352270312,0.1710800437740879,-0.1710800437740879,0.07283824629433448,0.06727843349559881,0.17447348968181772,-0.17447348968181772,0.0033934459077297908,0.0033934459077297908,0.017174898504974313,0.017174898504974313,0.01883537362533333,0.01883537362533333
2025-01-05,late_night,1,0.04680572726029475,-0.04680572726029475,0.10865820634110816,-0.10865820634110816,0.0114291566739146,-0.007404463730934778,0.1086348008476474,-0.1086348008476474,0.0038415690634300875,-2.340549346093769e-05,0.023959598794829024,0.023959598794829024,0.019406572859007723,0.019406572859007723
2025-01-06,late_night,1,0.012651239012259452,-0.012651239012259452,0.03859276590318153,-0.038168135901966244,0.0121352662238297,-0.009777359994951152,0.03643104504645822,-0.03643104504645822,0.0029482155658280378,-0.0017370908555081126,0.011884029728478164,-0.003807468925017113,0.024435422834175907,-0.024435422834175907
2025-01-07,late_night,1,0.007988549135166112,0.007427518580298664,0.05278666361927763,-0.045505714271437916,0.013193247124875709,-0.009816369150719293,0.05296742065117406,-0.047069586943130806,0.0015638726716927843,0.0015638726716927843,0.0098967543099089,-0.0045592498685394,0.0349423855335273,-0.0349423855335273
2025-01-08,late_night,1,0.008437373579060159,-0.0073714155248121305,0.03035964251050282,0.03035964251050282,0.1333760729952502,0.1333760729952502,0.029218295975444522,0.029218295975444522,0.0011413465350582125,0.0011413465350582125,0.07002345080733574,0.07002345080733574,0.06293202459381225,0.06293202459381225
2025-01-09,late_night,1,0.11147238820093741,0.11147238820093741,0.08183507252982646,-0.08183507252982646,0.133304716921553,0.133304716921553,0.08240592111940398,-0.08240592111940398,0.0005708485895774601,0.0005708485895774601,0.01620115984818264,0.013325702932438914,0.029451035994690233,-0.02888597303270976
2025-01-10,late_night,1,0.007598457577485007,0.007598457577485007,0.1440803606600713,-0.1440803606600713,0.013473850063333587,0.006147492304959288,0.14567771984300773,-0.14567771984300773,0.0015973591829364624,0.0015973591829364624,0.021913415167998676,-0.021913415167998676,0.05696485101562833,-0.05696485101562833
2025-01-11,late_night,1,0.1263642429916983,-0.1263642429916983,0.046237157857346264,-0.041849022308041425,0.011973882278281122,-0.00966594283319545,0.04696176388336719,-0.04437401044904142,0.002524988141000008,0.002524988141000008,0.043970068449536936,-0.043970068449536936,0.011015308978675725,0.0033770532962048017
2025-01-12,late_night,1,0.05391941937396455,-0.05391941937396455,0.0331354288417334,-0.0331354288417334,0.006086918537238421,-0.0008875678700050009,0.040944711182414634,-0.040944711182414634,0.007809282340681207,0.007809282340681207,0.03544669940573854,-0.033810418728058164,0.014864504551211133,0.014483880384143277
2025-01-13,late_night,1,0.02717053445017842,0.02717053445017842,0.31074483098428035,-0.31074483098428035,0.005834630109596513,0.0008998404133927634,0.3134863418550494,-0.3134863418550494,0.003743301055304137,0.002741510870769087,0.009378151690753338,-0.004465277250599111,0.020115399900672917,-0.020115399900672917
2025-01-14,late_night,1,0.03479353711443883,-0.03479353711443883,0.046914777574397104,-0.046914777574397104,0.009472913257911428,-0.0015153961253112774,0.0453829888375607,-0.0453829888375607,0.004562580987458862,-0.0015317887368363871,0.021054775435978966,0.010002473505091689,0.030627359278403557,-0.030627359278403557
2025-01-15,late_night,1,0.035345801566886714,-0.035345801566886714,0.01612813821502565,0.014627381480755403,0.008471473717473175,-0.0007439791123686514,0.014578028324131964,0.009924981159700641,0.004702400321054713,0.004702400321054713,0.013312729100857625,-0.010463395170324926,0.04292874314308856,-0.04292874314308856
2025-01-16,late_night,1,0.010287021189638479,2.5421697017524725e-05,0.07455613938554323,-0.07455613938554323,0.0039242334092488874,-0.0023354650066838394,0.07572422253298201,-0.07572422253298201,0.002911310274640612,0.0011680831474386623,0.017777480385311524,0.00380133265332325,0.017113886432132464,-0.004065367658207725
2025-01-17,late_night,1,0.0602783500692895,0.0602783500692895,0.06029684654539533,-0.06029684654539533,0.007226161207715957,-0.0015064547008430892,0.06721058386286949,-0.06721058386286949,0.0069137373174742,0.0069137373174742,0.03838299307227565,0.03838299307227565,0.040776314354930204,0.040776314354930204
2025-01-18,late_night,1,0.09120165296538557,0.09120165296538557,0.13136346354068767,-0.13136346354068767,0.012303838373362498,-0.008883831175300679,0.12965766767081827,-0.12965766767081827,0.00292621264875435,-0.0017057958698694,0.015478394703669874,0.0042420046219667235,0.019070129848135706,-0.009587836860635066
2025-01-19,late_night,1,0.04277594997791129,0.04277594997791129,0.22074983201698048,-0.22074983201698048,0.010243716643684689,-0.00732705904656792,0.21002880109653752,-0.21002880109653752,0.010991202197021249,-0.010721030920442923,0.024601452814006976,-0.024601452814006976,0.06376945035797595,-0.06376945035797595
2025-01-20,late_night,1,0.08604017186060559,0.08604017186060559,0.05300327401007105,0.05300327401007105,0.0119058573235035,-0.0064307250741430745,0.05419029193873654,0.05419029193873654,0.0011870179286654998,-0.0011870179286654998,0.01581851947755824,-0.004070189014538612,0.052064336779886006,-0.052064336779886006
2025-01-21,late_night,1,0.06966772237114044,0.06966772237114044,0.05947782959631315,0.05947782959631315,0.14410061035666105,0.14410061035666105,0.05898140521627972,0.05898140521627972,0.0025648739070099997,0.0004964243800333501,0.02201992331239927,0.02083544755343552,0.019422965470532724,0.007444612480017501
2025-01-22,late_night,1,0.01889533376588498,0.01889533376588498,0.01861324059001552,0.01861324059001552,0.1435030251547031,0.1435030251547031,0.018292313580426586,0.018292313580426586,0.0003931596935280664,0.00032092700958889135,0.012238793893407585,0.0008099002025656141,0.018152406585806524,0.015094614739730922
2025-01-23,late_night,1,0.06377777815527458,-0.06377777815527458,0.01742411879676931,0.01742411879676931,0.12500497115048378,0.12500497115048378,0.03228388965267373,0.03228388965267373,0.014859770855904376,-0.014859770855904376,0.018028103253493726,-0.015812383205864373,0.019888094864927444,-0.018442389253853567
2025-01-24,late_night,1,0.08749709808277706,-0.08749709808277706,0.1519097173752939,-0.1519097173752939,0.007981185609133596,0.002416814437139623,0.15651192114569035,-0.15651192114569035,0.004602203770396313,0.004602203770396313,0.017593918200640893,0.007640710191148437,0.017664923630241303,-0.010794227875648321
2025-01-25,late_night,1,0.10633720540341701,-0.10633720540341701,0.14861857188280303,0.14861857188280303,0.01244602455461171,0.005786767190384408,0.13875425215184764,0.13875425215184764,0.009864319730955563,0.009864319730955563,0.04017066433874604,-0.031036034973214787,0.04358243140053321,0.03924671714369875
2025-01-26,late_night,1,0.04039507656069319,0.04039507656069319,0.13571074905271624,0.13571074905271624,0.005627750092489163,-0.0007446804005622407,0.13494275081971735,0.13494275081971735,0.0019193381248157875,0.0007679982329989123,0.07936373293563563,-0.07936373293563563,0.025731315754895345,-0.010474966425519039
2025-01-27,late_night,1,0.021277960403587204,0.021277960403587204,0.07502205772915577,0.07502205772915577,0.01229796508474126,-0.008554138063291885,0.06253912788335667,0.06253912788335667,0.012482929845799025,0.012482929845799025,0.032641108326280664,0.015008268630895863,0.09014498697970265,0.09014498697970265
2025-01-28,late_night,1,0.052786838941326075,-0.052786838941326075,0.1090736319347826,-0.1090736319347826,0.007937881063179763,-0.005217934804363384,0.11759112768995983,-0.11759112768995983,0.008517495755177124,0.008517495755177124,0.028862216895152074,0.021561631477891967,0.06287451896193831,0.06287451896193831
2025-01-29,late_night,1,0.0711246485933113,0.0711246485933113,0.14651567157331669,0.14651567157331669,0.01295244229140372,-0.008466477039093869,0.1426183500984966,0.1426183500984966,0.0105606112461605,0.0038973214748200752,0.016240344325999148,0.0036169815194348007,0.07811061859472483,0.07811061859472483
2025-01-30,late_night,1,0.03501794933638619,0.03501794933638619,0.19045304246082773,0.19045304246082773,0.006290818079523034,-0.006067282467818055,0.18445010318477104,0.18445010318477104,0.0060029392760566225,0.0060029392760566225,0.04218660491222806,0.04218660491222806,0.12510472939602113,0.12510472939602113
2025-01-31,late_night,1,0.02231411370960773,0.022002040463462824,0.12261997766512799,-0.12261997766512799,0.00917223594491218,-0.00917223594491218,0.14074959238464302,-0.14074959238464302,0.018129614719515047,0.018129614719515047,0.019131667887122665,0.011697487068984741,0.07764058018297498,0.07764058018297498
2025-02-01,late_night,2,0.037040289164634366,-0.037040289164634366,0.032922500213956304,-0.032922500213956304,0.00694827576100825,1.8496476105776122e-05,0.038880644706647816,-0.038880644706647816,0.006004078869371281,0.005958144492691507,0.023592562086511885,0.023592562086511885,0.05858412545461428,0.05858412545461428
2025-02-02,late_night,2,0.0276710788983493,-0.0276710788983493,0.10202814009793879,-0.10202814009793879,0.012473900760306677,0.0004625872246929747,0.11063785525057226,-0.11063785525057226,0.008609715152633413,0.008609715152633413,0.04106796258243703,-0.04106796258243703,0.038243699704825024,-0.038243699704825024
2025-02-03,late_night,2,0.08501278465700501,-0.08501278465700501,0.16669523934370256,0.16669523934370256,0.00494136427301861,-0.002322403514078362,0.15912991763336443,0.15912991763336443,0.0075653217103381085,0.0075653217103381085,0.036993215194640126,-0.036993215194640126,0.017526945178153577,-0.009644465882266959
2025-02-04,late_night,2,0.06197020783631141,-0.06197020783631141,0.16270710104781339,0.16270710104781339,0.004193878719682024,-0.0006963791762291255,0.14660867991999071,0.14660867991999071,0.01609842112782254,0.01609842112782254,0.025678280835255536,-0.015772059134733257,0.04550466233914757,0.04550466233914757
2025-02-05,late_night,2,0.024012107748323852,-0.024012107748323852,0.31386433619139137,0.31386433619139137,0.0033015771543702995,0.00032197894187935457,0.29340144799079737,0.29340144799079737,0.020462888200593925,0.020462888200593925,0.03178334520450299,-0.03178334520450299,0.12450784548225674,0.12450784548225674
2025-02-06,late_night,2,0.09223166999971244,-0.09223166999971244,0.14363109791105633,0.14363109791105633,0.006118301183901302,-0.0033925692974878744,0.12496429643525594,0.12496429643525594,0.018666801475800437,0.018666801475800437,0.08209726665320273,0.08209726665320273,0.19291096991831624,0.19291096991831624
2025-02-07,late_night,2,0.11999128653250174,-0.11999128653250174,0.059103166378890744,0.059103166378890744,0.007825236647085301,0.004096487321798008,0.0651555464725952,0.0651555464725952,0.007905183501153887,-0.006052380093704413,0.05565195185621445,0.05565195185621445,0.05908914061501909,0.05908914061501909
2025-02-08,late_night,2,0.013514700100609955,-0.01256270137781934,0.2697950354624623,0.2697950354624623,0.005832876889112548,-0.0023588705001447233,0.25573482080826815,0.25573482080826815,0.015623035393596576,0.01406021465419415,0.025588165302379978,-0.025588165302379978,0.07589647644553103,0.07589647644553103
2025-02-09,late_night,2,0.04332120154842334,-0.04332120154842334,0.05869782180299912,-0.05869782180299912,0.008461568021738811,0.00042059759410214073,0.058500584498553526,-0.058500584498553526,0.0072327357845308506,-0.00019723730444557537,0.03525463410172065,-0.0300533548919549,0.07393856747006818,0.07393856747006818
2025-02-10,late_night,2,0.04321250187841752,-0.04321250187841752,0.18812537928529752,0.18812537928529752,0.01832466049835567,0.01341196138024979,0.15580607457884785,0.15580607457884785,0.03231930470644966,0.03231930470644966,0.050472500241474,-0.050472500241474,0.044861142760509856,0.044861142760509856
2025-02-11,late_night,2,0.06718077911464221,-0.06718077911464221,0.39455061099910266,0.39455061099910266,0.0057242648801311725,-0.0015600155866281225,0.3870006299679991,0.3870006299679991,0.009833375389413701,0.007549981031103499,0.02643383120281834,0.02643383120281834,0.18355692500921733,0.18355692500921733
2025-02-12,late_night,2,0.026097563513994615,-0.026097563513994615,0.3193225498630816,0.3193225498630816,0.009833287728389508,0.0007130347708267683,0.2907006118352562,0.2907006118352562,0.0286219380278253,0.0286219380278253,0.033474764666403936,0.011766563956052824,0.07471480583934165,0.07471480583934165
2025-02-13,late_night,2,0.009276289580635255,0.00044005834147403666,0.2047169813352582,0.2047169813352582,0.008471561378497347,-0.003711918408641275,0.17948156399425097,0.17948156399425097,0.025235417341007135,0.025235417341007135,0.027236455540375487,0.023657957210563612,0.09660174737803252,0.09660174737803252
2025-02-14,late_night,2,0.033228787832503937,0.03241178708697856,0.2805082645517516,0.2805082645517516,0.00968110819038175,0.0033484758023162274,0.24834894121446324,0.24834894121446324,0.03215932333728828,0.03215932333728828,0.015381704593979478,-0.006332632388065499,0.07308913214558922,0.07308913214558922
2025-02-15,late_night,2,0.035500961579717105,0.035500961579717105,0.10153364426043776,0.10153364426043776,0.006759278592837306,0.00416959661597918,0.10001290081265037,0.10001290081265037,0.003039032386897175,0.0015207434477873005,0.023690654772589463,-0.010876892221467012,0.02996709644414404,-0.014592404732100425
2025-02-16,late_night,2,0.10980332230020717,0.10980332230020717,0.09363687621760683,0.09363687621760683,0.006459477890080029,-0.002139717939649649,0.09049265060167198,0.09049265060167198,0.0042240341120061125,0.0031442256159347876,0.050463909461102574,0.039612000631531974,0.05652146155523468,0.033022346120517874
2025-02-17,late_night,2,0.05990929715741594,0.05990929715741594,0.17299052813545973,-0.17299052813545973,0.004258835538612751,-0.0016044597258965,0.16730351919061273,-0.16730351919061273,0.006822043886163062,-0.005687008944847062,0.06405110522872423,-0.06405110522872423,0.10799627794738889,-0.10799627794738889
2025-02-18,late_night,2,0.03890659236981042,0.03890659236981042,0.0933968603333527,-0.0933968603333527,0.04853045791139088,0.04853045791139088,0.08469711730886782,-0.08469711730886782,0.008699743024484837,-0.008699743024484837,0.036958501429057704,0.03164554207446368,0.033969874131074385,0.01278360715879831
2025-02-19,late_night,2,0.038660264891813956,-0.038660264891813956,0.08627782089720662,-0.08627782089720662,0.007267449550113289,0.005486352860457766,0.08124844495589323,-0.08124844495589323,0.005582517004002949,-0.005029375941313425,0.05159701585988628,0.04145183020740018,0.051752701838862,0.04222973413613349
2025-02-20,late_night,2,0.041988753980613136,-0.03690967423857955,0.07128953897982794,0.05432713079750967,0.08347766480124907,0.08347766480124907,0.0733887575262981,0.0733887575262981,0.019268156101799,-0.019061626728788476,0.02294465945666425,-0.022331207609326477,0.01292535503492654,-0.007854164785070637
2025-02-21,late_night,2,0.007924556587501685,-0.006688536146309487,0.059379824571259746,0.059379824571259746,0.0052839435555844735,-0.0009582226555086212,0.061535584478337665,0.061535584478337665,0.0021557599070779,-0.0021557599070779,0.039769439830991654,-0.0319016875871703,0.06344265005976575,-0.06344265005976575
2025-02-22,late_night,2,0.07561727608346042,-0.07561727608346042,0.08600458148478143,0.08600458148478143,0.004354824360109602,0.000880993293190177,0.09167528547912762,0.09167528547912762,0.0056707039943462,-0.0056707039943462,0.023476498890473686,-9.292068564988043e-06,0.027279584764280884,-0.016867558954135997
2025-02-23,late_night,2,0.07844346750360481,-0.07844346750360481,0.05415934759719465,-0.053547648970340866,0.009860550306915128,-0.0011593170450189191,0.0684369615914,-0.0684369615914,0.01632397294308406,0.014889312621059136,0.047030402465314244,0.047030402465314244,0.11768185685000475,0.11768185685000475
2025-02-24,late_night,2,0.06736486726545804,-0.06736486726545804,0.23162786383176215,0.23162786383176215,0.00832376489169949,-0.0015037372090929632,0.20390655516654738,0.20390655516654738,0.02772130866521475,0.02772130866521475,0.01984365072565905,0.009860287323842499,0.13950585777332142,0.13950585777332142
2025-02-25,late_night,2,0.038987240512072974,0.038987240512072974,0.3261232044593403,0.3261232044593403,0.008488304634119178,0.00473921795121795,0.3098378900279276,0.3098378900279276,0.016285314431412738,0.016285314431412738,0.04075965876033255,0.015019576903017372,0.12633610380293078,0.12633610380293078
2025-02-26,late_night,2,0.061864137997032,0.061864137997032,0.07130987633744186,0.07130987633744186,0.006817836157001558,-0.006726844013884008,0.06704060913694954,0.06704060913694954,0.015614532274249412,0.004269267200492311,0.046297643964042956,-0.046297643964042956,0.03176204357562287,0.02823403799574903
2025-02-27,late_night,2,0.018653389339098103,0.0055042357093940675,0.10035381453575662,-0.10035381453575662,0.0052897291831815775,-0.0032288185042859442,0.11396283789840342,-0.11396283789840342,0.013609023362646976,0.013609023362646976,0.056008556902652024,-0.051250667153279875,0.035490354595789156,0.035490354595789156
2025-02-28,late_night,2,0.01596131928597677,-0.01596131928597677,0.2984305609490383,0.2984305609490383,0.010814039267117076,-0.004004004941269096,0.26947963109739775,0.26947963109739775,0.02895092985164044,0.02895092985164044,0.06313311898332251,0.06313311898332251,0.18001428003830247,0.18001428003830247
2025-03-01,late_night,3,0.004444413926839863,-0.0027455432778820676,0.10157519558590762,0.10157519558590762,0.006494892943856039,0.0011459925693408386,0.08863520115994,0.08863520115994,0.012939994425967487,0.012939994425967487,0.03014303211970946,0.03014303211970946,0.10312819829059984,0.10312819829059984
2025-03-02,late_night,3,0.014791044612933235,0.014791044612933235,0.11258112483499415,0.11258112483499415,0.0658088840859431,0.0658088840859431,0.10661587979934255,0.10661587979934255,0.0059652450356515625,0.0059652450356515625,0.015747952353078812,-0.0018824328336284378,0.058739197806420576,0.058739197806420576
2025-03-03,late_night,3,0.022949656135043406,0.022949656135043406,0.28117860840379394,0.28117860840379394,0.0060485230086396915,0.00010457960186829006,0.2718999519755053,0.2718999519755053,0.009278656428288488,0.009278656428288488,0.049098238365121526,0.049098238365121526,0.15251247457767958,0.15251247457767958
2025-03-04,late_night,3,0.09642712661783004,0.09642712661783004,0.05974098799095563,-0.05974098799095563,0.005504411031442509,-0.0038605915056810873,0.03155709210104786,-0.03155709210104786,0.028183895889907773,-0.028183895889907773,0.03369093675207621,-0.015233382141036386,0.027359531618349496,0.0160824668214185
2025-03-05,late_night,3,0.13857980671369352,0.13857980671369352,0.06182241134951359,0.06182241134951359,0.005143598255843476,0.004951620612849801,0.0697544191240721,0.0697544191240721,0.007932007774558488,-0.007932007774558488,0.06704420323894167,-0.06704420323894167,0.037018987535754354,-0.037018987535754354
2025-03-06,late_night,3,0.010319455768591779,-0.008227863731226914,0.02722418299698777,-0.01678620952368025,0.009390424234141078,0.002695751816137777,0.02645434388248065,-0.021043905468978455,0.005994786800806275,0.0042576959452981745,0.03706211675965976,-0.030329925423299688,0.0429572329759529,0.04272387932953774
2025-03-07,late_night,3,0.043230034083256985,0.043230034083256985,0.076512207479498,0.0742905264822232,0.007425327054693913,0.0003859714895439372,0.07782361640150051,0.07782361640150051,0.0070686343472320745,-0.0035330899192773245,0.026420506727140233,0.008303252212037161,0.03171672282611245,0.011970375837313217
2025-03-08,late_night,3,0.0362627358799979,0.0362627358799979,0.09679626719072792,0.09679626719072792,0.005135884085714025,-0.0026108959447140225,0.08735859366454407,0.08548790740815815,0.011308359782569737,0.011308359782569737,0.041240830122155535,-0.041240830122155535,0.04265410115427609,0.04265410115427609
2025-03-09,late_night,3,0.019385358891151727,-0.019385358891151727,0.15379837414164038,0.15379837414164038,0.008223656002065335,0.0029489168540216635,0.14040227940677052,0.14040227940677052,0.013396094734869874,0.013396094734869874,0.03253609041929141,-0.01663332869747889,0.07724189784492236,0.07724189784492236
2025-03-10,late_night,3,0.006663991059534191,0.004349740020706094,0.28045338875060366,0.28045338875060366,0.007947348453793145,-0.004481582201099919,0.2710890875016735,0.2710890875016735,0.009364301248930075,0.009364301248930075,0.07234138360918008,0.07234138360918008,0.20863998749016832,0.20863998749016832
2025-03-11,late_night,3,0.0320979606203497,-0.0320979606203497,0.2140037902387971,0.2140037902387971,0.011471672270650646,-0.001786882317252575,0.2249548436867357,0.2249548436867357,0.010951053447938564,-0.010951053447938564,0.026378429435525173,-0.026378429435525173,0.03392893643277389,0.03392893643277389
2025-03-12,late_night,3,0.09959957908355671,-0.09959957908355671,0.36623645082723666,0.36623645082723666,0.009712403176020427,-0.0002551812414404494,0.36474428487333777,0.36474428487333777,0.0017376168216533,0.001492165953898825,0.03368979715876166,-0.03138922123970863,0.03422654560992615,0.026403149844349036
2025-03-13,late_night,3,0.028410937942580983,0.027481731086081873,0.5038956414648024,-0.5038956414648024,0.012332152884178469,-0.01147833450848967,0.4967655567396073,-0.4967655567396073,0.007130084725194963,-0.007130084725194963,0.11101856707866423,0.11101856707866423,0.5582507361290312,0.5582507361290312
2025-03-14,late_night,3,0.031883191111064524,-0.031883191111064524,0.26542513340619056,-0.26542513340619056,0.006779440628402824,0.00046276254674140413,0.2724311777821453,-0.2724311777821453,0.007006044375954675,0.007006044375954675,0.018430467354562663,-0.018274956697635365,0.017770993469520893,-0.012457157504684888
2025-03-15,late_night,3,0.033011388492493354,-0.033011388492493354,0.032973518930039566,-0.01686527976750686,0.008015548730619229,-0.0032604641340213993,0.026262103256414412,-0.009311441651338667,0.007553838116168238,-0.007553838116168238,0.041391870066848774,0.003509509103768023,0.050869692342115205,0.03585248228675118
2025-03-16,late_night,3,0.017113185143938836,0.0156878168904791,0.2908737423580473,0.2908737423580473,0.007026294072544468,-0.003516697307752238,0.2947610704761089,0.2947610704761089,0.0038873281180615126,-0.0038873281180615126,0.01370755435384553,-0.01370755435384553,0.10973713822693756,0.10973713822693756
2025-03-17,late_night,3,0.03096362696722732,-0.03096362696722732,0.2199228379146964,0.2199228379146964,0.005403688514639016,0.003480756287831094,0.22959737152826332,0.22959737152826332,0.009674533613566887,-0.009674533613566887,0.03550306544429789,-0.015582623661441312,0.02464931573321913,0.00824478230889708
2025-03-18,late_night,3,0.049055109141216025,-0.049055109141216025,0.2064507410718467,0.2064507410718467,0.004930318983969652,-0.0025359457690246993,0.2169405222104553,0.2169405222104553,0.010489781138608552,-0.010489781138608552,0.06448458899338344,0.06448458899338344,0.10531218504746952,0.10531218504746952
2025-03-19,late_night,3,0.0333672922507372,-0.0333672922507372,0.05291736620635684,-0.05291736620635684,0.009354395553195675,-0.008673620039273772,0.05258521858567056,-0.05258521858567056,0.00079324460796795,-0.00033214762068634995,0.026233262779453263,0.023295566536528988,0.02104311651976068,0.021022077873953132
2025-03-20,late_night,3,0.017474348563634667,-0.017474348563634667,0.12990092701296782,0.12990092701296782,0.007436284682718678,0.0031093365283040818,0.14140950457480578,0.14140950457480578,0.011508577561837999,-0.011508577561837999,0.03356321463981972,-0.03356321463981972,0.057305852399758606,0.057305852399758606
2025-03-21,late_night,3,0.05459791570125727,0.05459791570125727,0.2745808890785537,0.2745808890785537,0.0089985794559759,0.004511562271375702,0.27376713179092327,0.27376713179092327,0.0012506598322332375,0.0008137572876302876,0.02334448138803149,-0.02334448138803149,0.010280008307702676,-0.006840189718172074
2025-03-22,late_night,3,0.11533297970661849,0.11533297970661849,0.22961507905515122,0.22961507905515122,0.011219909809153902,0.002201694283757676,0.23261466398115935,0.23261466398115935,0.003087070628157713,-0.0029995849260080875,0.012773438479991345,-0.000357656978727949,0.03513190866784344,0.03513190866784344
2025-03-23,late_night,3,0.045889669557425405,-0.045889669557425405,0.08900179956313622,0.08900179956313622,0.010745838990291011,0.00915093431603209,0.08729372450663757,0.08729372450663757,0.0017080750564985748,0.0017080750564985748,0.024372131574704945,0.010789757163414196,0.03853753945793678,0.030525321846237102
2025-03-24,late_night,3,0.04192563804319066,-0.04192563804319066,0.49757414202680994,0.49757414202680994,0.01111313868168071,-0.0052757910803340365,0.4942442503616238,0.4942442503616238,0.003329891665186275,0.003329891665186275,0.020300452322754976,0.018906817360054725,0.1379227873373292,0.1379227873373292
2025-03-25,late_night,3,0.020452193555641873,0.020452193555641873,0.5081130133389694,0.5081130133389694,0.011049847422209743,0.002298822698569092,0.504487441039163,0.504487441039163,0.005705067115831775,0.003625572299806175,0.04201601655913868,0.04201601655913868,0.11177262720881574,0.11177262720881574
2025-03-26,late_night,3,0.05482846419489812,-0.05482846419489812,0.17695184215794427,0.17695184215794427,0.014200296970862643,0.00031251155126598394,0.17416404626639875,0.17416404626639875,0.00554122866160565,0.0027877958915456,0.04607638753896714,-0.04607638753896714,0.045537535223221834,0.045537535223221834
2025-03-27,late_night,3,0.04334399341471451,-0.04334399341471451,0.22739471297323943,0.22739471297323943,0.011717824426598699,-0.0016878253599088427,0.22513805522730956,0.22513805522730956,0.002944972107932725,0.0022566577459298253,0.03139299066374914,0.03097344500193739,0.08503057984491709,0.08503057984491709
2025-03-28,late_night,3,0.056175814136822044,-0.056175814136822044,0.045326535137977256,0.045326535137977256,0.007347484065206062,-0.0018986501231050817,0.04609479635404884,0.04609479635404884,0.0007854427768143249,-0.000768261216071525,0.025168093674423037,0.008129245079004064,0.02591435197342086,0.017166132402554532
2025-03-29,late_night,3,0.03107057341674868,0.03107057341674868,0.1918152071158409,0.1918152071158409,0.006084551689585077,-0.002088962206639001,0.1948020811933403,0.1948020811933403,0.0029868740774993876,-0.0029868740774993876,0.08808092050393587,-0.08808092050393587,0.09274562658458552,-0.09274562658458552
2025-03-30,late_night,3,0.023397603968695502,0.023397603968695502,0.08687400352277742,0.08687400352277742,0.005152101375190638,-0.0034837367626538093,0.09559627543048113,0.09559627543048113,0.008722271907703688,-0.008722271907703688,0.04076719760841359,0.03453397282178867,0.041497939906128364,0.041497939906128364
2025-03-31,late_night,3,0.032019065698571436,0.032019065698571436,0.06552600196085598,0.06552600196085598,0.005040947196507578,2.7963866719146746e-05,0.07121844588920337,0.07121844588920337,0.0056924439283473,-0.0056924439283473,0.024249669123900294,-0.018495424173493393,0.048003878139033326,0.048003878139033326
2025-04-01,late_night,4,0.14075204689332044,0.14075204689332044,0.11306159490862354,0.11306159490862354,0.0077957825429547795,0.0012944903443322803,0.1202162247205939,0.1202162247205939,0.007154629811970388,-0.007154629811970388,0.0572622848707322,0.04080042113658465,0.03583188194606465,-0.0017426135000325749
2025-04-02,late_night,4,0.0324494813273839,0.0324494813273839,0.04121716164562203,-0.03240810532396235,0.007174791847535961,-0.0004031530502867399,0.03731554478061627,-0.028086592153047985,0.00432151317091435,-0.00432151317091435,0.05047442878400636,0.05047442878400636,0.08543285628496183,0.08543285628496183
2025-04-03,late_night,4,0.2072893940903492,0.2072893940903492,0.13131077926514462,0.13131077926514462,0.0049624029188261275,-0.0010769156822727534,0.12739338341578327,0.12739338341578327,0.003917395849361463,0.003917395849361463,0.06809113885093875,-0.06809113885093875,0.03552673392083132,-0.01782376540608814
2025-04-04,late_night,4,0.005250018739219764,0.005120280423406676,0.12158978530875282,0.12158978530875282,0.005921414523552548,-0.0030626132024064515,0.12996535786575336,0.12996535786575336,0.008375572557000513,-0.008375572557000513,0.011943814546981225,-0.006260224382077903,0.010505735445012584,0.008169744472183563
2025-04-05,late_night,4,0.06271182010102677,-0.06271182010102677,0.37574179866410135,0.37574179866410135,0.005470223232005307,0.005470223232005307,0.38153180931238106,0.38153180931238106,0.005790010648279725,-0.005790010648279725,0.03353928318021364,0.005940261643755114,0.06922091413080288,0.06838445263790531
2025-04-06,late_night,4,0.0155063585703889,-0.014712149691154919,0.2671977269764989,0.2671977269764989,0.007644742598261572,-0.0013934596406518542,0.2680139387728068,0.2680139387728068,0.0016677509853674877,-0.0008162117963078374,0.02282745666731148,0.020030544029249225,0.05588048414629872,0.05588048414629872
2025-04-07,late_night,4,0.04212199873739397,0.04212199873739397,0.0935131865124634,0.0935131865124634,0.0037289246473356692,-0.0015040878531897457,0.10328870562590643,0.10328870562590643,0.009775519113443036,-0.009775519113443036,0.037376469192433925,-0.028863181166418294,0.028512800052698753,-0.01263265487512931
2025-04-08,late_night,4,0.05376425936113399,-0.05376425936113399,0.020665122183418788,0.009598619166611422,0.008266872886994951,-0.0008972105826668061,0.024835244765543107,0.013046590231392402,0.006282051977103225,-0.0034479710647810006,0.04083978093644955,0.04083978093644955,0.04670404047222501,0.04670404047222501
2025-04-09,late_night,4,0.12351000004381057,0.12351000004381057,0.048614086528475826,0.017868384867404948,0.01071261546211995,0.00032005039934702474,0.05422088563618166,0.027144148481894947,0.009275763614490075,-0.009275763614490075,0.07099070254833686,0.07099070254833686,0.07622783511699961,0.07622783511699961
2025-04-10,late_night,4,0.06050363890147825,0.06050363890147825,0.05950097210670138,0.05827932807347766,0.013378036563885164,0.009662436392227587,0.06310366487919189,0.06310366487919189,0.00482433680571425,-0.00482433680571425,0.06923336199623903,-0.06923336199623903,0.015846746327350003,0.0013160549562850066
2025-04-11,late_night,4,0.0963026479634686,-0.0963026479634686,0.47619992981865333,0.47619992981865333,0.03526059505136612,0.02619311403037059,0.47802257783377883,0.47802257783377883,0.00197517819722995,-0.001822648015125375,0.05262422774143877,-0.049603078203477945,0.044453957303110025,0.044453957303110025
2025-04-12,late_night,4,0.02626411945997098,-0.024396939644552917,0.3871175697742794,0.3871175697742794,0.005250194061268251,0.0007687871822167451,0.3987279217852112,0.3987279217852112,0.011610352010931912,-0.011610352010931912,0.014763080746213988,0.0035156453754618885,0.07271613448762665,0.07271613448762665
2025-04-13,late_night,4,0.08887863582413791,-0.08887863582413791,0.25686792720705176,0.25686792720705176,0.009883254512182384,-0.00012079689134484109,0.27133804481039603,0.27133804481039603,0.014470117603344176,-0.014470117603344176,0.021068275233705504,-0.017336194789498677,0.04685674597637794,0.03929072297784618
2025-04-14,late_night,4,0.09634121881411606,-0.09634121881411606,0.10974371280375238,0.10974371280375238,0.006926448165982903,-0.0013773300121994042,0.12685865116817524,0.12685865116817524,0.017114938364422863,-0.017114938364422863,0.06083613716626159,0.06083613716626159,0.07111342798221411,0.07111342798221411
2025-04-15,late_night,4,0.01438254424017038,-0.008979118708603795,0.1508704082724021,-0.1508704082724021,0.007993721135593903,-0.0014291376775003965,0.1472529884478463,-0.1472529884478463,0.00670852285982665,-0.0036174198245557997,0.018145306042846462,0.01583087968197016,0.04972369977277444,0.04972369977277444
2025-04-16,late_night,4,0.033184080710163266,-0.033184080710163266,0.10344184943518038,-0.07074323547702584,0.0051954059211444924,0.0001946951347438202,0.10200149114658258,-0.0683466707364759,0.002512452614539675,-0.002396564740549875,0.05091527607469822,-0.0346480198142703,0.06558298162658478,0.03735876166554587
2025-04-17,late_night,4,0.03552463005625034,0.03552463005625034,0.060926077377088717,0.05880257672691566,0.009015059728525121,-0.0046698780810773,0.05678067520378827,0.05581465071712602,0.004145402173300491,0.002987926009789741,0.05120087569153543,0.05120087569153543,0.10698677359272443,0.10698677359272443
2025-04-18,late_night,4,0.11620082384617908,0.11620082384617908,0.19180495077600973,0.19180495077600973,0.010732339192564477,0.0048366093491019595,0.18920352222190906,0.18920352222190906,0.0027990165026429746,0.002601428554100625,0.058214897220692174,0.058214897220692174,0.11268421419945103,0.11268421419945103
2025-04-19,late_night,4,0.07908339298025058,0.07908339298025058,0.1006983223608547,-0.1006983223608547,0.008253899055413648,-0.003138177005265197,0.08909875265589917,-0.08909875265589917,0.011599569704955588,-0.011599569704955588,0.07761638574029639,-0.07761638574029639,0.06523181156364742,-0.06523181156364742
2025-04-20,late_night,4,0.04193440414561034,0.04082286235877941,0.24648351461952925,0.24648351461952925,0.01985592326904677,0.018397419148439995,0.26870383103324536,0.26870383103324536,0.022738568388774714,-0.022220316413715965,0.050932194652368444,-0.050932194652368444,0.0058784606216955165,0.0012936137340902737
2025-04-21,late_night,4,0.027117937835659633,0.027117937835659633,0.11148273220179286,0.11148273220179286,0.009126739873353409,-0.0025277932937743074,0.11643224895006186,0.11643224895006186,0.005652032196192025,-0.004949516748269025,0.052552082718523775,0.052552082718523775,0.07902299453457788,0.07902299453457788
2025-04-22,late_night,4,0.03687373321865839,0.03687373321865839,0.3048134231039692,0.3048134231039692,0.007435583394525089,0.005094683404340945,0.3051375059104294,0.3051375059104294,0.0019628179928180374,-0.0003240828064601124,0.0080121299506755,0.007674284363416324,0.12475206909567246,0.12475206909567246
2025-04-23,late_night,4,0.018356218467066976,-0.01741649228766412,0.2872399299219664,0.2872399299219664,0.030479825774678303,0.030049760789962757,0.3239459676013339,0.3239459676013339,0.03670603767936739,-0.03670603767936739,0.08393131060147385,-0.08393131060147385,0.02007893291460658,0.003092856255754811
2025-04-24,late_night,4,0.06861841991148987,0.06861841991148987,0.24933390048235227,0.24933390048235227,0.07262172356456537,0.07262172356456537,0.25157618182031366,0.25157618182031366,0.0029553161087880753,-0.0022422813379613504,0.05460194810837045,0.008774693200174127,0.06341582578636112,0.018902609630893234
2025-04-25,late_night,4,0.02495008070724264,-0.014278227621374706,0.016097456856556336,0.016097456856556336,0.009572583842424563,0.007785701525171988,0.02413790131804785,0.02413790131804785,0.010024213439092825,-0.00804044446149145,0.11815768088935164,0.11815768088935164,0.19237974411167624,0.19237974411167624
2025-04-26,late_night,4,0.08129069756955692,-0.08129069756955692,0.21694622017702808,0.21694622017702808,0.007675599278779276,0.0016539882045683782,0.21146030562169138,0.21146030562169138,0.005485914555336738,0.005485914555336738,0.0384385701616172,0.03422750988119237,0.12474067316252674,0.12474067316252674
2025-04-27,late_night,4,0.07292257619961295,-0.07292257619961295,0.050280259615407746,-0.032279944906584784,0.010711388207781163,0.004681712319344063,0.047839250735589464,-0.024261941667288026,0.008018003239296774,-0.008018003239296774,0.07218780149478514,-0.07218780149478514,0.05152671171847947,-0.05152671171847947
2025-04-28,late_night,4,0.14574872527260818,-0.14574872527260818,0.06406013431421653,0.05689402090807616,0.009301185311507476,0.004513315491859647,0.07827778816787037,0.07827778816787037,0.0213837672597942,-0.0213837672597942,0.04470931386659889,-0.04470931386659889,0.018138468482959025,0.014719513217187591
2025-04-29,late_night,4,0.10815354182480008,-0.10815354182480008,0.22722850767135994,0.22722850767135994,0.0060823601639801335,-0.0027631631437460107,0.2231239555353357,0.2231239555353357,0.004104552136024214,0.004104552136024214,0.04463506497910316,0.03543468984542339,0.06709285510737159,0.06709285510737159
2025-04-30,late_night,4,0.06970454000130355,-0.06970454000130355,0.14734976621856094,0.14734976621856094,0.006960285321323371,-0.0018289596088676523,0.15237063904052703,0.15237063904052703,0.005020872821966225,-0.005020872821966225,0.04558767732906313,0.04558767732906313,0.10373016654376774,0.10373016654376774
2025-05-01,late_night,5,0.05203207752298117,-0.05203207752298117,0.1929491024638424,0.1929491024638424,0.011614822723166034,-0.0005763712341020112,0.19176006833162035,0.19176006833162035,0.001231812712030675,0.0011890341322220248,0.018868158848383387,0.018868158848383387,0.14023169105368113,0.14023169105368113
2025-05-02,late_night,5,0.04992733633198637,-0.04992733633198637,0.16483384515588173,0.16483384515588173,0.006150560440806172,-0.0014507022894531506,0.16498769025334908,0.16498769025334908,0.0023744741624519374,-0.00015384509746753751,0.015999539492527165,-0.012800262753395913,0.06684819318883489,0.06684819318883489
2025-05-03,late_night,5,0.03077603237544352,0.029085927828905456,0.15968796771340912,0.15968796771340912,0.011315109681432973,-0.007804986950495554,0.16504843934311847,0.16504843934311847,0.005668512468741237,-0.005360471629709362,0.018205003200325337,0.0077139071463538135,0.1499322599914348,0.1499322599914348
2025-05-04,late_night,5,0.07118162825904023,-0.07118162825904023,0.1755353276679286,0.1755353276679286,0.004606762143654741,-0.002593013095777641,0.1725992969844639,0.1725992969844639,0.0042835559474366,0.0029360306834645246,0.07282264263202723,-0.07282264263202723,0.06804511681323469,0.06804511681323469
2025-05-05,late_night,5,0.07536744216449587,-0.07536744216449587,0.16632811497436126,0.16632811497436126,0.005879424892961706,0.00034941684245332755,0.16534254207930282,0.16534254207930282,0.0035319503259626872,0.0009855728950583873,0.012398073974375388,0.0040115437893501376,0.05730129402650033,0.05730129402650033
2025-05-06,late_night,5,0.13500937319810774,-0.13500937319810774,0.09466329914994155,0.09466329914994155,0.008091287855526314,0.0012786236989524111,0.10946819420469794,0.10946819420469794,0.014804895054756425,-0.014804895054756425,0.011258130015704262,0.007466790719139589,0.10259784909420183,0.10259784909420183
2025-05-07,late_night,5,0.1060663328386452,-0.1060663328386452,0.6744490178055085,0.6744490178055085,0.008910129482560094,0.005739956203462642,0.6558885491520602,0.6558885491520602,0.01856046865344821,0.01856046865344821,0.051650226101574416,0.051650226101574416,0.3038542361771944,0.3038542361771944
2025-05-08,late_night,5,0.057571377642054444,-0.057571377642054444,0.08090954743634361,-0.08090954743634361,0.006570369085690555,-0.00039307203250394177,0.0767191751576295,-0.0767191751576295,0.009962675400105814,-0.004190372278714113,0.07271657279274762,0.07271657279274762,0.1449795874462947,0.1449795874462947
2025-05-09,late_night,5,0.0289456701901889,-0.0289456701901889,0.09934650170669694,0.09934650170669694,0.006712905911036526,-0.003434558928078719,0.09859691228877963,0.09859691228877963,0.00127853603792825,0.000749589417917325,0.022117051727210672,-0.018691258901551773,0.03758352453158963,0.027834040742333407
2025-05-10,late_night,5,0.012877404454690211,-0.012742406477425305,0.13092778825042348,-0.13092778825042348,0.012305942237943259,-0.0007939458961615346,0.12388606583762013,-0.12388606583762013,0.011599920349052363,-0.007041722412803338,0.05923264171163125,-0.05923264171163125,0.09037369459183527,0.09037369459183527
2025-05-11,late_night,5,0.014984775476410861,-0.008608312576246169,0.5107104094859569,0.5107104094859569,0.00762458056269601,0.0035620180572626566,0.5027254544527828,0.5027254544527828,0.0079849550331741,0.0079849550331741,0.02617514352040996,0.02617514352040996,0.2699163583199523,0.2699163583199523
2025-05-12,late_night,5,0.03888643033424494,0.03888643033424494,0.17538490135040463,0.17538490135040463,0.005934213033085476,-0.0009115869906352776,0.16588788131083876,0.16588788131083876,0.009497020039565762,0.009497020039565762,0.038345298831870524,0.038345298831870524,0.1235405937412557,0.1235405937412557
2025-05-13,late_night,5,0.032669510498120835,0.032669510498120835,0.4308157137267539,0.4308157137267539,0.00894905097730403,0.0003610757586717042,0.4208785476846898,0.4208785476846898,0.009937166042064087,0.009937166042064087,0.0026324605566667874,0.0026324605566667874,0.09061563901862185,0.09061563901862185
2025-05-14,late_night,5,0.03479529033492318,0.03479529033492318,0.24761311457734503,0.24761311457734503,0.010280008307702683,0.006543895456382759,0.2418637786442932,0.2418637786442932,0.0066627638051952615,0.005749335933051812,0.018059310578108227,0.009604755438305275,0.15803091137299377,0.15803091137299377
2025-05-15,late_night,5,0.01736740211411314,0.01736740211411314,0.3784314142085452,0.3784314142085452,0.008112940128503207,0.005148945578319533,0.3669499239031844,0.3669499239031844,0.011481490305360852,0.011481490305360852,0.021653763214324113,-0.021653763214324113,0.14385437053968878,0.14385437053968878
2025-05-16,late_night,5,0.04491487896834323,0.04491487896834323,0.5534628663093834,0.5534628663093834,0.009779902164652923,0.008636451765013875,0.5389180615134227,0.5389180615134227,0.014544804795960816,0.014544804795960816,0.010485485748422826,-0.00589327533478495,0.1915872007919018,0.1915872007919018
2025-05-17,late_night,5,0.09583804453521921,0.09583804453521921,0.26067145138598,0.26067145138598,0.006406355309416023,0.0011468691795827948,0.2566268593905072,0.2566268593905072,0.004044591995472788,0.004044591995472788,0.011272857067769527,0.008311842992408575,0.04391212451254204,0.04391212451254204
2025-05-18,late_night,5,0.02722663750566534,-0.02722663750566534,0.15801732391424306,0.15801732391424306,0.012522640289760776,0.0009880274037359534,0.15800285984525037,0.15800285984525037,0.0012836203773316946,1.4464068992669707e-05,0.029416409890132014,0.029416409890132014,0.035493422731636075,0.035493422731636075
2025-05-19,late_night,5,0.023750001285971545,0.023750001285971545,0.06018165995959911,-0.051602626165435,0.008801868117675523,0.0021836361127728528,0.04627529040287244,-0.03534518793971721,0.016257438225717763,-0.016257438225717763,0.0104920603252377,-0.0049397863745830484,0.017284562446246016,-0.01634325836840761
2025-05-20,late_night,5,0.011209215164201647,-0.01117765719549041,0.07427264363328676,-0.037604913821493974,0.007941913470292872,-0.005162357715021822,0.07363000066489103,-0.03762411158579329,0.000642642968395725,1.9197764299375077e-05,0.05022091310202564,-0.05022091310202564,0.04005056873559473,-0.04005056873559473
2025-05-21,late_night,5,0.10114153649919988,-0.10114153649919988,0.1117053035422316,0.1117053035422316,0.01442137807389009,0.0034328933686189646,0.10352240991641834,0.10352240991641834,0.008182893625813276,0.008182893625813276,0.03062955080400855,-0.03062955080400855,0.016865367428531064,0.014997135680822726
2025-05-22,late_night,5,0.021356855325365298,-0.021356855325365298,0.2347713881595035,0.2347713881595035,0.00532610850822372,0.0016688905786820425,0.22661689670553037,0.22661689670553037,0.008154491453973112,0.008154491453973112,0.04280671899740489,0.04280671899740489,0.09794506491284309,0.09794506491284309
2025-05-23,late_night,5,0.10073215951619535,0.10073215951619535,0.02866585620094852,-0.012060053065067796,0.0929721426711132,0.0929721426711132,0.028560487649862486,-0.012693842270019538,0.0006337892049516874,0.0006337892049516874,0.05237386785632922,0.05237386785632922,0.008928187653544868,-0.006261889941537667
2025-05-24,late_night,5,0.007436284682718619,0.001555983179514886,0.09842965505460986,-0.09842965505460986,0.08823669414393578,0.08823669414393578,0.06774908553451801,-0.06774908553451801,0.0306805695200918,-0.0306805695200918,0.02202281612619779,-0.017804742963837137,0.038024985449450925,-0.038024985449450925
2025-05-25,late_night,5,0.10089170258023561,0.10089170258023561,0.10372683542484823,-0.10372683542484823,0.008739628790494914,0.0006415033750811656,0.08670797354294636,-0.08670797354294636,0.01701886188190181,-0.01701886188190181,0.0346659026632067,-0.0346659026632067,0.02401333500266241,-0.023013999326804882
2025-05-26,late_night,5,0.05440243161729591,0.05440243161729591,0.05505454197630488,-0.05505454197630488,0.01172957100384125,0.005845938381718029,0.055859971466636335,-0.055859971466636335,0.004028725350092938,0.0008054294903314877,0.0152326808528428,-0.0152326808528428,0.019012185911140747,-0.013312290795736606
2025-05-27,late_night,5,0.03883120388900013,-0.03883120388900013,0.028532085478022357,0.028532085478022357,0.00660166407132925,-0.002402525690195346,0.04208781093795683,0.04208781093795683,0.01586559344755256,-0.013555725459934538,0.03118418210410944,-0.01987047499906364,0.030841427499495158,0.006915402876933971
2025-05-28,late_night,5,0.07470472482155904,-0.07470472482155904,0.23514885652970008,0.23514885652970008,0.010469882086115575,-0.0019367826686311953,0.23892099806196546,0.23892099806196546,0.0037721415322652997,-0.0037721415322652997,0.04117122726894231,-0.04117122726894231,0.02337568871264599,0.019511590765996942
2025-05-29,late_night,5,0.04360960631803468,-0.04360960631803468,0.07272507591209487,0.07272507591209487,0.013568085664346448,0.0038668154383991824,0.06343852999162836,0.06343852999162836,0.009286545920466432,0.009286545920466432,0.009340545111372427,0.0007183820933028273,0.06704648242557082,0.06704648242557082
2025-05-30,late_night,5,0.0077115402987004145,0.0018803289690476066,0.05007723668336508,0.05007723668336508,0.0043593827333679,-0.00043865576508694826,0.04993268365446257,0.04993268365446257,0.000361601724816875,0.00014455302890255001,0.07428114675263402,0.07428114675263402,0.0568154766303949,0.0568154766303949
2025-05-31,late_night,5,0.06552047931633154,-0.06552047931633154,0.08394603765353913,-0.08394603765353913,0.008392228151598147,-0.0062119231577448236,0.0802889073850216,-0.0802889073850216,0.003928704121483025,-0.0036571302685175252,0.02909679779590603,-0.02909679779590603,0.01760566477788339,-0.017594794810882858
2025-06-01,late_night,6,0.028040131810222912,-0.028040131810222912,0.1651603824710193,-0.1651603824710193,0.0068399267350994905,0.0022398268292837904,0.16580118455790693,-0.16580118455790693,0.006778827001233438,0.0006408020868875876,0.08502786235316698,-0.08502786235316698,0.06555116067480084,0.06555116067480084
2025-06-02,late_night,6,0.0978647674146777,-0.0978647674146777,0.2640192259001026,0.2640192259001026,0.003745141936812302,-0.001218751219425173,0.2608558901808926,0.2608558901808926,0.00316333571921,0.00316333571921,0.032644702428272776,0.032644702428272776,0.11061979707958744,0.11061979707958744
2025-06-03,late_night,6,0.04879212606862182,-0.04879212606862182,0.17911242342135314,0.17911242342135314,0.0027793804332226536,-9.853099119859834e-05,0.18453644929360613,0.18453644929360613,0.005424025872252925,-0.005424025872252925,0.030516818726889862,0.030516818726889862,0.03349457605787268,0.03349457605787268
2025-06-04,late_night,6,0.03524060833784903,0.03524060833784903,0.03914073496544335,0.032664163175644745,0.009080542513601037,-0.00178591804598641,0.038811041853434564,0.0352309656251871,0.0035778847026425,-0.00256680244954245,0.04413864059906972,-0.04413864059906972,0.04519942665289006,0.04519942665289006
2025-06-05,late_night,6,0.04492189185027923,0.04492189185027923,0.07383214698669174,0.07383214698669174,0.007762821997856323,0.002740897243599728,0.07327444755074386,0.07327444755074386,0.0005576994359478501,0.0005576994359478501,0.039746472642651784,0.039746472642651784,0.08604560684410606,0.08604560684410606
2025-06-06,late_night,6,0.07634310936382016,-0.07634310936382016,0.03430508988760764,-0.001091555073313849,0.004683553200852187,-0.002915430342777985,0.031167877153608622,-0.008509255618902492,0.007417700545588625,0.007417700545588625,0.046368824715691724,0.046368824715691724,0.0920347833393637,0.0920347833393637
2025-06-07,late_night,6,0.06669338382010104,0.06669338382010104,0.18322547867672462,0.18322547867672462,0.011550742514477273,-0.005269479486591823,0.1830730361556442,0.1830730361556442,0.0007634398597406251,0.00015244252108035012,0.013963787527576349,0.0009385865860882742,0.039115663912522795,0.039115663912522795
2025-06-08,late_night,6,0.05341361526434191,-0.05341361526434191,0.04500920223038033,0.018739823108957478,0.006069649315471421,-0.006069649315471421,0.04521283878959237,0.02750881834255875,0.008768995233601251,-0.008768995233601251,0.006696951604632476,0.0020074374541348,0.021906752930159645,0.016222987443207937
2025-06-09,late_night,6,0.030225521143479872,-0.030225521143479872,0.13622724780729104,0.13622724780729104,0.006236731227592822,-0.0016832669866505244,0.1399154100783746,0.1399154100783746,0.005026395466490675,-0.0036881622710835996,0.02358791605222936,-0.02358791605222936,0.013181412886608998,0.0019622043656486593
2025-06-10,late_night,6,0.014747214100834072,-0.014747214100834072,0.05104142028851924,0.04755338813567975,0.007346519793939884,0.0026983816468636648,0.05275703419309863,0.05008161973457498,0.0025282315988953,-0.0025282315988953,0.010660983118867286,0.006224458684205111,0.03858435044485853,-0.03858435044485853
2025-06-11,late_night,6,0.029926597050964676,-0.029926597050964676,0.17292995436773895,-0.17292995436773895,0.011104547901309323,-0.0032257503684389958,0.17897926632559635,-0.17897926632559635,0.006049311957857363,0.006049311957857363,0.0328744619726958,-0.0328744619726958,0.09710167819903391,-0.09710167819903391
2025-06-12,late_night,6,0.034265817748766914,0.034265817748766914,0.028871333641668696,0.028871333641668696,0.011756395277245854,-0.003407559332625724,0.025908566345823753,0.025677491886037754,0.0031938417556308498,0.0031938417556308498,0.030831434142736584,0.024601891119127986,0.02050163437328946,-0.018028015592469512
2025-06-13,late_night,6,0.023383578204823785,0.023383578204823785,0.11516616077756973,-0.11516616077756973,0.007552873844902035,-0.005199701311330185,0.10156756907680237,-0.10156756907680237,0.013598591700767389,-0.013598591700767389,0.06209871889778578,0.06209871889778578,0.025242254900894566,-0.004308101034212093
2025-06-14,late_night,6,0.07219937274997928,-0.07219937274997928,0.2974443744268105,0.2974443744268105,0.008407744152881211,0.0010594711384573612,0.30384406749838744,0.30384406749838744,0.009534977263043639,-0.006399693071576989,0.037418546484048985,-0.037418546484048985,0.04055865203184647,-0.014784733019190893
2025-06-15,late_night,6,0.03941590292040109,-0.03941590292040109,0.2683283788666052,0.2683283788666052,0.011849929590065153,-0.0026085290970607,0.27489006951089995,0.27489006951089995,0.007758789590743176,-0.006561690644294951,0.024798602457428362,-0.024798602457428362,0.018756040398434093,0.012982860666800433
2025-06-16,late_night,6,0.11202202282265922,0.11202202282265922,0.02586561244396674,-0.0026324605566667783,0.006195705868268163,0.0013766287240058132,0.0248495335124874,0.0002576357501179946,0.00289009630678475,-0.00289009630678475,0.03327787800605514,0.03327787800605514,0.02640683160736538,-0.02640683160736538
2025-06-17,late_night,6,0.05890820826107429,-0.05890820826107429,0.07115471632461129,-0.00037615345483371643,0.013007493414600089,-0.004482283489293536,0.06425728395763791,0.01112593719121363,0.011502090646047375,-0.011502090646047375,0.010097585716346563,0.000535170552728937,0.016172319371221502,-0.01351303454115009
2025-06-18,late_night,6,0.0846814259855363,0.0846814259855363,0.11263600063614208,0.11263600063614208,0.006217182819196698,-0.0026478012359014216,0.11156495824249063,0.11156495824249063,0.0010710423936514482,0.0010710423936514482,0.003631445588427475,-0.0032853598648936496,0.017078296056308104,-0.014185131613676433
2025-06-19,late_night,6,0.020428525079108195,-0.018554332381754413,0.13442835592972333,0.13442835592972333,0.004691530354054209,-0.0012166473548444329,0.13823661380395819,0.13823661380395819,0.0038082578742349,-0.0038082578742349,0.017113974093156688,0.003177624466154289,0.02340023379942143,0.005907125776608284
2025-06-20,late_night,6,0.016557414250523317,-0.016557414250523317,0.06247303147111131,0.06247303147111131,0.0423678002492454,0.0423678002492454,0.06685809888456926,0.06685809888456926,0.004425391484589012,-0.0043850674134579375,0.011569063668534663,-0.009721519922537012,0.014247020296760199,-0.010648184609334366
2025-06-21,late_night,6,0.013393727887216489,-0.0006057376772082845,0.03182366927563405,-0.00938139514864867,0.01352609603375562,0.005183747004926175,0.030559947950795273,-0.0020566152887099495,0.007324779859938737,-0.007324779859938737,0.018066937087213415,0.018066937087213415,0.02351270289346749,-0.01421747853160546
2025-06-22,late_night,6,0.044754459294060855,-0.044754459294060855,0.07486838795373657,-0.07486838795373657,0.03598090568720132,0.02222005343064339,0.05223510045502375,-0.05223510045502375,0.02263328749871286,-0.02263328749871286,0.025951520247680812,0.025951520247680812,0.017778006351456724,0.014368869120395436
2025-06-23,late_night,6,0.010679742578045603,0.002374737145524275,0.21339910449387917,0.21339910449387917,0.006488318367041182,0.0044514268087758255,0.220036884907178,0.220036884907178,0.006637780413298838,-0.006637780413298838,0.0096795302919462,-0.0090297867805904,0.03304697886831754,0.03304697886831754
2025-06-24,late_night,6,0.037770505496203866,0.037770505496203866,0.15430672042096477,0.15430672042096477,0.005010090515989839,-0.002691456425952036,0.156600283458082,0.156600283458082,0.0022935630371172,-0.0022935630371172,0.03433471931378655,-0.0176717611901287,0.03636950700747117,-0.006773742661829993
2025-06-25,late_night,6,0.03832101672816779,0.03832101672816779,0.25714072831435614,0.25714072831435614,0.004770337614808242,-0.00364494538615397,0.25827681518796247,0.25827681518796247,0.001201481997658175,-0.00113608687360645,0.010381256790651387,0.009470283427185488,0.07323868185287111,0.07323868185287111
2025-06-26,late_night,6,0.02030316981450503,-0.02030316981450503,0.14590739172640657,0.14590739172640657,0.012024112045146584,-0.002294439647359141,0.14418748243164128,0.14418748243164128,0.001719909294765225,0.001719909294765225,0.012669823149389326,0.012669823149389326,0.036585942076216106,0.036585942076216106
2025-06-27,late_night,6,0.030670839146405837,-0.030670839146405837,0.08674058344394803,0.08674058344394803,0.007516757502932448,0.0019071532424522995,0.08581663624890082,0.08581663624890082,0.0012228712875623875,0.0009239471950471124,0.010554387313442461,-0.005102046930373613,0.03976163799983801,-0.03976163799983801
2025-06-28,late_night,6,0.0420711553433592,-0.0420711553433592,0.016107450213314903,-0.010326030345406634,0.009232634390584638,-0.0035986603653774193,0.0155655297617227,-0.010364776518102144,0.00085048725676925,3.8746172695525074e-05,0.014662621212483063,0.007997578220658613,0.08455834990756236,-0.08455834990756236
2025-06-29,late_night,6,0.06888841586601968,-0.06888841586601968,0.08984991997225207,-0.08984991997225207,0.007113253808548901,-0.001802924284680825,0.08095653374531382,-0.08095653374531382,0.008893386226938275,-0.008893386226938275,0.00039280904943136204,-6.250231025318694e-05,0.12859477775241718,-0.12859477775241718
2025-06-30,late_night,6,0.04659534080221939,0.04659534080221939,0.07965915058718304,0.07965915058718304,0.0070020996298658135,-0.004896306506580791,0.08326973285185135,0.08326973285185135,0.004590106549057074,-0.0036105822646683747,0.04512114535828121,-0.04512114535828121,0.11019849819729173,-0.11019849819729173
2025-07-01,late_night,7,0.0492821511938889,0.0492821511938889,0.3319431075168715,-0.3319431075168715,0.006158362271959785,-0.0004975639733479885,0.3250369967085025,-0.3250369967085025,0.006906110808368975,-0.006906110808368975,0.05423385946776297,-0.05423385946776297,0.0946841624737007,-0.0946841624737007
2025-07-02,late_night,7,0.0363556565656476,-0.0363556565656476,0.06942718052074087,-0.06942718052074087,0.008339193231958364,0.0029369949547307372,0.057559806386860306,-0.057559806386860306,0.011867374133880539,-0.011867374133880539,0.011867987761049938,-0.007254037413410963,0.031113089013484863,-0.031113089013484863
2025-07-03,late_night,7,0.09961974111912208,-0.09961974111912208,0.03931509274257328,0.03931509274257328,0.003770125328708806,0.002050391355991898,0.045332057782501683,0.045332057782501683,0.006016965039928412,-0.006016965039928412,0.007146740319792599,-0.007142532590631101,0.04682965871990078,-0.04682965871990078
2025-07-04,late_night,7,0.04661900927875301,0.04661900927875301,0.26092856116995283,-0.26092856116995283,0.006699844418431036,-0.0021860029604261894,0.2612501894677353,-0.2612501894677353,0.00032162829778256246,0.00032162829778256246,0.020427911451938913,0.014333717049692064,0.034180085267101215,-0.034180085267101215
2025-07-05,late_night,7,0.06365154628042968,0.06365154628042968,0.0597462476524075,0.0597462476524075,0.028829782316198854,0.028829782316198854,0.06632880162046158,0.06632880162046158,0.006582553968054062,-0.006582553968054062,0.03940354271598908,0.004100695050959523,0.05611401311476224,-0.05590853567404205
2025-07-06,late_night,7,0.018550825940786664,0.017137730230714132,0.04156114350457516,0.04156114350457516,0.00691715609741796,-0.0051104623886965815,0.04254540148427057,0.04254540148427057,0.0033819623135597997,-0.0009842579796955496,0.017210050575677725,0.0155264329449304,0.019193293587133897,-0.018625250150330674
2025-07-07,late_night,7,0.010576302569492102,0.0033635534984785553,0.05950842329375827,-0.05950842329375827,0.007174441203439148,-0.003628728096677327,0.04688243065646802,-0.04688243065646802,0.012625992637290263,-0.012625992637290263,0.03159461101940461,0.025946435908277315,0.037233055756845906,-0.011751398598866564
2025-07-08,late_night,7,0.017253442782655726,0.016911564788283373,0.11112340966360518,0.11112340966360518,0.00614424884706391,0.001360937400674389,0.11191227122036317,0.11191227122036317,0.002629041776723062,-0.0007888615567580373,0.0473486119831531,-0.0473486119831531,0.0726512653297201,-0.0726512653297201
2025-07-09,late_night,7,0.019904312154404025,0.019781586720526767,0.05184255438866496,-0.05184255438866496,0.00927357208888513,0.0010204619826892497,0.04055111318376545,-0.03978846227324265,0.012054092115422351,-0.012054092115422351,0.060967015075389236,-0.060967015075389236,0.09904661334291548,-0.09904661334291548
2025-07-10,late_night,7,0.1404241946628199,0.1404241946628199,0.21209470845381245,-0.21209470845381245,0.008020545408998509,-0.0064156473779810146,0.195569991765315,-0.195569991765315,0.01652471668849756,-0.01652471668849756,0.03714031039324442,0.03714031039324442,0.039045973398285375,-0.039045973398285375
2025-07-11,late_night,7,0.06062110467390375,-0.06062110467390375,0.05893739938213233,0.05893739938213233,0.007870557396595687,-0.006049662601954234,0.0652671389563993,0.0652671389563993,0.006329739574266975,-0.006329739574266975,0.0993121385852113,0.0993121385852113,0.08006975482452655,0.08006975482452655
2025-07-12,late_night,7,0.07332143385971396,-0.07332143385971396,0.02901097765321617,-0.012476004624887432,0.0057125183028886375,-0.0003133005004837125,0.019609946435147123,0.007203982968593876,0.019679987593481336,-0.019679987593481336,0.043143687974422126,-0.022848582974143227,0.0456273877730249,-0.030919621133079805
2025-07-13,late_night,7,0.043314188666487174,-0.043314188666487174,0.043436563456267716,-0.043436563456267716,0.012856979436052081,-0.0007267975516258088,0.032057373566146005,-0.032057373566146005,0.011379189890121724,-0.011379189890121724,0.028803484008939423,-0.028803484008939423,0.06942174553724062,-0.06942174553724062
2025-07-14,late_night,7,0.025419943796944122,-0.025419943796944122,0.16293905211784132,0.16293905211784132,0.005001412074594227,0.0003834293198421955,0.17647163506738756,0.17647163506738756,0.0135713291222418,-0.013532582949546275,0.044692745933025455,0.010072076358304951,0.051051501306301976,-0.039151341949371386
2025-07-15,late_night,7,0.06012932632815271,-0.06012932632815271,0.2116663090285568,0.2116663090285568,0.00678128150991103,0.000861883189915022,0.22782232344927744,0.22782232344927744,0.016156014420720635,-0.016156014420720635,0.02897906904040809,0.010467164594365436,0.02766599455894584,-0.021230798772568622
2025-07-16,late_night,7,0.03121696732715956,-0.03121696732715956,0.06846334755968353,-0.06798226385888476,0.0036622146079209952,0.001130739551130376,0.05460072085403171,-0.053310175255788364,0.014672088603096435,-0.014672088603096435,0.0142687602307613,0.009361671418204124,0.03545222205026301,-0.03545222205026301
2025-07-17,late_night,7,0.05319007965263717,-0.05319007965263717,0.08925689314355241,-0.08925689314355241,0.012285254236232546,0.002502283935732725,0.06630960385616223,-0.06630960385616223,0.02294728928739021,-0.02294728928739021,0.012979003581735739,-0.0004781908870002357,0.08025726175528615,-0.08025726175528615
2025-07-18,late_night,7,0.015443242632966203,-0.015443242632966203,0.01831536842979066,0.017685436309903615,0.011605267671528429,-0.007137185268154971,0.019934029241607226,0.019621079385220258,0.0019356430753166125,-0.0019356430753166125,0.011791196703852438,0.010458924458090837,0.016660854259077075,0.002417691047381619
2025-07-19,late_night,7,0.024471451515121256,0.023561530083945625,0.16685907779792872,0.16685907779792872,0.00812547565496356,0.0048047007362938855,0.1803949918663945,0.1803949918663945,0.013535914068465825,-0.013535914068465825,0.012176379244178599,-0.006755596829820973,0.024191637525881236,0.020937835629698844
2025-07-20,late_night,7,0.06454831855797544,0.06454831855797544,0.02607713849535661,-0.004351054936069083,0.014986441035870563,0.012632391892056737,0.02636133553580658,0.003256168743835719,0.007607223679904825,-0.007607223679904825,0.025533727806352997,0.025533727806352997,0.026135257754399885,-0.026135257754399885
2025-07-21,late_night,7,0.04074046099603329,-0.04074046099603329,0.22509694220696078,-0.22509694220696078,0.013088229217886481,-0.00021555845850292597,0.1991071140917055,-0.1991071140917055,0.025989828115255336,-0.025989828115255336,0.018455626068507487,-0.013335170323052288,0.09423709125029071,-0.09423709125029071
2025-07-22,late_night,7,0.05584007241414335,-0.05584007241414335,0.06791178439542964,0.06791178439542964,0.012862852724673362,0.010064712832272336,0.07650265242786039,0.07650265242786039,0.008590868032430862,-0.008590868032430862,0.011273295372890499,0.011273295372890499,0.048570431338425216,-0.048570431338425216
2025-07-23,late_night,7,0.009330639415637887,0.0006031078464824868,0.2035856281569584,0.2035856281569584,0.007352743726657909,-0.00309785293413406,0.20374709976353117,0.20374709976353117,0.001649429831310075,-0.00016147160657277503,0.04360180448688102,0.04360180448688102,0.03863878794088551,0.03863878794088551
2025-07-24,late_night,7,0.09456257663313816,0.09456257663313816,0.09399549746760096,-0.09399549746760096,0.008202091390112652,-0.00011150482277987733,0.08716196998726791,-0.08716196998726791,0.00948720200485565,-0.006833527480333075,0.05283873426765132,-0.05283873426765132,0.13286553519032085,-0.13286553519032085
2025-07-25,late_night,7,0.1460564154675435,0.1460564154675435,0.10091896515876116,0.10091896515876116,0.0089845536921042,-0.00310898588420723,0.10774442782486796,0.10774442782486796,0.006825462666106813,-0.006825462666106813,0.032015734579651914,-0.032015734579651914,0.06837770273904208,-0.06837770273904208
2025-07-26,late_night,7,0.05803422784982015,0.05803422784982015,0.15273022456178748,0.15273022456178748,0.005291219420592928,-0.004262955606750052,0.15579178583190353,0.15579178583190353,0.0030615612701161,-0.0030615612701161,0.017722692245187764,-0.01037599712919951,0.014348794745854113,0.0022643719160592296
2025-07-27,late_night,7,0.03913626425320932,-0.033596087523894036,0.031474077111132336,0.02790416956169186,0.0073956976285149585,0.0005374497393581361,0.04605008923170773,0.04605008923170773,0.01814591967001585,-0.01814591967001585,0.025900413870573336,0.025900413870573336,0.027676952186970583,0.027676952186970583
2025-07-28,late_night,7,0.12444621978224557,0.12444621978224557,0.03742862750183173,0.03344601185046695,0.008916967042447523,-0.0027712279579722235,0.04361109655544603,0.04188434970079328,0.008438337850326338,-0.008438337850326338,0.03597985375491091,0.03597985375491091,0.04034028842056924,0.04034028842056924
2025-07-29,late_night,7,0.05538423508831358,0.05538423508831358,0.037692750167740374,0.006308174962314228,0.004383577176046562,6.784963272928393e-05,0.03860398651427888,0.02792038685116848,0.02161221188885426,-0.02161221188885426,0.029277028861657166,-0.029277028861657166,0.03521457301366218,-0.03521457301366218
2025-07-30,late_night,7,0.019601881620920858,-0.019601881620920858,0.15922573113281285,-0.15922573113281285,0.011413377689558954,-0.0005954813373771767,0.15336611763131996,-0.15336611763131996,0.006328074014807162,-0.005859613501492937,0.025758490672396724,-0.008597267287197348,0.03445157145904251,-0.03191010304549331
2025-07-31,late_night,7,0.027977015872800215,-0.027977015872800215,0.0943665665830312,0.0943665665830312,0.01140391029894559,-0.006133378880063361,0.10792816533158704,0.10792816533158704,0.013561598748555826,-0.013561598748555826,0.011805222467724138,-0.0028392529127499117,0.01241025885673893,0.00653714555751949
2025-08-01,late_night,8,0.05363452104532085,-0.05363452104532085,0.0069421394893143945,0.005598821954503799,0.01152672339384701,-0.011235162827364361,0.015994367492099495,0.015994367492099495,0.010395545537595675,-0.010395545537595675,0.016450993767146985,0.016450993767146985,0.023485878620062878,-0.003991995380953961
2025-08-02,late_night,8,0.031098624944492115,0.031098624944492115,0.16896837736218162,0.16896837736218162,0.006149420847491628,0.0005978481850305792,0.17348677719344474,0.17348677719344474,0.0045183998312631375,-0.0045183998312631375,0.011435205284584287,-0.0074175252235402864,0.021480282047436225,-0.01833290063463025
2025-08-03,late_night,8,0.09583190826352556,0.09583190826352556,0.057654392631969996,0.057654392631969996,0.007871171023765063,0.0007679982329989107,0.07813647859686326,0.07813647859686326,0.020482085964893273,-0.020482085964893273,0.048090750214013614,-0.048090750214013614,0.084288178630984,-0.084288178630984
2025-08-04,late_night,8,0.02896846205648007,0.025640849577922897,0.2248340467953909,-0.2248340467953909,0.011987908042152828,0.006592021358667453,0.20522708083506647,-0.20522708083506647,0.019606965960324362,-0.019606965960324362,0.0213435308496873,-0.014566457068937826,0.050300947617118466,-0.04955986131854835
2025-08-05,late_night,8,0.038636596415280555,-0.038636596415280555,0.025785314945801337,0.02405137988716436,0.0034443769627888754,0.00016795852236344694,0.042290395564878513,0.042290395564878513,0.01823901567771416,-0.01823901567771416,0.017843050831411675,-0.011745525310245277,0.028576617278314898,-0.027448945863031482
2025-08-06,late_night,8,0.1217436304062205,-0.1217436304062205,0.010618467522131261,0.006686519942752975,0.006929253318757267,-0.0008881814971743798,0.02457296298114261,0.02457296298114261,0.01788644303838969,-0.01788644303838969,0.05013649553572296,0.05013649553572296,0.04076158730286495,0.029256428520970636
2025-08-07,late_night,8,0.06497347452533603,-0.06497347452533603,0.24360253505926113,-0.24360253505926113,0.010102144089604843,0.0010450070694647037,0.24382668429813553,-0.24382668429813553,0.0014305402538875875,0.00022414923887431235,0.05146745286612159,0.05146745286612159,0.0429206783288623,0.0429206783288623
2025-08-08,late_night,8,0.030974146290131177,0.029853838400880295,0.07718465519612108,-0.07718465519612108,0.008466389378069702,0.006823095818453476,0.0707838225312295,-0.0707838225312295,0.006400832664891587,-0.006400832664891587,0.012857417741173077,-0.0017411232626212258,0.04513376854576574,-0.04466758721908061
2025-08-09,late_night,8,0.010423772387387342,0.00970845842993151,0.40339280318790927,-0.40339280318790927,0.010184282469278386,-0.006630153904193584,0.3945533284908528,-0.3945533284908528,0.008839474697056487,-0.008839474697056487,0.04307294552789433,-0.04307294552789433,0.07175230152656933,-0.07175230152656933
2025-08-10,late_night,8,0.025703965515345706,0.025703965515345706,0.0633380704578975,-0.05273283975042006,0.013120576135815562,0.0018571864586594128,0.05111251337914377,-0.04026183180391199,0.012471007946508149,-0.012471007946508149,0.055310161522866316,-0.055310161522866316,0.024948502808806963,-0.00037220870874483947
2025-08-11,late_night,8,0.07473365295954426,-0.07473365295954426,0.05413252332379005,-0.05290071061175937,0.009478435902435887,0.0019779833500043094,0.042089651819465015,-0.03476522260362304,0.018135488008136275,-0.018135488008136275,0.032521538689274536,0.030747630203603264,0.02746603976275014,0.021953563917081392
2025-08-12,late_night,8,0.014105535403704572,-0.0035616674131658255,0.23477708612607628,-0.23477708612607628,0.004635953264712677,-0.0022100220810564487,0.22811484828702622,-0.22811484828702622,0.006662237839050088,-0.006662237839050088,0.04917310087978663,0.04917310087978663,0.020309481408247378,-0.0046469108927374506
2025-08-13,late_night,8,0.036502050476058756,0.03184549687065957,0.03839736948024414,0.03802042707619262,0.0057845756647794365,-0.00035134538498566084,0.04534371669872001,0.04534371669872001,0.007323289622527413,-0.007323289622527413,0.029117047492495798,-0.020413009077825246,0.03541750828468059,-0.031146663185752717
2025-08-14,late_night,8,0.06007147005218211,-0.06007147005218211,0.17465450969678664,0.17465450969678664,0.007659469650326826,-0.006791800832814752,0.18808023385783562,0.18808023385783562,0.013866834434813336,-0.013425724161048862,0.07327856761888116,-0.07327856761888116,0.03605988827000377,-0.03605988827000377
2025-08-15,late_night,8,0.032658991175217034,-0.032658991175217034,0.2597756433797004,0.2597756433797004,0.010719803666104165,0.004923832068179014,0.2616234501087705,0.2616234501087705,0.0029127128510278624,-0.0018478067290702126,0.04445325601491644,0.04445325601491644,0.03963032178558937,0.03963032178558937
2025-08-16,late_night,8,0.048140804658830694,-0.048140804658830694,0.11181040911024503,0.11181040911024503,0.005984881105071938,0.001531525753763762,0.1167565947395946,0.1167565947395946,0.005943943406771426,-0.004946185629349475,0.0709897382770707,0.0709897382770707,0.0720648130778353,0.0720648130778353
2025-08-17,late_night,8,0.006982200577372755,-0.0007126841267300899,0.36858839610646965,-0.36858839610646965,0.009800765488412064,-0.0037191942736496883,0.36901960068449974,-0.36901960068449974,0.0033750370926482376,0.0004312045780300879,0.039259778636304324,-0.039259778636304324,0.035383758790364345,-0.035383758790364345
2025-08-18,late_night,8,0.07637379072228939,0.07637379072228939,0.15143398099697125,-0.15143398099697125,0.012138509681725026,-0.0086915028882102,0.14858280618493042,-0.14858280618493042,0.007459865498227882,-0.002851174812040892,0.01589250538198139,-0.015362156185583313,0.018039148542542682,-0.017163765554901178
2025-08-19,late_night,8,0.04051780199457028,0.04051780199457028,0.1945615393429409,0.1945615393429409,0.00784978173386076,-0.00021748700103528876,0.20764994388287575,0.20764994388287575,0.013088404539934862,-0.013088404539934862,0.026288226241625412,-0.024577959659521913,0.03195796596470542,-0.02611781321058447
2025-08-20,late_night,8,0.0860796193214946,0.0860796193214946,0.22499025874051176,0.22499025874051176,0.008688873057484291,0.005122647271060137,0.22031494567593413,0.22031494567593413,0.004675313064577587,0.004675313064577587,0.04378676924793885,-0.04378676924793885,0.016307667992583263,0.006082886130125337
2025-08-21,late_night,8,0.059793584605474515,0.059793584605474515,0.23955189445311864,-0.23955189445311864,0.005726544066760361,0.0021068450555754153,0.23455547905690366,-0.23455547905690366,0.0049964153962149625,-0.0049964153962149625,0.03838290541125144,0.03838290541125144,0.034260382765266634,0.034260382765266634
2025-08-22,late_night,8,0.04900514235742304,0.04900514235742304,0.09934474848621298,-0.09934474848621298,0.00497090603817334,-0.00068638581947051,0.09237613536759084,-0.09237613536759084,0.006968613118622163,-0.006968613118622163,0.07329592450167238,0.07329592450167238,0.04884928105639913,0.04884928105639913
2025-08-23,late_night,8,0.005328913660998302,-0.004124451188517231,0.04467284688053257,-6.828793785027681e-05,0.005339783627998623,0.0002547429363194999,0.044076138288816534,0.007226424190788568,0.0072947121286388375,-0.0072947121286388375,0.026494755614635962,0.026494755614635962,0.004230784010869411,0.002281027510656848
2025-08-24,late_night,8,0.006351041203146945,-0.005458651976810891,0.05529368125031711,0.04198533520066938,0.006544158439455321,-0.0009981960825428994,0.0533567232596375,0.050140966247957094,0.009540850551664868,-0.008155631047287682,0.004780593954639412,-0.004780593954639412,0.030960821814452914,-0.030960821814452914
2025-08-25,late_night,8,0.007993808796618207,0.006068772705229597,0.09755953172842018,-0.09755953172842018,0.006124963421740378,0.0033971276707461997,0.08616675437954775,-0.08616675437954775,0.011392777348872413,-0.011392777348872413,0.006496558503315824,0.0012258517623852249,0.02321491839426682,-0.02321491839426682
2025-08-26,late_night,8,0.11012854469998185,0.11012854469998185,0.14900910174560533,0.14900910174560533,0.004915416609855989,0.00268689805269374,0.14684966007551115,0.14684966007551115,0.0028984241040835614,0.0021594416700941865,0.013910577285888162,-0.013432123415815338,0.021128849001426336,0.021128849001426336
2025-08-27,late_night,8,0.035023208997837785,0.035023208997837785,0.03415711807876136,0.03415711807876136,0.004615265263001938,-0.0010614873420138875,0.03925969097528012,0.03925969097528012,0.005102572896518788,-0.005102572896518788,0.0130514992487475,-0.0130514992487475,0.00554289422106545,-0.0036285527746289375
2025-08-28,late_night,8,0.036891265423497965,-0.036891265423497965,0.26069205172666654,0.26069205172666654,0.006908389994998116,0.0020607353568472646,0.25621152145785697,0.25621152145785697,0.0044805302688094625,0.0044805302688094625,0.012138860325821812,0.011030824979958762,0.043802197588197714,0.043802197588197714
2025-08-29,late_night,8,0.05843220889967893,-0.05843220889967893,0.14909509721034359,-0.14909509721034359,0.007083712043394188,0.0016127875231953404,0.14538142558121844,-0.14538142558121844,0.0037136716291252124,-0.0037136716291252124,0.009860024340769899,-0.009003751456403574,0.013106287388871304,0.0051985617180156235
2025-08-30,late_night,8,0.028773854582760383,-0.028773854582760383,0.12879227803993526,-0.12879227803993526,0.008889879785970322,-0.006209380988043021,0.1251711764523632,-0.1251711764523632,0.0037876575335483754,-0.0036211015875721,0.008638380307546198,0.006415647377981025,0.004971169021245947,-0.0036944738648258535
2025-08-31,late_night,8,0.042462123511282035,-0.042462123511282035,0.14283934354049982,0.14283934354049982,0.004709588525038997,-0.0027284493781635725,0.1461240897782241,0.1461240897782241,0.0032847462377242876,-0.0032847462377242876,0.01257374666686825,0.01257374666686825,0.013559845528071865,0.01252053642518007
2025-09-01,late_night,9,0.0262150292864205,-0.0262150292864205,0.13193115633339406,0.13193115633339406,0.0055158069645882355,-0.0006877883958577146,0.134998853875204,0.134998853875204,0.003067697541809975,-0.003067697541809975,0.00898271281059605,0.0029421669551584003,0.016876675700652585,0.01533822472597722
2025-09-02,late_night,9,0.012086702016424089,-0.011080353458630732,0.06253711167980007,0.06253711167980007,0.011149605667747113,-0.004297318728235687,0.06372956459196583,0.06372956459196583,0.003992346025050763,-0.0011924529121657625,0.041666073750540156,-0.041666073750540156,0.0044102261274028,-0.0036081277559907865
2025-09-03,late_night,9,0.06416523988223,-0.06416523988223,0.16090698191590685,0.16090698191590685,0.00472983822162875,-0.0019991973178601977,0.17022718966966527,0.17022718966966527,0.009320207753758462,-0.009320207753758462,0.029751362663592688,-0.029751362663592688,0.02089155060892226,-0.020747611207189105
2025-09-04,late_night,9,0.04353071139625647,-0.04353071139625647,0.2156394572893081,0.2156394572893081,0.005517735507120624,-0.003299736272862149,0.2133660562877565,0.2133660562877565,0.002289004663858875,0.0022734010015516247,0.0527424824630819,0.0527424824630819,0.07850947625482588,0.07850947625482588
2025-09-05,late_night,9,0.012089331847149887,-0.01149674332357109,0.11694559190776552,-0.11694559190776552,0.006410212394480743,-0.0013143017358010507,0.1127084086421297,-0.1127084086421297,0.004237183265635837,-0.004237183265635837,0.01044209354144484,-0.0035030221879773617,0.01929015901887271,0.01914814815967192
2025-09-06,late_night,9,0.05823847803620147,0.05823847803620147,0.03275506765773803,0.029051564707419847,0.007872485939128048,-0.002416288470994451,0.04752980732017047,0.04482634133390327,0.015774776626483425,-0.015774776626483425,0.05221599035174858,-0.05221599035174858,0.03828831916614177,-0.03828831916614177
2025-09-07,late_night,9,0.03844900182349659,0.03844900182349659,0.12618208338341483,-0.12618208338341483,0.006061584501245212,-0.002429086980527363,0.109618708183246,-0.109618708183246,0.016563375200168876,-0.016563375200168876,0.029855065655218976,-0.029855065655218976,0.07043160053600186,-0.07043160053600186
2025-09-08,late_night,9,0.025462897698801,-0.025462897698801,0.05327940623629483,0.05327940623629483,0.003675276100526509,-0.0009235965509504368,0.06169539052545067,0.06169539052545067,0.0092959256500556,-0.008415984289155826,0.03945236990646739,0.03945236990646739,0.039948706625476615,0.039948706625476615
2025-09-09,late_night,9,0.04532776239231623,-0.04532776239231623,0.02778030453450004,0.02778030453450004,0.005429022550632255,-0.0014578028324132245,0.033486598904670664,0.033486598904670664,0.0057062943701706,-0.0057062943701706,0.06580678022136227,0.06580678022136227,0.049462820564761104,0.049462820564761104
2025-09-10,late_night,9,0.0547933997852188,-0.0547933997852188,0.2957120172666091,0.2957120172666091,0.011789881788489468,-0.0004197209838601879,0.28737036952597317,0.28737036952597317,0.008341647740635874,0.008341647740635874,0.011803644569288554,0.011745087005124255,0.06539608832299457,0.06539608832299457
2025-09-11,late_night,9,0.03867955031713749,0.03867955031713749,0.22854228344101574,-0.22854228344101574,0.007983289473714327,0.0009370963486769,0.23207379546185752,-0.23207379546185752,0.00353151202084175,0.00353151202084175,0.01723328074709016,-0.0014181800494756777,0.04399540248553019,0.04399540248553019
2025-09-12,late_night,9,0.012066539980858382,0.007771149795155141,0.05543218566854996,0.04086467666732191,0.03498569007948112,-0.03498569007948112,0.04820304398601122,0.03145277548225217,0.0094119011850696,0.0094119011850696,0.023374636780355562,-0.02162352016097576,0.02428578546586989,-0.02428578546586989
2025-09-13,late_night,9,0.015555448743939937,0.0019802625366333593,0.30136860783605934,0.30136860783605934,0.027155895059137517,-0.027155895059137517,0.3002433909294534,0.3002433909294534,0.0021115787508820746,0.0011252169066058749,0.007953572386511188,0.00794726079276893,0.020940640782473152,0.020940640782473152
2025-09-14,late_night,9,0.020453946776125553,0.020453946776125553,0.1887502270657811,-0.1887502270657811,0.011958892243143287,-0.0031559721931773855,0.18050719797736792,-0.18050719797736792,0.008243029088413113,-0.008243029088413113,0.018930398175564,0.017209612270556722,0.016387877829724423,0.005584708529607935
2025-09-15,late_night,9,0.024357492183663954,0.024357492183663954,0.1377483418991752,0.1377483418991752,0.025361736876876463,0.024416225069876535,0.13092173963975384,0.13092173963975384,0.006826602259421362,0.006826602259421362,0.02128094087840985,-0.02128094087840985,0.010483995511011472,-0.010294647698743713
2025-09-16,late_night,9,0.15174649254823713,0.15174649254823713,0.10377776647990722,0.10377776647990722,0.012584967277965603,0.0036509063357994514,0.10312530547680127,0.10312530547680127,0.0008363738318733875,0.0006524610031059125,0.006659870991396705,0.006609378241458631,0.009418125117787647,-0.005840328076169375
2025-09-17,late_night,9,0.1949186703555238,0.1949186703555238,0.077988068482896,0.077988068482896,0.08787439113092532,0.08787439113092532,0.08603070446999245,0.08603070446999245,0.008042635987096413,-0.008042635987096413,0.018761826026031186,0.018761826026031186,0.018100072954360315,-0.018100072954360315
2025-09-18,late_night,9,0.05574452189776752,0.05574452189776752,0.02166472084234887,0.02166472084234887,0.008308248890416437,0.0005304368574222378,0.028322663291213232,0.028322663291213232,0.008834039713556225,-0.0066579424488644005,0.008621461729875912,-0.002128059023431288,0.01434590193205558,-0.01434590193205558
2025-09-19,late_night,9,0.11446688878754208,-0.11446688878754208,0.10550521462275358,0.10550521462275358,0.08674707035973869,0.08674707035973869,0.1122452954512915,0.1122452954512915,0.00674008082853795,-0.00674008082853795,0.025661537579633725,-0.025661537579633725,0.004855368808280351,-0.004855368808280351
2025-09-20,late_night,9,0.15095053044851897,-0.15095053044851897,0.0524929115271901,-0.0524929115271901,0.004853527926772202,0.00025956429265035046,0.044833003571742316,-0.044833003571742316,0.007829970342392,-0.007659907955447825,0.04572118506891669,-0.04572118506891669,0.010622499929244383,-0.010622499929244383
2025-09-21,late_night,9,0.08339280892982531,-0.08339280892982531,0.0717311752197376,0.0717311752197376,0.008790472184529788,0.002156636517319864,0.06639358311734381,0.06639358311734381,0.005337592102393685,0.005337592102393685,0.014300844165617775,0.014300844165617775,0.037047389707594545,-0.037047389707594545
2025-09-22,late_night,9,0.007594951136517203,-0.0019899052492954317,0.2510936955431277,0.2510936955431277,0.004608340042090318,-0.001910835005468613,0.24191725186905394,0.24191725186905394,0.009176443674073689,0.009176443674073689,0.03712602164630012,-0.03712602164630012,0.042503587175728164,-0.042503587175728164
2025-09-23,late_night,9,0.012248874911190366,-0.012248874911190366,0.08031871213324901,-0.08031871213324901,0.004940312340728238,-0.0012813411907025615,0.08542391486049368,-0.08542391486049368,0.005105202727244712,0.005105202727244712,0.0617193219850567,-0.0617193219850567,0.10447905467349147,-0.10447905467349147
2025-09-24,late_night,9,0.014841011396725945,-0.0027104788682031367,0.12022279929740881,-0.12022279929740881,0.007678492092577788,0.00437156761573141,0.10822516088156997,-0.10822516088156997,0.011997638415838813,-0.011997638415838813,0.048378278373383134,0.048378278373383134,0.023124627539342815,-0.023124627539342815
2025-09-25,late_night,9,0.0368711033879322,0.0368711033879322,0.19003647727383877,0.19003647727383877,0.004486491218455041,0.001430627914911789,0.18758284520653598,0.18758284520653598,0.0031789393815172752,0.0024536320673028003,0.02582975908506971,0.02582975908506971,0.005839363804903228,-0.005763449357947717
2025-09-26,late_night,9,0.01667137358198101,0.01667137358198101,0.042961353044090225,-0.042961353044090225,0.005558322561324299,0.0006561427661222214,0.04499000446608099,-0.04499000446608099,0.00602809799000155,0.00202865142199075,0.033734679603151047,0.033734679603151047,0.024236256987198036,0.024236256987198036
2025-09-27,late_night,9,0.02893690408776861,-0.02893690408776861,0.03435917673953781,0.021890798623755592,0.004972834580705677,0.0020815986806063252,0.03254503184375965,0.021782887902967812,0.002083264240066125,0.00010791072078777475,0.03510955510667292,-0.03510955510667292,0.03995852466018679,-0.03995852466018679
2025-09-28,late_night,9,0.005772478443439977,-0.0008564482064147283,0.14107989912382124,-0.14107989912382124,0.007188905272431833,0.004079919388224589,0.13771432942178638,-0.13771432942178638,0.004345093986423638,-0.003365569702034888,0.07366392548125572,-0.07366392548125572,0.06606327637816578,-0.06606327637816578
2025-09-30,late_night,9,0.05309715896698697,-0.05309715896698697,0.07339717298462112,-0.07339717298462112,0.004483861387729113,-0.0018478943900944404,0.07128910067470694,-0.07128910067470694,0.003286411797184025,-0.002108072309914125,0.026421208015333836,0.026421208015333836,0.01671310022949908,0.012558318326609377
2025-10-01,late_night,10,0.012631076976693745,-0.012631076976693745,0.010077073036684203,0.009758162230651735,0.00585444150106525,0.0028953559682366493,0.0074783619743337415,0.0007898258280241433,0.008968336402627588,0.008968336402627588,0.011416095181309115,-0.0007735208775234122,0.013251541705967373,0.008253811394389438
2025-10-02,late_night,10,0.062312085830683706,-0.062312085830683706,0.05171001092007749,0.05171001092007749,0.005898009030091689,0.004354123071916037,0.043935705328051244,0.043935705328051244,0.007774305592026262,0.007774305592026262,0.0082787071252617,-0.0082787071252617,0.022644595770834386,0.022644595770834386
2025-10-03,late_night,10,0.08377676421581265,-0.08377676421581265,0.011895075017527137,0.008437373579060145,0.007296027044001825,-0.004304857576316724,0.011189929738878182,0.005258784841639705,0.0034834737795812125,0.0031785887374204875,0.022029390703012658,0.022029390703012658,0.009550405603302468,-0.0036506433527268498
2025-10-04,late_night,10,0.0842282184904326,0.0842282184904326,0.010368896586239476,-0.007566548964676942,0.004502357863834863,-0.0043238800185676635,0.01334104361167359,-0.01171002259544509,0.004143473630768087,0.004143473630768087,0.01954647985362775,0.01954647985362775,0.03137510781481279,-0.03137510781481279
2025-10-05,late_night,10,0.09928662922716963,0.09928662922716963,0.1315734993546661,0.1315734993546661,0.007509043332803039,0.007509043332803039,0.12741556165490533,0.12741556165490533,0.0041579376997608036,0.0041579376997608036,0.015568247253472861,0.010487940257100387,0.009239296628423682,-0.005416750007244481
2025-10-06,late_night,10,0.07368873355110367,0.07368873355110367,0.019170677042890792,0.008881376666623149,0.0090978117353681,0.0090978117353681,0.018033362914945582,0.007891859025475782,0.0023924446724125623,0.0009895176411473376,0.018471931019008302,0.0173875641496787,0.06833641439664478,0.06833641439664478
2025-10-07,late_night,10,0.012436469502973946,-0.010483381883842013,0.08143568890358022,0.08143568890358022,0.006947662133838874,-0.005022100076304974,0.07996131813759363,0.07996131813759363,0.001474370765986625,0.001474370765986625,0.03599589572233917,-0.03599589572233917,0.009804359590404196,-0.009518058685373434
2025-10-08,late_night,10,0.028296978611123402,-0.028296978611123402,0.12278539401778972,0.12278539401778972,0.003939837071556122,0.0010493024596504256,0.12028609055687972,0.12028609055687972,0.0024993034609098828,0.0024993034609098828,0.05423421011185972,-0.05423421011185972,0.05864952057866602,-0.05864952057866602
2025-10-09,late_night,10,0.029915201117818813,0.026866350696211516,0.1212036384971605,0.1212036384971605,0.07921339427913603,0.07921339427913603,0.1253719201977767,0.1253719201977767,0.005932021507480461,-0.004168281700616211,0.03854402637372741,-0.03854402637372741,0.06729885851423695,-0.06729885851423695
2025-10-10,late_night,10,0.016602997983106493,-0.005350828917047745,0.06373438594829675,-0.06373438594829675,0.06704569347635306,0.0664627476654362,0.0689473240742808,-0.0689473240742808,0.005212938125984,0.005212938125984,0.09953155412877891,0.09953155412877891,0.1059088059781613,0.1059088059781613
2025-10-11,late_night,10,0.03734622613908567,-0.03734622613908567,0.09929145058350061,-0.09929145058350061,0.07119398846345212,0.07119398846345212,0.0983393641996858,-0.0983393641996858,0.00273476097190585,-0.0009520863838147749,0.041898901430810126,0.041898901430810126,0.13013945265981064,0.13013945265981064
2025-10-12,late_night,10,0.08940109552835823,-0.08940109552835823,0.10002420908477189,-0.10002420908477189,0.03635390334516389,-0.03635390334516389,0.11195014078281673,-0.11195014078281673,0.01192593169804482,0.01192593169804482,0.046305884100317524,-0.046305884100317524,0.040002881138431014,0.040002881138431014
2025-10-13,late_night,10,0.10943952904978532,-0.10943952904978532,0.07379673193291575,-0.07379673193291575,0.007423310851137349,0.0020584561702181228,0.084254516797692,-0.084254516797692,0.01045778486477625,0.01045778486477625,0.0187358783628686,0.017571213995373598,0.07603138676177186,0.07603138676177186
2025-10-14,late_night,10,0.0899893010007271,-0.0899893010007271,0.13785730455225337,0.13785730455225337,0.014652452533676063,-0.008967109148288787,0.1270295901653614,0.1270295901653614,0.010827714386891837,0.010827714386891837,0.11031456139332985,0.11031456139332985,0.11048050371213683,0.11048050371213683
2025-10-15,late_night,10,0.03008876994573101,-0.03008876994573101,0.009286458259442215,-0.0035979590771838266,0.045459429250661446,0.045459429250661446,0.013419149584234,-0.00598339086766056,0.006961687897710487,0.002385431790476637,0.031905106367114015,-0.0027965619939654598,0.05254340427712819,-0.05254340427712819
2025-10-16,late_night,10,0.10216541726183304,-0.10216541726183304,0.10629407617951164,0.10629407617951164,0.01180758931537748,0.004295565507751774,0.10312705869728539,0.10312705869728539,0.0036498544035090874,0.003167017482226338,0.006189394274525912,0.006189394274525912,0.022080584741144313,0.022080584741144313
2025-10-17,late_night,10,0.091724112669606,-0.091724112669606,0.032094191196309185,0.032094191196309185,0.08755881144381249,0.08755881144381249,0.031190406036827524,0.031190406036827524,0.0009037851594816375,0.0009037851594816375,0.03336238323338204,0.00259774679108434,0.034039915289408564,0.004804437753221293
2025-10-18,late_night,10,0.047314161200643245,-0.047314161200643245,0.16099324036371773,-0.16099324036371773,0.013886821148330512,-0.0006954149049629363,0.16663922394924005,-0.16663922394924005,0.005645983585522263,0.005645983585522263,0.00388119184636765,-0.00388119184636765,0.03948445384132384,-0.03948445384132384
2025-10-19,late_night,10,0.11891919220655994,0.11891919220655994,0.08870340143676607,0.08870340143676607,0.01878593280768565,-0.015779510321790098,0.08579989299327902,0.08579989299327902,0.003033597403396888,0.0029035084434870127,0.025948978077979048,-0.017613641931085423,0.02244025792342881,-0.012463206115354536
2025-10-20,late_night,10,0.05203821379467516,0.03966047717791338,0.015505569621171271,0.014248335212123174,0.012126237138337312,0.0048680796567890615,0.03289655255079372,0.03289655255079372,0.018648217338670548,-0.018648217338670548,0.10485555877242202,-0.10485555877242202,0.10781280342374244,-0.10781280342374244
2025-10-21,late_night,10,0.013985439800553112,-0.009002787185137251,0.019879854728652863,0.019262721118298715,0.09889110268598822,0.09889110268598822,0.01660895893275187,0.01653076529916722,0.0033690761430027003,0.00273195581913145,0.02213361966078411,-0.017779496588868085,0.0350608155772188,-0.03328445258286999
2025-10-22,late_night,10,0.09871858579036669,-0.09871858579036669,0.10903707728769209,-0.10903707728769209,0.025569756487298388,0.023503761468999285,0.11381907381871868,-0.11381907381871868,0.004781996531026501,0.004781996531026501,0.07333019996213382,0.07333019996213382,0.0592833097836177,0.0592833097836177
2025-10-23,late_night,10,0.03796598958016567,-0.03796598958016567,0.10915471838216587,0.10915471838216587,0.04189592095598742,0.04189592095598742,0.10627996275461574,0.10627996275461574,0.004634813671397987,0.0028747556275500125,0.020073585592130447,0.011104986206430295,0.03624108360702104,0.033985565454405786
2025-10-24,late_night,10,0.06129521794998699,0.06129521794998699,0.09218845311478283,0.09218845311478283,0.0318033319180201,0.027672569135760675,0.09345059654118604,0.09345059654118604,0.0031244142244661,-0.0012621434264032247,0.025207628796336323,0.013143017358010226,0.029208828584831127,0.020873667759985885
2025-10-25,late_night,10,0.07570406049741629,-0.07570406049741629,0.015574558847215134,0.0020176061329418155,0.006220952243237196,0.003461733845580125,0.012409820551617962,-2.4019120630269786e-05,0.0031647382955971998,0.002041625253572075,0.0237518421674797,-0.006590268138183501,0.026334423601377804,0.026334423601377804
2025-10-26,late_night,10,0.09705127311011985,-0.09705127311011985,0.018041866034292767,0.011619994723593804,0.02124824331638405,0.011692841034702278,0.019430942623734695,0.010138874058743877,0.0024525801350123878,0.0014811206648498625,0.023305033927142373,0.01985785181157915,0.06782938303268343,0.06782938303268343
2025-10-27,late_night,10,0.014766499526157828,-0.012571467480239074,0.28515333456298086,0.28515333456298086,0.0654610451419253,0.0654610451419253,0.277067569351979,0.277067569351979,0.008085765211001739,0.008085765211001739,0.06697346079241386,0.06697346079241386,0.1133037146574585,0.1133037146574585
2025-10-28,late_night,10,0.017513796024523742,-0.017513796024523742,0.09309136166402254,0.09309136166402254,0.0248675916834722,-0.018226041846132846,0.09090711192408027,0.09090711192408027,0.0021842497399422504,0.0021842497399422504,0.011066678338855775,-0.0074757321436077755,0.03995694676175124,0.03995694676175124
2025-10-29,late_night,10,0.07724864774378576,0.07724864774378576,0.08144988998950031,0.08144988998950031,0.09862207100272448,0.09862207100272448,0.0848222095903984,0.0848222095903984,0.0033723196008981,-0.0033723196008981,0.031722508453709546,-0.029985242276153023,0.05366844586168569,-0.05366844586168569
2025-10-30,late_night,10,0.011415218571067254,0.010927823276526138,0.08674049578292382,-0.08674049578292382,0.06476317572828481,0.06329730808164541,0.06919584307788226,-0.06919584307788226,0.01754465270504159,-0.01754465270504159,0.048665806532752674,-0.048665806532752674,0.0662933865666856,-0.0662933865666856
2025-10-31,late_night,10,0.006682399874615719,0.005926761846028583,0.2788474387872958,0.2788474387872958,0.013782416868510627,0.011732200834567202,0.2786191694802841,0.2786191694802841,0.0012626693925483876,0.00022826930701166242,0.03005598472268083,0.01868372005347073,0.049947936672672985,0.049947936672672985
2025-11-01,late_night,11,0.06660484618566104,-0.06660484618566104,0.14883255244287055,0.14883255244287055,0.14994181504307239,0.14994181504307239,0.14976210994346642,0.14976210994346642,0.000929557500595875,-0.000929557500595875,0.021158040122484262,-0.010217944302570463,0.02194611273002453,-0.018730180396295704
2025-11-02,late_night,11,0.03661337997678993,0.03661337997678993,0.2544765344669296,0.2544765344669296,0.007913511298452743,0.0028649375928399244,0.24501782229493824,0.24501782229493824,0.009458712171991263,0.009458712171991263,0.03645848294703214,-0.03645848294703214,0.18478084822907015,-0.14713113962421104
2025-11-03,late_night,11,0.005967962527401782,0.0019390618552603267,0.11191341081367776,0.11191341081367776,0.004137249698050117,-0.0012086702016424096,0.1098863372901226,0.1098863372901226,0.00202707352355515,0.00202707352355515,0.030906296657401702,-0.024793518118024854,0.08182954988530194,-0.05936045148491198
2025-11-04,late_night,11,0.031887574162274335,0.031887574162274335,0.18102264479965235,0.18102264479965235,0.038903524233963545,0.038903524233963545,0.18235421575722044,0.18235421575722044,0.002711881444590175,-0.0013315709575680247,0.012757308851538912,0.012222050637785762,0.0435261530229981,0.0435261530229981
2025-11-05,late_night,11,0.01272224444185971,0.011144346006295158,0.058057195038159884,-0.04254908324728689,0.003381786991511499,-0.00063028276398382,0.05530972321774534,-0.041781873963505786,0.0028586259990976753,-0.0007672092837811252,0.01615583909867224,0.01615583909867224,0.04856859045691703,0.04856859045691703
2025-11-06,late_night,11,0.027279234120184015,0.027279234120184015,0.0336309766115247,0.0336309766115247,0.016745710130500753,-0.016745710130500753,0.02624483403464742,0.023942855539207192,0.0096881210723175,0.0096881210723175,0.04755812183098637,-0.04755812183098637,0.03240012817076027,0.03240012817076027
2025-11-07,late_night,11,0.0129291244589671,0.0129291244589671,0.4090620169448441,0.4090620169448441,0.05674902957405275,-0.05674902957405275,0.4022527715682138,0.4022527715682138,0.006809245376630187,0.006809245376630187,0.026538586126734987,0.026538586126734987,0.14125110110407998,0.14125110110407998
2025-11-08,late_night,11,0.023581692119511277,-0.023581692119511277,0.256067669717148,0.256067669717148,0.08492179251388737,-0.08492179251388737,0.24936493248491837,0.24936493248491837,0.006702737232229524,0.006702737232229524,0.024817449577630928,0.023032145158813903,0.13423243354064074,0.13423243354064074
2025-11-09,late_night,11,0.010950615142817421,0.010422895777145336,0.01640944244167719,0.016315995789882076,0.004966172342866629,-0.003728924647335652,0.018166870654799216,0.018166870654799216,0.0033256839360247497,-0.001850874864917125,0.026274638782874726,0.02102076295859015,0.07909636681183166,0.07909636681183166
2025-11-10,late_night,11,0.0334426807315476,0.0334426807315476,0.2622312916505596,0.2622312916505596,0.004528656171094301,0.0018283459816982768,0.2622291877859789,0.2622291877859789,0.0050091262447237005,2.103864580774639e-06,0.013284765234138452,-0.00010387831367464698,0.06620835537321351,0.06620835537321351
2025-11-11,late_night,11,0.008495229855030872,-0.0072627158548067006,0.2511959959583667,0.2511959959583667,0.07519580187911623,-0.07519580187911623,0.24708925229673767,0.24708925229673767,0.004106743661629187,0.004106743661629187,0.020452894843835348,-0.0022462260840502516,0.0821476717421166,0.0821476717421166
2025-11-12,late_night,11,0.010869967000555147,0.00837688747236337,0.019546041548506782,-0.01839031860547999,0.004249894114144535,-0.0025580363471226115,0.020724819340897607,-0.020724819340897607,0.0023345007354176627,0.0023345007354176627,0.012921410288837634,-0.012921410288837634,0.024810787339791904,0.024810787339791904
2025-11-13,late_night,11,0.008981748539329704,0.007749234539105532,0.22357900391194777,0.22357900391194777,0.07301935397032758,-0.07301935397032758,0.221967355982067,0.221967355982067,0.0022040611314110376,0.0016116479298807374,0.03171532024972533,-0.0289431280204869,0.04582637829795433,0.04582637829795433
2025-11-14,late_night,11,0.009120252957562913,-0.009120252957562913,0.34178349578822104,0.34178349578822104,0.08019248025840375,-0.08019248025840375,0.33673930513381833,0.33673930513381833,0.005044190654402876,0.005044190654402876,0.030055721739608264,0.02034515944509596,0.1130672928751964,0.1130672928751964
2025-11-15,late_night,11,0.020201483026435263,-0.020201483026435263,0.02681156255608763,0.00032443345055682693,0.044034148658225664,-0.044034148658225664,0.024623105086983843,0.0021485717030935714,0.003211812265591537,-0.0018241382525367375,0.0224413975167434,0.015737958996320252,0.04256196941784399,0.041955705774490426
2025-11-16,late_night,11,0.08414406390720264,-0.08414406390720264,0.2432845885244949,0.2432845885244949,0.0076673591425046594,-0.0060884087746497575,0.24199088712938047,0.24199088712938047,0.001990255893392,0.0012937013951144752,0.039778556577508235,0.039778556577508235,0.10033260056790055,0.10033260056790055
2025-11-17,late_night,11,0.07909917196460586,-0.07909917196460586,0.42392792407244223,0.42392792407244223,0.013526446677852407,0.0028596779313880515,0.418869795315192,0.418869795315192,0.0050581287572503625,0.0050581287572503625,0.021614228092410787,-0.0009895176411473128,0.07553128061872207,0.07553128061872207
2025-11-18,late_night,11,0.07847414886207399,-0.07847414886207399,0.029416146907059487,0.0020459206437577204,0.062164377004910065,-0.062164377004910065,0.022902319181976633,0.005233363144622111,0.006513827725082801,-0.0031874425008644753,0.030638492228476727,-0.030638492228476727,0.015986477999921693,0.015419311173360449
2025-11-19,late_night,11,0.050941574381957844,-0.050941574381957844,0.027970528957009785,0.027970528957009785,0.019438744454888374,-0.016867120649015004,0.02034612371636217,0.02034612371636217,0.007624405240647524,0.007624405240647524,0.030164246087565398,-0.015367766491131975,0.025653385104383336,0.02262224220966394
2025-11-20,late_night,11,0.03402650315270611,0.03402650315270611,0.08465118293218801,-0.08465118293218801,0.07767336540602507,-0.07767336540602507,0.09080805496673652,-0.09080805496673652,0.006156872034548438,0.006156872034548438,0.010568763721410974,-0.0105589456867008,0.06902683262322847,0.06902683262322847
2025-11-21,late_night,11,0.04524623763981167,0.04524623763981167,0.09176417375766435,0.09176417375766435,0.050465838003634925,-0.050465838003634925,0.08557293860163032,0.08557293860163032,0.006394784054221888,0.006191235156034062,0.00735475993021448,0.00063519178133892,0.07938968059879828,0.07938968059879828
2025-11-22,late_night,11,0.0650681484314698,0.0650681484314698,0.3541998032556297,0.3541998032556297,0.08322432444131676,-0.08322432444131676,0.3477907304544636,0.3477907304544636,0.006409072801166175,0.006409072801166175,0.027694046086689197,0.02485978985231857,0.10152803395488909,0.10152803395488909
2025-11-23,late_night,11,0.11437221488140803,0.11437221488140803,0.28129537288802553,0.28129537288802553,0.01346175284199427,-3.4713765582398276e-05,0.2794107485287922,0.2794107485287922,0.0032661621005943124,0.0018846243592333875,0.022814745818802766,0.017239680001856612,0.07075892680035727,0.07075892680035727
2025-11-24,late_night,11,0.05862681637339878,0.05862681637339878,0.17292776284213396,0.17292776284213396,0.008526261857596924,0.003937908529023801,0.1724949803656683,0.1724949803656683,0.004560214139805551,0.0004327824764656248,0.017167797962014238,-0.016654104360213813,0.016315995789882035,-0.01135701165099963
2025-11-25,late_night,11,0.016106836586145756,0.008438250189302332,0.355018907865736,0.355018907865736,0.0899133865537714,-0.0899133865537714,0.3482255291344858,0.3482255291344858,0.0067933787312503624,0.0067933787312503624,0.017638450000933455,0.005913963336495728,0.032998502321936005,0.032998502321936005
2025-11-26,late_night,11,0.07903605602718333,-0.07903605602718333,0.3227697319786448,0.3227697319786448,0.053464020353255884,-0.053464020353255884,0.31672541669916665,0.31672541669916665,0.006044315279478138,0.006044315279478138,0.015995682407462464,0.003971219718219038,0.06545298032769907,0.06545298032769907
2025-11-27,late_night,11,0.06313785267862926,-0.06313785267862926,0.2770729166744552,0.2770729166744552,0.07999436634371623,-0.07999436634371623,0.2766143618568752,0.2766143618568752,0.002478440137150825,0.00045855481757989995,0.033545507112931694,-0.033545507112931694,0.030980545544897417,0.030980545544897417
2025-11-28,late_night,11,0.0046223658059619255,-0.003914064730442035,0.5113987238479599,0.5113987238479599,0.0674241261178159,-0.0674241261178159,0.5081560549018509,0.5081560549018509,0.004057039860908912,0.0032426689461092623,0.017840158017613135,-0.017840158017613135,0.08659760831348105,0.08659760831348105
2025-11-29,late_night,11,0.04735010222056468,0.04735010222056468,0.5045535374514087,0.5045535374514087,0.08267398853140154,-0.08267398853140154,0.4958668559195293,0.4958668559195293,0.008686681531879327,0.008686681531879327,0.013455791892348811,0.00663856936251661,0.09194273926395574,0.09194273926395574
2025-11-30,late_night,11,0.016931726823848692,0.016931726823848692,0.14855256313158205,0.14855256313158205,0.0060152118194444215,0.0022889170028346922,0.1459932995301206,0.1459932995301206,0.0025592636014613135,0.0025592636014613135,0.029845948908702374,0.029845948908702374,0.031565595220395135,0.03125352197425012
2025-12-01,late_night,12,0.013889889284177281,-0.0028919371882930034,0.30166192162302596,0.30166192162302596,0.010981647145383685,0.00987939742711771,0.31498946543697304,0.31498946543697304,0.015904251959223913,-0.013327543813947088,0.038757656289697996,-0.003234604131882996,0.039061752382640966,0.0382252908897434
2025-12-02,late_night,12,0.018812055792896965,-0.017661943155418525,0.2775328740684222,0.2775328740684222,0.07194427916956297,-0.07194427916956297,0.2722190381035863,0.2722190381035863,0.005313835964836,0.005313835964836,0.022588229732275103,-0.021849597942382528,0.041413259356753065,0.041413259356753065
2025-12-03,late_night,12,0.018299238801338102,-0.018299238801338102,0.32168492680419414,0.32168492680419414,0.07143838739891618,-0.07143838739891618,0.3130252448677678,0.3130252448677678,0.008659681936426227,0.008659681936426227,0.06316432630793695,0.05914401641616702,0.13960614198500398,0.13960614198500398
2025-12-04,late_night,12,0.03337342852243097,-0.03337342852243097,0.043037705796166725,0.03753136622219183,0.007250005006297824,-0.005645983585522322,0.04074046099603312,0.039886642620344304,0.0038832080499242,-0.002355276398152575,0.01606151583663515,-0.014886332146236398,0.025258998156516402,0.025258998156516402
2025-12-05,late_night,12,0.04107269627774368,-0.04107269627774368,0.5653450551563532,0.5653450551563532,0.08776271098609703,-0.08776271098609703,0.5555359618706426,0.5555359618706426,0.009809093285710774,0.009809093285710774,0.08385750001909913,-0.08385750001909913,0.02824350538636239,0.02824350538636239
2025-12-06,late_night,12,0.026645444915232575,-0.026645444915232575,0.365092299139404,0.365092299139404,0.0503309276873942,-0.041021326917563675,0.3549131886705532,0.3549131886705532,0.010179110468850727,0.010179110468850727,0.04080042113658465,0.02243193012613,0.1170283439146085,0.1170283439146085
2025-12-07,late_night,12,0.036299553510161287,0.036299553510161287,0.18676084778263097,0.18676084778263097,0.012284465287014736,0.004347636156125354,0.19459397392189423,0.19459397392189423,0.00888663632807504,-0.007833126139263138,0.09446492225218141,0.09446492225218141,0.04710544030202776,0.04710544030202776
2025-12-08,late_night,12,0.028508241679440327,0.028508241679440327,0.1883959888669968,0.1883959888669968,0.008408270119026375,-0.005309277591577705,0.18244275339166047,0.18244275339166047,0.005953235475336399,0.005953235475336399,0.02554819187534569,0.02554819187534569,0.08206903980341096,0.08206903980341096
2025-12-09,late_night,12,0.055125635066929746,0.055125635066929746,0.028335812444842873,7.196970086645327e-05,0.006564320475020889,-0.00045487305456356347,0.019389741942361594,0.007026031089471918,0.0098384597288172,-0.0069540613886053,0.06582334815493576,-0.06582334815493576,0.022130726846985596,0.022130726846985596
2025-12-10,late_night,12,0.06907688706804554,0.06907688706804554,0.07276943239033903,0.07276943239033903,0.13847864589176895,0.13847864589176895,0.07054266705366072,0.07054266705366072,0.0022267653366782104,0.0022267653366782104,0.054301621439468026,-0.054301621439468026,0.06650605221138994,-0.06650605221138994
2025-12-11,late_night,12,0.10056122051900895,0.10056122051900895,0.6130323016759834,0.6130323016759834,0.0078213795620206,0.0009424436711529954,0.6075754029196563,0.6075754029196563,0.005456898756327124,0.005456898756327124,0.03125939526287137,0.024855932767253855,0.11689632641216621,0.11689632641216621
2025-12-12,late_night,12,0.02333799447224083,-0.02333799447224083,0.29313425718904196,0.29313425718904196,0.011045552032024045,0.0004944958375010747,0.2842391177416197,0.2842391177416197,0.008895139447422193,0.008895139447422193,0.046174041919923726,0.046174041919923726,0.1677336718363524,0.1677336718363524
2025-12-13,late_night,12,0.06253562144238883,-0.06253562144238883,0.1801261355051792,0.1801261355051792,0.07321659127477315,-0.07321659127477315,0.1768315712327447,0.1768315712327447,0.003294564272434463,0.003294564272434463,0.045673585132777195,0.045673585132777195,0.12615920385609916,0.12615920385609916
2025-12-14,late_night,12,0.012590752905562774,-0.010097673377370886,0.12634802570222176,0.12634802570222176,0.015857177989229553,-0.004860628469732231,0.12336009969243186,0.12336009969243186,0.004309152966502437,0.0029879260097897624,0.01573962455578,0.005093894455123149,0.025470348885857835,-0.02221847553220782
2025-12-15,late_night,12,0.07142094285510081,0.07142094285510081,0.0390285288544699,0.0390285288544699,0.007501767467794579,-0.0009429696372981727,0.03471464219266083,0.03471464219266083,0.004313886661809053,0.004313886661809053,0.049885522023443984,-0.049885522023443984,0.07358257605079992,-0.07358257605079992
2025-12-16,late_night,12,0.0479111327754318,0.0479111327754318,0.11892927322434266,-0.11892927322434266,0.07084948063835385,0.07084948063835385,0.11470103138317501,-0.11470103138317501,0.0049167315252189505,-0.00422824184116765,0.042058444494850536,-0.042058444494850536,0.048533263064165236,-0.048533263064165236
2025-12-17,late_night,12,0.017111431923454934,-0.014727052065268642,0.35983342663674006,0.35983342663674006,0.019007890520955036,-0.003680711084026759,0.3606111552434249,0.3606111552434249,0.0027413355487207252,-0.0007777286066848999,0.015854109853382627,0.00016208523374215298,0.09264034569452365,0.09264034569452365
2025-12-18,late_night,12,0.03847880657172409,-0.035328269362046916,0.48817828280916875,0.48817828280916875,0.017173846572683938,-0.001024932694923316,0.48312532605234604,0.48312532605234604,0.005052956756822663,0.005052956756822663,0.02841532099379055,0.02841532099379055,0.11476029023553287,0.11476029023553287
2025-12-19,late_night,12,0.017935445550916418,0.007263592465048263,0.19326336723559231,-0.19326336723559231,0.006227526820052062,0.00042050993307796505,0.1959407978976726,-0.1959407978976726,0.0026774306620803625,0.0026774306620803625,0.03501268967493411,-0.029213386958089414,0.09332874771755076,-0.09332874771755076
2025-12-20,late_night,12,0.044189922298225603,0.012263777285304145,0.17639002265385914,0.17639002265385914,0.009719240735907887,0.003940275376677134,0.1728763058209296,0.1728763058209296,0.004154518919817075,0.0035137168329294997,0.03700145533091475,-0.03700145533091475,0.017733211568091517,0.01727965342889093
2025-12-21,late_night,12,0.02756851550003775,-0.02756851550003775,0.46156237965909097,0.46156237965909097,0.02466527003962312,-0.011799086196030272,0.4577684981928245,0.4577684981928245,0.003931509274257313,0.003793881466266413,0.060440522964055866,0.060440522964055866,0.15641540635804832,0.15641540635804832
2025-12-22,late_night,12,0.056842037920726785,-0.056842037920726785,0.49892412179945966,0.49892412179945966,0.015053326397333661,-0.006668900076889136,0.49182655931424213,0.49182655931424213,0.007097562485217425,0.007097562485217425,0.04696570862945608,0.04696570862945608,0.13183139808785668,0.13183139808785668
2025-12-23,late_night,12,0.03455509912862059,-0.03455509912862059,0.06800356548776498,0.06800356548776498,0.021893779098578328,0.0036567796244207,0.06286259706264735,0.06286259706264735,0.005140968425117487,0.005140968425117487,0.047093693724785224,-0.047093693724785224,0.061138567699744795,-0.061138567699744795
2025-12-24,late_night,12,0.012935260730661036,0.009013306508041274,0.1394030313919371,0.1394030313919371,0.021886853877666663,0.0069520451850487615,0.1383475049995687,0.1383475049995687,0.0015814925375565968,0.001055526392368447,0.045337317443953536,-0.045337317443953536,0.05300923495971649,-0.05300923495971649
2025-12-25,late_night,12,0.01347875908068874,-0.0041446132240826605,0.018481661392694318,-0.00036177704686519985,0.014805070376804823,-0.007469420549865508,0.018644623236678398,0.0031005704258842415,0.0063563885256231745,-0.0034623474727494756,0.04038429425471661,0.04038429425471661,0.048866813261238706,0.048866813261238706
2025-12-26,late_night,12,0.03343391462912748,-0.0019320489733244406,0.03376159153757986,-0.03376159153757986,0.009840914237494745,0.007104137062032348,0.029134141392214374,-0.029134141392214374,0.00462745014536545,-0.00462745014536545,0.030243579314464628,0.02216789512124555,0.07776435754914265,0.05940077555604309
2025-12-27,late_night,12,0.03920726968280974,-0.015065423618673024,0.6558661079298657,0.6558661079298657,0.010462781543155539,0.0028362724379271814,0.6522874342780054,0.6522874342780054,0.004258221911443375,0.0035786736518602746,0.007126928928323825,-0.0028778237633970503,0.1297484844918874,0.1297484844918874
2025-12-28,late_night,12,0.020204112857161283,-0.020204112857161283,0.03873390015214036,0.020556334852389016,0.012745825257368972,0.006175456171678421,0.03846828724882033,0.022506967962843558,0.0019506331104545,-0.0019506331104545,0.032114791536995715,0.032114791536995715,0.05596507703464981,0.042846955407511766
2025-12-29,late_night,12,0.048004930071323726,0.048004930071323726,0.03593041293726323,0.03593041293726323,0.004225173705320702,0.0032249614192212273,0.041704556940163076,0.041704556940163076,0.005774144002899851,-0.005774144002899851,0.03084212878768876,-0.02816706497326176,0.11024048782788264,-0.11024048782788264
2025-12-30,late_night,12,0.051184395418986284,0.051184395418986284,0.07462249878086116,0.07462249878086116,0.052221250013200424,0.052221250013200424,0.07747034247398243,0.07747034247398243,0.0028478436931213,-0.0028478436931213,0.017950260264005827,0.017950260264005827,0.07122519578806656,-0.07122519578806656
2025-12-31,late_night,12,0.021528670932793426,0.021528670932793426,0.045024104604494006,0.045024104604494006,0.01259671385520815,0.006225510616495525,0.042619650371766314,0.04196114075799073,0.003062963846503163,0.003062963846503163,0.044185802230088264,0.044185802230088264,0.04630141338808347,0.04630141338808347
