fold,member_idx,member_name,member_weight,segment,scope_weight,feature,gain,split,gain_share,split_share,weighted_gain_share,weighted_split_share,best_iteration,train_rows,valid_rows
valid_2025_09,0,lgb_baseline,0.25,all,0.25,系统负荷预测值,5226.021532177925,1061.0,0.0351198627468587,0.09351313238145602,0.008779965686714675,0.023378283095364005,183,23306,2784
valid_2025_09,0,lgb_baseline,0.25,all,0.25,风光总加预测值,64330.46842080355,1060.0,0.43231303343639366,0.09342499559316059,0.10807825835909841,0.023356248898290147,183,23306,2784
valid_2025_09,0,lgb_baseline,0.25,all,0.25,联络线预测值,8254.940984725952,1206.0,0.05547477992234259,0.10629296668429403,0.013868694980585648,0.026573241671073507,183,23306,2784
valid_2025_09,0,lgb_baseline,0.25,all,0.25,风电预测值,35111.04498130083,1271.0,0.23595292768114168,0.11202185792349727,0.05898823192028542,0.028005464480874317,183,23306,2784
valid_2025_09,0,lgb_baseline,0.25,all,0.25,光伏预测值,7120.072788953781,1051.0,0.047848248912876236,0.09263176449850168,0.011962062228219059,0.02315794112462542,183,23306,2784
valid_2025_09,0,lgb_baseline,0.25,all,0.25,水电预测值,2842.736044049263,894.0,0.019103729113598138,0.07879428873611846,0.004775932278399534,0.019698572184029615,183,23306,2784
valid_2025_09,0,lgb_baseline,0.25,all,0.25,非市场化机组预测值,4774.136352479458,1021.0,0.03208310803954774,0.08998766084963863,0.008020777009886935,0.02249691521240966,183,23306,2784
valid_2025_09,0,lgb_baseline,0.25,all,0.25,hour,440.25469571352005,131.0,0.002958595633775597,0.011545919266701921,0.0007396489084438993,0.0028864798166754802,183,23306,2784
valid_2025_09,0,lgb_baseline,0.25,all,0.25,minute,3.491059899330139,3.0,2.346058923611848e-05,0.00026441036488630354,5.86514730902962e-06,6.610259122157589e-05,183,23306,2784
valid_2025_09,0,lgb_baseline,0.25,all,0.25,quarter,1264.3879301548004,310.0,0.008496928359825505,0.0273224043715847,0.0021242320899563763,0.006830601092896175,183,23306,2784
valid_2025_09,0,lgb_baseline,0.25,all,0.25,dayofweek,4451.3305540680885,961.0,0.029913791425696588,0.08469945355191257,0.007478447856424147,0.02117486338797814,183,23306,2784
valid_2025_09,0,lgb_baseline,0.25,all,0.25,month,9387.231510341167,1522.0,0.06308398849607814,0.13414419178565132,0.015770997124019536,0.03353604794641283,183,23306,2784
valid_2025_09,0,lgb_baseline,0.25,all,0.25,is_weekend,158.89355874061584,45.0,0.0010677950597736594,0.003966155473294554,0.00026694876494341485,0.0009915388683236384,183,23306,2784
valid_2025_09,0,lgb_baseline,0.25,all,0.25,hour_sin,542.7403612732887,122.0,0.0036473188787560958,0.010752688172043012,0.0009118297196890239,0.002688172043010753,183,23306,2784
valid_2025_09,0,lgb_baseline,0.25,all,0.25,hour_cos,2147.96528673172,166.0,0.014434736939095087,0.01463070685704213,0.0036086842347737716,0.0036576767142605326,183,23306,2784
valid_2025_09,0,lgb_baseline,0.25,all,0.25,quarter_sin,1186.4538156986237,264.0,0.00797319622704605,0.023268112109994712,0.0019932990567615126,0.005817028027498678,183,23306,2784
valid_2025_09,0,lgb_baseline,0.25,all,0.25,quarter_cos,1563.125002503395,258.0,0.01050449853795845,0.022739291380222106,0.0026261246344896124,0.005684822845055526,183,23306,2784
valid_2025_09,1,lgb_baseline_last_180d,0.25,all,0.25,系统负荷预测值,3745.1591280698776,1213.0,0.03340732473280179,0.09685404024273395,0.008351831183200447,0.024213510060683487,202,17280,2784
valid_2025_09,1,lgb_baseline_last_180d,0.25,all,0.25,风光总加预测值,26227.308929026127,1155.0,0.2339511343303167,0.09222293197061641,0.058487783582579174,0.023055732992654104,202,17280,2784
valid_2025_09,1,lgb_baseline_last_180d,0.25,all,0.25,联络线预测值,5650.576331704855,1220.0,0.050403903275008155,0.09741296710316193,0.012600975818752039,0.02435324177579048,202,17280,2784
valid_2025_09,1,lgb_baseline_last_180d,0.25,all,0.25,风电预测值,46569.20625549555,1498.0,0.4154036030848024,0.11961034813158736,0.1038509007712006,0.02990258703289684,202,17280,2784
valid_2025_09,1,lgb_baseline_last_180d,0.25,all,0.25,光伏预测值,4095.203025698662,1099.0,0.03652976352883957,0.08775151708719259,0.009132440882209892,0.021937879271798147,202,17280,2784
valid_2025_09,1,lgb_baseline_last_180d,0.25,all,0.25,水电预测值,3170.9858143031597,1180.0,0.028285621304461973,0.09421909932928776,0.007071405326115493,0.02355477483232194,202,17280,2784
valid_2025_09,1,lgb_baseline_last_180d,0.25,all,0.25,非市场化机组预测值,4450.189347207546,1234.0,0.039696289412737555,0.09853082082401789,0.009924072353184389,0.02463270520600447,202,17280,2784
valid_2025_09,1,lgb_baseline_last_180d,0.25,all,0.25,hour,454.592736184597,143.0,0.004055028542063159,0.011418077291600128,0.0010137571355157897,0.002854519322900032,202,17280,2784
valid_2025_09,1,lgb_baseline_last_180d,0.25,all,0.25,minute,2.0001290440559387,2.0,1.7841420937625496e-05,0.00015969338869370808,4.460355234406374e-06,3.992334717342702e-05,202,17280,2784
valid_2025_09,1,lgb_baseline_last_180d,0.25,all,0.25,quarter,1328.7585411071777,384.0,0.011852705467585462,0.03066113062919195,0.0029631763668963654,0.0076652826572979876,202,17280,2784
valid_2025_09,1,lgb_baseline_last_180d,0.25,all,0.25,dayofweek,4415.770626783371,1111.0,0.03938926978265563,0.08870967741935484,0.009847317445663908,0.02217741935483871,202,17280,2784
valid_2025_09,1,lgb_baseline_last_180d,0.25,all,0.25,month,5815.972246229649,1219.0,0.051879257148384456,0.09733312040881507,0.012969814287096114,0.02433328010220377,202,17280,2784
valid_2025_09,1,lgb_baseline_last_180d,0.25,all,0.25,is_weekend,173.46708035469055,55.0,0.0015473497615698757,0.004391568189076972,0.0003868374403924689,0.001097892047269243,202,17280,2784
valid_2025_09,1,lgb_baseline_last_180d,0.25,all,0.25,hour_sin,638.079081684351,175.0,0.0056917515005624995,0.013973171510699456,0.0014229378751406249,0.003493292877674864,202,17280,2784
valid_2025_09,1,lgb_baseline_last_180d,0.25,all,0.25,hour_cos,2316.3377313017845,204.0,0.020662045091878474,0.016288725646758224,0.0051655112729696185,0.004072181411689556,202,17280,2784
valid_2025_09,1,lgb_baseline_last_180d,0.25,all,0.25,quarter_sin,1192.9096267223358,333.0,0.01064091482204568,0.026588949217502395,0.00266022870551142,0.006647237304375599,202,17280,2784
valid_2025_09,1,lgb_baseline_last_180d,0.25,all,0.25,quarter_cos,1859.4109770059586,299.0,0.016586196793348988,0.023874161609709357,0.004146549198337247,0.005968540402427339,202,17280,2784
valid_2025_09,2,lgb_segmented_6_last_180d,0.5,00_24,0.125,系统负荷预测值,896.2790054827929,308.0,0.03643229875768519,0.13961922030825022,0.004554037344710648,0.017452402538531277,88,4320,696
valid_2025_09,2,lgb_segmented_6_last_180d,0.5,00_24,0.125,风光总加预测值,8237.167257061228,265.0,0.3348275889432717,0.12012692656391659,0.04185344861790896,0.015015865820489574,88,4320,696
valid_2025_09,2,lgb_segmented_6_last_180d,0.5,00_24,0.125,联络线预测值,1292.8261577188969,257.0,0.052551302141004286,0.11650045330915684,0.006568912767625536,0.014562556663644605,88,4320,696
valid_2025_09,2,lgb_segmented_6_last_180d,0.5,00_24,0.125,风电预测值,10778.911150984932,266.0,0.4381453865737867,0.12058023572076156,0.05476817332172334,0.015072529465095194,88,4320,696
valid_2025_09,2,lgb_segmented_6_last_180d,0.5,00_24,0.125,光伏预测值,809.5454769404605,301.0,0.032906720444646,0.13644605621033545,0.00411334005558075,0.01705575702629193,88,4320,696
valid_2025_09,2,lgb_segmented_6_last_180d,0.5,00_24,0.125,水电预测值,689.4299086555839,235.0,0.028024215953930495,0.10652765185856754,0.003503026994241312,0.013315956482320942,88,4320,696
valid_2025_09,2,lgb_segmented_6_last_180d,0.5,00_24,0.125,非市场化机组预测值,549.9403419531882,184.0,0.022354189615486603,0.08340888485947416,0.0027942737019358253,0.01042611060743427,88,4320,696
valid_2025_09,2,lgb_segmented_6_last_180d,0.5,00_24,0.125,hour,58.253373619169,18.0,0.0023679058622972137,0.008159564823209429,0.0002959882327871517,0.0010199456029011786,88,4320,696
valid_2025_09,2,lgb_segmented_6_last_180d,0.5,00_24,0.125,minute,0.20802299678325653,1.0,8.4557999472432e-06,0.00045330915684496827,1.0569749934054e-06,5.666364460562103e-05,88,4320,696
valid_2025_09,2,lgb_segmented_6_last_180d,0.5,00_24,0.125,quarter,156.82257512956858,69.0,0.006374585228616807,0.03127833182230281,0.0007968231535771009,0.003909791477787851,88,4320,696
valid_2025_09,2,lgb_segmented_6_last_180d,0.5,00_24,0.125,dayofweek,410.06067322194576,139.0,0.016668306257549913,0.06300997280145058,0.002083538282193739,0.007876246600181323,88,4320,696
valid_2025_09,2,lgb_segmented_6_last_180d,0.5,00_24,0.125,month,656.2171404659748,147.0,0.02667417039239044,0.06663644605621033,0.003334271299048805,0.008329555757026291,88,4320,696
valid_2025_09,2,lgb_segmented_6_last_180d,0.5,00_24,0.125,is_weekend,38.557242810726166,7.0,0.0015672898514411913,0.003173164097914778,0.00019591123143014892,0.00039664551223934723,88,4320,696
valid_2025_09,2,lgb_segmented_6_last_180d,0.5,00_24,0.125,hour_sin,5.173730134963989,2.0,0.00021030380140067413,0.0009066183136899365,2.6287975175084266e-05,0.00011332728921124207,88,4320,696
valid_2025_09,2,lgb_segmented_6_last_180d,0.5,00_24,0.125,hour_cos,0.0,0.0,0.0,0.0,0.0,0.0,88,4320,696
valid_2025_09,2,lgb_segmented_6_last_180d,0.5,00_24,0.125,quarter_sin,18.808640003204346,5.0,0.0007645409382911684,0.0022665457842248413,9.556761728639605e-05,0.00028331822302810517,88,4320,696
valid_2025_09,2,lgb_segmented_6_last_180d,0.5,00_24,0.125,quarter_cos,3.019539952278137,2.0,0.0001227394382543925,0.0009066183136899365,1.5342429781799064e-05,0.00011332728921124207,88,4320,696
valid_2025_09,2,lgb_segmented_6_last_180d,0.5,24_40,0.08333333333333333,系统负荷预测值,258.6769379172474,162.0,0.021506478914527928,0.10879785090664876,0.0017922065762106605,0.009066487575554063,93,2880,464
valid_2025_09,2,lgb_segmented_6_last_180d,0.5,24_40,0.08333333333333333,风光总加预测值,2992.511323854327,257.0,0.24879829723571198,0.17259905977165882,0.02073319143630933,0.014383254980971568,93,2880,464
valid_2025_09,2,lgb_segmented_6_last_180d,0.5,24_40,0.08333333333333333,联络线预测值,397.8418025485007,146.0,0.03307668788225835,0.09805238415043653,0.0027563906568548622,0.008171032012536376,93,2880,464
valid_2025_09,2,lgb_segmented_6_last_180d,0.5,24_40,0.08333333333333333,风电预测值,7055.947124183411,311.0,0.5866335795919307,0.2088650100738751,0.048886131632660895,0.017405417506156255,93,2880,464
valid_2025_09,2,lgb_segmented_6_last_180d,0.5,24_40,0.08333333333333333,光伏预测值,269.91631773114204,89.0,0.02244092435417985,0.05977165883143049,0.0018700770295149874,0.004980971569285874,93,2880,464
valid_2025_09,2,lgb_segmented_6_last_180d,0.5,24_40,0.08333333333333333,水电预测值,153.70637536793947,112.0,0.012779194571789065,0.07521826729348556,0.001064932880982422,0.006268188941123796,93,2880,464
valid_2025_09,2,lgb_segmented_6_last_180d,0.5,24_40,0.08333333333333333,非市场化机组预测值,231.97283247904852,131.0,0.019286291505622995,0.08797850906648758,0.0016071909588019162,0.007331542422207298,93,2880,464
valid_2025_09,2,lgb_segmented_6_last_180d,0.5,24_40,0.08333333333333333,hour,38.78308194875717,15.0,0.0032244371720457944,0.010073875083948958,0.00026870309767048283,0.0008394895903290798,93,2880,464
valid_2025_09,2,lgb_segmented_6_last_180d,0.5,24_40,0.08333333333333333,minute,0.21255039796233177,3.0,1.7671504421139275e-05,0.0020147750167897917,1.4726253684282728e-06,0.00016789791806581596,93,2880,464
valid_2025_09,2,lgb_segmented_6_last_180d,0.5,24_40,0.08333333333333333,quarter,235.73128709197044,63.0,0.01959877055974677,0.04231027535258563,0.0016332308799788975,0.0035258562793821354,93,2880,464
valid_2025_09,2,lgb_segmented_6_last_180d,0.5,24_40,0.08333333333333333,dayofweek,134.91429683566093,72.0,0.011216815474647084,0.048354600402955,0.000934734622887257,0.004029550033579583,93,2880,464
valid_2025_09,2,lgb_segmented_6_last_180d,0.5,24_40,0.08333333333333333,month,216.38989233970642,113.0,0.01799072114580869,0.07588985896574882,0.001499226762150724,0.006324154913812401,93,2880,464
valid_2025_09,2,lgb_segmented_6_last_180d,0.5,24_40,0.08333333333333333,is_weekend,14.683716028928757,9.0,0.00122080859509825,0.006044325050369375,0.00010173404959152083,0.0005036937541974479,93,2880,464
valid_2025_09,2,lgb_segmented_6_last_180d,0.5,24_40,0.08333333333333333,hour_sin,0.0,0.0,0.0,0.0,0.0,0.0,93,2880,464
valid_2025_09,2,lgb_segmented_6_last_180d,0.5,24_40,0.08333333333333333,hour_cos,0.0,0.0,0.0,0.0,0.0,0.0,93,2880,464
valid_2025_09,2,lgb_segmented_6_last_180d,0.5,24_40,0.08333333333333333,quarter_sin,22.229541778564453,4.0,0.0018481708318862772,0.002686366689053056,0.00015401423599052308,0.00022386389075442132,93,2880,464
valid_2025_09,2,lgb_segmented_6_last_180d,0.5,24_40,0.08333333333333333,quarter_cos,4.343869924545288,2.0,0.0003611506603250863,0.001343183344526528,3.0095888360423857e-05,0.00011193194537721066,93,2880,464
valid_2025_09,2,lgb_segmented_6_last_180d,0.5,40_56,0.08333333333333333,系统负荷预测值,258.9386775746243,84.0,0.02403905022164673,0.10144927536231885,0.0020032541851372275,0.008454106280193236,54,2880,464
valid_2025_09,2,lgb_segmented_6_last_180d,0.5,40_56,0.08333333333333333,风光总加预测值,6862.679335724562,154.0,0.637109506975821,0.1859903381642512,0.05309245891465175,0.015499194847020933,54,2880,464
valid_2025_09,2,lgb_segmented_6_last_180d,0.5,40_56,0.08333333333333333,联络线预测值,356.32030909787863,85.0,0.03307965378377298,0.10265700483091787,0.0027566378153144147,0.00855475040257649,54,2880,464
valid_2025_09,2,lgb_segmented_6_last_180d,0.5,40_56,0.08333333333333333,风电预测值,2018.129115513526,109.0,0.18735674259252283,0.1316425120772947,0.015613061882710236,0.010970209339774557,54,2880,464
valid_2025_09,2,lgb_segmented_6_last_180d,0.5,40_56,0.08333333333333333,光伏预测值,446.81339978054166,91.0,0.04148074693836994,0.10990338164251208,0.0034567289115308283,0.009158615136876005,54,2880,464
valid_2025_09,2,lgb_segmented_6_last_180d,0.5,40_56,0.08333333333333333,水电预测值,64.37632224708796,40.0,0.0059764947364291275,0.04830917874396135,0.0004980412280357606,0.004025764895330112,54,2880,464
valid_2025_09,2,lgb_segmented_6_last_180d,0.5,40_56,0.08333333333333333,非市场化机组预测值,494.65915106236935,128.0,0.04592259559817398,0.15458937198067632,0.003826882966514498,0.012882447665056359,54,2880,464
valid_2025_09,2,lgb_segmented_6_last_180d,0.5,40_56,0.08333333333333333,hour,19.34941005706787,6.0,0.0017963382082502543,0.007246376811594203,0.00014969485068752118,0.0006038647342995169,54,2880,464
valid_2025_09,2,lgb_segmented_6_last_180d,0.5,40_56,0.08333333333333333,minute,0.0,0.0,0.0,0.0,0.0,0.0,54,2880,464
valid_2025_09,2,lgb_segmented_6_last_180d,0.5,40_56,0.08333333333333333,quarter,46.674617767333984,17.0,0.004333124317674597,0.020531400966183576,0.00036109369313954976,0.001710950080515298,54,2880,464
valid_2025_09,2,lgb_segmented_6_last_180d,0.5,40_56,0.08333333333333333,dayofweek,44.013580774888396,40.0,0.004086082035300138,0.04830917874396135,0.0003405068362750115,0.004025764895330112,54,2880,464
valid_2025_09,2,lgb_segmented_6_last_180d,0.5,40_56,0.08333333333333333,month,126.31128176115453,62.0,0.011726341055950957,0.0748792270531401,0.000977195087995913,0.006239935587761675,54,2880,464
valid_2025_09,2,lgb_segmented_6_last_180d,0.5,40_56,0.08333333333333333,is_weekend,0.0,0.0,0.0,0.0,0.0,0.0,54,2880,464
valid_2025_09,2,lgb_segmented_6_last_180d,0.5,40_56,0.08333333333333333,hour_sin,0.0,0.0,0.0,0.0,0.0,0.0,54,2880,464
valid_2025_09,2,lgb_segmented_6_last_180d,0.5,40_56,0.08333333333333333,hour_cos,0.0,0.0,0.0,0.0,0.0,0.0,54,2880,464
valid_2025_09,2,lgb_segmented_6_last_180d,0.5,40_56,0.08333333333333333,quarter_sin,5.109640002250671,2.0,0.00047436286374498844,0.0024154589371980675,3.95302386454157e-05,0.0002012882447665056,54,2880,464
valid_2025_09,2,lgb_segmented_6_last_180d,0.5,40_56,0.08333333333333333,quarter_cos,28.210358015960082,10.0,0.0026189606723424344,0.012077294685990338,0.00021824672269520285,0.001006441223832528,54,2880,464
valid_2025_09,2,lgb_segmented_6_last_180d,0.5,56_72,0.08333333333333333,系统负荷预测值,471.12812610849505,721.0,0.026958687754784483,0.0874045338828949,0.0022465573128987067,0.0072837111569079085,500,2880,464
valid_2025_09,2,lgb_segmented_6_last_180d,0.5,56_72,0.08333333333333333,风光总加预测值,8079.662241328508,1086.0,0.4623309020568574,0.13165232149351436,0.03852757517140478,0.010971026791126196,500,2880,464
valid_2025_09,2,lgb_segmented_6_last_180d,0.5,56_72,0.08333333333333333,联络线预测值,602.605902902782,616.0,0.034482051644280184,0.07467571826888107,0.0028735043036900152,0.006222976522406756,500,2880,464
valid_2025_09,2,lgb_segmented_6_last_180d,0.5,56_72,0.08333333333333333,风电预测值,4165.101319744019,1671.0,0.23833360761858177,0.20257000848587708,0.019861133968215147,0.016880834040489755,500,2880,464
valid_2025_09,2,lgb_segmented_6_last_180d,0.5,56_72,0.08333333333333333,光伏预测值,744.3522633370012,699.0,0.042592999939571004,0.08473754394472058,0.003549416661630917,0.007061461995393381,500,2880,464
valid_2025_09,2,lgb_segmented_6_last_180d,0.5,56_72,0.08333333333333333,水电预测值,632.2422181130387,807.0,0.03617788792252372,0.09783004000484907,0.0030148239935436434,0.008152503333737422,500,2880,464
valid_2025_09,2,lgb_segmented_6_last_180d,0.5,56_72,0.08333333333333333,非市场化机组预测值,1019.2237296383828,995.0,0.05832157486870236,0.1206206812947024,0.00486013123905853,0.010051723441225199,500,2880,464
valid_2025_09,2,lgb_segmented_6_last_180d,0.5,56_72,0.08333333333333333,hour,107.98621929436922,93.0,0.006179140251767048,0.011274093829555097,0.0005149283543139207,0.0009395078191295914,500,2880,464
valid_2025_09,2,lgb_segmented_6_last_180d,0.5,56_72,0.08333333333333333,minute,10.707872190512717,26.0,0.000612721183272542,0.003151897199660565,5.1060098606045166e-05,0.0002626580999717137,500,2880,464
valid_2025_09,2,lgb_segmented_6_last_180d,0.5,56_72,0.08333333333333333,quarter,318.7753554377705,304.0,0.018240824087815667,0.036852951872954294,0.0015200686739846388,0.003071079322746191,500,2880,464
valid_2025_09,2,lgb_segmented_6_last_180d,0.5,56_72,0.08333333333333333,dayofweek,709.3261986905709,722.0,0.04058875377434724,0.08752576069826645,0.0033823961478622695,0.007293813391522204,500,2880,464
valid_2025_09,2,lgb_segmented_6_last_180d,0.5,56_72,0.08333333333333333,month,539.1361129358411,422.0,0.03085021105833632,0.0511577160867984,0.0025708509215280266,0.0042631430072332,500,2880,464
valid_2025_09,2,lgb_segmented_6_last_180d,0.5,56_72,0.08333333333333333,is_weekend,19.531617611646652,20.0,0.001117629687888713,0.002424536307431204,9.31358073240594e-05,0.00020204469228593365,500,2880,464
valid_2025_09,2,lgb_segmented_6_last_180d,0.5,56_72,0.08333333333333333,hour_sin,5.158608287572861,6.0,0.00029518362918093806,0.0007273608922293612,2.459863576507817e-05,6.06134076857801e-05,500,2880,464
valid_2025_09,2,lgb_segmented_6_last_180d,0.5,56_72,0.08333333333333333,hour_cos,0.0,0.0,0.0,0.0,0.0,0.0,500,2880,464
valid_2025_09,2,lgb_segmented_6_last_180d,0.5,56_72,0.08333333333333333,quarter_sin,38.75609755888581,50.0,0.0022176844785602124,0.0060613407685780095,0.00018480703988001769,0.0005051117307148341,500,2880,464
valid_2025_09,2,lgb_segmented_6_last_180d,0.5,56_72,0.08333333333333333,quarter_cos,12.235598027706146,11.0,0.0007001400435303774,0.001333494969087162,5.8345003627531446e-05,0.0001111245807572635,500,2880,464
valid_2025_09,2,lgb_segmented_6_last_180d,0.5,72_88,0.08333333333333333,系统负荷预测值,969.8866853378713,287.0,0.06157752388080113,0.16187253243090807,0.005131460323400094,0.013489377702575672,109,2880,464
valid_2025_09,2,lgb_segmented_6_last_180d,0.5,72_88,0.08333333333333333,风光总加预测值,2013.122098730877,167.0,0.12781191450873985,0.09419063733784545,0.010650992875728321,0.007849219778153787,109,2880,464
valid_2025_09,2,lgb_segmented_6_last_180d,0.5,72_88,0.08333333333333333,联络线预测值,585.4892615377903,176.0,0.03717236201849335,0.09926677946982515,0.003097696834874446,0.00827223162248543,109,2880,464
valid_2025_09,2,lgb_segmented_6_last_180d,0.5,72_88,0.08333333333333333,风电预测值,9442.8259408921,309.0,0.5995193548563577,0.17428087986463622,0.0499599462380298,0.014523406655386352,109,2880,464
valid_2025_09,2,lgb_segmented_6_last_180d,0.5,72_88,0.08333333333333333,光伏预测值,309.9735172241926,129.0,0.01968003267581648,0.0727580372250423,0.0016400027229847066,0.006063169768753525,109,2880,464
valid_2025_09,2,lgb_segmented_6_last_180d,0.5,72_88,0.08333333333333333,水电预测值,450.06751933693886,173.0,0.02857451683676714,0.09757473209249859,0.0023812097363972613,0.008131227674374882,109,2880,464
valid_2025_09,2,lgb_segmented_6_last_180d,0.5,72_88,0.08333333333333333,非市场化机组预测值,306.322039604187,114.0,0.019448202552003843,0.06429780033840947,0.0016206835460003202,0.005358150028200789,109,2880,464
valid_2025_09,2,lgb_segmented_6_last_180d,0.5,72_88,0.08333333333333333,hour,21.78968307375908,8.0,0.001383413908153685,0.0045121263395375075,0.00011528449234614042,0.00037601052829479227,109,2880,464
valid_2025_09,2,lgb_segmented_6_last_180d,0.5,72_88,0.08333333333333333,minute,3.263005569577217,6.0,0.000207166266349798,0.00338409475465313,1.7263855529149833e-05,0.00028200789622109416,109,2880,464
valid_2025_09,2,lgb_segmented_6_last_180d,0.5,72_88,0.08333333333333333,quarter,59.18374979496002,24.0,0.0037575407740389226,0.01353637901861252,0.00031312839783657686,0.0011280315848843767,109,2880,464
valid_2025_09,2,lgb_segmented_6_last_180d,0.5,72_88,0.08333333333333333,dayofweek,427.7409878671169,133.0,0.027157018745967508,0.07501410039481106,0.002263084895497292,0.006251175032900921,109,2880,464
valid_2025_09,2,lgb_segmented_6_last_180d,0.5,72_88,0.08333333333333333,month,1154.675102038309,244.0,0.07330962961468146,0.13761985335589397,0.006109135801223455,0.011468321112991163,109,2880,464
valid_2025_09,2,lgb_segmented_6_last_180d,0.5,72_88,0.08333333333333333,is_weekend,5.623840093612671,2.0,0.00035705423417128646,0.0011280315848843769,2.9754519514273872e-05,9.400263207369807e-05,109,2880,464
valid_2025_09,2,lgb_segmented_6_last_180d,0.5,72_88,0.08333333333333333,hour_sin,0.0,0.0,0.0,0.0,0.0,0.0,109,2880,464
valid_2025_09,2,lgb_segmented_6_last_180d,0.5,72_88,0.08333333333333333,hour_cos,0.0,0.0,0.0,0.0,0.0,0.0,109,2880,464
valid_2025_09,2,lgb_segmented_6_last_180d,0.5,72_88,0.08333333333333333,quarter_sin,0.697268009185791,1.0,4.426912765793815e-05,0.0005640157924421884,3.6890939714948453e-06,4.7001316036849034e-05,109,2880,464
valid_2025_09,2,lgb_segmented_6_last_180d,0.5,72_88,0.08333333333333333,quarter_cos,0.0,0.0,0.0,0.0,0.0,0.0,109,2880,464
valid_2025_09,2,lgb_segmented_6_last_180d,0.5,88_96,0.041666666666666664,系统负荷预测值,63.246935084462166,49.0,0.009663963291084033,0.0508298755186722,0.00040266513712850134,0.002117911479944675,126,1440,232
valid_2025_09,2,lgb_segmented_6_last_180d,0.5,88_96,0.041666666666666664,风光总加预测值,3497.9749710336328,180.0,0.5344812625000139,0.18672199170124482,0.022270052604167246,0.007780082987551867,126,1440,232
valid_2025_09,2,lgb_segmented_6_last_180d,0.5,88_96,0.041666666666666664,联络线预测值,87.81860840320587,54.0,0.013418449554105887,0.056016597510373446,0.0005591020647544119,0.00233402489626556,126,1440,232
valid_2025_09,2,lgb_segmented_6_last_180d,0.5,88_96,0.041666666666666664,风电预测值,1696.9163606315851,128.0,0.2592843020026795,0.13278008298755187,0.010803512583444978,0.0055325034578146606,126,1440,232
valid_2025_09,2,lgb_segmented_6_last_180d,0.5,88_96,0.041666666666666664,光伏预测值,138.52068603038788,105.0,0.021165592025380417,0.10892116182572614,0.000881899667724184,0.004538381742738589,126,1440,232
valid_2025_09,2,lgb_segmented_6_last_180d,0.5,88_96,0.041666666666666664,水电预测值,216.33546202629805,109.0,0.03305548262204185,0.11307053941908714,0.0013773117759184105,0.004711272475795297,126,1440,232
valid_2025_09,2,lgb_segmented_6_last_180d,0.5,88_96,0.041666666666666664,非市场化机组预测值,316.3825098555535,114.0,0.04834240516322249,0.11825726141078838,0.0020142668818009368,0.004927385892116182,126,1440,232
valid_2025_09,2,lgb_segmented_6_last_180d,0.5,88_96,0.041666666666666664,hour,13.488126963376999,9.0,0.0020609498889627422,0.00933609958506224,8.587291204011426e-05,0.00038900414937759333,126,1440,232
valid_2025_09,2,lgb_segmented_6_last_180d,0.5,88_96,0.041666666666666664,minute,0.6851690113544464,2.0,0.00010469200072818068,0.002074688796680498,4.362166697007528e-06,8.644536652835407e-05,126,1440,232
valid_2025_09,2,lgb_segmented_6_last_180d,0.5,88_96,0.041666666666666664,quarter,18.763336781412363,17.0,0.002866987904341355,0.017634854771784232,0.00011945782934755646,0.0007347856154910097,126,1440,232
valid_2025_09,2,lgb_segmented_6_last_180d,0.5,88_96,0.041666666666666664,dayofweek,141.597533762455,78.0,0.021635726166983376,0.08091286307053942,0.000901488590290974,0.0033713692946058093,126,1440,232
valid_2025_09,2,lgb_segmented_6_last_180d,0.5,88_96,0.041666666666666664,month,348.01585683226585,115.0,0.05317589636005005,0.11929460580912864,0.002215662348335419,0.004970608575380359,126,1440,232
valid_2025_09,2,lgb_segmented_6_last_180d,0.5,88_96,0.041666666666666664,is_weekend,1.1172000169754028,1.0,0.00017070518813964064,0.001037344398340249,7.112716172485027e-06,4.3222683264177036e-05,126,1440,232
valid_2025_09,2,lgb_segmented_6_last_180d,0.5,88_96,0.041666666666666664,hour_sin,0.0,0.0,0.0,0.0,0.0,0.0,126,1440,232
valid_2025_09,2,lgb_segmented_6_last_180d,0.5,88_96,0.041666666666666664,hour_cos,0.0,0.0,0.0,0.0,0.0,0.0,126,1440,232
valid_2025_09,2,lgb_segmented_6_last_180d,0.5,88_96,0.041666666666666664,quarter_sin,3.753896117210388,3.0,0.0005735853322665805,0.0031120331950207467,2.3899388844440854e-05,0.0001296680497925311,126,1440,232
valid_2025_09,2,lgb_segmented_6_last_180d,0.5,88_96,0.041666666666666664,quarter_cos,0.0,0.0,0.0,0.0,0.0,0.0,126,1440,232
valid_2025_10,0,lgb_baseline,0.25,all,0.25,系统负荷预测值,6838.374233335257,1608.0,0.039340237423942534,0.09936967000370782,0.009835059355985633,0.024842417500926955,261,26090,2976
valid_2025_10,0,lgb_baseline,0.25,all,0.25,风光总加预测值,66766.25311541557,1458.0,0.3840971786339966,0.09010011123470522,0.09602429465849915,0.022525027808676306,261,26090,2976
valid_2025_10,0,lgb_baseline,0.25,all,0.25,联络线预测值,9459.5925309062,1572.0,0.054419749987578495,0.0971449758991472,0.013604937496894624,0.0242862439747868,261,26090,2976
valid_2025_10,0,lgb_baseline,0.25,all,0.25,风电预测值,43980.37035918236,1825.0,0.2530130924231819,0.11277963168953158,0.06325327310579547,0.028194907922382894,261,26090,2976
valid_2025_10,0,lgb_baseline,0.25,all,0.25,光伏预测值,8914.041436344385,1526.0,0.051281268697342654,0.0943023112099864,0.012820317174335663,0.0235755778024966,261,26090,2976
valid_2025_10,0,lgb_baseline,0.25,all,0.25,水电预测值,4412.331223130226,1442.0,0.02538354175833943,0.08911135829934495,0.006345885439584857,0.02227783957483624,261,26090,2976
valid_2025_10,0,lgb_baseline,0.25,all,0.25,非市场化机组预测值,6365.063179194927,1503.0,0.03661734326666043,0.092880978865406,0.009154335816665108,0.0232202447163515,261,26090,2976
valid_2025_10,0,lgb_baseline,0.25,all,0.25,hour,558.4379422068596,146.0,0.0032126175730281515,0.009022370535162525,0.0008031543932570379,0.0022555926337906314,261,26090,2976
valid_2025_10,0,lgb_baseline,0.25,all,0.25,minute,2.908661961555481,3.0,1.6733136890312264e-05,0.0001853911753800519,4.183284222578066e-06,4.6347793845012975e-05,261,26090,2976
valid_2025_10,0,lgb_baseline,0.25,all,0.25,quarter,1706.9629717767239,459.0,0.009819925949098411,0.02836484983314794,0.002454981487274603,0.007091212458286985,261,26090,2976
valid_2025_10,0,lgb_baseline,0.25,all,0.25,dayofweek,5511.979379147291,1274.0,0.03170966812469547,0.07872945247806204,0.007927417031173868,0.01968236311951551,261,26090,2976
valid_2025_10,0,lgb_baseline,0.25,all,0.25,month,12316.080374956131,2136.0,0.07085273627191084,0.13199851687059697,0.01771318406797771,0.03299962921764924,261,26090,2976
valid_2025_10,0,lgb_baseline,0.25,all,0.25,is_weekend,251.8615830540657,66.0,0.0014489254517567444,0.004078605858361142,0.0003622313629391861,0.0010196514645902854,261,26090,2976
valid_2025_10,0,lgb_baseline,0.25,all,0.25,hour_sin,638.1447430253029,165.0,0.0036711599635885902,0.010196514645902856,0.0009177899908971476,0.002549128661475714,261,26090,2976
valid_2025_10,0,lgb_baseline,0.25,all,0.25,hour_cos,2340.5856697559357,236.0,0.013465071202218572,0.014584105796564084,0.003366267800554643,0.003646026449141021,261,26090,2976
valid_2025_10,0,lgb_baseline,0.25,all,0.25,quarter_sin,1978.2096856832504,432.0,0.011380371423627886,0.026696329254727477,0.0028450928559069716,0.006674082313681869,261,26090,2976
valid_2025_10,0,lgb_baseline,0.25,all,0.25,quarter_cos,1785.26358127594,331.0,0.010270378712142968,0.02045482635026573,0.002567594678035742,0.005113706587566432,261,26090,2976
valid_2025_10,1,lgb_baseline_last_180d,0.25,all,0.25,系统负荷预测值,4446.696755737066,1792.0,0.036870809319554554,0.09263854425144748,0.009217702329888638,0.02315963606286187,312,17184,2976
valid_2025_10,1,lgb_baseline_last_180d,0.25,all,0.25,风光总加预测值,25179.330156862736,1754.0,0.20878020967137229,0.09067411083540115,0.05219505241784307,0.02266852770885029,312,17184,2976
valid_2025_10,1,lgb_baseline_last_180d,0.25,all,0.25,联络线预测值,6582.13186275959,1729.0,0.05457726086557621,0.08938172043010753,0.013644315216394053,0.022345430107526883,312,17184,2976
valid_2025_10,1,lgb_baseline_last_180d,0.25,all,0.25,风电预测值,46788.059074908495,2526.0,0.3879539575882452,0.13058312655086848,0.0969884893970613,0.03264578163771712,312,17184,2976
valid_2025_10,1,lgb_baseline_last_180d,0.25,all,0.25,光伏预测值,6221.550645381212,1814.0,0.051587418733207255,0.09377584780810587,0.012896854683301814,0.023443961952026467,312,17184,2976
valid_2025_10,1,lgb_baseline_last_180d,0.25,all,0.25,水电预测值,4582.355250567198,2042.0,0.037995652943983466,0.10556244830438379,0.009498913235995866,0.026390612076095946,312,17184,2976
valid_2025_10,1,lgb_baseline_last_180d,0.25,all,0.25,非市场化机组预测值,5773.8537056446075,1935.0,0.04787523654388224,0.10003101736972704,0.01196880913597056,0.02500775434243176,312,17184,2976
valid_2025_10,1,lgb_baseline_last_180d,0.25,all,0.25,hour,578.8903481960297,225.0,0.004800002522710464,0.01163151364764268,0.001200000630677616,0.00290787841191067,312,17184,2976
valid_2025_10,1,lgb_baseline_last_180d,0.25,all,0.25,minute,9.639450907707214,13.0,7.992772520517149e-05,0.0006720430107526882,1.9981931301292873e-05,0.00016801075268817206,312,17184,2976
valid_2025_10,1,lgb_baseline_last_180d,0.25,all,0.25,quarter,1991.8482002019882,669.0,0.01651586766927446,0.03458436724565757,0.004128966917318615,0.008646091811414392,312,17184,2976
valid_2025_10,1,lgb_baseline_last_180d,0.25,all,0.25,dayofweek,5200.619049549103,1649.0,0.043122129493578236,0.08524607113316791,0.010780532373394559,0.02131151778329198,312,17184,2976
valid_2025_10,1,lgb_baseline_last_180d,0.25,all,0.25,month,6994.30202485621,1598.0,0.057994864603512095,0.0826095947063689,0.014498716150878024,0.020652398676592226,312,17184,2976
valid_2025_10,1,lgb_baseline_last_180d,0.25,all,0.25,is_weekend,271.963278234005,87.0,0.00225504609927574,0.004497518610421836,0.000563761524818935,0.001124379652605459,312,17184,2976
valid_2025_10,1,lgb_baseline_last_180d,0.25,all,0.25,hour_sin,740.2213374376297,225.0,0.006137715541703178,0.01163151364764268,0.0015344288854257945,0.00290787841191067,312,17184,2976
valid_2025_10,1,lgb_baseline_last_180d,0.25,all,0.25,hour_cos,1900.3961096405983,278.0,0.015757571617578726,0.014371381306865178,0.0039393929043946814,0.0035928453267162945,312,17184,2976
valid_2025_10,1,lgb_baseline_last_180d,0.25,all,0.25,quarter_sin,1501.3676686882973,529.0,0.012448935484375003,0.027346980976013235,0.003112233871093751,0.006836745244003309,312,17184,2976
valid_2025_10,1,lgb_baseline_last_180d,0.25,all,0.25,quarter_cos,1838.867570400238,479.0,0.01524739357696574,0.024762200165425973,0.003811848394241435,0.006190550041356493,312,17184,2976
valid_2025_10,2,lgb_segmented_6_last_180d,0.5,00_24,0.125,系统负荷预测值,1404.3931829630164,1179.0,0.041548167912822405,0.10006790018672551,0.005193520989102801,0.012508487523340689,460,4296,744
valid_2025_10,2,lgb_segmented_6_last_180d,0.5,00_24,0.125,风光总加预测值,11296.33469770616,1415.0,0.3341955917426987,0.120098455270752,0.04177444896783734,0.015012306908844,460,4296,744
valid_2025_10,2,lgb_segmented_6_last_180d,0.5,00_24,0.125,联络线预测值,2368.6271177493036,1188.0,0.07007447658175099,0.10083177728738754,0.008759309572718874,0.012603972160923443,460,4296,744
valid_2025_10,2,lgb_segmented_6_last_180d,0.5,00_24,0.125,风电预测值,9140.86470352672,1252.0,0.2704272465701089,0.10626379222542862,0.033803405821263614,0.013282974028178577,460,4296,744
valid_2025_10,2,lgb_segmented_6_last_180d,0.5,00_24,0.125,光伏预测值,2114.6547129866667,1679.0,0.06256084845658569,0.14250551689017144,0.007820106057073211,0.01781318961127143,460,4296,744
valid_2025_10,2,lgb_segmented_6_last_180d,0.5,00_24,0.125,水电预测值,2117.61755875824,1662.0,0.06264850255168562,0.1410626379222543,0.007831062818960703,0.017632829740281786,460,4296,744
valid_2025_10,2,lgb_segmented_6_last_180d,0.5,00_24,0.125,非市场化机组预测值,1482.277848020196,1174.0,0.04385234111793746,0.09964352401969105,0.005481542639742183,0.012455440502461381,460,4296,744
valid_2025_10,2,lgb_segmented_6_last_180d,0.5,00_24,0.125,hour,184.46953834220767,148.0,0.00545742563181091,0.012561534544219996,0.0006821782039763638,0.0015701918180274995,460,4296,744
valid_2025_10,2,lgb_segmented_6_last_180d,0.5,00_24,0.125,minute,3.05007538292557,21.0,9.023473318860085e-05,0.0017823799015447292,1.1279341648575106e-05,0.00022279748769309115,460,4296,744
valid_2025_10,2,lgb_segmented_6_last_180d,0.5,00_24,0.125,quarter,466.686109947972,433.0,0.013806641255400381,0.03675097606518418,0.0017258301569250476,0.004593872008148023,460,4296,744
valid_2025_10,2,lgb_segmented_6_last_180d,0.5,00_24,0.125,dayofweek,1360.944833315909,842.0,0.04026277337475978,0.07146494652860295,0.0050328466718449726,0.00893311831607537,460,4296,744
valid_2025_10,2,lgb_segmented_6_last_180d,0.5,00_24,0.125,month,1656.9517785161734,662.0,0.04901996930232366,0.056187404515362416,0.006127496162790458,0.007023425564420302,460,4296,744
valid_2025_10,2,lgb_segmented_6_last_180d,0.5,00_24,0.125,is_weekend,100.10742296278477,39.0,0.0029616207690515727,0.003310134102868783,0.0003702025961314466,0.0004137667628585979,460,4296,744
valid_2025_10,2,lgb_segmented_6_last_180d,0.5,00_24,0.125,hour_sin,5.43559093028307,6.0,0.00016080884428699394,0.0005092514004413513,2.0101105535874242e-05,6.365642505516891e-05,460,4296,744
valid_2025_10,2,lgb_segmented_6_last_180d,0.5,00_24,0.125,hour_cos,0.0,0.0,0.0,0.0,0.0,0.0,460,4296,744
valid_2025_10,2,lgb_segmented_6_last_180d,0.5,00_24,0.125,quarter_sin,86.49441661685705,68.0,0.0025588877735341657,0.0057715158716686475,0.0003198609716917707,0.0007214394839585809,460,4296,744
valid_2025_10,2,lgb_segmented_6_last_180d,0.5,00_24,0.125,quarter_cos,12.65744911134243,14.0,0.00037446338205410456,0.001188253267696486,4.680792275676307e-05,0.00014853165846206076,460,4296,744
valid_2025_10,2,lgb_segmented_6_last_180d,0.5,24_40,0.08333333333333333,系统负荷预测值,514.302070133388,516.0,0.033961330026372014,0.10072223306656256,0.002830110835531001,0.008393519422213546,310,2864,496
valid_2025_10,2,lgb_segmented_6_last_180d,0.5,24_40,0.08333333333333333,风光总加预测值,3112.5390341151506,518.0,0.20553284051556353,0.10111262931875854,0.017127736709630293,0.008426052443229878,310,2864,496
valid_2025_10,2,lgb_segmented_6_last_180d,0.5,24_40,0.08333333333333333,联络线预测值,608.0770742669702,435.0,0.04015365171541169,0.08491118485262542,0.0033461376429509736,0.007075932071052117,310,2864,496
valid_2025_10,2,lgb_segmented_6_last_180d,0.5,24_40,0.08333333333333333,风电预测值,7688.996609404683,1174.0,0.5077338136242039,0.22916260003903963,0.04231115113535032,0.019096883336586636,310,2864,496
valid_2025_10,2,lgb_segmented_6_last_180d,0.5,24_40,0.08333333333333333,光伏预测值,412.7915926706046,318.0,0.027258205488385864,0.062073004099160646,0.002271517124032155,0.00517275034159672,310,2864,496
valid_2025_10,2,lgb_segmented_6_last_180d,0.5,24_40,0.08333333333333333,水电预测值,462.5325042088516,565.0,0.030542787858674317,0.11028694124536405,0.002545232321556193,0.00919057843711367,310,2864,496
valid_2025_10,2,lgb_segmented_6_last_180d,0.5,24_40,0.08333333333333333,非市场化机组预测值,581.2095277509652,521.0,0.038379485000523114,0.1016982236970525,0.0031982904167102595,0.008474851974754375,310,2864,496
valid_2025_10,2,lgb_segmented_6_last_180d,0.5,24_40,0.08333333333333333,hour,106.6256782412529,45.0,0.00704090078248717,0.008783915674409526,0.0005867417318739308,0.0007319929728674605,310,2864,496
valid_2025_10,2,lgb_segmented_6_last_180d,0.5,24_40,0.08333333333333333,minute,4.740199703723192,16.0,0.00031301349124902785,0.0031231700175678315,2.6084457604085653e-05,0.0002602641681306526,310,2864,496
valid_2025_10,2,lgb_segmented_6_last_180d,0.5,24_40,0.08333333333333333,quarter,339.2285827770829,140.0,0.022400558977106595,0.027327737653718525,0.0018667132480922161,0.00227731147114321,310,2864,496
valid_2025_10,2,lgb_segmented_6_last_180d,0.5,24_40,0.08333333333333333,dayofweek,547.1588468700647,405.0,0.0361309884881155,0.07905524106968573,0.0030109157073429584,0.006587936755807143,310,2864,496
valid_2025_10,2,lgb_segmented_6_last_180d,0.5,24_40,0.08333333333333333,month,655.0582500249147,413.0,0.04325599819153753,0.08061682607846965,0.003604666515961461,0.006718068839872471,310,2864,496
valid_2025_10,2,lgb_segmented_6_last_180d,0.5,24_40,0.08333333333333333,is_weekend,49.57781273126602,27.0,0.003273812333120701,0.005270349404645715,0.00027281769442672507,0.00043919578372047624,310,2864,496
valid_2025_10,2,lgb_segmented_6_last_180d,0.5,24_40,0.08333333333333333,hour_sin,3.185321092605591,2.0,0.00021033891782291613,0.00039039625219597894,1.7528243151909677e-05,3.2533021016331574e-05,310,2864,496
valid_2025_10,2,lgb_segmented_6_last_180d,0.5,24_40,0.08333333333333333,hour_cos,0.0,0.0,0.0,0.0,0.0,0.0,310,2864,496
valid_2025_10,2,lgb_segmented_6_last_180d,0.5,24_40,0.08333333333333333,quarter_sin,40.93266761302948,24.0,0.0027029403815258674,0.004684755026351747,0.00022524503179382227,0.0003903962521959789,310,2864,496
valid_2025_10,2,lgb_segmented_6_last_180d,0.5,24_40,0.08333333333333333,quarter_cos,16.799485743045807,4.0,0.001109334207900307,0.0007807925043919579,9.244451732502558e-05,6.506604203266315e-05,310,2864,496
valid_2025_10,2,lgb_segmented_6_last_180d,0.5,40_56,0.08333333333333333,系统负荷预测值,692.2192246131599,340.0,0.043653597331955736,0.08806008806008805,0.003637799777662978,0.007338340671674004,232,2864,496
valid_2025_10,2,lgb_segmented_6_last_180d,0.5,40_56,0.08333333333333333,风光总加预测值,7531.130795139819,481.0,0.4749376201867988,0.12457912457912458,0.03957813501556656,0.010381593714927048,232,2864,496
valid_2025_10,2,lgb_segmented_6_last_180d,0.5,40_56,0.08333333333333333,联络线预测值,512.750894907862,232.0,0.032335740329108194,0.060088060088060086,0.0026946450274256827,0.005007338340671673,232,2864,496
valid_2025_10,2,lgb_segmented_6_last_180d,0.5,40_56,0.08333333333333333,风电预测值,2972.524655884132,639.0,0.18745707974203127,0.1655011655011655,0.015621423311835938,0.013791763791763792,232,2864,496
valid_2025_10,2,lgb_segmented_6_last_180d,0.5,40_56,0.08333333333333333,光伏预测值,1068.245573301334,511.0,0.06736704276683576,0.13234913234913234,0.005613920230569646,0.011029094362427695,232,2864,496
valid_2025_10,2,lgb_segmented_6_last_180d,0.5,40_56,0.08333333333333333,水电预测值,417.4654984595254,346.0,0.02632673309517017,0.08961408961408962,0.002193894424597514,0.007467840801174135,232,2864,496
valid_2025_10,2,lgb_segmented_6_last_180d,0.5,40_56,0.08333333333333333,非市场化机组预测值,1439.422174251289,560.0,0.0907746473244358,0.14504014504014504,0.007564553943702983,0.012086678753345419,232,2864,496
valid_2025_10,2,lgb_segmented_6_last_180d,0.5,40_56,0.08333333333333333,hour,51.665956020355225,36.0,0.003258223348453711,0.009324009324009324,0.00027151861237114256,0.000777000777000777,232,2864,496
valid_2025_10,2,lgb_segmented_6_last_180d,0.5,40_56,0.08333333333333333,minute,0.6013719886541367,2.0,3.792447494375187e-05,0.000518000518000518,3.1603729119793225e-06,4.31667098333765e-05,232,2864,496
valid_2025_10,2,lgb_segmented_6_last_180d,0.5,40_56,0.08333333333333333,quarter,183.75650637596846,122.0,0.011588283380812338,0.031598031598031595,0.0009656902817343615,0.0026331692998359663,232,2864,496
valid_2025_10,2,lgb_segmented_6_last_180d,0.5,40_56,0.08333333333333333,dayofweek,379.2491059079766,242.0,0.023916682994557077,0.06267806267806268,0.0019930569162130898,0.0052231718898385565,232,2864,496
valid_2025_10,2,lgb_segmented_6_last_180d,0.5,40_56,0.08333333333333333,month,519.2198911817977,275.0,0.0327436962893636,0.07122507122507123,0.0027286413574469665,0.005935422602089268,232,2864,496
valid_2025_10,2,lgb_segmented_6_last_180d,0.5,40_56,0.08333333333333333,is_weekend,13.725322961807251,12.0,0.000865563539008346,0.003108003108003108,7.213029491736215e-05,0.00025900025900025896,232,2864,496
valid_2025_10,2,lgb_segmented_6_last_180d,0.5,40_56,0.08333333333333333,hour_sin,0.7880589962005615,1.0,4.969756526653757e-05,0.000259000259000259,4.141463772211464e-06,2.158335491668825e-05,232,2864,496
valid_2025_10,2,lgb_segmented_6_last_180d,0.5,40_56,0.08333333333333333,hour_cos,0.7087579965591431,1.0,4.469658612109037e-05,0.000259000259000259,3.724715510090864e-06,2.158335491668825e-05,232,2864,496
valid_2025_10,2,lgb_segmented_6_last_180d,0.5,40_56,0.08333333333333333,quarter_sin,14.756371758878231,15.0,0.0009305848319984196,0.003885003885003885,7.75487359998683e-05,0.00032375032375032373,232,2864,496
valid_2025_10,2,lgb_segmented_6_last_180d,0.5,40_56,0.08333333333333333,quarter_cos,58.86448813229799,46.0,0.0037121862131394086,0.011914011914011913,0.0003093488510949507,0.0009928343261676595,232,2864,496
valid_2025_10,2,lgb_segmented_6_last_180d,0.5,56_72,0.08333333333333333,系统负荷预测值,642.5751628875732,728.0,0.032300114783732924,0.08915013470487387,0.0026916762319777435,0.007429177892072822,496,2864,496
valid_2025_10,2,lgb_segmented_6_last_180d,0.5,56_72,0.08333333333333333,风光总加预测值,8753.351907357574,1006.0,0.4400018669870767,0.12319373010041636,0.03666682224892306,0.010266144175034696,496,2864,496
valid_2025_10,2,lgb_segmented_6_last_180d,0.5,56_72,0.08333333333333333,联络线预测值,881.8130017779768,662.0,0.04432580469998674,0.0810678422728386,0.0036938170583322282,0.00675565352273655,496,2864,496
valid_2025_10,2,lgb_segmented_6_last_180d,0.5,56_72,0.08333333333333333,风电预测值,4540.517466869205,1583.0,0.22823670105512545,0.19385255939260349,0.019019725087927118,0.016154379949383624,496,2864,496
valid_2025_10,2,lgb_segmented_6_last_180d,0.5,56_72,0.08333333333333333,光伏预测值,924.7055263568182,689.0,0.046481869153263876,0.08437423463139848,0.003873489096105323,0.007031186219283206,496,2864,496
valid_2025_10,2,lgb_segmented_6_last_180d,0.5,56_72,0.08333333333333333,水电预测值,904.9566144440323,917.0,0.0454891570808422,0.11229488121479304,0.0037907630900701835,0.00935790676789942,496,2864,496
valid_2025_10,2,lgb_segmented_6_last_180d,0.5,56_72,0.08333333333333333,非市场化机组预测值,1112.5250447876751,964.0,0.05592293123334858,0.1180504530982121,0.004660244269445715,0.009837537758184342,496,2864,496
valid_2025_10,2,lgb_segmented_6_last_180d,0.5,56_72,0.08333333333333333,hour,112.90255156438798,92.0,0.005675235498549927,0.011266225814352193,0.0004729362915458272,0.000938852151196016,496,2864,496
valid_2025_10,2,lgb_segmented_6_last_180d,0.5,56_72,0.08333333333333333,minute,7.27353498339653,17.0,0.00036561639542907444,0.0020818025961302964,3.0468032952422868e-05,0.00017348354967752468,496,2864,496
valid_2025_10,2,lgb_segmented_6_last_180d,0.5,56_72,0.08333333333333333,quarter,331.1790572181344,266.0,0.016647268957679578,0.03257408768062699,0.0013872724131399647,0.0027145073067189156,496,2864,496
valid_2025_10,2,lgb_segmented_6_last_180d,0.5,56_72,0.08333333333333333,dayofweek,729.065974727273,661.0,0.03664772003135333,0.08094538329659565,0.0030539766692794443,0.006745448608049637,496,2864,496
valid_2025_10,2,lgb_segmented_6_last_180d,0.5,56_72,0.08333333333333333,month,867.8326646895148,492.0,0.043623059684690206,0.060249816311535635,0.003635254973724184,0.005020818025961302,496,2864,496
valid_2025_10,2,lgb_segmented_6_last_180d,0.5,56_72,0.08333333333333333,is_weekend,20.589575052261353,23.0,0.001034969410500984,0.002816556453588048,8.6247450875082e-05,0.000234713037799004,496,2864,496
valid_2025_10,2,lgb_segmented_6_last_180d,0.5,56_72,0.08333333333333333,hour_sin,8.095662027597427,8.0,0.0004069419856918063,0.0009796718099436689,3.3911832140983854e-05,8.163931749530573e-05,496,2864,496
valid_2025_10,2,lgb_segmented_6_last_180d,0.5,56_72,0.08333333333333333,hour_cos,0.5946329832077026,1.0,2.9890220975071815e-05,0.0001224589762429586,2.490851747922651e-06,1.0204914686913216e-05,496,2864,496
valid_2025_10,2,lgb_segmented_6_last_180d,0.5,56_72,0.08333333333333333,quarter_sin,48.93718310445547,47.0,0.0024599093191889007,0.005755571883419055,0.00020499244326574172,0.0004796309902849212,496,2864,496
valid_2025_10,2,lgb_segmented_6_last_180d,0.5,56_72,0.08333333333333333,quarter_cos,6.981633961200714,10.0,0.00035094350256461204,0.0012245897624295861,2.9245291880384336e-05,0.00010204914686913217,496,2864,496
valid_2025_10,2,lgb_segmented_6_last_180d,0.5,72_88,0.08333333333333333,系统负荷预测值,792.4453001096845,155.0,0.06236208917565162,0.16921397379912664,0.005196840764637635,0.014101164483260552,57,2864,496
valid_2025_10,2,lgb_segmented_6_last_180d,0.5,72_88,0.08333333333333333,风光总加预测值,1318.2080383952707,68.0,0.10373739011523986,0.07423580786026202,0.008644782509603322,0.006186317321688501,57,2864,496
valid_2025_10,2,lgb_segmented_6_last_180d,0.5,72_88,0.08333333333333333,联络线预测值,637.9203771352768,118.0,0.05020163213835593,0.12882096069868995,0.004183469344862994,0.010735080058224163,57,2864,496
valid_2025_10,2,lgb_segmented_6_last_180d,0.5,72_88,0.08333333333333333,风电预测值,8281.369909062982,215.0,0.6517087408986605,0.23471615720524017,0.05430906174155504,0.019559679767103346,57,2864,496
valid_2025_10,2,lgb_segmented_6_last_180d,0.5,72_88,0.08333333333333333,光伏预测值,177.44502276182175,45.0,0.013964171825760853,0.04912663755458515,0.001163680985480071,0.004093886462882095,57,2864,496
valid_2025_10,2,lgb_segmented_6_last_180d,0.5,72_88,0.08333333333333333,水电预测值,211.06839036941528,68.0,0.01661018846418402,0.07423580786026202,0.0013841823720153348,0.006186317321688501,57,2864,496
valid_2025_10,2,lgb_segmented_6_last_180d,0.5,72_88,0.08333333333333333,非市场化机组预测值,106.91443586349487,33.0,0.008413713328302786,0.036026200873362446,0.0007011427773585654,0.003002183406113537,57,2864,496
valid_2025_10,2,lgb_segmented_6_last_180d,0.5,72_88,0.08333333333333333,hour,39.46405029296875,6.0,0.0031056536309343693,0.006550218340611353,0.0002588044692445308,0.0005458515283842794,57,2864,496
valid_2025_10,2,lgb_segmented_6_last_180d,0.5,72_88,0.08333333333333333,minute,0.6199939846992493,1.0,4.879090097049041e-05,0.001091703056768559,4.065908414207534e-06,9.097525473071324e-05,57,2864,496
valid_2025_10,2,lgb_segmented_6_last_180d,0.5,72_88,0.08333333333333333,quarter,95.49574834108353,26.0,0.007515110977524815,0.028384279475982533,0.0006262592481270678,0.002365356622998544,57,2864,496
valid_2025_10,2,lgb_segmented_6_last_180d,0.5,72_88,0.08333333333333333,dayofweek,206.1644892692566,55.0,0.01622427221523366,0.060043668122270744,0.0013520226846028048,0.005003639010189229,57,2864,496
valid_2025_10,2,lgb_segmented_6_last_180d,0.5,72_88,0.08333333333333333,month,820.3925043344498,123.0,0.06456141579394784,0.13427947598253276,0.005380117982828986,0.01118995633187773,57,2864,496
valid_2025_10,2,lgb_segmented_6_last_180d,0.5,72_88,0.08333333333333333,is_weekend,5.262629985809326,1.0,0.00041414669306269334,0.001091703056768559,3.451222442189111e-05,9.097525473071324e-05,57,2864,496
valid_2025_10,2,lgb_segmented_6_last_180d,0.5,72_88,0.08333333333333333,hour_sin,0.0,0.0,0.0,0.0,0.0,0.0,57,2864,496
valid_2025_10,2,lgb_segmented_6_last_180d,0.5,72_88,0.08333333333333333,hour_cos,0.0,0.0,0.0,0.0,0.0,0.0,57,2864,496
valid_2025_10,2,lgb_segmented_6_last_180d,0.5,72_88,0.08333333333333333,quarter_sin,8.312959671020508,1.0,0.0006541947213845819,0.001091703056768559,5.4516226782048494e-05,9.097525473071324e-05,57,2864,496
valid_2025_10,2,lgb_segmented_6_last_180d,0.5,72_88,0.08333333333333333,quarter_cos,6.080239772796631,1.0,0.00047848912078600806,0.001091703056768559,3.9874093398834e-05,9.097525473071324e-05,57,2864,496
valid_2025_10,2,lgb_segmented_6_last_180d,0.5,88_96,0.041666666666666664,系统负荷预测值,285.0928534120321,307.0,0.03402113890591114,0.08415570175438597,0.001417547454412964,0.003506487573099415,470,1432,248
valid_2025_10,2,lgb_segmented_6_last_180d,0.5,88_96,0.041666666666666664,风光总加预测值,3631.2053355015814,470.0,0.43332458052338935,0.1288377192982456,0.01805519085514122,0.005368238304093567,470,1432,248
valid_2025_10,2,lgb_segmented_6_last_180d,0.5,88_96,0.041666666666666664,联络线预测值,255.7237520776689,222.0,0.03051642013067725,0.06085526315789474,0.0012715175054448854,0.0025356359649122808,470,1432,248
valid_2025_10,2,lgb_segmented_6_last_180d,0.5,88_96,0.041666666666666664,风电预测值,1509.952586017549,384.0,0.18018798456515334,0.10526315789473684,0.007507832690214722,0.0043859649122807015,470,1432,248
valid_2025_10,2,lgb_segmented_6_last_180d,0.5,88_96,0.041666666666666664,光伏预测值,532.0691686831415,517.0,0.06349369645250412,0.14172149122807018,0.002645570685521005,0.0059050621345029235,470,1432,248
valid_2025_10,2,lgb_segmented_6_last_180d,0.5,88_96,0.041666666666666664,水电预测值,729.5071819983423,596.0,0.08705467315154364,0.16337719298245615,0.003627278047980985,0.006807383040935673,470,1432,248
valid_2025_10,2,lgb_segmented_6_last_180d,0.5,88_96,0.041666666666666664,非市场化机组预测值,445.47580166044645,402.0,0.05316020358324611,0.11019736842105263,0.0022150084826352543,0.004591557017543859,470,1432,248
valid_2025_10,2,lgb_segmented_6_last_180d,0.5,88_96,0.041666666666666664,hour,12.176815029233694,16.0,0.0014531024211344261,0.0043859649122807015,6.054593421393442e-05,0.0001827485380116959,470,1432,248
valid_2025_10,2,lgb_segmented_6_last_180d,0.5,88_96,0.041666666666666664,minute,6.733381003141403,14.0,0.0008035181789815743,0.003837719298245614,3.347992412423226e-05,0.0001599049707602339,470,1432,248
valid_2025_10,2,lgb_segmented_6_last_180d,0.5,88_96,0.041666666666666664,quarter,21.556601032614708,34.0,0.002572425472237182,0.00932017543859649,0.00010718439467654924,0.0003883406432748538,470,1432,248
valid_2025_10,2,lgb_segmented_6_last_180d,0.5,88_96,0.041666666666666664,dayofweek,451.5693819671869,366.0,0.053887372081399675,0.10032894736842106,0.0022453071700583196,0.004180372807017544,470,1432,248
valid_2025_10,2,lgb_segmented_6_last_180d,0.5,88_96,0.041666666666666664,month,469.573631092906,302.0,0.0560358828317462,0.08278508771929824,0.0023348284513227584,0.00344937865497076,470,1432,248
valid_2025_10,2,lgb_segmented_6_last_180d,0.5,88_96,0.041666666666666664,is_weekend,23.89412024617195,12.0,0.0028513699105417543,0.003289473684210526,0.00011880707960590642,0.00013706140350877192,470,1432,248
valid_2025_10,2,lgb_segmented_6_last_180d,0.5,88_96,0.041666666666666664,hour_sin,0.0,0.0,0.0,0.0,0.0,0.0,470,1432,248
valid_2025_10,2,lgb_segmented_6_last_180d,0.5,88_96,0.041666666666666664,hour_cos,0.0,0.0,0.0,0.0,0.0,0.0,470,1432,248
valid_2025_10,2,lgb_segmented_6_last_180d,0.5,88_96,0.041666666666666664,quarter_sin,5.343273997306824,6.0,0.0006376317915342259,0.001644736842105263,2.656799131392608e-05,6.853070175438596e-05,470,1432,248
valid_2025_10,2,lgb_segmented_6_last_180d,0.5,88_96,0.041666666666666664,quarter_cos,0.0,0.0,0.0,0.0,0.0,0.0,470,1432,248
valid_2025_11,0,lgb_baseline,0.25,all,0.25,系统负荷预测值,3902.1859139204025,487.0,0.023018867705690407,0.08825661471547662,0.005754716926422602,0.022064153678869155,89,29066,2880
valid_2025_11,0,lgb_baseline,0.25,all,0.25,风光总加预测值,61730.78216505051,582.0,0.3641478749018609,0.10547299746284886,0.09103696872546523,0.026368249365712214,89,29066,2880
valid_2025_11,0,lgb_baseline,0.25,all,0.25,联络线预测值,5287.6710414886475,594.0,0.031191799381222456,0.1076476984414643,0.007797949845305614,0.026911924610366074,89,29066,2880
valid_2025_11,0,lgb_baseline,0.25,all,0.25,风电预测值,65218.78444290161,553.0,0.38472348681839735,0.10021747009786154,0.09618087170459934,0.025054367524465385,89,29066,2880
valid_2025_11,0,lgb_baseline,0.25,all,0.25,光伏预测值,7037.529539108276,459.0,0.04151415770779347,0.08318231243204059,0.010378539426948368,0.020795578108010148,89,29066,2880
valid_2025_11,0,lgb_baseline,0.25,all,0.25,水电预测值,1903.9965225458145,298.0,0.011231613519035089,0.054005074302283435,0.0028079033797587722,0.013501268575570859,89,29066,2880
valid_2025_11,0,lgb_baseline,0.25,all,0.25,非市场化机组预测值,4661.145281076431,505.0,0.027495944311455505,0.09151866618339978,0.006873986077863876,0.022879666545849945,89,29066,2880
valid_2025_11,0,lgb_baseline,0.25,all,0.25,hour,264.93668007850647,42.0,0.0015628528531550542,0.007611453425154041,0.00039071321328876355,0.0019028633562885103,89,29066,2880
valid_2025_11,0,lgb_baseline,0.25,all,0.25,minute,0.0,0.0,0.0,0.0,0.0,0.0,89,29066,2880
valid_2025_11,0,lgb_baseline,0.25,all,0.25,quarter,1125.3570446968079,155.0,0.006638444580800911,0.028089887640449437,0.0016596111452002278,0.007022471910112359,89,29066,2880
valid_2025_11,0,lgb_baseline,0.25,all,0.25,dayofweek,2504.966881275177,343.0,0.014776718106000876,0.062160202972091336,0.003694179526500219,0.015540050743022834,89,29066,2880
valid_2025_11,0,lgb_baseline,0.25,all,0.25,month,10574.596100568771,1037.0,0.062379198236495764,0.18793040956868431,0.015594799559123941,0.04698260239217108,89,29066,2880
valid_2025_11,0,lgb_baseline,0.25,all,0.25,is_weekend,75.7923493385315,13.0,0.00044709660201052023,0.002355926060166727,0.00011177415050263006,0.0005889815150416818,89,29066,2880
valid_2025_11,0,lgb_baseline,0.25,all,0.25,hour_sin,577.011461019516,66.0,0.003403771829141585,0.011960855382384922,0.0008509429572853963,0.0029902138455962304,89,29066,2880
valid_2025_11,0,lgb_baseline,0.25,all,0.25,hour_cos,2461.2902448177338,126.0,0.01451907104903804,0.022834360275462123,0.00362976776225951,0.005708590068865531,89,29066,2880
valid_2025_11,0,lgb_baseline,0.25,all,0.25,quarter_sin,1306.2684950828552,162.0,0.007705635338684915,0.029358463211308444,0.0019264088346712287,0.007339615802827111,89,29066,2880
valid_2025_11,0,lgb_baseline,0.25,all,0.25,quarter_cos,888.8787910938263,96.0,0.005243467059217152,0.017397607828923523,0.001310866764804288,0.004349401957230881,89,29066,2880
valid_2025_11,1,lgb_baseline_last_180d,0.25,all,0.25,系统负荷预测值,2556.8492146730423,457.0,0.022951376708308165,0.07087468982630273,0.005737844177077041,0.01771867245657568,104,17184,2880
valid_2025_11,1,lgb_baseline_last_180d,0.25,all,0.25,风光总加预测值,27100.38924264908,701.0,0.2432647333602574,0.10871588089330025,0.06081618334006435,0.027178970223325064,104,17184,2880
valid_2025_11,1,lgb_baseline_last_180d,0.25,all,0.25,联络线预测值,4404.305428028107,636.0,0.039534937155082,0.09863523573200993,0.0098837342887705,0.02465880893300248,104,17184,2880
valid_2025_11,1,lgb_baseline_last_180d,0.25,all,0.25,风电预测值,48176.220792889595,707.0,0.43245044934792165,0.10964640198511166,0.10811261233698041,0.027411600496277916,104,17184,2880
valid_2025_11,1,lgb_baseline_last_180d,0.25,all,0.25,光伏预测值,4381.328505516052,551.0,0.03932868643010947,0.08545285359801488,0.009832171607527368,0.02136321339950372,104,17184,2880
valid_2025_11,1,lgb_baseline_last_180d,0.25,all,0.25,水电预测值,2763.111824631691,568.0,0.02480287848433493,0.0880893300248139,0.0062007196210837326,0.022022332506203474,104,17184,2880
valid_2025_11,1,lgb_baseline_last_180d,0.25,all,0.25,非市场化机组预测值,4180.463544845581,636.0,0.03752563627236405,0.09863523573200993,0.009381409068091012,0.02465880893300248,104,17184,2880
valid_2025_11,1,lgb_baseline_last_180d,0.25,all,0.25,hour,292.60886895656586,57.0,0.00262658288219507,0.008839950372208437,0.0006566457205487675,0.0022099875930521092,104,17184,2880
valid_2025_11,1,lgb_baseline_last_180d,0.25,all,0.25,minute,2.293989896774292,1.0,2.0591838573731613e-05,0.00015508684863523573,5.147959643432903e-06,3.877171215880893e-05,104,17184,2880
valid_2025_11,1,lgb_baseline_last_180d,0.25,all,0.25,quarter,1069.6465113162994,226.0,0.009601606494846556,0.03504962779156327,0.002400401623711639,0.008762406947890818,104,17184,2880
valid_2025_11,1,lgb_baseline_last_180d,0.25,all,0.25,dayofweek,3536.0050867795944,537.0,0.03174070036020886,0.08328163771712159,0.007935175090052215,0.020820409429280397,104,17184,2880
valid_2025_11,1,lgb_baseline_last_180d,0.25,all,0.25,month,8545.935972809792,857.0,0.07671199174024076,0.13290942928039703,0.01917799793506019,0.03322735732009926,104,17184,2880
valid_2025_11,1,lgb_baseline_last_180d,0.25,all,0.25,is_weekend,129.6460005044937,22.0,0.0011637581830122295,0.003411910669975186,0.00029093954575305737,0.0008529776674937966,104,17184,2880
valid_2025_11,1,lgb_baseline_last_180d,0.25,all,0.25,hour_sin,610.0335594415665,86.0,0.005475923236734117,0.013337468982630272,0.0013689808091835293,0.003334367245657568,104,17184,2880
valid_2025_11,1,lgb_baseline_last_180d,0.25,all,0.25,hour_cos,1662.081705212593,101.0,0.014919559244012552,0.015663771712158808,0.003729889811003138,0.003915942928039702,104,17184,2880
valid_2025_11,1,lgb_baseline_last_180d,0.25,all,0.25,quarter_sin,1216.1255719661713,181.0,0.010916465455461577,0.02807071960297767,0.002729116363865394,0.007017679900744417,104,17184,2880
valid_2025_11,1,lgb_baseline_last_180d,0.25,all,0.25,quarter_cos,775.8232612609863,124.0,0.006964122806336882,0.019230769230769232,0.0017410307015842206,0.004807692307692308,104,17184,2880
valid_2025_11,2,lgb_segmented_6_last_180d,0.5,00_24,0.125,系统负荷预测值,394.76031844317913,125.0,0.01570653117734385,0.07603406326034064,0.0019633163971679813,0.00950425790754258,66,4296,720
valid_2025_11,2,lgb_segmented_6_last_180d,0.5,00_24,0.125,风光总加预测值,12601.114585537463,223.0,0.5013670064092691,0.1356447688564477,0.06267087580115864,0.01695559610705596,66,4296,720
valid_2025_11,2,lgb_segmented_6_last_180d,0.5,00_24,0.125,联络线预测值,987.2774034142494,181.0,0.03928131221133613,0.11009732360097324,0.004910164026417016,0.013762165450121655,66,4296,720
valid_2025_11,2,lgb_segmented_6_last_180d,0.5,00_24,0.125,风电预测值,6569.877403765917,181.0,0.26139908053709093,0.11009732360097324,0.03267488506713637,0.013762165450121655,66,4296,720
valid_2025_11,2,lgb_segmented_6_last_180d,0.5,00_24,0.125,光伏预测值,868.6219592429698,264.0,0.03456030722130181,0.16058394160583941,0.004320038402662726,0.020072992700729927,66,4296,720
valid_2025_11,2,lgb_segmented_6_last_180d,0.5,00_24,0.125,水电预测值,640.7806380484253,168.0,0.025495067764250295,0.10218978102189781,0.003186883470531287,0.012773722627737226,66,4296,720
valid_2025_11,2,lgb_segmented_6_last_180d,0.5,00_24,0.125,非市场化机组预测值,348.56055645644665,103.0,0.013868357561281866,0.06265206812652069,0.0017335446951602333,0.007831508515815086,66,4296,720
valid_2025_11,2,lgb_segmented_6_last_180d,0.5,00_24,0.125,hour,37.101288974285126,11.0,0.0014761680056708387,0.006690997566909975,0.00018452100070885484,0.0008363746958637469,66,4296,720
valid_2025_11,2,lgb_segmented_6_last_180d,0.5,00_24,0.125,minute,0.0,0.0,0.0,0.0,0.0,0.0,66,4296,720
valid_2025_11,2,lgb_segmented_6_last_180d,0.5,00_24,0.125,quarter,125.16555434465408,36.0,0.004980026081134101,0.021897810218978103,0.0006225032601417627,0.002737226277372263,66,4296,720
valid_2025_11,2,lgb_segmented_6_last_180d,0.5,00_24,0.125,dayofweek,825.6804625093937,144.0,0.032851771875328825,0.08759124087591241,0.004106471484416103,0.010948905109489052,66,4296,720
valid_2025_11,2,lgb_segmented_6_last_180d,0.5,00_24,0.125,month,1635.5473211407661,191.0,0.06507435978577528,0.11618004866180048,0.00813429497322191,0.01452250608272506,66,4296,720
valid_2025_11,2,lgb_segmented_6_last_180d,0.5,00_24,0.125,is_weekend,79.86645996570587,13.0,0.003177687788941235,0.007907542579075427,0.0003972109736176544,0.0009884428223844283,66,4296,720
valid_2025_11,2,lgb_segmented_6_last_180d,0.5,00_24,0.125,hour_sin,2.764349937438965,1.0,0.00010998660819988968,0.0006082725060827251,1.374832602498621e-05,7.603406326034063e-05,66,4296,720
valid_2025_11,2,lgb_segmented_6_last_180d,0.5,00_24,0.125,hour_cos,0.0,0.0,0.0,0.0,0.0,0.0,66,4296,720
valid_2025_11,2,lgb_segmented_6_last_180d,0.5,00_24,0.125,quarter_sin,16.395520329475403,3.0,0.0006523369730758455,0.0018248175182481751,8.154212163448069e-05,0.0002281021897810219,66,4296,720
valid_2025_11,2,lgb_segmented_6_last_180d,0.5,00_24,0.125,quarter_cos,0.0,0.0,0.0,0.0,0.0,0.0,66,4296,720
valid_2025_11,2,lgb_segmented_6_last_180d,0.5,24_40,0.08333333333333333,系统负荷预测值,394.5925239175558,172.0,0.027062772089334435,0.0977828311540648,0.002255231007444536,0.008148569262838733,107,2864,480
valid_2025_11,2,lgb_segmented_6_last_180d,0.5,24_40,0.08333333333333333,风光总加预测值,4982.23923882097,305.0,0.34170238117061325,0.17339397384877772,0.028475198430884436,0.014449497820731476,107,2864,480
valid_2025_11,2,lgb_segmented_6_last_180d,0.5,24_40,0.08333333333333333,联络线预测值,270.4120702892542,138.0,0.018545967763880334,0.07845366685616828,0.0015454973136566944,0.006537805571347356,107,2864,480
valid_2025_11,2,lgb_segmented_6_last_180d,0.5,24_40,0.08333333333333333,风电预测值,6589.983852095902,344.0,0.45196809430410734,0.1955656623081296,0.03766400785867561,0.016297138525677466,107,2864,480
valid_2025_11,2,lgb_segmented_6_last_180d,0.5,24_40,0.08333333333333333,光伏预测值,397.6107521057129,120.0,0.027269774545333234,0.06822057987492894,0.002272481212111103,0.005685048322910745,107,2864,480
valid_2025_11,2,lgb_segmented_6_last_180d,0.5,24_40,0.08333333333333333,水电预测值,219.71978351473808,136.0,0.015069283030865615,0.07731665719158613,0.0012557735859054678,0.006443054765965511,107,2864,480
valid_2025_11,2,lgb_segmented_6_last_180d,0.5,24_40,0.08333333333333333,非市场化机组预测值,349.57256685197353,161.0,0.023975118969499772,0.09152927799886298,0.0019979265807916475,0.007627439833238582,107,2864,480
valid_2025_11,2,lgb_segmented_6_last_180d,0.5,24_40,0.08333333333333333,hour,112.34851706027985,17.0,0.0077053216355723805,0.009664582148948267,0.0006421101362976984,0.0008053818457456888,107,2864,480
valid_2025_11,2,lgb_segmented_6_last_180d,0.5,24_40,0.08333333333333333,minute,0.8052909970283508,1.0,5.5230156166680334e-05,0.0005685048322910744,4.6025130138900276e-06,4.737540269092287e-05,107,2864,480
valid_2025_11,2,lgb_segmented_6_last_180d,0.5,24_40,0.08333333333333333,quarter,213.79270786046982,47.0,0.014662779896961287,0.0267197271176805,0.0012218983247467739,0.002226643926473375,107,2864,480
valid_2025_11,2,lgb_segmented_6_last_180d,0.5,24_40,0.08333333333333333,dayofweek,337.91154965758324,125.0,0.023175358630584862,0.07106310403638431,0.0019312798858820718,0.005921925336365359,107,2864,480
valid_2025_11,2,lgb_segmented_6_last_180d,0.5,24_40,0.08333333333333333,month,655.6415886282921,179.0,0.04496658656676391,0.10176236498010233,0.0037472155472303256,0.008480197081675193,107,2864,480
valid_2025_11,2,lgb_segmented_6_last_180d,0.5,24_40,0.08333333333333333,is_weekend,23.37477958202362,7.0,0.001603138159300004,0.003979533826037522,0.00013359484660833366,0.00033162781883646015,107,2864,480
valid_2025_11,2,lgb_segmented_6_last_180d,0.5,24_40,0.08333333333333333,hour_sin,6.963180065155029,2.0,0.0004775634197257619,0.0011370096645821489,3.979695164381349e-05,9.475080538184574e-05,107,2864,480
valid_2025_11,2,lgb_segmented_6_last_180d,0.5,24_40,0.08333333333333333,hour_cos,0.0,0.0,0.0,0.0,0.0,0.0,107,2864,480
valid_2025_11,2,lgb_segmented_6_last_180d,0.5,24_40,0.08333333333333333,quarter_sin,22.242206394672394,4.0,0.001525461649518533,0.0022740193291642978,0.0001271218041265444,0.00018950161076369148,107,2864,480
valid_2025_11,2,lgb_segmented_6_last_180d,0.5,24_40,0.08333333333333333,quarter_cos,3.4289000034332275,1.0,0.00023516801177261973,0.0005685048322910744,1.9597334314384975e-05,4.737540269092287e-05,107,2864,480
valid_2025_11,2,lgb_segmented_6_last_180d,0.5,40_56,0.08333333333333333,系统负荷预测值,609.8961888477206,373.0,0.031426049320366724,0.09433485078401618,0.0026188374433638935,0.007861237565334682,237,2864,480
valid_2025_11,2,lgb_segmented_6_last_180d,0.5,40_56,0.08333333333333333,风光总加预测值,9392.129945114255,574.0,0.483947177036958,0.14516944865958523,0.0403289314197465,0.012097454054965436,237,2864,480
valid_2025_11,2,lgb_segmented_6_last_180d,0.5,40_56,0.08333333333333333,联络线预测值,616.7384041659534,266.0,0.031778607345786754,0.0672736469398078,0.0026482172788155627,0.0056061372449839825,237,2864,480
valid_2025_11,2,lgb_segmented_6_last_180d,0.5,40_56,0.08333333333333333,风电预测值,3536.1283214260184,579.0,0.18220566887330694,0.1464339908952959,0.015183805739442245,0.012202832574607992,237,2864,480
valid_2025_11,2,lgb_segmented_6_last_180d,0.5,40_56,0.08333333333333333,光伏预测值,1319.0362121537328,475.0,0.06796582404754575,0.1201315123925139,0.005663818670628812,0.010010959366042824,237,2864,480
valid_2025_11,2,lgb_segmented_6_last_180d,0.5,40_56,0.08333333333333333,水电预测值,447.73577990196645,346.0,0.02307042896640433,0.08750632271117856,0.0019225357472003606,0.00729219355926488,237,2864,480
valid_2025_11,2,lgb_segmented_6_last_180d,0.5,40_56,0.08333333333333333,非市场化机组预测值,2116.9908723942935,632.0,0.10908194014512883,0.15983813859382903,0.009090161678760734,0.013319844882819086,237,2864,480
valid_2025_11,2,lgb_segmented_6_last_180d,0.5,40_56,0.08333333333333333,hour,49.41078154742718,30.0,0.0025459835399217643,0.007587253414264037,0.00021216529499348035,0.0006322711178553364,237,2864,480
valid_2025_11,2,lgb_segmented_6_last_180d,0.5,40_56,0.08333333333333333,minute,0.268002986907959,1.0,1.3809358442602102e-05,0.00025290844714213456,1.1507798702168418e-06,2.1075703928511212e-05,237,2864,480
valid_2025_11,2,lgb_segmented_6_last_180d,0.5,40_56,0.08333333333333333,quarter,205.2230412364006,124.0,0.01057450355240875,0.03136064744562468,0.0008812086293673957,0.00261338728713539,237,2864,480
valid_2025_11,2,lgb_segmented_6_last_180d,0.5,40_56,0.08333333333333333,dayofweek,353.05543173104525,194.0,0.018191845781763753,0.049064238745574106,0.0015159871484803126,0.004088686562131175,237,2864,480
valid_2025_11,2,lgb_segmented_6_last_180d,0.5,40_56,0.08333333333333333,month,672.573819860816,286.0,0.03465563225516529,0.07233181588265047,0.0028879693545971075,0.006027651323554206,237,2864,480
valid_2025_11,2,lgb_segmented_6_last_180d,0.5,40_56,0.08333333333333333,is_weekend,22.232897073030472,14.0,0.0011455918773188836,0.0035407182599898838,9.546598977657363e-05,0.00029505985499915695,237,2864,480
valid_2025_11,2,lgb_segmented_6_last_180d,0.5,40_56,0.08333333333333333,hour_sin,6.048551023006439,3.0,0.0003116629784568384,0.0007587253414264037,2.5971914871403196e-05,6.322711178553364e-05,237,2864,480
valid_2025_11,2,lgb_segmented_6_last_180d,0.5,40_56,0.08333333333333333,hour_cos,0.22867550421506166,2.0,1.1782935858968869e-05,0.0005058168942842691,9.81911321580739e-07,4.2151407857022424e-05,237,2864,480
valid_2025_11,2,lgb_segmented_6_last_180d,0.5,40_56,0.08333333333333333,quarter_sin,24.718888133764267,19.0,0.0012736872468476106,0.0048052604957005566,0.00010614060390396755,0.00040043837464171303,237,2864,480
valid_2025_11,2,lgb_segmented_6_last_180d,0.5,40_56,0.08333333333333333,quarter_cos,34.929431930184364,36.0,0.0017998047383182441,0.009104704097116844,0.000149983728193187,0.0007587253414264037,237,2864,480
valid_2025_11,2,lgb_segmented_6_last_180d,0.5,56_72,0.08333333333333333,系统负荷预测值,352.9465032815933,166.0,0.016959850213500244,0.05710354317165463,0.0014133208511250203,0.004758628597637885,177,2864,480
valid_2025_11,2,lgb_segmented_6_last_180d,0.5,56_72,0.08333333333333333,风光总加预测值,11072.019689930603,447.0,0.5320347241188872,0.15376676986584106,0.04433622700990726,0.012813897488820088,177,2864,480
valid_2025_11,2,lgb_segmented_6_last_180d,0.5,56_72,0.08333333333333333,联络线预测值,561.519075717777,251.0,0.02698221777989563,0.08634330925352597,0.0022485181483246357,0.007195275771127164,177,2864,480
valid_2025_11,2,lgb_segmented_6_last_180d,0.5,56_72,0.08333333333333333,风电预测值,4315.516536511481,543.0,0.2073699933916729,0.1867905056759546,0.017280832782639408,0.015565875472996215,177,2864,480
valid_2025_11,2,lgb_segmented_6_last_180d,0.5,56_72,0.08333333333333333,光伏预测值,793.6067317156121,212.0,0.038134536461418976,0.07292741658066736,0.003177878038451581,0.0060772847150556124,177,2864,480
valid_2025_11,2,lgb_segmented_6_last_180d,0.5,56_72,0.08333333333333333,水电预测值,548.6541150007397,276.0,0.02636402832417112,0.09494324045407637,0.0021970023603475933,0.007911936704506364,177,2864,480
valid_2025_11,2,lgb_segmented_6_last_180d,0.5,56_72,0.08333333333333333,非市场化机组预测值,1125.0802290067077,402.0,0.0540625618463789,0.13828689370485037,0.004505213487198241,0.01152390780873753,177,2864,480
valid_2025_11,2,lgb_segmented_6_last_180d,0.5,56_72,0.08333333333333333,hour,86.40185062587261,47.0,0.004151797598671499,0.016167870657034743,0.0003459831332226249,0.0013473225547528953,177,2864,480
valid_2025_11,2,lgb_segmented_6_last_180d,0.5,56_72,0.08333333333333333,minute,0.285876989364624,1.0,1.3737013609799596e-05,0.0003439972480220158,1.1447511341499664e-06,2.8666437335167985e-05,177,2864,480
valid_2025_11,2,lgb_segmented_6_last_180d,0.5,56_72,0.08333333333333333,quarter,267.86764784157276,87.0,0.012871625422539295,0.029927760577915376,0.0010726354518782746,0.0024939800481596146,177,2864,480
valid_2025_11,2,lgb_segmented_6_last_180d,0.5,56_72,0.08333333333333333,dayofweek,395.4355820789933,192.0,0.01900154323330213,0.06604747162022703,0.0015834619361085108,0.005503955968352252,177,2864,480
valid_2025_11,2,lgb_segmented_6_last_180d,0.5,56_72,0.08333333333333333,month,1231.8836608342826,263.0,0.05919469997281411,0.09047127622979016,0.004932891664401176,0.00753927301914918,177,2864,480
valid_2025_11,2,lgb_segmented_6_last_180d,0.5,56_72,0.08333333333333333,is_weekend,6.133469939231873,4.0,0.00029472662426516786,0.0013759889920880633,2.456055202209732e-05,0.00011466574934067194,177,2864,480
valid_2025_11,2,lgb_segmented_6_last_180d,0.5,56_72,0.08333333333333333,hour_sin,1.0267399549484253,1.0,4.933709693179276e-05,0.0003439972480220158,4.111424744316063e-06,2.8666437335167985e-05,177,2864,480
valid_2025_11,2,lgb_segmented_6_last_180d,0.5,56_72,0.08333333333333333,hour_cos,0.0,0.0,0.0,0.0,0.0,0.0,177,2864,480
valid_2025_11,2,lgb_segmented_6_last_180d,0.5,56_72,0.08333333333333333,quarter_sin,44.16224333643913,13.0,0.002122092229599424,0.004471964224286206,0.00017684101913328533,0.00037266368535718384,177,2864,480
valid_2025_11,2,lgb_segmented_6_last_180d,0.5,56_72,0.08333333333333333,quarter_cos,8.168799877166748,2.0,0.0003925286723418075,0.0006879944960440316,3.271072269515062e-05,5.733287467033597e-05,177,2864,480
valid_2025_11,2,lgb_segmented_6_last_180d,0.5,72_88,0.08333333333333333,系统负荷预测值,812.3045808038441,145.0,0.059528348078968285,0.11856091578086672,0.0049606956732473565,0.009880076315072227,75,2864,480
valid_2025_11,2,lgb_segmented_6_last_180d,0.5,72_88,0.08333333333333333,风光总加预测值,1580.1976595520973,102.0,0.11580207539676983,0.08340147179067865,0.009650172949730819,0.006950122649223221,75,2864,480
valid_2025_11,2,lgb_segmented_6_last_180d,0.5,72_88,0.08333333333333333,联络线预测值,705.384409993887,159.0,0.05169288673226581,0.13000817661488143,0.004307740561022151,0.010834014717906786,75,2864,480
valid_2025_11,2,lgb_segmented_6_last_180d,0.5,72_88,0.08333333333333333,风电预测值,7757.226814121008,233.0,0.5684750632103247,0.19051512673753065,0.04737292193419372,0.015876260561460888,75,2864,480
valid_2025_11,2,lgb_segmented_6_last_180d,0.5,72_88,0.08333333333333333,光伏预测值,336.0750518590212,99.0,0.024628683797306063,0.08094848732624693,0.002052390316442172,0.006745707277187244,75,2864,480
valid_2025_11,2,lgb_segmented_6_last_180d,0.5,72_88,0.08333333333333333,水电预测值,404.29563423618674,112.0,0.02962811217659586,0.09157808667211774,0.002469009348049655,0.007631507222676478,75,2864,480
valid_2025_11,2,lgb_segmented_6_last_180d,0.5,72_88,0.08333333333333333,非市场化机组预测值,199.2533781826496,68.0,0.014601942094958255,0.05560098119378577,0.0012168285079131877,0.0046334150994821474,75,2864,480
valid_2025_11,2,lgb_segmented_6_last_180d,0.5,72_88,0.08333333333333333,hour,54.97755463421345,12.0,0.004028935803313232,0.009811937857726901,0.0003357446502761026,0.0008176614881439084,75,2864,480
valid_2025_11,2,lgb_segmented_6_last_180d,0.5,72_88,0.08333333333333333,minute,0.0,0.0,0.0,0.0,0.0,0.0,75,2864,480
valid_2025_11,2,lgb_segmented_6_last_180d,0.5,72_88,0.08333333333333333,quarter,110.19381259381771,18.0,0.008075364570444802,0.014717906786590351,0.0006729470475370669,0.0012264922322158625,75,2864,480
valid_2025_11,2,lgb_segmented_6_last_180d,0.5,72_88,0.08333333333333333,dayofweek,143.591526389122,47.0,0.010522858747913592,0.038430089942763694,0.0008769048956594659,0.0032025074952303076,75,2864,480
valid_2025_11,2,lgb_segmented_6_last_180d,0.5,72_88,0.08333333333333333,month,1537.6762593984604,226.0,0.11268596751190979,0.1847914963205233,0.009390497292659148,0.015399291360043608,75,2864,480
valid_2025_11,2,lgb_segmented_6_last_180d,0.5,72_88,0.08333333333333333,is_weekend,4.2411699295043945,1.0,0.00031080686455781245,0.0008176614881439084,2.590057204648437e-05,6.81384573453257e-05,75,2864,480
valid_2025_11,2,lgb_segmented_6_last_180d,0.5,72_88,0.08333333333333333,hour_sin,0.0,0.0,0.0,0.0,0.0,0.0,75,2864,480
valid_2025_11,2,lgb_segmented_6_last_180d,0.5,72_88,0.08333333333333333,hour_cos,0.0,0.0,0.0,0.0,0.0,0.0,75,2864,480
valid_2025_11,2,lgb_segmented_6_last_180d,0.5,72_88,0.08333333333333333,quarter_sin,0.25865399837493896,1.0,1.8955014672013035e-05,0.0008176614881439084,1.5795845560010863e-06,6.81384573453257e-05,75,2864,480
valid_2025_11,2,lgb_segmented_6_last_180d,0.5,72_88,0.08333333333333333,quarter_cos,0.0,0.0,0.0,0.0,0.0,0.0,75,2864,480
valid_2025_11,2,lgb_segmented_6_last_180d,0.5,88_96,0.041666666666666664,系统负荷预测值,40.01969996094704,21.0,0.0064497948407375326,0.040152963671128104,0.00026874145169739717,0.001673040152963671,68,1432,240
valid_2025_11,2,lgb_segmented_6_last_180d,0.5,88_96,0.041666666666666664,风光总加预测值,2675.2465186417103,91.0,0.43115743522500977,0.1739961759082218,0.017964893134375406,0.007249840662842575,68,1432,240
valid_2025_11,2,lgb_segmented_6_last_180d,0.5,88_96,0.041666666666666664,联络线预测值,57.88482980430126,27.0,0.00932903737392032,0.05162523900573614,0.0003887098905800133,0.0021510516252390057,68,1432,240
valid_2025_11,2,lgb_segmented_6_last_180d,0.5,88_96,0.041666666666666664,风电预测值,2422.640905827284,112.0,0.39044612604823614,0.21414913957934992,0.01626858858534317,0.008922880815806247,68,1432,240
valid_2025_11,2,lgb_segmented_6_last_180d,0.5,88_96,0.041666666666666664,光伏预测值,142.78380884230137,50.0,0.023011823539671947,0.09560229445506692,0.0009588259808196644,0.003983428935627788,68,1432,240
valid_2025_11,2,lgb_segmented_6_last_180d,0.5,88_96,0.041666666666666664,水电预测值,178.55338457226753,48.0,0.028776644995695846,0.09177820267686425,0.00119902687482066,0.0038240917782026767,68,1432,240
valid_2025_11,2,lgb_segmented_6_last_180d,0.5,88_96,0.041666666666666664,非市场化机组预测值,212.2503772675991,64.0,0.03420743757652,0.12237093690248566,0.0014253098990216666,0.005098789037603569,68,1432,240
valid_2025_11,2,lgb_segmented_6_last_180d,0.5,88_96,0.041666666666666664,hour,9.458993971347809,7.0,0.0015244634661054765,0.01338432122370937,6.351931108772818e-05,0.0005576800509878904,68,1432,240
valid_2025_11,2,lgb_segmented_6_last_180d,0.5,88_96,0.041666666666666664,minute,0.0,0.0,0.0,0.0,0.0,0.0,68,1432,240
valid_2025_11,2,lgb_segmented_6_last_180d,0.5,88_96,0.041666666666666664,quarter,2.310167968273163,2.0,0.00037231936914933217,0.0038240917782026767,1.551330704788884e-05,0.00015933715742511153,68,1432,240
valid_2025_11,2,lgb_segmented_6_last_180d,0.5,88_96,0.041666666666666664,dayofweek,40.47835063934326,15.0,0.006523713505347899,0.028680688336520075,0.0002718213960561625,0.0011950286806883363,68,1432,240
valid_2025_11,2,lgb_segmented_6_last_180d,0.5,88_96,0.041666666666666664,month,423.17496770620346,86.0,0.0682012040596057,0.16443594646271512,0.0028417168358169037,0.006851497769279796,68,1432,240
valid_2025_11,2,lgb_segmented_6_last_180d,0.5,88_96,0.041666666666666664,is_weekend,0.0,0.0,0.0,0.0,0.0,0.0,68,1432,240
valid_2025_11,2,lgb_segmented_6_last_180d,0.5,88_96,0.041666666666666664,hour_sin,0.0,0.0,0.0,0.0,0.0,0.0,68,1432,240
valid_2025_11,2,lgb_segmented_6_last_180d,0.5,88_96,0.041666666666666664,hour_cos,0.0,0.0,0.0,0.0,0.0,0.0,68,1432,240
valid_2025_11,2,lgb_segmented_6_last_180d,0.5,88_96,0.041666666666666664,quarter_sin,0.0,0.0,0.0,0.0,0.0,0.0,68,1432,240
valid_2025_11,2,lgb_segmented_6_last_180d,0.5,88_96,0.041666666666666664,quarter_cos,0.0,0.0,0.0,0.0,0.0,0.0,68,1432,240
valid_2025_12,0,lgb_baseline,0.25,all,0.25,系统负荷预测值,6199.27163207531,955.0,0.029483451985674272,0.0895536384096024,0.007370862996418568,0.0223884096024006,172,31946,2976
valid_2025_12,0,lgb_baseline,0.25,all,0.25,风光总加预测值,86244.26029121876,984.0,0.4101737523775684,0.09227306826706677,0.1025434380943921,0.023068267066766693,172,31946,2976
valid_2025_12,0,lgb_baseline,0.25,all,0.25,联络线预测值,8146.743497729301,1158.0,0.03874553899398935,0.10858964741185297,0.009686384748497338,0.02714741185296324,172,31946,2976
valid_2025_12,0,lgb_baseline,0.25,all,0.25,风电预测值,60066.817909002304,1065.0,0.28567503520723203,0.09986871717929482,0.07141875880180801,0.024967179294823706,172,31946,2976
valid_2025_12,0,lgb_baseline,0.25,all,0.25,光伏预测值,9569.586739897728,978.0,0.04551251629444527,0.09171042760690172,0.011378129073611317,0.02292760690172543,172,31946,2976
valid_2025_12,0,lgb_baseline,0.25,all,0.25,水电预测值,3817.3177213668823,752.0,0.018154988268243823,0.07051762940735183,0.004538747067060956,0.017629407351837958,172,31946,2976
valid_2025_12,0,lgb_baseline,0.25,all,0.25,非市场化机组预测值,6545.151680588722,933.0,0.031128441656780848,0.08749062265566392,0.007782110414195212,0.02187265566391598,172,31946,2976
valid_2025_12,0,lgb_baseline,0.25,all,0.25,hour,633.4613790512085,101.0,0.0030127133093187275,0.00947111777944486,0.0007531783273296819,0.002367779444861215,172,31946,2976
valid_2025_12,0,lgb_baseline,0.25,all,0.25,minute,0.0,0.0,0.0,0.0,0.0,0.0,172,31946,2976
valid_2025_12,0,lgb_baseline,0.25,all,0.25,quarter,2186.4677613973618,306.0,0.010398740543621448,0.028694673668417103,0.002599685135905362,0.007173668417104276,172,31946,2976
valid_2025_12,0,lgb_baseline,0.25,all,0.25,dayofweek,4690.457524418831,769.0,0.022307601186004496,0.07211177794448612,0.005576900296501124,0.01802794448612153,172,31946,2976
valid_2025_12,0,lgb_baseline,0.25,all,0.25,month,14695.640093445778,1778.0,0.06989179129561891,0.1667291822955739,0.017472947823904728,0.041682295573893476,172,31946,2976
valid_2025_12,0,lgb_baseline,0.25,all,0.25,is_weekend,308.36160039901733,59.0,0.0014665536500368755,0.005532633158289573,0.00036663841250921886,0.0013831582895723932,172,31946,2976
valid_2025_12,0,lgb_baseline,0.25,all,0.25,hour_sin,794.8900135755539,113.0,0.0037804605024705437,0.010596399099774943,0.0009451151256176359,0.0026490997749437357,172,31946,2976
valid_2025_12,0,lgb_baseline,0.25,all,0.25,hour_cos,3075.248691558838,191.0,0.014625741945627518,0.01791072768192048,0.0036564354864068796,0.00447768192048012,172,31946,2976
valid_2025_12,0,lgb_baseline,0.25,all,0.25,quarter_sin,1947.6933543682098,309.0,0.009263140398496798,0.028975993998499625,0.0023157850996241994,0.007243998499624906,172,31946,2976
valid_2025_12,0,lgb_baseline,0.25,all,0.25,quarter_cos,1341.378009557724,213.0,0.006379532384870669,0.019973743435858966,0.0015948830962176671,0.004993435858964741,172,31946,2976
valid_2025_12,1,lgb_baseline_last_180d,0.25,all,0.25,系统负荷预测值,3118.6992031931877,693.0,0.02459973385033159,0.07655766681396377,0.006149933462582897,0.019139416703490942,146,17184,2976
valid_2025_12,1,lgb_baseline_last_180d,0.25,all,0.25,风光总加预测值,31411.94177043438,984.0,0.24777170125404135,0.10870525850640743,0.06194292531351034,0.027176314626601857,146,17184,2976
valid_2025_12,1,lgb_baseline_last_180d,0.25,all,0.25,联络线预测值,4620.949935972691,879.0,0.036449215251103985,0.09710561201944322,0.009112303812775996,0.024276403004860805,146,17184,2976
valid_2025_12,1,lgb_baseline_last_180d,0.25,all,0.25,风电预测值,54954.52242523432,1056.0,0.4334713088548866,0.11665930181175431,0.10836782721372165,0.029164825452938577,146,17184,2976
valid_2025_12,1,lgb_baseline_last_180d,0.25,all,0.25,光伏预测值,5151.331677258015,773.0,0.04063277026062062,0.08539549270879364,0.010158192565155155,0.02134887317719841,146,17184,2976
valid_2025_12,1,lgb_baseline_last_180d,0.25,all,0.25,水电预测值,3071.3732318878174,729.0,0.02422643516954553,0.08053468846663721,0.006056608792386383,0.020133672116659302,146,17184,2976
valid_2025_12,1,lgb_baseline_last_180d,0.25,all,0.25,非市场化机组预测值,4725.58683848381,823.0,0.037274572165955255,0.0909191338930623,0.009318643041488814,0.022729783473265576,146,17184,2976
valid_2025_12,1,lgb_baseline_last_180d,0.25,all,0.25,hour,548.1960923671722,94.0,0.0043240713808554085,0.0103844454264251,0.0010810178452138521,0.002596111356606275,146,17184,2976
valid_2025_12,1,lgb_baseline_last_180d,0.25,all,0.25,minute,0.0,0.0,0.0,0.0,0.0,0.0,146,17184,2976
valid_2025_12,1,lgb_baseline_last_180d,0.25,all,0.25,quarter,1984.6557400226593,349.0,0.015654604631027642,0.038555015466195316,0.003913651157756911,0.009638753866548829,146,17184,2976
valid_2025_12,1,lgb_baseline_last_180d,0.25,all,0.25,dayofweek,4085.5457168221474,783.0,0.032226043846833065,0.08650022094564737,0.008056510961708266,0.021625055236411842,146,17184,2976
valid_2025_12,1,lgb_baseline_last_180d,0.25,all,0.25,month,8175.365040183067,1093.0,0.0644857971271784,0.12074679628811312,0.0161214492817946,0.03018669907202828,146,17184,2976
valid_2025_12,1,lgb_baseline_last_180d,0.25,all,0.25,is_weekend,188.57910013198853,45.0,0.0014874777497721333,0.004971277065841803,0.00037186943744303333,0.0012428192664604508,146,17184,2976
valid_2025_12,1,lgb_baseline_last_180d,0.25,all,0.25,hour_sin,694.869368493557,125.0,0.0054810035889923635,0.013809102960671674,0.0013702508972480909,0.0034522757401679186,146,17184,2976
valid_2025_12,1,lgb_baseline_last_180d,0.25,all,0.25,hour_cos,1635.9191349744797,134.0,0.01290383352130674,0.014803358373840036,0.003225958380326685,0.003700839593460009,146,17184,2976
valid_2025_12,1,lgb_baseline_last_180d,0.25,all,0.25,quarter_sin,1666.310480415821,307.0,0.013143554943765505,0.033915156871409634,0.0032858887359413762,0.008478789217852408,146,17184,2976
valid_2025_12,1,lgb_baseline_last_180d,0.25,all,0.25,quarter_cos,743.916238129139,185.0,0.005867876403783822,0.020437472381794077,0.0014669691009459554,0.005109368095448519,146,17184,2976
valid_2025_12,2,lgb_segmented_6_last_180d,0.5,00_24,0.125,系统负荷预测值,1017.3008449710906,415.0,0.029727287456722297,0.09477049554692853,0.003715910932090287,0.011846311943366066,174,4296,744
valid_2025_12,2,lgb_segmented_6_last_180d,0.5,00_24,0.125,风光总加预测值,14987.21984641999,583.0,0.43795244519263266,0.13313541904544415,0.05474405564907908,0.01664192738068052,174,4296,744
valid_2025_12,2,lgb_segmented_6_last_180d,0.5,00_24,0.125,联络线预测值,1623.1270710118115,427.0,0.04743057597689012,0.09751084722539392,0.005928821997111265,0.01218885590317424,174,4296,744
valid_2025_12,2,lgb_segmented_6_last_180d,0.5,00_24,0.125,风电预测值,8539.15212922357,482.0,0.2495287713924243,0.11007079241836036,0.031191096424053037,0.013758849052295045,174,4296,744
valid_2025_12,2,lgb_segmented_6_last_180d,0.5,00_24,0.125,光伏预测值,1475.7079049109016,553.0,0.04312273336673621,0.12628453984928065,0.005390341670842026,0.01578556748116008,174,4296,744
valid_2025_12,2,lgb_segmented_6_last_180d,0.5,00_24,0.125,水电预测值,1292.7665121434256,520.0,0.037776869950406855,0.1187485727335008,0.004722108743800857,0.0148435715916876,174,4296,744
valid_2025_12,2,lgb_segmented_6_last_180d,0.5,00_24,0.125,非市场化机组预测值,969.8981395880692,378.0,0.028342098546172007,0.0863210778716602,0.003542762318271501,0.010790134733957525,174,4296,744
valid_2025_12,2,lgb_segmented_6_last_180d,0.5,00_24,0.125,hour,105.7326937019825,53.0,0.0030896918987044844,0.012103219913222198,0.00038621148733806055,0.0015129024891527747,174,4296,744
valid_2025_12,2,lgb_segmented_6_last_180d,0.5,00_24,0.125,minute,0.05656149983406067,2.0,1.652824700640305e-06,0.00045672527974423386,2.0660308758003812e-07,5.709065996802923e-05,174,4296,744
valid_2025_12,2,lgb_segmented_6_last_180d,0.5,00_24,0.125,quarter,274.74753688275814,136.0,0.008028597486491092,0.0310573190226079,0.0010035746858113865,0.0038821648778259877,174,4296,744
valid_2025_12,2,lgb_segmented_6_last_180d,0.5,00_24,0.125,dayofweek,1563.2000900804996,387.0,0.045679406106772444,0.08837634163050925,0.0057099257633465555,0.011047042703813657,174,4296,744
valid_2025_12,2,lgb_segmented_6_last_180d,0.5,00_24,0.125,month,2170.94832726568,378.0,0.0634388591116832,0.0863210778716602,0.0079298573889604,0.010790134733957525,174,4296,744
valid_2025_12,2,lgb_segmented_6_last_180d,0.5,00_24,0.125,is_weekend,154.06169100105762,36.0,0.0045019486586461216,0.00822105503539621,0.0005627435823307652,0.0010276318794245262,174,4296,744
valid_2025_12,2,lgb_segmented_6_last_180d,0.5,00_24,0.125,hour_sin,4.565209865570068,1.0,0.0001334033158872709,0.00022836263987211693,1.667541448590886e-05,2.8545329984014616e-05,174,4296,744
valid_2025_12,2,lgb_segmented_6_last_180d,0.5,00_24,0.125,hour_cos,0.0,0.0,0.0,0.0,0.0,0.0,174,4296,744
valid_2025_12,2,lgb_segmented_6_last_180d,0.5,00_24,0.125,quarter_sin,29.44109581410885,23.0,0.0008603196612225252,0.005252340717058689,0.00010753995765281565,0.0006565425896323361,174,4296,744
valid_2025_12,2,lgb_segmented_6_last_180d,0.5,00_24,0.125,quarter_cos,13.186731070280075,5.0,0.00038533905390774253,0.0011418131993605847,4.8167381738467817e-05,0.00014272664992007308,174,4296,744
valid_2025_12,2,lgb_segmented_6_last_180d,0.5,24_40,0.08333333333333333,系统负荷预测值,860.0104059912264,864.0,0.040660791027721806,0.10728920899043834,0.0033883992523101505,0.008940767415869862,487,2864,496
valid_2025_12,2,lgb_segmented_6_last_180d,0.5,24_40,0.08333333333333333,风光总加预测值,7712.227536748163,910.0,0.36462962546194805,0.11300136595057743,0.030385802121829,0.009416780495881452,487,2864,496
valid_2025_12,2,lgb_segmented_6_last_180d,0.5,24_40,0.08333333333333333,联络线预测值,631.4338208958507,602.0,0.029853823233324955,0.07475474978268969,0.0024878186027770793,0.006229562481890807,487,2864,496
valid_2025_12,2,lgb_segmented_6_last_180d,0.5,24_40,0.08333333333333333,风电预测值,7419.3331108982675,1704.0,0.3507817476226784,0.21159816217558675,0.029231812301889863,0.017633180181298894,487,2864,496
valid_2025_12,2,lgb_segmented_6_last_180d,0.5,24_40,0.08333333333333333,光伏预测值,567.9371665911749,522.0,0.02685173840544875,0.0648205637650565,0.002237644867120729,0.005401713647088042,487,2864,496
valid_2025_12,2,lgb_segmented_6_last_180d,0.5,24_40,0.08333333333333333,水电预测值,636.1958149326965,857.0,0.030078967537461924,0.10641996771389545,0.0025065806281218267,0.00886833064282462,487,2864,496
valid_2025_12,2,lgb_segmented_6_last_180d,0.5,24_40,0.08333333333333333,非市场化机组预测值,844.7582129910588,884.0,0.03993967622727993,0.10977275549484664,0.0033283063522733273,0.009147729624570552,487,2864,496
valid_2025_12,2,lgb_segmented_6_last_180d,0.5,24_40,0.08333333333333333,hour,87.05602110922337,64.0,0.00411595796674951,0.007947348814106544,0.00034299649722912585,0.000662279067842212,487,2864,496
valid_2025_12,2,lgb_segmented_6_last_180d,0.5,24_40,0.08333333333333333,minute,12.02260534465313,37.0,0.0005684217773670744,0.004594561033155346,4.73684814472562e-05,0.0003828800860962788,487,2864,496
valid_2025_12,2,lgb_segmented_6_last_180d,0.5,24_40,0.08333333333333333,quarter,360.56755431368947,219.0,0.017047423932536956,0.02719483422327083,0.0014206186610447463,0.002266236185272569,487,2864,496
valid_2025_12,2,lgb_segmented_6_last_180d,0.5,24_40,0.08333333333333333,dayofweek,842.4229537695646,656.0,0.039829266531607364,0.08146032534459208,0.0033191055443006134,0.006788360445382673,487,2864,496
valid_2025_12,2,lgb_segmented_6_last_180d,0.5,24_40,0.08333333333333333,month,1090.1848807409406,667.0,0.051543306114183715,0.08282627592201663,0.00429527550951531,0.006902189660168053,487,2864,496
valid_2025_12,2,lgb_segmented_6_last_180d,0.5,24_40,0.08333333333333333,is_weekend,23.002475887537003,24.0,0.001087543660713442,0.002980255805289954,9.062863839278682e-05,0.00024835465044082945,487,2864,496
valid_2025_12,2,lgb_segmented_6_last_180d,0.5,24_40,0.08333333333333333,hour_sin,4.57302488386631,4.0,0.0002162099526611504,0.000496709300881659,1.8017496055095865e-05,4.139244174013825e-05,487,2864,496
valid_2025_12,2,lgb_segmented_6_last_180d,0.5,24_40,0.08333333333333333,hour_cos,0.0,0.0,0.0,0.0,0.0,0.0,487,2864,496
valid_2025_12,2,lgb_segmented_6_last_180d,0.5,24_40,0.08333333333333333,quarter_sin,48.13682062923908,33.0,0.0022758808390097385,0.004097851732273687,0.00018965673658414488,0.0003414876443561405,487,2864,496
valid_2025_12,2,lgb_segmented_6_last_180d,0.5,24_40,0.08333333333333333,quarter_cos,10.990399986505508,6.0,0.0005196197093072568,0.0007450639513224885,4.33016424422714e-05,6.208866261020736e-05,487,2864,496
valid_2025_12,2,lgb_segmented_6_last_180d,0.5,40_56,0.08333333333333333,系统负荷预测值,212.53976163640618,138.0,0.011432643560039887,0.07266982622432859,0.0009527202966699905,0.006055818852027382,117,2864,496
valid_2025_12,2,lgb_segmented_6_last_180d,0.5,40_56,0.08333333333333333,风光总加预测值,11083.356466762722,348.0,0.5961805120969733,0.18325434439178515,0.04968170934141444,0.015271195365982095,117,2864,496
valid_2025_12,2,lgb_segmented_6_last_180d,0.5,40_56,0.08333333333333333,联络线预测值,561.8071532696486,157.0,0.03021994982661351,0.08267509215376515,0.0025183291522177923,0.006889591012813762,117,2864,496
valid_2025_12,2,lgb_segmented_6_last_180d,0.5,40_56,0.08333333333333333,风电预测值,3401.443729705643,281.0,0.18296573521985257,0.14797261716692997,0.01524714460165438,0.012331051430577496,117,2864,496
valid_2025_12,2,lgb_segmented_6_last_180d,0.5,40_56,0.08333333333333333,光伏预测值,705.6948197819293,172.0,0.037959755269394324,0.09057398630858346,0.0031633129391161934,0.007547832192381955,117,2864,496
valid_2025_12,2,lgb_segmented_6_last_180d,0.5,40_56,0.08333333333333333,水电预测值,222.56549337133765,136.0,0.011971933792001916,0.07161664033701948,0.000997661149333493,0.0059680533614182895,117,2864,496
valid_2025_12,2,lgb_segmented_6_last_180d,0.5,40_56,0.08333333333333333,非市场化机组预测值,1508.530306007713,320.0,0.08114476630310623,0.16850974196945762,0.006762063858592186,0.0140424784974548,117,2864,496
valid_2025_12,2,lgb_segmented_6_last_180d,0.5,40_56,0.08333333333333333,hour,34.344349801540375,18.0,0.001847403547266804,0.009478672985781991,0.000153950295605567,0.0007898894154818325,117,2864,496
valid_2025_12,2,lgb_segmented_6_last_180d,0.5,40_56,0.08333333333333333,minute,0.007526149973273277,1.0,4.048362027009e-07,0.000526592943654555,3.3736350225075e-08,4.3882745304546246e-05,117,2864,496
valid_2025_12,2,lgb_segmented_6_last_180d,0.5,40_56,0.08333333333333333,quarter,90.78152516111732,56.0,0.004883193671682694,0.02948920484465508,0.0004069328059735578,0.00245743373705459,117,2864,496
valid_2025_12,2,lgb_segmented_6_last_180d,0.5,40_56,0.08333333333333333,dayofweek,122.83814051002264,68.0,0.006607538585799514,0.03580832016850974,0.0005506282154832928,0.0029840266807091447,117,2864,496
valid_2025_12,2,lgb_segmented_6_last_180d,0.5,40_56,0.08333333333333333,month,614.4972831606865,176.0,0.03305418408724541,0.09268035808320169,0.0027545153406037842,0.00772336317360014,117,2864,496
valid_2025_12,2,lgb_segmented_6_last_180d,0.5,40_56,0.08333333333333333,is_weekend,0.7314680218696594,1.0,3.934611154739733e-05,0.000526592943654555,3.278842628949777e-06,4.3882745304546246e-05,117,2864,496
valid_2025_12,2,lgb_segmented_6_last_180d,0.5,40_56,0.08333333333333333,hour_sin,5.611150145530701,2.0,0.00030182719262413096,0.00105318588730911,2.5152266052010913e-05,8.776549060909249e-05,117,2864,496
valid_2025_12,2,lgb_segmented_6_last_180d,0.5,40_56,0.08333333333333333,hour_cos,0.0,0.0,0.0,0.0,0.0,0.0,117,2864,496
valid_2025_12,2,lgb_segmented_6_last_180d,0.5,40_56,0.08333333333333333,quarter_sin,10.759003072977066,8.0,0.0005787333449876757,0.00421274354923644,4.822777874897297e-05,0.00035106196243636997,117,2864,496
valid_2025_12,2,lgb_segmented_6_last_180d,0.5,40_56,0.08333333333333333,quarter_cos,15.096920173615217,17.0,0.00081207255466195,0.008952080042127435,6.767271288849583e-05,0.0007460066701772862,117,2864,496
valid_2025_12,2,lgb_segmented_6_last_180d,0.5,56_72,0.08333333333333333,系统负荷预测值,283.7876060460694,109.0,0.014626611346698787,0.07300736771600803,0.0012188842788915656,0.006083947309667336,95,2864,496
valid_2025_12,2,lgb_segmented_6_last_180d,0.5,56_72,0.08333333333333333,风光总加预测值,11783.379632029682,326.0,0.6073236129992431,0.21835231078365708,0.050610301083270255,0.01819602589863809,95,2864,496
valid_2025_12,2,lgb_segmented_6_last_180d,0.5,56_72,0.08333333333333333,联络线预测值,392.21350004710257,120.0,0.020214957622871326,0.08037508372404555,0.0016845798019059438,0.006697923643670462,95,2864,496
valid_2025_12,2,lgb_segmented_6_last_180d,0.5,56_72,0.08333333333333333,风电预测值,4016.3723076060414,222.0,0.207006632831811,0.14869390488948425,0.017250552735984248,0.012391158740790354,95,2864,496
valid_2025_12,2,lgb_segmented_6_last_180d,0.5,56_72,0.08333333333333333,光伏预测值,773.011197656393,110.0,0.039841536817963576,0.07367716008037509,0.0033201280681636313,0.006139763340031257,95,2864,496
valid_2025_12,2,lgb_segmented_6_last_180d,0.5,56_72,0.08333333333333333,水电预测值,242.52932084910572,110.0,0.01250013052248239,0.07367716008037509,0.0010416775435401991,0.006139763340031257,95,2864,496
valid_2025_12,2,lgb_segmented_6_last_180d,0.5,56_72,0.08333333333333333,非市场化机组预测值,553.6012134496123,175.0,0.02853299304717986,0.11721366376423309,0.0023777494205983215,0.00976780531368609,95,2864,496
valid_2025_12,2,lgb_segmented_6_last_180d,0.5,56_72,0.08333333333333333,hour,13.640063926577568,9.0,0.0007030184178155709,0.006028131279303416,5.8584868151297575e-05,0.0005023442732752846,95,2864,496
valid_2025_12,2,lgb_segmented_6_last_180d,0.5,56_72,0.08333333333333333,minute,1.0962560176849365,2.0,5.650180052103584e-05,0.0013395847287340924,4.708483376752987e-06,0.00011163206072784103,95,2864,496
valid_2025_12,2,lgb_segmented_6_last_180d,0.5,56_72,0.08333333333333333,quarter,189.5352543797344,54.0,0.009768779337953266,0.0361687876758205,0.0008140649448294388,0.003014065639651708,95,2864,496
valid_2025_12,2,lgb_segmented_6_last_180d,0.5,56_72,0.08333333333333333,dayofweek,252.8226717337966,80.0,0.013030657013555191,0.0535833891493637,0.0010858880844629324,0.004465282429113641,95,2864,496
valid_2025_12,2,lgb_segmented_6_last_180d,0.5,56_72,0.08333333333333333,month,890.2345199882984,171.0,0.04588330869238164,0.1145344943067649,0.00382360905769847,0.009544541192230409,95,2864,496
valid_2025_12,2,lgb_segmented_6_last_180d,0.5,56_72,0.08333333333333333,is_weekend,2.4713900089263916,1.0,0.00012737716650251663,0.0006697923643670462,1.061476387520972e-05,5.5816030363920514e-05,95,2864,496
valid_2025_12,2,lgb_segmented_6_last_180d,0.5,56_72,0.08333333333333333,hour_sin,0.0,0.0,0.0,0.0,0.0,0.0,95,2864,496
valid_2025_12,2,lgb_segmented_6_last_180d,0.5,56_72,0.08333333333333333,hour_cos,0.0,0.0,0.0,0.0,0.0,0.0,95,2864,496
valid_2025_12,2,lgb_segmented_6_last_180d,0.5,56_72,0.08333333333333333,quarter_sin,6.122650921344757,3.0,0.0003155657031177009,0.0020093770931011385,2.6297141926475075e-05,0.00016744809109176152,95,2864,496
valid_2025_12,2,lgb_segmented_6_last_180d,0.5,56_72,0.08333333333333333,quarter_cos,1.3254899978637695,1.0,6.831667990300694e-05,0.0006697923643670462,5.693056658583911e-06,5.5816030363920514e-05,95,2864,496
valid_2025_12,2,lgb_segmented_6_last_180d,0.5,72_88,0.08333333333333333,系统负荷预测值,1191.8941617123783,255.0,0.07664300733700073,0.14894859813084113,0.006386917278083394,0.012412383177570093,105,2864,496
valid_2025_12,2,lgb_segmented_6_last_180d,0.5,72_88,0.08333333333333333,风光总加预测值,1895.6657944954932,158.0,0.1218980107992843,0.09228971962616822,0.010158167566607024,0.007690809968847351,105,2864,496
valid_2025_12,2,lgb_segmented_6_last_180d,0.5,72_88,0.08333333333333333,联络线预测值,619.071906208992,191.0,0.039808511673167,0.11156542056074767,0.0033173759727639163,0.009297118380062305,105,2864,496
valid_2025_12,2,lgb_segmented_6_last_180d,0.5,72_88,0.08333333333333333,风电预测值,8768.769555732608,276.0,0.563862875568529,0.16121495327102803,0.04698857296404408,0.013434579439252334,105,2864,496
valid_2025_12,2,lgb_segmented_6_last_180d,0.5,72_88,0.08333333333333333,光伏预测值,400.4870714992285,155.0,0.025752734215251864,0.0905373831775701,0.0021460611846043217,0.007544781931464174,105,2864,496
valid_2025_12,2,lgb_segmented_6_last_180d,0.5,72_88,0.08333333333333333,水电预测值,459.7995927631855,160.0,0.02956673897208233,0.09345794392523364,0.002463894914340194,0.0077881619937694695,105,2864,496
valid_2025_12,2,lgb_segmented_6_last_180d,0.5,72_88,0.08333333333333333,非市场化机组预测值,205.89450070261955,95.0,0.013239744127387555,0.055490654205607476,0.0011033120106156294,0.004624221183800623,105,2864,496
valid_2025_12,2,lgb_segmented_6_last_180d,0.5,72_88,0.08333333333333333,hour,46.44896197319031,17.0,0.002986832428302783,0.009929906542056074,0.00024890270235856525,0.0008274922118380061,105,2864,496
valid_2025_12,2,lgb_segmented_6_last_180d,0.5,72_88,0.08333333333333333,minute,1.159119963645935,1.0,7.453551056122838e-05,0.0005841121495327102,6.211292546769031e-06,4.867601246105918e-05,105,2864,496
valid_2025_12,2,lgb_segmented_6_last_180d,0.5,72_88,0.08333333333333333,quarter,201.68280628323555,54.0,0.012968917290026177,0.03154205607476635,0.0010807431075021813,0.0026285046728971957,105,2864,496
valid_2025_12,2,lgb_segmented_6_last_180d,0.5,72_88,0.08333333333333333,dayofweek,249.33446119725704,102.0,0.016033087125331486,0.05957943925233645,0.0013360905937776237,0.004964953271028037,105,2864,496
valid_2025_12,2,lgb_segmented_6_last_180d,0.5,72_88,0.08333333333333333,month,1489.8902648836374,240.0,0.0958052100353842,0.14018691588785046,0.007983767502948682,0.011682242990654203,105,2864,496
valid_2025_12,2,lgb_segmented_6_last_180d,0.5,72_88,0.08333333333333333,is_weekend,8.844199657440186,2.0,0.0005687132977153233,0.0011682242990654205,4.739277480961027e-05,9.735202492211836e-05,105,2864,496
valid_2025_12,2,lgb_segmented_6_last_180d,0.5,72_88,0.08333333333333333,hour_sin,3.7862099409103394,2.0,0.0002434666815245652,0.0011682242990654205,2.02888901270471e-05,9.735202492211836e-05,105,2864,496
valid_2025_12,2,lgb_segmented_6_last_180d,0.5,72_88,0.08333333333333333,hour_cos,0.0,0.0,0.0,0.0,0.0,0.0,105,2864,496
valid_2025_12,2,lgb_segmented_6_last_180d,0.5,72_88,0.08333333333333333,quarter_sin,8.516093909740448,4.0,0.0005476149384514985,0.002336448598130841,4.563457820429154e-05,0.00019470404984423673,105,2864,496
valid_2025_12,2,lgb_segmented_6_last_180d,0.5,72_88,0.08333333333333333,quarter_cos,0.0,0.0,0.0,0.0,0.0,0.0,105,2864,496
valid_2025_12,2,lgb_segmented_6_last_180d,0.5,88_96,0.041666666666666664,系统负荷预测值,275.80428107082844,173.0,0.03143814483375222,0.09868796349115802,0.0013099227014063426,0.004111998478798251,225,1432,248
valid_2025_12,2,lgb_segmented_6_last_180d,0.5,88_96,0.041666666666666664,风光总加预测值,3341.21791498363,262.0,0.3808559182785402,0.14945807187678267,0.015868996594939174,0.006227419661532611,225,1432,248
valid_2025_12,2,lgb_segmented_6_last_180d,0.5,88_96,0.041666666666666664,联络线预测值,171.56988061964512,117.0,0.019556762263036834,0.06674272675413577,0.0008148650942932014,0.0027809469480889904,225,1432,248
valid_2025_12,2,lgb_segmented_6_last_180d,0.5,88_96,0.041666666666666664,风电预测值,2856.887767493725,193.0,0.32564850356756275,0.11009697661152311,0.013568687648648447,0.004587374025480129,225,1432,248
valid_2025_12,2,lgb_segmented_6_last_180d,0.5,88_96,0.041666666666666664,光伏预测值,300.8991864696145,180.0,0.034298641659447765,0.1026811180832858,0.0014291100691436569,0.004278379920136908,225,1432,248
valid_2025_12,2,lgb_segmented_6_last_180d,0.5,88_96,0.041666666666666664,水电预测值,392.99436135590076,181.0,0.04479630846622686,0.10325156873930405,0.0018665128527594525,0.0043021486974710015,225,1432,248
valid_2025_12,2,lgb_segmented_6_last_180d,0.5,88_96,0.041666666666666664,非市场化机组预测值,425.6855476796627,222.0,0.04852268372930581,0.1266400456360525,0.002021778488721075,0.005276668568168854,225,1432,248
valid_2025_12,2,lgb_segmented_6_last_180d,0.5,88_96,0.041666666666666664,hour,22.425087690353394,19.0,0.002556171905605317,0.010838562464346835,0.00010650716273355488,0.00045160676934778476,225,1432,248
valid_2025_12,2,lgb_segmented_6_last_180d,0.5,88_96,0.041666666666666664,minute,0.24034099280834198,1.0,2.7395785562357007e-05,0.0005704506560182544,1.1414910650982085e-06,2.376877733409393e-05,225,1432,248
valid_2025_12,2,lgb_segmented_6_last_180d,0.5,88_96,0.041666666666666664,quarter,20.75869296491146,21.0,0.0023662243147802475,0.011979463776383342,9.85926797825103e-05,0.0004991443240159726,225,1432,248
valid_2025_12,2,lgb_segmented_6_last_180d,0.5,88_96,0.041666666666666664,dayofweek,284.8946470916271,147.0,0.032474329777815135,0.0838562464346834,0.0013530970740756305,0.003494010268111808,225,1432,248
valid_2025_12,2,lgb_segmented_6_last_180d,0.5,88_96,0.041666666666666664,month,668.2861288487911,228.0,0.0761760333362645,0.13006274957216202,0.003174001389011021,0.005419281232173417,225,1432,248
valid_2025_12,2,lgb_segmented_6_last_180d,0.5,88_96,0.041666666666666664,is_weekend,2.741241991519928,2.0,0.000312466370787172,0.0011409013120365088,1.3019432116132165e-05,4.753755466818786e-05,225,1432,248
valid_2025_12,2,lgb_segmented_6_last_180d,0.5,88_96,0.041666666666666664,hour_sin,2.7347118854522705,2.0,0.00031172202258656495,0.0011409013120365088,1.2988417607773538e-05,4.753755466818786e-05,225,1432,248
valid_2025_12,2,lgb_segmented_6_last_180d,0.5,88_96,0.041666666666666664,hour_cos,0.0,0.0,0.0,0.0,0.0,0.0,225,1432,248
valid_2025_12,2,lgb_segmented_6_last_180d,0.5,88_96,0.041666666666666664,quarter_sin,5.778666019439697,5.0,0.0006586936887262217,0.002852253280091272,2.744557036359257e-05,0.00011884388667046967,225,1432,248
valid_2025_12,2,lgb_segmented_6_last_180d,0.5,88_96,0.041666666666666664,quarter_cos,0.0,0.0,0.0,0.0,0.0,0.0,225,1432,248
valid_2025_jan_feb,0,lgb_baseline,0.25,all,0.25,系统负荷预测值,8587.44230696559,2551.0,0.03904101686374683,0.09613355441664154,0.009760254215936707,0.024033388604160384,428,29280,5642
valid_2025_jan_feb,0,lgb_baseline,0.25,all,0.25,风光总加预测值,53751.62769180536,2454.0,0.244370573700091,0.09247814290021103,0.06109264342502275,0.023119535725052758,428,29280,5642
valid_2025_jan_feb,0,lgb_baseline,0.25,all,0.25,联络线预测值,8986.10074648261,2468.0,0.04085343438036111,0.09300572806753091,0.010213358595090278,0.023251432016882727,428,29280,5642
valid_2025_jan_feb,0,lgb_baseline,0.25,all,0.25,风电预测值,84229.17427504063,2843.0,0.38293038785529837,0.10713747362074164,0.09573259696382459,0.02678436840518541,428,29280,5642
valid_2025_jan_feb,0,lgb_baseline,0.25,all,0.25,光伏预测值,11253.97866088152,2667.0,0.051163868702481505,0.10050497437443473,0.012790967175620376,0.025126243593608683,428,29280,5642
valid_2025_jan_feb,0,lgb_baseline,0.25,all,0.25,水电预测值,7217.506717443466,2708.0,0.032812890194482615,0.10205004522158577,0.008203222548620654,0.025512511305396442,428,29280,5642
valid_2025_jan_feb,0,lgb_baseline,0.25,all,0.25,非市场化机组预测值,8714.609744384885,2545.0,0.03961915711684397,0.09590744648779018,0.009904789279210992,0.023976861621947544,428,29280,5642
valid_2025_jan_feb,0,lgb_baseline,0.25,all,0.25,hour,1170.8888695836067,320.0,0.005323202237516962,0.012059089538739826,0.0013308005593792404,0.0030147723846849564,428,29280,5642
valid_2025_jan_feb,0,lgb_baseline,0.25,all,0.25,minute,17.710158079862595,25.0,8.051554299173567e-05,0.0009421163702140489,2.0128885747933916e-05,0.00023552909255351222,428,29280,5642
valid_2025_jan_feb,0,lgb_baseline,0.25,all,0.25,quarter,3421.38753028214,846.0,0.015554625404447957,0.03188121796804341,0.003888656351111989,0.007970304492010853,428,29280,5642
valid_2025_jan_feb,0,lgb_baseline,0.25,all,0.25,dayofweek,7905.483092755079,2173.0,0.035940631413612964,0.08188875489900513,0.008985157853403241,0.020472188724751282,428,29280,5642
valid_2025_jan_feb,0,lgb_baseline,0.25,all,0.25,month,14636.09594655037,2811.0,0.06653996012353987,0.10593156466686765,0.016634990030884967,0.026482891166716913,428,29280,5642
valid_2025_jan_feb,0,lgb_baseline,0.25,all,0.25,is_weekend,323.4667566418648,84.0,0.0014705742000354538,0.003165511003919204,0.00036764355000886345,0.000791377750979801,428,29280,5642
valid_2025_jan_feb,0,lgb_baseline,0.25,all,0.25,hour_sin,1316.077768355608,333.0,0.0059832733090616,0.012548990051251131,0.0014958183272654,0.003137247512812783,428,29280,5642
valid_2025_jan_feb,0,lgb_baseline,0.25,all,0.25,hour_cos,3503.609880954027,332.0,0.015928432187004654,0.012511305396442568,0.0039821080467511635,0.003127826349110642,428,29280,5642
valid_2025_jan_feb,0,lgb_baseline,0.25,all,0.25,quarter_sin,3162.5123419761658,783.0,0.014377703309255398,0.02950708471510401,0.0035944258273138494,0.0073767711787760025,428,29280,5642
valid_2025_jan_feb,0,lgb_baseline,0.25,all,0.25,quarter_cos,1761.8213163912296,593.0,0.008009753459228015,0.022347000301477238,0.0020024383648070037,0.0055867500753693095,428,29280,5642
valid_2025_jan_feb,1,lgb_baseline_last_180d,0.25,all,0.25,系统负荷预测值,2218.3039814829826,441.0,0.020447169434108285,0.0817575083426029,0.005111792358527071,0.020439377085650724,87,17184,5642
valid_2025_jan_feb,1,lgb_baseline_last_180d,0.25,all,0.25,风光总加预测值,46316.09403294325,670.0,0.4269176046758799,0.12421208750463478,0.10672940116896998,0.031053021876158694,87,17184,5642
valid_2025_jan_feb,1,lgb_baseline_last_180d,0.25,all,0.25,联络线预测值,1748.996560394764,391.0,0.016121338332610608,0.0724879495736003,0.004030334583152652,0.018121987393400076,87,17184,5642
valid_2025_jan_feb,1,lgb_baseline_last_180d,0.25,all,0.25,风电预测值,35561.06386166811,666.0,0.32778334444072715,0.12347052280311457,0.08194583611018179,0.030867630700778644,87,17184,5642
valid_2025_jan_feb,1,lgb_baseline_last_180d,0.25,all,0.25,光伏预测值,4747.149364292622,615.0,0.043756747583268626,0.11401557285873193,0.010939186895817157,0.028503893214682982,87,17184,5642
valid_2025_jan_feb,1,lgb_baseline_last_180d,0.25,all,0.25,水电预测值,1589.6853056550026,389.0,0.014652890254432161,0.07211716722284019,0.0036632225636080403,0.018029291805710047,87,17184,5642
valid_2025_jan_feb,1,lgb_baseline_last_180d,0.25,all,0.25,非市场化机组预测值,2589.853364109993,404.0,0.02387191791002905,0.07489803485354098,0.005967979477507263,0.018724508713385244,87,17184,5642
valid_2025_jan_feb,1,lgb_baseline_last_180d,0.25,all,0.25,hour,387.6516308784485,73.0,0.0035731706042744825,0.013533555802743789,0.0008932926510686206,0.0033833889506859473,87,17184,5642
valid_2025_jan_feb,1,lgb_baseline_last_180d,0.25,all,0.25,minute,0.0,0.0,0.0,0.0,0.0,0.0,87,17184,5642
valid_2025_jan_feb,1,lgb_baseline_last_180d,0.25,all,0.25,quarter,1720.354051709175,214.0,0.015857326622312623,0.03967371153133111,0.003964331655578156,0.009918427882832778,87,17184,5642
valid_2025_jan_feb,1,lgb_baseline_last_180d,0.25,all,0.25,dayofweek,1976.243828177452,406.0,0.01821598515584918,0.07526881720430108,0.004553996288962295,0.01881720430107527,87,17184,5642
valid_2025_jan_feb,1,lgb_baseline_last_180d,0.25,all,0.25,month,5481.731525063515,601.0,0.050527742915709294,0.1114200964034112,0.012631935728927323,0.0278550241008528,87,17184,5642
valid_2025_jan_feb,1,lgb_baseline_last_180d,0.25,all,0.25,is_weekend,90.78826928138733,15.0,0.0008368389274516641,0.0027808676307007787,0.00020920973186291602,0.0006952169076751947,87,17184,5642
valid_2025_jan_feb,1,lgb_baseline_last_180d,0.25,all,0.25,hour_sin,610.5945302248001,110.0,0.005628142003649024,0.02039302929180571,0.001407035500912256,0.005098257322951428,87,17184,5642
valid_2025_jan_feb,1,lgb_baseline_last_180d,0.25,all,0.25,hour_cos,1705.5762545466423,110.0,0.015721112593501663,0.02039302929180571,0.003930278148375416,0.005098257322951428,87,17184,5642
valid_2025_jan_feb,1,lgb_baseline_last_180d,0.25,all,0.25,quarter_sin,1191.1813192367554,190.0,0.010979688295422832,0.035224323322209865,0.002744922073855708,0.008806080830552466,87,17184,5642
valid_2025_jan_feb,1,lgb_baseline_last_180d,0.25,all,0.25,quarter_cos,554.2709110975266,99.0,0.005108980250773461,0.01835372636262514,0.0012772450626933652,0.004588431590656285,87,17184,5642
valid_2025_jan_feb,2,lgb_segmented_6_last_180d,0.5,00_24,0.12495568947181851,系统负荷预测值,1294.6833680085838,436.0,0.04365191091629937,0.11139499233520694,0.005454554625308589,0.013919438070953721,156,4296,1410
valid_2025_jan_feb,2,lgb_segmented_6_last_180d,0.5,00_24,0.12495568947181851,风光总加预测值,11807.078164132312,562.0,0.39809078956135174,0.14358712314767502,0.04974370908201932,0.017942027972192645,156,4296,1410
valid_2025_jan_feb,2,lgb_segmented_6_last_180d,0.5,00_24,0.12495568947181851,联络线预测值,1059.4877171730623,330.0,0.03572198777689501,0.08431272355646398,0.004463665611965789,0.01053535450324479,156,4296,1410
valid_2025_jan_feb,2,lgb_segmented_6_last_180d,0.5,00_24,0.12495568947181851,风电预测值,9951.256451814435,434.0,0.3355193793892725,0.11088400613183444,0.0419250553827432,0.013855587437600724,156,4296,1410
valid_2025_jan_feb,2,lgb_segmented_6_last_180d,0.5,00_24,0.12495568947181851,光伏预测值,1519.1221183091402,604.0,0.051219151352356704,0.1543178334184977,0.006400124371395158,0.019282891272605615,156,4296,1410
valid_2025_jan_feb,2,lgb_segmented_6_last_180d,0.5,00_24,0.12495568947181851,水电预测值,592.1818894285243,358.0,0.01996617221038434,0.0914665304036791,0.0024948868146616376,0.011429263370186772,156,4296,1410
valid_2025_jan_feb,2,lgb_segmented_6_last_180d,0.5,00_24,0.12495568947181851,非市场化机组预测值,464.3064781073481,336.0,0.015654688645130015,0.0858456821665815,0.0019561424131188695,0.010726906403303786,156,4296,1410
valid_2025_jan_feb,2,lgb_segmented_6_last_180d,0.5,00_24,0.12495568947181851,hour,75.8555766697973,50.0,0.002557568095114786,0.012774655084312723,0.00031958268469619357,0.0015962658338249682,156,4296,1410
valid_2025_jan_feb,2,lgb_segmented_6_last_180d,0.5,00_24,0.12495568947181851,minute,0.369430098682642,3.0,1.245580978019288e-05,0.0007664793050587634,1.5564242990138214e-06,9.57759500294981e-05,156,4296,1410
valid_2025_jan_feb,2,lgb_segmented_6_last_180d,0.5,00_24,0.12495568947181851,quarter,183.72425532713532,146.0,0.006194498998654302,0.03730199284619315,0.0007740378933093377,0.0046610962347689066,156,4296,1410
valid_2025_jan_feb,2,lgb_segmented_6_last_180d,0.5,00_24,0.12495568947181851,dayofweek,947.0377678573132,330.0,0.03193059345503568,0.08431272355646398,0.003989909320418319,0.01053535450324479,156,4296,1410
valid_2025_jan_feb,2,lgb_segmented_6_last_180d,0.5,00_24,0.12495568947181851,month,1672.3733295053244,290.0,0.056386212569216686,0.0740929994890138,0.00704577806829099,0.009258341836184816,156,4296,1410
valid_2025_jan_feb,2,lgb_segmented_6_last_180d,0.5,00_24,0.12495568947181851,is_weekend,54.40955400466919,16.0,0.00183448792430278,0.004087889626980072,0.00022922970340897908,0.0005108050668239898,156,4296,1410
valid_2025_jan_feb,2,lgb_segmented_6_last_180d,0.5,00_24,0.12495568947181851,hour_sin,5.695538148283958,2.0,0.00019203237641933442,0.000510986203372509,2.3995537996389713e-05,6.385063335299873e-05,156,4296,1410
valid_2025_jan_feb,2,lgb_segmented_6_last_180d,0.5,00_24,0.12495568947181851,hour_cos,0.0,0.0,0.0,0.0,0.0,0.0,156,4296,1410
valid_2025_jan_feb,2,lgb_segmented_6_last_180d,0.5,00_24,0.12495568947181851,quarter_sin,28.68707586824894,14.0,0.0009672215703026021,0.0035769034236075624,0.00012085983818917662,0.0004469544334709911,156,4296,1410
valid_2025_jan_feb,2,lgb_segmented_6_last_180d,0.5,00_24,0.12495568947181851,quarter_cos,2.9911170601844788,3.0,0.00010084934948398168,0.0007664793050587634,1.2601699997555316e-05,9.57759500294981e-05,156,4296,1410
valid_2025_jan_feb,2,lgb_segmented_6_last_180d,0.5,24_40,0.08348103509393832,系统负荷预测值,485.8666785983369,413.0,0.02816059325851908,0.10957813743698594,0.0023508754740805544,0.00914769633690542,229,2864,942
valid_2025_jan_feb,2,lgb_segmented_6_last_180d,0.5,24_40,0.08348103509393832,风光总加预测值,9285.801435326226,596.0,0.538200475187906,0.1581321305386044,0.04492953275673587,0.01320103393897247,229,2864,942
valid_2025_jan_feb,2,lgb_segmented_6_last_180d,0.5,24_40,0.08348103509393832,联络线预测值,198.25173319131136,241.0,0.011490572758154311,0.06394269036879809,0.0009592449076729318,0.005338001978678465,229,2864,942
valid_2025_jan_feb,2,lgb_segmented_6_last_180d,0.5,24_40,0.08348103509393832,风电预测值,4697.367079757154,805.0,0.27225708110013114,0.21358450517378616,0.02272830294189326,0.017830255571934295,229,2864,942
valid_2025_jan_feb,2,lgb_segmented_6_last_180d,0.5,24_40,0.08348103509393832,光伏预测值,363.22803298942745,248.0,0.021052517794831607,0.06579994693552667,0.0017574859768460984,0.005493047679303981,229,2864,942
valid_2025_jan_feb,2,lgb_segmented_6_last_180d,0.5,24_40,0.08348103509393832,水电预测值,278.5309078004211,380.0,0.01614351415726122,0.10082249933669409,0.001347677271901814,0.008416766605385132,229,2864,942
valid_2025_jan_feb,2,lgb_segmented_6_last_180d,0.5,24_40,0.08348103509393832,非市场化机组预测值,484.6607029675506,352.0,0.028090695505258386,0.09339347306977978,0.002345040337287611,0.00779658380288307,229,2864,942
valid_2025_jan_feb,2,lgb_segmented_6_last_180d,0.5,24_40,0.08348103509393832,hour,62.3437347561121,35.0,0.003613412143735929,0.009286282833642877,0.000301651385980082,0.000775228503127578,229,2864,942
valid_2025_jan_feb,2,lgb_segmented_6_last_180d,0.5,24_40,0.08348103509393832,minute,3.4174146577715874,6.0,0.00019807166947697792,0.0015919342000530645,1.6535227990722547e-05,0.0001328963148218705,229,2864,942
valid_2025_jan_feb,2,lgb_segmented_6_last_180d,0.5,24_40,0.08348103509393832,quarter,225.06099980697036,97.0,0.013044424639704913,0.025736269567524544,0.0010889620711274396,0.0021484904229535735,229,2864,942
valid_2025_jan_feb,2,lgb_segmented_6_last_180d,0.5,24_40,0.08348103509393832,dayofweek,326.6466025467962,261.0,0.01893227611355062,0.06924913770230831,0.0015804860066434498,0.005780989694751368,229,2864,942
valid_2025_jan_feb,2,lgb_segmented_6_last_180d,0.5,24_40,0.08348103509393832,month,777.5672246515751,289.0,0.04506741315897165,0.0766781639692226,0.00376227429951713,0.006401172497253429,229,2864,942
valid_2025_jan_feb,2,lgb_segmented_6_last_180d,0.5,24_40,0.08348103509393832,is_weekend,22.899041041731834,17.0,0.0013272171342283783,0.004510480233483683,0.0001107974601597955,0.00037653955866196647,229,2864,942
valid_2025_jan_feb,2,lgb_segmented_6_last_180d,0.5,24_40,0.08348103509393832,hour_sin,2.4114249795675278,2.0,0.00013976500347572153,0.0005306447333510214,1.1667727160061121e-05,4.429877160729016e-05,229,2864,942
valid_2025_jan_feb,2,lgb_segmented_6_last_180d,0.5,24_40,0.08348103509393832,hour_cos,0.0,0.0,0.0,0.0,0.0,0.0,229,2864,942
valid_2025_jan_feb,2,lgb_segmented_6_last_180d,0.5,24_40,0.08348103509393832,quarter_sin,28.538294166326523,22.0,0.001654065466329841,0.0058370920668612365,0.00013808309724235292,0.0004872864876801919,229,2864,942
valid_2025_jan_feb,2,lgb_segmented_6_last_180d,0.5,24_40,0.08348103509393832,quarter_cos,10.833510130643845,5.0,0.000627904908464228,0.0013266118333775537,5.241815169915835e-05,0.00011074692901822543,229,2864,942
valid_2025_jan_feb,2,lgb_segmented_6_last_180d,0.5,40_56,0.08321517192484934,系统负荷预测值,147.35447762254626,77.0,0.009328523434483784,0.08943089430894309,0.0007762746814055541,0.00744200724531173,58,2864,939
valid_2025_jan_feb,2,lgb_segmented_6_last_180d,0.5,40_56,0.08321517192484934,风光总加预测值,10580.291984913405,223.0,0.6698032073227214,0.2590011614401858,0.055737789053175765,0.02155282617798072,58,2864,939
valid_2025_jan_feb,2,lgb_segmented_6_last_180d,0.5,40_56,0.08321517192484934,联络线预测值,76.74727973714471,34.0,0.004858615829745871,0.03948896631823461,0.0004043105515890972,0.003286081121306478,58,2864,939
valid_2025_jan_feb,2,lgb_segmented_6_last_180d,0.5,40_56,0.08321517192484934,风电预测值,3112.2438192255795,138.0,0.19702583776138297,0.1602787456445993,0.016395538962950956,0.013337623374714527,58,2864,939
valid_2025_jan_feb,2,lgb_segmented_6_last_180d,0.5,40_56,0.08321517192484934,光伏预测值,388.40213600033894,65.0,0.024588451509181302,0.07549361207897794,0.002046132219702343,0.006282213908380032,58,2864,939
valid_2025_jan_feb,2,lgb_segmented_6_last_180d,0.5,40_56,0.08321517192484934,水电预测值,53.899408895522356,55.0,0.003412192877332503,0.06387921022067364,0.00028394621692797063,0.00531571946093695,58,2864,939
valid_2025_jan_feb,2,lgb_segmented_6_last_180d,0.5,40_56,0.08321517192484934,非市场化机组预测值,765.0516557916999,110.0,0.048432883851175994,0.12775842044134728,0.004030350756491869,0.0106314389218739,58,2864,939
valid_2025_jan_feb,2,lgb_segmented_6_last_180d,0.5,40_56,0.08321517192484934,hour,11.316158156841993,5.0,0.0007163884549530207,0.005807200929152149,5.9614388443892803e-05,0.0004832472237215409,58,2864,939
valid_2025_jan_feb,2,lgb_segmented_6_last_180d,0.5,40_56,0.08321517192484934,minute,0.0,0.0,0.0,0.0,0.0,0.0,58,2864,939
valid_2025_jan_feb,2,lgb_segmented_6_last_180d,0.5,40_56,0.08321517192484934,quarter,40.70299722999334,26.0,0.0025767718065977854,0.030197444831591175,0.00021442650889713934,0.002512885563352013,58,2864,939
valid_2025_jan_feb,2,lgb_segmented_6_last_180d,0.5,40_56,0.08321517192484934,dayofweek,71.61792036890984,27.0,0.004533893094186821,0.0313588850174216,0.00037728869332164346,0.0026095350080963206,58,2864,939
valid_2025_jan_feb,2,lgb_segmented_6_last_180d,0.5,40_56,0.08321517192484934,month,531.6279669888318,90.0,0.03365560401351171,0.10452961672473868,0.0028006568742190265,0.008698450026987737,58,2864,939
valid_2025_jan_feb,2,lgb_segmented_6_last_180d,0.5,40_56,0.08321517192484934,is_weekend,0.0,0.0,0.0,0.0,0.0,0.0,58,2864,939
valid_2025_jan_feb,2,lgb_segmented_6_last_180d,0.5,40_56,0.08321517192484934,hour_sin,3.566309928894043,1.0,0.00022577125773903177,0.0011614401858304297,1.8787594028443e-05,9.664944474430818e-05,58,2864,939
valid_2025_jan_feb,2,lgb_segmented_6_last_180d,0.5,40_56,0.08321517192484934,hour_cos,0.0,0.0,0.0,0.0,0.0,0.0,58,2864,939
valid_2025_jan_feb,2,lgb_segmented_6_last_180d,0.5,40_56,0.08321517192484934,quarter_sin,1.3051799535751343,1.0,8.262661562502243e-05,0.0011614401858304297,6.875788024804684e-06,9.664944474430818e-05,58,2864,939
valid_2025_jan_feb,2,lgb_segmented_6_last_180d,0.5,40_56,0.08321517192484934,quarter_cos,11.992922651814297,9.0,0.0007592321713628283,0.010452961672473868,6.317963567083444e-05,0.0008698450026987737,58,2864,939
valid_2025_jan_feb,2,lgb_segmented_6_last_180d,0.5,56_72,0.08312655086848635,系统负荷预测值,292.8606952317059,136.0,0.014295651393990267,0.06875631951466127,0.0011883481928006796,0.00571547569166539,125,2864,938
valid_2025_jan_feb,2,lgb_segmented_6_last_180d,0.5,56_72,0.08312655086848635,风光总加预测值,12880.24577207677,429.0,0.6287340924354671,0.21688574317492418,0.05226449651758845,0.0180289637626798,125,2864,938
valid_2025_jan_feb,2,lgb_segmented_6_last_180d,0.5,56_72,0.08312655086848635,联络线预测值,320.50244695693254,131.0,0.015644951088407875,0.06622851365015167,0.001300510822485518,0.005505347908883575,125,2864,938
valid_2025_jan_feb,2,lgb_segmented_6_last_180d,0.5,56_72,0.08312655086848635,风电预测值,4259.634345214814,385.0,0.20792905520107635,0.19464105156723963,0.017284425184208578,0.016179839274199817,125,2864,938
valid_2025_jan_feb,2,lgb_segmented_6_last_180d,0.5,56_72,0.08312655086848635,光伏预测值,945.2588065340242,158.0,0.04614170011656359,0.07987866531850354,0.0038356003818979657,0.006640037935905381,125,2864,938
valid_2025_jan_feb,2,lgb_segmented_6_last_180d,0.5,56_72,0.08312655086848635,水电预测值,120.68223641254008,99.0,0.005890961843943656,0.050050556117290194,0.0004896953393848945,0.004160530099079953,125,2864,938
valid_2025_jan_feb,2,lgb_segmented_6_last_180d,0.5,56_72,0.08312655086848635,非市场化机组预测值,408.4161947667599,197.0,0.019936357589488952,0.09959555106167846,0.0016572406432949873,0.008279034641603544,125,2864,938
valid_2025_jan_feb,2,lgb_segmented_6_last_180d,0.5,56_72,0.08312655086848635,hour,63.00344106554985,36.0,0.0030754390901869366,0.01820020222446916,0.00025565064397335577,0.001512920036029074,125,2864,938
valid_2025_jan_feb,2,lgb_segmented_6_last_180d,0.5,56_72,0.08312655086848635,minute,1.2255189716815948,3.0,5.982227141139693e-05,0.0015166835187057635,4.972819087547883e-06,0.0001260766696690895,125,2864,938
valid_2025_jan_feb,2,lgb_segmented_6_last_180d,0.5,56_72,0.08312655086848635,quarter,193.91395016759634,80.0,0.00946568207056363,0.04044489383215369,0.0007868495021436266,0.003362044524509053,125,2864,938
valid_2025_jan_feb,2,lgb_segmented_6_last_180d,0.5,56_72,0.08312655086848635,dayofweek,211.37838426977396,105.0,0.010318187940361268,0.05308392315470172,0.0008577153746950432,0.004412683438418133,125,2864,938
valid_2025_jan_feb,2,lgb_segmented_6_last_180d,0.5,56_72,0.08312655086848635,month,768.5984623506665,203.0,0.03751823258846287,0.10262891809908999,0.0031187612697605605,0.008531187980941723,125,2864,938
valid_2025_jan_feb,2,lgb_segmented_6_last_180d,0.5,56_72,0.08312655086848635,is_weekend,1.6867690086364746,3.0,8.233765104796831e-05,0.0015166835187057635,6.844444938230616e-06,0.0001260766696690895,125,2864,938
valid_2025_jan_feb,2,lgb_segmented_6_last_180d,0.5,56_72,0.08312655086848635,hour_sin,1.9096599817276,1.0,9.321781251059476e-05,0.0005055611729019212,7.748875233510978e-06,4.202555655636317e-05,125,2864,938
valid_2025_jan_feb,2,lgb_segmented_6_last_180d,0.5,56_72,0.08312655086848635,hour_cos,0.0,0.0,0.0,0.0,0.0,0.0,125,2864,938
valid_2025_jan_feb,2,lgb_segmented_6_last_180d,0.5,56_72,0.08312655086848635,quarter_sin,12.425822366960347,11.0,0.0006065519468263586,0.005561172901921132,5.0420571262240727e-05,0.0004622811221199948,125,2864,938
valid_2025_jan_feb,2,lgb_segmented_6_last_180d,0.5,56_72,0.08312655086848635,quarter_cos,4.256149768829346,1.0,0.00020775895969125393,0.0005055611729019212,1.7270285731158825e-05,4.202555655636317e-05,125,2864,938
valid_2025_jan_feb,2,lgb_segmented_6_last_180d,0.5,72_88,0.08339241403757533,系统负荷预测值,240.66130486130714,128.0,0.018277502172089264,0.08284789644012945,0.0015242050287075503,0.006908886082077438,94,2864,941
valid_2025_jan_feb,2,lgb_segmented_6_last_180d,0.5,72_88,0.08339241403757533,风光总加预测值,2094.699765905738,178.0,0.15908614616413347,0.11521035598705502,0.013266577768561645,0.009607669707888938,94,2864,941
valid_2025_jan_feb,2,lgb_segmented_6_last_180d,0.5,72_88,0.08339241403757533,联络线预测值,385.7671900242567,140.0,0.029297857657891977,0.09061488673139159,0.0024432190762208746,0.007556594152272199,94,2864,941
valid_2025_jan_feb,2,lgb_segmented_6_last_180d,0.5,72_88,0.08339241403757533,风电预测值,8046.758001253009,275.0,0.6111270647806779,0.1779935275080906,0.05096336121575841,0.014843309941963246,94,2864,941
valid_2025_jan_feb,2,lgb_segmented_6_last_180d,0.5,72_88,0.08339241403757533,光伏预测值,468.33399421721697,189.0,0.03556855806753615,0.12233009708737864,0.002966147921087515,0.010201402105567468,94,2864,941
valid_2025_jan_feb,2,lgb_segmented_6_last_180d,0.5,72_88,0.08339241403757533,水电预测值,381.5939018204808,169.0,0.028980908972463606,0.10938511326860842,0.002416787960216967,0.009121888655242869,94,2864,941
valid_2025_jan_feb,2,lgb_segmented_6_last_180d,0.5,72_88,0.08339241403757533,非市场化机组预测值,238.23989092558622,108.0,0.018093603067515007,0.06990291262135923,0.0015088692384377545,0.005829372631752839,94,2864,941
valid_2025_jan_feb,2,lgb_segmented_6_last_180d,0.5,72_88,0.08339241403757533,hour,26.4959659576416,13.0,0.002012288912093648,0.008414239482200648,0.00016780963012053552,0.0007016837427109899,94,2864,941
valid_2025_jan_feb,2,lgb_segmented_6_last_180d,0.5,72_88,0.08339241403757533,minute,0.6362670212984085,2.0,4.832256631581226e-05,0.0012944983818770227,4.0297354575664075e-06,0.00010795134503245997,94,2864,941
valid_2025_jan_feb,2,lgb_segmented_6_last_180d,0.5,72_88,0.08339241403757533,quarter,182.03540556132793,64.0,0.01382504147254481,0.041423948220064725,0.0011529035825651069,0.003454443041038719,94,2864,941
valid_2025_jan_feb,2,lgb_segmented_6_last_180d,0.5,72_88,0.08339241403757533,dayofweek,133.357854783535,71.0,0.010128127917680512,0.045954692556634306,0.0008446090367367389,0.003832272748652329,94,2864,941
valid_2025_jan_feb,2,lgb_segmented_6_last_180d,0.5,72_88,0.08339241403757533,month,947.8218534588814,202.0,0.07198421863179073,0.1307443365695793,0.006002937764313637,0.010903085848278458,94,2864,941
valid_2025_jan_feb,2,lgb_segmented_6_last_180d,0.5,72_88,0.08339241403757533,is_weekend,7.990536093711853,2.0,0.0006068571800237799,0.0012944983818770227,5.060728521821844e-05,0.00010795134503245997,94,2864,941
valid_2025_jan_feb,2,lgb_segmented_6_last_180d,0.5,72_88,0.08339241403757533,hour_sin,2.0233099460601807,1.0,0.00015366430409424108,0.0006472491909385113,1.2814437269822833e-05,5.3975672516229985e-05,94,2864,941
valid_2025_jan_feb,2,lgb_segmented_6_last_180d,0.5,72_88,0.08339241403757533,hour_cos,0.0,0.0,0.0,0.0,0.0,0.0,94,2864,941
valid_2025_jan_feb,2,lgb_segmented_6_last_180d,0.5,72_88,0.08339241403757533,quarter_sin,10.663202226161957,3.0,0.0008098381331490785,0.001941747572815534,6.753435690298501e-05,0.00016192701754868996,94,2864,941
valid_2025_jan_feb,2,lgb_segmented_6_last_180d,0.5,72_88,0.08339241403757533,quarter_cos,0.0,0.0,0.0,0.0,0.0,0.0,94,2864,941
valid_2025_jan_feb,2,lgb_segmented_6_last_180d,0.5,88_96,0.04182913860333215,系统负荷预测值,118.31038616597652,60.0,0.017544500683645523,0.08108108108108109,0.0007338713508224643,0.0033915517786485528,97,1432,472
valid_2025_jan_feb,2,lgb_segmented_6_last_180d,0.5,88_96,0.04182913860333215,风光总加预测值,2279.328552313149,169.0,0.33800651523704484,0.22837837837837838,0.01413852137467965,0.009552870843193423,97,1432,472
valid_2025_jan_feb,2,lgb_segmented_6_last_180d,0.5,88_96,0.04182913860333215,联络线预测值,7.711728990077972,10.0,0.001143588816866028,0.013513513513513514,4.7835335125909715e-05,0.0005652586297747588,97,1432,472
valid_2025_jan_feb,2,lgb_segmented_6_last_180d,0.5,88_96,0.04182913860333215,风电预测值,3211.451931402087,139.0,0.47623308850446266,0.18783783783783783,0.019920419866546114,0.007857094953869147,97,1432,472
valid_2025_jan_feb,2,lgb_segmented_6_last_180d,0.5,88_96,0.04182913860333215,光伏预测值,142.2252984046936,55.0,0.02109089426512599,0.07432432432432433,0.0008822139394841781,0.0031089224637611736,97,1432,472
valid_2025_jan_feb,2,lgb_segmented_6_last_180d,0.5,88_96,0.04182913860333215,水电预测值,95.17562069371343,51.0,0.01411379673788473,0.06891891891891892,0.0005903679599682376,0.00288281901185127,97,1432,472
valid_2025_jan_feb,2,lgb_segmented_6_last_180d,0.5,88_96,0.04182913860333215,非市场化机组预测值,447.25303615629673,116.0,0.06632411111902245,0.15675675675675677,0.002774280436740393,0.006557000105387202,97,1432,472
valid_2025_jan_feb,2,lgb_segmented_6_last_180d,0.5,88_96,0.04182913860333215,hour,8.026770949363708,9.0,0.0011903070640899994,0.012162162162162163,4.978951916434595e-05,0.0005087327667972829,97,1432,472
valid_2025_jan_feb,2,lgb_segmented_6_last_180d,0.5,88_96,0.04182913860333215,minute,0.0,0.0,0.0,0.0,0.0,0.0,97,1432,472
valid_2025_jan_feb,2,lgb_segmented_6_last_180d,0.5,88_96,0.04182913860333215,quarter,8.70356696844101,8.0,0.001290670596018061,0.010810810810810811,5.398763925208479e-05,0.00045220690381980706,97,1432,472
valid_2025_jan_feb,2,lgb_segmented_6_last_180d,0.5,88_96,0.04182913860333215,dayofweek,42.14409512281418,30.0,0.0062496381734105915,0.04054054054054054,0.0002614169813762672,0.0016957758893242764,97,1432,472
valid_2025_jan_feb,2,lgb_segmented_6_last_180d,0.5,88_96,0.04182913860333215,month,383.1146257519722,93.0,0.056812888802429136,0.12567567567567567,0.0023764342001725055,0.005256905256905257,97,1432,472
valid_2025_jan_feb,2,lgb_segmented_6_last_180d,0.5,88_96,0.04182913860333215,is_weekend,0.0,0.0,0.0,0.0,0.0,0.0,97,1432,472
valid_2025_jan_feb,2,lgb_segmented_6_last_180d,0.5,88_96,0.04182913860333215,hour_sin,0.0,0.0,0.0,0.0,0.0,0.0,97,1432,472
valid_2025_jan_feb,2,lgb_segmented_6_last_180d,0.5,88_96,0.04182913860333215,hour_cos,0.0,0.0,0.0,0.0,0.0,0.0,97,1432,472
valid_2025_jan_feb,2,lgb_segmented_6_last_180d,0.5,88_96,0.04182913860333215,quarter_sin,0.0,0.0,0.0,0.0,0.0,0.0,97,1432,472
valid_2025_jan_feb,2,lgb_segmented_6_last_180d,0.5,88_96,0.04182913860333215,quarter_cos,0.0,0.0,0.0,0.0,0.0,0.0,97,1432,472
