fold,date,rule,charge_start,discharge_start,anchor_rank,support_count,rank_score,mean_rank,anchor_predicted_spread,anchor_spread_delta_from_top1,true_profit,anchor_top1_profit,oracle_profit,oracle_top10_profit,lift_vs_anchor_top1,miss_vs_oracle_top10,changed_from_anchor,is_oracle_pair
valid_2025_09,2025-09-01,anchor_top1,55,71,1,3,24.0,3.0,7.233412161892758,0.0,6959.229019103534,6959.229019103534,7673.047081348713,7460.293508478987,0.0,501.0644893754534,0,False
valid_2025_09,2025-09-01,support_then_anchor_rank,55,71,1,3,24.0,3.0,7.233412161892758,0.0,6959.229019103534,6959.229019103534,7673.047081348713,7460.293508478987,0.0,501.0644893754534,0,False
valid_2025_09,2025-09-01,support2_then_anchor_rank,55,71,1,3,24.0,3.0,7.233412161892758,0.0,6959.229019103534,6959.229019103534,7673.047081348713,7460.293508478987,0.0,501.0644893754534,0,False
valid_2025_09,2025-09-01,unanimous_then_anchor_rank,55,71,1,3,24.0,3.0,7.233412161892758,0.0,6959.229019103534,6959.229019103534,7673.047081348713,7460.293508478987,0.0,501.0644893754534,0,False
valid_2025_09,2025-09-01,support_score,57,71,2,3,28.0,1.6666666666666667,7.276941168871392,-0.043529006978634044,5495.802573943476,6959.229019103534,7673.047081348713,7460.293508478987,-1463.4264451600575,1964.4909345355109,1,False
valid_2025_09,2025-09-01,anchor_rank_le5_support2,55,71,1,3,24.0,3.0,7.233412161892758,0.0,6959.229019103534,6959.229019103534,7673.047081348713,7460.293508478987,0.0,501.0644893754534,0,False
valid_2025_09,2025-09-02,anchor_top1,32,79,1,1,10.0,1.0,6.372782708436865,0.0,6350.049129049124,6350.049129049124,7323.284979593633,6350.049129049124,0.0,0.0,0,False
valid_2025_09,2025-09-02,support_then_anchor_rank,32,75,5,2,13.0,4.5,6.2112292518017975,0.16155345663506715,5166.58252557186,6350.049129049124,7323.284979593633,6350.049129049124,-1183.4666034772636,1183.4666034772636,1,False
valid_2025_09,2025-09-02,support2_then_anchor_rank,32,75,5,2,13.0,4.5,6.2112292518017975,0.16155345663506715,5166.58252557186,6350.049129049124,7323.284979593633,6350.049129049124,-1183.4666034772636,1183.4666034772636,1,False
valid_2025_09,2025-09-02,unanimous_then_anchor_rank,32,79,1,1,10.0,1.0,6.372782708436865,0.0,6350.049129049124,6350.049129049124,7323.284979593633,6350.049129049124,0.0,0.0,0,False
valid_2025_09,2025-09-02,support_score,32,75,5,2,13.0,4.5,6.2112292518017975,0.16155345663506715,5166.58252557186,6350.049129049124,7323.284979593633,6350.049129049124,-1183.4666034772636,1183.4666034772636,1,False
valid_2025_09,2025-09-02,anchor_rank_le5_support2,32,75,5,2,13.0,4.5,6.2112292518017975,0.16155345663506715,5166.58252557186,6350.049129049124,7323.284979593633,6350.049129049124,-1183.4666034772636,1183.4666034772636,1,False
valid_2025_09,2025-09-03,anchor_top1,52,69,1,2,14.0,4.0,9.317121114972675,0.0,7206.793053197055,7206.793053197055,8892.914826968436,7970.319894150128,0.0,763.5268409530727,0,False
valid_2025_09,2025-09-03,support_then_anchor_rank,53,69,2,3,18.0,5.0,9.366776336044545,-0.049655221071869704,6443.2662122439815,7206.793053197055,8892.914826968436,7970.319894150128,-763.5268409530736,1527.0536819061463,1,False
valid_2025_09,2025-09-03,support2_then_anchor_rank,52,69,1,2,14.0,4.0,9.317121114972675,0.0,7206.793053197055,7206.793053197055,8892.914826968436,7970.319894150128,0.0,763.5268409530727,0,False
valid_2025_09,2025-09-03,unanimous_then_anchor_rank,53,69,2,3,18.0,5.0,9.366776336044545,-0.049655221071869704,6443.2662122439815,7206.793053197055,8892.914826968436,7970.319894150128,-763.5268409530736,1527.0536819061463,1,False
valid_2025_09,2025-09-03,support_score,55,69,5,3,24.0,3.0,9.308723482944707,0.008397632027968172,5170.721477322193,7206.793053197055,8892.914826968436,7970.319894150128,-2036.071575874862,2799.5984168279347,1,False
valid_2025_09,2025-09-03,anchor_rank_le5_support2,53,69,2,3,18.0,5.0,9.366776336044545,-0.049655221071869704,6443.2662122439815,7206.793053197055,8892.914826968436,7970.319894150128,-763.5268409530736,1527.0536819061463,1,False
valid_2025_09,2025-09-04,anchor_top1,52,71,1,3,20.0,4.333333333333333,8.226386055898008,0.0,6617.232621593302,6617.232621593302,8239.727158618614,7348.94584417333,0.0,731.7132225800287,0,False
valid_2025_09,2025-09-04,support_then_anchor_rank,52,71,1,3,20.0,4.333333333333333,8.226386055898008,0.0,6617.232621593302,6617.232621593302,8239.727158618614,7348.94584417333,0.0,731.7132225800287,0,False
valid_2025_09,2025-09-04,support2_then_anchor_rank,52,71,1,3,20.0,4.333333333333333,8.226386055898008,0.0,6617.232621593302,6617.232621593302,8239.727158618614,7348.94584417333,0.0,731.7132225800287,0,False
valid_2025_09,2025-09-04,unanimous_then_anchor_rank,52,71,1,3,20.0,4.333333333333333,8.226386055898008,0.0,6617.232621593302,6617.232621593302,8239.727158618614,7348.94584417333,0.0,731.7132225800287,0,False
valid_2025_09,2025-09-04,support_score,52,69,3,3,26.0,2.3333333333333335,8.441900758565762,-0.21551470266775397,6489.978148101123,6617.232621593302,8239.727158618614,7348.94584417333,-127.25447349217848,858.9676960722072,1,False
valid_2025_09,2025-09-04,anchor_rank_le5_support2,52,71,1,3,20.0,4.333333333333333,8.226386055898008,0.0,6617.232621593302,6617.232621593302,8239.727158618614,7348.94584417333,0.0,731.7132225800287,0,False
valid_2025_09,2025-09-05,anchor_top1,60,73,1,2,20.0,1.0,8.469152330420618,0.0,10679.373571726543,10679.373571726543,10689.37577334302,10689.375773343028,0.0,10.002201616485763,0,False
valid_2025_09,2025-09-05,support_then_anchor_rank,60,73,1,2,20.0,1.0,8.469152330420618,0.0,10679.373571726543,10679.373571726543,10689.37577334302,10689.375773343028,0.0,10.002201616485763,0,False
valid_2025_09,2025-09-05,support2_then_anchor_rank,60,73,1,2,20.0,1.0,8.469152330420618,0.0,10679.373571726543,10679.373571726543,10689.37577334302,10689.375773343028,0.0,10.002201616485763,0,False
valid_2025_09,2025-09-05,unanimous_then_anchor_rank,60,73,1,2,20.0,1.0,8.469152330420618,0.0,10679.373571726543,10679.373571726543,10689.37577334302,10689.375773343028,0.0,10.002201616485763,0,False
valid_2025_09,2025-09-05,support_score,60,73,1,2,20.0,1.0,8.469152330420618,0.0,10679.373571726543,10679.373571726543,10689.37577334302,10689.375773343028,0.0,10.002201616485763,0,False
valid_2025_09,2025-09-05,anchor_rank_le5_support2,60,73,1,2,20.0,1.0,8.469152330420618,0.0,10679.373571726543,10679.373571726543,10689.37577334302,10689.375773343028,0.0,10.002201616485763,0,False
valid_2025_09,2025-09-06,anchor_top1,62,88,1,2,11.0,5.5,6.329044307075275,0.0,7182.732413621523,7182.732413621523,7348.945844173334,7189.553253400703,0.0,6.82083977918046,0,False
valid_2025_09,2025-09-06,support_then_anchor_rank,62,81,4,3,16.0,5.666666666666667,6.726666669131646,-0.3976223620563708,1413.5267847419368,7182.732413621523,7348.945844173334,7189.553253400703,-5769.205628879587,5776.026468658767,1,False
valid_2025_09,2025-09-06,support2_then_anchor_rank,62,88,1,2,11.0,5.5,6.329044307075275,0.0,7182.732413621523,7182.732413621523,7348.945844173334,7189.553253400703,0.0,6.82083977918046,0,False
valid_2025_09,2025-09-06,unanimous_then_anchor_rank,62,81,4,3,16.0,5.666666666666667,6.726666669131646,-0.3976223620563708,1413.5267847419368,7182.732413621523,7348.945844173334,7189.553253400703,-5769.205628879587,5776.026468658767,1,False
valid_2025_09,2025-09-06,support_score,64,81,5,3,22.0,3.6666666666666665,6.720612187895632,-0.3915678808203573,1402.8596785014545,7182.732413621523,7348.945844173334,7189.553253400703,-5779.872735120069,5786.693574899249,1,False
valid_2025_09,2025-09-06,anchor_rank_le5_support2,62,81,4,3,16.0,5.666666666666667,6.726666669131646,-0.3976223620563708,1413.5267847419368,7182.732413621523,7348.945844173334,7189.553253400703,-5769.205628879587,5776.026468658767,1,False
valid_2025_09,2025-09-07,anchor_top1,55,88,1,3,27.0,2.0,15.866123611971396,0.0,8239.727158618583,8239.727158618583,24814.622330974915,8303.354395364673,0.0,63.62723674608969,0,False
valid_2025_09,2025-09-07,support_then_anchor_rank,55,88,1,3,27.0,2.0,15.866123611971396,0.0,8239.727158618583,8239.727158618583,24814.622330974915,8303.354395364673,0.0,63.62723674608969,0,False
valid_2025_09,2025-09-07,support2_then_anchor_rank,55,88,1,3,27.0,2.0,15.866123611971396,0.0,8239.727158618583,8239.727158618583,24814.622330974915,8303.354395364673,0.0,63.62723674608969,0,False
valid_2025_09,2025-09-07,unanimous_then_anchor_rank,55,88,1,3,27.0,2.0,15.866123611971396,0.0,8239.727158618583,8239.727158618583,24814.622330974915,8303.354395364673,0.0,63.62723674608969,0,False
valid_2025_09,2025-09-07,support_score,55,88,1,3,27.0,2.0,15.866123611971396,0.0,8239.727158618583,8239.727158618583,24814.622330974915,8303.354395364673,0.0,63.62723674608969,0,False
valid_2025_09,2025-09-07,anchor_rank_le5_support2,55,88,1,3,27.0,2.0,15.866123611971396,0.0,8239.727158618583,8239.727158618583,24814.622330974915,8303.354395364673,0.0,63.62723674608969,0,False
valid_2025_09,2025-09-08,anchor_top1,55,71,1,3,30.0,1.0,11.351190368298212,0.0,18294.220819623617,18294.220819623617,20080.272350066556,18389.66167474275,0.0,95.44085511913363,0,False
valid_2025_09,2025-09-08,support_then_anchor_rank,55,71,1,3,30.0,1.0,11.351190368298212,0.0,18294.220819623617,18294.220819623617,20080.272350066556,18389.66167474275,0.0,95.44085511913363,0,False
valid_2025_09,2025-09-08,support2_then_anchor_rank,55,71,1,3,30.0,1.0,11.351190368298212,0.0,18294.220819623617,18294.220819623617,20080.272350066556,18389.66167474275,0.0,95.44085511913363,0,False
valid_2025_09,2025-09-08,unanimous_then_anchor_rank,55,71,1,3,30.0,1.0,11.351190368298212,0.0,18294.220819623617,18294.220819623617,20080.272350066556,18389.66167474275,0.0,95.44085511913363,0,False
valid_2025_09,2025-09-08,support_score,55,71,1,3,30.0,1.0,11.351190368298212,0.0,18294.220819623617,18294.220819623617,20080.272350066556,18389.66167474275,0.0,95.44085511913363,0,False
valid_2025_09,2025-09-08,anchor_rank_le5_support2,55,71,1,3,30.0,1.0,11.351190368298212,0.0,18294.220819623617,18294.220819623617,20080.272350066556,18389.66167474275,0.0,95.44085511913363,0,False
valid_2025_09,2025-09-09,anchor_top1,52,79,1,2,15.0,3.5,12.769710244665049,0.0,15111.468727196243,15111.468727196243,22555.855426488713,18770.034840096385,0.0,3658.566112900142,0,False
valid_2025_09,2025-09-09,support_then_anchor_rank,53,79,2,3,19.0,4.666666666666667,12.824546167005689,-0.05483592234064005,15016.027872077111,15111.468727196243,22555.855426488713,18770.034840096385,-95.44085511913181,3754.0069680192737,1,False
valid_2025_09,2025-09-09,support2_then_anchor_rank,52,79,1,2,15.0,3.5,12.769710244665049,0.0,15111.468727196243,15111.468727196243,22555.855426488713,18770.034840096385,0.0,3658.566112900142,0,False
valid_2025_09,2025-09-09,unanimous_then_anchor_rank,53,79,2,3,19.0,4.666666666666667,12.824546167005689,-0.05483592234064005,15016.027872077111,15111.468727196243,22555.855426488713,18770.034840096385,-95.44085511913181,3754.0069680192737,1,False
valid_2025_09,2025-09-09,support_score,55,79,3,3,28.0,1.6666666666666667,12.845426632525353,-0.07571638786030377,14284.31464949708,15111.468727196243,22555.855426488713,18770.034840096385,-827.1540776991624,4485.720190599304,1,False
valid_2025_09,2025-09-09,anchor_rank_le5_support2,53,79,2,3,19.0,4.666666666666667,12.824546167005689,-0.05483592234064005,15016.027872077111,15111.468727196243,22555.855426488713,18770.034840096385,-95.44085511913181,3754.0069680192737,1,False
valid_2025_09,2025-09-10,anchor_top1,60,73,1,3,28.0,1.6666666666666667,3.6442771907116054,0.0,6464.543160211875,6464.543160211875,6763.524364319899,6468.984341336752,0.0,4.441181124876493,0,False
valid_2025_09,2025-09-10,support_then_anchor_rank,60,73,1,3,28.0,1.6666666666666667,3.6442771907116054,0.0,6464.543160211875,6464.543160211875,6763.524364319899,6468.984341336752,0.0,4.441181124876493,0,False
valid_2025_09,2025-09-10,support2_then_anchor_rank,60,73,1,3,28.0,1.6666666666666667,3.6442771907116054,0.0,6464.543160211875,6464.543160211875,6763.524364319899,6468.984341336752,0.0,4.441181124876493,0,False
valid_2025_09,2025-09-10,unanimous_then_anchor_rank,60,73,1,3,28.0,1.6666666666666667,3.6442771907116054,0.0,6464.543160211875,6464.543160211875,6763.524364319899,6468.984341336752,0.0,4.441181124876493,0,False
valid_2025_09,2025-09-10,support_score,60,73,1,3,28.0,1.6666666666666667,3.6442771907116054,0.0,6464.543160211875,6464.543160211875,6763.524364319899,6468.984341336752,0.0,4.441181124876493,0,False
valid_2025_09,2025-09-10,anchor_rank_le5_support2,60,73,1,3,28.0,1.6666666666666667,3.6442771907116054,0.0,6464.543160211875,6464.543160211875,6763.524364319899,6468.984341336752,0.0,4.441181124876493,0,False
valid_2025_09,2025-09-11,anchor_top1,46,71,1,3,22.0,3.6666666666666665,8.125878742063309,0.0,7755.075314961783,7755.075314961783,8893.14388502071,8371.40054370278,0.0,616.3252287409978,0,False
valid_2025_09,2025-09-11,support_then_anchor_rank,46,71,1,3,22.0,3.6666666666666665,8.125878742063309,0.0,7755.075314961783,7755.075314961783,8893.14388502071,8371.40054370278,0.0,616.3252287409978,0,False
valid_2025_09,2025-09-11,support2_then_anchor_rank,46,71,1,3,22.0,3.6666666666666665,8.125878742063309,0.0,7755.075314961783,7755.075314961783,8893.14388502071,8371.40054370278,0.0,616.3252287409978,0,False
valid_2025_09,2025-09-11,unanimous_then_anchor_rank,46,71,1,3,22.0,3.6666666666666665,8.125878742063309,0.0,7755.075314961783,7755.075314961783,8893.14388502071,8371.40054370278,0.0,616.3252287409978,0,False
valid_2025_09,2025-09-11,support_score,46,71,1,3,22.0,3.6666666666666665,8.125878742063309,0.0,7755.075314961783,7755.075314961783,8893.14388502071,8371.40054370278,0.0,616.3252287409978,0,False
valid_2025_09,2025-09-11,anchor_rank_le5_support2,46,71,1,3,22.0,3.6666666666666665,8.125878742063309,0.0,7755.075314961783,7755.075314961783,8893.14388502071,8371.40054370278,0.0,616.3252287409978,0,False
valid_2025_09,2025-09-12,anchor_top1,55,71,1,3,29.0,1.3333333333333333,8.22362870958964,0.0,4986.606523711871,4986.606523711871,5677.372438083946,5559.251654426676,0.0,572.6451307148054,0,False
valid_2025_09,2025-09-12,support_then_anchor_rank,55,71,1,3,29.0,1.3333333333333333,8.22362870958964,0.0,4986.606523711871,4986.606523711871,5677.372438083946,5559.251654426676,0.0,572.6451307148054,0,False
valid_2025_09,2025-09-12,support2_then_anchor_rank,55,71,1,3,29.0,1.3333333333333333,8.22362870958964,0.0,4986.606523711871,4986.606523711871,5677.372438083946,5559.251654426676,0.0,572.6451307148054,0,False
valid_2025_09,2025-09-12,unanimous_then_anchor_rank,55,71,1,3,29.0,1.3333333333333333,8.22362870958964,0.0,4986.606523711871,4986.606523711871,5677.372438083946,5559.251654426676,0.0,572.6451307148054,0,False
valid_2025_09,2025-09-12,support_score,55,71,1,3,29.0,1.3333333333333333,8.22362870958964,0.0,4986.606523711871,4986.606523711871,5677.372438083946,5559.251654426676,0.0,572.6451307148054,0,False
valid_2025_09,2025-09-12,anchor_rank_le5_support2,55,71,1,3,29.0,1.3333333333333333,8.22362870958964,0.0,4986.606523711871,4986.606523711871,5677.372438083946,5559.251654426676,0.0,572.6451307148054,0,False
valid_2025_09,2025-09-13,anchor_top1,60,88,1,3,27.0,2.0,2.9751094638867963,0.0,5454.540310913638,5454.540310913638,5455.4692685701275,5455.3833718005235,0.0,0.8430608868857234,0,False
valid_2025_09,2025-09-13,support_then_anchor_rank,60,88,1,3,27.0,2.0,2.9751094638867963,0.0,5454.540310913638,5454.540310913638,5455.4692685701275,5455.3833718005235,0.0,0.8430608868857234,0,False
valid_2025_09,2025-09-13,support2_then_anchor_rank,60,88,1,3,27.0,2.0,2.9751094638867963,0.0,5454.540310913638,5454.540310913638,5455.4692685701275,5455.3833718005235,0.0,0.8430608868857234,0,False
valid_2025_09,2025-09-13,unanimous_then_anchor_rank,60,88,1,3,27.0,2.0,2.9751094638867963,0.0,5454.540310913638,5454.540310913638,5455.4692685701275,5455.3833718005235,0.0,0.8430608868857234,0,False
valid_2025_09,2025-09-13,support_score,60,88,1,3,27.0,2.0,2.9751094638867963,0.0,5454.540310913638,5454.540310913638,5455.4692685701275,5455.3833718005235,0.0,0.8430608868857234,0,False
valid_2025_09,2025-09-13,anchor_rank_le5_support2,60,88,1,3,27.0,2.0,2.9751094638867963,0.0,5454.540310913638,5454.540310913638,5455.4692685701275,5455.3833718005235,0.0,0.8430608868857234,0,False
valid_2025_09,2025-09-14,anchor_top1,52,69,1,3,26.0,2.3333333333333335,12.118728179047531,0.0,36565.65672576847,36565.65672576847,37794.00916340827,37209.704341559736,0.0,644.0476157912635,0,False
valid_2025_09,2025-09-14,support_then_anchor_rank,52,69,1,3,26.0,2.3333333333333335,12.118728179047531,0.0,36565.65672576847,36565.65672576847,37794.00916340827,37209.704341559736,0.0,644.0476157912635,0,False
valid_2025_09,2025-09-14,support2_then_anchor_rank,52,69,1,3,26.0,2.3333333333333335,12.118728179047531,0.0,36565.65672576847,36565.65672576847,37794.00916340827,37209.704341559736,0.0,644.0476157912635,0,False
valid_2025_09,2025-09-14,unanimous_then_anchor_rank,52,69,1,3,26.0,2.3333333333333335,12.118728179047531,0.0,36565.65672576847,36565.65672576847,37794.00916340827,37209.704341559736,0.0,644.0476157912635,0,False
valid_2025_09,2025-09-14,support_score,53,69,2,3,29.0,1.3333333333333333,12.17123186968081,-0.05250369063327831,37145.14178443348,36565.65672576847,37794.00916340827,37209.704341559736,579.4850586650064,64.56255712625716,1,False
valid_2025_09,2025-09-14,anchor_rank_le5_support2,52,69,1,3,26.0,2.3333333333333335,12.118728179047531,0.0,36565.65672576847,36565.65672576847,37794.00916340827,37209.704341559736,0.0,644.0476157912635,0,False
valid_2025_09,2025-09-15,anchor_top1,57,75,1,2,19.0,1.5,7.74833436765617,0.0,7262.180562784527,7262.180562784527,7262.180562784524,7262.180562784527,0.0,0.0,0,False
valid_2025_09,2025-09-15,support_then_anchor_rank,60,75,2,3,29.0,1.3333333333333333,7.740107944364226,0.00822642329194423,7262.180562784527,7262.180562784527,7262.180562784524,7262.180562784527,0.0,0.0,1,False
valid_2025_09,2025-09-15,support2_then_anchor_rank,57,75,1,2,19.0,1.5,7.74833436765617,0.0,7262.180562784527,7262.180562784527,7262.180562784524,7262.180562784527,0.0,0.0,0,False
valid_2025_09,2025-09-15,unanimous_then_anchor_rank,60,75,2,3,29.0,1.3333333333333333,7.740107944364226,0.00822642329194423,7262.180562784527,7262.180562784527,7262.180562784524,7262.180562784527,0.0,0.0,1,False
valid_2025_09,2025-09-15,support_score,60,75,2,3,29.0,1.3333333333333333,7.740107944364226,0.00822642329194423,7262.180562784527,7262.180562784527,7262.180562784524,7262.180562784527,0.0,0.0,1,False
valid_2025_09,2025-09-15,anchor_rank_le5_support2,60,75,2,3,29.0,1.3333333333333333,7.740107944364226,0.00822642329194423,7262.180562784527,7262.180562784527,7262.180562784524,7262.180562784527,0.0,0.0,1,False
valid_2025_09,2025-09-16,anchor_top1,46,67,1,1,10.0,1.0,6.621375375251567,0.0,32795.51389051038,32795.51389051038,32795.51389051036,32795.51389051038,0.0,0.0,0,False
valid_2025_09,2025-09-16,support_then_anchor_rank,32,67,3,3,26.0,2.3333333333333335,6.618104173638503,0.0032712016130638233,31687.448743939072,32795.51389051038,32795.51389051036,32795.51389051038,-1108.065146571309,1108.065146571309,1,False
valid_2025_09,2025-09-16,support2_then_anchor_rank,32,67,3,3,26.0,2.3333333333333335,6.618104173638503,0.0032712016130638233,31687.448743939072,32795.51389051038,32795.51389051036,32795.51389051038,-1108.065146571309,1108.065146571309,1,False
valid_2025_09,2025-09-16,unanimous_then_anchor_rank,32,67,3,3,26.0,2.3333333333333335,6.618104173638503,0.0032712016130638233,31687.448743939072,32795.51389051038,32795.51389051036,32795.51389051038,-1108.065146571309,1108.065146571309,1,False
valid_2025_09,2025-09-16,support_score,32,67,3,3,26.0,2.3333333333333335,6.618104173638503,0.0032712016130638233,31687.448743939072,32795.51389051038,32795.51389051036,32795.51389051038,-1108.065146571309,1108.065146571309,1,False
valid_2025_09,2025-09-16,anchor_rank_le5_support2,32,67,3,3,26.0,2.3333333333333335,6.618104173638503,0.0032712016130638233,31687.448743939072,32795.51389051038,32795.51389051036,32795.51389051038,-1108.065146571309,1108.065146571309,1,False
valid_2025_09,2025-09-17,anchor_top1,49,69,1,3,30.0,1.0,12.124170785839922,0.0,29075.897443952363,29075.897443952363,34819.49629140344,31031.219693672763,0.0,1955.3222497204006,0,False
valid_2025_09,2025-09-17,support_then_anchor_rank,49,69,1,3,30.0,1.0,12.124170785839922,0.0,29075.897443952363,29075.897443952363,34819.49629140344,31031.219693672763,0.0,1955.3222497204006,0,False
valid_2025_09,2025-09-17,support2_then_anchor_rank,49,69,1,3,30.0,1.0,12.124170785839922,0.0,29075.897443952363,29075.897443952363,34819.49629140344,31031.219693672763,0.0,1955.3222497204006,0,False
valid_2025_09,2025-09-17,unanimous_then_anchor_rank,49,69,1,3,30.0,1.0,12.124170785839922,0.0,29075.897443952363,29075.897443952363,34819.49629140344,31031.219693672763,0.0,1955.3222497204006,0,False
valid_2025_09,2025-09-17,support_score,49,69,1,3,30.0,1.0,12.124170785839922,0.0,29075.897443952363,29075.897443952363,34819.49629140344,31031.219693672763,0.0,1955.3222497204006,0,False
valid_2025_09,2025-09-17,anchor_rank_le5_support2,49,69,1,3,30.0,1.0,12.124170785839922,0.0,29075.897443952363,29075.897443952363,34819.49629140344,31031.219693672763,0.0,1955.3222497204006,0,False
valid_2025_09,2025-09-18,anchor_top1,46,69,1,3,28.0,1.6666666666666667,9.417712213160897,0.0,26946.13476196888,26946.13476196888,32148.628499960323,28492.276614898852,0.0,1546.1418529299735,0,False
valid_2025_09,2025-09-18,support_then_anchor_rank,46,69,1,3,28.0,1.6666666666666667,9.417712213160897,0.0,26946.13476196888,26946.13476196888,32148.628499960323,28492.276614898852,0.0,1546.1418529299735,0,False
valid_2025_09,2025-09-18,support2_then_anchor_rank,46,69,1,3,28.0,1.6666666666666667,9.417712213160897,0.0,26946.13476196888,26946.13476196888,32148.628499960323,28492.276614898852,0.0,1546.1418529299735,0,False
valid_2025_09,2025-09-18,unanimous_then_anchor_rank,46,69,1,3,28.0,1.6666666666666667,9.417712213160897,0.0,26946.13476196888,26946.13476196888,32148.628499960323,28492.276614898852,0.0,1546.1418529299735,0,False
valid_2025_09,2025-09-18,support_score,46,71,2,3,29.0,1.3333333333333333,9.048428189253045,0.3692840239078521,26583.459512516172,26946.13476196888,32148.628499960323,28492.276614898852,-362.67524945270634,1908.8171023826799,1,False
valid_2025_09,2025-09-18,anchor_rank_le5_support2,46,69,1,3,28.0,1.6666666666666667,9.417712213160897,0.0,26946.13476196888,26946.13476196888,32148.628499960323,28492.276614898852,0.0,1546.1418529299735,0,False
valid_2025_09,2025-09-19,anchor_top1,46,71,1,3,27.0,2.0,11.147333630700494,0.0,5484.779155177218,5484.779155177218,13626.008169951025,5484.779155177218,0.0,0.0,0,False
valid_2025_09,2025-09-19,support_then_anchor_rank,46,71,1,3,27.0,2.0,11.147333630700494,0.0,5484.779155177218,5484.779155177218,13626.008169951025,5484.779155177218,0.0,0.0,0,False
valid_2025_09,2025-09-19,support2_then_anchor_rank,46,71,1,3,27.0,2.0,11.147333630700494,0.0,5484.779155177218,5484.779155177218,13626.008169951025,5484.779155177218,0.0,0.0,0,False
valid_2025_09,2025-09-19,unanimous_then_anchor_rank,46,71,1,3,27.0,2.0,11.147333630700494,0.0,5484.779155177218,5484.779155177218,13626.008169951025,5484.779155177218,0.0,0.0,0,False
valid_2025_09,2025-09-19,support_score,48,71,2,3,28.0,1.6666666666666667,11.088870840454867,0.058462790245627616,5484.779155177218,5484.779155177218,13626.008169951025,5484.779155177218,0.0,0.0,1,False
valid_2025_09,2025-09-19,anchor_rank_le5_support2,46,71,1,3,27.0,2.0,11.147333630700494,0.0,5484.779155177218,5484.779155177218,13626.008169951025,5484.779155177218,0.0,0.0,0,False
valid_2025_09,2025-09-20,anchor_top1,46,66,1,3,26.0,2.3333333333333335,6.5478825726756185,0.0,14214.324689076386,14214.324689076386,14612.977959547174,14214.324689076386,0.0,0.0,0,False
valid_2025_09,2025-09-20,support_then_anchor_rank,46,66,1,3,26.0,2.3333333333333335,6.5478825726756185,0.0,14214.324689076386,14214.324689076386,14612.977959547174,14214.324689076386,0.0,0.0,0,False
valid_2025_09,2025-09-20,support2_then_anchor_rank,46,66,1,3,26.0,2.3333333333333335,6.5478825726756185,0.0,14214.324689076386,14214.324689076386,14612.977959547174,14214.324689076386,0.0,0.0,0,False
valid_2025_09,2025-09-20,unanimous_then_anchor_rank,46,66,1,3,26.0,2.3333333333333335,6.5478825726756185,0.0,14214.324689076386,14214.324689076386,14612.977959547174,14214.324689076386,0.0,0.0,0,False
valid_2025_09,2025-09-20,support_score,46,66,1,3,26.0,2.3333333333333335,6.5478825726756185,0.0,14214.324689076386,14214.324689076386,14612.977959547174,14214.324689076386,0.0,0.0,0,False
valid_2025_09,2025-09-20,anchor_rank_le5_support2,46,66,1,3,26.0,2.3333333333333335,6.5478825726756185,0.0,14214.324689076386,14214.324689076386,14612.977959547174,14214.324689076386,0.0,0.0,0,False
valid_2025_09,2025-09-21,anchor_top1,55,69,1,3,18.0,5.0,4.508294760026928,0.0,459.25821347143625,459.25821347143625,3813.9215555012315,810.9641273091208,0.0,351.7059138376846,0,False
valid_2025_09,2025-09-21,support_then_anchor_rank,55,69,1,3,18.0,5.0,4.508294760026928,0.0,459.25821347143625,459.25821347143625,3813.9215555012315,810.9641273091208,0.0,351.7059138376846,0,False
valid_2025_09,2025-09-21,support2_then_anchor_rank,55,69,1,3,18.0,5.0,4.508294760026928,0.0,459.25821347143625,459.25821347143625,3813.9215555012315,810.9641273091208,0.0,351.7059138376846,0,False
valid_2025_09,2025-09-21,unanimous_then_anchor_rank,55,69,1,3,18.0,5.0,4.508294760026928,0.0,459.25821347143625,459.25821347143625,3813.9215555012315,810.9641273091208,0.0,351.7059138376846,0,False
valid_2025_09,2025-09-21,support_score,55,67,4,3,26.0,2.3333333333333335,4.651436795169445,-0.14314203514251744,704.337603970024,459.25821347143625,3813.9215555012315,810.9641273091208,245.07939049858777,106.62652333909682,1,False
valid_2025_09,2025-09-21,anchor_rank_le5_support2,55,69,1,3,18.0,5.0,4.508294760026928,0.0,459.25821347143625,459.25821347143625,3813.9215555012315,810.9641273091208,0.0,351.7059138376846,0,False
valid_2025_09,2025-09-22,anchor_top1,46,71,1,2,11.0,5.5,8.278298995094257,0.0,0.0,0.0,2920.5856075006277,127.25447349217856,0.0,127.25447349217856,0,False
valid_2025_09,2025-09-22,support_then_anchor_rank,46,69,4,3,27.0,2.0,8.441491012519904,-0.16319201742564715,95.44085511913369,0.0,2920.5856075006277,127.25447349217856,95.44085511913369,31.813618373044875,1,False
valid_2025_09,2025-09-22,support2_then_anchor_rank,46,71,1,2,11.0,5.5,8.278298995094257,0.0,0.0,0.0,2920.5856075006277,127.25447349217856,0.0,127.25447349217856,0,False
valid_2025_09,2025-09-22,unanimous_then_anchor_rank,46,69,4,3,27.0,2.0,8.441491012519904,-0.16319201742564715,95.44085511913369,0.0,2920.5856075006277,127.25447349217856,95.44085511913369,31.813618373044875,1,False
valid_2025_09,2025-09-22,support_score,46,69,4,3,27.0,2.0,8.441491012519904,-0.16319201742564715,95.44085511913369,0.0,2920.5856075006277,127.25447349217856,95.44085511913369,31.813618373044875,1,False
valid_2025_09,2025-09-22,anchor_rank_le5_support2,46,69,4,3,27.0,2.0,8.441491012519904,-0.16319201742564715,95.44085511913369,0.0,2920.5856075006277,127.25447349217856,95.44085511913369,31.813618373044875,1,False
valid_2025_09,2025-09-23,anchor_top1,55,79,1,2,18.0,2.0,7.455087553533952,0.0,3075.9728637200874,3075.9728637200874,6171.437931417351,4857.535492610592,0.0,1781.5626288905046,0,False
valid_2025_09,2025-09-23,support_then_anchor_rank,57,79,8,3,13.0,6.666666666666667,7.451733544115099,0.00335400941885311,4825.721874237548,3075.9728637200874,6171.437931417351,4857.535492610592,1749.7490105174606,31.813618373043937,1,False
valid_2025_09,2025-09-23,support2_then_anchor_rank,55,79,1,2,18.0,2.0,7.455087553533952,0.0,3075.9728637200874,3075.9728637200874,6171.437931417351,4857.535492610592,0.0,1781.5626288905046,0,False
valid_2025_09,2025-09-23,unanimous_then_anchor_rank,57,79,8,3,13.0,6.666666666666667,7.451733544115099,0.00335400941885311,4825.721874237548,3075.9728637200874,6171.437931417351,4857.535492610592,1749.7490105174606,31.813618373043937,1,False
valid_2025_09,2025-09-23,support_score,57,78,10,3,19.0,4.666666666666667,7.468452551832744,-0.01336499829879223,4857.535492610592,3075.9728637200874,6171.437931417351,4857.535492610592,1781.5626288905046,0.0,1,False
valid_2025_09,2025-09-23,anchor_rank_le5_support2,55,79,1,2,18.0,2.0,7.455087553533952,0.0,3075.9728637200874,3075.9728637200874,6171.437931417351,4857.535492610592,0.0,1781.5626288905046,0,False
valid_2025_09,2025-09-24,anchor_top1,53,75,1,1,10.0,1.0,16.302052892921058,0.0,14729.705306719707,14729.705306719707,15906.809186522363,15906.809186522361,0.0,1177.1038798026548,0,False
valid_2025_09,2025-09-24,support_then_anchor_rank,54,75,2,3,21.0,4.0,16.36761923092149,-0.06556633800043343,14666.078069973617,14729.705306719707,15906.809186522363,15906.809186522361,-63.62723674608969,1240.7311165487445,1,False
valid_2025_09,2025-09-24,support2_then_anchor_rank,54,75,2,3,21.0,4.0,16.36761923092149,-0.06556633800043343,14666.078069973617,14729.705306719707,15906.809186522363,15906.809186522361,-63.62723674608969,1240.7311165487445,1,False
valid_2025_09,2025-09-24,unanimous_then_anchor_rank,54,75,2,3,21.0,4.0,16.36761923092149,-0.06556633800043343,14666.078069973617,14729.705306719707,15906.809186522363,15906.809186522361,-63.62723674608969,1240.7311165487445,1,False
valid_2025_09,2025-09-24,support_score,55,75,5,3,26.0,2.3333333333333335,16.272119441139864,0.029933451781193554,14602.450833227527,14729.705306719707,15906.809186522363,15906.809186522361,-127.25447349217939,1304.3583532948342,1,False
valid_2025_09,2025-09-24,anchor_rank_le5_support2,54,75,2,3,21.0,4.0,16.36761923092149,-0.06556633800043343,14666.078069973617,14729.705306719707,15906.809186522363,15906.809186522361,-63.62723674608969,1240.7311165487445,1,False
valid_2025_09,2025-09-25,anchor_top1,16,66,1,3,14.0,6.333333333333333,6.557426457745127,0.0,11160.35730518493,11160.35730518493,14059.039236435683,11288.073076143519,0.0,127.71577095858811,0,False
valid_2025_09,2025-09-25,support_then_anchor_rank,16,66,1,3,14.0,6.333333333333333,6.557426457745127,0.0,11160.35730518493,11160.35730518493,14059.039236435683,11288.073076143519,0.0,127.71577095858811,0,False
valid_2025_09,2025-09-25,support2_then_anchor_rank,16,66,1,3,14.0,6.333333333333333,6.557426457745127,0.0,11160.35730518493,11160.35730518493,14059.039236435683,11288.073076143519,0.0,127.71577095858811,0,False
valid_2025_09,2025-09-25,unanimous_then_anchor_rank,16,66,1,3,14.0,6.333333333333333,6.557426457745127,0.0,11160.35730518493,11160.35730518493,14059.039236435683,11288.073076143519,0.0,127.71577095858811,0,False
valid_2025_09,2025-09-25,support_score,48,66,3,3,28.0,1.6666666666666667,6.06847032616092,0.4889561315842066,3403.064581022548,11160.35730518493,14059.039236435683,11288.073076143519,-7757.292724162383,7885.008495120971,1,False
valid_2025_09,2025-09-25,anchor_rank_le5_support2,16,66,1,3,14.0,6.333333333333333,6.557426457745127,0.0,11160.35730518493,11160.35730518493,14059.039236435683,11288.073076143519,0.0,127.71577095858811,0,False
valid_2025_09,2025-09-26,anchor_top1,51,67,1,3,21.0,4.0,8.475966505412941,0.0,4880.880325772732,4880.880325772732,21780.63071805986,5790.749811241813,0.0,909.8694854690812,0,False
valid_2025_09,2025-09-26,support_then_anchor_rank,51,67,1,3,21.0,4.0,8.475966505412941,0.0,4880.880325772732,4880.880325772732,21780.63071805986,5790.749811241813,0.0,909.8694854690812,0,False
valid_2025_09,2025-09-26,support2_then_anchor_rank,51,67,1,3,21.0,4.0,8.475966505412941,0.0,4880.880325772732,4880.880325772732,21780.63071805986,5790.749811241813,0.0,909.8694854690812,0,False
valid_2025_09,2025-09-26,unanimous_then_anchor_rank,51,67,1,3,21.0,4.0,8.475966505412941,0.0,4880.880325772732,4880.880325772732,21780.63071805986,5790.749811241813,0.0,909.8694854690812,0,False
valid_2025_09,2025-09-26,support_score,52,67,2,3,29.0,1.3333333333333333,8.43220418919526,0.043762316217680564,4880.880325772732,4880.880325772732,21780.63071805986,5790.749811241813,0.0,909.8694854690812,1,False
valid_2025_09,2025-09-26,anchor_rank_le5_support2,51,67,1,3,21.0,4.0,8.475966505412941,0.0,4880.880325772732,4880.880325772732,21780.63071805986,5790.749811241813,0.0,909.8694854690812,0,False
valid_2025_09,2025-09-27,anchor_top1,55,73,1,1,10.0,1.0,9.759730850853174,0.0,1959.7188917795556,1959.7188917795556,2564.1776408674486,2118.78698364478,0.0,159.06809186522423,0,False
valid_2025_09,2025-09-27,support_then_anchor_rank,56,73,2,2,12.0,5.0,9.876960101667088,-0.11722925081391367,1959.7188917795556,1959.7188917795556,2564.1776408674486,2118.78698364478,0.0,159.06809186522423,1,False
valid_2025_09,2025-09-27,support2_then_anchor_rank,56,73,2,2,12.0,5.0,9.876960101667088,-0.11722925081391367,1959.7188917795556,1959.7188917795556,2564.1776408674486,2118.78698364478,0.0,159.06809186522423,1,False
valid_2025_09,2025-09-27,unanimous_then_anchor_rank,55,73,1,1,10.0,1.0,9.759730850853174,0.0,1959.7188917795556,1959.7188917795556,2564.1776408674486,2118.78698364478,0.0,159.06809186522423,0,False
valid_2025_09,2025-09-27,support_score,56,73,2,2,12.0,5.0,9.876960101667088,-0.11722925081391367,1959.7188917795556,1959.7188917795556,2564.1776408674486,2118.78698364478,0.0,159.06809186522423,1,False
valid_2025_09,2025-09-27,anchor_rank_le5_support2,56,73,2,2,12.0,5.0,9.876960101667088,-0.11722925081391367,1959.7188917795556,1959.7188917795556,2564.1776408674486,2118.78698364478,0.0,159.06809186522423,1,False
valid_2025_09,2025-09-28,anchor_top1,48,69,1,2,18.0,2.0,12.497435970209764,0.0,16780.016658178345,16780.016658178345,17425.75039574338,17143.057764242345,0.0,363.0411060639999,0,False
valid_2025_09,2025-09-28,support_then_anchor_rank,48,67,3,3,28.0,1.6666666666666667,12.599906759122604,-0.10247078891283934,17047.25105251192,16780.016658178345,17425.75039574338,17143.057764242345,267.23439433357635,95.80671173042356,1,False
valid_2025_09,2025-09-28,support2_then_anchor_rank,48,69,1,2,18.0,2.0,12.497435970209764,0.0,16780.016658178345,16780.016658178345,17425.75039574338,17143.057764242345,0.0,363.0411060639999,0,False
valid_2025_09,2025-09-28,unanimous_then_anchor_rank,48,67,3,3,28.0,1.6666666666666667,12.599906759122604,-0.10247078891283934,17047.25105251192,16780.016658178345,17425.75039574338,17143.057764242345,267.23439433357635,95.80671173042356,1,False
valid_2025_09,2025-09-28,support_score,48,67,3,3,28.0,1.6666666666666667,12.599906759122604,-0.10247078891283934,17047.25105251192,16780.016658178345,17425.75039574338,17143.057764242345,267.23439433357635,95.80671173042356,1,False
valid_2025_09,2025-09-28,anchor_rank_le5_support2,48,67,3,3,28.0,1.6666666666666667,12.599906759122604,-0.10247078891283934,17047.25105251192,16780.016658178345,17425.75039574338,17143.057764242345,267.23439433357635,95.80671173042356,1,False
valid_2025_10,2025-10-01,anchor_top1,0,23,1,2,20.0,1.0,5.022588890062366,0.0,6737.968484680847,6737.968484680847,10953.428805839303,10841.378060567602,0.0,4103.409575886755,0,False
valid_2025_10,2025-10-01,support_then_anchor_rank,0,23,1,2,20.0,1.0,5.022588890062366,0.0,6737.968484680847,6737.968484680847,10953.428805839303,10841.378060567602,0.0,4103.409575886755,0,False
valid_2025_10,2025-10-01,support2_then_anchor_rank,0,23,1,2,20.0,1.0,5.022588890062366,0.0,6737.968484680847,6737.968484680847,10953.428805839303,10841.378060567602,0.0,4103.409575886755,0,False
valid_2025_10,2025-10-01,unanimous_then_anchor_rank,0,23,1,2,20.0,1.0,5.022588890062366,0.0,6737.968484680847,6737.968484680847,10953.428805839303,10841.378060567602,0.0,4103.409575886755,0,False
valid_2025_10,2025-10-01,support_score,0,23,1,2,20.0,1.0,5.022588890062366,0.0,6737.968484680847,6737.968484680847,10953.428805839303,10841.378060567602,0.0,4103.409575886755,0,False
valid_2025_10,2025-10-01,anchor_rank_le5_support2,0,23,1,2,20.0,1.0,5.022588890062366,0.0,6737.968484680847,6737.968484680847,10953.428805839303,10841.378060567602,0.0,4103.409575886755,0,False
valid_2025_10,2025-10-02,anchor_top1,55,73,1,3,26.0,2.3333333333333335,5.382245779724073,0.0,6744.487095085482,6744.487095085482,7057.176787350468,6993.549550604374,0.0,249.06245551889242,0,False
valid_2025_10,2025-10-02,support_then_anchor_rank,55,73,1,3,26.0,2.3333333333333335,5.382245779724073,0.0,6744.487095085482,6744.487095085482,7057.176787350468,6993.549550604374,0.0,249.06245551889242,0,False
valid_2025_10,2025-10-02,support2_then_anchor_rank,55,73,1,3,26.0,2.3333333333333335,5.382245779724073,0.0,6744.487095085482,6744.487095085482,7057.176787350468,6993.549550604374,0.0,249.06245551889242,0,False
valid_2025_10,2025-10-02,unanimous_then_anchor_rank,55,73,1,3,26.0,2.3333333333333335,5.382245779724073,0.0,6744.487095085482,6744.487095085482,7057.176787350468,6993.549550604374,0.0,249.06245551889242,0,False
valid_2025_10,2025-10-02,support_score,57,73,2,3,29.0,1.3333333333333333,5.451797694975966,-0.06955191525189264,6871.7415685776605,6744.487095085482,7057.176787350468,6993.549550604374,127.25447349217848,121.80798202671394,1,False
valid_2025_10,2025-10-02,anchor_rank_le5_support2,55,73,1,3,26.0,2.3333333333333335,5.382245779724073,0.0,6744.487095085482,6744.487095085482,7057.176787350468,6993.549550604374,0.0,249.06245551889242,0,False
valid_2025_10,2025-10-03,anchor_top1,52,73,1,3,23.0,3.3333333333333335,6.338268935069378,0.0,8626.962521455285,8626.962521455285,8844.185907706435,8786.030613320507,0.0,159.0680918652215,0,False
valid_2025_10,2025-10-03,support_then_anchor_rank,52,73,1,3,23.0,3.3333333333333335,6.338268935069378,0.0,8626.962521455285,8626.962521455285,8844.185907706435,8786.030613320507,0.0,159.0680918652215,0,False
valid_2025_10,2025-10-03,support2_then_anchor_rank,52,73,1,3,23.0,3.3333333333333335,6.338268935069378,0.0,8626.962521455285,8626.962521455285,8844.185907706435,8786.030613320507,0.0,159.0680918652215,0,False
valid_2025_10,2025-10-03,unanimous_then_anchor_rank,52,73,1,3,23.0,3.3333333333333335,6.338268935069378,0.0,8626.962521455285,8626.962521455285,8844.185907706435,8786.030613320507,0.0,159.0680918652215,0,False
valid_2025_10,2025-10-03,support_score,53,73,2,3,24.0,3.0,6.313587721932684,0.02468121313669336,8563.335284709196,8626.962521455285,8844.185907706435,8786.030613320507,-63.62723674608969,222.6953286113112,1,False
valid_2025_10,2025-10-03,anchor_rank_le5_support2,52,73,1,3,23.0,3.3333333333333335,6.338268935069378,0.0,8626.962521455285,8626.962521455285,8844.185907706435,8786.030613320507,0.0,159.0680918652215,0,False
valid_2025_10,2025-10-04,anchor_top1,0,66,1,3,16.0,5.666666666666667,11.635861407347946,0.0,10029.535877391385,10029.535877391385,14344.219692893512,11073.022560027252,0.0,1043.4866826358666,0,False
valid_2025_10,2025-10-04,support_then_anchor_rank,0,66,1,3,16.0,5.666666666666667,11.635861407347946,0.0,10029.535877391385,10029.535877391385,14344.219692893512,11073.022560027252,0.0,1043.4866826358666,0,False
valid_2025_10,2025-10-04,support2_then_anchor_rank,0,66,1,3,16.0,5.666666666666667,11.635861407347946,0.0,10029.535877391385,10029.535877391385,14344.219692893512,11073.022560027252,0.0,1043.4866826358666,0,False
valid_2025_10,2025-10-04,unanimous_then_anchor_rank,0,66,1,3,16.0,5.666666666666667,11.635861407347946,0.0,10029.535877391385,10029.535877391385,14344.219692893512,11073.022560027252,0.0,1043.4866826358666,0,False
valid_2025_10,2025-10-04,support_score,0,64,3,3,26.0,2.3333333333333335,11.755478319465809,-0.11961691211786274,11073.022560027252,10029.535877391385,14344.219692893512,11073.022560027252,1043.4866826358666,0.0,1,False
valid_2025_10,2025-10-04,anchor_rank_le5_support2,0,66,1,3,16.0,5.666666666666667,11.635861407347946,0.0,10029.535877391385,10029.535877391385,14344.219692893512,11073.022560027252,0.0,1043.4866826358666,0,False
valid_2025_10,2025-10-05,anchor_top1,32,62,1,3,30.0,1.0,9.643118818212841,0.0,12372.50706698733,12372.50706698733,27690.118497155305,17515.856107061358,0.0,5143.349040074028,0,False
valid_2025_10,2025-10-05,support_then_anchor_rank,32,62,1,3,30.0,1.0,9.643118818212841,0.0,12372.50706698733,12372.50706698733,27690.118497155305,17515.856107061358,0.0,5143.349040074028,0,False
valid_2025_10,2025-10-05,support2_then_anchor_rank,32,62,1,3,30.0,1.0,9.643118818212841,0.0,12372.50706698733,12372.50706698733,27690.118497155305,17515.856107061358,0.0,5143.349040074028,0,False
valid_2025_10,2025-10-05,unanimous_then_anchor_rank,32,62,1,3,30.0,1.0,9.643118818212841,0.0,12372.50706698733,12372.50706698733,27690.118497155305,17515.856107061358,0.0,5143.349040074028,0,False
valid_2025_10,2025-10-05,support_score,32,62,1,3,30.0,1.0,9.643118818212841,0.0,12372.50706698733,12372.50706698733,27690.118497155305,17515.856107061358,0.0,5143.349040074028,0,False
valid_2025_10,2025-10-05,anchor_rank_le5_support2,32,62,1,3,30.0,1.0,9.643118818212841,0.0,12372.50706698733,12372.50706698733,27690.118497155305,17515.856107061358,0.0,5143.349040074028,0,False
valid_2025_10,2025-10-06,anchor_top1,52,67,1,3,24.0,3.0,8.105405613181517,0.0,13839.525269661708,13839.525269661708,16639.969928738366,15018.165747231778,0.0,1178.6404775700703,0,False
valid_2025_10,2025-10-06,support_then_anchor_rank,52,67,1,3,24.0,3.0,8.105405613181517,0.0,13839.525269661708,13839.525269661708,16639.969928738366,15018.165747231778,0.0,1178.6404775700703,0,False
valid_2025_10,2025-10-06,support2_then_anchor_rank,52,67,1,3,24.0,3.0,8.105405613181517,0.0,13839.525269661708,13839.525269661708,16639.969928738366,15018.165747231778,0.0,1178.6404775700703,0,False
valid_2025_10,2025-10-06,unanimous_then_anchor_rank,52,67,1,3,24.0,3.0,8.105405613181517,0.0,13839.525269661708,13839.525269661708,16639.969928738366,15018.165747231778,0.0,1178.6404775700703,0,False
valid_2025_10,2025-10-06,support_score,52,66,2,3,29.0,1.3333333333333333,8.150592303585498,-0.04518669040398038,13865.2370360308,13839.525269661708,16639.969928738366,15018.165747231778,25.711766369091492,1152.9287112009788,1,False
valid_2025_10,2025-10-06,anchor_rank_le5_support2,52,67,1,3,24.0,3.0,8.105405613181517,0.0,13839.525269661708,13839.525269661708,16639.969928738366,15018.165747231778,0.0,1178.6404775700703,0,False
valid_2025_10,2025-10-07,anchor_top1,46,66,1,1,10.0,1.0,6.91567960937509,0.0,12812.68983488229,12812.68983488229,13434.693794502877,13434.693794502875,0.0,622.0039596205843,0,False
valid_2025_10,2025-10-07,support_then_anchor_rank,43,65,9,3,9.0,8.0,7.249610363955227,-0.33393075458013755,12534.368394545709,12812.68983488229,13434.693794502877,13434.693794502875,-278.3214403365819,900.3253999571662,1,False
valid_2025_10,2025-10-07,support2_then_anchor_rank,42,66,5,2,7.0,7.5,6.9791586019571525,-0.06347899258206269,13434.693794502875,12812.68983488229,13434.693794502877,13434.693794502875,622.0039596205843,0.0,1,True
valid_2025_10,2025-10-07,unanimous_then_anchor_rank,43,65,9,3,9.0,8.0,7.249610363955227,-0.33393075458013755,12534.368394545709,12812.68983488229,13434.693794502877,13434.693794502875,-278.3214403365819,900.3253999571662,1,False
valid_2025_10,2025-10-07,support_score,43,65,9,3,9.0,8.0,7.249610363955227,-0.33393075458013755,12534.368394545709,12812.68983488229,13434.693794502877,13434.693794502875,-278.3214403365819,900.3253999571662,1,False
valid_2025_10,2025-10-07,anchor_rank_le5_support2,42,66,5,2,7.0,7.5,6.9791586019571525,-0.06347899258206269,13434.693794502875,12812.68983488229,13434.693794502877,13434.693794502875,622.0039596205843,0.0,1,True
valid_2025_10,2025-10-08,anchor_top1,46,88,1,3,30.0,1.0,6.062357797535242,0.0,-15925.897357546191,-15925.897357546191,17107.04156688223,-9224.947199204216,0.0,6700.950158341975,0,False
valid_2025_10,2025-10-08,support_then_anchor_rank,46,88,1,3,30.0,1.0,6.062357797535242,0.0,-15925.897357546191,-15925.897357546191,17107.04156688223,-9224.947199204216,0.0,6700.950158341975,0,False
valid_2025_10,2025-10-08,support2_then_anchor_rank,46,88,1,3,30.0,1.0,6.062357797535242,0.0,-15925.897357546191,-15925.897357546191,17107.04156688223,-9224.947199204216,0.0,6700.950158341975,0,False
valid_2025_10,2025-10-08,unanimous_then_anchor_rank,46,88,1,3,30.0,1.0,6.062357797535242,0.0,-15925.897357546191,-15925.897357546191,17107.04156688223,-9224.947199204216,0.0,6700.950158341975,0,False
valid_2025_10,2025-10-08,support_score,46,88,1,3,30.0,1.0,6.062357797535242,0.0,-15925.897357546191,-15925.897357546191,17107.04156688223,-9224.947199204216,0.0,6700.950158341975,0,False
valid_2025_10,2025-10-08,anchor_rank_le5_support2,46,88,1,3,30.0,1.0,6.062357797535242,0.0,-15925.897357546191,-15925.897357546191,17107.04156688223,-9224.947199204216,0.0,6700.950158341975,0,False
valid_2025_10,2025-10-09,anchor_top1,23,69,1,1,10.0,1.0,11.011406367182126,0.0,864.5032656691143,864.5032656691143,11716.462535707478,2652.4286182342253,0.0,1787.925352565111,0,False
valid_2025_10,2025-10-09,support_then_anchor_rank,23,69,1,1,10.0,1.0,11.011406367182126,0.0,864.5032656691143,864.5032656691143,11716.462535707478,2652.4286182342253,0.0,1787.925352565111,0,False
valid_2025_10,2025-10-09,support2_then_anchor_rank,23,69,1,1,10.0,1.0,11.011406367182126,0.0,864.5032656691143,864.5032656691143,11716.462535707478,2652.4286182342253,0.0,1787.925352565111,0,False
valid_2025_10,2025-10-09,unanimous_then_anchor_rank,23,69,1,1,10.0,1.0,11.011406367182126,0.0,864.5032656691143,864.5032656691143,11716.462535707478,2652.4286182342253,0.0,1787.925352565111,0,False
valid_2025_10,2025-10-09,support_score,23,69,1,1,10.0,1.0,11.011406367182126,0.0,864.5032656691143,864.5032656691143,11716.462535707478,2652.4286182342253,0.0,1787.925352565111,0,False
valid_2025_10,2025-10-09,anchor_rank_le5_support2,23,69,1,1,10.0,1.0,11.011406367182126,0.0,864.5032656691143,864.5032656691143,11716.462535707478,2652.4286182342253,0.0,1787.925352565111,0,False
valid_2025_10,2025-10-10,anchor_top1,48,64,1,3,28.0,1.6666666666666667,9.214440778153488,0.0,12073.344525254573,12073.344525254573,24860.30350559675,14807.922268851673,0.0,2734.5777435970995,0,False
valid_2025_10,2025-10-10,support_then_anchor_rank,48,64,1,3,28.0,1.6666666666666667,9.214440778153488,0.0,12073.344525254573,12073.344525254573,24860.30350559675,14807.922268851673,0.0,2734.5777435970995,0,False
valid_2025_10,2025-10-10,support2_then_anchor_rank,48,64,1,3,28.0,1.6666666666666667,9.214440778153488,0.0,12073.344525254573,12073.344525254573,24860.30350559675,14807.922268851673,0.0,2734.5777435970995,0,False
valid_2025_10,2025-10-10,unanimous_then_anchor_rank,48,64,1,3,28.0,1.6666666666666667,9.214440778153488,0.0,12073.344525254573,12073.344525254573,24860.30350559675,14807.922268851673,0.0,2734.5777435970995,0,False
valid_2025_10,2025-10-10,support_score,48,64,1,3,28.0,1.6666666666666667,9.214440778153488,0.0,12073.344525254573,12073.344525254573,24860.30350559675,14807.922268851673,0.0,2734.5777435970995,0,False
valid_2025_10,2025-10-10,anchor_rank_le5_support2,48,64,1,3,28.0,1.6666666666666667,9.214440778153488,0.0,12073.344525254573,12073.344525254573,24860.30350559675,14807.922268851673,0.0,2734.5777435970995,0,False
valid_2025_10,2025-10-11,anchor_top1,33,66,1,1,10.0,1.0,10.84342541921314,0.0,20681.199787515005,20681.199787515005,23880.72083818682,23439.943155628273,0.0,2758.743368113268,0,False
valid_2025_10,2025-10-11,support_then_anchor_rank,33,64,6,3,19.0,4.666666666666667,11.049986575548651,-0.20656115633551053,23309.004665128497,20681.199787515005,23880.72083818682,23439.943155628273,2627.804877613493,130.93849049977507,1,False
valid_2025_10,2025-10-11,support2_then_anchor_rank,33,64,6,3,19.0,4.666666666666667,11.049986575548651,-0.20656115633551053,23309.004665128497,20681.199787515005,23880.72083818682,23439.943155628273,2627.804877613493,130.93849049977507,1,False
valid_2025_10,2025-10-11,unanimous_then_anchor_rank,33,64,6,3,19.0,4.666666666666667,11.049986575548651,-0.20656115633551053,23309.004665128497,20681.199787515005,23880.72083818682,23439.943155628273,2627.804877613493,130.93849049977507,1,False
valid_2025_10,2025-10-11,support_score,32,64,7,3,21.0,4.0,10.903157116014363,-0.059731696801222256,23245.37742838241,20681.199787515005,23880.72083818682,23439.943155628273,2564.177640867405,194.56572724586294,1,False
valid_2025_10,2025-10-11,anchor_rank_le5_support2,33,66,1,1,10.0,1.0,10.84342541921314,0.0,20681.199787515005,20681.199787515005,23880.72083818682,23439.943155628273,0.0,2758.743368113268,0,False
valid_2025_10,2025-10-12,anchor_top1,52,69,1,2,13.0,4.5,4.98487824754141,0.0,9828.677416431328,9828.677416431328,10051.372745042612,9892.304653177416,0.0,63.627236746087874,0,False
valid_2025_10,2025-10-12,support_then_anchor_rank,53,69,2,3,17.0,5.333333333333333,5.025024909372789,-0.04014666183137905,9353.20380167515,9828.677416431328,10051.372745042612,9892.304653177416,-475.473614756178,539.1008515022659,1,False
valid_2025_10,2025-10-12,support2_then_anchor_rank,52,69,1,2,13.0,4.5,4.98487824754141,0.0,9828.677416431328,9828.677416431328,10051.372745042612,9892.304653177416,0.0,63.627236746087874,0,False
valid_2025_10,2025-10-12,unanimous_then_anchor_rank,53,69,2,3,17.0,5.333333333333333,5.025024909372789,-0.04014666183137905,9353.20380167515,9828.677416431328,10051.372745042612,9892.304653177416,-475.473614756178,539.1008515022659,1,False
valid_2025_10,2025-10-12,support_score,53,67,8,3,21.0,4.0,5.063664291304754,-0.07878604376334408,8144.286303499449,9828.677416431328,10051.372745042612,9892.304653177416,-1684.3911129318794,1748.0183496779673,1,False
valid_2025_10,2025-10-12,anchor_rank_le5_support2,53,69,2,3,17.0,5.333333333333333,5.025024909372789,-0.04014666183137905,9353.20380167515,9828.677416431328,10051.372745042612,9892.304653177416,-475.473614756178,539.1008515022659,1,False
valid_2025_10,2025-10-13,anchor_top1,54,69,1,3,30.0,1.0,6.971929169683211,0.0,6451.327783139712,6451.327783139712,6560.079456186124,6462.850675714428,0.0,11.522892574716025,0,False
valid_2025_10,2025-10-13,support_then_anchor_rank,54,69,1,3,30.0,1.0,6.971929169683211,0.0,6451.327783139712,6451.327783139712,6560.079456186124,6462.850675714428,0.0,11.522892574716025,0,False
valid_2025_10,2025-10-13,support2_then_anchor_rank,54,69,1,3,30.0,1.0,6.971929169683211,0.0,6451.327783139712,6451.327783139712,6560.079456186124,6462.850675714428,0.0,11.522892574716025,0,False
valid_2025_10,2025-10-13,unanimous_then_anchor_rank,54,69,1,3,30.0,1.0,6.971929169683211,0.0,6451.327783139712,6451.327783139712,6560.079456186124,6462.850675714428,0.0,11.522892574716025,0,False
valid_2025_10,2025-10-13,support_score,54,69,1,3,30.0,1.0,6.971929169683211,0.0,6451.327783139712,6451.327783139712,6560.079456186124,6462.850675714428,0.0,11.522892574716025,0,False
valid_2025_10,2025-10-13,anchor_rank_le5_support2,54,69,1,3,30.0,1.0,6.971929169683211,0.0,6451.327783139712,6451.327783139712,6560.079456186124,6462.850675714428,0.0,11.522892574716025,0,False
valid_2025_10,2025-10-14,anchor_top1,55,73,1,2,19.0,1.5,6.3715266279982234,0.0,8996.671761930273,8996.671761930273,23334.185144070772,13750.453500940856,0.0,4753.781739010583,0,False
valid_2025_10,2025-10-14,support_then_anchor_rank,55,69,5,3,16.0,5.666666666666667,6.528342751034483,-0.15681612303625947,12877.93320344173,8996.671761930273,23334.185144070772,13750.453500940856,3881.2614415114567,872.5202974991262,1,False
valid_2025_10,2025-10-14,support2_then_anchor_rank,55,73,1,2,19.0,1.5,6.3715266279982234,0.0,8996.671761930273,8996.671761930273,23334.185144070772,13750.453500940856,0.0,4753.781739010583,0,False
valid_2025_10,2025-10-14,unanimous_then_anchor_rank,55,69,5,3,16.0,5.666666666666667,6.528342751034483,-0.15681612303625947,12877.93320344173,8996.671761930273,23334.185144070772,13750.453500940856,3881.2614415114567,872.5202974991262,1,False
valid_2025_10,2025-10-14,support_score,55,69,5,3,16.0,5.666666666666667,6.528342751034483,-0.15681612303625947,12877.93320344173,8996.671761930273,23334.185144070772,13750.453500940856,3881.2614415114567,872.5202974991262,1,False
valid_2025_10,2025-10-14,anchor_rank_le5_support2,55,69,5,3,16.0,5.666666666666667,6.528342751034483,-0.15681612303625947,12877.93320344173,8996.671761930273,23334.185144070772,13750.453500940856,3881.2614415114567,872.5202974991262,1,False
valid_2025_10,2025-10-15,anchor_top1,0,64,1,3,17.0,5.333333333333333,13.627384325856829,0.0,-132.53235278026665,-132.53235278026665,14486.121156284622,1484.5315995887347,0.0,1617.0639523690013,0,False
valid_2025_10,2025-10-15,support_then_anchor_rank,0,64,1,3,17.0,5.333333333333333,13.627384325856829,0.0,-132.53235278026665,-132.53235278026665,14486.121156284622,1484.5315995887347,0.0,1617.0639523690013,0,False
valid_2025_10,2025-10-15,support2_then_anchor_rank,0,64,1,3,17.0,5.333333333333333,13.627384325856829,0.0,-132.53235278026665,-132.53235278026665,14486.121156284622,1484.5315995887347,0.0,1617.0639523690013,0,False
valid_2025_10,2025-10-15,unanimous_then_anchor_rank,0,64,1,3,17.0,5.333333333333333,13.627384325856829,0.0,-132.53235278026665,-132.53235278026665,14486.121156284622,1484.5315995887347,0.0,1617.0639523690013,0,False
valid_2025_10,2025-10-15,support_score,9,64,6,3,18.0,5.0,13.46277813279135,0.1646061930654792,778.7178437262057,-132.53235278026665,14486.121156284622,1484.5315995887347,911.2501965064723,705.813755862529,1,False
valid_2025_10,2025-10-15,anchor_rank_le5_support2,0,64,1,3,17.0,5.333333333333333,13.627384325856829,0.0,-132.53235278026665,-132.53235278026665,14486.121156284622,1484.5315995887347,0.0,1617.0639523690013,0,False
valid_2025_10,2025-10-16,anchor_top1,54,73,1,3,26.0,2.3333333333333335,2.2252100477111085,0.0,407.0743352541317,407.0743352541317,4568.5660342046,1105.1764700230392,0.0,698.1021347689075,0,False
valid_2025_10,2025-10-16,support_then_anchor_rank,54,73,1,3,26.0,2.3333333333333335,2.2252100477111085,0.0,407.0743352541317,407.0743352541317,4568.5660342046,1105.1764700230392,0.0,698.1021347689075,0,False
valid_2025_10,2025-10-16,support2_then_anchor_rank,54,73,1,3,26.0,2.3333333333333335,2.2252100477111085,0.0,407.0743352541317,407.0743352541317,4568.5660342046,1105.1764700230392,0.0,698.1021347689075,0,False
valid_2025_10,2025-10-16,unanimous_then_anchor_rank,54,73,1,3,26.0,2.3333333333333335,2.2252100477111085,0.0,407.0743352541317,407.0743352541317,4568.5660342046,1105.1764700230392,0.0,698.1021347689075,0,False
valid_2025_10,2025-10-16,support_score,54,73,1,3,26.0,2.3333333333333335,2.2252100477111085,0.0,407.0743352541317,407.0743352541317,4568.5660342046,1105.1764700230392,0.0,698.1021347689075,0,False
valid_2025_10,2025-10-16,anchor_rank_le5_support2,54,73,1,3,26.0,2.3333333333333335,2.2252100477111085,0.0,407.0743352541317,407.0743352541317,4568.5660342046,1105.1764700230392,0.0,698.1021347689075,0,False
valid_2025_10,2025-10-17,anchor_top1,49,66,1,2,16.0,3.0,14.141897019143308,0.0,5525.729644747003,5525.729644747003,15486.258602525404,6023.641404541687,0.0,497.91175979468426,0,False
valid_2025_10,2025-10-17,support_then_anchor_rank,51,66,2,3,29.0,1.3333333333333333,14.178919013863641,-0.03702199472033385,3743.0503578516045,5525.729644747003,15486.258602525404,6023.641404541687,-1782.679286895398,2280.5910466900823,1,False
valid_2025_10,2025-10-17,support2_then_anchor_rank,49,66,1,2,16.0,3.0,14.141897019143308,0.0,5525.729644747003,5525.729644747003,15486.258602525404,6023.641404541687,0.0,497.91175979468426,0,False
valid_2025_10,2025-10-17,unanimous_then_anchor_rank,51,66,2,3,29.0,1.3333333333333333,14.178919013863641,-0.03702199472033385,3743.0503578516045,5525.729644747003,15486.258602525404,6023.641404541687,-1782.679286895398,2280.5910466900823,1,False
valid_2025_10,2025-10-17,support_score,51,66,2,3,29.0,1.3333333333333333,14.178919013863641,-0.03702199472033385,3743.0503578516045,5525.729644747003,15486.258602525404,6023.641404541687,-1782.679286895398,2280.5910466900823,1,False
valid_2025_10,2025-10-17,anchor_rank_le5_support2,51,66,2,3,29.0,1.3333333333333333,14.178919013863641,-0.03702199472033385,3743.0503578516045,5525.729644747003,15486.258602525404,6023.641404541687,-1782.679286895398,2280.5910466900823,1,False
valid_2025_10,2025-10-18,anchor_top1,54,62,1,3,23.0,3.3333333333333335,5.493018641945497,0.0,-432.6652098734076,-432.6652098734076,3072.183861771844,182.2474942118255,0.0,614.9127040852331,0,False
valid_2025_10,2025-10-18,support_then_anchor_rank,54,62,1,3,23.0,3.3333333333333335,5.493018641945497,0.0,-432.6652098734076,-432.6652098734076,3072.183861771844,182.2474942118255,0.0,614.9127040852331,0,False
valid_2025_10,2025-10-18,support2_then_anchor_rank,54,62,1,3,23.0,3.3333333333333335,5.493018641945497,0.0,-432.6652098734076,-432.6652098734076,3072.183861771844,182.2474942118255,0.0,614.9127040852331,0,False
valid_2025_10,2025-10-18,unanimous_then_anchor_rank,54,62,1,3,23.0,3.3333333333333335,5.493018641945497,0.0,-432.6652098734076,-432.6652098734076,3072.183861771844,182.2474942118255,0.0,614.9127040852331,0,False
valid_2025_10,2025-10-18,support_score,53,62,2,3,26.0,2.3333333333333335,5.43192095946597,0.06109768247952729,-432.6652098734076,-432.6652098734076,3072.183861771844,182.2474942118255,0.0,614.9127040852331,1,False
valid_2025_10,2025-10-18,anchor_rank_le5_support2,54,62,1,3,23.0,3.3333333333333335,5.493018641945497,0.0,-432.6652098734076,-432.6652098734076,3072.183861771844,182.2474942118255,0.0,614.9127040852331,0,False
valid_2025_10,2025-10-19,anchor_top1,49,88,1,3,29.0,1.3333333333333333,10.56049036309416,0.0,10790.768956459757,10790.768956459757,13575.663118875667,11132.014552576386,0.0,341.2455961166288,0,False
valid_2025_10,2025-10-19,support_then_anchor_rank,49,88,1,3,29.0,1.3333333333333333,10.56049036309416,0.0,10790.768956459757,10790.768956459757,13575.663118875667,11132.014552576386,0.0,341.2455961166288,0,False
valid_2025_10,2025-10-19,support2_then_anchor_rank,49,88,1,3,29.0,1.3333333333333333,10.56049036309416,0.0,10790.768956459757,10790.768956459757,13575.663118875667,11132.014552576386,0.0,341.2455961166288,0,False
valid_2025_10,2025-10-19,unanimous_then_anchor_rank,49,88,1,3,29.0,1.3333333333333333,10.56049036309416,0.0,10790.768956459757,10790.768956459757,13575.663118875667,11132.014552576386,0.0,341.2455961166288,0,False
valid_2025_10,2025-10-19,support_score,49,88,1,3,29.0,1.3333333333333333,10.56049036309416,0.0,10790.768956459757,10790.768956459757,13575.663118875667,11132.014552576386,0.0,341.2455961166288,0,False
valid_2025_10,2025-10-19,anchor_rank_le5_support2,49,88,1,3,29.0,1.3333333333333333,10.56049036309416,0.0,10790.768956459757,10790.768956459757,13575.663118875667,11132.014552576386,0.0,341.2455961166288,0,False
valid_2025_10,2025-10-20,anchor_top1,49,88,1,3,30.0,1.0,11.641803236043415,0.0,3145.533340292751,3145.533340292751,7375.971512981209,3502.1099191033472,0.0,356.5765788105964,0,False
valid_2025_10,2025-10-20,support_then_anchor_rank,49,88,1,3,30.0,1.0,11.641803236043415,0.0,3145.533340292751,3145.533340292751,7375.971512981209,3502.1099191033472,0.0,356.5765788105964,0,False
valid_2025_10,2025-10-20,support2_then_anchor_rank,49,88,1,3,30.0,1.0,11.641803236043415,0.0,3145.533340292751,3145.533340292751,7375.971512981209,3502.1099191033472,0.0,356.5765788105964,0,False
valid_2025_10,2025-10-20,unanimous_then_anchor_rank,49,88,1,3,30.0,1.0,11.641803236043415,0.0,3145.533340292751,3145.533340292751,7375.971512981209,3502.1099191033472,0.0,356.5765788105964,0,False
valid_2025_10,2025-10-20,support_score,49,88,1,3,30.0,1.0,11.641803236043415,0.0,3145.533340292751,3145.533340292751,7375.971512981209,3502.1099191033472,0.0,356.5765788105964,0,False
valid_2025_10,2025-10-20,anchor_rank_le5_support2,49,88,1,3,30.0,1.0,11.641803236043415,0.0,3145.533340292751,3145.533340292751,7375.971512981209,3502.1099191033472,0.0,356.5765788105964,0,False
valid_2025_10,2025-10-21,anchor_top1,32,64,1,2,13.0,4.5,6.791136981843621,0.0,1974.3531562311532,1974.3531562311532,3713.886813889097,2131.894194414473,0.0,157.54103818331987,0,False
valid_2025_10,2025-10-21,support_then_anchor_rank,32,62,5,3,21.0,4.0,6.318994683147778,0.472142298695843,1847.7031414880632,1974.3531562311532,3713.886813889097,2131.894194414473,-126.65001474308997,284.19105292640984,1,False
valid_2025_10,2025-10-21,support2_then_anchor_rank,32,64,1,2,13.0,4.5,6.791136981843621,0.0,1974.3531562311532,1974.3531562311532,3713.886813889097,2131.894194414473,0.0,157.54103818331987,0,False
valid_2025_10,2025-10-21,unanimous_then_anchor_rank,32,62,5,3,21.0,4.0,6.318994683147778,0.472142298695843,1847.7031414880632,1974.3531562311532,3713.886813889097,2131.894194414473,-126.65001474308997,284.19105292640984,1,False
valid_2025_10,2025-10-21,support_score,32,62,5,3,21.0,4.0,6.318994683147778,0.472142298695843,1847.7031414880632,1974.3531562311532,3713.886813889097,2131.894194414473,-126.65001474308997,284.19105292640984,1,False
valid_2025_10,2025-10-21,anchor_rank_le5_support2,32,62,5,3,21.0,4.0,6.318994683147778,0.472142298695843,1847.7031414880632,1974.3531562311532,3713.886813889097,2131.894194414473,-126.65001474308997,284.19105292640984,1,False
valid_2025_10,2025-10-22,anchor_top1,52,66,1,1,10.0,1.0,7.47236920578068,0.0,680.0033672764805,680.0033672764805,18265.77944479809,2674.9749295752085,0.0,1994.971562298728,0,False
valid_2025_10,2025-10-22,support_then_anchor_rank,52,64,2,3,24.0,3.0,7.77156214283373,-0.29919293705304995,1543.7558315519962,680.0033672764805,18265.77944479809,2674.9749295752085,863.7524642755156,1131.2190980232124,1,False
valid_2025_10,2025-10-22,support2_then_anchor_rank,52,64,2,3,24.0,3.0,7.77156214283373,-0.29919293705304995,1543.7558315519962,680.0033672764805,18265.77944479809,2674.9749295752085,863.7524642755156,1131.2190980232124,1,False
valid_2025_10,2025-10-22,unanimous_then_anchor_rank,52,64,2,3,24.0,3.0,7.77156214283373,-0.29919293705304995,1543.7558315519962,680.0033672764805,18265.77944479809,2674.9749295752085,863.7524642755156,1131.2190980232124,1,False
valid_2025_10,2025-10-22,support_score,52,64,2,3,24.0,3.0,7.77156214283373,-0.29919293705304995,1543.7558315519962,680.0033672764805,18265.77944479809,2674.9749295752085,863.7524642755156,1131.2190980232124,1,False
valid_2025_10,2025-10-22,anchor_rank_le5_support2,52,64,2,3,24.0,3.0,7.77156214283373,-0.29919293705304995,1543.7558315519962,680.0033672764805,18265.77944479809,2674.9749295752085,863.7524642755156,1131.2190980232124,1,False
valid_2025_10,2025-10-23,anchor_top1,48,66,1,1,10.0,1.0,9.115986313362953,0.0,1464.861239348684,1464.861239348684,6028.104855199374,3641.284955399904,0.0,2176.4237160512203,0,False
valid_2025_10,2025-10-23,support_then_anchor_rank,48,65,2,3,19.0,4.666666666666667,9.447181727503306,-0.33119541414035325,2552.8869877068114,1464.861239348684,6028.104855199374,3641.284955399904,1088.0257483581274,1088.3979676930926,1,False
valid_2025_10,2025-10-23,support2_then_anchor_rank,48,65,2,3,19.0,4.666666666666667,9.447181727503306,-0.33119541414035325,2552.8869877068114,1464.861239348684,6028.104855199374,3641.284955399904,1088.0257483581274,1088.3979676930926,1,False
valid_2025_10,2025-10-23,unanimous_then_anchor_rank,48,65,2,3,19.0,4.666666666666667,9.447181727503306,-0.33119541414035325,2552.8869877068114,1464.861239348684,6028.104855199374,3641.284955399904,1088.0257483581274,1088.3979676930926,1,False
valid_2025_10,2025-10-23,support_score,48,64,3,3,28.0,1.6666666666666667,9.419375926908032,-0.3033896135450789,3640.912736064941,1464.861239348684,6028.104855199374,3641.284955399904,2176.051496716257,0.37221933496311976,1,False
valid_2025_10,2025-10-23,anchor_rank_le5_support2,48,65,2,3,19.0,4.666666666666667,9.447181727503306,-0.33119541414035325,2552.8869877068114,1464.861239348684,6028.104855199374,3641.284955399904,1088.0257483581274,1088.3979676930926,1,False
valid_2025_10,2025-10-24,anchor_top1,53,69,1,1,10.0,1.0,8.656847799117031,0.0,15286.01732576179,15286.01732576179,18973.215695197807,15286.01732576179,0.0,0.0,0,False
valid_2025_10,2025-10-24,support_then_anchor_rank,53,69,1,1,10.0,1.0,8.656847799117031,0.0,15286.01732576179,15286.01732576179,18973.215695197807,15286.01732576179,0.0,0.0,0,False
valid_2025_10,2025-10-24,support2_then_anchor_rank,53,69,1,1,10.0,1.0,8.656847799117031,0.0,15286.01732576179,15286.01732576179,18973.215695197807,15286.01732576179,0.0,0.0,0,False
valid_2025_10,2025-10-24,unanimous_then_anchor_rank,53,69,1,1,10.0,1.0,8.656847799117031,0.0,15286.01732576179,15286.01732576179,18973.215695197807,15286.01732576179,0.0,0.0,0,False
valid_2025_10,2025-10-24,support_score,53,69,1,1,10.0,1.0,8.656847799117031,0.0,15286.01732576179,15286.01732576179,18973.215695197807,15286.01732576179,0.0,0.0,0,False
valid_2025_10,2025-10-24,anchor_rank_le5_support2,53,69,1,1,10.0,1.0,8.656847799117031,0.0,15286.01732576179,15286.01732576179,18973.215695197807,15286.01732576179,0.0,0.0,0,False
valid_2025_10,2025-10-25,anchor_top1,55,73,1,1,10.0,1.0,6.754846253258947,0.0,9253.114976911715,9253.114976911715,11193.1221507474,11193.12215074733,0.0,1940.0071738356146,0,False
valid_2025_10,2025-10-25,support_then_anchor_rank,57,73,2,3,24.0,3.0,6.82916775210591,-0.07432149884696315,7026.161690798583,9253.114976911715,11193.1221507474,11193.12215074733,-2226.953286113132,4166.960459948747,1,False
valid_2025_10,2025-10-25,support2_then_anchor_rank,57,73,2,3,24.0,3.0,6.82916775210591,-0.07432149884696315,7026.161690798583,9253.114976911715,11193.1221507474,11193.12215074733,-2226.953286113132,4166.960459948747,1,False
valid_2025_10,2025-10-25,unanimous_then_anchor_rank,57,73,2,3,24.0,3.0,6.82916775210591,-0.07432149884696315,7026.161690798583,9253.114976911715,11193.1221507474,11193.12215074733,-2226.953286113132,4166.960459948747,1,False
valid_2025_10,2025-10-25,support_score,57,71,4,3,25.0,2.6666666666666665,6.9067722262182585,-0.15192597295931165,7026.161690798583,9253.114976911715,11193.1221507474,11193.12215074733,-2226.953286113132,4166.960459948747,1,False
valid_2025_10,2025-10-25,anchor_rank_le5_support2,57,73,2,3,24.0,3.0,6.82916775210591,-0.07432149884696315,7026.161690798583,9253.114976911715,11193.1221507474,11193.12215074733,-2226.953286113132,4166.960459948747,1,False
valid_2025_10,2025-10-26,anchor_top1,52,69,1,3,28.0,1.6666666666666667,9.721408330703014,0.0,13100.848046019819,13100.848046019819,19018.181063406104,13100.848046019819,0.0,0.0,0,False
valid_2025_10,2025-10-26,support_then_anchor_rank,52,69,1,3,28.0,1.6666666666666667,9.721408330703014,0.0,13100.848046019819,13100.848046019819,19018.181063406104,13100.848046019819,0.0,0.0,0,False
valid_2025_10,2025-10-26,support2_then_anchor_rank,52,69,1,3,28.0,1.6666666666666667,9.721408330703014,0.0,13100.848046019819,13100.848046019819,19018.181063406104,13100.848046019819,0.0,0.0,0,False
valid_2025_10,2025-10-26,unanimous_then_anchor_rank,52,69,1,3,28.0,1.6666666666666667,9.721408330703014,0.0,13100.848046019819,13100.848046019819,19018.181063406104,13100.848046019819,0.0,0.0,0,False
valid_2025_10,2025-10-26,support_score,52,69,1,3,28.0,1.6666666666666667,9.721408330703014,0.0,13100.848046019819,13100.848046019819,19018.181063406104,13100.848046019819,0.0,0.0,0,False
valid_2025_10,2025-10-26,anchor_rank_le5_support2,52,69,1,3,28.0,1.6666666666666667,9.721408330703014,0.0,13100.848046019819,13100.848046019819,19018.181063406104,13100.848046019819,0.0,0.0,0,False
valid_2025_10,2025-10-27,anchor_top1,46,69,1,3,30.0,1.0,14.12928913728458,0.0,15574.312335458326,15574.312335458326,23751.875683775965,18424.81254168313,0.0,2850.500206224806,0,False
valid_2025_10,2025-10-27,support_then_anchor_rank,46,69,1,3,30.0,1.0,14.12928913728458,0.0,15574.312335458326,15574.312335458326,23751.875683775965,18424.81254168313,0.0,2850.500206224806,0,False
valid_2025_10,2025-10-27,support2_then_anchor_rank,46,69,1,3,30.0,1.0,14.12928913728458,0.0,15574.312335458326,15574.312335458326,23751.875683775965,18424.81254168313,0.0,2850.500206224806,0,False
valid_2025_10,2025-10-27,unanimous_then_anchor_rank,46,69,1,3,30.0,1.0,14.12928913728458,0.0,15574.312335458326,15574.312335458326,23751.875683775965,18424.81254168313,0.0,2850.500206224806,0,False
valid_2025_10,2025-10-27,support_score,46,69,1,3,30.0,1.0,14.12928913728458,0.0,15574.312335458326,15574.312335458326,23751.875683775965,18424.81254168313,0.0,2850.500206224806,0,False
valid_2025_10,2025-10-27,anchor_rank_le5_support2,46,69,1,3,30.0,1.0,14.12928913728458,0.0,15574.312335458326,15574.312335458326,23751.875683775965,18424.81254168313,0.0,2850.500206224806,0,False
valid_2025_10,2025-10-28,anchor_top1,55,71,1,2,20.0,1.0,5.532053799569617,0.0,10234.59373597668,10234.59373597668,10870.337997372588,10234.59373597668,0.0,0.0,0,False
valid_2025_10,2025-10-28,support_then_anchor_rank,55,69,2,3,28.0,1.6666666666666667,5.707597775341334,-0.175543975771717,9960.894814389701,10234.59373597668,10870.337997372588,10234.59373597668,-273.69892158697803,273.69892158697803,1,False
valid_2025_10,2025-10-28,support2_then_anchor_rank,55,71,1,2,20.0,1.0,5.532053799569617,0.0,10234.59373597668,10234.59373597668,10870.337997372588,10234.59373597668,0.0,0.0,0,False
valid_2025_10,2025-10-28,unanimous_then_anchor_rank,55,69,2,3,28.0,1.6666666666666667,5.707597775341334,-0.175543975771717,9960.894814389701,10234.59373597668,10870.337997372588,10234.59373597668,-273.69892158697803,273.69892158697803,1,False
valid_2025_10,2025-10-28,support_score,55,69,2,3,28.0,1.6666666666666667,5.707597775341334,-0.175543975771717,9960.894814389701,10234.59373597668,10870.337997372588,10234.59373597668,-273.69892158697803,273.69892158697803,1,False
valid_2025_10,2025-10-28,anchor_rank_le5_support2,55,69,2,3,28.0,1.6666666666666667,5.707597775341334,-0.175543975771717,9960.894814389701,10234.59373597668,10870.337997372588,10234.59373597668,-273.69892158697803,273.69892158697803,1,False
valid_2025_10,2025-10-29,anchor_top1,0,88,1,3,30.0,1.0,21.321064068331605,0.0,18469.746096273215,18469.746096273215,18469.746096273262,18469.746096273215,0.0,0.0,0,True
valid_2025_10,2025-10-29,support_then_anchor_rank,0,88,1,3,30.0,1.0,21.321064068331605,0.0,18469.746096273215,18469.746096273215,18469.746096273262,18469.746096273215,0.0,0.0,0,True
valid_2025_10,2025-10-29,support2_then_anchor_rank,0,88,1,3,30.0,1.0,21.321064068331605,0.0,18469.746096273215,18469.746096273215,18469.746096273262,18469.746096273215,0.0,0.0,0,True
valid_2025_10,2025-10-29,unanimous_then_anchor_rank,0,88,1,3,30.0,1.0,21.321064068331605,0.0,18469.746096273215,18469.746096273215,18469.746096273262,18469.746096273215,0.0,0.0,0,True
valid_2025_10,2025-10-29,support_score,0,88,1,3,30.0,1.0,21.321064068331605,0.0,18469.746096273215,18469.746096273215,18469.746096273262,18469.746096273215,0.0,0.0,0,True
valid_2025_10,2025-10-29,anchor_rank_le5_support2,0,88,1,3,30.0,1.0,21.321064068331605,0.0,18469.746096273215,18469.746096273215,18469.746096273262,18469.746096273215,0.0,0.0,0,True
valid_2025_10,2025-10-30,anchor_top1,52,66,1,3,20.0,4.333333333333333,7.235623501673928,0.0,15647.21642332199,15647.21642332199,15900.032885808854,15900.032885808901,0.0,252.8164624869114,0,False
valid_2025_10,2025-10-30,support_then_anchor_rank,52,66,1,3,20.0,4.333333333333333,7.235623501673928,0.0,15647.21642332199,15647.21642332199,15900.032885808854,15900.032885808901,0.0,252.8164624869114,0,False
valid_2025_10,2025-10-30,support2_then_anchor_rank,52,66,1,3,20.0,4.333333333333333,7.235623501673928,0.0,15647.21642332199,15647.21642332199,15900.032885808854,15900.032885808901,0.0,252.8164624869114,0,False
valid_2025_10,2025-10-30,unanimous_then_anchor_rank,52,66,1,3,20.0,4.333333333333333,7.235623501673928,0.0,15647.21642332199,15647.21642332199,15900.032885808854,15900.032885808901,0.0,252.8164624869114,0,False
valid_2025_10,2025-10-30,support_score,51,66,2,3,24.0,3.0,7.25050432145342,-0.014880819779492072,15300.810658305256,15647.21642332199,15900.032885808854,15900.032885808901,-346.4057650167342,599.2222275036456,1,False
valid_2025_10,2025-10-30,anchor_rank_le5_support2,52,66,1,3,20.0,4.333333333333333,7.235623501673928,0.0,15647.21642332199,15647.21642332199,15900.032885808854,15900.032885808901,0.0,252.8164624869114,0,False
valid_2025_10,2025-10-31,anchor_top1,55,69,1,2,20.0,1.0,6.04059819864154,0.0,9749.722378353104,9749.722378353104,10358.816371637886,9824.045353596211,0.0,74.32297524310707,0,False
valid_2025_10,2025-10-31,support_then_anchor_rank,55,71,2,3,24.0,3.0,5.858237828004391,0.1823603706371486,9813.349615099194,9749.722378353104,10358.816371637886,9824.045353596211,63.62723674608969,10.695738497017373,1,False
valid_2025_10,2025-10-31,support2_then_anchor_rank,55,69,1,2,20.0,1.0,6.04059819864154,0.0,9749.722378353104,9749.722378353104,10358.816371637886,9824.045353596211,0.0,74.32297524310707,0,False
valid_2025_10,2025-10-31,unanimous_then_anchor_rank,55,71,2,3,24.0,3.0,5.858237828004391,0.1823603706371486,9813.349615099194,9749.722378353104,10358.816371637886,9824.045353596211,63.62723674608969,10.695738497017373,1,False
valid_2025_10,2025-10-31,support_score,55,71,2,3,24.0,3.0,5.858237828004391,0.1823603706371486,9813.349615099194,9749.722378353104,10358.816371637886,9824.045353596211,63.62723674608969,10.695738497017373,1,False
valid_2025_10,2025-10-31,anchor_rank_le5_support2,55,71,2,3,24.0,3.0,5.858237828004391,0.1823603706371486,9813.349615099194,9749.722378353104,10358.816371637886,9824.045353596211,63.62723674608969,10.695738497017373,1,False
valid_2025_11,2025-11-01,anchor_top1,48,81,1,3,25.0,2.6666666666666665,15.204722225878474,0.0,9442.622338836267,9442.622338836267,12869.178095665504,10005.952442091446,0.0,563.330103255179,0,False
valid_2025_11,2025-11-01,support_then_anchor_rank,48,81,1,3,25.0,2.6666666666666665,15.204722225878474,0.0,9442.622338836267,9442.622338836267,12869.178095665504,10005.952442091446,0.0,563.330103255179,0,False
valid_2025_11,2025-11-01,support2_then_anchor_rank,48,81,1,3,25.0,2.6666666666666665,15.204722225878474,0.0,9442.622338836267,9442.622338836267,12869.178095665504,10005.952442091446,0.0,563.330103255179,0,False
valid_2025_11,2025-11-01,unanimous_then_anchor_rank,48,81,1,3,25.0,2.6666666666666665,15.204722225878474,0.0,9442.622338836267,9442.622338836267,12869.178095665504,10005.952442091446,0.0,563.330103255179,0,False
valid_2025_11,2025-11-01,support_score,48,79,3,3,28.0,1.6666666666666667,15.123879423384583,0.08084280249389053,9378.995102090177,9442.622338836267,12869.178095665504,10005.952442091446,-63.62723674608969,626.9573400012687,1,False
valid_2025_11,2025-11-01,anchor_rank_le5_support2,48,81,1,3,25.0,2.6666666666666665,15.204722225878474,0.0,9442.622338836267,9442.622338836267,12869.178095665504,10005.952442091446,0.0,563.330103255179,0,False
valid_2025_11,2025-11-02,anchor_top1,54,66,1,3,28.0,1.6666666666666667,5.5328247102085015,0.0,10366.388012810692,10366.388012810692,10517.232284326503,10517.232284326483,0.0,150.84427151579075,0,False
valid_2025_11,2025-11-02,support_then_anchor_rank,54,66,1,3,28.0,1.6666666666666667,5.5328247102085015,0.0,10366.388012810692,10366.388012810692,10517.232284326503,10517.232284326483,0.0,150.84427151579075,0,False
valid_2025_11,2025-11-02,support2_then_anchor_rank,54,66,1,3,28.0,1.6666666666666667,5.5328247102085015,0.0,10366.388012810692,10366.388012810692,10517.232284326503,10517.232284326483,0.0,150.84427151579075,0,False
valid_2025_11,2025-11-02,unanimous_then_anchor_rank,54,66,1,3,28.0,1.6666666666666667,5.5328247102085015,0.0,10366.388012810692,10366.388012810692,10517.232284326503,10517.232284326483,0.0,150.84427151579075,0,False
valid_2025_11,2025-11-02,support_score,54,66,1,3,28.0,1.6666666666666667,5.5328247102085015,0.0,10366.388012810692,10366.388012810692,10517.232284326503,10517.232284326483,0.0,150.84427151579075,0,False
valid_2025_11,2025-11-02,anchor_rank_le5_support2,54,66,1,3,28.0,1.6666666666666667,5.5328247102085015,0.0,10366.388012810692,10366.388012810692,10517.232284326503,10517.232284326483,0.0,150.84427151579075,0,False
valid_2025_11,2025-11-03,anchor_top1,48,88,1,1,10.0,1.0,13.874693098338431,0.0,13361.719716678786,13361.719716678786,13361.719716678781,13361.719716678786,0.0,0.0,0,False
valid_2025_11,2025-11-03,support_then_anchor_rank,48,86,5,3,21.0,4.0,14.218848100395446,-0.34415500205701477,11102.95281219261,13361.719716678786,13361.719716678781,13361.719716678786,-2258.766904486176,2258.766904486176,1,False
valid_2025_11,2025-11-03,support2_then_anchor_rank,48,86,5,3,21.0,4.0,14.218848100395446,-0.34415500205701477,11102.95281219261,13361.719716678786,13361.719716678781,13361.719716678786,-2258.766904486176,2258.766904486176,1,False
valid_2025_11,2025-11-03,unanimous_then_anchor_rank,48,86,5,3,21.0,4.0,14.218848100395446,-0.34415500205701477,11102.95281219261,13361.719716678786,13361.719716678781,13361.719716678786,-2258.766904486176,2258.766904486176,1,False
valid_2025_11,2025-11-03,support_score,48,86,5,3,21.0,4.0,14.218848100395446,-0.34415500205701477,11102.95281219261,13361.719716678786,13361.719716678781,13361.719716678786,-2258.766904486176,2258.766904486176,1,False
valid_2025_11,2025-11-03,anchor_rank_le5_support2,48,86,5,3,21.0,4.0,14.218848100395446,-0.34415500205701477,11102.95281219261,13361.719716678786,13361.719716678781,13361.719716678786,-2258.766904486176,2258.766904486176,1,False
valid_2025_11,2025-11-04,anchor_top1,49,69,1,2,18.0,2.0,8.659279885294197,0.0,6814.664755854581,6814.664755854581,7323.6826498233395,7196.428176331118,0.0,381.76342047653725,0,False
valid_2025_11,2025-11-04,support_then_anchor_rank,49,67,4,3,15.0,6.0,8.687393935293613,-0.02811404999941658,6878.291992600669,6814.664755854581,7323.6826498233395,7196.428176331118,63.627236746087874,318.1361837304494,1,False
valid_2025_11,2025-11-04,support2_then_anchor_rank,49,69,1,2,18.0,2.0,8.659279885294197,0.0,6814.664755854581,6814.664755854581,7323.6826498233395,7196.428176331118,0.0,381.76342047653725,0,False
valid_2025_11,2025-11-04,unanimous_then_anchor_rank,49,67,4,3,15.0,6.0,8.687393935293613,-0.02811404999941658,6878.291992600669,6814.664755854581,7323.6826498233395,7196.428176331118,63.627236746087874,318.1361837304494,1,False
valid_2025_11,2025-11-04,support_score,49,66,5,3,21.0,4.0,8.587704747139739,0.07157513815445782,6751.037519108491,6814.664755854581,7323.6826498233395,7196.428176331118,-63.62723674608969,445.39065722262694,1,False
valid_2025_11,2025-11-04,anchor_rank_le5_support2,49,67,4,3,15.0,6.0,8.687393935293613,-0.02811404999941658,6878.291992600669,6814.664755854581,7323.6826498233395,7196.428176331118,63.627236746087874,318.1361837304494,1,False
valid_2025_11,2025-11-05,anchor_top1,0,21,1,1,10.0,1.0,3.240572832787862,0.0,5631.010452028917,5631.010452028917,5662.824070401943,5631.010452028917,0.0,0.0,0,False
valid_2025_11,2025-11-05,support_then_anchor_rank,48,66,5,3,26.0,2.3333333333333335,2.403726260577997,0.8368465722098648,2462.3740620736603,5631.010452028917,5662.824070401943,5631.010452028917,-3168.6363899552566,3168.6363899552566,1,False
valid_2025_11,2025-11-05,support2_then_anchor_rank,48,66,5,3,26.0,2.3333333333333335,2.403726260577997,0.8368465722098648,2462.3740620736603,5631.010452028917,5662.824070401943,5631.010452028917,-3168.6363899552566,3168.6363899552566,1,False
valid_2025_11,2025-11-05,unanimous_then_anchor_rank,48,66,5,3,26.0,2.3333333333333335,2.403726260577997,0.8368465722098648,2462.3740620736603,5631.010452028917,5662.824070401943,5631.010452028917,-3168.6363899552566,3168.6363899552566,1,False
valid_2025_11,2025-11-05,support_score,48,66,5,3,26.0,2.3333333333333335,2.403726260577997,0.8368465722098648,2462.3740620736603,5631.010452028917,5662.824070401943,5631.010452028917,-3168.6363899552566,3168.6363899552566,1,False
valid_2025_11,2025-11-05,anchor_rank_le5_support2,48,66,5,3,26.0,2.3333333333333335,2.403726260577997,0.8368465722098648,2462.3740620736603,5631.010452028917,5662.824070401943,5631.010452028917,-3168.6363899552566,3168.6363899552566,1,False
valid_2025_11,2025-11-06,anchor_top1,49,66,1,3,20.0,4.333333333333333,1.944402841778924,0.0,613.3252045284161,613.3252045284161,922.5949328182992,676.952441274505,0.0,63.6272367460889,0,False
valid_2025_11,2025-11-06,support_then_anchor_rank,49,66,1,3,20.0,4.333333333333333,1.944402841778924,0.0,613.3252045284161,613.3252045284161,922.5949328182992,676.952441274505,0.0,63.6272367460889,0,False
valid_2025_11,2025-11-06,support2_then_anchor_rank,49,66,1,3,20.0,4.333333333333333,1.944402841778924,0.0,613.3252045284161,613.3252045284161,922.5949328182992,676.952441274505,0.0,63.6272367460889,0,False
valid_2025_11,2025-11-06,unanimous_then_anchor_rank,49,66,1,3,20.0,4.333333333333333,1.944402841778924,0.0,613.3252045284161,613.3252045284161,922.5949328182992,676.952441274505,0.0,63.6272367460889,0,False
valid_2025_11,2025-11-06,support_score,46,66,3,3,28.0,1.6666666666666667,1.9179683121034685,0.026434529675455565,454.2571126631927,613.3252045284161,922.5949328182992,676.952441274505,-159.06809186522338,222.69532861131228,1,False
valid_2025_11,2025-11-06,anchor_rank_le5_support2,49,66,1,3,20.0,4.333333333333333,1.944402841778924,0.0,613.3252045284161,613.3252045284161,922.5949328182992,676.952441274505,0.0,63.6272367460889,0,False
valid_2025_11,2025-11-07,anchor_top1,46,73,1,3,23.0,3.3333333333333335,4.390802066306879,0.0,2731.609533002902,2731.609533002902,6793.795022201867,3512.4207128180506,0.0,780.8111798151485,0,False
valid_2025_11,2025-11-07,support_then_anchor_rank,46,73,1,3,23.0,3.3333333333333335,4.390802066306879,0.0,2731.609533002902,2731.609533002902,6793.795022201867,3512.4207128180506,0.0,780.8111798151485,0,False
valid_2025_11,2025-11-07,support2_then_anchor_rank,46,73,1,3,23.0,3.3333333333333335,4.390802066306879,0.0,2731.609533002902,2731.609533002902,6793.795022201867,3512.4207128180506,0.0,780.8111798151485,0,False
valid_2025_11,2025-11-07,unanimous_then_anchor_rank,46,73,1,3,23.0,3.3333333333333335,4.390802066306879,0.0,2731.609533002902,2731.609533002902,6793.795022201867,3512.4207128180506,0.0,780.8111798151485,0,False
valid_2025_11,2025-11-07,support_score,48,73,2,3,25.0,2.6666666666666665,4.392487457825862,-0.0016853915189827262,3106.968872100945,2731.609533002902,6793.795022201867,3512.4207128180506,375.35933909804316,405.45184071710537,1,False
valid_2025_11,2025-11-07,anchor_rank_le5_support2,46,73,1,3,23.0,3.3333333333333335,4.390802066306879,0.0,2731.609533002902,2731.609533002902,6793.795022201867,3512.4207128180506,0.0,780.8111798151485,0,False
valid_2025_11,2025-11-08,anchor_top1,49,73,1,3,30.0,1.0,4.653932195320051,0.0,7176.22016594056,7176.22016594056,8037.637510627491,7849.316796668253,0.0,673.0966307276931,0,False
valid_2025_11,2025-11-08,support_then_anchor_rank,49,73,1,3,30.0,1.0,4.653932195320051,0.0,7176.22016594056,7176.22016594056,8037.637510627491,7849.316796668253,0.0,673.0966307276931,0,False
valid_2025_11,2025-11-08,support2_then_anchor_rank,49,73,1,3,30.0,1.0,4.653932195320051,0.0,7176.22016594056,7176.22016594056,8037.637510627491,7849.316796668253,0.0,673.0966307276931,0,False
valid_2025_11,2025-11-08,unanimous_then_anchor_rank,49,73,1,3,30.0,1.0,4.653932195320051,0.0,7176.22016594056,7176.22016594056,8037.637510627491,7849.316796668253,0.0,673.0966307276931,0,False
valid_2025_11,2025-11-08,support_score,49,73,1,3,30.0,1.0,4.653932195320051,0.0,7176.22016594056,7176.22016594056,8037.637510627491,7849.316796668253,0.0,673.0966307276931,0,False
valid_2025_11,2025-11-08,anchor_rank_le5_support2,49,73,1,3,30.0,1.0,4.653932195320051,0.0,7176.22016594056,7176.22016594056,8037.637510627491,7849.316796668253,0.0,673.0966307276931,0,False
valid_2025_11,2025-11-09,anchor_top1,49,71,1,1,10.0,1.0,10.125761948349648,0.0,12537.50521731729,12537.50521731729,12573.1714648753,12560.436473440583,0.0,22.93125612329277,0,False
valid_2025_11,2025-11-09,support_then_anchor_rank,49,69,6,3,22.0,3.6666666666666665,10.257078563169234,-0.13131661481958545,12211.380634013372,12537.50521731729,12573.1714648753,12560.436473440583,-326.12458330391746,349.05583942721023,1,False
valid_2025_11,2025-11-09,support2_then_anchor_rank,49,69,6,3,22.0,3.6666666666666665,10.257078563169234,-0.13131661481958545,12211.380634013372,12537.50521731729,12573.1714648753,12560.436473440583,-326.12458330391746,349.05583942721023,1,False
valid_2025_11,2025-11-09,unanimous_then_anchor_rank,49,69,6,3,22.0,3.6666666666666665,10.257078563169234,-0.13131661481958545,12211.380634013372,12537.50521731729,12573.1714648753,12560.436473440583,-326.12458330391746,349.05583942721023,1,False
valid_2025_11,2025-11-09,support_score,49,69,6,3,22.0,3.6666666666666665,10.257078563169234,-0.13131661481958545,12211.380634013372,12537.50521731729,12573.1714648753,12560.436473440583,-326.12458330391746,349.05583942721023,1,False
valid_2025_11,2025-11-09,anchor_rank_le5_support2,49,71,1,1,10.0,1.0,10.125761948349648,0.0,12537.50521731729,12537.50521731729,12573.1714648753,12560.436473440583,0.0,22.93125612329277,0,False
valid_2025_11,2025-11-10,anchor_top1,49,73,1,3,27.0,2.0,9.551134511414205,0.0,10588.335721390236,10588.335721390236,11155.171685390127,10651.962958136326,0.0,63.62723674608969,0,False
valid_2025_11,2025-11-10,support_then_anchor_rank,49,73,1,3,27.0,2.0,9.551134511414205,0.0,10588.335721390236,10588.335721390236,11155.171685390127,10651.962958136326,0.0,63.62723674608969,0,False
valid_2025_11,2025-11-10,support2_then_anchor_rank,49,73,1,3,27.0,2.0,9.551134511414205,0.0,10588.335721390236,10588.335721390236,11155.171685390127,10651.962958136326,0.0,63.62723674608969,0,False
valid_2025_11,2025-11-10,unanimous_then_anchor_rank,49,73,1,3,27.0,2.0,9.551134511414205,0.0,10588.335721390236,10588.335721390236,11155.171685390127,10651.962958136326,0.0,63.62723674608969,0,False
valid_2025_11,2025-11-10,support_score,49,73,1,3,27.0,2.0,9.551134511414205,0.0,10588.335721390236,10588.335721390236,11155.171685390127,10651.962958136326,0.0,63.62723674608969,0,False
valid_2025_11,2025-11-10,anchor_rank_le5_support2,49,73,1,3,27.0,2.0,9.551134511414205,0.0,10588.335721390236,10588.335721390236,11155.171685390127,10651.962958136326,0.0,63.62723674608969,0,False
valid_2025_11,2025-11-11,anchor_top1,49,73,1,3,24.0,3.0,4.624632241936318,0.0,7045.679345670445,7045.679345670445,7485.846206756221,7321.56704420149,0.0,275.8876985310444,0,False
valid_2025_11,2025-11-11,support_then_anchor_rank,49,73,1,3,24.0,3.0,4.624632241936318,0.0,7045.679345670445,7045.679345670445,7485.846206756221,7321.56704420149,0.0,275.8876985310444,0,False
valid_2025_11,2025-11-11,support2_then_anchor_rank,49,73,1,3,24.0,3.0,4.624632241936318,0.0,7045.679345670445,7045.679345670445,7485.846206756221,7321.56704420149,0.0,275.8876985310444,0,False
valid_2025_11,2025-11-11,unanimous_then_anchor_rank,49,73,1,3,24.0,3.0,4.624632241936318,0.0,7045.679345670445,7045.679345670445,7485.846206756221,7321.56704420149,0.0,275.8876985310444,0,False
valid_2025_11,2025-11-11,support_score,49,71,3,3,25.0,2.6666666666666665,4.635807673369236,-0.011175431432917549,7316.425963472406,7045.679345670445,7485.846206756221,7321.56704420149,270.7466178019604,5.141080729084024,1,False
valid_2025_11,2025-11-11,anchor_rank_le5_support2,49,73,1,3,24.0,3.0,4.624632241936318,0.0,7045.679345670445,7045.679345670445,7485.846206756221,7321.56704420149,0.0,275.8876985310444,0,False
valid_2025_11,2025-11-12,anchor_top1,49,71,1,3,22.0,3.6666666666666665,10.42267425713192,0.0,10139.003356851192,10139.003356851192,10483.50348612738,10393.51230383555,0.0,254.50894698435877,0,False
valid_2025_11,2025-11-12,support_then_anchor_rank,49,71,1,3,22.0,3.6666666666666665,10.42267425713192,0.0,10139.003356851192,10139.003356851192,10483.50348612738,10393.51230383555,0.0,254.50894698435877,0,False
valid_2025_11,2025-11-12,support2_then_anchor_rank,49,71,1,3,22.0,3.6666666666666665,10.42267425713192,0.0,10139.003356851192,10139.003356851192,10483.50348612738,10393.51230383555,0.0,254.50894698435877,0,False
valid_2025_11,2025-11-12,unanimous_then_anchor_rank,49,71,1,3,22.0,3.6666666666666665,10.42267425713192,0.0,10139.003356851192,10139.003356851192,10483.50348612738,10393.51230383555,0.0,254.50894698435877,0,False
valid_2025_11,2025-11-12,support_score,49,71,1,3,22.0,3.6666666666666665,10.42267425713192,0.0,10139.003356851192,10139.003356851192,10483.50348612738,10393.51230383555,0.0,254.50894698435877,0,False
valid_2025_11,2025-11-12,anchor_rank_le5_support2,49,71,1,3,22.0,3.6666666666666665,10.42267425713192,0.0,10139.003356851192,10139.003356851192,10483.50348612738,10393.51230383555,0.0,254.50894698435877,0,False
valid_2025_11,2025-11-13,anchor_top1,52,73,1,2,19.0,1.5,4.167945024093065,0.0,9261.017479715578,9261.017479715578,9537.757783219007,9324.644716461667,0.0,63.62723674608969,0,False
valid_2025_11,2025-11-13,support_then_anchor_rank,52,71,4,3,20.0,4.333333333333333,4.226645306074161,-0.058700281981096225,9324.644716461667,9261.017479715578,9537.757783219007,9324.644716461667,63.62723674608969,0.0,1,False
valid_2025_11,2025-11-13,support2_then_anchor_rank,52,73,1,2,19.0,1.5,4.167945024093065,0.0,9261.017479715578,9261.017479715578,9537.757783219007,9324.644716461667,0.0,63.62723674608969,0,False
valid_2025_11,2025-11-13,unanimous_then_anchor_rank,52,71,4,3,20.0,4.333333333333333,4.226645306074161,-0.058700281981096225,9324.644716461667,9261.017479715578,9537.757783219007,9324.644716461667,63.62723674608969,0.0,1,False
valid_2025_11,2025-11-13,support_score,52,71,4,3,20.0,4.333333333333333,4.226645306074161,-0.058700281981096225,9324.644716461667,9261.017479715578,9537.757783219007,9324.644716461667,63.62723674608969,0.0,1,False
valid_2025_11,2025-11-13,anchor_rank_le5_support2,52,71,4,3,20.0,4.333333333333333,4.226645306074161,-0.058700281981096225,9324.644716461667,9261.017479715578,9537.757783219007,9324.644716461667,63.62723674608969,0.0,1,False
valid_2025_11,2025-11-14,anchor_top1,48,73,1,3,25.0,2.6666666666666665,4.898773251878174,0.0,3440.8018951366525,3440.8018951366525,3791.572488594169,3440.8018951366525,0.0,0.0,0,False
valid_2025_11,2025-11-14,support_then_anchor_rank,48,73,1,3,25.0,2.6666666666666665,4.898773251878174,0.0,3440.8018951366525,3440.8018951366525,3791.572488594169,3440.8018951366525,0.0,0.0,0,False
valid_2025_11,2025-11-14,support2_then_anchor_rank,48,73,1,3,25.0,2.6666666666666665,4.898773251878174,0.0,3440.8018951366525,3440.8018951366525,3791.572488594169,3440.8018951366525,0.0,0.0,0,False
valid_2025_11,2025-11-14,unanimous_then_anchor_rank,48,73,1,3,25.0,2.6666666666666665,4.898773251878174,0.0,3440.8018951366525,3440.8018951366525,3791.572488594169,3440.8018951366525,0.0,0.0,0,False
valid_2025_11,2025-11-14,support_score,49,73,2,3,26.0,2.3333333333333335,4.869283120182116,0.02949013169605763,3440.8018951366525,3440.8018951366525,3791.572488594169,3440.8018951366525,0.0,0.0,1,False
valid_2025_11,2025-11-14,anchor_rank_le5_support2,48,73,1,3,25.0,2.6666666666666665,4.898773251878174,0.0,3440.8018951366525,3440.8018951366525,3791.572488594169,3440.8018951366525,0.0,0.0,0,False
valid_2025_11,2025-11-15,anchor_top1,49,81,1,2,18.0,2.0,7.000443565486478,0.0,7722.65723783965,7722.65723783965,8345.596517840402,8207.18182702296,0.0,484.5245891833092,0,False
valid_2025_11,2025-11-15,support_then_anchor_rank,49,81,1,2,18.0,2.0,7.000443565486478,0.0,7722.65723783965,7722.65723783965,8345.596517840402,8207.18182702296,0.0,484.5245891833092,0,False
valid_2025_11,2025-11-15,support2_then_anchor_rank,49,81,1,2,18.0,2.0,7.000443565486478,0.0,7722.65723783965,7722.65723783965,8345.596517840402,8207.18182702296,0.0,484.5245891833092,0,False
valid_2025_11,2025-11-15,unanimous_then_anchor_rank,49,81,1,2,18.0,2.0,7.000443565486478,0.0,7722.65723783965,7722.65723783965,8345.596517840402,8207.18182702296,0.0,484.5245891833092,0,False
valid_2025_11,2025-11-15,support_score,49,79,2,2,19.0,1.5,6.995300541519949,0.005143023966528659,7473.903374418976,7722.65723783965,8345.596517840402,8207.18182702296,-248.75386342067486,733.2784526039841,1,False
valid_2025_11,2025-11-15,anchor_rank_le5_support2,49,81,1,2,18.0,2.0,7.000443565486478,0.0,7722.65723783965,7722.65723783965,8345.596517840402,8207.18182702296,0.0,484.5245891833092,0,False
valid_2025_11,2025-11-16,anchor_top1,48,73,1,3,22.0,3.6666666666666665,5.205676087309072,0.0,8914.175868127131,8914.175868127131,9645.889090707164,9365.929249024366,0.0,451.7533808972348,0,False
valid_2025_11,2025-11-16,support_then_anchor_rank,48,73,1,3,22.0,3.6666666666666665,5.205676087309072,0.0,8914.175868127131,8914.175868127131,9645.889090707164,9365.929249024366,0.0,451.7533808972348,0,False
valid_2025_11,2025-11-16,support2_then_anchor_rank,48,73,1,3,22.0,3.6666666666666665,5.205676087309072,0.0,8914.175868127131,8914.175868127131,9645.889090707164,9365.929249024366,0.0,451.7533808972348,0,False
valid_2025_11,2025-11-16,unanimous_then_anchor_rank,48,73,1,3,22.0,3.6666666666666665,5.205676087309072,0.0,8914.175868127131,8914.175868127131,9645.889090707164,9365.929249024366,0.0,451.7533808972348,0,False
valid_2025_11,2025-11-16,support_score,48,73,1,3,22.0,3.6666666666666665,5.205676087309072,0.0,8914.175868127131,8914.175868127131,9645.889090707164,9365.929249024366,0.0,451.7533808972348,0,False
valid_2025_11,2025-11-16,anchor_rank_le5_support2,48,73,1,3,22.0,3.6666666666666665,5.205676087309072,0.0,8914.175868127131,8914.175868127131,9645.889090707164,9365.929249024366,0.0,451.7533808972348,0,False
valid_2025_11,2025-11-17,anchor_top1,49,73,1,3,28.0,1.6666666666666667,4.797010322898622,0.0,7303.570080287859,7303.570080287859,7342.583120498709,7303.570080287859,0.0,0.0,0,False
valid_2025_11,2025-11-17,support_then_anchor_rank,49,73,1,3,28.0,1.6666666666666667,4.797010322898622,0.0,7303.570080287859,7303.570080287859,7342.583120498709,7303.570080287859,0.0,0.0,0,False
valid_2025_11,2025-11-17,support2_then_anchor_rank,49,73,1,3,28.0,1.6666666666666667,4.797010322898622,0.0,7303.570080287859,7303.570080287859,7342.583120498709,7303.570080287859,0.0,0.0,0,False
valid_2025_11,2025-11-17,unanimous_then_anchor_rank,49,73,1,3,28.0,1.6666666666666667,4.797010322898622,0.0,7303.570080287859,7303.570080287859,7342.583120498709,7303.570080287859,0.0,0.0,0,False
valid_2025_11,2025-11-17,support_score,49,73,1,3,28.0,1.6666666666666667,4.797010322898622,0.0,7303.570080287859,7303.570080287859,7342.583120498709,7303.570080287859,0.0,0.0,0,False
valid_2025_11,2025-11-17,anchor_rank_le5_support2,49,73,1,3,28.0,1.6666666666666667,4.797010322898622,0.0,7303.570080287859,7303.570080287859,7342.583120498709,7303.570080287859,0.0,0.0,0,False
valid_2025_11,2025-11-18,anchor_top1,49,71,1,3,29.0,1.3333333333333333,8.815311855609503,0.0,8503.385702247027,8503.385702247027,10104.393321423155,8503.385702247027,0.0,0.0,0,False
valid_2025_11,2025-11-18,support_then_anchor_rank,49,71,1,3,29.0,1.3333333333333333,8.815311855609503,0.0,8503.385702247027,8503.385702247027,10104.393321423155,8503.385702247027,0.0,0.0,0,False
valid_2025_11,2025-11-18,support2_then_anchor_rank,49,71,1,3,29.0,1.3333333333333333,8.815311855609503,0.0,8503.385702247027,8503.385702247027,10104.393321423155,8503.385702247027,0.0,0.0,0,False
valid_2025_11,2025-11-18,unanimous_then_anchor_rank,49,71,1,3,29.0,1.3333333333333333,8.815311855609503,0.0,8503.385702247027,8503.385702247027,10104.393321423155,8503.385702247027,0.0,0.0,0,False
valid_2025_11,2025-11-18,support_score,49,71,1,3,29.0,1.3333333333333333,8.815311855609503,0.0,8503.385702247027,8503.385702247027,10104.393321423155,8503.385702247027,0.0,0.0,0,False
valid_2025_11,2025-11-18,anchor_rank_le5_support2,49,71,1,3,29.0,1.3333333333333333,8.815311855609503,0.0,8503.385702247027,8503.385702247027,10104.393321423155,8503.385702247027,0.0,0.0,0,False
valid_2025_11,2025-11-19,anchor_top1,49,88,1,1,10.0,1.0,8.204645289398783,0.0,8716.931434214255,8716.931434214255,10200.934927738,8716.931434214255,0.0,0.0,0,False
valid_2025_11,2025-11-19,support_then_anchor_rank,49,81,9,3,15.0,6.0,8.36871300284027,-0.16406771344148652,7660.95472500513,8716.931434214255,10200.934927738,8716.931434214255,-1055.9767092091251,1055.9767092091251,1,False
valid_2025_11,2025-11-19,support2_then_anchor_rank,49,81,9,3,15.0,6.0,8.36871300284027,-0.16406771344148652,7660.95472500513,8716.931434214255,10200.934927738,8716.931434214255,-1055.9767092091251,1055.9767092091251,1,False
valid_2025_11,2025-11-19,unanimous_then_anchor_rank,49,81,9,3,15.0,6.0,8.36871300284027,-0.16406771344148652,7660.95472500513,8716.931434214255,10200.934927738,8716.931434214255,-1055.9767092091251,1055.9767092091251,1,False
valid_2025_11,2025-11-19,support_score,49,81,9,3,15.0,6.0,8.36871300284027,-0.16406771344148652,7660.95472500513,8716.931434214255,10200.934927738,8716.931434214255,-1055.9767092091251,1055.9767092091251,1,False
valid_2025_11,2025-11-19,anchor_rank_le5_support2,49,88,1,1,10.0,1.0,8.204645289398783,0.0,8716.931434214255,8716.931434214255,10200.934927738,8716.931434214255,0.0,0.0,0,False
valid_2025_11,2025-11-20,anchor_top1,55,69,1,3,28.0,1.6666666666666667,6.735075200358345,0.0,8526.049723975988,8526.049723975988,8685.117815841217,8653.304197468167,0.0,127.25447349217939,0,False
valid_2025_11,2025-11-20,support_then_anchor_rank,55,69,1,3,28.0,1.6666666666666667,6.735075200358345,0.0,8526.049723975988,8526.049723975988,8685.117815841217,8653.304197468167,0.0,127.25447349217939,0,False
valid_2025_11,2025-11-20,support2_then_anchor_rank,55,69,1,3,28.0,1.6666666666666667,6.735075200358345,0.0,8526.049723975988,8526.049723975988,8685.117815841217,8653.304197468167,0.0,127.25447349217939,0,False
valid_2025_11,2025-11-20,unanimous_then_anchor_rank,55,69,1,3,28.0,1.6666666666666667,6.735075200358345,0.0,8526.049723975988,8526.049723975988,8685.117815841217,8653.304197468167,0.0,127.25447349217939,0,False
valid_2025_11,2025-11-20,support_score,55,69,1,3,28.0,1.6666666666666667,6.735075200358345,0.0,8526.049723975988,8526.049723975988,8685.117815841217,8653.304197468167,0.0,127.25447349217939,0,False
valid_2025_11,2025-11-20,anchor_rank_le5_support2,55,69,1,3,28.0,1.6666666666666667,6.735075200358345,0.0,8526.049723975988,8526.049723975988,8685.117815841217,8653.304197468167,0.0,127.25447349217939,0,False
valid_2025_11,2025-11-21,anchor_top1,54,69,1,2,14.0,4.0,6.762632850645296,0.0,6371.688752266469,6371.688752266469,7103.44015118855,7103.440151188545,0.0,731.7513989220761,0,False
valid_2025_11,2025-11-21,support_then_anchor_rank,54,67,6,3,20.0,4.333333333333333,6.871212117116517,-0.10857926647122085,7103.440151188545,6371.688752266469,7103.44015118855,7103.440151188545,731.7513989220761,0.0,1,False
valid_2025_11,2025-11-21,support2_then_anchor_rank,54,69,1,2,14.0,4.0,6.762632850645296,0.0,6371.688752266469,6371.688752266469,7103.44015118855,7103.440151188545,0.0,731.7513989220761,0,False
valid_2025_11,2025-11-21,unanimous_then_anchor_rank,54,67,6,3,20.0,4.333333333333333,6.871212117116517,-0.10857926647122085,7103.440151188545,6371.688752266469,7103.44015118855,7103.440151188545,731.7513989220761,0.0,1,False
valid_2025_11,2025-11-21,support_score,54,67,6,3,20.0,4.333333333333333,6.871212117116517,-0.10857926647122085,7103.440151188545,6371.688752266469,7103.44015118855,7103.440151188545,731.7513989220761,0.0,1,False
valid_2025_11,2025-11-21,anchor_rank_le5_support2,54,69,1,2,14.0,4.0,6.762632850645296,0.0,6371.688752266469,6371.688752266469,7103.44015118855,7103.440151188545,0.0,731.7513989220761,0,False
valid_2025_11,2025-11-22,anchor_top1,49,73,1,2,19.0,1.5,3.9340644972849645,0.0,5774.731654390983,5774.731654390983,6264.524578776868,6122.938070207633,0.0,348.2064158166504,0,False
valid_2025_11,2025-11-22,support_then_anchor_rank,49,73,1,2,19.0,1.5,3.9340644972849645,0.0,5774.731654390983,5774.731654390983,6264.524578776868,6122.938070207633,0.0,348.2064158166504,0,False
valid_2025_11,2025-11-22,support2_then_anchor_rank,49,73,1,2,19.0,1.5,3.9340644972849645,0.0,5774.731654390983,5774.731654390983,6264.524578776868,6122.938070207633,0.0,348.2064158166504,0,False
valid_2025_11,2025-11-22,unanimous_then_anchor_rank,49,73,1,2,19.0,1.5,3.9340644972849645,0.0,5774.731654390983,5774.731654390983,6264.524578776868,6122.938070207633,0.0,348.2064158166504,0,False
valid_2025_11,2025-11-22,support_score,49,73,1,2,19.0,1.5,3.9340644972849645,0.0,5774.731654390983,5774.731654390983,6264.524578776868,6122.938070207633,0.0,348.2064158166504,0,False
valid_2025_11,2025-11-22,anchor_rank_le5_support2,49,73,1,2,19.0,1.5,3.9340644972849645,0.0,5774.731654390983,5774.731654390983,6264.524578776868,6122.938070207633,0.0,348.2064158166504,0,False
valid_2025_11,2025-11-23,anchor_top1,40,73,1,3,30.0,1.0,4.794032280816257,0.0,5747.464202083447,5747.464202083447,6269.694291762492,5747.464202083447,0.0,0.0,0,False
valid_2025_11,2025-11-23,support_then_anchor_rank,40,73,1,3,30.0,1.0,4.794032280816257,0.0,5747.464202083447,5747.464202083447,6269.694291762492,5747.464202083447,0.0,0.0,0,False
valid_2025_11,2025-11-23,support2_then_anchor_rank,40,73,1,3,30.0,1.0,4.794032280816257,0.0,5747.464202083447,5747.464202083447,6269.694291762492,5747.464202083447,0.0,0.0,0,False
valid_2025_11,2025-11-23,unanimous_then_anchor_rank,40,73,1,3,30.0,1.0,4.794032280816257,0.0,5747.464202083447,5747.464202083447,6269.694291762492,5747.464202083447,0.0,0.0,0,False
valid_2025_11,2025-11-23,support_score,40,73,1,3,30.0,1.0,4.794032280816257,0.0,5747.464202083447,5747.464202083447,6269.694291762492,5747.464202083447,0.0,0.0,0,False
valid_2025_11,2025-11-23,anchor_rank_le5_support2,40,73,1,3,30.0,1.0,4.794032280816257,0.0,5747.464202083447,5747.464202083447,6269.694291762492,5747.464202083447,0.0,0.0,0,False
valid_2025_11,2025-11-24,anchor_top1,46,71,1,3,20.0,4.333333333333333,6.55864917115316,0.0,8438.969487765287,8438.969487765287,10017.179468015296,8438.969487765287,0.0,0.0,0,False
valid_2025_11,2025-11-24,support_then_anchor_rank,46,71,1,3,20.0,4.333333333333333,6.55864917115316,0.0,8438.969487765287,8438.969487765287,10017.179468015296,8438.969487765287,0.0,0.0,0,False
valid_2025_11,2025-11-24,support2_then_anchor_rank,46,71,1,3,20.0,4.333333333333333,6.55864917115316,0.0,8438.969487765287,8438.969487765287,10017.179468015296,8438.969487765287,0.0,0.0,0,False
valid_2025_11,2025-11-24,unanimous_then_anchor_rank,46,71,1,3,20.0,4.333333333333333,6.55864917115316,0.0,8438.969487765287,8438.969487765287,10017.179468015296,8438.969487765287,0.0,0.0,0,False
valid_2025_11,2025-11-24,support_score,46,71,1,3,20.0,4.333333333333333,6.55864917115316,0.0,8438.969487765287,8438.969487765287,10017.179468015296,8438.969487765287,0.0,0.0,0,False
valid_2025_11,2025-11-24,anchor_rank_le5_support2,46,71,1,3,20.0,4.333333333333333,6.55864917115316,0.0,8438.969487765287,8438.969487765287,10017.179468015296,8438.969487765287,0.0,0.0,0,False
valid_2025_11,2025-11-25,anchor_top1,55,73,1,2,17.0,2.5,4.280616669035394,0.0,956.4223532343553,956.4223532343553,1565.2300239538022,1395.8924960777576,0.0,439.4701428434023,0,False
valid_2025_11,2025-11-25,support_then_anchor_rank,49,73,3,3,23.0,3.3333333333333335,4.152695145230792,0.1279215238046021,956.4223532343553,956.4223532343553,1565.2300239538022,1395.8924960777576,0.0,439.4701428434023,1,False
valid_2025_11,2025-11-25,support2_then_anchor_rank,55,73,1,2,17.0,2.5,4.280616669035394,0.0,956.4223532343553,956.4223532343553,1565.2300239538022,1395.8924960777576,0.0,439.4701428434023,0,False
valid_2025_11,2025-11-25,unanimous_then_anchor_rank,49,73,3,3,23.0,3.3333333333333335,4.152695145230792,0.1279215238046021,956.4223532343553,956.4223532343553,1565.2300239538022,1395.8924960777576,0.0,439.4701428434023,1,False
valid_2025_11,2025-11-25,support_score,49,73,3,3,23.0,3.3333333333333335,4.152695145230792,0.1279215238046021,956.4223532343553,956.4223532343553,1565.2300239538022,1395.8924960777576,0.0,439.4701428434023,1,False
valid_2025_11,2025-11-25,anchor_rank_le5_support2,49,73,3,3,23.0,3.3333333333333335,4.152695145230792,0.1279215238046021,956.4223532343553,956.4223532343553,1565.2300239538022,1395.8924960777576,0.0,439.4701428434023,1,False
valid_2025_11,2025-11-26,anchor_top1,48,81,1,2,20.0,1.0,5.599347741850622,0.0,7374.921663574922,7374.921663574922,7918.575043866377,7693.910452277767,0.0,318.98878870284534,0,False
valid_2025_11,2025-11-26,support_then_anchor_rank,48,79,2,3,19.0,4.666666666666667,5.583975379399401,0.015372362451220312,7693.910452277767,7374.921663574922,7918.575043866377,7693.910452277767,318.98878870284534,0.0,1,False
valid_2025_11,2025-11-26,support2_then_anchor_rank,48,81,1,2,20.0,1.0,5.599347741850622,0.0,7374.921663574922,7374.921663574922,7918.575043866377,7693.910452277767,0.0,318.98878870284534,0,False
valid_2025_11,2025-11-26,unanimous_then_anchor_rank,48,79,2,3,19.0,4.666666666666667,5.583975379399401,0.015372362451220312,7693.910452277767,7374.921663574922,7918.575043866377,7693.910452277767,318.98878870284534,0.0,1,False
valid_2025_11,2025-11-26,support_score,48,79,2,3,19.0,4.666666666666667,5.583975379399401,0.015372362451220312,7693.910452277767,7374.921663574922,7918.575043866377,7693.910452277767,318.98878870284534,0.0,1,False
valid_2025_11,2025-11-26,anchor_rank_le5_support2,48,79,2,3,19.0,4.666666666666667,5.583975379399401,0.015372362451220312,7693.910452277767,7374.921663574922,7918.575043866377,7693.910452277767,318.98878870284534,0.0,1,False
valid_2025_11,2025-11-27,anchor_top1,49,73,1,3,28.0,1.6666666666666667,4.5625865054967285,0.0,2305.8351528690946,2305.8351528690946,3235.79811970259,2444.567979870268,0.0,138.73282700117352,0,False
valid_2025_11,2025-11-27,support_then_anchor_rank,49,73,1,3,28.0,1.6666666666666667,4.5625865054967285,0.0,2305.8351528690946,2305.8351528690946,3235.79811970259,2444.567979870268,0.0,138.73282700117352,0,False
valid_2025_11,2025-11-27,support2_then_anchor_rank,49,73,1,3,28.0,1.6666666666666667,4.5625865054967285,0.0,2305.8351528690946,2305.8351528690946,3235.79811970259,2444.567979870268,0.0,138.73282700117352,0,False
valid_2025_11,2025-11-27,unanimous_then_anchor_rank,49,73,1,3,28.0,1.6666666666666667,4.5625865054967285,0.0,2305.8351528690946,2305.8351528690946,3235.79811970259,2444.567979870268,0.0,138.73282700117352,0,False
valid_2025_11,2025-11-27,support_score,48,73,2,3,29.0,1.3333333333333333,4.555901111064179,0.006685394432549785,2305.8351528690946,2305.8351528690946,3235.79811970259,2444.567979870268,0.0,138.73282700117352,1,False
valid_2025_11,2025-11-27,anchor_rank_le5_support2,49,73,1,3,28.0,1.6666666666666667,4.5625865054967285,0.0,2305.8351528690946,2305.8351528690946,3235.79811970259,2444.567979870268,0.0,138.73282700117352,0,False
valid_2025_11,2025-11-28,anchor_top1,55,73,1,2,19.0,1.5,3.9864626713107114,0.0,3706.8496415049126,3706.8496415049126,6405.093051558167,4115.587828999955,0.0,408.738187495042,0,False
valid_2025_11,2025-11-28,support_then_anchor_rank,40,73,7,3,16.0,5.666666666666667,3.903804552721315,0.08265811858939642,3745.862681715778,3706.8496415049126,6405.093051558167,4115.587828999955,39.013040210865256,369.7251472841767,1,False
valid_2025_11,2025-11-28,support2_then_anchor_rank,55,73,1,2,19.0,1.5,3.9864626713107114,0.0,3706.8496415049126,3706.8496415049126,6405.093051558167,4115.587828999955,0.0,408.738187495042,0,False
valid_2025_11,2025-11-28,unanimous_then_anchor_rank,40,73,7,3,16.0,5.666666666666667,3.903804552721315,0.08265811858939642,3745.862681715778,3706.8496415049126,6405.093051558167,4115.587828999955,39.013040210865256,369.7251472841767,1,False
valid_2025_11,2025-11-28,support_score,40,73,7,3,16.0,5.666666666666667,3.903804552721315,0.08265811858939642,3745.862681715778,3706.8496415049126,6405.093051558167,4115.587828999955,39.013040210865256,369.7251472841767,1,False
valid_2025_11,2025-11-28,anchor_rank_le5_support2,55,73,1,2,19.0,1.5,3.9864626713107114,0.0,3706.8496415049126,3706.8496415049126,6405.093051558167,4115.587828999955,0.0,408.738187495042,0,False
valid_2025_11,2025-11-29,anchor_top1,49,73,1,3,30.0,1.0,4.4521864613002435,0.0,4978.93626032213,4978.93626032213,5801.283300285133,5003.499555067959,0.0,24.563294745828898,0,False
valid_2025_11,2025-11-29,support_then_anchor_rank,49,73,1,3,30.0,1.0,4.4521864613002435,0.0,4978.93626032213,4978.93626032213,5801.283300285133,5003.499555067959,0.0,24.563294745828898,0,False
valid_2025_11,2025-11-29,support2_then_anchor_rank,49,73,1,3,30.0,1.0,4.4521864613002435,0.0,4978.93626032213,4978.93626032213,5801.283300285133,5003.499555067959,0.0,24.563294745828898,0,False
valid_2025_11,2025-11-29,unanimous_then_anchor_rank,49,73,1,3,30.0,1.0,4.4521864613002435,0.0,4978.93626032213,4978.93626032213,5801.283300285133,5003.499555067959,0.0,24.563294745828898,0,False
valid_2025_11,2025-11-29,support_score,49,73,1,3,30.0,1.0,4.4521864613002435,0.0,4978.93626032213,4978.93626032213,5801.283300285133,5003.499555067959,0.0,24.563294745828898,0,False
valid_2025_11,2025-11-29,anchor_rank_le5_support2,49,73,1,3,30.0,1.0,4.4521864613002435,0.0,4978.93626032213,4978.93626032213,5801.283300285133,5003.499555067959,0.0,24.563294745828898,0,False
valid_2025_11,2025-11-30,anchor_top1,49,79,1,2,20.0,1.0,9.496372894989477,0.0,9130.508473063834,9130.508473063834,10816.630246835208,9353.203801675148,0.0,222.69532861131484,0,False
valid_2025_11,2025-11-30,support_then_anchor_rank,49,81,3,3,26.0,2.3333333333333335,9.45055697303405,0.04581592195542683,9353.203801675148,9130.508473063834,10816.630246835208,9353.203801675148,222.69532861131484,0.0,1,False
valid_2025_11,2025-11-30,support2_then_anchor_rank,49,79,1,2,20.0,1.0,9.496372894989477,0.0,9130.508473063834,9130.508473063834,10816.630246835208,9353.203801675148,0.0,222.69532861131484,0,False
valid_2025_11,2025-11-30,unanimous_then_anchor_rank,49,81,3,3,26.0,2.3333333333333335,9.45055697303405,0.04581592195542683,9353.203801675148,9130.508473063834,10816.630246835208,9353.203801675148,222.69532861131484,0.0,1,False
valid_2025_11,2025-11-30,support_score,49,81,3,3,26.0,2.3333333333333335,9.45055697303405,0.04581592195542683,9353.203801675148,9130.508473063834,10816.630246835208,9353.203801675148,222.69532861131484,0.0,1,False
valid_2025_11,2025-11-30,anchor_rank_le5_support2,49,81,3,3,26.0,2.3333333333333335,9.45055697303405,0.04581592195542683,9353.203801675148,9130.508473063834,10816.630246835208,9353.203801675148,222.69532861131484,0.0,1,False
valid_2025_12,2025-12-01,anchor_top1,53,71,1,3,19.0,4.666666666666667,3.9783400706193675,0.0,3043.0489500658205,3043.0489500658205,7602.92350373085,4589.190802995797,0.0,1546.1418529299763,0,False
valid_2025_12,2025-12-01,support_then_anchor_rank,53,71,1,3,19.0,4.666666666666667,3.9783400706193675,0.0,3043.0489500658205,3043.0489500658205,7602.92350373085,4589.190802995797,0.0,1546.1418529299763,0,False
valid_2025_12,2025-12-01,support2_then_anchor_rank,53,71,1,3,19.0,4.666666666666667,3.9783400706193675,0.0,3043.0489500658205,3043.0489500658205,7602.92350373085,4589.190802995797,0.0,1546.1418529299763,0,False
valid_2025_12,2025-12-01,unanimous_then_anchor_rank,53,71,1,3,19.0,4.666666666666667,3.9783400706193675,0.0,3043.0489500658205,3043.0489500658205,7602.92350373085,4589.190802995797,0.0,1546.1418529299763,0,False
valid_2025_12,2025-12-01,support_score,55,71,3,3,23.0,3.3333333333333335,3.968528590858824,0.009811479760543307,3730.2231069235886,3043.0489500658205,7602.92350373085,4589.190802995797,687.1741568577681,858.9676960722081,1,False
valid_2025_12,2025-12-01,anchor_rank_le5_support2,53,71,1,3,19.0,4.666666666666667,3.9783400706193675,0.0,3043.0489500658205,3043.0489500658205,7602.92350373085,4589.190802995797,0.0,1546.1418529299763,0,False
valid_2025_12,2025-12-02,anchor_top1,49,71,1,3,29.0,1.3333333333333333,5.711231005978718,0.0,6566.330832196431,6566.330832196431,7113.525068212781,7049.89783146671,0.0,483.56699927027876,0,False
valid_2025_12,2025-12-02,support_then_anchor_rank,49,71,1,3,29.0,1.3333333333333333,5.711231005978718,0.0,6566.330832196431,6566.330832196431,7113.525068212781,7049.89783146671,0.0,483.56699927027876,0,False
valid_2025_12,2025-12-02,support2_then_anchor_rank,49,71,1,3,29.0,1.3333333333333333,5.711231005978718,0.0,6566.330832196431,6566.330832196431,7113.525068212781,7049.89783146671,0.0,483.56699927027876,0,False
valid_2025_12,2025-12-02,unanimous_then_anchor_rank,49,71,1,3,29.0,1.3333333333333333,5.711231005978718,0.0,6566.330832196431,6566.330832196431,7113.525068212781,7049.89783146671,0.0,483.56699927027876,0,False
valid_2025_12,2025-12-02,support_score,49,71,1,3,29.0,1.3333333333333333,5.711231005978718,0.0,6566.330832196431,6566.330832196431,7113.525068212781,7049.89783146671,0.0,483.56699927027876,0,False
valid_2025_12,2025-12-02,anchor_rank_le5_support2,49,71,1,3,29.0,1.3333333333333333,5.711231005978718,0.0,6566.330832196431,6566.330832196431,7113.525068212781,7049.89783146671,0.0,483.56699927027876,0,False
valid_2025_12,2025-12-03,anchor_top1,48,71,1,3,26.0,2.3333333333333335,6.950039530485988,0.0,8386.06980313459,8386.06980313459,9007.214795059099,8650.12283563086,0.0,264.05303249627104,0,False
valid_2025_12,2025-12-03,support_then_anchor_rank,48,71,1,3,26.0,2.3333333333333335,6.950039530485988,0.0,8386.06980313459,8386.06980313459,9007.214795059099,8650.12283563086,0.0,264.05303249627104,0,False
valid_2025_12,2025-12-03,support2_then_anchor_rank,48,71,1,3,26.0,2.3333333333333335,6.950039530485988,0.0,8386.06980313459,8386.06980313459,9007.214795059099,8650.12283563086,0.0,264.05303249627104,0,False
valid_2025_12,2025-12-03,unanimous_then_anchor_rank,48,71,1,3,26.0,2.3333333333333335,6.950039530485988,0.0,8386.06980313459,8386.06980313459,9007.214795059099,8650.12283563086,0.0,264.05303249627104,0,False
valid_2025_12,2025-12-03,support_score,48,71,1,3,26.0,2.3333333333333335,6.950039530485988,0.0,8386.06980313459,8386.06980313459,9007.214795059099,8650.12283563086,0.0,264.05303249627104,0,False
valid_2025_12,2025-12-03,anchor_rank_le5_support2,48,71,1,3,26.0,2.3333333333333335,6.950039530485988,0.0,8386.06980313459,8386.06980313459,9007.214795059099,8650.12283563086,0.0,264.05303249627104,0,False
valid_2025_12,2025-12-04,anchor_top1,50,66,1,3,17.0,5.333333333333333,6.597727356034653,0.0,11492.100173493527,11492.100173493527,11898.293271518733,11898.293271518727,0.0,406.1930980252,0,False
valid_2025_12,2025-12-04,support_then_anchor_rank,50,66,1,3,17.0,5.333333333333333,6.597727356034653,0.0,11492.100173493527,11492.100173493527,11898.293271518733,11898.293271518727,0.0,406.1930980252,0,False
valid_2025_12,2025-12-04,support2_then_anchor_rank,50,66,1,3,17.0,5.333333333333333,6.597727356034653,0.0,11492.100173493527,11492.100173493527,11898.293271518733,11898.293271518727,0.0,406.1930980252,0,False
valid_2025_12,2025-12-04,unanimous_then_anchor_rank,50,66,1,3,17.0,5.333333333333333,6.597727356034653,0.0,11492.100173493527,11492.100173493527,11898.293271518733,11898.293271518727,0.0,406.1930980252,0,False
valid_2025_12,2025-12-04,support_score,51,66,2,3,25.0,2.6666666666666665,6.542231826978302,0.055495529056351245,10537.691622302187,11492.100173493527,11898.293271518733,11898.293271518727,-954.4085511913399,1360.60164921654,1,False
valid_2025_12,2025-12-04,anchor_rank_le5_support2,50,66,1,3,17.0,5.333333333333333,6.597727356034653,0.0,11492.100173493527,11492.100173493527,11898.293271518733,11898.293271518727,0.0,406.1930980252,0,False
valid_2025_12,2025-12-05,anchor_top1,35,73,1,2,13.0,4.5,3.7878409020972112,0.0,3476.7926416020778,3476.7926416020778,4598.152699291483,3632.4248626830126,0.0,155.63222108093487,0,False
valid_2025_12,2025-12-05,support_then_anchor_rank,32,73,2,3,29.0,1.3333333333333333,3.824215123734386,-0.03637422163717474,3251.5681303301076,3476.7926416020778,4598.152699291483,3632.4248626830126,-225.2245112719702,380.85673235290506,1,False
valid_2025_12,2025-12-05,support2_then_anchor_rank,35,73,1,2,13.0,4.5,3.7878409020972112,0.0,3476.7926416020778,3476.7926416020778,4598.152699291483,3632.4248626830126,0.0,155.63222108093487,0,False
valid_2025_12,2025-12-05,unanimous_then_anchor_rank,32,73,2,3,29.0,1.3333333333333333,3.824215123734386,-0.03637422163717474,3251.5681303301076,3476.7926416020778,4598.152699291483,3632.4248626830126,-225.2245112719702,380.85673235290506,1,False
valid_2025_12,2025-12-05,support_score,32,73,2,3,29.0,1.3333333333333333,3.824215123734386,-0.03637422163717474,3251.5681303301076,3476.7926416020778,4598.152699291483,3632.4248626830126,-225.2245112719702,380.85673235290506,1,False
valid_2025_12,2025-12-05,anchor_rank_le5_support2,32,73,2,3,29.0,1.3333333333333333,3.824215123734386,-0.03637422163717474,3251.5681303301076,3476.7926416020778,4598.152699291483,3632.4248626830126,-225.2245112719702,380.85673235290506,1,False
valid_2025_12,2025-12-06,anchor_top1,48,71,1,1,10.0,1.0,4.188349912100579,0.0,437.4531594385513,437.4531594385513,1382.2635419667454,437.4531594385513,0.0,0.0,0,False
valid_2025_12,2025-12-06,support_then_anchor_rank,48,71,1,1,10.0,1.0,4.188349912100579,0.0,437.4531594385513,437.4531594385513,1382.2635419667454,437.4531594385513,0.0,0.0,0,False
valid_2025_12,2025-12-06,support2_then_anchor_rank,48,71,1,1,10.0,1.0,4.188349912100579,0.0,437.4531594385513,437.4531594385513,1382.2635419667454,437.4531594385513,0.0,0.0,0,False
valid_2025_12,2025-12-06,unanimous_then_anchor_rank,48,71,1,1,10.0,1.0,4.188349912100579,0.0,437.4531594385513,437.4531594385513,1382.2635419667454,437.4531594385513,0.0,0.0,0,False
valid_2025_12,2025-12-06,support_score,48,71,1,1,10.0,1.0,4.188349912100579,0.0,437.4531594385513,437.4531594385513,1382.2635419667454,437.4531594385513,0.0,0.0,0,False
valid_2025_12,2025-12-06,anchor_rank_le5_support2,48,71,1,1,10.0,1.0,4.188349912100579,0.0,437.4531594385513,437.4531594385513,1382.2635419667454,437.4531594385513,0.0,0.0,0,False
valid_2025_12,2025-12-07,anchor_top1,49,71,1,3,17.0,5.333333333333333,10.094467830823914,0.0,10275.798734493448,10275.798734493448,15016.02787207711,10816.630246835208,0.0,540.8315123417597,0,False
valid_2025_12,2025-12-07,support_then_anchor_rank,49,71,1,3,17.0,5.333333333333333,10.094467830823914,0.0,10275.798734493448,10275.798734493448,15016.02787207711,10816.630246835208,0.0,540.8315123417597,0,False
valid_2025_12,2025-12-07,support2_then_anchor_rank,49,71,1,3,17.0,5.333333333333333,10.094467830823914,0.0,10275.798734493448,10275.798734493448,15016.02787207711,10816.630246835208,0.0,540.8315123417597,0,False
valid_2025_12,2025-12-07,unanimous_then_anchor_rank,49,71,1,3,17.0,5.333333333333333,10.094467830823914,0.0,10275.798734493448,10275.798734493448,15016.02787207711,10816.630246835208,0.0,540.8315123417597,0,False
valid_2025_12,2025-12-07,support_score,49,69,5,3,25.0,2.6666666666666665,10.295006438994116,-0.20053860817020208,10021.28978750909,10275.798734493448,15016.02787207711,10816.630246835208,-254.50894698435877,795.3404593261184,1,False
valid_2025_12,2025-12-07,anchor_rank_le5_support2,49,71,1,3,17.0,5.333333333333333,10.094467830823914,0.0,10275.798734493448,10275.798734493448,15016.02787207711,10816.630246835208,0.0,540.8315123417597,0,False
valid_2025_12,2025-12-08,anchor_top1,49,71,1,2,15.0,3.5,7.062255648645639,0.0,6468.201726324775,6468.201726324775,7915.8517981336445,6468.201726324775,0.0,0.0,0,False
valid_2025_12,2025-12-08,support_then_anchor_rank,49,71,1,2,15.0,3.5,7.062255648645639,0.0,6468.201726324775,6468.201726324775,7915.8517981336445,6468.201726324775,0.0,0.0,0,False
valid_2025_12,2025-12-08,support2_then_anchor_rank,49,71,1,2,15.0,3.5,7.062255648645639,0.0,6468.201726324775,6468.201726324775,7915.8517981336445,6468.201726324775,0.0,0.0,0,False
valid_2025_12,2025-12-08,unanimous_then_anchor_rank,49,71,1,2,15.0,3.5,7.062255648645639,0.0,6468.201726324775,6468.201726324775,7915.8517981336445,6468.201726324775,0.0,0.0,0,False
valid_2025_12,2025-12-08,support_score,48,71,2,2,17.0,2.5,7.070289879816034,-0.008034231170395145,6468.201726324775,6468.201726324775,7915.8517981336445,6468.201726324775,0.0,0.0,1,False
valid_2025_12,2025-12-08,anchor_rank_le5_support2,49,71,1,2,15.0,3.5,7.062255648645639,0.0,6468.201726324775,6468.201726324775,7915.8517981336445,6468.201726324775,0.0,0.0,0,False
valid_2025_12,2025-12-09,anchor_top1,51,71,1,3,27.0,2.0,10.39051882897429,0.0,9957.662550763,9957.662550763,10593.934918223888,9957.662550763,0.0,0.0,0,False
valid_2025_12,2025-12-09,support_then_anchor_rank,51,71,1,3,27.0,2.0,10.39051882897429,0.0,9957.662550763,9957.662550763,10593.934918223888,9957.662550763,0.0,0.0,0,False
valid_2025_12,2025-12-09,support2_then_anchor_rank,51,71,1,3,27.0,2.0,10.39051882897429,0.0,9957.662550763,9957.662550763,10593.934918223888,9957.662550763,0.0,0.0,0,False
valid_2025_12,2025-12-09,unanimous_then_anchor_rank,51,71,1,3,27.0,2.0,10.39051882897429,0.0,9957.662550763,9957.662550763,10593.934918223888,9957.662550763,0.0,0.0,0,False
valid_2025_12,2025-12-09,support_score,49,71,2,3,29.0,1.3333333333333333,10.329380405817961,0.061138423156329225,9957.662550763,9957.662550763,10593.934918223888,9957.662550763,0.0,0.0,1,False
valid_2025_12,2025-12-09,anchor_rank_le5_support2,51,71,1,3,27.0,2.0,10.39051882897429,0.0,9957.662550763,9957.662550763,10593.934918223888,9957.662550763,0.0,0.0,0,False
valid_2025_12,2025-12-10,anchor_top1,49,88,1,3,23.0,3.3333333333333335,16.53472961685121,0.0,3242.2944605743646,3242.2944605743646,7441.205337455181,6262.844819726771,0.0,3020.550359152406,0,False
valid_2025_12,2025-12-10,support_then_anchor_rank,49,88,1,3,23.0,3.3333333333333335,16.53472961685121,0.0,3242.2944605743646,3242.2944605743646,7441.205337455181,6262.844819726771,0.0,3020.550359152406,0,False
valid_2025_12,2025-12-10,support2_then_anchor_rank,49,88,1,3,23.0,3.3333333333333335,16.53472961685121,0.0,3242.2944605743646,3242.2944605743646,7441.205337455181,6262.844819726771,0.0,3020.550359152406,0,False
valid_2025_12,2025-12-10,unanimous_then_anchor_rank,49,88,1,3,23.0,3.3333333333333335,16.53472961685121,0.0,3242.2944605743646,3242.2944605743646,7441.205337455181,6262.844819726771,0.0,3020.550359152406,0,False
valid_2025_12,2025-12-10,support_score,51,88,3,3,27.0,2.0,16.504381108125116,0.030348508726092405,5212.995413416295,3242.2944605743646,7441.205337455181,6262.844819726771,1970.7009528419308,1049.8494063104754,1,False
valid_2025_12,2025-12-10,anchor_rank_le5_support2,49,88,1,3,23.0,3.3333333333333335,16.53472961685121,0.0,3242.2944605743646,3242.2944605743646,7441.205337455181,6262.844819726771,0.0,3020.550359152406,0,False
valid_2025_12,2025-12-11,anchor_top1,53,66,1,3,30.0,1.0,3.443231463880778,0.0,4474.903560352472,4474.903560352472,25769.0308821662,6116.374920737272,0.0,1641.4713603848004,0,False
valid_2025_12,2025-12-11,support_then_anchor_rank,53,66,1,3,30.0,1.0,3.443231463880778,0.0,4474.903560352472,4474.903560352472,25769.0308821662,6116.374920737272,0.0,1641.4713603848004,0,False
valid_2025_12,2025-12-11,support2_then_anchor_rank,53,66,1,3,30.0,1.0,3.443231463880778,0.0,4474.903560352472,4474.903560352472,25769.0308821662,6116.374920737272,0.0,1641.4713603848004,0,False
valid_2025_12,2025-12-11,unanimous_then_anchor_rank,53,66,1,3,30.0,1.0,3.443231463880778,0.0,4474.903560352472,4474.903560352472,25769.0308821662,6116.374920737272,0.0,1641.4713603848004,0,False
valid_2025_12,2025-12-11,support_score,53,66,1,3,30.0,1.0,3.443231463880778,0.0,4474.903560352472,4474.903560352472,25769.0308821662,6116.374920737272,0.0,1641.4713603848004,0,False
valid_2025_12,2025-12-11,anchor_rank_le5_support2,53,66,1,3,30.0,1.0,3.443231463880778,0.0,4474.903560352472,4474.903560352472,25769.0308821662,6116.374920737272,0.0,1641.4713603848004,0,False
valid_2025_12,2025-12-12,anchor_top1,53,73,1,1,10.0,1.0,3.892656554817073,0.0,-12550.12249836404,-12550.12249836404,9467.73282781811,-9394.211555758002,0.0,3155.9109426060386,0,False
valid_2025_12,2025-12-12,support_then_anchor_rank,53,68,7,3,23.0,3.3333333333333335,4.049524057319466,-0.15686750250239356,-10239.801625304346,-12550.12249836404,9467.73282781811,-9394.211555758002,2310.3208730596943,845.5900695463442,1,False
valid_2025_12,2025-12-12,support2_then_anchor_rank,53,69,4,2,16.0,3.0,4.069034503464387,-0.17637794864731404,-11244.29753726221,-12550.12249836404,9467.73282781811,-9394.211555758002,1305.824961101831,1850.0859815042077,1,False
valid_2025_12,2025-12-12,unanimous_then_anchor_rank,53,68,7,3,23.0,3.3333333333333335,4.049524057319466,-0.15686750250239356,-10239.801625304346,-12550.12249836404,9467.73282781811,-9394.211555758002,2310.3208730596943,845.5900695463442,1,False
valid_2025_12,2025-12-12,support_score,53,68,7,3,23.0,3.3333333333333335,4.049524057319466,-0.15686750250239356,-10239.801625304346,-12550.12249836404,9467.73282781811,-9394.211555758002,2310.3208730596943,845.5900695463442,1,False
valid_2025_12,2025-12-12,anchor_rank_le5_support2,53,69,4,2,16.0,3.0,4.069034503464387,-0.17637794864731404,-11244.29753726221,-12550.12249836404,9467.73282781811,-9394.211555758002,1305.824961101831,1850.0859815042077,1,False
valid_2025_12,2025-12-13,anchor_top1,48,68,1,3,30.0,1.0,6.944680332872965,0.0,3713.209183817685,3713.209183817685,4825.562806145685,3713.209183817685,0.0,0.0,0,False
valid_2025_12,2025-12-13,support_then_anchor_rank,48,68,1,3,30.0,1.0,6.944680332872965,0.0,3713.209183817685,3713.209183817685,4825.562806145685,3713.209183817685,0.0,0.0,0,False
valid_2025_12,2025-12-13,support2_then_anchor_rank,48,68,1,3,30.0,1.0,6.944680332872965,0.0,3713.209183817685,3713.209183817685,4825.562806145685,3713.209183817685,0.0,0.0,0,False
valid_2025_12,2025-12-13,unanimous_then_anchor_rank,48,68,1,3,30.0,1.0,6.944680332872965,0.0,3713.209183817685,3713.209183817685,4825.562806145685,3713.209183817685,0.0,0.0,0,False
valid_2025_12,2025-12-13,support_score,48,68,1,3,30.0,1.0,6.944680332872965,0.0,3713.209183817685,3713.209183817685,4825.562806145685,3713.209183817685,0.0,0.0,0,False
valid_2025_12,2025-12-13,anchor_rank_le5_support2,48,68,1,3,30.0,1.0,6.944680332872965,0.0,3713.209183817685,3713.209183817685,4825.562806145685,3713.209183817685,0.0,0.0,0,False
valid_2025_12,2025-12-14,anchor_top1,55,68,1,1,10.0,1.0,6.9061161705475955,0.0,2664.708674926226,2664.708674926226,3981.9356368529616,3106.9179703115483,0.0,442.2092953853221,0,False
valid_2025_12,2025-12-14,support_then_anchor_rank,49,68,2,3,22.0,3.6666666666666665,6.7841097126478385,0.12200645789975706,2664.708674926226,2664.708674926226,3981.9356368529616,3106.9179703115483,0.0,442.2092953853221,1,False
valid_2025_12,2025-12-14,support2_then_anchor_rank,49,68,2,3,22.0,3.6666666666666665,6.7841097126478385,0.12200645789975706,2664.708674926226,2664.708674926226,3981.9356368529616,3106.9179703115483,0.0,442.2092953853221,1,False
valid_2025_12,2025-12-14,unanimous_then_anchor_rank,49,68,2,3,22.0,3.6666666666666665,6.7841097126478385,0.12200645789975706,2664.708674926226,2664.708674926226,3981.9356368529616,3106.9179703115483,0.0,442.2092953853221,1,False
valid_2025_12,2025-12-14,support_score,49,68,2,3,22.0,3.6666666666666665,6.7841097126478385,0.12200645789975706,2664.708674926226,2664.708674926226,3981.9356368529616,3106.9179703115483,0.0,442.2092953853221,1,False
valid_2025_12,2025-12-14,anchor_rank_le5_support2,49,68,2,3,22.0,3.6666666666666665,6.7841097126478385,0.12200645789975706,2664.708674926226,2664.708674926226,3981.9356368529616,3106.9179703115483,0.0,442.2092953853221,1,False
valid_2025_12,2025-12-15,anchor_top1,46,78,1,3,29.0,1.3333333333333333,13.156621856464179,0.0,11961.920508264817,11961.920508264817,11961.920508264839,11961.920508264817,0.0,0.0,0,False
valid_2025_12,2025-12-15,support_then_anchor_rank,46,78,1,3,29.0,1.3333333333333333,13.156621856464179,0.0,11961.920508264817,11961.920508264817,11961.920508264839,11961.920508264817,0.0,0.0,0,False
valid_2025_12,2025-12-15,support2_then_anchor_rank,46,78,1,3,29.0,1.3333333333333333,13.156621856464179,0.0,11961.920508264817,11961.920508264817,11961.920508264839,11961.920508264817,0.0,0.0,0,False
valid_2025_12,2025-12-15,unanimous_then_anchor_rank,46,78,1,3,29.0,1.3333333333333333,13.156621856464179,0.0,11961.920508264817,11961.920508264817,11961.920508264839,11961.920508264817,0.0,0.0,0,False
valid_2025_12,2025-12-15,support_score,46,78,1,3,29.0,1.3333333333333333,13.156621856464179,0.0,11961.920508264817,11961.920508264817,11961.920508264839,11961.920508264817,0.0,0.0,0,False
valid_2025_12,2025-12-15,anchor_rank_le5_support2,46,78,1,3,29.0,1.3333333333333333,13.156621856464179,0.0,11961.920508264817,11961.920508264817,11961.920508264839,11961.920508264817,0.0,0.0,0,False
valid_2025_12,2025-12-16,anchor_top1,52,66,1,2,16.0,3.0,8.57522752588659,0.0,9480.458275167328,9480.458275167328,9575.899130286458,9480.458275167328,0.0,0.0,0,False
valid_2025_12,2025-12-16,support_then_anchor_rank,51,66,2,3,17.0,5.333333333333333,8.53280476688576,0.04242275900082859,9480.458275167328,9480.458275167328,9575.899130286458,9480.458275167328,0.0,0.0,1,False
valid_2025_12,2025-12-16,support2_then_anchor_rank,52,66,1,2,16.0,3.0,8.57522752588659,0.0,9480.458275167328,9480.458275167328,9575.899130286458,9480.458275167328,0.0,0.0,0,False
valid_2025_12,2025-12-16,unanimous_then_anchor_rank,51,66,2,3,17.0,5.333333333333333,8.53280476688576,0.04242275900082859,9480.458275167328,9480.458275167328,9575.899130286458,9480.458275167328,0.0,0.0,1,False
valid_2025_12,2025-12-16,support_score,51,66,2,3,17.0,5.333333333333333,8.53280476688576,0.04242275900082859,9480.458275167328,9480.458275167328,9575.899130286458,9480.458275167328,0.0,0.0,1,False
valid_2025_12,2025-12-16,anchor_rank_le5_support2,51,66,2,3,17.0,5.333333333333333,8.53280476688576,0.04242275900082859,9480.458275167328,9480.458275167328,9575.899130286458,9480.458275167328,0.0,0.0,1,False
valid_2025_12,2025-12-17,anchor_top1,48,71,1,3,27.0,2.0,6.522478580322975,0.0,6396.239321564947,6396.239321564947,7365.352127168304,6971.299105914267,0.0,575.0597843493197,0,False
valid_2025_12,2025-12-17,support_then_anchor_rank,48,71,1,3,27.0,2.0,6.522478580322975,0.0,6396.239321564947,6396.239321564947,7365.352127168304,6971.299105914267,0.0,575.0597843493197,0,False
valid_2025_12,2025-12-17,support2_then_anchor_rank,48,71,1,3,27.0,2.0,6.522478580322975,0.0,6396.239321564947,6396.239321564947,7365.352127168304,6971.299105914267,0.0,575.0597843493197,0,False
valid_2025_12,2025-12-17,unanimous_then_anchor_rank,48,71,1,3,27.0,2.0,6.522478580322975,0.0,6396.239321564947,6396.239321564947,7365.352127168304,6971.299105914267,0.0,575.0597843493197,0,False
valid_2025_12,2025-12-17,support_score,48,71,1,3,27.0,2.0,6.522478580322975,0.0,6396.239321564947,6396.239321564947,7365.352127168304,6971.299105914267,0.0,575.0597843493197,0,False
valid_2025_12,2025-12-17,anchor_rank_le5_support2,48,71,1,3,27.0,2.0,6.522478580322975,0.0,6396.239321564947,6396.239321564947,7365.352127168304,6971.299105914267,0.0,575.0597843493197,0,False
valid_2025_12,2025-12-18,anchor_top1,48,73,1,1,10.0,1.0,3.953534718933568,0.0,373.62549689671187,373.62549689671187,4304.280762294158,373.62549689671187,0.0,0.0,0,False
valid_2025_12,2025-12-18,support_then_anchor_rank,48,75,4,3,27.0,2.0,4.1325971535682555,-0.1790624346346874,19.434939464092913,373.62549689671187,4304.280762294158,373.62549689671187,-354.19055743261896,354.19055743261896,1,False
valid_2025_12,2025-12-18,support2_then_anchor_rank,48,75,4,3,27.0,2.0,4.1325971535682555,-0.1790624346346874,19.434939464092913,373.62549689671187,4304.280762294158,373.62549689671187,-354.19055743261896,354.19055743261896,1,False
valid_2025_12,2025-12-18,unanimous_then_anchor_rank,48,75,4,3,27.0,2.0,4.1325971535682555,-0.1790624346346874,19.434939464092913,373.62549689671187,4304.280762294158,373.62549689671187,-354.19055743261896,354.19055743261896,1,False
valid_2025_12,2025-12-18,support_score,48,75,4,3,27.0,2.0,4.1325971535682555,-0.1790624346346874,19.434939464092913,373.62549689671187,4304.280762294158,373.62549689671187,-354.19055743261896,354.19055743261896,1,False
valid_2025_12,2025-12-18,anchor_rank_le5_support2,48,75,4,3,27.0,2.0,4.1325971535682555,-0.1790624346346874,19.434939464092913,373.62549689671187,4304.280762294158,373.62549689671187,-354.19055743261896,354.19055743261896,1,False
valid_2025_12,2025-12-19,anchor_top1,16,71,1,3,24.0,3.0,9.182832439758482,0.0,8844.185907706433,8844.185907706433,8844.185907706438,8844.185907706433,0.0,0.0,0,False
valid_2025_12,2025-12-19,support_then_anchor_rank,16,71,1,3,24.0,3.0,9.182832439758482,0.0,8844.185907706433,8844.185907706433,8844.185907706438,8844.185907706433,0.0,0.0,0,False
valid_2025_12,2025-12-19,support2_then_anchor_rank,16,71,1,3,24.0,3.0,9.182832439758482,0.0,8844.185907706433,8844.185907706433,8844.185907706438,8844.185907706433,0.0,0.0,0,False
valid_2025_12,2025-12-19,unanimous_then_anchor_rank,16,71,1,3,24.0,3.0,9.182832439758482,0.0,8844.185907706433,8844.185907706433,8844.185907706438,8844.185907706433,0.0,0.0,0,False
valid_2025_12,2025-12-19,support_score,16,71,1,3,24.0,3.0,9.182832439758482,0.0,8844.185907706433,8844.185907706433,8844.185907706438,8844.185907706433,0.0,0.0,0,False
valid_2025_12,2025-12-19,anchor_rank_le5_support2,16,71,1,3,24.0,3.0,9.182832439758482,0.0,8844.185907706433,8844.185907706433,8844.185907706438,8844.185907706433,0.0,0.0,0,False
valid_2025_12,2025-12-20,anchor_top1,48,68,1,3,30.0,1.0,7.967676278282973,0.0,8969.184795655963,8969.184795655963,9255.507361013353,9255.507361013364,0.0,286.3225653574009,0,False
valid_2025_12,2025-12-20,support_then_anchor_rank,48,68,1,3,30.0,1.0,7.967676278282973,0.0,8969.184795655963,8969.184795655963,9255.507361013353,9255.507361013364,0.0,286.3225653574009,0,False
valid_2025_12,2025-12-20,support2_then_anchor_rank,48,68,1,3,30.0,1.0,7.967676278282973,0.0,8969.184795655963,8969.184795655963,9255.507361013353,9255.507361013364,0.0,286.3225653574009,0,False
valid_2025_12,2025-12-20,unanimous_then_anchor_rank,48,68,1,3,30.0,1.0,7.967676278282973,0.0,8969.184795655963,8969.184795655963,9255.507361013353,9255.507361013364,0.0,286.3225653574009,0,False
valid_2025_12,2025-12-20,support_score,48,68,1,3,30.0,1.0,7.967676278282973,0.0,8969.184795655963,8969.184795655963,9255.507361013353,9255.507361013364,0.0,286.3225653574009,0,False
valid_2025_12,2025-12-20,anchor_rank_le5_support2,48,68,1,3,30.0,1.0,7.967676278282973,0.0,8969.184795655963,8969.184795655963,9255.507361013353,9255.507361013364,0.0,286.3225653574009,0,False
valid_2025_12,2025-12-21,anchor_top1,48,68,1,3,30.0,1.0,5.901462472174458,0.0,5987.322977807017,5987.322977807017,7005.358765744447,6050.950214553106,0.0,63.62723674608878,0,False
valid_2025_12,2025-12-21,support_then_anchor_rank,48,68,1,3,30.0,1.0,5.901462472174458,0.0,5987.322977807017,5987.322977807017,7005.358765744447,6050.950214553106,0.0,63.62723674608878,0,False
valid_2025_12,2025-12-21,support2_then_anchor_rank,48,68,1,3,30.0,1.0,5.901462472174458,0.0,5987.322977807017,5987.322977807017,7005.358765744447,6050.950214553106,0.0,63.62723674608878,0,False
valid_2025_12,2025-12-21,unanimous_then_anchor_rank,48,68,1,3,30.0,1.0,5.901462472174458,0.0,5987.322977807017,5987.322977807017,7005.358765744447,6050.950214553106,0.0,63.62723674608878,0,False
valid_2025_12,2025-12-21,support_score,48,68,1,3,30.0,1.0,5.901462472174458,0.0,5987.322977807017,5987.322977807017,7005.358765744447,6050.950214553106,0.0,63.62723674608878,0,False
valid_2025_12,2025-12-21,anchor_rank_le5_support2,48,68,1,3,30.0,1.0,5.901462472174458,0.0,5987.322977807017,5987.322977807017,7005.358765744447,6050.950214553106,0.0,63.62723674608878,0,False
valid_2025_12,2025-12-22,anchor_top1,49,73,1,3,29.0,1.3333333333333333,3.8664000335130524,0.0,3240.2615703603274,3240.2615703603274,4748.357517077976,4014.69411969168,0.0,774.4325493313527,0,False
valid_2025_12,2025-12-22,support_then_anchor_rank,49,73,1,3,29.0,1.3333333333333333,3.8664000335130524,0.0,3240.2615703603274,3240.2615703603274,4748.357517077976,4014.69411969168,0.0,774.4325493313527,0,False
valid_2025_12,2025-12-22,support2_then_anchor_rank,49,73,1,3,29.0,1.3333333333333333,3.8664000335130524,0.0,3240.2615703603274,3240.2615703603274,4748.357517077976,4014.69411969168,0.0,774.4325493313527,0,False
valid_2025_12,2025-12-22,unanimous_then_anchor_rank,49,73,1,3,29.0,1.3333333333333333,3.8664000335130524,0.0,3240.2615703603274,3240.2615703603274,4748.357517077976,4014.69411969168,0.0,774.4325493313527,0,False
valid_2025_12,2025-12-22,support_score,49,73,1,3,29.0,1.3333333333333333,3.8664000335130524,0.0,3240.2615703603274,3240.2615703603274,4748.357517077976,4014.69411969168,0.0,774.4325493313527,0,False
valid_2025_12,2025-12-22,anchor_rank_le5_support2,49,73,1,3,29.0,1.3333333333333333,3.8664000335130524,0.0,3240.2615703603274,3240.2615703603274,4748.357517077976,4014.69411969168,0.0,774.4325493313527,0,False
valid_2025_12,2025-12-23,anchor_top1,0,69,1,3,27.0,2.0,10.1871467583978,0.0,9490.508197211371,9490.508197211371,10434.866826358677,9913.043950994803,0.0,422.5357537834316,0,False
valid_2025_12,2025-12-23,support_then_anchor_rank,0,69,1,3,27.0,2.0,10.1871467583978,0.0,9490.508197211371,9490.508197211371,10434.866826358677,9913.043950994803,0.0,422.5357537834316,0,False
valid_2025_12,2025-12-23,support2_then_anchor_rank,0,69,1,3,27.0,2.0,10.1871467583978,0.0,9490.508197211371,9490.508197211371,10434.866826358677,9913.043950994803,0.0,422.5357537834316,0,False
valid_2025_12,2025-12-23,unanimous_then_anchor_rank,0,69,1,3,27.0,2.0,10.1871467583978,0.0,9490.508197211371,9490.508197211371,10434.866826358677,9913.043950994803,0.0,422.5357537834316,0,False
valid_2025_12,2025-12-23,support_score,0,71,2,3,29.0,1.3333333333333333,9.959611134481671,0.22753562391612903,9363.253723719195,9490.508197211371,10434.866826358677,9913.043950994803,-127.25447349217575,549.7902272756073,1,False
valid_2025_12,2025-12-23,anchor_rank_le5_support2,0,69,1,3,27.0,2.0,10.1871467583978,0.0,9490.508197211371,9490.508197211371,10434.866826358677,9913.043950994803,0.0,422.5357537834316,0,False
valid_2025_12,2025-12-24,anchor_top1,48,73,1,2,16.0,3.0,9.392606852149754,0.0,8277.903500666238,8277.903500666238,9825.502417317697,8277.903500666238,0.0,0.0,0,False
valid_2025_12,2025-12-24,support_then_anchor_rank,48,73,1,2,16.0,3.0,9.392606852149754,0.0,8277.903500666238,8277.903500666238,9825.502417317697,8277.903500666238,0.0,0.0,0,False
valid_2025_12,2025-12-24,support2_then_anchor_rank,48,73,1,2,16.0,3.0,9.392606852149754,0.0,8277.903500666238,8277.903500666238,9825.502417317697,8277.903500666238,0.0,0.0,0,False
valid_2025_12,2025-12-24,unanimous_then_anchor_rank,48,73,1,2,16.0,3.0,9.392606852149754,0.0,8277.903500666238,8277.903500666238,9825.502417317697,8277.903500666238,0.0,0.0,0,False
valid_2025_12,2025-12-24,support_score,48,75,3,2,18.0,2.0,9.598680973793808,-0.20607412164405403,8058.854012720475,8277.903500666238,9825.502417317697,8277.903500666238,-219.04948794576285,219.04948794576285,1,False
valid_2025_12,2025-12-24,anchor_rank_le5_support2,48,73,1,2,16.0,3.0,9.392606852149754,0.0,8277.903500666238,8277.903500666238,9825.502417317697,8277.903500666238,0.0,0.0,0,False
valid_2025_12,2025-12-25,anchor_top1,48,69,1,3,30.0,1.0,11.202753792994862,0.0,11001.750510786114,11001.750510786114,11095.330269230424,11024.39226298221,0.0,22.641752196095695,0,False
valid_2025_12,2025-12-25,support_then_anchor_rank,48,69,1,3,30.0,1.0,11.202753792994862,0.0,11001.750510786114,11001.750510786114,11095.330269230424,11024.39226298221,0.0,22.641752196095695,0,False
valid_2025_12,2025-12-25,support2_then_anchor_rank,48,69,1,3,30.0,1.0,11.202753792994862,0.0,11001.750510786114,11001.750510786114,11095.330269230424,11024.39226298221,0.0,22.641752196095695,0,False
valid_2025_12,2025-12-25,unanimous_then_anchor_rank,48,69,1,3,30.0,1.0,11.202753792994862,0.0,11001.750510786114,11001.750510786114,11095.330269230424,11024.39226298221,0.0,22.641752196095695,0,False
valid_2025_12,2025-12-25,support_score,48,69,1,3,30.0,1.0,11.202753792994862,0.0,11001.750510786114,11001.750510786114,11095.330269230424,11024.39226298221,0.0,22.641752196095695,0,False
valid_2025_12,2025-12-25,anchor_rank_le5_support2,48,69,1,3,30.0,1.0,11.202753792994862,0.0,11001.750510786114,11001.750510786114,11095.330269230424,11024.39226298221,0.0,22.641752196095695,0,False
valid_2025_12,2025-12-26,anchor_top1,49,88,1,3,28.0,1.6666666666666667,9.725692718880047,0.0,3082.6091845127035,3082.6091845127035,7346.6202686702645,4916.960150369603,0.0,1834.3509658568996,0,False
valid_2025_12,2025-12-26,support_then_anchor_rank,49,88,1,3,28.0,1.6666666666666667,9.725692718880047,0.0,3082.6091845127035,3082.6091845127035,7346.6202686702645,4916.960150369603,0.0,1834.3509658568996,0,False
valid_2025_12,2025-12-26,support2_then_anchor_rank,49,88,1,3,28.0,1.6666666666666667,9.725692718880047,0.0,3082.6091845127035,3082.6091845127035,7346.6202686702645,4916.960150369603,0.0,1834.3509658568996,0,False
valid_2025_12,2025-12-26,unanimous_then_anchor_rank,49,88,1,3,28.0,1.6666666666666667,9.725692718880047,0.0,3082.6091845127035,3082.6091845127035,7346.6202686702645,4916.960150369603,0.0,1834.3509658568996,0,False
valid_2025_12,2025-12-26,support_score,49,88,1,3,28.0,1.6666666666666667,9.725692718880047,0.0,3082.6091845127035,3082.6091845127035,7346.6202686702645,4916.960150369603,0.0,1834.3509658568996,0,False
valid_2025_12,2025-12-26,anchor_rank_le5_support2,49,88,1,3,28.0,1.6666666666666667,9.725692718880047,0.0,3082.6091845127035,3082.6091845127035,7346.6202686702645,4916.960150369603,0.0,1834.3509658568996,0,False
valid_2025_12,2025-12-27,anchor_top1,49,68,1,3,26.0,2.3333333333333335,6.092822723996967,0.0,1958.4749793011683,1958.4749793011683,7411.5804960261685,3818.464540204903,0.0,1859.9895609037349,0,False
valid_2025_12,2025-12-27,support_then_anchor_rank,49,68,1,3,26.0,2.3333333333333335,6.092822723996967,0.0,1958.4749793011683,1958.4749793011683,7411.5804960261685,3818.464540204903,0.0,1859.9895609037349,0,False
valid_2025_12,2025-12-27,support2_then_anchor_rank,49,68,1,3,26.0,2.3333333333333335,6.092822723996967,0.0,1958.4749793011683,1958.4749793011683,7411.5804960261685,3818.464540204903,0.0,1859.9895609037349,0,False
valid_2025_12,2025-12-27,unanimous_then_anchor_rank,49,68,1,3,26.0,2.3333333333333335,6.092822723996967,0.0,1958.4749793011683,1958.4749793011683,7411.5804960261685,3818.464540204903,0.0,1859.9895609037349,0,False
valid_2025_12,2025-12-27,support_score,49,69,2,3,28.0,1.6666666666666667,6.082211263514438,0.010611460482529367,2349.228928329928,1958.4749793011683,7411.5804960261685,3818.464540204903,390.7539490287595,1469.2356118749753,1,False
valid_2025_12,2025-12-27,anchor_rank_le5_support2,49,68,1,3,26.0,2.3333333333333335,6.092822723996967,0.0,1958.4749793011683,1958.4749793011683,7411.5804960261685,3818.464540204903,0.0,1859.9895609037349,0,False
valid_2025_12,2025-12-28,anchor_top1,48,71,1,2,19.0,1.5,9.824804927905728,0.0,11889.188213940359,11889.188213940359,11889.188213940359,11889.188213940359,0.0,0.0,0,True
valid_2025_12,2025-12-28,support_then_anchor_rank,48,71,1,2,19.0,1.5,9.824804927905728,0.0,11889.188213940359,11889.188213940359,11889.188213940359,11889.188213940359,0.0,0.0,0,True
valid_2025_12,2025-12-28,support2_then_anchor_rank,48,71,1,2,19.0,1.5,9.824804927905728,0.0,11889.188213940359,11889.188213940359,11889.188213940359,11889.188213940359,0.0,0.0,0,True
valid_2025_12,2025-12-28,unanimous_then_anchor_rank,48,71,1,2,19.0,1.5,9.824804927905728,0.0,11889.188213940359,11889.188213940359,11889.188213940359,11889.188213940359,0.0,0.0,0,True
valid_2025_12,2025-12-28,support_score,48,71,1,2,19.0,1.5,9.824804927905728,0.0,11889.188213940359,11889.188213940359,11889.188213940359,11889.188213940359,0.0,0.0,0,True
valid_2025_12,2025-12-28,anchor_rank_le5_support2,48,71,1,2,19.0,1.5,9.824804927905728,0.0,11889.188213940359,11889.188213940359,11889.188213940359,11889.188213940359,0.0,0.0,0,True
valid_2025_12,2025-12-29,anchor_top1,49,88,1,3,19.0,4.666666666666667,12.147158574565545,0.0,11056.1072591383,11056.1072591383,12388.222994463604,11102.952812192609,0.0,46.845553054308766,0,False
valid_2025_12,2025-12-29,support_then_anchor_rank,49,88,1,3,19.0,4.666666666666667,12.147158574565545,0.0,11056.1072591383,11056.1072591383,12388.222994463604,11102.952812192609,0.0,46.845553054308766,0,False
valid_2025_12,2025-12-29,support2_then_anchor_rank,49,88,1,3,19.0,4.666666666666667,12.147158574565545,0.0,11056.1072591383,11056.1072591383,12388.222994463604,11102.952812192609,0.0,46.845553054308766,0,False
valid_2025_12,2025-12-29,unanimous_then_anchor_rank,49,88,1,3,19.0,4.666666666666667,12.147158574565545,0.0,11056.1072591383,11056.1072591383,12388.222994463604,11102.952812192609,0.0,46.845553054308766,0,False
valid_2025_12,2025-12-29,support_score,49,88,1,3,19.0,4.666666666666667,12.147158574565545,0.0,11056.1072591383,11056.1072591383,12388.222994463604,11102.952812192609,0.0,46.845553054308766,0,False
valid_2025_12,2025-12-29,anchor_rank_le5_support2,49,88,1,3,19.0,4.666666666666667,12.147158574565545,0.0,11056.1072591383,11056.1072591383,12388.222994463604,11102.952812192609,0.0,46.845553054308766,0,False
valid_2025_12,2025-12-30,anchor_top1,51,68,1,3,30.0,1.0,11.895717019838642,0.0,7380.759462546374,7380.759462546374,31559.109426060346,7667.082027903777,0.0,286.3225653574027,0,False
valid_2025_12,2025-12-30,support_then_anchor_rank,51,68,1,3,30.0,1.0,11.895717019838642,0.0,7380.759462546374,7380.759462546374,31559.109426060346,7667.082027903777,0.0,286.3225653574027,0,False
valid_2025_12,2025-12-30,support2_then_anchor_rank,51,68,1,3,30.0,1.0,11.895717019838642,0.0,7380.759462546374,7380.759462546374,31559.109426060346,7667.082027903777,0.0,286.3225653574027,0,False
valid_2025_12,2025-12-30,unanimous_then_anchor_rank,51,68,1,3,30.0,1.0,11.895717019838642,0.0,7380.759462546374,7380.759462546374,31559.109426060346,7667.082027903777,0.0,286.3225653574027,0,False
valid_2025_12,2025-12-30,support_score,51,68,1,3,30.0,1.0,11.895717019838642,0.0,7380.759462546374,7380.759462546374,31559.109426060346,7667.082027903777,0.0,286.3225653574027,0,False
valid_2025_12,2025-12-30,anchor_rank_le5_support2,51,68,1,3,30.0,1.0,11.895717019838642,0.0,7380.759462546374,7380.759462546374,31559.109426060346,7667.082027903777,0.0,286.3225653574027,0,False
valid_2025_12,2025-12-31,anchor_top1,55,66,1,3,26.0,2.3333333333333335,7.215587784157535,0.0,2735.9711800818473,2735.9711800818473,22576.10161322132,3054.1073638122925,0.0,318.1361837304453,0,False
valid_2025_12,2025-12-31,support_then_anchor_rank,55,66,1,3,26.0,2.3333333333333335,7.215587784157535,0.0,2735.9711800818473,2735.9711800818473,22576.10161322132,3054.1073638122925,0.0,318.1361837304453,0,False
valid_2025_12,2025-12-31,support2_then_anchor_rank,55,66,1,3,26.0,2.3333333333333335,7.215587784157535,0.0,2735.9711800818473,2735.9711800818473,22576.10161322132,3054.1073638122925,0.0,318.1361837304453,0,False
valid_2025_12,2025-12-31,unanimous_then_anchor_rank,55,66,1,3,26.0,2.3333333333333335,7.215587784157535,0.0,2735.9711800818473,2735.9711800818473,22576.10161322132,3054.1073638122925,0.0,318.1361837304453,0,False
valid_2025_12,2025-12-31,support_score,55,66,1,3,26.0,2.3333333333333335,7.215587784157535,0.0,2735.9711800818473,2735.9711800818473,22576.10161322132,3054.1073638122925,0.0,318.1361837304453,0,False
valid_2025_12,2025-12-31,anchor_rank_le5_support2,55,66,1,3,26.0,2.3333333333333335,7.215587784157535,0.0,2735.9711800818473,2735.9711800818473,22576.10161322132,3054.1073638122925,0.0,318.1361837304453,0,False
valid_2025_jan_feb,2025-01-02,anchor_top1,55,69,1,3,30.0,1.0,5.172303902571755,0.0,9925.848932389954,9925.848932389954,9957.662550763003,9957.662550763,0.0,31.813618373045756,0,False
valid_2025_jan_feb,2025-01-02,support_then_anchor_rank,55,69,1,3,30.0,1.0,5.172303902571755,0.0,9925.848932389954,9925.848932389954,9957.662550763003,9957.662550763,0.0,31.813618373045756,0,False
valid_2025_jan_feb,2025-01-02,support2_then_anchor_rank,55,69,1,3,30.0,1.0,5.172303902571755,0.0,9925.848932389954,9925.848932389954,9957.662550763003,9957.662550763,0.0,31.813618373045756,0,False
valid_2025_jan_feb,2025-01-02,unanimous_then_anchor_rank,55,69,1,3,30.0,1.0,5.172303902571755,0.0,9925.848932389954,9925.848932389954,9957.662550763003,9957.662550763,0.0,31.813618373045756,0,False
valid_2025_jan_feb,2025-01-02,support_score,55,69,1,3,30.0,1.0,5.172303902571755,0.0,9925.848932389954,9925.848932389954,9957.662550763003,9957.662550763,0.0,31.813618373045756,0,False
valid_2025_jan_feb,2025-01-02,anchor_rank_le5_support2,55,69,1,3,30.0,1.0,5.172303902571755,0.0,9925.848932389954,9925.848932389954,9957.662550763003,9957.662550763,0.0,31.813618373045756,0,False
valid_2025_jan_feb,2025-01-03,anchor_top1,52,71,1,2,14.0,4.0,4.279154331885593,0.0,8980.310018001017,8980.310018001017,9307.2076722314,9307.207672231401,0.0,326.89765423038443,0,False
valid_2025_jan_feb,2025-01-03,support_then_anchor_rank,49,69,9,3,10.0,7.666666666666667,4.410493819029384,-0.13133948714379073,9211.766817112266,8980.310018001017,9307.2076722314,9307.207672231401,231.45679911124898,95.44085511913545,1,False
valid_2025_jan_feb,2025-01-03,support2_then_anchor_rank,52,71,1,2,14.0,4.0,4.279154331885593,0.0,8980.310018001017,8980.310018001017,9307.2076722314,9307.207672231401,0.0,326.89765423038443,0,False
valid_2025_jan_feb,2025-01-03,unanimous_then_anchor_rank,49,69,9,3,10.0,7.666666666666667,4.410493819029384,-0.13133948714379073,9211.766817112266,8980.310018001017,9307.2076722314,9307.207672231401,231.45679911124898,95.44085511913545,1,False
valid_2025_jan_feb,2025-01-03,support_score,49,68,10,3,16.0,5.666666666666667,4.40737949885505,-0.1282251669694574,9307.207672231401,8980.310018001017,9307.2076722314,9307.207672231401,326.89765423038443,0.0,1,False
valid_2025_jan_feb,2025-01-03,anchor_rank_le5_support2,52,71,1,2,14.0,4.0,4.279154331885593,0.0,8980.310018001017,8980.310018001017,9307.2076722314,9307.207672231401,0.0,326.89765423038443,0,False
valid_2025_jan_feb,2025-01-04,anchor_top1,52,73,1,3,22.0,3.6666666666666665,5.176553549727139,0.0,2628.7688302501974,2628.7688302501974,3539.1982354026404,2677.9240519983887,0.0,49.15522174819125,0,False
valid_2025_jan_feb,2025-01-04,support_then_anchor_rank,52,73,1,3,22.0,3.6666666666666665,5.176553549727139,0.0,2628.7688302501974,2628.7688302501974,3539.1982354026404,2677.9240519983887,0.0,49.15522174819125,0,False
valid_2025_jan_feb,2025-01-04,support2_then_anchor_rank,52,73,1,3,22.0,3.6666666666666665,5.176553549727139,0.0,2628.7688302501974,2628.7688302501974,3539.1982354026404,2677.9240519983887,0.0,49.15522174819125,0,False
valid_2025_jan_feb,2025-01-04,unanimous_then_anchor_rank,52,73,1,3,22.0,3.6666666666666665,5.176553549727139,0.0,2628.7688302501974,2628.7688302501974,3539.1982354026404,2677.9240519983887,0.0,49.15522174819125,0,False
valid_2025_jan_feb,2025-01-04,support_score,53,73,2,3,23.0,3.3333333333333335,5.185061962921292,-0.008508413194153519,2628.7688302501974,2628.7688302501974,3539.1982354026404,2677.9240519983887,0.0,49.15522174819125,1,False
valid_2025_jan_feb,2025-01-04,anchor_rank_le5_support2,52,73,1,3,22.0,3.6666666666666665,5.176553549727139,0.0,2628.7688302501974,2628.7688302501974,3539.1982354026404,2677.9240519983887,0.0,49.15522174819125,0,False
valid_2025_jan_feb,2025-01-05,anchor_top1,52,71,1,1,10.0,1.0,6.159028132292132,0.0,9162.322091436881,9162.322091436881,9216.494320802482,9162.322091436881,0.0,0.0,0,False
valid_2025_jan_feb,2025-01-05,support_then_anchor_rank,51,71,3,3,12.0,7.0,6.188675861604409,-0.029647729312276994,9162.322091436881,9162.322091436881,9216.494320802482,9162.322091436881,0.0,0.0,1,False
valid_2025_jan_feb,2025-01-05,support2_then_anchor_rank,51,71,3,3,12.0,7.0,6.188675861604409,-0.029647729312276994,9162.322091436881,9162.322091436881,9216.494320802482,9162.322091436881,0.0,0.0,1,False
valid_2025_jan_feb,2025-01-05,unanimous_then_anchor_rank,51,71,3,3,12.0,7.0,6.188675861604409,-0.029647729312276994,9162.322091436881,9162.322091436881,9216.494320802482,9162.322091436881,0.0,0.0,1,False
valid_2025_jan_feb,2025-01-05,support_score,49,71,4,3,27.0,2.0,6.117376766778165,0.04165136551396742,9162.322091436881,9162.322091436881,9216.494320802482,9162.322091436881,0.0,0.0,1,False
valid_2025_jan_feb,2025-01-05,anchor_rank_le5_support2,51,71,3,3,12.0,7.0,6.188675861604409,-0.029647729312276994,9162.322091436881,9162.322091436881,9216.494320802482,9162.322091436881,0.0,0.0,1,False
valid_2025_jan_feb,2025-01-07,anchor_top1,52,88,1,3,25.0,2.6666666666666665,6.78541265744515,0.0,9194.135709809927,9194.135709809927,9194.13570980992,9194.135709809927,0.0,0.0,0,False
valid_2025_jan_feb,2025-01-07,support_then_anchor_rank,52,88,1,3,25.0,2.6666666666666665,6.78541265744515,0.0,9194.135709809927,9194.135709809927,9194.13570980992,9194.135709809927,0.0,0.0,0,False
valid_2025_jan_feb,2025-01-07,support2_then_anchor_rank,52,88,1,3,25.0,2.6666666666666665,6.78541265744515,0.0,9194.135709809927,9194.135709809927,9194.13570980992,9194.135709809927,0.0,0.0,0,False
valid_2025_jan_feb,2025-01-07,unanimous_then_anchor_rank,52,88,1,3,25.0,2.6666666666666665,6.78541265744515,0.0,9194.135709809927,9194.135709809927,9194.13570980992,9194.135709809927,0.0,0.0,0,False
valid_2025_jan_feb,2025-01-07,support_score,55,88,2,3,29.0,1.3333333333333333,6.807586330413844,-0.022173672968694547,9194.135709809927,9194.135709809927,9194.13570980992,9194.135709809927,0.0,0.0,1,False
valid_2025_jan_feb,2025-01-07,anchor_rank_le5_support2,52,88,1,3,25.0,2.6666666666666665,6.78541265744515,0.0,9194.135709809927,9194.135709809927,9194.13570980992,9194.135709809927,0.0,0.0,0,False
valid_2025_jan_feb,2025-01-08,anchor_top1,53,88,1,3,23.0,3.3333333333333335,7.5190565575271435,0.0,28129.60136544615,28129.60136544615,34969.52931565073,31310.96320275062,0.0,3181.36183730447,0,False
valid_2025_jan_feb,2025-01-08,support_then_anchor_rank,53,88,1,3,23.0,3.3333333333333335,7.5190565575271435,0.0,28129.60136544615,28129.60136544615,34969.52931565073,31310.96320275062,0.0,3181.36183730447,0,False
valid_2025_jan_feb,2025-01-08,support2_then_anchor_rank,53,88,1,3,23.0,3.3333333333333335,7.5190565575271435,0.0,28129.60136544615,28129.60136544615,34969.52931565073,31310.96320275062,0.0,3181.36183730447,0,False
valid_2025_jan_feb,2025-01-08,unanimous_then_anchor_rank,53,88,1,3,23.0,3.3333333333333335,7.5190565575271435,0.0,28129.60136544615,28129.60136544615,34969.52931565073,31310.96320275062,0.0,3181.36183730447,0,False
valid_2025_jan_feb,2025-01-08,support_score,53,88,1,3,23.0,3.3333333333333335,7.5190565575271435,0.0,28129.60136544615,28129.60136544615,34969.52931565073,31310.96320275062,0.0,3181.36183730447,0,False
valid_2025_jan_feb,2025-01-08,anchor_rank_le5_support2,53,88,1,3,23.0,3.3333333333333335,7.5190565575271435,0.0,28129.60136544615,28129.60136544615,34969.52931565073,31310.96320275062,0.0,3181.36183730447,0,False
valid_2025_jan_feb,2025-01-09,anchor_top1,48,64,1,2,15.0,3.5,6.580763986180671,0.0,17432.055854904924,17432.055854904924,26363.71012496619,22863.194068143348,0.0,5431.138213238424,0,False
valid_2025_jan_feb,2025-01-09,support_then_anchor_rank,48,63,6,3,10.0,7.666666666666667,6.448105723446631,0.13265826273404002,13868.930597123908,17432.055854904924,26363.71012496619,22863.194068143348,-3563.1252577810155,8994.26347101944,1,False
valid_2025_jan_feb,2025-01-09,support2_then_anchor_rank,48,64,1,2,15.0,3.5,6.580763986180671,0.0,17432.055854904924,17432.055854904924,26363.71012496619,22863.194068143348,0.0,5431.138213238424,0,False
valid_2025_jan_feb,2025-01-09,unanimous_then_anchor_rank,48,63,6,3,10.0,7.666666666666667,6.448105723446631,0.13265826273404002,13868.930597123908,17432.055854904924,26363.71012496619,22863.194068143348,-3563.1252577810155,8994.26347101944,1,False
valid_2025_jan_feb,2025-01-09,support_score,48,63,6,3,10.0,7.666666666666667,6.448105723446631,0.13265826273404002,13868.930597123908,17432.055854904924,26363.71012496619,22863.194068143348,-3563.1252577810155,8994.26347101944,1,False
valid_2025_jan_feb,2025-01-09,anchor_rank_le5_support2,48,64,1,2,15.0,3.5,6.580763986180671,0.0,17432.055854904924,17432.055854904924,26363.71012496619,22863.194068143348,0.0,5431.138213238424,0,False
valid_2025_jan_feb,2025-01-10,anchor_top1,50,68,1,3,19.0,4.666666666666667,5.397704714575667,0.0,5505.9892945465235,5505.9892945465235,5521.396629924638,5521.396629924589,0.0,15.407335378065909,0,False
valid_2025_jan_feb,2025-01-10,support_then_anchor_rank,50,68,1,3,19.0,4.666666666666667,5.397704714575667,0.0,5505.9892945465235,5505.9892945465235,5521.396629924638,5521.396629924589,0.0,15.407335378065909,0,False
valid_2025_jan_feb,2025-01-10,support2_then_anchor_rank,50,68,1,3,19.0,4.666666666666667,5.397704714575667,0.0,5505.9892945465235,5505.9892945465235,5521.396629924638,5521.396629924589,0.0,15.407335378065909,0,False
valid_2025_jan_feb,2025-01-10,unanimous_then_anchor_rank,50,68,1,3,19.0,4.666666666666667,5.397704714575667,0.0,5505.9892945465235,5505.9892945465235,5521.396629924638,5521.396629924589,0.0,15.407335378065909,0,False
valid_2025_jan_feb,2025-01-10,support_score,52,68,2,3,27.0,2.0,5.3478241798392645,0.04988053473640264,5330.514919686322,5505.9892945465235,5521.396629924638,5521.396629924589,-175.47437486020135,190.88171023826726,1,False
valid_2025_jan_feb,2025-01-10,anchor_rank_le5_support2,50,68,1,3,19.0,4.666666666666667,5.397704714575667,0.0,5505.9892945465235,5505.9892945465235,5521.396629924638,5521.396629924589,0.0,15.407335378065909,0,False
valid_2025_jan_feb,2025-01-11,anchor_top1,6,71,1,2,20.0,1.0,4.400061596393575,0.0,1540.4503966030375,1540.4503966030375,9253.344034963995,1554.7633435090695,0.0,14.312946906032039,0,False
valid_2025_jan_feb,2025-01-11,support_then_anchor_rank,6,71,1,2,20.0,1.0,4.400061596393575,0.0,1540.4503966030375,1540.4503966030375,9253.344034963995,1554.7633435090695,0.0,14.312946906032039,0,False
valid_2025_jan_feb,2025-01-11,support2_then_anchor_rank,6,71,1,2,20.0,1.0,4.400061596393575,0.0,1540.4503966030375,1540.4503966030375,9253.344034963995,1554.7633435090695,0.0,14.312946906032039,0,False
valid_2025_jan_feb,2025-01-11,unanimous_then_anchor_rank,6,71,1,2,20.0,1.0,4.400061596393575,0.0,1540.4503966030375,1540.4503966030375,9253.344034963995,1554.7633435090695,0.0,14.312946906032039,0,False
valid_2025_jan_feb,2025-01-11,support_score,6,71,1,2,20.0,1.0,4.400061596393575,0.0,1540.4503966030375,1540.4503966030375,9253.344034963995,1554.7633435090695,0.0,14.312946906032039,0,False
valid_2025_jan_feb,2025-01-11,anchor_rank_le5_support2,6,71,1,2,20.0,1.0,4.400061596393575,0.0,1540.4503966030375,1540.4503966030375,9253.344034963995,1554.7633435090695,0.0,14.312946906032039,0,False
valid_2025_jan_feb,2025-01-13,anchor_top1,0,68,1,3,30.0,1.0,5.627827859032796,0.0,7345.710399184794,7345.710399184794,7415.55083559913,7346.757067229268,0.0,1.0466680444733356,0,False
valid_2025_jan_feb,2025-01-13,support_then_anchor_rank,0,68,1,3,30.0,1.0,5.627827859032796,0.0,7345.710399184794,7345.710399184794,7415.55083559913,7346.757067229268,0.0,1.0466680444733356,0,False
valid_2025_jan_feb,2025-01-13,support2_then_anchor_rank,0,68,1,3,30.0,1.0,5.627827859032796,0.0,7345.710399184794,7345.710399184794,7415.55083559913,7346.757067229268,0.0,1.0466680444733356,0,False
valid_2025_jan_feb,2025-01-13,unanimous_then_anchor_rank,0,68,1,3,30.0,1.0,5.627827859032796,0.0,7345.710399184794,7345.710399184794,7415.55083559913,7346.757067229268,0.0,1.0466680444733356,0,False
valid_2025_jan_feb,2025-01-13,support_score,0,68,1,3,30.0,1.0,5.627827859032796,0.0,7345.710399184794,7345.710399184794,7415.55083559913,7346.757067229268,0.0,1.0466680444733356,0,False
valid_2025_jan_feb,2025-01-13,anchor_rank_le5_support2,0,68,1,3,30.0,1.0,5.627827859032796,0.0,7345.710399184794,7345.710399184794,7415.55083559913,7346.757067229268,0.0,1.0466680444733356,0,False
valid_2025_jan_feb,2025-01-14,anchor_top1,52,71,1,3,25.0,2.6666666666666665,6.418855169474195,0.0,8404.70303941568,8404.70303941568,8519.887426097142,8404.70303941568,0.0,0.0,0,False
valid_2025_jan_feb,2025-01-14,support_then_anchor_rank,52,71,1,3,25.0,2.6666666666666665,6.418855169474195,0.0,8404.70303941568,8404.70303941568,8519.887426097142,8404.70303941568,0.0,0.0,0,False
valid_2025_jan_feb,2025-01-14,support2_then_anchor_rank,52,71,1,3,25.0,2.6666666666666665,6.418855169474195,0.0,8404.70303941568,8404.70303941568,8519.887426097142,8404.70303941568,0.0,0.0,0,False
valid_2025_jan_feb,2025-01-14,unanimous_then_anchor_rank,52,71,1,3,25.0,2.6666666666666665,6.418855169474195,0.0,8404.70303941568,8404.70303941568,8519.887426097142,8404.70303941568,0.0,0.0,0,False
valid_2025_jan_feb,2025-01-14,support_score,55,71,3,3,28.0,1.6666666666666667,6.395985438196803,0.022869731277392447,8404.70303941568,8404.70303941568,8519.887426097142,8404.70303941568,0.0,0.0,1,False
valid_2025_jan_feb,2025-01-14,anchor_rank_le5_support2,52,71,1,3,25.0,2.6666666666666665,6.418855169474195,0.0,8404.70303941568,8404.70303941568,8519.887426097142,8404.70303941568,0.0,0.0,0,False
valid_2025_jan_feb,2025-01-15,anchor_top1,55,73,1,3,30.0,1.0,4.999102229262034,0.0,2162.441630776271,2162.441630776271,2162.441630776271,2162.441630776271,0.0,0.0,0,False
valid_2025_jan_feb,2025-01-15,support_then_anchor_rank,55,73,1,3,30.0,1.0,4.999102229262034,0.0,2162.441630776271,2162.441630776271,2162.441630776271,2162.441630776271,0.0,0.0,0,False
valid_2025_jan_feb,2025-01-15,support2_then_anchor_rank,55,73,1,3,30.0,1.0,4.999102229262034,0.0,2162.441630776271,2162.441630776271,2162.441630776271,2162.441630776271,0.0,0.0,0,False
valid_2025_jan_feb,2025-01-15,unanimous_then_anchor_rank,55,73,1,3,30.0,1.0,4.999102229262034,0.0,2162.441630776271,2162.441630776271,2162.441630776271,2162.441630776271,0.0,0.0,0,False
valid_2025_jan_feb,2025-01-15,support_score,55,73,1,3,30.0,1.0,4.999102229262034,0.0,2162.441630776271,2162.441630776271,2162.441630776271,2162.441630776271,0.0,0.0,0,False
valid_2025_jan_feb,2025-01-15,anchor_rank_le5_support2,55,73,1,3,30.0,1.0,4.999102229262034,0.0,2162.441630776271,2162.441630776271,2162.441630776271,2162.441630776271,0.0,0.0,0,False
valid_2025_jan_feb,2025-01-16,anchor_top1,0,67,1,3,28.0,1.6666666666666667,7.191201233168531,0.0,8575.955747117783,8575.955747117783,8575.955747117794,8575.955747117783,0.0,0.0,0,False
valid_2025_jan_feb,2025-01-16,support_then_anchor_rank,0,67,1,3,28.0,1.6666666666666667,7.191201233168531,0.0,8575.955747117783,8575.955747117783,8575.955747117794,8575.955747117783,0.0,0.0,0,False
valid_2025_jan_feb,2025-01-16,support2_then_anchor_rank,0,67,1,3,28.0,1.6666666666666667,7.191201233168531,0.0,8575.955747117783,8575.955747117783,8575.955747117794,8575.955747117783,0.0,0.0,0,False
valid_2025_jan_feb,2025-01-16,unanimous_then_anchor_rank,0,67,1,3,28.0,1.6666666666666667,7.191201233168531,0.0,8575.955747117783,8575.955747117783,8575.955747117794,8575.955747117783,0.0,0.0,0,False
valid_2025_jan_feb,2025-01-16,support_score,0,67,1,3,28.0,1.6666666666666667,7.191201233168531,0.0,8575.955747117783,8575.955747117783,8575.955747117794,8575.955747117783,0.0,0.0,0,False
valid_2025_jan_feb,2025-01-16,anchor_rank_le5_support2,0,67,1,3,28.0,1.6666666666666667,7.191201233168531,0.0,8575.955747117783,8575.955747117783,8575.955747117794,8575.955747117783,0.0,0.0,0,False
valid_2025_jan_feb,2025-01-17,anchor_top1,51,68,1,3,21.0,4.0,5.95775601049111,0.0,9413.649676583935,9413.649676583935,9703.153603778637,9416.83103842124,0.0,3.181361837305303,0,False
valid_2025_jan_feb,2025-01-17,support_then_anchor_rank,51,68,1,3,21.0,4.0,5.95775601049111,0.0,9413.649676583935,9413.649676583935,9703.153603778637,9416.83103842124,0.0,3.181361837305303,0,False
valid_2025_jan_feb,2025-01-17,support2_then_anchor_rank,51,68,1,3,21.0,4.0,5.95775601049111,0.0,9413.649676583935,9413.649676583935,9703.153603778637,9416.83103842124,0.0,3.181361837305303,0,False
valid_2025_jan_feb,2025-01-17,unanimous_then_anchor_rank,51,68,1,3,21.0,4.0,5.95775601049111,0.0,9413.649676583935,9413.649676583935,9703.153603778637,9416.83103842124,0.0,3.181361837305303,0,False
valid_2025_jan_feb,2025-01-17,support_score,51,71,4,3,26.0,2.3333333333333335,5.705934155911237,0.25182185457987316,9190.954347972624,9413.649676583935,9703.153603778637,9416.83103842124,-222.6953286113112,225.8766904486165,1,False
valid_2025_jan_feb,2025-01-17,anchor_rank_le5_support2,51,68,1,3,21.0,4.0,5.95775601049111,0.0,9413.649676583935,9413.649676583935,9703.153603778637,9416.83103842124,0.0,3.181361837305303,0,False
valid_2025_jan_feb,2025-01-18,anchor_top1,52,73,1,2,12.0,5.0,8.018922006516227,0.0,9639.526367032551,9639.526367032551,9703.153603778643,9703.15360377864,0.0,63.62723674608969,0,False
valid_2025_jan_feb,2025-01-18,support_then_anchor_rank,52,73,1,2,12.0,5.0,8.018922006516227,0.0,9639.526367032551,9639.526367032551,9703.153603778643,9703.15360377864,0.0,63.62723674608969,0,False
valid_2025_jan_feb,2025-01-18,support2_then_anchor_rank,52,73,1,2,12.0,5.0,8.018922006516227,0.0,9639.526367032551,9639.526367032551,9703.153603778643,9703.15360377864,0.0,63.62723674608969,0,False
valid_2025_jan_feb,2025-01-18,unanimous_then_anchor_rank,52,73,1,2,12.0,5.0,8.018922006516227,0.0,9639.526367032551,9639.526367032551,9703.153603778643,9703.15360377864,0.0,63.62723674608969,0,False
valid_2025_jan_feb,2025-01-18,support_score,52,72,3,2,14.0,4.0,8.058991763364059,-0.04006975684783143,9639.526367032551,9639.526367032551,9703.153603778643,9703.15360377864,0.0,63.62723674608969,1,False
valid_2025_jan_feb,2025-01-18,anchor_rank_le5_support2,52,73,1,2,12.0,5.0,8.018922006516227,0.0,9639.526367032551,9639.526367032551,9703.153603778643,9703.15360377864,0.0,63.62723674608969,0,False
valid_2025_jan_feb,2025-01-19,anchor_top1,52,69,1,2,13.0,4.5,7.0255461472339675,0.0,10139.000175489356,10139.000175489356,12765.456155683822,11150.67323975218,0.0,1011.6730642628227,0,False
valid_2025_jan_feb,2025-01-19,support_then_anchor_rank,55,69,2,3,29.0,1.3333333333333333,7.0520659655405,-0.026519818306532272,10959.79152951391,10139.000175489356,12765.456155683822,11150.67323975218,820.7913540245536,190.88171023826908,1,False
valid_2025_jan_feb,2025-01-19,support2_then_anchor_rank,52,69,1,2,13.0,4.5,7.0255461472339675,0.0,10139.000175489356,10139.000175489356,12765.456155683822,11150.67323975218,0.0,1011.6730642628227,0,False
valid_2025_jan_feb,2025-01-19,unanimous_then_anchor_rank,55,69,2,3,29.0,1.3333333333333333,7.0520659655405,-0.026519818306532272,10959.79152951391,10139.000175489356,12765.456155683822,11150.67323975218,820.7913540245536,190.88171023826908,1,False
valid_2025_jan_feb,2025-01-19,support_score,55,69,2,3,29.0,1.3333333333333333,7.0520659655405,-0.026519818306532272,10959.79152951391,10139.000175489356,12765.456155683822,11150.67323975218,820.7913540245536,190.88171023826908,1,False
valid_2025_jan_feb,2025-01-19,anchor_rank_le5_support2,55,69,2,3,29.0,1.3333333333333333,7.0520659655405,-0.026519818306532272,10959.79152951391,10139.000175489356,12765.456155683822,11150.67323975218,820.7913540245536,190.88171023826908,1,False
valid_2025_jan_feb,2025-01-20,anchor_top1,42,88,1,3,26.0,2.3333333333333335,14.050430135691052,0.0,38175.906201081954,38175.906201081954,38176.34204765365,38176.34204765367,0.0,0.4358465717159561,0,False
valid_2025_jan_feb,2025-01-20,support_then_anchor_rank,42,88,1,3,26.0,2.3333333333333335,14.050430135691052,0.0,38175.906201081954,38175.906201081954,38176.34204765365,38176.34204765367,0.0,0.4358465717159561,0,False
valid_2025_jan_feb,2025-01-20,support2_then_anchor_rank,42,88,1,3,26.0,2.3333333333333335,14.050430135691052,0.0,38175.906201081954,38175.906201081954,38176.34204765365,38176.34204765367,0.0,0.4358465717159561,0,False
valid_2025_jan_feb,2025-01-20,unanimous_then_anchor_rank,42,88,1,3,26.0,2.3333333333333335,14.050430135691052,0.0,38175.906201081954,38175.906201081954,38176.34204765365,38176.34204765367,0.0,0.4358465717159561,0,False
valid_2025_jan_feb,2025-01-20,support_score,42,88,1,3,26.0,2.3333333333333335,14.050430135691052,0.0,38175.906201081954,38175.906201081954,38176.34204765365,38176.34204765367,0.0,0.4358465717159561,0,False
valid_2025_jan_feb,2025-01-20,anchor_rank_le5_support2,42,88,1,3,26.0,2.3333333333333335,14.050430135691052,0.0,38175.906201081954,38175.906201081954,38176.34204765365,38176.34204765367,0.0,0.4358465717159561,0,False
valid_2025_jan_feb,2025-01-21,anchor_top1,49,66,1,1,10.0,1.0,7.667620345148478,0.0,23470.761007746245,23470.761007746245,29051.105091154197,23538.772161104138,0.0,68.01115335789291,0,False
valid_2025_jan_feb,2025-01-21,support_then_anchor_rank,49,64,4,3,25.0,2.6666666666666665,7.965824584256168,-0.2982042391076902,16948.851530884094,23470.761007746245,29051.105091154197,23538.772161104138,-6521.909476862151,6589.920630220044,1,False
valid_2025_jan_feb,2025-01-21,support2_then_anchor_rank,49,64,4,3,25.0,2.6666666666666665,7.965824584256168,-0.2982042391076902,16948.851530884094,23470.761007746245,29051.105091154197,23538.772161104138,-6521.909476862151,6589.920630220044,1,False
valid_2025_jan_feb,2025-01-21,unanimous_then_anchor_rank,49,64,4,3,25.0,2.6666666666666665,7.965824584256168,-0.2982042391076902,16948.851530884094,23470.761007746245,29051.105091154197,23538.772161104138,-6521.909476862151,6589.920630220044,1,False
valid_2025_jan_feb,2025-01-21,support_score,48,64,5,3,26.0,2.3333333333333335,7.916712379865828,-0.24909203471734997,16983.43611541743,23470.761007746245,29051.105091154197,23538.772161104138,-6487.324892328816,6555.3360456867085,1,False
valid_2025_jan_feb,2025-01-21,anchor_rank_le5_support2,49,64,4,3,25.0,2.6666666666666665,7.965824584256168,-0.2982042391076902,16948.851530884094,23470.761007746245,29051.105091154197,23538.772161104138,-6521.909476862151,6589.920630220044,1,False
valid_2025_jan_feb,2025-01-22,anchor_top1,48,66,1,3,30.0,1.0,10.054428948858558,0.0,26820.91636005257,26820.91636005257,29899.55838635413,29867.74476798112,0.0,3046.8284079285477,0,False
valid_2025_jan_feb,2025-01-22,support_then_anchor_rank,48,66,1,3,30.0,1.0,10.054428948858558,0.0,26820.91636005257,26820.91636005257,29899.55838635413,29867.74476798112,0.0,3046.8284079285477,0,False
valid_2025_jan_feb,2025-01-22,support2_then_anchor_rank,48,66,1,3,30.0,1.0,10.054428948858558,0.0,26820.91636005257,26820.91636005257,29899.55838635413,29867.74476798112,0.0,3046.8284079285477,0,False
valid_2025_jan_feb,2025-01-22,unanimous_then_anchor_rank,48,66,1,3,30.0,1.0,10.054428948858558,0.0,26820.91636005257,26820.91636005257,29899.55838635413,29867.74476798112,0.0,3046.8284079285477,0,False
valid_2025_jan_feb,2025-01-22,support_score,48,66,1,3,30.0,1.0,10.054428948858558,0.0,26820.91636005257,26820.91636005257,29899.55838635413,29867.74476798112,0.0,3046.8284079285477,0,False
valid_2025_jan_feb,2025-01-22,anchor_rank_le5_support2,48,66,1,3,30.0,1.0,10.054428948858558,0.0,26820.91636005257,26820.91636005257,29899.55838635413,29867.74476798112,0.0,3046.8284079285477,0,False
valid_2025_jan_feb,2025-01-23,anchor_top1,48,66,1,3,30.0,1.0,9.383605640789071,0.0,13467.05778847377,13467.05778847377,29116.634782278965,16877.98669595813,0.0,3410.92890748436,0,False
valid_2025_jan_feb,2025-01-23,support_then_anchor_rank,48,66,1,3,30.0,1.0,9.383605640789071,0.0,13467.05778847377,13467.05778847377,29116.634782278965,16877.98669595813,0.0,3410.92890748436,0,False
valid_2025_jan_feb,2025-01-23,support2_then_anchor_rank,48,66,1,3,30.0,1.0,9.383605640789071,0.0,13467.05778847377,13467.05778847377,29116.634782278965,16877.98669595813,0.0,3410.92890748436,0,False
valid_2025_jan_feb,2025-01-23,unanimous_then_anchor_rank,48,66,1,3,30.0,1.0,9.383605640789071,0.0,13467.05778847377,13467.05778847377,29116.634782278965,16877.98669595813,0.0,3410.92890748436,0,False
valid_2025_jan_feb,2025-01-23,support_score,48,66,1,3,30.0,1.0,9.383605640789071,0.0,13467.05778847377,13467.05778847377,29116.634782278965,16877.98669595813,0.0,3410.92890748436,0,False
valid_2025_jan_feb,2025-01-23,anchor_rank_le5_support2,48,66,1,3,30.0,1.0,9.383605640789071,0.0,13467.05778847377,13467.05778847377,29116.634782278965,16877.98669595813,0.0,3410.92890748436,0,False
valid_2025_jan_feb,2025-01-24,anchor_top1,48,66,1,2,13.0,4.5,8.020248496718352,0.0,14553.4292286765,14553.4292286765,27741.24298188089,14580.442172037052,0.0,27.012943360552526,0,False
valid_2025_jan_feb,2025-01-24,support_then_anchor_rank,48,65,6,3,16.0,5.666666666666667,8.131867253905654,-0.1116187571873013,14228.198608048868,14553.4292286765,27741.24298188089,14580.442172037052,-325.23062062763165,352.2435639881842,1,False
valid_2025_jan_feb,2025-01-24,support2_then_anchor_rank,48,66,1,2,13.0,4.5,8.020248496718352,0.0,14553.4292286765,14553.4292286765,27741.24298188089,14580.442172037052,0.0,27.012943360552526,0,False
valid_2025_jan_feb,2025-01-24,unanimous_then_anchor_rank,48,65,6,3,16.0,5.666666666666667,8.131867253905654,-0.1116187571873013,14228.198608048868,14553.4292286765,27741.24298188089,14580.442172037052,-325.23062062763165,352.2435639881842,1,False
valid_2025_jan_feb,2025-01-24,support_score,48,64,7,3,24.0,3.0,8.054526346814086,-0.0342778500957337,14174.055010939781,14553.4292286765,27741.24298188089,14580.442172037052,-379.3742177367185,406.387161097271,1,False
valid_2025_jan_feb,2025-01-24,anchor_rank_le5_support2,48,66,1,2,13.0,4.5,8.020248496718352,0.0,14553.4292286765,14553.4292286765,27741.24298188089,14580.442172037052,0.0,27.012943360552526,0,False
valid_2025_jan_feb,2025-01-25,anchor_top1,55,71,1,3,20.0,4.333333333333333,1.9652233204614404,0.0,8.7837400327971,8.7837400327971,619.0134794935283,8.7837400327971,0.0,0.0,0,False
valid_2025_jan_feb,2025-01-25,support_then_anchor_rank,55,71,1,3,20.0,4.333333333333333,1.9652233204614404,0.0,8.7837400327971,8.7837400327971,619.0134794935283,8.7837400327971,0.0,0.0,0,False
valid_2025_jan_feb,2025-01-25,support2_then_anchor_rank,55,71,1,3,20.0,4.333333333333333,1.9652233204614404,0.0,8.7837400327971,8.7837400327971,619.0134794935283,8.7837400327971,0.0,0.0,0,False
valid_2025_jan_feb,2025-01-25,unanimous_then_anchor_rank,55,71,1,3,20.0,4.333333333333333,1.9652233204614404,0.0,8.7837400327971,8.7837400327971,619.0134794935283,8.7837400327971,0.0,0.0,0,False
valid_2025_jan_feb,2025-01-25,support_score,55,73,2,3,29.0,1.3333333333333333,1.9724360512646655,-0.0072127308032250426,5.7614462873578995,8.7837400327971,619.0134794935283,8.7837400327971,-3.0222937454392005,3.0222937454392005,1,False
valid_2025_jan_feb,2025-01-25,anchor_rank_le5_support2,55,71,1,3,20.0,4.333333333333333,1.9652233204614404,0.0,8.7837400327971,8.7837400327971,619.0134794935283,8.7837400327971,0.0,0.0,0,False
valid_2025_jan_feb,2025-01-26,anchor_top1,55,88,1,2,15.0,3.5,5.9756562858946545,0.0,6493.503097016857,6493.503097016857,6787.012358764732,6493.503097016857,0.0,0.0,0,False
valid_2025_jan_feb,2025-01-26,support_then_anchor_rank,57,88,2,3,23.0,3.3333333333333335,6.080949699549635,-0.10529341365498013,6493.503097016857,6493.503097016857,6787.012358764732,6493.503097016857,0.0,0.0,1,False
valid_2025_jan_feb,2025-01-26,support2_then_anchor_rank,55,88,1,2,15.0,3.5,5.9756562858946545,0.0,6493.503097016857,6493.503097016857,6787.012358764732,6493.503097016857,0.0,0.0,0,False
valid_2025_jan_feb,2025-01-26,unanimous_then_anchor_rank,57,88,2,3,23.0,3.3333333333333335,6.080949699549635,-0.10529341365498013,6493.503097016857,6493.503097016857,6787.012358764732,6493.503097016857,0.0,0.0,1,False
valid_2025_jan_feb,2025-01-26,support_score,57,88,2,3,23.0,3.3333333333333335,6.080949699549635,-0.10529341365498013,6493.503097016857,6493.503097016857,6787.012358764732,6493.503097016857,0.0,0.0,1,False
valid_2025_jan_feb,2025-01-26,anchor_rank_le5_support2,57,88,2,3,23.0,3.3333333333333335,6.080949699549635,-0.10529341365498013,6493.503097016857,6493.503097016857,6787.012358764732,6493.503097016857,0.0,0.0,1,False
valid_2025_jan_feb,2025-01-27,anchor_top1,55,73,1,3,28.0,1.6666666666666667,8.09328140991606,0.0,8812.37228933339,8812.37228933339,8812.372289333389,8812.37228933339,0.0,0.0,0,False
valid_2025_jan_feb,2025-01-27,support_then_anchor_rank,55,73,1,3,28.0,1.6666666666666667,8.09328140991606,0.0,8812.37228933339,8812.37228933339,8812.372289333389,8812.37228933339,0.0,0.0,0,False
valid_2025_jan_feb,2025-01-27,support2_then_anchor_rank,55,73,1,3,28.0,1.6666666666666667,8.09328140991606,0.0,8812.37228933339,8812.37228933339,8812.372289333389,8812.37228933339,0.0,0.0,0,False
valid_2025_jan_feb,2025-01-27,unanimous_then_anchor_rank,55,73,1,3,28.0,1.6666666666666667,8.09328140991606,0.0,8812.37228933339,8812.37228933339,8812.372289333389,8812.37228933339,0.0,0.0,0,False
valid_2025_jan_feb,2025-01-27,support_score,57,73,2,3,29.0,1.3333333333333333,8.106594541117673,-0.01331313120161326,8812.37228933339,8812.37228933339,8812.372289333389,8812.37228933339,0.0,0.0,1,False
valid_2025_jan_feb,2025-01-27,anchor_rank_le5_support2,55,73,1,3,28.0,1.6666666666666667,8.09328140991606,0.0,8812.37228933339,8812.37228933339,8812.372289333389,8812.37228933339,0.0,0.0,0,False
valid_2025_jan_feb,2025-01-28,anchor_top1,55,71,1,3,30.0,1.0,7.69877133643018,0.0,6744.487095085481,6744.487095085481,7826.150119768999,7826.150119769001,0.0,1081.6630246835202,0,False
valid_2025_jan_feb,2025-01-28,support_then_anchor_rank,55,71,1,3,30.0,1.0,7.69877133643018,0.0,6744.487095085481,6744.487095085481,7826.150119768999,7826.150119769001,0.0,1081.6630246835202,0,False
valid_2025_jan_feb,2025-01-28,support2_then_anchor_rank,55,71,1,3,30.0,1.0,7.69877133643018,0.0,6744.487095085481,6744.487095085481,7826.150119768999,7826.150119769001,0.0,1081.6630246835202,0,False
valid_2025_jan_feb,2025-01-28,unanimous_then_anchor_rank,55,71,1,3,30.0,1.0,7.69877133643018,0.0,6744.487095085481,6744.487095085481,7826.150119768999,7826.150119769001,0.0,1081.6630246835202,0,False
valid_2025_jan_feb,2025-01-28,support_score,55,71,1,3,30.0,1.0,7.69877133643018,0.0,6744.487095085481,6744.487095085481,7826.150119768999,7826.150119769001,0.0,1081.6630246835202,0,False
valid_2025_jan_feb,2025-01-28,anchor_rank_le5_support2,55,71,1,3,30.0,1.0,7.69877133643018,0.0,6744.487095085481,6744.487095085481,7826.150119768999,7826.150119769001,0.0,1081.6630246835202,0,False
valid_2025_jan_feb,2025-01-29,anchor_top1,0,68,1,1,10.0,1.0,8.5928591621554,0.0,827.1540776991646,827.1540776991646,9353.20380167515,9130.508473063837,0.0,8303.354395364673,0,False
valid_2025_jan_feb,2025-01-29,support_then_anchor_rank,0,68,1,1,10.0,1.0,8.5928591621554,0.0,827.1540776991646,827.1540776991646,9353.20380167515,9130.508473063837,0.0,8303.354395364673,0,False
valid_2025_jan_feb,2025-01-29,support2_then_anchor_rank,0,68,1,1,10.0,1.0,8.5928591621554,0.0,827.1540776991646,827.1540776991646,9353.20380167515,9130.508473063837,0.0,8303.354395364673,0,False
valid_2025_jan_feb,2025-01-29,unanimous_then_anchor_rank,0,68,1,1,10.0,1.0,8.5928591621554,0.0,827.1540776991646,827.1540776991646,9353.20380167515,9130.508473063837,0.0,8303.354395364673,0,False
valid_2025_jan_feb,2025-01-29,support_score,0,68,1,1,10.0,1.0,8.5928591621554,0.0,827.1540776991646,827.1540776991646,9353.20380167515,9130.508473063837,0.0,8303.354395364673,0,False
valid_2025_jan_feb,2025-01-29,anchor_rank_le5_support2,0,68,1,1,10.0,1.0,8.5928591621554,0.0,827.1540776991646,827.1540776991646,9353.20380167515,9130.508473063837,0.0,8303.354395364673,0,False
valid_2025_jan_feb,2025-01-30,anchor_top1,52,69,1,1,10.0,1.0,11.39670109562499,0.0,10689.375773343027,10689.375773343027,10975.698338700433,10943.884720327385,0.0,254.50894698435877,0,False
valid_2025_jan_feb,2025-01-30,support_then_anchor_rank,52,68,6,3,23.0,3.3333333333333335,11.22707160292871,0.1696294926962807,10530.307681477805,10689.375773343027,10975.698338700433,10943.884720327385,-159.0680918652215,413.5770388495803,1,False
valid_2025_jan_feb,2025-01-30,support2_then_anchor_rank,51,69,2,2,10.0,6.0,11.408617244948225,-0.011916149323234038,10689.375773343027,10689.375773343027,10975.698338700433,10943.884720327385,0.0,254.50894698435877,1,False
valid_2025_jan_feb,2025-01-30,unanimous_then_anchor_rank,52,68,6,3,23.0,3.3333333333333335,11.22707160292871,0.1696294926962807,10530.307681477805,10689.375773343027,10975.698338700433,10943.884720327385,-159.0680918652215,413.5770388495803,1,False
valid_2025_jan_feb,2025-01-30,support_score,52,68,6,3,23.0,3.3333333333333335,11.22707160292871,0.1696294926962807,10530.307681477805,10689.375773343027,10975.698338700433,10943.884720327385,-159.0680918652215,413.5770388495803,1,False
valid_2025_jan_feb,2025-01-30,anchor_rank_le5_support2,51,69,2,2,10.0,6.0,11.408617244948225,-0.011916149323234038,10689.375773343027,10689.375773343027,10975.698338700433,10943.884720327385,0.0,254.50894698435877,1,False
valid_2025_jan_feb,2025-01-31,anchor_top1,55,68,1,3,29.0,1.3333333333333333,8.145534439233955,0.0,9175.047538786099,9175.047538786099,9254.581584718708,9245.0374992068,0.0,69.9899604207003,0,False
valid_2025_jan_feb,2025-01-31,support_then_anchor_rank,55,68,1,3,29.0,1.3333333333333333,8.145534439233955,0.0,9175.047538786099,9175.047538786099,9254.581584718708,9245.0374992068,0.0,69.9899604207003,0,False
valid_2025_jan_feb,2025-01-31,support2_then_anchor_rank,55,68,1,3,29.0,1.3333333333333333,8.145534439233955,0.0,9175.047538786099,9175.047538786099,9254.581584718708,9245.0374992068,0.0,69.9899604207003,0,False
valid_2025_jan_feb,2025-01-31,unanimous_then_anchor_rank,55,68,1,3,29.0,1.3333333333333333,8.145534439233955,0.0,9175.047538786099,9175.047538786099,9254.581584718708,9245.0374992068,0.0,69.9899604207003,0,False
valid_2025_jan_feb,2025-01-31,support_score,55,68,1,3,29.0,1.3333333333333333,8.145534439233955,0.0,9175.047538786099,9175.047538786099,9254.581584718708,9245.0374992068,0.0,69.9899604207003,0,False
valid_2025_jan_feb,2025-01-31,anchor_rank_le5_support2,55,68,1,3,29.0,1.3333333333333333,8.145534439233955,0.0,9175.047538786099,9175.047538786099,9254.581584718708,9245.0374992068,0.0,69.9899604207003,0,False
valid_2025_jan_feb,2025-02-01,anchor_top1,55,71,1,3,28.0,1.6666666666666667,8.101474417543798,0.0,8907.813144452526,8907.813144452526,8907.813144452519,8907.813144452526,0.0,0.0,0,False
valid_2025_jan_feb,2025-02-01,support_then_anchor_rank,55,71,1,3,28.0,1.6666666666666667,8.101474417543798,0.0,8907.813144452526,8907.813144452526,8907.813144452519,8907.813144452526,0.0,0.0,0,False
valid_2025_jan_feb,2025-02-01,support2_then_anchor_rank,55,71,1,3,28.0,1.6666666666666667,8.101474417543798,0.0,8907.813144452526,8907.813144452526,8907.813144452519,8907.813144452526,0.0,0.0,0,False
valid_2025_jan_feb,2025-02-01,unanimous_then_anchor_rank,55,71,1,3,28.0,1.6666666666666667,8.101474417543798,0.0,8907.813144452526,8907.813144452526,8907.813144452519,8907.813144452526,0.0,0.0,0,False
valid_2025_jan_feb,2025-02-01,support_score,55,71,1,3,28.0,1.6666666666666667,8.101474417543798,0.0,8907.813144452526,8907.813144452526,8907.813144452519,8907.813144452526,0.0,0.0,0,False
valid_2025_jan_feb,2025-02-01,anchor_rank_le5_support2,55,71,1,3,28.0,1.6666666666666667,8.101474417543798,0.0,8907.813144452526,8907.813144452526,8907.813144452519,8907.813144452526,0.0,0.0,0,False
valid_2025_jan_feb,2025-02-02,anchor_top1,55,73,1,2,12.0,5.0,7.408533725953788,0.0,6232.27829519395,6232.27829519395,6232.278295193943,6232.27829519395,0.0,0.0,0,False
valid_2025_jan_feb,2025-02-02,support_then_anchor_rank,57,73,2,3,28.0,1.6666666666666667,7.501703126950538,-0.09316940099675008,6232.27829519395,6232.27829519395,6232.278295193943,6232.27829519395,0.0,0.0,1,False
valid_2025_jan_feb,2025-02-02,support2_then_anchor_rank,55,73,1,2,12.0,5.0,7.408533725953788,0.0,6232.27829519395,6232.27829519395,6232.278295193943,6232.27829519395,0.0,0.0,0,False
valid_2025_jan_feb,2025-02-02,unanimous_then_anchor_rank,57,73,2,3,28.0,1.6666666666666667,7.501703126950538,-0.09316940099675008,6232.27829519395,6232.27829519395,6232.278295193943,6232.27829519395,0.0,0.0,1,False
valid_2025_jan_feb,2025-02-02,support_score,57,73,2,3,28.0,1.6666666666666667,7.501703126950538,-0.09316940099675008,6232.27829519395,6232.27829519395,6232.278295193943,6232.27829519395,0.0,0.0,1,False
valid_2025_jan_feb,2025-02-02,anchor_rank_le5_support2,57,73,2,3,28.0,1.6666666666666667,7.501703126950538,-0.09316940099675008,6232.27829519395,6232.27829519395,6232.278295193943,6232.27829519395,0.0,0.0,1,False
valid_2025_jan_feb,2025-02-03,anchor_top1,55,73,1,3,27.0,2.0,8.854978806957376,0.0,8939.626762825568,8939.626762825568,9130.508473063845,9003.253999571658,0.0,63.62723674608969,0,False
valid_2025_jan_feb,2025-02-03,support_then_anchor_rank,55,73,1,3,27.0,2.0,8.854978806957376,0.0,8939.626762825568,8939.626762825568,9130.508473063845,9003.253999571658,0.0,63.62723674608969,0,False
valid_2025_jan_feb,2025-02-03,support2_then_anchor_rank,55,73,1,3,27.0,2.0,8.854978806957376,0.0,8939.626762825568,8939.626762825568,9130.508473063845,9003.253999571658,0.0,63.62723674608969,0,False
valid_2025_jan_feb,2025-02-03,unanimous_then_anchor_rank,55,73,1,3,27.0,2.0,8.854978806957376,0.0,8939.626762825568,8939.626762825568,9130.508473063845,9003.253999571658,0.0,63.62723674608969,0,False
valid_2025_jan_feb,2025-02-03,support_score,55,73,1,3,27.0,2.0,8.854978806957376,0.0,8939.626762825568,8939.626762825568,9130.508473063845,9003.253999571658,0.0,63.62723674608969,0,False
valid_2025_jan_feb,2025-02-03,anchor_rank_le5_support2,55,73,1,3,27.0,2.0,8.854978806957376,0.0,8939.626762825568,8939.626762825568,9130.508473063845,9003.253999571658,0.0,63.62723674608969,0,False
valid_2025_jan_feb,2025-02-04,anchor_top1,57,73,1,3,30.0,1.0,5.317929842457168,0.0,3518.481207118115,3518.481207118115,4025.27851052438,3854.9738486498095,0.0,336.4926415316945,0,False
valid_2025_jan_feb,2025-02-04,support_then_anchor_rank,57,73,1,3,30.0,1.0,5.317929842457168,0.0,3518.481207118115,3518.481207118115,4025.27851052438,3854.9738486498095,0.0,336.4926415316945,0,False
valid_2025_jan_feb,2025-02-04,support2_then_anchor_rank,57,73,1,3,30.0,1.0,5.317929842457168,0.0,3518.481207118115,3518.481207118115,4025.27851052438,3854.9738486498095,0.0,336.4926415316945,0,False
valid_2025_jan_feb,2025-02-04,unanimous_then_anchor_rank,57,73,1,3,30.0,1.0,5.317929842457168,0.0,3518.481207118115,3518.481207118115,4025.27851052438,3854.9738486498095,0.0,336.4926415316945,0,False
valid_2025_jan_feb,2025-02-04,support_score,57,73,1,3,30.0,1.0,5.317929842457168,0.0,3518.481207118115,3518.481207118115,4025.27851052438,3854.9738486498095,0.0,336.4926415316945,0,False
valid_2025_jan_feb,2025-02-04,anchor_rank_le5_support2,57,73,1,3,30.0,1.0,5.317929842457168,0.0,3518.481207118115,3518.481207118115,4025.27851052438,3854.9738486498095,0.0,336.4926415316945,0,False
valid_2025_jan_feb,2025-02-05,anchor_top1,57,73,1,3,22.0,3.6666666666666665,4.173756445150698,0.0,199.4491176661288,199.4491176661288,745.6062297235372,684.3236566515409,0.0,484.8745389854121,0,False
valid_2025_jan_feb,2025-02-05,support_then_anchor_rank,57,73,1,3,22.0,3.6666666666666665,4.173756445150698,0.0,199.4491176661288,199.4491176661288,745.6062297235372,684.3236566515409,0.0,484.8745389854121,0,False
valid_2025_jan_feb,2025-02-05,support2_then_anchor_rank,57,73,1,3,22.0,3.6666666666666665,4.173756445150698,0.0,199.4491176661288,199.4491176661288,745.6062297235372,684.3236566515409,0.0,484.8745389854121,0,False
valid_2025_jan_feb,2025-02-05,unanimous_then_anchor_rank,57,73,1,3,22.0,3.6666666666666665,4.173756445150698,0.0,199.4491176661288,199.4491176661288,745.6062297235372,684.3236566515409,0.0,484.8745389854121,0,False
valid_2025_jan_feb,2025-02-05,support_score,32,73,7,3,24.0,3.0,4.028500937607978,0.14525550754271954,198.71104171987432,199.4491176661288,745.6062297235372,684.3236566515409,-0.7380759462544972,485.6126149316666,1,False
valid_2025_jan_feb,2025-02-05,anchor_rank_le5_support2,57,73,1,3,22.0,3.6666666666666665,4.173756445150698,0.0,199.4491176661288,199.4491176661288,745.6062297235372,684.3236566515409,0.0,484.8745389854121,0,False
valid_2025_jan_feb,2025-02-06,anchor_top1,57,88,1,3,26.0,2.3333333333333335,4.762047184101952,0.0,8335.168013737719,8335.168013737719,8366.981632110765,8335.168013737719,0.0,0.0,0,False
valid_2025_jan_feb,2025-02-06,support_then_anchor_rank,57,88,1,3,26.0,2.3333333333333335,4.762047184101952,0.0,8335.168013737719,8335.168013737719,8366.981632110765,8335.168013737719,0.0,0.0,0,False
valid_2025_jan_feb,2025-02-06,support2_then_anchor_rank,57,88,1,3,26.0,2.3333333333333335,4.762047184101952,0.0,8335.168013737719,8335.168013737719,8366.981632110765,8335.168013737719,0.0,0.0,0,False
valid_2025_jan_feb,2025-02-06,unanimous_then_anchor_rank,57,88,1,3,26.0,2.3333333333333335,4.762047184101952,0.0,8335.168013737719,8335.168013737719,8366.981632110765,8335.168013737719,0.0,0.0,0,False
valid_2025_jan_feb,2025-02-06,support_score,57,88,1,3,26.0,2.3333333333333335,4.762047184101952,0.0,8335.168013737719,8335.168013737719,8366.981632110765,8335.168013737719,0.0,0.0,0,False
valid_2025_jan_feb,2025-02-06,anchor_rank_le5_support2,57,88,1,3,26.0,2.3333333333333335,4.762047184101952,0.0,8335.168013737719,8335.168013737719,8366.981632110765,8335.168013737719,0.0,0.0,0,False
valid_2025_jan_feb,2025-02-07,anchor_top1,55,71,1,3,30.0,1.0,10.480490523953922,0.0,37186.938516251976,37186.938516251976,37823.210883712854,37823.210883712876,0.0,636.2723674609006,0,False
valid_2025_jan_feb,2025-02-07,support_then_anchor_rank,55,71,1,3,30.0,1.0,10.480490523953922,0.0,37186.938516251976,37186.938516251976,37823.210883712854,37823.210883712876,0.0,636.2723674609006,0,False
valid_2025_jan_feb,2025-02-07,support2_then_anchor_rank,55,71,1,3,30.0,1.0,10.480490523953922,0.0,37186.938516251976,37186.938516251976,37823.210883712854,37823.210883712876,0.0,636.2723674609006,0,False
valid_2025_jan_feb,2025-02-07,unanimous_then_anchor_rank,55,71,1,3,30.0,1.0,10.480490523953922,0.0,37186.938516251976,37186.938516251976,37823.210883712854,37823.210883712876,0.0,636.2723674609006,0,False
valid_2025_jan_feb,2025-02-07,support_score,55,71,1,3,30.0,1.0,10.480490523953922,0.0,37186.938516251976,37186.938516251976,37823.210883712854,37823.210883712876,0.0,636.2723674609006,0,False
valid_2025_jan_feb,2025-02-07,anchor_rank_le5_support2,55,71,1,3,30.0,1.0,10.480490523953922,0.0,37186.938516251976,37186.938516251976,37823.210883712854,37823.210883712876,0.0,636.2723674609006,0,False
valid_2025_jan_feb,2025-02-08,anchor_top1,49,68,1,1,10.0,1.0,7.757181190622319,0.0,28632.256535740253,28632.256535740253,31050.091532091556,30859.209821853383,0.0,2226.95328611313,0,False
valid_2025_jan_feb,2025-02-08,support_then_anchor_rank,49,68,1,1,10.0,1.0,7.757181190622319,0.0,28632.256535740253,28632.256535740253,31050.091532091556,30859.209821853383,0.0,2226.95328611313,0,False
valid_2025_jan_feb,2025-02-08,support2_then_anchor_rank,49,68,1,1,10.0,1.0,7.757181190622319,0.0,28632.256535740253,28632.256535740253,31050.091532091556,30859.209821853383,0.0,2226.95328611313,0,False
valid_2025_jan_feb,2025-02-08,unanimous_then_anchor_rank,49,68,1,1,10.0,1.0,7.757181190622319,0.0,28632.256535740253,28632.256535740253,31050.091532091556,30859.209821853383,0.0,2226.95328611313,0,False
valid_2025_jan_feb,2025-02-08,support_score,49,68,1,1,10.0,1.0,7.757181190622319,0.0,28632.256535740253,28632.256535740253,31050.091532091556,30859.209821853383,0.0,2226.95328611313,0,False
valid_2025_jan_feb,2025-02-08,anchor_rank_le5_support2,49,68,1,1,10.0,1.0,7.757181190622319,0.0,28632.256535740253,28632.256535740253,31050.091532091556,30859.209821853383,0.0,2226.95328611313,0,False
valid_2025_jan_feb,2025-02-09,anchor_top1,55,71,1,3,27.0,2.0,7.1960379574510185,0.0,8176.099921872494,8176.099921872494,8176.099921872477,8176.099921872494,0.0,0.0,0,False
valid_2025_jan_feb,2025-02-09,support_then_anchor_rank,55,71,1,3,27.0,2.0,7.1960379574510185,0.0,8176.099921872494,8176.099921872494,8176.099921872477,8176.099921872494,0.0,0.0,0,False
valid_2025_jan_feb,2025-02-09,support2_then_anchor_rank,55,71,1,3,27.0,2.0,7.1960379574510185,0.0,8176.099921872494,8176.099921872494,8176.099921872477,8176.099921872494,0.0,0.0,0,False
valid_2025_jan_feb,2025-02-09,unanimous_then_anchor_rank,55,71,1,3,27.0,2.0,7.1960379574510185,0.0,8176.099921872494,8176.099921872494,8176.099921872477,8176.099921872494,0.0,0.0,0,False
valid_2025_jan_feb,2025-02-09,support_score,55,72,2,3,29.0,1.3333333333333333,7.2817710716927095,-0.08573311424169106,8144.286303499449,8176.099921872494,8176.099921872477,8176.099921872494,-31.813618373044847,31.813618373044847,1,False
valid_2025_jan_feb,2025-02-09,anchor_rank_le5_support2,55,71,1,3,27.0,2.0,7.1960379574510185,0.0,8176.099921872494,8176.099921872494,8176.099921872477,8176.099921872494,0.0,0.0,0,False
valid_2025_jan_feb,2025-02-10,anchor_top1,55,73,1,3,28.0,1.6666666666666667,4.076378722983758,0.0,3426.5398500200163,3426.5398500200163,4270.542420009545,3426.5398500200163,0.0,0.0,0,False
valid_2025_jan_feb,2025-02-10,support_then_anchor_rank,55,73,1,3,28.0,1.6666666666666667,4.076378722983758,0.0,3426.5398500200163,3426.5398500200163,4270.542420009545,3426.5398500200163,0.0,0.0,0,False
valid_2025_jan_feb,2025-02-10,support2_then_anchor_rank,55,73,1,3,28.0,1.6666666666666667,4.076378722983758,0.0,3426.5398500200163,3426.5398500200163,4270.542420009545,3426.5398500200163,0.0,0.0,0,False
valid_2025_jan_feb,2025-02-10,unanimous_then_anchor_rank,55,73,1,3,28.0,1.6666666666666667,4.076378722983758,0.0,3426.5398500200163,3426.5398500200163,4270.542420009545,3426.5398500200163,0.0,0.0,0,False
valid_2025_jan_feb,2025-02-10,support_score,55,73,1,3,28.0,1.6666666666666667,4.076378722983758,0.0,3426.5398500200163,3426.5398500200163,4270.542420009545,3426.5398500200163,0.0,0.0,0,False
valid_2025_jan_feb,2025-02-10,anchor_rank_le5_support2,55,73,1,3,28.0,1.6666666666666667,4.076378722983758,0.0,3426.5398500200163,3426.5398500200163,4270.542420009545,3426.5398500200163,0.0,0.0,0,False
valid_2025_jan_feb,2025-02-11,anchor_top1,17,73,1,1,10.0,1.0,5.576307832443889,0.0,17871.265126077662,17871.265126077662,22046.837532519996,20201.6476668834,0.0,2330.3825408057382,0,False
valid_2025_jan_feb,2025-02-11,support_then_anchor_rank,6,73,8,2,10.0,6.0,5.28823219543114,0.2880756370127484,20185.33682474354,17871.265126077662,22046.837532519996,20201.6476668834,2314.071698665877,16.31084213986105,1,False
valid_2025_jan_feb,2025-02-11,support2_then_anchor_rank,6,73,8,2,10.0,6.0,5.28823219543114,0.2880756370127484,20185.33682474354,17871.265126077662,22046.837532519996,20201.6476668834,2314.071698665877,16.31084213986105,1,False
valid_2025_jan_feb,2025-02-11,unanimous_then_anchor_rank,17,73,1,1,10.0,1.0,5.576307832443889,0.0,17871.265126077662,17871.265126077662,22046.837532519996,20201.6476668834,0.0,2330.3825408057382,0,False
valid_2025_jan_feb,2025-02-11,support_score,6,73,8,2,10.0,6.0,5.28823219543114,0.2880756370127484,20185.33682474354,17871.265126077662,22046.837532519996,20201.6476668834,2314.071698665877,16.31084213986105,1,False
valid_2025_jan_feb,2025-02-11,anchor_rank_le5_support2,17,73,1,1,10.0,1.0,5.576307832443889,0.0,17871.265126077662,17871.265126077662,22046.837532519996,20201.6476668834,0.0,2330.3825408057382,0,False
valid_2025_jan_feb,2025-02-12,anchor_top1,32,73,1,3,30.0,1.0,3.7913421846296256,0.0,3212.819143151739,3212.819143151739,3393.0655607679014,3392.130240387731,0.0,179.3110972359923,0,False
valid_2025_jan_feb,2025-02-12,support_then_anchor_rank,32,73,1,3,30.0,1.0,3.7913421846296256,0.0,3212.819143151739,3212.819143151739,3393.0655607679014,3392.130240387731,0.0,179.3110972359923,0,False
valid_2025_jan_feb,2025-02-12,support2_then_anchor_rank,32,73,1,3,30.0,1.0,3.7913421846296256,0.0,3212.819143151739,3212.819143151739,3393.0655607679014,3392.130240387731,0.0,179.3110972359923,0,False
valid_2025_jan_feb,2025-02-12,unanimous_then_anchor_rank,32,73,1,3,30.0,1.0,3.7913421846296256,0.0,3212.819143151739,3212.819143151739,3393.0655607679014,3392.130240387731,0.0,179.3110972359923,0,False
valid_2025_jan_feb,2025-02-12,support_score,32,73,1,3,30.0,1.0,3.7913421846296256,0.0,3212.819143151739,3212.819143151739,3393.0655607679014,3392.130240387731,0.0,179.3110972359923,0,False
valid_2025_jan_feb,2025-02-12,anchor_rank_le5_support2,32,73,1,3,30.0,1.0,3.7913421846296256,0.0,3212.819143151739,3212.819143151739,3393.0655607679014,3392.130240387731,0.0,179.3110972359923,0,False
valid_2025_jan_feb,2025-02-13,anchor_top1,32,71,1,3,30.0,1.0,7.652409533975094,0.0,24599.753152483343,24599.753152483343,25864.471737285356,24718.398860843772,0.0,118.64570836042913,0,False
valid_2025_jan_feb,2025-02-13,support_then_anchor_rank,32,71,1,3,30.0,1.0,7.652409533975094,0.0,24599.753152483343,24599.753152483343,25864.471737285356,24718.398860843772,0.0,118.64570836042913,0,False
valid_2025_jan_feb,2025-02-13,support2_then_anchor_rank,32,71,1,3,30.0,1.0,7.652409533975094,0.0,24599.753152483343,24599.753152483343,25864.471737285356,24718.398860843772,0.0,118.64570836042913,0,False
valid_2025_jan_feb,2025-02-13,unanimous_then_anchor_rank,32,71,1,3,30.0,1.0,7.652409533975094,0.0,24599.753152483343,24599.753152483343,25864.471737285356,24718.398860843772,0.0,118.64570836042913,0,False
valid_2025_jan_feb,2025-02-13,support_score,32,71,1,3,30.0,1.0,7.652409533975094,0.0,24599.753152483343,24599.753152483343,25864.471737285356,24718.398860843772,0.0,118.64570836042913,0,False
valid_2025_jan_feb,2025-02-13,anchor_rank_le5_support2,32,71,1,3,30.0,1.0,7.652409533975094,0.0,24599.753152483343,24599.753152483343,25864.471737285356,24718.398860843772,0.0,118.64570836042913,0,False
valid_2025_jan_feb,2025-02-14,anchor_top1,32,79,1,3,30.0,1.0,3.5295656976631555,0.0,765.5279175487381,765.5279175487381,4056.252249372392,1495.3068721316854,0.0,729.7789545829473,0,False
valid_2025_jan_feb,2025-02-14,support_then_anchor_rank,32,79,1,3,30.0,1.0,3.5295656976631555,0.0,765.5279175487381,765.5279175487381,4056.252249372392,1495.3068721316854,0.0,729.7789545829473,0,False
valid_2025_jan_feb,2025-02-14,support2_then_anchor_rank,32,79,1,3,30.0,1.0,3.5295656976631555,0.0,765.5279175487381,765.5279175487381,4056.252249372392,1495.3068721316854,0.0,729.7789545829473,0,False
valid_2025_jan_feb,2025-02-14,unanimous_then_anchor_rank,32,79,1,3,30.0,1.0,3.5295656976631555,0.0,765.5279175487381,765.5279175487381,4056.252249372392,1495.3068721316854,0.0,729.7789545829473,0,False
valid_2025_jan_feb,2025-02-14,support_score,32,79,1,3,30.0,1.0,3.5295656976631555,0.0,765.5279175487381,765.5279175487381,4056.252249372392,1495.3068721316854,0.0,729.7789545829473,0,False
valid_2025_jan_feb,2025-02-14,anchor_rank_le5_support2,32,79,1,3,30.0,1.0,3.5295656976631555,0.0,765.5279175487381,765.5279175487381,4056.252249372392,1495.3068721316854,0.0,729.7789545829473,0,False
valid_2025_jan_feb,2025-02-15,anchor_top1,32,88,1,3,30.0,1.0,9.98294711573892,0.0,34504.55101359586,34504.55101359586,34517.77593475354,34517.77593475353,0.0,13.224921157670906,0,False
valid_2025_jan_feb,2025-02-15,support_then_anchor_rank,32,88,1,3,30.0,1.0,9.98294711573892,0.0,34504.55101359586,34504.55101359586,34517.77593475354,34517.77593475353,0.0,13.224921157670906,0,False
valid_2025_jan_feb,2025-02-15,support2_then_anchor_rank,32,88,1,3,30.0,1.0,9.98294711573892,0.0,34504.55101359586,34504.55101359586,34517.77593475354,34517.77593475353,0.0,13.224921157670906,0,False
valid_2025_jan_feb,2025-02-15,unanimous_then_anchor_rank,32,88,1,3,30.0,1.0,9.98294711573892,0.0,34504.55101359586,34504.55101359586,34517.77593475354,34517.77593475353,0.0,13.224921157670906,0,False
valid_2025_jan_feb,2025-02-15,support_score,32,88,1,3,30.0,1.0,9.98294711573892,0.0,34504.55101359586,34504.55101359586,34517.77593475354,34517.77593475353,0.0,13.224921157670906,0,False
valid_2025_jan_feb,2025-02-15,anchor_rank_le5_support2,32,88,1,3,30.0,1.0,9.98294711573892,0.0,34504.55101359586,34504.55101359586,34517.77593475354,34517.77593475353,0.0,13.224921157670906,0,False
valid_2025_jan_feb,2025-02-16,anchor_top1,55,81,1,3,25.0,2.6666666666666665,15.349178853331601,0.0,38176.34204765367,38176.34204765367,38176.342047653634,38176.34204765367,0.0,0.0,0,False
valid_2025_jan_feb,2025-02-16,support_then_anchor_rank,55,81,1,3,25.0,2.6666666666666665,15.349178853331601,0.0,38176.34204765367,38176.34204765367,38176.342047653634,38176.34204765367,0.0,0.0,0,False
valid_2025_jan_feb,2025-02-16,support2_then_anchor_rank,55,81,1,3,25.0,2.6666666666666665,15.349178853331601,0.0,38176.34204765367,38176.34204765367,38176.342047653634,38176.34204765367,0.0,0.0,0,False
valid_2025_jan_feb,2025-02-16,unanimous_then_anchor_rank,55,81,1,3,25.0,2.6666666666666665,15.349178853331601,0.0,38176.34204765367,38176.34204765367,38176.342047653634,38176.34204765367,0.0,0.0,0,False
valid_2025_jan_feb,2025-02-16,support_score,55,83,2,3,29.0,1.3333333333333333,15.267967762524044,0.08121109080755673,38176.34204765367,38176.34204765367,38176.342047653634,38176.34204765367,0.0,0.0,1,False
valid_2025_jan_feb,2025-02-16,anchor_rank_le5_support2,55,81,1,3,25.0,2.6666666666666665,15.349178853331601,0.0,38176.34204765367,38176.34204765367,38176.342047653634,38176.34204765367,0.0,0.0,0,False
valid_2025_jan_feb,2025-02-17,anchor_top1,48,69,1,3,21.0,4.0,8.948780220443368,0.0,3244.9890740505625,3244.9890740505625,19310.866352438166,3626.752494527099,0.0,381.76342047653634,0,False
valid_2025_jan_feb,2025-02-17,support_then_anchor_rank,48,69,1,3,21.0,4.0,8.948780220443368,0.0,3244.9890740505625,3244.9890740505625,19310.866352438166,3626.752494527099,0.0,381.76342047653634,0,False
valid_2025_jan_feb,2025-02-17,support2_then_anchor_rank,48,69,1,3,21.0,4.0,8.948780220443368,0.0,3244.9890740505625,3244.9890740505625,19310.866352438166,3626.752494527099,0.0,381.76342047653634,0,False
valid_2025_jan_feb,2025-02-17,unanimous_then_anchor_rank,48,69,1,3,21.0,4.0,8.948780220443368,0.0,3244.9890740505625,3244.9890740505625,19310.866352438166,3626.752494527099,0.0,381.76342047653634,0,False
valid_2025_jan_feb,2025-02-17,support_score,48,68,6,3,25.0,2.6666666666666665,8.770365687024977,0.17841453341839042,3149.548218931428,3244.9890740505625,19310.866352438166,3626.752494527099,-95.44085511913454,477.2042755956709,1,False
valid_2025_jan_feb,2025-02-17,anchor_rank_le5_support2,48,69,1,3,21.0,4.0,8.948780220443368,0.0,3244.9890740505625,3244.9890740505625,19310.866352438166,3626.752494527099,0.0,381.76342047653634,0,False
valid_2025_jan_feb,2025-02-18,anchor_top1,48,69,1,1,10.0,1.0,9.011136385003951,0.0,29427.59699506637,29427.59699506637,33531.553765189106,33340.672054950875,0.0,3913.0750598845043,0,False
valid_2025_jan_feb,2025-02-18,support_then_anchor_rank,48,68,6,3,10.0,7.666666666666667,8.890378299460636,0.12075808554331502,25705.403645420138,29427.59699506637,33531.553765189106,33340.672054950875,-3722.1933496462334,7635.268409530738,1,False
valid_2025_jan_feb,2025-02-18,support2_then_anchor_rank,48,68,6,3,10.0,7.666666666666667,8.890378299460636,0.12075808554331502,25705.403645420138,29427.59699506637,33531.553765189106,33340.672054950875,-3722.1933496462334,7635.268409530738,1,False
valid_2025_jan_feb,2025-02-18,unanimous_then_anchor_rank,48,68,6,3,10.0,7.666666666666667,8.890378299460636,0.12075808554331502,25705.403645420138,29427.59699506637,33531.553765189106,33340.672054950875,-3722.1933496462334,7635.268409530738,1,False
valid_2025_jan_feb,2025-02-18,support_score,48,68,6,3,10.0,7.666666666666667,8.890378299460636,0.12075808554331502,25705.403645420138,29427.59699506637,33531.553765189106,33340.672054950875,-3722.1933496462334,7635.268409530738,1,False
valid_2025_jan_feb,2025-02-18,anchor_rank_le5_support2,48,69,1,1,10.0,1.0,9.011136385003951,0.0,29427.59699506637,29427.59699506637,33531.553765189106,33340.672054950875,0.0,3913.0750598845043,0,False
valid_2025_jan_feb,2025-02-19,anchor_top1,49,69,1,1,10.0,1.0,8.980479304974125,0.0,5535.569596909782,5535.569596909782,22174.092006012186,6299.096437862856,0.0,763.5268409530736,0,False
valid_2025_jan_feb,2025-02-19,support_then_anchor_rank,49,68,4,3,19.0,4.666666666666667,8.92196188438838,0.05851742058574416,5344.687886671515,5535.569596909782,22174.092006012186,6299.096437862856,-190.88171023826726,954.4085511913408,1,False
valid_2025_jan_feb,2025-02-19,support2_then_anchor_rank,49,68,4,3,19.0,4.666666666666667,8.92196188438838,0.05851742058574416,5344.687886671515,5535.569596909782,22174.092006012186,6299.096437862856,-190.88171023826726,954.4085511913408,1,False
valid_2025_jan_feb,2025-02-19,unanimous_then_anchor_rank,49,68,4,3,19.0,4.666666666666667,8.92196188438838,0.05851742058574416,5344.687886671515,5535.569596909782,22174.092006012186,6299.096437862856,-190.88171023826726,954.4085511913408,1,False
valid_2025_jan_feb,2025-02-19,support_score,48,68,5,3,24.0,3.0,8.885815579099173,0.09466372587495187,5281.060649925426,5535.569596909782,22174.092006012186,6299.096437862856,-254.50894698435604,1018.0357879374296,1,False
valid_2025_jan_feb,2025-02-19,anchor_rank_le5_support2,49,68,4,3,19.0,4.666666666666667,8.92196188438838,0.05851742058574416,5344.687886671515,5535.569596909782,22174.092006012186,6299.096437862856,-190.88171023826726,954.4085511913408,1,False
valid_2025_jan_feb,2025-02-20,anchor_top1,48,75,1,1,10.0,1.0,8.726320812153133,0.0,32629.182749570587,32629.182749570587,32660.99636794362,32660.996367943633,0.0,31.813618373045756,0,False
valid_2025_jan_feb,2025-02-20,support_then_anchor_rank,48,75,1,1,10.0,1.0,8.726320812153133,0.0,32629.182749570587,32629.182749570587,32660.99636794362,32660.996367943633,0.0,31.813618373045756,0,False
valid_2025_jan_feb,2025-02-20,support2_then_anchor_rank,48,75,1,1,10.0,1.0,8.726320812153133,0.0,32629.182749570587,32629.182749570587,32660.99636794362,32660.996367943633,0.0,31.813618373045756,0,False
valid_2025_jan_feb,2025-02-20,unanimous_then_anchor_rank,48,75,1,1,10.0,1.0,8.726320812153133,0.0,32629.182749570587,32629.182749570587,32660.99636794362,32660.996367943633,0.0,31.813618373045756,0,False
valid_2025_jan_feb,2025-02-20,support_score,48,75,1,1,10.0,1.0,8.726320812153133,0.0,32629.182749570587,32629.182749570587,32660.99636794362,32660.996367943633,0.0,31.813618373045756,0,False
valid_2025_jan_feb,2025-02-20,anchor_rank_le5_support2,48,75,1,1,10.0,1.0,8.726320812153133,0.0,32629.182749570587,32629.182749570587,32660.99636794362,32660.996367943633,0.0,31.813618373045756,0,False
valid_2025_jan_feb,2025-02-21,anchor_top1,52,88,1,3,23.0,3.3333333333333335,8.795791454980659,0.0,32895.28139772825,32895.28139772825,34246.71754349148,34246.71754349151,0.0,1351.4361457632622,0,False
valid_2025_jan_feb,2025-02-21,support_then_anchor_rank,52,88,1,3,23.0,3.3333333333333335,8.795791454980659,0.0,32895.28139772825,32895.28139772825,34246.71754349148,34246.71754349151,0.0,1351.4361457632622,0,False
valid_2025_jan_feb,2025-02-21,support2_then_anchor_rank,52,88,1,3,23.0,3.3333333333333335,8.795791454980659,0.0,32895.28139772825,32895.28139772825,34246.71754349148,34246.71754349151,0.0,1351.4361457632622,0,False
valid_2025_jan_feb,2025-02-21,unanimous_then_anchor_rank,52,88,1,3,23.0,3.3333333333333335,8.795791454980659,0.0,32895.28139772825,32895.28139772825,34246.71754349148,34246.71754349151,0.0,1351.4361457632622,0,False
valid_2025_jan_feb,2025-02-21,support_score,49,88,2,3,29.0,1.3333333333333333,8.739246149902854,0.05654530507780464,34246.71754349151,32895.28139772825,34246.71754349148,34246.71754349151,1351.4361457632622,0.0,1,False
valid_2025_jan_feb,2025-02-21,anchor_rank_le5_support2,52,88,1,3,23.0,3.3333333333333335,8.795791454980659,0.0,32895.28139772825,32895.28139772825,34246.71754349148,34246.71754349151,0.0,1351.4361457632622,0,False
valid_2025_jan_feb,2025-02-22,anchor_top1,55,88,1,3,30.0,1.0,9.956035454387894,0.0,31972.686464909948,31972.686464909948,31972.686464909926,31972.686464909948,0.0,0.0,0,False
valid_2025_jan_feb,2025-02-22,support_then_anchor_rank,55,88,1,3,30.0,1.0,9.956035454387894,0.0,31972.686464909948,31972.686464909948,31972.686464909926,31972.686464909948,0.0,0.0,0,False
valid_2025_jan_feb,2025-02-22,support2_then_anchor_rank,55,88,1,3,30.0,1.0,9.956035454387894,0.0,31972.686464909948,31972.686464909948,31972.686464909926,31972.686464909948,0.0,0.0,0,False
valid_2025_jan_feb,2025-02-22,unanimous_then_anchor_rank,55,88,1,3,30.0,1.0,9.956035454387894,0.0,31972.686464909948,31972.686464909948,31972.686464909926,31972.686464909948,0.0,0.0,0,False
valid_2025_jan_feb,2025-02-22,support_score,55,88,1,3,30.0,1.0,9.956035454387894,0.0,31972.686464909948,31972.686464909948,31972.686464909926,31972.686464909948,0.0,0.0,0,False
valid_2025_jan_feb,2025-02-22,anchor_rank_le5_support2,55,88,1,3,30.0,1.0,9.956035454387894,0.0,31972.686464909948,31972.686464909948,31972.686464909926,31972.686464909948,0.0,0.0,0,False
valid_2025_jan_feb,2025-02-23,anchor_top1,48,69,1,3,28.0,1.6666666666666667,8.386599032495745,0.0,20532.509297963064,20532.509297963064,30553.79908547212,23332.107714791,0.0,2799.5984168279356,0,False
valid_2025_jan_feb,2025-02-23,support_then_anchor_rank,48,69,1,3,28.0,1.6666666666666667,8.386599032495745,0.0,20532.509297963064,20532.509297963064,30553.79908547212,23332.107714791,0.0,2799.5984168279356,0,False
valid_2025_jan_feb,2025-02-23,support2_then_anchor_rank,48,69,1,3,28.0,1.6666666666666667,8.386599032495745,0.0,20532.509297963064,20532.509297963064,30553.79908547212,23332.107714791,0.0,2799.5984168279356,0,False
valid_2025_jan_feb,2025-02-23,unanimous_then_anchor_rank,48,69,1,3,28.0,1.6666666666666667,8.386599032495745,0.0,20532.509297963064,20532.509297963064,30553.79908547212,23332.107714791,0.0,2799.5984168279356,0,False
valid_2025_jan_feb,2025-02-23,support_score,48,69,1,3,28.0,1.6666666666666667,8.386599032495745,0.0,20532.509297963064,20532.509297963064,30553.79908547212,23332.107714791,0.0,2799.5984168279356,0,False
valid_2025_jan_feb,2025-02-23,anchor_rank_le5_support2,48,69,1,3,28.0,1.6666666666666667,8.386599032495745,0.0,20532.509297963064,20532.509297963064,30553.79908547212,23332.107714791,0.0,2799.5984168279356,0,False
valid_2025_jan_feb,2025-02-24,anchor_top1,55,73,1,3,23.0,3.3333333333333335,3.9226141223632904,0.0,4262.84034300143,4262.84034300143,4739.659673814786,4262.84034300143,0.0,0.0,0,False
valid_2025_jan_feb,2025-02-24,support_then_anchor_rank,55,73,1,3,23.0,3.3333333333333335,3.9226141223632904,0.0,4262.84034300143,4262.84034300143,4739.659673814786,4262.84034300143,0.0,0.0,0,False
valid_2025_jan_feb,2025-02-24,support2_then_anchor_rank,55,73,1,3,23.0,3.3333333333333335,3.9226141223632904,0.0,4262.84034300143,4262.84034300143,4739.659673814786,4262.84034300143,0.0,0.0,0,False
valid_2025_jan_feb,2025-02-24,unanimous_then_anchor_rank,55,73,1,3,23.0,3.3333333333333335,3.9226141223632904,0.0,4262.84034300143,4262.84034300143,4739.659673814786,4262.84034300143,0.0,0.0,0,False
valid_2025_jan_feb,2025-02-24,support_score,57,73,2,3,29.0,1.3333333333333333,4.031342863430472,-0.108728741067182,4262.8371616395925,4262.84034300143,4739.659673814786,4262.84034300143,-0.0031813618370506447,0.0031813618370506447,1,False
valid_2025_jan_feb,2025-02-24,anchor_rank_le5_support2,55,73,1,3,23.0,3.3333333333333335,3.9226141223632904,0.0,4262.84034300143,4262.84034300143,4739.659673814786,4262.84034300143,0.0,0.0,0,False
valid_2025_jan_feb,2025-02-25,anchor_top1,54,73,1,1,10.0,1.0,10.594577993454088,0.0,38176.34204765367,38176.34204765367,38176.34204765365,38176.34204765367,0.0,0.0,0,False
valid_2025_jan_feb,2025-02-25,support_then_anchor_rank,55,73,2,3,16.0,5.666666666666667,10.530312870356106,0.06426512309798227,38176.34204765367,38176.34204765367,38176.34204765365,38176.34204765367,0.0,0.0,1,False
valid_2025_jan_feb,2025-02-25,support2_then_anchor_rank,55,73,2,3,16.0,5.666666666666667,10.530312870356106,0.06426512309798227,38176.34204765367,38176.34204765367,38176.34204765365,38176.34204765367,0.0,0.0,1,False
valid_2025_jan_feb,2025-02-25,unanimous_then_anchor_rank,55,73,2,3,16.0,5.666666666666667,10.530312870356106,0.06426512309798227,38176.34204765367,38176.34204765367,38176.34204765365,38176.34204765367,0.0,0.0,1,False
valid_2025_jan_feb,2025-02-25,support_score,55,73,2,3,16.0,5.666666666666667,10.530312870356106,0.06426512309798227,38176.34204765367,38176.34204765367,38176.34204765365,38176.34204765367,0.0,0.0,1,False
valid_2025_jan_feb,2025-02-25,anchor_rank_le5_support2,55,73,2,3,16.0,5.666666666666667,10.530312870356106,0.06426512309798227,38176.34204765367,38176.34204765367,38176.34204765365,38176.34204765367,0.0,0.0,1,False
valid_2025_jan_feb,2025-02-26,anchor_top1,52,71,1,3,28.0,1.6666666666666667,10.511013155387161,0.0,38176.34204765367,38176.34204765367,38176.34204765365,38176.34204765367,0.0,0.0,0,False
valid_2025_jan_feb,2025-02-26,support_then_anchor_rank,52,71,1,3,28.0,1.6666666666666667,10.511013155387161,0.0,38176.34204765367,38176.34204765367,38176.34204765365,38176.34204765367,0.0,0.0,0,False
valid_2025_jan_feb,2025-02-26,support2_then_anchor_rank,52,71,1,3,28.0,1.6666666666666667,10.511013155387161,0.0,38176.34204765367,38176.34204765367,38176.34204765365,38176.34204765367,0.0,0.0,0,False
valid_2025_jan_feb,2025-02-26,unanimous_then_anchor_rank,52,71,1,3,28.0,1.6666666666666667,10.511013155387161,0.0,38176.34204765367,38176.34204765367,38176.34204765365,38176.34204765367,0.0,0.0,0,False
valid_2025_jan_feb,2025-02-26,support_score,51,71,2,3,29.0,1.3333333333333333,10.558211277718982,-0.04719812233182097,38176.34204765367,38176.34204765367,38176.34204765365,38176.34204765367,0.0,0.0,1,False
valid_2025_jan_feb,2025-02-26,anchor_rank_le5_support2,52,71,1,3,28.0,1.6666666666666667,10.511013155387161,0.0,38176.34204765367,38176.34204765367,38176.34204765365,38176.34204765367,0.0,0.0,0,False
valid_2025_jan_feb,2025-02-27,anchor_top1,55,73,1,3,26.0,2.3333333333333335,7.697391925226874,0.0,6603.409604410214,6603.409604410214,7413.314338227508,7413.314338227513,0.0,809.9047338172986,0,False
valid_2025_jan_feb,2025-02-27,support_then_anchor_rank,55,73,1,3,26.0,2.3333333333333335,7.697391925226874,0.0,6603.409604410214,6603.409604410214,7413.314338227508,7413.314338227513,0.0,809.9047338172986,0,False
valid_2025_jan_feb,2025-02-27,support2_then_anchor_rank,55,73,1,3,26.0,2.3333333333333335,7.697391925226874,0.0,6603.409604410214,6603.409604410214,7413.314338227508,7413.314338227513,0.0,809.9047338172986,0,False
valid_2025_jan_feb,2025-02-27,unanimous_then_anchor_rank,55,73,1,3,26.0,2.3333333333333335,7.697391925226874,0.0,6603.409604410214,6603.409604410214,7413.314338227508,7413.314338227513,0.0,809.9047338172986,0,False
valid_2025_jan_feb,2025-02-27,support_score,57,73,2,3,29.0,1.3333333333333333,7.80583576029958,-0.1084438350727055,6603.409604410214,6603.409604410214,7413.314338227508,7413.314338227513,0.0,809.9047338172986,1,False
valid_2025_jan_feb,2025-02-27,anchor_rank_le5_support2,55,73,1,3,26.0,2.3333333333333335,7.697391925226874,0.0,6603.409604410214,6603.409604410214,7413.314338227508,7413.314338227513,0.0,809.9047338172986,0,False
valid_2025_jan_feb,2025-02-28,anchor_top1,52,71,1,2,14.0,4.0,5.84934001330841,0.0,9035.067617944704,9035.067617944704,9162.322091436878,9098.694854690793,0.0,63.62723674608969,0,False
valid_2025_jan_feb,2025-02-28,support_then_anchor_rank,53,71,2,3,21.0,4.0,5.812823537252591,0.036516476055819425,9035.067617944704,9035.067617944704,9162.322091436878,9098.694854690793,0.0,63.62723674608969,1,False
valid_2025_jan_feb,2025-02-28,support2_then_anchor_rank,52,71,1,2,14.0,4.0,5.84934001330841,0.0,9035.067617944704,9035.067617944704,9162.322091436878,9098.694854690793,0.0,63.62723674608969,0,False
valid_2025_jan_feb,2025-02-28,unanimous_then_anchor_rank,53,71,2,3,21.0,4.0,5.812823537252591,0.036516476055819425,9035.067617944704,9035.067617944704,9162.322091436878,9098.694854690793,0.0,63.62723674608969,1,False
valid_2025_jan_feb,2025-02-28,support_score,55,71,7,3,24.0,3.0,5.695832745950497,0.15350726735791298,9035.067617944704,9035.067617944704,9162.322091436878,9098.694854690793,0.0,63.62723674608969,1,False
valid_2025_jan_feb,2025-02-28,anchor_rank_le5_support2,53,71,2,3,21.0,4.0,5.812823537252591,0.036516476055819425,9035.067617944704,9035.067617944704,9162.322091436878,9098.694854690793,0.0,63.62723674608969,1,False
