date,month,dayofweek,is_weekend,load_mean,load_std,load_range,renewable_ratio_mean,renewable_ratio_std,renewable_ratio_max,net_load_mean,net_load_std,net_load_range,wind_ratio_mean,wind_ratio_std,solar_ratio_mean,solar_ratio_max,hydro_ratio_mean,tie_line_ratio_mean,non_market_ratio_mean,fold,ens_baseline_baseline_last_180d__profit,oracle_profit,ens_baseline_baseline_last_180d__regret,ens_baseline_baseline_last_180d__charge_start,ens_baseline_baseline_last_180d__discharge_start,ens_baseline_baseline_last_180d__predicted_spread,lgb_baseline__profit,lgb_baseline__regret,lgb_baseline__charge_start,lgb_baseline__discharge_start,lgb_baseline__predicted_spread,lgb_baseline_last_180d__profit,lgb_baseline_last_180d__regret,lgb_baseline_last_180d__charge_start,lgb_baseline_last_180d__discharge_start,lgb_baseline_last_180d__predicted_spread,lgb_business__profit,lgb_business__regret,lgb_business__charge_start,lgb_business__discharge_start,lgb_business__predicted_spread,lgb_business_last_180d__profit,lgb_business_last_180d__regret,lgb_business_last_180d__charge_start,lgb_business_last_180d__discharge_start,lgb_business_last_180d__predicted_spread,ens_business_business_last_180d__profit,ens_business_business_last_180d__regret,ens_business_business_last_180d__charge_start,ens_business_business_last_180d__discharge_start,ens_business_business_last_180d__predicted_spread,cat_baseline_last_180d__profit,cat_baseline_last_180d__regret,cat_baseline_last_180d__charge_start,cat_baseline_last_180d__discharge_start,cat_baseline_last_180d__predicted_spread,ens_base_base180_cat180__profit,ens_base_base180_cat180__regret,ens_base_base180_cat180__charge_start,ens_base_base180_cat180__discharge_start,ens_base_base180_cat180__predicted_spread,best_model,best_profit,champion_gap_to_best,champion_predicted_spread,lgb180_predicted_spread,champion_lgb180_charge_start_diff,champion_lgb180_discharge_start_diff,champion_cat180_charge_start_diff,champion_cat180_discharge_start_diff
2025-09-01,9,0,0,2.8901042693277943,0.07921403858473407,0.251502984865108,0.5636769744259977,0.1827479259993391,0.8835855165751622,1.2197124736911027,0.510366277023003,1.5045240544461622,0.3692958349043782,0.06946523980158655,0.1943811395216195,0.5887723839717673,0.012782390304953832,0.0550641066144088,0.21487660543750442,valid_2025_09,6744.487095085481,7673.047081348724,928.5599862632434,39,72,6.683141887277909,6744.487095085481,928.5599862632434,39,72,6.470672875627059,6951.275614510272,721.7714668384524,47,71,7.020001700130532,7460.293508478988,212.75357286973667,54,71,5.940246447511413,6744.487095085481,928.5599862632434,39,72,7.730508391138239,7142.15732474854,530.8897566001842,39,71,6.8032613416762775,7460.293508478988,212.75357286973667,53,71,5.452133598474777,6744.487095085481,928.5599862632434,39,72,6.220882737322839,lgb_business,7460.293508478988,715.8064133935068,6.683141887277909,7.020001700130532,8,1,14,1
2025-09-02,9,1,0,2.8775490921878855,0.06640438602714337,0.217700893934349,0.6224236955016961,0.17062572612202712,0.9069189147143616,1.0550693716187907,0.4949146743598973,1.5673131915705316,0.5050537090523711,0.07574763386301747,0.11736998644932499,0.3644511101280038,0.010800756175850322,0.0553920426092388,0.21963401447160388,valid_2025_09,5462.449176441176,7323.284979593634,1860.8358031524576,24,78,6.750276310839038,6350.0491290491245,973.235850544509,23,79,6.170935321929813,5936.529354712614,1386.7556248810197,41,78,7.392208029714122,6826.356260606674,496.9287189869592,42,79,6.518723844941155,5462.449176441176,1860.8358031524576,29,78,7.707724229438656,5899.822801833795,1423.4621777598386,40,78,7.048288835094466,5462.449176441176,1860.8358031524576,32,78,6.211617318862437,5462.449176441176,1860.8358031524576,24,78,6.525047245210867,lgb_business,6826.356260606674,1363.9070841654984,6.750276310839038,7.392208029714122,17,0,8,0
2025-09-03,9,2,0,2.863079179126931,0.06433892771945646,0.2356749103359128,0.4376494722387784,0.17791957367342728,0.7637417597143777,1.5806150580094738,0.517042002486019,1.615549897389835,0.2521165342822673,0.06738894517339354,0.18553293795651107,0.5672059906702677,0.009553163463907116,0.05568004449662541,0.2023940736198037,valid_2025_09,7779.43818391186,8892.914826968426,1113.476643056566,51,68,9.346410219508527,7174.97943482401,1717.9353921444165,52,68,9.521059063893208,7938.506275777084,954.4085511913428,50,68,9.174762920739315,7779.43818391186,1113.476643056566,51,68,9.1202094899197,7938.506275777084,954.4085511913428,50,68,9.807158912897869,7779.43818391186,1113.476643056566,51,68,9.456402171533906,7187.01770801637,1705.8971189520562,52,70,8.99659827872566,7811.251802284905,1081.6630246835211,51,69,9.195056663638905,lgb_baseline_last_180d,7938.506275777084,159.06809186522423,9.346410219508527,9.174762920739315,1,0,1,2
2025-09-04,9,3,0,2.887745749471746,0.06709106254421518,0.22481195621729322,0.44304230463526895,0.17153201009175953,0.7543444281542694,1.5697197861932668,0.480721682041178,1.3812432003196053,0.28936823880085777,0.04591363635212995,0.15367406583441115,0.48484327101331626,0.01187933921590842,0.06080481686876752,0.19755612073607967,valid_2025_09,4581.16104571844,8239.727158618583,3658.566112900144,48,70,9.146767198992034,4581.16104571844,3658.566112900144,48,70,8.72177105910118,4676.601900837574,3563.125257781009,49,70,9.576173670490483,5567.383215282826,2672.343943335757,50,70,8.526168325692787,5567.383215282826,2672.343943335757,50,70,8.535793216341652,5567.383215282826,2672.343943335757,50,70,8.53098077101723,4740.229137583664,3499.4980210349195,49,71,7.223170836176607,4676.601900837574,3563.125257781009,49,70,8.498510277223495,lgb_business,5567.383215282826,986.2221695643866,9.146767198992034,9.576173670490483,1,0,1,1
2025-09-05,9,4,0,2.8939704857491946,0.0652300211649647,0.21246928401021048,0.5567701908048872,0.24137784404919715,0.9762359950748686,1.2387806092509377,0.6924831772913703,2.1581632217173006,0.3873744645243759,0.07723175765992715,0.16939572628051128,0.5289618844350884,0.015309106643567221,0.0607308782475787,0.21240527075528928,valid_2025_09,10689.375773343028,10689.375773343028,0.0,58,74,8.846842237038096,10180.35787937431,509.0178939687176,51,75,8.60070299417323,10689.375773343028,0.0,58,73,9.188331662160683,9894.03531401691,795.3404593261184,49,74,8.485977205598726,10669.915382984236,19.46039035879221,61,74,8.605978457065019,10053.103405882131,636.2723674608951,50,74,8.504842406412095,7794.336501395957,2895.039271947071,50,78,9.069654079139209,9894.03531401691,795.3404593261184,49,74,8.756710828895304,ens_baseline_baseline_last_180d,10689.375773343028,0.0,8.846842237038096,9.188331662160683,0,1,8,4
2025-09-06,9,5,1,2.9221451041807085,0.070514800608519,0.2306887512795286,0.5885745751477364,0.3124924526044536,1.1143883764393803,1.1625650978129236,0.8966443133352896,2.5115753030094874,0.3928283095545943,0.09626623871670757,0.19574626559314204,0.5877263930211732,0.011093374633542506,0.06014414133774876,0.20843560967883004,valid_2025_09,7176.369689946912,7348.945844173331,172.57615422641902,63,88,6.153673949455204,7176.369689946912,172.57615422641902,63,88,6.219280343142241,3132.8524320092533,4216.093412164079,63,83,6.340353536029173,7348.945844173331,0.0,36,88,6.085994006989353,1579.740215293746,5769.205628879585,36,81,5.77942193709579,7348.945844173331,0.0,36,88,5.926417634746006,7189.877752308108,159.06809186522332,54,88,6.239746974459148,7186.985894397998,161.95994977533337,40,88,6.037034465596822,lgb_business,7348.945844173331,172.57615422641902,6.153673949455204,6.340353536029173,0,5,9,0
2025-09-07,9,6,1,2.904017242681677,0.07279434441232274,0.24521944265059403,0.353484274206797,0.24192860947483466,0.7726701537594003,1.8418795508343244,0.6904340936453414,1.969542645306309,0.16964759857603506,0.047143647688558214,0.1838366756307619,0.5578278547175036,0.011329971536742098,0.060520828101285506,0.18727699987168075,valid_2025_09,8335.168013737719,24814.62233097489,16479.454317237167,53,85,17.45609573988881,8335.168013737719,16479.454317237167,53,85,17.33179027754972,8335.168013737719,16479.454317237167,55,85,17.603285160803715,8303.354395364673,16511.267935610213,54,86,16.983711014757937,8335.168013737719,16479.454317237167,54,85,19.810848383185075,8335.168013737719,16479.454317237167,54,85,18.376746028680486,8462.422487229896,16352.19984374499,54,83,15.984423213949576,8398.795250483807,16415.82708049108,54,84,16.84480130488523,cat_baseline_last_180d,8462.422487229896,127.25447349217757,17.45609573988881,17.603285160803715,2,0,1,2
2025-09-08,9,0,0,2.890407649522373,0.06013652418372829,0.20504965492209015,0.4048673651788926,0.23853782452965064,0.8220876697678866,1.6806732138258667,0.6728724542866253,1.9226110368152658,0.21264119059181993,0.02693255063340698,0.19222617458707267,0.5876071619166988,0.012801195695868314,0.06083681511249322,0.18580244225586537,valid_2025_09,19271.964659891582,20080.27235006656,808.3076901749737,54,70,11.587385561183892,18389.661674742754,1690.6106753238057,52,71,10.879986161356848,19271.964659891582,808.3076901749737,54,70,12.320585171681168,19185.00213406887,895.2702159976907,55,70,10.736301309774554,19271.964659891582,808.3076901749737,54,70,12.268560785464189,19185.00213406887,895.2702159976907,55,70,11.497855000678562,14540.21385160434,5540.058498462218,55,73,11.271470003976631,18381.18334544633,1699.0890046202258,54,71,11.403656494824382,ens_baseline_baseline_last_180d,19271.964659891582,0.0,11.587385561183892,12.320585171681168,0,0,1,3
2025-09-09,9,1,0,2.9017279019838926,0.0589833925067421,0.2038153877013813,0.4518561873172599,0.23746361423084547,0.8583085189963047,1.5513442530805348,0.6864185595172063,2.135853140414807,0.2667952072779432,0.06546455517777833,0.18506098003931673,0.5645781010312171,0.013403575786666538,0.0605903671712664,0.20909840248003286,valid_2025_09,18833.66207684248,22555.85542648871,3722.1933496462334,47,78,12.452351038571932,18833.66207684248,3722.1933496462334,47,78,12.219342580136916,16574.8951723563,5980.960254132409,47,71,12.806463151341235,14952.40063533102,7603.454791157688,54,79,12.65012130127684,11866.47965314568,10689.375773343028,44,81,13.115830662894393,13107.210769694428,9448.644656794282,54,80,12.786765913530068,18929.102931961614,3626.752494527096,52,75,12.546477310017778,18929.102931961614,3626.752494527096,49,78,12.405441216451152,cat_baseline_last_180d,18929.102931961614,95.44085511913363,12.452351038571932,12.806463151341235,0,7,5,3
2025-09-10,9,2,0,2.888495324279493,0.07474810255253389,0.25726056093443495,0.5871820055937663,0.24916907115326692,0.9999219921260802,1.155348323639882,0.689214565028314,2.22363478618213,0.40760893958473815,0.09707541797099184,0.17957306600902825,0.559889857732905,0.010129983298398143,0.06083036564025518,0.204864957199309,valid_2025_09,2428.654807960072,6763.524364319911,4334.869556359839,38,73,2.5354373800141303,2428.654807960072,4334.869556359839,38,73,2.0540820595563574,3237.875548982349,3525.648815337562,39,73,3.0237530502402024,6468.984341336751,294.54002298316027,54,73,2.04564618258598,2428.654807960072,4334.869556359839,38,73,3.2760359586900023,2428.654807960072,4334.869556359839,38,73,2.650269082193187,5780.515370211202,983.008994108709,54,72,2.9214586098265585,3237.875548982349,3525.648815337562,39,73,2.580921916131434,lgb_business,6468.984341336751,4040.3295333766787,2.5354373800141303,3.0237530502402024,1,0,16,1
2025-09-11,9,3,0,2.953309182689935,0.07060039466266924,0.2318037995073281,0.5462412221586,0.16814855677928,0.7969334745073254,1.3357553323716769,0.5146620052287426,1.6183676733516563,0.4182775162279788,0.11683684575786392,0.1279637059306212,0.4047676878199702,0.003017364006125782,0.06030247290286652,0.19266696536381844,valid_2025_09,8160.482616613166,8893.14388502071,732.6612684075444,43,71,9.592690918218835,8160.482616613166,732.6612684075444,43,71,9.08832923675006,8160.482616613166,732.6612684075444,43,71,10.097052599687611,8371.400543702777,521.7433413179333,39,71,9.239300136384982,8324.348202129044,568.7956828916667,38,71,9.232181959030203,8324.348202129044,568.7956828916667,38,71,9.232088394709065,7603.454791157688,1289.6890938630222,16,73,9.192696519723151,8148.323451670989,744.8204333497215,35,72,9.123927879914616,lgb_business,8371.400543702777,210.9179270896111,9.592690918218835,10.097052599687611,0,0,27,2
2025-09-12,9,4,0,2.9370212530379667,0.07198461078795955,0.2549252712497996,0.47015859847632085,0.1494513535913294,0.7596555110747543,1.5493390144570902,0.4327261955069258,1.3490091897897005,0.3065331844133949,0.07004595345276744,0.163625414062926,0.5289049028936298,0.0020861729844071273,0.060666328060221215,0.1802798636476571,valid_2025_09,4350.334156250978,5677.372438083954,1327.0382818329765,54,71,8.3692365989486,4350.334156250978,1327.0382818329765,54,71,8.287094928591607,4353.464616298885,1323.9078217850692,54,70,8.518861836250807,2508.274750662291,3169.097687421663,51,70,8.304129719358752,3780.81948558408,1896.5529524998744,53,70,7.937731514000383,3780.81948558408,1896.5529524998744,53,70,8.115696387697884,3780.81948558408,1896.5529524998744,53,70,6.119006909342858,4350.334156250978,1327.0382818329765,54,71,7.608546181757511,lgb_baseline_last_180d,4353.464616298885,3.130460047907036,8.3692365989486,8.518861836250807,0,1,1,1
2025-09-13,9,5,1,2.9280615658563938,0.07249692471263826,0.24035951546905565,0.7408793773324708,0.2500974189250894,1.1876440036864946,0.7509914172027573,0.7273478518958414,2.0548599643613787,0.5676236936271886,0.053157318500028,0.1732556837052822,0.5371139006590488,0.0011794375390431098,0.0607705628494404,0.2084454577481325,valid_2025_09,4511.069281718948,5455.46926857013,944.399986851182,34,80,1.6646216386071773,4122.943137567803,1332.526131002327,35,77,1.3444532927850277,4415.628426599814,1039.8408419703164,34,81,2.0577744222700893,5455.367464991336,0.101803578793806,35,88,1.861427777279423,4647.759674420572,807.7095941495581,35,82,2.0340578258441484,4647.759674420572,807.7095941495581,35,82,1.9007948840131577,4511.069281718948,944.399986851182,33,80,2.3218173512040767,4511.069281718948,944.399986851182,34,80,1.864626932189656,lgb_business,5455.367464991336,944.2981832723881,1.6646216386071773,2.0577744222700893,0,1,1,0
2025-09-14,9,6,1,2.9455716362873887,0.06457416807237971,0.23204223749314634,0.45370610495390423,0.18764703000445299,0.7757594649739289,1.5945465643648895,0.5499541240746882,1.7960095830920877,0.2715660773597533,0.0916784221130697,0.18214002759415102,0.5659360334274787,0.004970051671394136,0.060425823087903945,0.1931674580820435,valid_2025_09,34643.363374642955,37794.00916340826,3150.6457887653014,51,70,12.260833182974345,26917.349800064952,10876.659363343304,37,70,12.405084780938331,36565.65672576847,1228.3524376397909,52,69,12.183843763229424,34524.61586270373,3269.393300704527,49,69,12.417308980295168,35931.81491875127,1862.1942446569883,51,69,12.680859954785475,35214.58007389281,2579.429089515448,50,69,12.542260155669078,23570.557147220647,14223.45201618761,38,71,11.869461864362597,26917.349800064952,10876.659363343304,38,70,12.060624160638325,lgb_baseline_last_180d,36565.65672576847,1922.2933511255178,12.260833182974345,12.183843763229424,1,1,13,1
2025-09-15,9,0,0,2.93349443088192,0.07118405086930668,0.24380985338148964,0.5868784433776404,0.23308251615654502,0.9991841200975217,1.2022833801312103,0.6775353734005037,2.0093141013408577,0.4376455006431812,0.06265549247113862,0.14923294273445908,0.4715737843389452,0.00205255746054746,0.06070069008254756,0.19270032879161467,valid_2025_09,7158.064133935062,7262.180562784526,104.11642884946376,36,78,8.041950042140337,7126.250515562018,135.9300472225077,37,79,7.73653391497059,7158.064133935062,104.11642884946376,46,77,8.45377229872134,7126.250515562018,135.9300472225077,40,79,7.656394904131976,7230.366944411482,31.813618373043937,37,76,8.310970163010095,7158.064133935062,104.11642884946376,37,77,7.911421844691997,6808.11433183157,454.0662309529562,35,82,6.755217803130356,7126.250515562018,135.9300472225077,36,79,7.525815623800031,lgb_business_last_180d,7230.366944411482,72.30281047641984,8.041950042140337,8.45377229872134,10,1,1,4
2025-09-16,9,1,0,2.9265563530200596,0.06292518846210039,0.21214669144116227,0.3107140130630267,0.10883121639086632,0.49218074966712333,2.007225687015619,0.32677886985038357,1.0258506811687373,0.2133665604921664,0.05962492737038415,0.0973474525708603,0.3152928328168184,0.0039255975548758565,0.060849790381481104,0.1814880064681804,valid_2025_09,32795.513890510374,32795.513890510374,0.0,47,67,6.512078829359659,32636.44579864516,159.06809186521787,49,67,6.597835261131962,32795.513890510374,0.0,46,68,6.494965931892025,31904.73257606513,890.7813144452448,14,67,5.705852310540974,32795.513890510374,0.0,47,67,6.748128513799948,31809.291720945992,986.222169564382,11,67,5.920567404894161,31609.184061379543,1186.329829130831,14,70,7.3311948879229,32795.513890510374,0.0,47,68,6.541742580368741,ens_baseline_baseline_last_180d,32795.513890510374,0.0,6.512078829359659,6.494965931892025,1,1,33,3
2025-09-17,9,2,0,2.9174009626019646,0.07149331845030142,0.2514819462193012,0.26500915676882136,0.2083145725502173,0.6369756860171679,2.129132556859067,0.5923112350120548,1.682357415863442,0.09184729599287943,0.014261341106309042,0.17316186077594195,0.547450626547067,0.004227857580385724,0.06101694312397634,0.16979399500538653,valid_2025_09,29456.74463221975,34819.496291403484,5362.751659183734,51,69,13.344962806275433,25277.351410210817,9542.144881192668,49,70,13.882729658665596,29456.74463221975,5362.751659183734,51,69,12.952148684872569,21510.618994842327,13308.877296561155,49,73,13.911107624976111,29298.592772563672,5520.903518839812,50,69,14.021727004609176,29075.89744395236,5743.598847451125,49,69,13.810207249040587,25108.73923283368,9710.757058569803,49,71,11.083601381744415,25277.351410210817,9542.144881192668,49,70,12.53559449068058,ens_baseline_baseline_last_180d,29456.74463221975,0.0,13.344962806275433,12.952148684872569,0,0,2,2
2025-09-18,9,3,0,2.8729877238445947,0.0634926258085953,0.23697229349404347,0.2773746976867062,0.17332752030968043,0.5925070405950408,2.0742018214692712,0.49824535561965305,1.4562277391304042,0.13111905699755508,0.025900539197010224,0.14625564068915112,0.47768633559417656,0.0006977053675765012,0.06201742614352631,0.17831212569807145,valid_2025_09,27114.74693934602,32148.628499960232,5033.8815606142125,46,68,10.228937915271873,27114.74693934602,5033.8815606142125,46,68,10.148532157209132,27114.74693934602,5033.8815606142125,46,68,10.309343673334553,26946.13476196888,5202.49373799135,46,69,9.141176205559605,25578.14917192796,6570.479328032274,45,66,10.653844813928316,25409.53699455082,6739.091505409411,45,67,9.830799729972751,25240.924817173684,6907.703682786549,45,68,8.355745592244617,27114.74693934602,5033.8815606142125,46,68,9.602550523017229,ens_baseline_baseline_last_180d,27114.74693934602,0.0,10.228937915271873,10.309343673334553,0,0,1,0
2025-09-19,9,4,0,2.7422936837151948,0.06033886974194048,0.20544237631049667,0.2977340467000877,0.17877835298507708,0.6302649815078164,1.918798797669515,0.48861942743882975,1.4907879225984284,0.12551115876103805,0.04952550961217153,0.17222288793904958,0.5621752899001448,0.00258432501497918,0.06494358321881936,0.18845381297753527,valid_2025_09,4298.131189862648,13626.008169951016,9327.876980088367,46,69,11.417429631215889,4234.503953116559,9391.504216834455,47,70,12.216425276950012,4278.931671174516,9347.0764987765,46,68,10.79395195244269,4298.131189862648,9327.876980088367,47,69,10.916326735825509,4278.931671174516,9347.0764987765,46,68,12.514413457912582,4278.931671174516,9347.0764987765,46,68,11.646662730047169,5484.779155177216,8141.229014773799,46,71,10.434670778776628,4298.131189862648,9327.876980088367,46,69,10.998030507714894,cat_baseline_last_180d,5484.779155177216,1186.647965314568,11.417429631215889,10.79395195244269,0,1,0,2
2025-09-20,9,5,1,2.7948576445024975,0.05779290948746577,0.19160596025108045,0.2915417433765485,0.140078419315136,0.5478140582435062,1.9619626622896735,0.36095414618472343,1.0754001984864312,0.17743402560067753,0.03532208028674545,0.11410771777587092,0.37549156918353416,0.004952879938654754,0.06370971711611648,0.18492900732694562,valid_2025_09,12919.510421293464,14612.977959547172,1693.467538253708,47,67,7.100447936039018,12909.037378125058,1703.9405814221136,48,67,6.523297040436979,12016.003659498994,2596.9743000481776,47,68,7.758956360416391,12909.037378125058,1703.9405814221136,48,67,5.71219616423744,12419.384433660014,2193.5935258871577,49,67,8.617030348495618,12419.384433660014,2193.5935258871577,49,67,7.155083947660287,10221.063404082624,4391.914555464547,49,69,7.579632936342193,12005.530616330589,2607.447343216585,48,68,7.222456201938023,ens_baseline_baseline_last_180d,12919.510421293464,0.0,7.100447936039018,7.758956360416391,0,1,2,2
2025-09-21,9,6,1,2.86183212800686,0.05969689443364278,0.21335290713412647,0.3950377243041135,0.1270829117218841,0.5834856482767696,1.708373739523261,0.3336255420704243,0.9597977487914271,0.30490790056225675,0.0865110140326388,0.09012982374185668,0.29847819682502885,0.005889420068854225,0.06222029568788893,0.17158469359645215,valid_2025_09,672.5239855969793,3813.921555501232,3141.397569904253,54,68,4.938378594686178,672.5239855969793,3141.397569904253,54,68,5.128244842886602,565.8847368105334,3248.036818690699,53,69,4.887795375838216,805.9662078627151,3007.955347638517,55,66,4.090355523844508,661.3255919296674,3152.595963571565,52,69,4.722030400470096,565.8847368105334,3248.036818690699,53,69,4.244378693550814,672.5239855969793,3141.397569904253,54,68,3.613698453281856,672.5239855969793,3141.397569904253,54,68,4.496818547551406,lgb_business,805.9662078627151,133.44222226573584,4.938378594686178,4.887795375838216,1,1,0,0
2025-09-22,9,0,0,2.919500882436628,0.06079918398385073,0.22622855836833367,0.4949267141977962,0.15372882050684164,0.7863973545446418,1.432570439377522,0.43784684691269365,1.3536987039401969,0.37142417208049006,0.033808924104995725,0.12350254211730621,0.41228874434184976,0.014480645284191815,0.06099919890484038,0.17960006071547616,valid_2025_09,31.81361837304462,2920.585607500625,2888.77198912758,46,70,9.553990886852556,31.81361837304462,2888.77198912758,46,70,9.094461034026384,31.81361837304462,2888.77198912758,46,70,10.013520739678718,232.33485497834567,2688.250752522279,50,71,8.87874090861553,-254.50894698435772,3175.094554484983,48,71,8.85501876982315,-254.50894698435772,3175.094554484983,48,71,8.855475401799584,200.5212366053009,2720.064370895324,52,72,6.749408318840359,31.81361837304462,2888.77198912758,46,70,8.558865796245797,lgb_business,232.33485497834567,200.52123660530106,9.553990886852556,10.013520739678718,0,0,6,2
2025-09-23,9,1,0,2.9242022162152224,0.05605439886084799,0.20069465523993157,0.5798412352242246,0.24773701413052085,1.0276022356529078,1.194111531794446,0.7244830550964113,2.100055183285106,0.42555852586509096,0.06175186857415897,0.1542827093591336,0.5060855064407762,0.011123873883331735,0.06091332325308333,0.18222825524855982,valid_2025_09,-1355.260142691705,6171.437931417339,7526.698074109045,45,79,7.602010191213338,-2141.228310045124,8312.666241462462,38,79,7.316369311112021,-1355.260142691705,7526.698074109045,45,79,7.923718436571585,2144.237878343215,4027.200053074124,54,79,6.847088458211765,-1950.3465998068557,8121.784531224195,41,78,7.676424185573506,-1950.3465998068557,8121.784531224195,41,78,7.200357590317157,-1227.4043918122752,7398.8423232296145,46,82,6.929872525615268,-1418.2861020505438,7589.724033467883,46,79,7.30306838473496,lgb_business,2144.237878343215,3499.49802103492,7.602010191213338,7.923718436571585,0,0,1,3
2025-09-24,9,2,0,2.9270357127207163,0.06227574823579882,0.19893442187403565,0.4202450831134838,0.2433162014694177,0.8377813784062222,1.664533884220085,0.6984921725422404,2.1506881908618865,0.24414321162788746,0.07999631979347852,0.17610187148559633,0.5655691403295452,0.010640656096211945,0.06081648361554065,0.16817955877282156,valid_2025_09,14793.332543465796,15906.80918652236,1113.476643056565,39,75,16.585432852783974,14793.332543465796,1113.476643056565,51,75,16.188897577849737,14157.060176004905,1749.7490105174584,39,76,17.074232937626615,14793.332543465796,1113.476643056565,41,75,17.38225222774404,14093.432939258812,1813.3762472635497,35,76,19.525235773367385,14157.060176004905,1749.7490105174584,51,76,18.407900337962587,15588.673002791917,318.13618373044665,46,74,16.112356109518988,14793.332543465796,1113.476643056565,41,75,16.38264812830549,cat_baseline_last_180d,15588.673002791917,795.3404593261203,16.585432852783974,17.074232937626615,0,1,7,1
2025-09-25,9,3,0,2.9380596709204454,0.06306154144346607,0.1941867008034701,0.25737912023259507,0.11125744913774831,0.4691210157109452,2.132083110052207,0.2896288737591795,0.8988607137863127,0.15687142754862293,0.022264574329494972,0.10050769268397215,0.33601373457598543,0.016037907179843474,0.06059115527071176,0.16688729558785778,valid_2025_09,10947.921868498925,14059.039236435716,3111.117367936791,18,67,6.470232117634492,1093.3958871395005,12965.643349296215,54,67,6.444285703218512,10947.921868498925,3111.117367936791,18,67,6.551439770910776,11085.404420298037,2973.634816137679,9,67,6.927830642994023,11125.585020303191,2933.4542161325226,17,67,8.335375905508528,11118.999601299973,2940.039635135743,16,67,7.56663313412683,11367.27626044505,2691.762975990665,26,68,5.7218994023310685,10907.127265659168,3151.911970776548,20,67,6.069332943155484,cat_baseline_last_180d,11367.27626044505,419.35439194612627,6.470232117634492,6.551439770910776,0,0,8,1
2025-09-26,9,4,0,2.9495779642457993,0.06333451377324403,0.20034401114313916,0.3188353374036193,0.18512983291255244,0.6811979311839946,1.973056311003641,0.51884095126455,1.5353653066236093,0.16869769936118875,0.023693071556360225,0.15013763804243055,0.5193123640582528,0.01105340849148192,0.060354268625915135,0.17210615692280695,valid_2025_09,4899.297229448888,21780.630718059863,16881.333488610973,49,67,8.772431242281208,4899.297229448888,16881.333488610973,49,67,9.13215243460435,5809.166714917967,15971.464003141897,49,66,8.436590068913404,4899.297229448888,16881.333488610973,50,67,8.527562568537405,4899.297229448888,16881.333488610973,50,67,9.013203609958062,4899.297229448888,16881.333488610973,50,67,8.770383089247751,4899.297229448888,16881.333488610973,48,70,9.663642304128466,4899.297229448888,16881.333488610973,49,68,8.96437217130697,lgb_baseline_last_180d,5809.166714917967,909.8694854690784,8.772431242281208,8.436590068913404,0,1,1,3
2025-09-27,9,5,1,2.9232465649497565,0.06784458460454847,0.23103238249438496,0.3558963272640699,0.1889736604064182,0.7062537458658987,1.8279638819039474,0.5438782160804452,1.6430277713908523,0.2135607700316664,0.03586587987535715,0.14233555723240346,0.4664629650669483,0.018635777631314562,0.0609055244897449,0.19840767889099253,valid_2025_09,1918.3611878945983,2564.177640867408,645.8164529728092,53,76,10.165402522874588,1568.411385791106,995.7662550763016,52,77,10.131900474691257,1832.4644182873767,731.7132225800306,54,74,10.386854473635973,2277.855075510004,286.3225653574036,55,78,10.401253287307242,1482.5146161838843,1081.6630246835234,54,70,10.776441358876871,2086.973365271736,477.2042755956718,54,78,10.537345195623992,1981.988424640688,582.1892162267195,53,78,10.977027542485892,1918.3611878945983,645.8164529728092,53,77,10.39849472040158,lgb_business,2277.855075510004,359.4938876154058,10.165402522874588,10.386854473635973,1,2,0,2
2025-09-28,9,6,1,2.928750216252322,0.05578160042006167,0.18456502678749498,0.2998787333826298,0.20672924795757477,0.6759933734910706,2.0176519577421965,0.6020967576733385,1.796424745702689,0.12187942527705413,0.029234993830675342,0.1779993081055757,0.5787030561999335,0.011005109863610849,0.057717782324735595,0.18102372411904458,valid_2025_09,9079.724394054943,17425.75039574338,8346.026001688437,50,74,12.901953517534883,9913.381175349556,7512.369220393824,49,73,12.96189643735024,9079.724394054943,8346.026001688437,50,74,12.872670808726753,9079.724394054943,8346.026001688437,50,74,12.370314759969048,15380.32561606684,2045.4247796765396,12,69,12.770069352599569,7431.661251943245,9994.089143800134,11,74,12.438268896794778,12903.86130241576,4521.88909332762,49,72,12.43812431808314,9022.599860904304,8403.150534839076,49,74,12.710007116042398,lgb_business_last_180d,15380.32561606684,6300.601222011897,12.901953517534883,12.872670808726753,0,0,1,2
2025-10-01,10,2,0,2.887326364521812,0.057379022399649225,0.20315617679941322,0.3698179940911066,0.15363834537149454,0.6323689173249104,1.7965959476829483,0.4214009203570281,1.4061192951224248,0.24822215902154868,0.09765373748411137,0.12159583506955784,0.40972797746958173,0.006623776283436349,0.04029003028788019,0.1684157269802642,valid_2025_10,6737.968484680845,10953.4288058393,4215.460321158455,0,23,4.910395022668974,6706.154866307799,4247.2739395315,1,23,4.8318577377548895,6737.968484680845,4215.460321158455,0,23,5.004596826503625,6737.968484680845,4215.460321158455,0,23,5.69990573615568,6737.968484680845,4215.460321158455,0,23,5.2237764899234325,6737.968484680845,4215.460321158455,0,23,5.461841113039561,4629.807249572663,6323.621556266637,1,24,4.839421046187605,6706.154866307799,4247.2739395315,1,23,4.880131149230398,ens_baseline_baseline_last_180d,6737.968484680845,0.0,4.910395022668974,5.004596826503625,0,0,1,1
2025-10-02,10,3,0,2.8821702891801912,0.06945413132447607,0.2347001197468308,0.5930004436629235,0.20094269752396382,0.9759869333865606,1.1283946406483132,0.564549902842965,1.7195481313456007,0.41167110509919363,0.048735672078360624,0.18132933856372982,0.5903471035987864,0.01353467724494415,0.03707045056930933,0.19585891353800078,valid_2025_10,6249.6453494637935,7057.176787350463,807.5314378866697,54,70,4.043325393549363,6802.667840366105,254.50894698435783,54,71,4.287847757279934,4837.655162489275,2219.521624861188,55,68,4.037280724189106,6643.599748500881,413.5770388495821,53,71,4.159641427122804,4774.027925743187,2283.148861607277,54,68,4.576774257109367,6802.667840366105,254.50894698435783,54,71,4.279307622127789,6185.025527824466,872.1512595259974,51,72,4.223993635348691,6802.667840366105,254.50894698435783,54,71,4.039778714460745,lgb_baseline,6802.667840366105,553.0224909023118,4.043325393549363,4.037280724189106,1,2,3,2
2025-10-03,10,4,0,2.895155443643791,0.058750412806270344,0.21230798772568615,0.5452530770799444,0.21531265847593312,0.9274224155548421,1.2834401170456216,0.6220747481249697,1.9428894862209476,0.38174852721641056,0.08329922108576257,0.16350454986353377,0.5499712920522777,0.012062046241235675,0.0380441378303302,0.19511439159532365,valid_2025_10,8786.030613320509,8844.185907706433,58.15529438592421,51,72,5.677972491841139,8844.185907706433,0.0,48,72,6.221684204644446,8786.030613320509,58.15529438592421,51,72,5.140768927310919,8844.185907706433,0.0,49,72,6.756381244601604,8626.962521455283,217.22338625114932,51,73,6.349332134263028,8685.11781584121,159.06809186522332,49,73,6.533897325528816,8685.11781584121,159.06809186522332,45,73,7.607169467970108,8844.185907706433,0.0,45,72,6.277216185965067,lgb_baseline,8844.185907706433,58.15529438592421,5.677972491841139,5.140768927310919,0,0,6,1
2025-10-04,10,5,1,2.9198139053438688,0.0625660599080696,0.20160632989159089,0.24005114202805378,0.1287515608076543,0.47373894297070496,2.1874803993280407,0.3712085069960333,1.1534423538212566,0.1176057301394523,0.06401905882607557,0.12244541188860143,0.4136195354195397,0.01096643481951442,0.03803763374872838,0.1619226738835067,valid_2025_10,8317.963208921577,14344.219692893525,6026.256483971947,0,68,11.637609562307883,8317.963208921577,6026.256483971947,0,68,11.3355325432748,8317.963208921577,6026.256483971947,0,68,11.93968658134098,8317.963208921577,6026.256483971947,0,68,11.28080393731219,8317.963208921577,6026.256483971947,0,68,11.084716195637544,8317.963208921577,6026.256483971947,0,68,11.182760066474865,4744.129487196202,9600.090205697325,0,71,13.173763423662024,8317.963208921577,6026.256483971947,0,68,12.057513663880274,ens_baseline_baseline_last_180d,8317.963208921577,0.0,11.637609562307883,11.93968658134098,0,0,0,3
2025-10-05,10,6,1,2.9294707898712304,0.05418141200194301,0.1765983929083781,0.18785252569618108,0.0834343927307366,0.34267443571123657,2.3343877257473036,0.21874110218312187,0.697316798543951,0.11532320579087402,0.014148247222942103,0.07252931990530705,0.2426676828165359,0.015080031897613982,0.038146061919289175,0.16344600823037236,valid_2025_10,16023.04024124828,27690.1184971554,11667.078255907116,31,66,7.817592494912873,14366.463774859956,13323.65472229544,32,68,7.869210508872406,16023.04024124828,11667.078255907116,31,66,8.017346656413928,14341.041512418054,13349.07698473734,32,66,5.951069190891687,16288.648959682994,11401.4695374724,31,63,6.113144906401033,15568.24865979642,12121.869837358976,32,65,5.905727782965066,16676.25654185466,11013.861955300736,28,68,7.591494636690719,14932.63165287401,12757.486844281386,31,67,7.57223006763423,cat_baseline_last_180d,16676.25654185466,653.2163006063784,7.817592494912873,8.017346656413928,0,0,3,2
2025-10-06,10,0,0,2.9278374458378607,0.06826703466844995,0.2552548767007843,0.2457102934895948,0.1516152440169512,0.5399073806640146,2.1866029928317574,0.4362157642484425,1.3216407167468824,0.12323559979847644,0.019690187637865862,0.12247469369111835,0.4270123741509124,0.007661745528961004,0.03768989792406164,0.17502279210507146,valid_2025_10,9288.214942062692,16639.969928738366,7351.754986675674,50,71,7.91678976759259,9288.214942062692,7351.754986675674,50,71,8.764828641197425,5177.863634646942,11462.106294091423,50,73,7.101399715971155,11483.35460980278,5156.615318935586,50,70,9.610867832225466,5177.863634646942,11462.106294091423,50,73,7.058837373833228,9288.214942062692,7351.754986675674,50,71,8.283981676551932,6499.659032172042,10140.310896566323,51,72,7.710513867808473,6854.441322906399,9785.528605831969,50,72,7.803110564615565,lgb_business,11483.35460980278,2195.139667740088,7.91678976759259,7.101399715971155,0,2,1,1
2025-10-07,10,1,0,2.909867739436653,0.06943275959243772,0.2525408913916136,0.279698152342952,0.1472543657801163,0.5783066512223374,2.064146320349625,0.415990172391208,1.2883148004995673,0.1466032661459393,0.042792259713978084,0.13309488619701265,0.4797069497346845,0.010613257271719669,0.03871295507661648,0.1817300686042327,valid_2025_10,12702.525637180112,13434.693794502877,732.1681573227634,44,66,5.905749711331552,12460.952107426232,973.7416870766428,49,67,6.588012901911981,13379.3826375995,55.31115690337538,42,65,5.876396401449334,12346.362635408364,1088.3311590945125,51,67,7.131969623634959,13434.693794502877,0.0,42,66,5.24324388675425,12248.589842062484,1186.1039524403914,52,67,5.79728476182548,12760.18145775758,674.5123367452961,48,65,4.852561558159124,12812.68983488229,622.0039596205843,46,66,5.454826609890958,lgb_business_last_180d,13434.693794502877,732.1681573227652,5.905749711331552,5.876396401449334,2,1,4,1
2025-10-08,10,2,0,2.8891584068766973,0.05811505023866439,0.20272839100132556,0.24484038621147217,0.061713171135381766,0.35499299466412554,2.15411521824697,0.16753237500528298,0.5604618101423771,0.2141069681769617,0.02847132622397331,0.03073341803451046,0.10885093243566756,0.009157178566018826,0.03955491560169879,0.17068593690633274,valid_2025_10,-2958.666508693159,17107.04156688222,20065.708075575378,57,88,5.383572856693121,-5933.239826572841,23040.28139345506,55,88,5.501196678492612,903.50676179447,16203.534805087753,59,88,5.368560524675814,-7597.092067483079,24704.133634365306,54,88,5.924598145403145,-1520.6909582315373,18627.73252511376,58,88,5.062674978758629,-1520.6909582315373,18627.73252511376,58,88,5.46162783610621,-1520.6909582315373,18627.73252511376,58,88,6.312059396104019,-1520.6909582315373,18627.73252511376,58,88,5.688892577264056,lgb_baseline_last_180d,903.50676179447,3862.173270487629,5.383572856693121,5.368560524675814,2,0,1,0
2025-10-09,10,3,0,2.8790520404477604,0.06375025899156707,0.22237848618555622,0.16082059040305968,0.07937342256013272,0.3073689362758927,2.382373932884876,0.22032211697901144,0.7240456967542199,0.10096760602212794,0.025000164646615395,0.05985298438093175,0.2101295354324617,0.01133504400676709,0.05520379309362455,0.16895467616344947,valid_2025_10,-2507.740281873624,11716.462535707593,14224.202817581216,18,70,14.67049045893242,-1461.0722374004529,13177.534773108044,19,70,14.198142632578689,-3369.889339783136,15086.351875490727,17,70,15.176001368856925,-1461.0722374004529,13177.534773108044,19,70,14.592025317576102,-2701.803353949197,14418.265889656788,16,69,13.0211223262249,-2507.740281873624,14224.202817581216,18,70,13.684837895256443,908.1833636953088,10808.279172012282,28,70,12.90273485197062,-2507.740281873624,14224.202817581216,18,70,13.53826177752255,cat_baseline_last_180d,908.1833636953088,3415.923645568933,14.67049045893242,15.176001368856925,1,0,10,0
2025-10-10,10,4,0,2.8958663745500375,0.06085652324111912,0.2056738014143802,0.10416941984832423,0.05920894866457319,0.22406606351326738,2.565676677449346,0.16280074098345626,0.5869571793841835,0.055443300868311014,0.01915382760040771,0.048726118980013194,0.17805306940312104,0.009494518237371555,0.05541850102798044,0.16431408178120982,valid_2025_10,-3228.143763122035,24860.30350559674,28088.447268718777,47,68,8.760389162411556,-3228.143763122035,28088.447268718777,47,68,9.59987725028722,509.9563957107193,24350.34710988602,47,67,7.924932211029173,-5556.9006280289095,30417.20413362565,49,68,9.384147299740874,8310.655620781286,16549.647884815455,47,65,5.510696609548603,509.9563957107193,24350.34710988602,47,67,7.2722043983964255,-3228.143763122035,28088.447268718777,47,68,6.78745124007601,-3228.143763122035,28088.447268718777,47,68,8.102743188299755,lgb_business_last_180d,8310.655620781286,11538.799383903322,8.760389162411556,7.924932211029173,0,1,0,0
2025-10-11,10,5,1,2.906284595072559,0.058797390927158306,0.19456539642800585,0.20338017177241885,0.13667787208217239,0.46622006773230884,2.260001210443584,0.3777244203831727,1.2365646408304065,0.09003678035298825,0.034785609853173485,0.11334339141943058,0.39942510057128827,0.018792721229298658,0.05520438633042335,0.18139410736036052,valid_2025_10,17194.182248967827,23880.72083818681,6686.538589218984,34,67,11.25718600512225,17194.182248967827,6686.538589218984,34,67,12.240116135213093,17194.182248967827,6686.538589218984,34,67,10.274255875031422,17298.126884278077,6582.593953908734,35,67,10.09806984071092,20812.138278014776,3068.5825601720358,34,66,8.669605630836728,17298.126884278077,6582.593953908734,35,67,9.37167522535583,17347.956554735778,6532.764283451033,46,67,9.458256036508772,17194.182248967827,6686.538589218984,34,67,10.390646462309846,lgb_business_last_180d,20812.138278014776,3617.956029046949,11.25718600512225,10.274255875031422,0,0,12,0
2025-10-12,10,6,1,2.8930271800779703,0.041759182853409606,0.14190566597176701,0.38676724088617354,0.20199491040897952,0.7514876101415359,1.720861213132148,0.5707938171139216,1.8131294304738657,0.25815957382972593,0.09272984775617156,0.12860766705644763,0.4641445069472615,0.017108866412225483,0.055491552993405656,0.19723614826920902,valid_2025_10,9892.304653177416,10051.37274504264,159.06809186522332,51,69,4.795279720355701,9353.20380167515,698.1689433674892,53,69,5.180782443820512,9765.050179685237,286.3225653574027,51,68,4.491520496615394,9225.949328182973,825.4234168596686,53,68,4.69964887729239,8080.65906675336,1970.7136782892796,54,67,4.639455157627708,9225.949328182973,825.4234168596686,53,68,4.607545224142008,9892.304653177416,159.06809186522332,51,69,5.28692875493369,9892.304653177416,159.06809186522332,51,69,4.95916273188169,ens_baseline_baseline_last_180d,9892.304653177416,0.0,4.795279720355701,4.491520496615394,0,1,0,0
2025-10-13,10,0,0,2.897021089391286,0.06569145030959718,0.20574393023373716,0.5890681851056766,0.2045095246377116,0.9841425060126332,1.159724223171226,0.584326387158374,1.800397543319343,0.42318926548706576,0.03267170858145412,0.16587891961861087,0.5610982035381432,0.008538241252257129,0.0553354313665874,0.1859376350841233,valid_2025_10,6462.850675714428,6560.079456186127,97.22878047169888,49,69,6.2566763689935065,6462.850675714428,97.22878047169888,49,69,6.103114850658677,6527.9858779714,32.09357821472713,53,68,6.49693172999585,6462.850675714428,97.22878047169888,49,69,5.832203496147173,6537.774928344786,22.30452784134104,49,68,6.117296458730102,6462.850675714428,97.22878047169888,49,69,5.971520015117477,5879.385733390951,680.6937227951757,52,70,5.348969952026675,6462.850675714428,97.22878047169888,49,69,5.928848467474971,lgb_business_last_180d,6537.774928344786,74.92425263035784,6.2566763689935065,6.49693172999585,4,1,3,1
2025-10-14,10,1,0,2.882922055513543,0.06072504859280991,0.20218138621033033,0.6078597371401498,0.20214339419315258,0.98726034001646,1.092172075432654,0.5704242114155871,1.7868521618602646,0.4754555930204601,0.062893753934994,0.13240414411968968,0.47682136775637585,0.012972310270662493,0.05562534224101162,0.18589623442606426,valid_2025_10,11515.282757201969,23334.18514407076,11818.902386868793,10,70,5.8399586381289454,11385.546821476692,11948.63832259407,6,70,5.369074763271775,11515.282757201969,11818.902386868793,10,70,6.324077550421378,12718.753763912202,10615.43138015856,11,78,5.7883618529116525,7824.903025928781,15509.28211814198,10,76,6.188731566441494,7883.083771209405,15451.101372861356,11,76,5.975494983179264,11807.4240333598,11526.761110710962,53,88,4.995202071441237,13623.199027448678,9710.986116622084,54,70,5.381156167848639,ens_base_base180_cat180,13623.199027448678,2107.9162702467092,5.8399586381289454,6.324077550421378,0,0,43,18
2025-10-15,10,2,0,2.8829657399239346,0.07880393865676749,0.2694489497389285,0.2491663959774403,0.13065558479959316,0.501160744665338,2.1305215530925703,0.37279044065101197,1.2000092924516352,0.13227311909042236,0.05746406185890088,0.11689327688701799,0.4180357750449618,0.01129617497220813,0.05557140535366565,0.14266703294028596,valid_2025_10,-1071.034094785087,14486.121156284657,15557.155251069742,0,65,13.475806423200062,608.416363213456,13877.7047930712,0,66,12.923967532301782,-1071.034094785087,15557.155251069742,0,65,14.107431008578168,1405.172528557175,13080.94862772748,0,69,13.612014956615036,-1071.034094785087,15557.155251069742,0,65,13.0433206939392,608.416363213456,13877.7047930712,0,66,13.06840846628168,608.416363213456,13877.7047930712,0,66,14.214906878253345,608.416363213456,13877.7047930712,0,66,13.69648593871828,lgb_business,1405.172528557175,2476.206623342262,13.475806423200062,14.107431008578168,0,0,0,1
2025-10-16,10,3,0,2.9181785158866007,0.07707467269847101,0.29794930192619073,0.3916911907754404,0.1172424062199032,0.6028814291201359,1.7323687387616955,0.3082124512738956,1.173108578633938,0.3180490521030189,0.050484603426031296,0.0736421386724215,0.2590505312548291,0.01291686627555511,0.054886051572623114,0.161002659793228,valid_2025_10,3004.344501953178,4568.566034204552,1564.221532251374,32,66,2.24112498514868,480.5001664591184,4088.065867745434,54,66,2.4549563877826586,3004.344501953178,1564.221532251374,32,66,2.5285144549978757,286.3225653574027,4282.243468847149,55,67,1.951577110251307,407.07433525413126,4161.491698950421,54,74,2.121220970525492,407.07433525413126,4161.491698950421,54,74,2.0144163660680263,286.3225653574027,4282.243468847149,55,68,2.6746793662991166,480.5001664591184,4088.065867745434,54,66,2.2899257473655865,ens_baseline_baseline_last_180d,3004.344501953178,0.0,2.24112498514868,2.5285144549978757,0,0,23,2
2025-10-17,10,4,0,2.9210124506972157,0.07083304671796233,0.23692320332049244,0.38239147191605083,0.19369115282016125,0.7322251232956194,1.7502382340020735,0.5702194329693646,1.8016409272865685,0.23028681323745925,0.0822983524144322,0.15210465867859155,0.5410774931279861,0.019542889580248468,0.054914250629971385,0.17954891368314607,valid_2025_10,5525.729644747,15486.258602525406,9960.528957778406,49,66,14.360055107532922,5525.729644747,9960.528957778406,49,66,13.792474767069564,5525.729644747,9960.528957778406,49,66,14.927635447996307,5593.868052578388,9892.390549947018,48,66,13.812736484384672,5525.729644747,9960.528957778406,49,66,14.87928235885014,5525.729644747,9960.528957778406,49,66,14.317810377916892,6763.110787281064,8723.147815244341,46,68,13.385847519841622,6023.641404541686,9462.61719798372,48,67,13.845992005220552,cat_baseline_last_180d,6763.110787281064,1237.3811425340646,14.360055107532922,14.927635447996307,0,0,3,2
2025-10-18,10,5,1,3.0058207660152796,0.0616516822886942,0.21215370432309788,0.2570756330868267,0.1473762357137284,0.5371156708258977,2.222935791785346,0.42668917948771506,1.3086044705163449,0.13573520603514633,0.05261286828100418,0.1213404270516804,0.4431187921196609,0.0023224905950392886,0.053365530315937014,0.13760758148995975,valid_2025_10,-432.6652098734082,3072.1838617718595,3504.849071645268,54,62,4.790265664663892,-432.6652098734082,3504.849071645268,52,62,4.274607248535531,-432.6652098734082,3504.849071645268,54,62,5.458572272542142,-432.6652098734082,3504.849071645268,52,62,3.115964095561452,-432.6652098734082,3504.849071645268,52,62,4.699732758896829,-432.6652098734082,3504.849071645268,52,62,3.907848427229183,-1348.897419017096,4421.081280788956,53,65,4.441028890897755,-738.0759462546375,3810.259808026497,54,63,4.444408024085277,ens_baseline_baseline_last_180d,-432.6652098734082,0.0,4.790265664663892,5.458572272542142,0,0,1,3
2025-10-19,10,6,1,3.018748356406322,0.10299068813697264,0.3795722347774584,0.3173782693211563,0.20345840179466607,0.684946530878064,2.0396171440500694,0.6310413154357682,1.9736549992734864,0.15341577087558753,0.06678907026382551,0.1639624984455688,0.5675018169119105,0.00923766502469824,0.04299171597717246,0.15458755896369938,valid_2025_10,10790.76895645976,13575.663118875676,2784.8941624159143,49,88,12.381582785044335,10790.76895645976,2784.8941624159143,49,88,11.328054257254957,10790.76895645976,2784.8941624159143,49,88,13.435111312833676,9648.408729282306,3927.2543895933686,0,88,11.305089580764156,10790.76895645976,2784.8941624159143,50,88,12.940537100714671,10790.76895645976,2784.8941624159143,51,88,12.003234680770298,9666.940161984608,3908.722956891068,48,68,11.810083770420604,10790.76895645976,2784.8941624159143,49,88,12.121171804386684,ens_baseline_baseline_last_180d,10790.76895645976,0.0,12.381582785044335,13.435111312833676,0,0,1,20
2025-10-20,10,0,0,3.014865484390324,0.10037188106930578,0.3844532006048045,0.2401419454851206,0.1959082602621293,0.6023162929858933,2.243707312536885,0.5987406026122211,1.7095582810279923,0.08762394337710122,0.012676539528548176,0.15251800210801938,0.5330824303496774,0.016294540689168333,0.033829399882543666,0.15331269665821512,valid_2025_10,3395.177985027869,7375.971512981234,3980.793527953365,51,88,13.111251868899288,3395.177985027869,3980.793527953365,51,88,12.13326563448507,3264.389018534445,4111.5824944467895,50,88,14.118155048263844,3395.177985027869,3980.793527953365,51,88,12.116743742816736,3395.177985027869,3980.793527953365,51,88,13.57454956655306,3395.177985027869,3980.793527953365,51,88,12.84564665468487,3145.53334029275,4230.438172688484,49,88,13.862243879004325,3264.389018534445,4111.5824944467895,50,88,13.336123470630938,ens_baseline_baseline_last_180d,3395.177985027869,0.0,13.111251868899288,14.118155048263844,1,0,2,0
2025-10-21,10,1,0,2.978766017167896,0.08125813579621712,0.3162459108968032,0.1749467048232167,0.1331340858007259,0.4240817993797671,2.4091287568430513,0.38099863378691406,1.1258024822475217,0.07271771937291868,0.007301776601001324,0.10222898545029802,0.36111840284921704,0.015698922578721516,0.05853307858557119,0.14763156829406235,valid_2025_10,2121.029843740077,3713.886813889032,1592.8569701489546,50,67,7.292494474533768,1120.0143416322255,2593.8724722568068,54,68,9.062282568246845,2131.894194414472,1581.99261947456,49,66,6.255326008669911,1183.6415783783148,2530.245235510717,54,66,7.991544963984765,2100.080576041428,1613.8062378476045,49,64,6.602076678496857,2152.843462113122,1561.0433517759102,50,66,7.132915732740145,3307.684171778321,406.2026421107112,48,86,6.414336329651448,2121.029843740077,1592.8569701489546,50,67,6.821842642734168,cat_baseline_last_180d,3307.684171778321,1186.6543280382439,7.292494474533768,6.255326008669911,1,1,2,19
2025-10-22,10,2,0,2.94322458541534,0.0682763193745449,0.26407708217607384,0.16724389910567306,0.12834303297822053,0.4167022460590826,2.3931128539593405,0.34183644140470587,1.0354990041360694,0.07042904041743886,0.01874618538902838,0.09681485868823421,0.3558622505775469,0.018943227225385304,0.06138695774523938,0.151051203719107,valid_2025_10,680.0033672764821,18265.77944479812,17585.776077521637,52,66,8.928288376988831,-223.50339451798845,18489.282839316107,52,67,9.905137765543545,680.0033672764821,17585.776077521637,52,66,8.081748427441937,680.0033672764821,17585.776077521637,52,66,10.011348151312433,1480.1285948059062,16785.650849992213,52,65,7.910711655772445,680.0033672764821,17585.776077521637,52,66,8.943786520635982,1811.2224652996947,16454.556979498422,51,66,6.253606256102643,680.0033672764821,17585.776077521637,52,66,8.013295615877709,cat_baseline_last_180d,1811.2224652996947,1131.2190980232126,8.928288376988831,8.081748427441937,0,0,1,0
2025-10-23,10,3,0,2.9618817003479667,0.08207304573626803,0.3167859028058633,0.19054808386442165,0.1759773951728714,0.5340948170565397,2.3375829408589803,0.494783481385119,1.6015949636257025,0.05747395222005897,0.01328738027755478,0.1330741316443627,0.48598779822429444,0.019411334549960663,0.06095210647241936,0.158319792084578,valid_2025_10,-598.3505343602262,6028.1048551994245,6626.455389559651,50,69,10.679900248194684,-292.93979797899715,6321.044653178422,50,70,13.042785488065393,-78.43965746057938,6106.544512660004,50,67,8.756667464487947,623.2924111646901,5404.812444034735,50,73,12.999630575899914,2575.1342510350823,3452.970604164342,50,65,8.35251521052109,623.2924111646901,5404.812444034735,50,73,10.542165749392012,-136.3531683468716,6164.458023546296,47,73,10.55437999574312,317.881674783461,5710.223180415964,50,72,10.528816828160828,lgb_business_last_180d,2575.1342510350823,3173.484785395309,10.679900248194684,8.756667464487947,0,2,3,4
2025-10-24,10,4,0,3.0312518865928078,0.07895249001624294,0.2838113319435336,0.21883073921786436,0.171283829672127,0.5563544719150213,2.33460700249425,0.5213058117002362,1.5705559481776656,0.09344239329505484,0.015691991598147874,0.12538834592280954,0.4600258864481888,0.010544112602072518,0.059853049085413314,0.15629752765049343,valid_2025_10,15286.01732576179,18973.215695197672,3687.1983694358814,53,72,11.399274759210584,15286.01732576179,3687.1983694358814,53,72,12.369456626972903,15286.01732576179,3687.1983694358814,53,72,10.429092891448306,15286.01732576179,3687.1983694358814,52,73,13.236166118405762,18970.034333360367,3.181361837305303,52,84,10.285735284612317,15747.314792170935,3225.9009030267357,52,74,11.217761135277016,15286.01732576179,3687.1983694358814,51,72,12.610419560634256,15286.01732576179,3687.1983694358814,53,72,11.750624308125468,lgb_business_last_180d,18970.034333360367,3684.017007598577,11.399274759210584,10.429092891448306,0,0,2,0
2025-10-25,10,5,1,3.0342363061616298,0.08402998005436267,0.2957472569983368,0.3815189563563148,0.2593674610728829,0.8601248582213049,1.8193628598028802,0.7595084855952765,2.2644006688751803,0.2289565856987307,0.08407662508493523,0.15256237065758407,0.5413471338984508,0.01617162408776822,0.0597927179019783,0.18028162731163203,valid_2025_10,11193.12215074733,11193.12215074733,0.0,53,88,6.771333151454307,10744.3115295496,448.8106211977283,51,88,7.265570704730244,10326.846866534834,866.2752842124955,54,84,6.49112560322228,11193.12215074733,0.0,53,88,6.861888604707303,10326.846866534834,866.2752842124955,54,82,6.935472359608603,11193.12215074733,0.0,53,88,6.88231567557925,11193.12215074733,0.0,53,88,6.439901886993233,11193.12215074733,0.0,53,88,6.660856063300628,ens_baseline_baseline_last_180d,11193.12215074733,0.0,6.771333151454307,6.49112560322228,1,4,0,0
2025-10-26,10,6,1,3.0076542693872343,0.07339690685999058,0.2701221864047687,0.39663137881947313,0.23607778582038305,0.8399957881929007,1.7579646255392902,0.6804115316217604,1.9573956325052357,0.23368635825251416,0.036760630959647635,0.16294502056695903,0.5666390227084245,0.01769351559450716,0.06033229181101794,0.19015407692702424,valid_2025_10,12709.887308471632,19018.18106340614,6308.293754934508,48,68,9.09486197335704,12751.556785816649,6266.624277589493,44,69,9.61462631440522,12709.887308471632,6308.293754934508,51,68,8.741715594043946,12709.887308471632,6308.293754934508,53,68,9.066073019230394,12709.887308471632,6308.293754934508,52,68,8.870224898316359,12709.887308471632,6308.293754934508,52,68,8.96744148040743,14277.951925822472,4740.2291375836685,52,70,10.191518370803244,13100.848046019815,5917.333017386323,48,69,9.349695000274018,cat_baseline_last_180d,14277.951925822472,1568.0646173508394,9.09486197335704,8.741715594043946,3,0,4,2
2025-10-27,10,0,0,3.055327986888796,0.06450661542794586,0.2565171954492351,0.4389580299781475,0.2236245084214112,0.8333510788502757,1.6764545635617634,0.687935036074525,2.2127129238552494,0.279662008936326,0.09102635328129596,0.15929602104182147,0.5576690723415287,0.01375031391865071,0.06025115076473591,0.18091371947038715,valid_2025_10,15132.43708306592,23751.87568377598,8619.43860071006,43,70,14.235763222419166,15132.43708306592,8619.43860071006,43,70,15.189127796628425,13554.481611762902,10197.394072013078,43,69,13.290759212688126,18960.91655033466,4790.95913344132,50,71,15.85850195732553,14301.767600536534,9450.108083239444,46,68,13.517285663553055,17691.467280480567,6060.408403295412,49,70,14.552048693963965,17982.937289290727,5768.9383944852525,43,72,15.37732640884796,16404.981817987707,7346.893865788272,43,71,14.564718161245498,lgb_business,18960.91655033466,3828.4794672687385,14.235763222419166,13.290759212688126,0,1,0,2
2025-10-28,10,1,0,3.088890397969228,0.05846132964872593,0.23852214040186404,0.5064428482595189,0.23801620781111577,0.9501387199277876,1.4718999669687467,0.7070091906739021,2.230425359760606,0.35594335615049566,0.07995528372341605,0.15049949210902325,0.5332082704991006,0.01571768115229759,0.059618710537815006,0.1844893355121402,valid_2025_10,9960.8948143897,10870.33799737258,909.4431829828792,53,69,5.419180299091032,9960.8948143897,909.4431829828792,49,69,5.42807429205044,9960.8948143897,909.4431829828792,53,69,5.438522377624878,9947.259497555013,923.078499817566,48,69,5.52891514522176,9960.8948143897,909.4431829828792,50,69,5.694640390749893,9947.259497555013,923.078499817566,48,69,5.599918572574197,9960.8948143897,909.4431829828792,53,69,4.010839329847933,9960.8948143897,909.4431829828792,53,69,4.949733309343323,ens_baseline_baseline_last_180d,9960.8948143897,0.0,5.419180299091032,5.438522377624878,0,0,0,0
2025-10-29,10,2,0,3.0724974211899294,0.08052121738216785,0.28336952038157603,0.41145784043991124,0.20961737357348773,0.7460315278159657,1.769391035501113,0.655838978136714,2.0823294229040723,0.27451344241639786,0.13574981817388715,0.1369443980235134,0.5053798918522592,0.01480815916504639,0.05987165635476808,0.17791697302176712,valid_2025_10,18469.74609627321,18469.74609627321,0.0,0,88,21.118200203668472,18469.74609627321,0.0,0,88,21.921586526342224,18201.93905680892,267.8070394642928,1,88,20.31735269501088,17612.05094493593,857.6951513372842,50,88,21.507880626880848,17612.05094493593,857.6951513372842,50,88,19.072111708306917,17612.05094493593,857.6951513372842,50,88,20.2899961675939,15883.884293122745,2585.86180315047,49,88,22.43503451822465,18201.93905680892,267.8070394642928,1,88,21.499080530310728,ens_baseline_baseline_last_180d,18469.74609627321,0.0,21.118200203668472,20.31735269501088,1,0,49,0
2025-10-30,10,3,0,3.088919399158067,0.07320121819468305,0.2753678220927793,0.2333944670713919,0.19857749578271677,0.6075351379787514,2.327045749716451,0.5955793618229356,1.676414699711009,0.08839481848489888,0.044565986229298964,0.14499964858649295,0.5248401613478583,0.012484686358741207,0.05660170315528693,0.14820018052215814,valid_2025_10,11045.27472208228,15900.032885808903,4854.758163726623,54,69,7.4607594082050355,10972.52652094864,4927.5063648602645,53,69,9.06207689171964,11045.27472208228,4854.758163726623,54,69,5.881863130430318,10792.458259595369,5107.574626213534,52,69,10.874805138247083,10972.52652094864,4927.5063648602645,53,69,6.461617629679751,10972.52652094864,4927.5063648602645,53,69,8.663895067955039,9122.841391035932,6777.191494772971,54,70,10.266194349830016,11045.27472208228,4854.758163726623,54,69,8.39011625798237,ens_baseline_baseline_last_180d,11045.27472208228,0.0,7.4607594082050355,5.881863130430318,0,0,0,1
2025-10-31,10,4,0,3.081327004801422,0.08036416586582804,0.28203005993182995,0.49311527018653023,0.2189725177500297,0.9036421523555969,1.503086048395047,0.6411699837078589,2.0591784970574682,0.34227640447078084,0.06830540697058851,0.15083886571574937,0.5412969673414797,0.0173476192426358,0.05671625450431957,0.1978375337564545,valid_2025_10,9749.722378353104,10358.816371637906,609.0939932848014,54,69,5.467656411827608,9760.418116850122,598.398254787784,49,69,5.9688108516017735,9749.722378353104,609.0939932848014,54,69,5.062336622751182,9760.418116850122,598.398254787784,48,69,6.114693939237213,9484.279090733931,874.5372809039745,54,68,5.458493921820335,9760.418116850122,598.398254787784,48,69,5.736078373705404,9760.418116850122,598.398254787784,52,69,5.052578964011371,9760.418116850122,598.398254787784,52,69,5.327921016370567,lgb_baseline,9760.418116850122,10.695738497017373,5.467656411827608,5.062336622751182,0,0,2,0
2025-11-01,11,5,1,3.044090574095145,0.09639841215669592,0.34317537753043714,0.4839599235209164,0.24300092238173943,0.8661754855994642,1.527957351061877,0.7583562695792857,2.344253550325841,0.32946946009853423,0.14236050863870042,0.15449046342238207,0.5529228353003672,0.017151795058505576,0.06334355159350775,0.20340476259878226,valid_2025_11,12484.529180002495,12869.17809566547,384.6489156629723,52,88,15.609195564464317,12570.906335247151,298.2717604183181,51,88,14.816406100032236,12484.529180002495,384.6489156629723,52,88,16.403205776048505,12869.17809566547,0.0,50,88,16.192590809183955,12869.17809566547,0.0,50,88,15.908604913926537,12869.17809566547,0.0,50,88,16.05059786155522,12869.17809566547,0.0,50,88,16.781657073276264,12869.17809566547,0.0,50,88,15.996300732916657,lgb_business,12869.17809566547,384.6489156629741,15.609195564464317,16.403205776048505,0,0,2,0
2025-11-02,11,6,1,3.081919520274147,0.09630803867329264,0.32563615980889615,0.3690999011998226,0.2290849555118325,0.7629495159466022,1.911240094366504,0.6786300840301897,2.0592346001129562,0.21733294527945404,0.11987431395160446,0.15176695592036846,0.5585508261946135,0.009817330151216651,0.048917572674759914,0.14449674119659714,valid_2025_11,9825.728294008144,10517.23228432648,691.503990318337,50,67,3.9107066224778606,8114.155625538338,2403.0766587881426,50,68,4.41576311746492,8839.948333739143,1677.283950587338,50,65,3.4992439774646584,10099.32541201633,417.9068723101518,50,66,5.186467026164294,9825.728294008144,691.503990318337,50,67,3.328076200527036,9825.728294008144,691.503990318337,50,67,4.249210800460119,10047.51375313399,469.71853119249135,52,67,5.820543014257467,10032.125505926946,485.10677839953496,51,67,4.524651910111899,lgb_business,10099.32541201633,273.59711800818513,3.9107066224778606,3.4992439774646584,0,2,2,0
2025-11-03,11,0,0,3.08612447350322,0.07513980905057038,0.28079579271112065,0.5710669837310075,0.28481997046286395,1.0319734632642386,1.296512976363932,0.8879363058562012,2.806382132540227,0.4240539841849172,0.1541315385084475,0.14701299954609034,0.5340609831071471,0.012296416344263738,0.06268922329671746,0.17715323755555668,valid_2025_11,13361.719716678785,13361.719716678785,0.0,54,88,14.623119995624412,9671.339985405595,3690.379731273188,45,85,14.161251952979791,13361.719716678785,0.0,54,88,15.203936412668767,12407.311165487445,954.4085511913418,54,87,15.324779231803763,13361.719716678785,0.0,54,88,15.004919531480642,13361.719716678785,0.0,54,88,15.159408366652986,13361.719716678785,0.0,49,88,15.335168914956933,13361.719716678785,0.0,49,88,14.83329226604961,ens_baseline_baseline_last_180d,13361.719716678785,0.0,14.623119995624412,15.203936412668767,0,0,5,0
2025-11-04,11,1,0,3.0832578119102365,0.07720786137089776,0.2820510985776372,0.38325623416707827,0.22396342316761325,0.8047910975658283,1.8505932027413152,0.669409610819448,2.00674177624679,0.24289202798359885,0.06997674188646112,0.14036420618347942,0.524619441419975,0.017774722415442853,0.06282240588216668,0.18690119993227597,valid_2025_11,6814.664755854583,7323.682649823299,509.0178939687157,49,69,8.424362564064737,6623.783045616314,699.8996042069848,49,70,8.473346724958645,6019.324296528464,1304.3583532948342,49,74,8.423594568249214,6401.087717005001,922.5949328182978,49,71,9.120071504924724,6941.919229346762,381.76342047653634,49,68,8.679145479398457,6941.919229346762,381.76342047653634,49,68,8.868617190516417,7164.614557958075,159.06809186522332,50,68,8.595770924319126,6814.664755854583,509.0178939687157,49,69,8.459847000013369,cat_baseline_last_180d,7164.614557958075,349.9498021034924,8.424362564064737,8.423594568249214,0,5,1,1
2025-11-05,11,2,0,3.071188276844385,0.07713236288711729,0.27371278195592064,0.32073928766920023,0.10879233116417632,0.5570437741281162,2.045997237577653,0.34075633226298646,1.1908413518969094,0.21714479221293556,0.06151850317366869,0.10359449545626465,0.41282468999622274,0.0136539431211217,0.06302693412888764,0.17439992980052474,valid_2025_11,5631.010452028918,5662.824070401963,31.813618373044847,0,21,4.038900019433712,5662.824070401963,0.0,0,22,4.4129534156063634,5312.874268298469,349.9498021034933,3,21,3.728506484608204,5662.824070401963,0.0,0,22,4.085316218891908,-1673.3963264221518,7336.220396824115,47,61,4.130393222351145,3355.216898989487,2307.6071714124755,0,31,3.683871629717938,3927.8620297042926,1734.96204069767,0,33,5.077200001071793,5503.755978536738,159.06809186522423,0,24,3.961774865836532,lgb_baseline,5662.824070401963,31.813618373044847,4.038900019433712,3.728506484608204,3,0,0,12
2025-11-06,11,3,0,3.051606995564151,0.08808245962240897,0.2993238267856162,0.4235050229904688,0.08843277651873992,0.5699862211342231,1.708916777652912,0.24700845433901325,0.809576207420138,0.3856822912302506,0.05857079412596054,0.037822731760218185,0.14852245599292038,0.016427493048638383,0.07010944709661023,0.19739663876768018,valid_2025_11,-119.7464595561412,922.5949328182962,1042.3413923744374,50,70,2.551040357082961,485.4853604581739,437.1095723601224,50,67,2.1678244514931606,-1373.203023454103,2295.7979562723995,53,72,3.2282760615446406,-87.93284118309668,1010.5277740013928,51,70,3.504163044634637,-1341.3894050810586,2263.9843378993546,51,72,4.451331545906726,-1105.9686291205278,2028.563561938824,51,71,3.9521529379882736,-54.30266520095063,976.8975980192467,54,69,2.5086681161235878,72.95180829122796,849.6431245270683,51,69,2.499892694854715,lgb_baseline,485.4853604581739,605.2318200143151,2.551040357082961,3.2282760615446406,3,2,4,1
2025-11-07,11,4,0,3.0743961589740585,0.07803803427919678,0.28925332832574746,0.6738945525534143,0.15410486786129415,0.9711064993868503,0.957880163887095,0.46268219197716914,1.4118326900355553,0.596097560218329,0.053904536776780906,0.07779699233508507,0.29354306197528535,0.01602644171751848,0.06968760704310743,0.22327118939938054,valid_2025_11,4388.41823880535,6793.795022201863,2405.376783396513,57,80,3.668415520247271,4483.859093924483,2309.9359282773794,57,77,2.670543449874806,4388.41823880535,2405.376783396513,57,80,4.679485898922778,4525.191346914743,2268.60367528712,58,72,2.306270550262605,4118.476505548228,2675.318516653635,58,84,3.0312744409431875,4493.377728541698,2300.4172936601644,58,77,2.531440736239931,3929.81220451056,2863.9828176913024,53,77,2.7395073450772003,4387.74379009584,2406.0512321060223,55,79,3.3260354718686465,lgb_business,4525.191346914743,136.77310810939343,3.668415520247271,4.679485898922778,0,0,4,3
2025-11-08,11,5,1,3.0870351254429296,0.0829749376007055,0.29416234568083643,0.7805060506789726,0.2309112379099612,1.2232871347698837,0.6271316204520554,0.6952979721082926,2.0347315906291232,0.6415652433448541,0.05349720210988343,0.13894080733411862,0.5183826419037316,0.018370757726838827,0.06926001363252986,0.23751185249757656,valid_2025_11,7646.88674296057,8037.637510627492,390.750767666922,54,83,4.289279945707103,7818.07900478776,219.55850583973188,50,84,3.075235745817807,7479.747536114105,557.8899745133867,54,82,5.6362603479364495,7695.57112315684,342.06638747065153,34,84,2.9565125178749723,7479.747536114105,557.8899745133867,54,82,3.687689747917566,7479.747536114105,557.8899745133867,54,82,3.2560362756472285,7986.614829480803,51.02268114668914,49,85,4.154205927185613,7646.285465573319,391.3520450541728,50,83,4.237856707446676,cat_baseline_last_180d,7986.614829480803,339.72808652023286,4.289279945707103,5.6362603479364495,0,1,5,2
2025-11-09,11,6,1,3.093452642922761,0.07798458650591951,0.2852068954487659,0.5945804920227351,0.23847304940495387,1.0361711666716997,1.225191134296687,0.7501211669798129,2.4619233976155313,0.44532712490055265,0.08903353820002528,0.14925336712218243,0.5502565734608496,0.01314181107045675,0.06917803845053185,0.20071163240812315,valid_2025_11,12199.348723544686,12573.171464875311,373.8227413306249,49,73,9.665553405565763,12537.50521731729,35.666247558021496,49,71,9.519220290015616,10697.189198015449,1875.9822668598624,54,78,10.097892022274248,12215.05510693546,358.1163579398526,54,73,10.248976076196614,10607.59886731512,1965.572597560193,54,79,9.79915242143406,12012.688680464522,560.4827844107895,54,74,9.89679841352131,12453.82903827251,119.34242660280142,50,70,9.960596487700364,12377.60679001253,195.5646748627805,49,72,9.721595612764936,lgb_baseline,12537.50521731729,338.1564937726034,9.665553405565763,10.097892022274248,5,5,1,3
2025-11-10,11,0,0,3.0918715302496422,0.07407118960149855,0.26147530297787513,0.558182072803251,0.20799770865978548,0.9447513940466485,1.340376032618179,0.6448114465089132,2.0946720951111537,0.4398360961571481,0.0891620446696984,0.11834597664610307,0.4496691679382045,0.011252679761772563,0.06921283229626002,0.18366941258353683,valid_2025_11,10588.335721390238,11155.171685390123,566.8359639998853,49,74,9.534877437208332,10460.90309163517,694.268593754954,48,73,9.45020823356036,10272.99595471478,882.1757306753425,52,77,9.81581005781642,10272.99595471478,882.1757306753425,52,73,10.206661176928522,10495.04864823496,660.1230371551646,51,76,10.00230326092906,10495.04864823496,660.1230371551646,51,74,10.08620067737064,10588.335721390238,566.8359639998853,49,76,8.709249496911916,10588.335721390238,566.8359639998853,49,76,9.243398151539555,ens_baseline_baseline_last_180d,10588.335721390238,0.0,9.534877437208332,9.81581005781642,3,3,0,2
2025-11-11,11,1,0,3.079162581063119,0.08295087699187922,0.2957963471718874,0.5970879108495001,0.23576600810141352,1.0226314366011688,1.2040088412908414,0.7055244425867386,2.162427755222487,0.4545632154186934,0.11300781097756724,0.14252469543080684,0.533729711980486,0.012322249650756201,0.06953765383262149,0.18765419200790445,valid_2025_11,7402.863564591968,7485.846206756217,82.98264216424923,53,70,3.759229604932237,7396.068175707485,89.77803104873146,51,70,2.799916281823357,7352.22900958943,133.61719716678726,55,71,4.769522277409621,7479.512115338144,6.334091418072603,54,69,3.264825927125301,7402.863564591968,82.98264216424923,53,70,3.623133061869879,7466.490801338057,19.35540541815953,53,69,3.4390433401983174,7450.043160639192,35.80304611702468,49,69,4.251884794243111,7391.557004622187,94.28920213402944,50,70,3.903915991265343,lgb_business,7479.512115338144,76.64855074617662,3.759229604932237,4.769522277409621,2,1,4,1
2025-11-12,11,2,0,3.0840416475682737,0.07836509057799844,0.28233161385507044,0.6494623039948518,0.2645808438096458,1.0736279611792745,1.0493597680449567,0.8239852988748304,2.524496537976276,0.5056678452324012,0.15206460442561973,0.1437944587624507,0.5396994391969616,0.014563802639326356,0.06935986797379527,0.20369726008294262,valid_2025_11,10126.872824165552,10483.503486127382,356.6306619618299,52,71,9.965177898196089,9904.17749555424,579.3259905731429,52,72,9.53395566343062,10381.381771149909,102.12171497747296,52,69,10.55778149903214,9712.910840533656,770.592645593726,53,74,10.694639016444423,9896.628123914314,586.875362213068,54,72,10.60493899468756,9840.165314025837,643.3381721015467,53,73,10.62159547049536,9852.680791493787,630.8226946335926,49,73,9.051084924599191,10133.404160017535,350.0993261098447,51,71,9.644117045732148,lgb_baseline_last_180d,10381.381771149909,254.50894698435695,9.965177898196089,10.55778149903214,0,2,3,2
2025-11-13,11,3,0,3.092173157223737,0.07643771517997043,0.270472830501562,0.5861033100917132,0.23551762130920725,1.0171352420652673,1.2402769171882302,0.7043040297248636,2.1424186004831425,0.44328361927909343,0.09608353580830233,0.14281969081261972,0.5318103851551536,0.012213660350234504,0.06917458905808858,0.17717546431247852,valid_2025_11,9146.450277230568,9537.757783219018,391.3075059884504,51,70,4.142097144799237,9330.03394341406,207.7238398049576,55,69,3.5669400362989947,9292.831098088622,244.92668513039644,51,72,4.911338075866887,9146.450277230568,391.3075059884504,51,70,5.013639429830576,9146.450277230568,391.3075059884504,52,70,6.379794542467764,9146.450277230568,391.3075059884504,51,70,5.694701449281773,9146.450277230568,391.3075059884504,49,70,4.039454655876163,9146.450277230568,391.3075059884504,51,70,4.090387227638345,lgb_baseline,9330.03394341406,183.58366618349282,4.142097144799237,4.911338075866887,0,2,2,0
2025-11-14,11,4,0,3.0798391780682213,0.07100531851820965,0.26327060075345177,0.7542095876993992,0.2020804927274033,1.1604819600821796,0.7152516596880396,0.6046996951729158,1.8708019689378448,0.6090706249436049,0.02526592047353008,0.14513896275579413,0.5412769943951802,0.015268336348910025,0.06949738378495658,0.20055095663740707,valid_2025_11,3326.107438178151,3791.5724885941686,465.4650504160177,49,77,3.545951513727008,3440.801895136652,350.7705934575165,48,73,2.5898803727309687,3593.341832511727,198.23065608244175,49,78,4.580017767443522,3167.946034436559,623.6264541576097,49,71,2.656723194198002,3328.884767062118,462.68772153205055,50,72,3.2165445461825826,3167.946034436559,623.6264541576097,49,71,2.9220888409088985,3738.061982490707,53.510506103461466,49,68,3.538653903469477,3593.341832511727,198.23065608244175,49,78,3.536357800865016,cat_baseline_last_180d,3738.061982490707,411.9545443125562,3.545951513727008,4.580017767443522,0,1,0,9
2025-11-15,11,5,1,3.0861276146899197,0.07916933687173264,0.2766020893134873,0.6781675906965884,0.20895234305240273,1.076123805239555,0.960437703488414,0.643730921879856,2.0163683592801203,0.5553469995575288,0.08037351011151159,0.12282059113905978,0.47486216824485755,0.013795097098507047,0.06934587470140975,0.19561207832570204,valid_2025_11,7935.197659466287,8345.596517840402,410.3988583741148,49,84,7.038752300942807,7935.197659466287,410.3988583741148,48,84,6.342447986394157,7954.387634068908,391.2088837714946,49,85,7.756212812875207,7830.823540308002,514.7729775323996,49,82,7.042085218942977,7983.118512821605,362.4780050187974,49,83,8.202178355711464,7830.823540308002,514.7729775323996,49,82,7.618454135157141,7983.118512821605,362.4780050187974,49,83,5.432763702779507,7935.197659466287,410.3988583741148,49,84,6.495246505748655,lgb_business_last_180d,7983.118512821605,47.92085335531738,7.038752300942807,7.756212812875207,0,1,0,1
2025-11-16,11,6,1,3.074013153349167,0.07391945204875777,0.2645118808560949,0.6651799275873049,0.2536756439833483,1.1547650978535426,0.9909461213671514,0.7652427241965759,2.17928461953167,0.5206378580630787,0.06347162160572649,0.14454206952422613,0.5426913441382484,0.013960799223560506,0.06974156809211736,0.20000568546755937,valid_2025_11,8669.261908444085,9645.889090707162,976.627182263077,47,84,4.761049365613349,8319.830668320072,1326.05842238709,47,85,3.9383624941952746,9219.58660450836,426.3024861988015,47,82,5.6287459491984535,8669.261908444085,976.627182263077,48,84,4.375102491806526,8669.261908444085,976.627182263077,48,84,5.80062621427701,8669.261908444085,976.627182263077,48,84,5.08786435304177,9486.820998841937,159.06809186522514,49,77,4.875277017361906,9219.58660450836,426.3024861988015,48,82,4.7271136353445335,cat_baseline_last_180d,9486.820998841937,817.5590903978518,4.761049365613349,5.6287459491984535,0,2,2,7
2025-11-17,11,0,0,3.089313070207569,0.07644711126243824,0.27585171094635275,0.6421367844909309,0.2159679411508664,1.0593074532929,1.0631916841717977,0.6526676793468461,2.0359314947283473,0.4942231542375719,0.06954566341191869,0.14791363025335894,0.5524600662614529,0.014112230019821856,0.0692583880384219,0.2041009262323068,valid_2025_11,7080.874751676545,7342.583120498723,261.70836882217736,49,71,3.722701877019805,7073.675329838725,268.9077906599978,45,71,2.7627155485115225,7271.7564619148125,70.8266585839101,49,72,4.725261281248926,763.5268409530734,6579.056279545649,0,24,3.7388350305461824,7088.074173514365,254.50894698435783,54,71,3.7499243413844994,7088.074173514365,254.50894698435783,54,71,3.410621695369965,7080.874751676545,261.70836882217736,49,71,3.58454992641483,7080.874751676545,261.70836882217736,49,71,3.676651226818155,lgb_baseline_last_180d,7271.7564619148125,190.88171023826726,3.722701877019805,4.725261281248926,0,1,0,0
2025-11-18,11,1,0,3.1120952937863944,0.0718524178099828,0.26724690481107327,0.634202123571853,0.20252095728158911,0.9941941249911878,1.1100541865554312,0.6373503293684136,2.0401581586710784,0.49571593775876677,0.10678181147538048,0.13848618581308628,0.526076978528867,0.011788986715982755,0.06873772594534948,0.19577796093796615,valid_2025_11,8806.39769180293,10104.393321423157,1297.9956296202272,50,70,8.91598756884594,9092.720257160334,1011.6730642628228,49,69,8.459159263895998,8806.39769180293,1297.9956296202272,51,70,9.37897608979364,8806.39769180293,1297.9956296202272,50,70,9.629414502852171,8461.315373310514,1643.0779481126428,50,72,10.01117591283796,8461.315373310514,1643.0779481126428,50,72,9.811173715800953,8806.39769180293,1297.9956296202272,49,70,8.335182983239966,8806.39769180293,1297.9956296202272,50,70,8.717586771015787,lgb_baseline,9092.720257160334,286.3225653574045,8.91598756884594,9.37897608979364,1,0,1,0
2025-11-19,11,2,0,3.1525309135707786,0.08940887774499134,0.34304213277365614,0.612358954803142,0.2443310619583915,1.0737341008660672,1.1838432481487295,0.7612594490955906,2.412067417357241,0.4763191066567633,0.07441989304953323,0.13603984814637868,0.5187749056591051,0.013840974413871525,0.06778125327412991,0.19162411235471402,valid_2025_11,8685.117815841211,10200.934927737995,1515.8171118967855,55,87,9.057269386804318,8716.931434214255,1484.0034935237418,55,88,8.863539614655302,8159.222797325594,2041.712130412403,56,86,9.364487930543431,8716.931434214255,1484.0034935237418,54,88,9.551416585866368,8716.931434214255,1484.0034935237418,54,88,9.863753743514817,8716.931434214255,1484.0034935237418,54,88,9.707585164690585,8716.931434214255,1484.0034935237418,49,88,7.636543825195218,8716.931434214255,1484.0034935237418,50,88,8.562292903165375,lgb_baseline,8716.931434214255,31.813618373043937,9.057269386804318,9.364487930543431,1,1,6,1
2025-11-20,11,3,0,3.1819102136273343,0.08869094020627515,0.3237076172765394,0.4784550242366472,0.220494506048639,0.9003187927159304,1.6075360726593582,0.6929921371441973,2.0772766414692976,0.3355190753256793,0.08290045553257734,0.14293594891096784,0.5427946255809327,0.017532499871771957,0.06729564194202832,0.1804488779887874,valid_2025_11,8462.422487229898,8685.117815841211,222.69532861131304,54,68,6.550068610559265,8462.422487229898,222.69532861131304,54,68,6.306343187093354,8462.422487229898,222.69532861131304,54,72,6.886483732667415,8526.049723975986,159.06809186522514,54,69,8.21237010771636,8462.422487229898,222.69532861131304,54,72,7.706342352993715,8526.049723975986,159.06809186522514,54,69,7.893971349199347,8526.049723975986,159.06809186522514,55,69,5.1854982822395215,8462.422487229898,222.69532861131304,54,68,6.0729279680834125,lgb_business,8526.049723975986,63.627236746087874,6.550068610559265,6.886483732667415,0,4,1,1
2025-11-21,11,4,0,3.1850904094835317,0.08412745863234548,0.31475216704446973,0.5647158092230395,0.16841053848698018,0.9042402100799541,1.3602776345859187,0.5454648134992578,1.7549477567813452,0.4228154081839024,0.05480735296117176,0.14190040103913706,0.5374410722816632,0.010543824257103722,0.0672338890121395,0.17653307476159977,valid_2025_11,6683.354046019839,7103.440151188545,420.0861051687061,53,68,6.492109451735786,7103.440151188545,0.0,53,67,6.635169315045399,5514.248109876167,1589.192041312378,54,72,6.459837738355567,6371.688752266469,731.7513989220761,53,69,8.146604157279711,6371.688752266469,731.7513989220761,52,69,7.339931206846465,6371.688752266469,731.7513989220761,52,69,7.742314698657879,6683.354046019839,420.0861051687061,50,68,5.410132571676705,6683.354046019839,420.0861051687061,52,68,6.118501795694932,lgb_baseline,7103.440151188545,420.0861051687061,6.492109451735786,6.459837738355567,1,4,3,0
2025-11-22,11,5,1,3.171063842052458,0.08595004822940185,0.31053041211909216,0.7580533864955581,0.20705136687509815,1.1686295917206868,0.7250271714963974,0.6427006022914689,1.8674989015460621,0.6336052075760893,0.03424509339196117,0.12444817891946873,0.4759600880983326,0.0157313295277755,0.06752790532922245,0.2103232061088406,valid_2025_11,2628.8260947632684,6264.524578776868,3635.6984840136,55,85,3.057591283243985,2628.8260947632684,3635.6984840136,48,85,2.1596245043628155,2628.8260947632684,3635.6984840136,55,85,4.013434926681569,5710.75446784279,553.7701109340778,36,77,1.9096639712252124,5216.863949410457,1047.6606293664108,50,78,2.682824862718361,5727.408897061079,537.1156817157889,50,77,2.2873319528869898,6181.331966731355,83.19261204551276,48,70,2.8340328891526383,2628.8260947632684,3635.6984840136,50,85,2.797637672255018,cat_baseline_last_180d,6181.331966731355,3552.505871968087,3.057591283243985,4.013434926681569,0,0,7,15
2025-11-23,11,6,1,3.206746700257387,0.09911445165496366,0.3802524843252342,0.686791213323643,0.18723393483242634,1.060733063576864,0.96842353513183,0.6002315383098329,1.8720530670751983,0.5642809067001461,0.03896660415886147,0.12251030662349693,0.48476440105378726,0.01451368823753535,0.0667968132271838,0.19390276633797784,valid_2025_11,5856.6612657870855,6269.694291762487,413.0330259754018,55,79,4.146135203953065,2010.8942782944348,4258.800013468052,55,84,3.320350167146921,5856.6612657870855,413.0330259754018,55,79,4.988833259434724,4067.705151986685,2201.9891397758024,54,72,5.403528154929813,5747.464202083447,522.2300896790402,53,73,7.2083593302526,4067.705151986685,2201.9891397758024,53,72,6.3046414459912,6225.616523506635,44.07776825585279,49,76,5.0103128987444965,6225.616523506635,44.07776825585279,50,76,4.309497482618037,cat_baseline_last_180d,6225.616523506635,368.9552577195491,4.146135203953065,4.988833259434724,0,0,6,3
2025-11-24,11,0,0,3.173740790578906,0.0907923099717123,0.3245702017546477,0.6594204451400271,0.18123729454954046,1.0042774899643505,1.0557927796108142,0.5954788438733751,1.9826581371027208,0.548016626880998,0.07545784785876078,0.11140381825902908,0.4387592782955394,0.011856343621490947,0.0674752297075397,0.19196200245972858,valid_2025_11,8438.969487765287,10017.17946801529,1578.2099802500034,55,71,6.694639407664448,8438.969487765287,1578.2099802500034,55,71,5.764823605854762,8438.969487765287,1578.2099802500034,55,71,7.624455209474142,7519.555916784295,2497.623551230996,55,72,8.561977093587572,7519.555916784295,2497.623551230996,55,72,8.481847796198176,7519.555916784295,2497.623551230996,55,72,8.521912444892877,7519.555916784295,2497.623551230996,49,72,4.804169304896579,8438.969487765287,1578.2099802500034,55,71,6.015604439481791,ens_baseline_baseline_last_180d,8438.969487765287,0.0,6.694639407664448,7.624455209474142,0,0,6,1
2025-11-25,11,1,0,3.1174097433784005,0.07557790356652423,0.2699819287660521,0.7576428090511431,0.21551658397222967,1.1759016179570576,0.7152420900262314,0.6581232089032188,1.9412323422195077,0.6238932021049539,0.03143876558097981,0.13374960694618934,0.5108821287728109,0.014389398392642921,0.06866604119785986,0.20266142268938814,valid_2025_11,426.1306926595848,1565.2300239538,1139.0993312942153,55,82,3.334524296087249,38.00454850843934,1527.2254754453609,58,84,2.350413827137164,1542.2351405937634,22.994883360036734,55,77,4.422653275652763,426.1306926595848,1139.0993312942153,55,82,1.9208600344339024,755.1884915774983,810.0415323763018,55,72,2.830971831046339,755.1884915774983,810.0415323763018,55,72,2.3436214525279047,1217.7362331887073,347.49379076509285,49,74,3.055822895259219,1565.2300239538,0.0,52,76,3.149227008937073,ens_base_base180_cat180,1565.2300239538,1139.099331294215,3.334524296087249,4.422653275652763,0,5,6,8
2025-11-26,11,2,0,3.1281068720595777,0.08319788624410451,0.2930262588072292,0.6561375001058339,0.15277668061072128,0.9638284331857583,1.047188017306048,0.4714756914603487,1.4545972440803212,0.5741167735785583,0.040897128518446624,0.0820207265272757,0.3292116544024941,0.01057713856534027,0.06843318612871185,0.20489518819188288,valid_2025_11,7142.682249451696,7918.575043866372,775.8927944146762,52,84,4.71007295904904,6757.584761769664,1160.990282096708,55,85,4.004469694776212,6633.664355482981,1284.910688383391,52,82,5.535884878252031,7142.682249451696,775.8927944146762,52,84,5.234423447140911,7142.682249451696,775.8927944146762,52,84,6.954512147258836,7142.682249451696,775.8927944146762,52,84,6.094467797199874,7693.910452277767,224.6645915886047,50,79,3.1015027744307453,6633.664355482981,1284.910688383391,51,82,4.076966997291944,cat_baseline_last_180d,7693.910452277767,551.2282028260706,4.71007295904904,5.535884878252031,0,2,2,5
2025-11-27,11,3,0,3.1318168327053457,0.08015536542825845,0.2716159302571044,0.709080551851188,0.21011783691147268,1.1288426938364116,0.8832189408487944,0.6454517471498442,1.8596942652396642,0.5780667042100255,0.02344464136077283,0.13101384764116233,0.512237558918835,0.010515354399084992,0.06830708620231829,0.21346298341393777,valid_2025_11,1778.6071437436483,3235.798119702589,1457.1909759589407,54,86,3.293115290936404,1784.693088938412,1451.1050307641772,57,85,2.4833287177946453,1185.0318335012175,2050.766286201372,53,88,4.142708409869286,2444.567979870268,791.2301398323211,55,72,3.1103654341675844,2444.567979870268,791.2301398323211,52,72,4.914945583428302,2444.567979870268,791.2301398323211,54,72,4.009776491659634,2444.567979870268,791.2301398323211,49,72,3.110539201627674,2026.0152911071427,1209.7828285954463,51,76,3.126706727313492,lgb_business,2444.567979870268,665.9608361266198,3.293115290936404,4.142708409869286,1,2,5,14
2025-11-28,11,4,0,3.1602451567510585,0.08544343926657748,0.31912119249049864,0.7275597576353926,0.18820456555003495,1.1093320976298007,0.8317264388450081,0.5829338005231555,1.7957360806965896,0.5975719582299587,0.04187869844257176,0.12998779940543392,0.5080190016212602,0.01092127494129684,0.06774607002387156,0.22357562537876366,valid_2025_11,4115.587828999955,6405.093051558166,2289.5052225582112,54,88,2.9601242653898243,4950.335817404763,1454.7572341534033,57,87,2.0861933503012478,4115.587828999955,2289.5052225582112,54,88,3.849711935318915,2470.251113982827,3934.8419375753383,55,71,1.6596878616494657,-1618.756436866448,8023.849488424614,13,25,1.881712170125787,5939.551648458053,465.5414031001128,54,85,1.6870932663943012,2509.264154193692,3895.828897364474,49,71,2.6461796726902165,2502.064732355872,3903.028319202294,52,71,2.631469536319603,ens_business_business_last_180d,5939.551648458053,1823.9638194580984,2.9601242653898243,3.849711935318915,0,0,5,17
2025-11-29,11,5,1,3.20047272770468,0.07786196542950176,0.30915588725966714,0.6671513052763216,0.18612628211473997,1.0533279962368949,1.0344976960871668,0.5871280277870201,1.9260599721513132,0.5364166916704781,0.06776599560420474,0.13073461360584349,0.5104142051784086,0.011607470462276429,0.0669418604866613,0.21735284926077555,valid_2025_11,2276.105326499485,5801.283300285127,3525.177973785642,55,84,3.176529423299016,5194.034496865961,607.2488034191656,55,69,2.311622180646541,2276.105326499485,3525.177973785642,57,84,4.106904833349052,3071.903901930175,2729.379398354952,0,25,5.297885223437566,3421.853704033667,2379.42959625146,0,23,6.414905372182015,3167.344757049309,2633.9385432358176,0,24,5.846620395987966,2499.312854366604,3301.9704459185227,49,83,3.220093368045635,2499.312854366604,3301.9704459185227,51,83,3.150786705117284,lgb_baseline,5194.034496865961,2917.9291703664762,3.176529423299016,4.106904833349052,2,0,6,1
2025-11-30,11,6,1,3.176155559592148,0.08648196458236343,0.30838447024672444,0.6394926525531521,0.245441032420132,1.0233030020133398,1.1338132607574074,0.8032033486281933,2.391856992906338,0.51512528077949,0.15348587440118305,0.12436737177366207,0.4830367320299948,0.008945409726511562,0.06781097968461147,0.21345503139012956,valid_2025_11,10816.630246835208,10816.630246835208,0.0,54,88,9.151653726057395,10816.630246835208,0.0,54,88,9.198629611147204,9512.271893540372,1304.358353294836,55,82,9.22200544025655,9353.203801675148,1463.4264451600593,54,81,10.247122924440436,10816.630246835208,0.0,51,88,9.277395696297503,10816.630246835208,0.0,54,88,9.727639880667812,9734.967222151685,1081.663024683523,49,83,9.150145154784305,9734.967222151685,1081.663024683523,50,83,9.102180595759627,ens_baseline_baseline_last_180d,10816.630246835208,0.0,9.151653726057395,9.22200544025655,1,6,5,5
2025-12-01,12,0,0,3.1576199282288884,0.09460126204433898,0.3265057571689405,0.3369721571314835,0.16136153540277665,0.6593927435545406,2.0588853658976363,0.5060415726266781,1.6165807910344032,0.238926277061032,0.062112362652557374,0.09804588007045141,0.38538765419687393,0.01196421754022279,0.0677784226614676,0.18443822901712772,valid_2025_12,2712.187318986156,7602.923503730859,4890.736184744703,54,70,4.045579470424784,2712.187318986156,4890.736184744703,54,70,4.04123150529486,2712.187318986156,4890.736184744703,54,70,4.049927435554764,2247.7084907397034,5355.215012991155,53,69,4.892484619382117,2247.7084907397034,5355.215012991155,53,69,3.677332992555719,2247.7084907397034,5355.215012991155,53,69,4.284908805968925,3658.349780295204,3944.573723435655,52,88,6.565198407797055,2247.7084907397034,5355.215012991155,53,70,4.842394072164609,cat_baseline_last_180d,3658.349780295204,946.162461309048,4.045579470424784,4.049927435554764,0,0,2,18
2025-12-02,12,1,0,3.205999828331219,0.07643907009994556,0.32097259332156103,0.541968753181083,0.24288481808752044,1.01112832761063,1.450825402056555,0.77745008522524,2.4095820519991795,0.41474138142046807,0.10783710881381738,0.12722737176061488,0.4955300967439878,0.008331009057028946,0.06694962846716106,0.20767271153118805,valid_2025_12,7049.897831466711,7113.525068212801,63.62723674608969,57,73,5.8195439780520815,6566.330832196431,547.1942360163694,57,71,5.666645814066641,7113.525068212801,0.0,54,74,6.033785567699319,6280.008266839029,833.5168013737721,54,70,4.9003590575592,7049.897831466711,63.62723674608969,56,73,5.634849707478253,6280.008266839029,833.5168013737721,56,70,5.240340485740724,6852.653397553833,260.8716706589676,50,72,4.411812613575577,7049.897831466711,63.62723674608969,53,73,5.317214532962971,lgb_baseline_last_180d,7113.525068212801,63.62723674608969,5.8195439780520815,6.033785567699319,3,1,7,1
2025-12-03,12,2,0,3.1691676610482014,0.09355390324874727,0.3239390423804225,0.6121922042189781,0.20428329003817292,1.0289275902000408,1.1804874161254661,0.6355583795455688,1.8950756571823755,0.4751901634318916,0.02642833800630667,0.13700204078708642,0.5363058654306451,0.017637046952430912,0.06750895816597502,0.23464828860893228,valid_2025_12,8099.747237777186,9007.214795059102,907.467557281916,54,69,6.909990726461929,8099.747237777186,907.467557281916,55,69,6.657725471789998,8099.747237777186,907.467557281916,52,69,7.166561337826568,7684.503165324859,1322.7116297342436,54,85,6.374183518336096,8036.120001031097,971.0947940280056,54,68,6.679230329563001,8323.956894623057,683.257900436045,54,88,6.354098712588439,7684.503165324859,1322.7116297342436,52,85,5.352398224963276,8099.747237777186,907.467557281916,52,69,6.373442759657612,ens_business_business_last_180d,8323.956894623057,224.2096568458719,6.909990726461929,7.166561337826568,2,0,2,16
2025-12-04,12,3,0,3.20784158644962,0.08170764644210671,0.3283781966458106,0.39827513771184186,0.15450498725374057,0.7054874013975456,1.9052175628515393,0.5119658203456288,1.6736397023289968,0.26457690486259405,0.09374811442615438,0.13369823284924773,0.5349193102773945,0.010367504781053955,0.06689583306502474,0.1955026288645684,valid_2025_12,11528.911711312978,11898.293271518723,369.3815602057475,49,64,6.458598988095432,11528.911711312978,369.3815602057475,49,64,6.2223337080790415,11186.34585003387,711.947421484856,50,64,6.733440888675808,11528.911711312978,369.3815602057475,49,64,5.008417061594933,11528.911711312978,369.3815602057475,49,64,6.199986588415086,11528.911711312978,369.3815602057475,49,64,5.604201825005006,381.7634204765376,11516.529851042187,0,29,5.915804427988588,11186.34585003387,711.947421484856,50,64,5.858591655425435,ens_baseline_baseline_last_180d,11528.911711312978,0.0,6.458598988095432,6.733440888675808,1,0,49,35
2025-12-05,12,4,0,3.200932290624038,0.08358648206868649,0.31496255350254465,0.7525539137810558,0.2063639848535706,1.1648877554945614,0.7695965053175226,0.657962642293497,2.0743375426499853,0.6303371589685861,0.042738235911717826,0.12221675481246973,0.4934187452057646,0.009491069397418039,0.06693194476524623,0.2274112604982681,valid_2025_12,3632.424862683012,4598.152699291484,965.727836608472,57,72,2.7201523240067296,3632.424862683012,965.727836608472,57,72,2.448510006400736,3632.424862683012,965.727836608472,37,72,3.002298327188592,3632.424862683012,965.727836608472,36,72,2.2285802155792345,3632.424862683012,965.727836608472,37,72,2.5568474317956333,3632.424862683012,965.727836608472,37,72,2.392712252158835,3632.424862683012,965.727836608472,50,72,2.6774539720655617,3632.424862683012,965.727836608472,53,72,2.678969194061532,ens_baseline_baseline_last_180d,3632.424862683012,0.0,2.7201523240067296,3.002298327188592,20,0,7,0
2025-12-06,12,5,1,3.181027540164513,0.0891219560850262,0.3409172295470957,0.770212717362415,0.20424623236140443,1.1916102934454702,0.69242685476671,0.6374464890261377,1.9602603947760278,0.6441614829489773,0.025782603742577796,0.12605123441343755,0.5023699606911053,0.015754098745984026,0.06736940327543213,0.25099600727534854,valid_2025_12,555.1635474188168,1382.2635419667454,827.0999945479285,38,69,3.547416471571708,555.1635474188168,827.0999945479285,56,69,3.327042020317861,555.1635474188168,827.0999945479285,38,69,3.7902033635436094,28.632256535740225,1353.6312854310052,35,73,3.8144726110190175,437.4531594385513,944.810382528194,37,71,4.242505829588023,437.4531594385513,944.810382528194,37,71,3.979714379600521,564.7076329307303,817.5559090360151,49,68,3.446410627562556,555.1635474188168,827.0999945479285,50,69,3.470934052441635,cat_baseline_last_180d,564.7076329307303,9.544085511913408,3.547416471571708,3.7902033635436094,0,0,11,1
2025-12-07,12,6,1,3.1891077681208198,0.08133966677945172,0.3124799932972566,0.5539084390316357,0.22865714517905916,0.9582934844192635,1.4070366312152303,0.7418605086849784,2.4192787638518682,0.42584903410264613,0.1273353122469018,0.12805940492898954,0.5156215297450425,0.009593627897059207,0.06716934141001257,0.21176072099665935,valid_2025_12,10021.28978750909,15016.027872077111,4994.738084568022,51,69,10.295625265853706,10021.28978750909,4994.738084568022,51,69,10.276120032768665,10021.28978750909,4994.738084568022,42,69,10.363217727417192,10816.630246835208,4199.397625241903,51,73,9.953765480634983,10562.121299850847,4453.906572226262,52,72,9.710850210157442,10562.121299850847,4453.906572226262,52,72,9.827138696608973,10562.121299850847,4453.906572226262,49,72,11.068705995796863,10053.103405882131,4962.924466194978,50,70,10.498267129840633,lgb_business,10816.630246835208,795.3404593261184,10.295625265853706,10.363217727417192,9,0,2,3
2025-12-08,12,0,0,3.2159397118650337,0.08650158926891326,0.311750653575928,0.5970013038882361,0.2307867374919947,1.0506077357954482,1.2626841122953654,0.7242030740179277,2.238413733573725,0.471614748409902,0.0572103090359384,0.12538655547833408,0.4990413591446732,0.012588220414739545,0.0665665946650751,0.20668768850398367,valid_2025_12,6468.201726324774,7915.851798133639,1447.6500718088646,53,71,7.131827233598315,6468.201726324774,1447.6500718088646,54,71,6.835449536029902,6468.201726324774,1447.6500718088646,53,71,7.429942239494562,6468.201726324774,1447.6500718088646,54,71,6.849745567831871,6468.201726324774,1447.6500718088646,55,71,7.062895376627967,6468.201726324774,1447.6500718088646,53,71,6.953729615947896,6468.201726324774,1447.6500718088646,49,71,5.8326698336097245,6468.201726324774,1447.6500718088646,50,71,6.691249086243165,ens_baseline_baseline_last_180d,6468.201726324774,0.0,7.131827233598315,7.429942239494562,0,0,4,0
2025-12-09,12,1,0,3.2121537052807745,0.08702196967979316,0.3291987038323043,0.4818774814538256,0.1870462524949527,0.8631263770408452,1.6313144688120846,0.6022336484357296,1.88285360654459,0.35863463324231787,0.04408843787065153,0.1232428482115077,0.4951074337730074,0.013307789748815059,0.06666737619642653,0.20714587563317374,valid_2025_12,10212.171497747357,10593.934918223891,381.76342047653634,51,69,10.25808525013626,10212.171497747357,381.76342047653634,51,69,9.976581642764891,9957.662550763,636.2723674608933,51,71,10.55481097514619,10212.171497747357,381.76342047653634,50,69,9.717443335634194,10212.171497747357,381.76342047653634,51,69,9.590503446645164,10212.171497747357,381.76342047653634,50,69,9.651918790306093,10021.28978750909,572.6451307148036,50,70,9.031948833578674,10212.171497747357,381.76342047653634,51,69,9.842670954892633,ens_baseline_baseline_last_180d,10212.171497747357,0.0,10.25808525013626,10.55481097514619,0,2,1,1
2025-12-10,12,2,0,3.204253985983462,0.08579134499923799,0.33136568435047975,0.36573547005192647,0.20408910942744474,0.776542496002024,2.009220574333123,0.6697674796001126,2.173020012098383,0.26139153751271743,0.0788351947125717,0.10434393253920897,0.43741924991642656,0.01090680611884385,0.06684792553028654,0.18975994712191416,valid_2025_12,3242.294460574364,7441.205337455161,4198.910876880796,49,88,17.413813470790515,4094.0277398285416,3347.177597626619,50,88,17.279941583625714,3242.294460574364,4198.910876880796,49,88,17.575028290444138,4094.0277398285416,3347.177597626619,50,88,16.464556691295137,3242.294460574364,4198.910876880796,49,88,16.792077061889067,4094.0277398285416,3347.177597626619,50,88,16.603943641623026,3242.294460574364,4198.910876880796,49,88,16.053840070183533,3242.294460574364,4198.910876880796,49,88,16.96048900392151,lgb_baseline,4094.0277398285416,851.7332792541774,17.413813470790515,17.575028290444138,0,0,0,0
2025-12-11,12,3,0,3.190235015841153,0.09021120903059651,0.33905881583409814,0.32493614850508074,0.18030731638722647,0.6786719678481679,2.1224447073907804,0.5776266314024314,1.8151554520651305,0.2152438981596084,0.06773500597306831,0.10969225034547235,0.46134055057922935,0.010718062625194091,0.06711649523658852,0.18207252265952567,valid_2025_12,2088.8821823741164,25769.030882166226,23680.14869979211,53,65,2.890530165185396,1983.785894078763,23785.244988087463,52,65,3.1268638935412696,2088.8821823741164,23680.14869979211,54,65,2.66740194564953,5339.807677613087,20429.22320455314,50,64,2.3359323226693647,1929.8140905088933,23839.21679165733,55,65,1.916563671425223,3698.336317228287,22070.694564937938,53,64,2.010389709858416,6984.8867023213925,18784.144179844832,50,68,5.652085897080511,4369.807272057117,21399.223610109108,52,66,3.688735660365225,cat_baseline_last_180d,6984.8867023213925,4896.004519947276,2.890530165185396,2.66740194564953,1,0,3,3
2025-12-12,12,4,0,3.186572465199306,0.08421886998197602,0.33846973375148703,0.4437528584051651,0.11769187506877306,0.6620577607408321,1.7356494964228188,0.3689802264033538,1.1607420626282738,0.3905901125355291,0.06724925406759083,0.05316274586963605,0.22830063449563145,0.011736966833558328,0.06722983292656148,0.21324382899484448,valid_2025_12,-12443.85546891256,9467.732827818112,21911.58829673067,53,72,4.775605199174791,-12359.014911435324,21826.747739253435,53,71,4.6870635499154645,-12550.122498364042,22017.855326182154,53,73,4.885087888315674,-12359.014911435324,21826.747739253435,53,71,4.780232111687631,-12359.014911435324,21826.747739253435,53,71,4.657828775833742,-12359.014911435324,21826.747739253435,53,71,4.71903044376068,-12550.122498364042,22017.855326182154,51,73,4.338422491213414,-12443.85546891256,21911.58829673067,53,72,4.610857704937629,lgb_baseline,-12359.014911435324,84.84055747723505,4.775605199174791,4.885087888315674,0,1,2,1
2025-12-13,12,5,1,3.1544951049196435,0.08293686205320827,0.38565240341583396,0.6290025887001698,0.2030454048130004,1.0545729570701987,1.1369240217773546,0.6395582167919728,1.9648159628815505,0.4852535976355474,0.02595693669202693,0.14374899106462247,0.5788434094972441,0.013443150553977374,0.06791938361650111,0.23563085431572425,valid_2025_12,3713.209183817685,4825.562806145682,1112.353622327997,48,68,6.746182712587823,3713.209183817685,1112.353622327997,48,68,6.61843668576995,3713.209183817685,1112.353622327997,48,68,6.873928739405697,3713.209183817685,1112.353622327997,55,68,6.413217473790894,3713.209183817685,1112.353622327997,50,68,6.604343624720306,3713.209183817685,1112.353622327997,50,68,6.506410468787125,3713.209183817685,1112.353622327997,49,69,5.514652434343365,3713.209183817685,1112.353622327997,49,68,6.322665234516396,ens_baseline_baseline_last_180d,3713.209183817685,0.0,6.746182712587823,6.873928739405697,0,0,1,1
2025-12-14,12,6,1,3.17765156802094,0.07090888500738601,0.27832725826970517,0.6409581175784804,0.20464008816798715,1.0567673403454003,1.1130046009519496,0.6774244854577667,2.1251108078654837,0.49821308291745964,0.04298925640444844,0.1427450346610208,0.5754054323855851,0.011574797018261451,0.06530182457269114,0.2280984471673219,valid_2025_12,2664.708674926226,3981.9356368529566,1317.2269619267304,56,68,7.077351173755064,2664.708674926226,1317.2269619267304,56,68,7.0220560981356215,3106.917970311548,875.0176665414087,56,67,7.161673224481721,1623.833890358786,2358.1017464941706,55,69,7.142726089145998,1623.833890358786,2358.1017464941706,55,69,6.8636355201629335,1623.833890358786,2358.1017464941706,55,69,7.003180804654463,1623.833890358786,2358.1017464941706,54,69,6.014817417735847,1623.833890358786,2358.1017464941706,56,69,6.691574480280972,lgb_baseline_last_180d,3106.917970311548,442.20929538532164,7.077351173755064,7.161673224481721,0,1,2,1
2025-12-15,12,0,0,3.207381439123434,0.08044008701738121,0.3060702192078959,0.4480884828699243,0.22337465974494994,0.8329939217853196,1.7643116489454949,0.7543462200813302,2.321402775826093,0.32005111631998245,0.13722789548906592,0.12803736654994177,0.5310496637548608,0.006328897095664274,0.05563891068616334,0.19820765571899904,valid_2025_12,11961.920508264817,11961.920508264817,0.0,47,78,12.500183608512266,11961.920508264817,0.0,47,72,12.218370419391263,11961.920508264817,0.0,47,78,13.120247653074667,11961.920508264817,0.0,46,73,12.285075346553842,11834.666034772636,127.2544734921794,46,87,12.694878870692383,11898.293271518723,63.62723674608969,46,86,12.428870722405982,11961.920508264817,0.0,47,77,12.950561993392911,11961.920508264817,0.0,47,78,12.648821585627395,ens_baseline_baseline_last_180d,11961.920508264817,0.0,12.500183608512266,13.120247653074667,0,0,0,1
2025-12-16,12,1,0,3.175652093109837,0.07675555515883643,0.2831801725693075,0.3111326814645532,0.19932472468595655,0.7162627350098026,2.157730928681554,0.6377064241877277,1.835942335411159,0.17533477918069063,0.01685268039860076,0.13579790228386257,0.5515098898807228,0.011466607420485673,0.05469770715563035,0.20234308953622296,valid_2025_12,9416.831038421238,9575.899130286462,159.06809186522332,52,67,8.084332865082757,9416.831038421238,159.06809186522332,52,67,8.036902257185616,9416.831038421238,159.06809186522332,52,67,8.131763472979998,9162.32209143688,413.5770388495821,49,69,8.340898949096712,9512.271893540372,63.62723674608969,53,65,7.283204550251384,9257.762946556017,318.13618373044665,52,68,7.56614214014624,9416.831038421238,159.06809186522332,53,67,6.614565765300739,9416.831038421238,159.06809186522332,52,67,7.588795666368071,lgb_business_last_180d,9512.271893540372,95.44085511913363,8.084332865082757,8.131763472979998,0,0,1,0
2025-12-17,12,2,0,3.163219641403805,0.07308590708185948,0.2695401172040941,0.5616595981962006,0.2579158479812836,1.0395133886094874,1.3554700191205702,0.803714489351256,2.567409765118082,0.4249387408716663,0.09637162446450405,0.13672085732453423,0.5509288206243487,0.010106378869050397,0.06767189843723294,0.22890684802434078,valid_2025_12,6971.299105914267,7365.352127168311,394.0530212540443,55,68,6.349280810955655,6873.443597160618,491.9085300076931,56,69,5.827249153564296,6971.299105914267,394.0530212540443,41,68,6.957625878555163,6971.299105914267,394.0530212540443,40,68,5.541895856119588,6971.299105914267,394.0530212540443,53,68,6.677491658305982,6971.299105914267,394.0530212540443,53,68,6.098668202616963,6682.56188692235,682.7902402459613,49,70,5.373267013385565,6873.443597160618,491.9085300076931,46,69,5.991760749521816,ens_baseline_baseline_last_180d,6971.299105914267,0.0,6.349280810955655,6.957625878555163,14,0,6,2
2025-12-18,12,3,0,3.1217412206857316,0.07212102785925924,0.2668611963046028,0.7020859414132277,0.19508246812698063,1.1109329247610062,0.904119308695734,0.597647569119343,1.7868795120998153,0.5779934482909673,0.041018807224904065,0.12409249312226035,0.5313225217622617,0.009453119658304839,0.06645125992792707,0.24523241985417998,valid_2025_12,-1621.2029041193352,4304.280762294157,5925.483666413493,56,75,3.002861099274326,-1199.0648205655675,5503.345582859725,56,71,2.7798083571945043,0.0,4304.280762294157,46,78,3.30800320958858,-1180.3711384095664,5484.651900703724,56,70,2.5436681600458035,373.625496896712,3930.655265397445,50,73,3.133027559140288,368.2076376877824,3936.073124606375,52,73,2.758798922804556,19.434939464093105,4284.845822830064,49,75,3.340522184702964,19.434939464093105,4284.845822830064,46,75,3.096471786581704,lgb_business_last_180d,373.625496896712,1994.8284010160473,3.002861099274326,3.30800320958858,10,3,7,0
2025-12-19,12,4,0,3.157858512316414,0.07791044706056033,0.28165136430729376,0.5191053710955218,0.15929605452213952,0.7562705273331837,1.5049520813120651,0.5253890960248331,1.5673251134698223,0.414676186071458,0.13866911458266115,0.10442918502406377,0.43366159395682613,0.007373755890618755,0.06562619601626522,0.22808232556166985,valid_2025_12,8844.185907706433,8844.185907706433,0.0,14,69,9.063422698653278,8844.185907706433,0.0,12,69,9.2533705248919,8844.185907706433,0.0,16,69,8.920102606144848,8844.185907706433,0.0,11,68,8.9851125934453,8844.185907706433,0.0,14,69,8.654687423234135,8844.185907706433,0.0,12,69,8.814683944126596,8780.558670960345,63.627236746087874,12,72,8.808565387813765,8844.185907706433,0.0,12,69,8.940574319471656,ens_baseline_baseline_last_180d,8844.185907706433,0.0,9.063422698653278,8.920102606144848,2,0,2,3
2025-12-20,12,5,1,3.175750638711206,0.07651448598253748,0.2745613406701577,0.5579894786896045,0.24174731403561434,1.0563496906767453,1.3909052933728214,0.7670702871739467,2.3012708956528716,0.41413402896293344,0.033415029258237146,0.143855449726671,0.5757617640661253,0.0067526018461060615,0.06532241650079662,0.22956374642808727,valid_2025_12,9255.507361013366,9255.507361013366,0.0,53,69,7.785184306476591,9255.507361013366,0.0,55,69,7.9370242913106,9255.507361013366,0.0,53,69,7.633571578952999,9223.69374264032,31.81361837304576,54,71,8.896222682264021,9223.69374264032,31.81361837304576,54,72,8.38189105253685,9223.69374264032,31.81361837304576,54,71,8.630650898084426,9223.69374264032,31.81361837304576,49,71,7.550984182644111,9255.507361013366,0.0,53,69,7.671043642414304,ens_baseline_baseline_last_180d,9255.507361013366,0.0,7.785184306476591,7.633571578952999,0,0,4,2
2025-12-21,12,6,1,3.1588460868048585,0.0746806286355161,0.292219777384608,0.6204289390644668,0.21031158443411568,1.0478016547078635,1.172417846288685,0.6552511977217419,1.8992932043785902,0.4774163924282431,0.02989156448503887,0.1430125466362238,0.5798250109825743,0.010690124650777219,0.057402641822739374,0.2371985337585627,valid_2025_12,5987.322977807016,7005.358765744448,1018.0357879374316,55,68,5.721583397352639,5987.322977807016,1018.0357879374316,55,68,5.752724359894781,5987.322977807016,1018.0357879374316,45,68,5.708510083128971,6050.950214553106,954.4085511913418,40,69,5.59241192182952,5987.322977807016,1018.0357879374316,54,68,5.353902035778916,5987.322977807016,1018.0357879374316,54,68,5.452056773982747,6909.917910625314,95.44085511913364,46,70,4.818840764743477,5987.322977807016,1018.0357879374316,53,68,5.385588309816711,cat_baseline_last_180d,6909.917910625314,922.5949328182978,5.721583397352639,5.708510083128971,10,0,9,2
2025-12-22,12,0,0,3.1799500400754126,0.08558569752248545,0.33630275323331205,0.6420228008479619,0.15367782734328642,0.9553804636690673,1.1029141815243313,0.47853666053524874,1.5623284350905353,0.539432727696719,0.07248282596189087,0.10259007315124291,0.44165101053230854,0.012181354559770695,0.06735460473398101,0.22344946893708983,valid_2025_12,3130.895894479311,4748.357517077977,1617.4616225986656,55,69,3.177511412958712,2430.9962902723278,2317.361226805649,55,68,2.9739120307399176,3113.8978781825936,1634.4596388953833,44,73,3.43463710901484,1494.5847029946167,3253.77281408336,44,68,3.6388682097670815,2320.8479993793344,2427.5095176986424,49,69,3.893706890916548,2320.8479993793344,2427.5095176986424,49,69,3.741482500440208,3240.261570360328,1508.0959467176494,49,73,3.209423429996285,2085.427223418804,2662.930293659173,49,70,3.167626799763193,cat_baseline_last_180d,3240.261570360328,109.36567588101661,3.177511412958712,3.43463710901484,11,4,6,4
2025-12-23,12,1,0,3.170326831991513,0.07457661910716551,0.2968833438719436,0.5444298988297446,0.17274382175841915,0.857163698033727,1.4254874432324922,0.5533383548677113,1.843500819561611,0.39866271862884156,0.14065515317104962,0.14576718020090298,0.588214556214902,0.008960292719301358,0.06756991974919492,0.20663309228843105,valid_2025_12,9230.212353044955,10434.86682635867,1204.6544733137123,10,68,9.963198535095838,9230.212353044955,1204.6544733137123,10,68,9.910044857568836,9438.209789967925,996.6570363907448,2,69,10.106095884749292,9079.858011252112,1355.0088151065574,8,69,9.257233237276337,9606.236596766998,828.6302295916721,2,68,9.150953512066986,9343.91422511022,1090.9526012484494,5,68,9.1873968565675,9175.887418311147,1258.9794080475222,5,69,9.16259411299074,9290.1682982308,1144.6985281278703,6,68,9.681658948940491,lgb_business_last_180d,9606.236596766998,376.02424372204223,9.963198535095838,10.106095884749292,8,1,5,1
2025-12-24,12,2,0,3.2025323234682133,0.07680205305725979,0.3013786011928179,0.5457989158580756,0.2343683332756715,1.007503903112563,1.4484300791805147,0.7684064758489575,2.384733307435911,0.40112815929677614,0.06990533051301338,0.1446707565612996,0.5817630769508312,0.0057944194007413215,0.06688661458022865,0.2030681081965032,valid_2025_12,8058.854012720475,9825.502417317695,1766.6484045972202,49,75,9.276200894223672,8058.854012720475,1766.6484045972202,51,75,8.914840253032551,8119.2998876292595,1706.2025296884358,45,74,9.671210527492503,8149.7487017741,1675.7537155435948,54,70,9.241426339760231,8149.7487017741,1675.7537155435948,54,70,9.193554043323182,8149.7487017741,1675.7537155435948,54,70,9.217490191541708,8663.312761808324,1162.1896555093715,52,79,9.459758196762277,8058.854012720475,1766.6484045972202,51,75,9.302988803973353,cat_baseline_last_180d,8663.312761808324,604.4587490878484,9.276200894223672,9.671210527492503,4,1,3,4
2025-12-25,12,3,0,3.181338006291881,0.0711528519764714,0.27062010102221423,0.4877944246174322,0.25273765262292064,0.9847255014378389,1.6034913418672636,0.8071287737955942,2.5729667727640435,0.3404978596694865,0.06713842318776589,0.14729656494794566,0.5876607693453658,0.011387684410971495,0.06732305725902028,0.2063774247665053,valid_2025_12,11001.750510786116,11095.330269230428,93.57975844431166,48,69,10.925102006108023,11001.750510786116,93.57975844431166,48,69,10.852248156905125,10200.002788719668,895.3274805107612,41,69,11.048364149513665,10547.852892010538,547.4773772198896,42,72,10.955100450483457,11031.703032484338,63.62723674608969,51,71,10.953316248017725,11004.569197373969,90.76107185645924,52,71,10.93522652447653,11088.019499728302,7.310769502126277,49,70,11.24301276836944,11065.377747532206,29.95252169822197,48,70,11.008096898217708,cat_baseline_last_180d,11088.019499728302,86.26898894218539,10.925102006108023,11.048364149513665,7,0,1,1
2025-12-26,12,4,0,3.18767947783322,0.07200234643378979,0.28380431906159753,0.44216543365937805,0.20235026502908507,0.8598964124839488,1.754228943688006,0.6480710270911327,2.0463989223057832,0.32442701228453524,0.04999126730271655,0.11773842137484276,0.48912431454576294,0.010244612706120499,0.06719269201283774,0.2048307628280687,valid_2025_12,4423.505478508981,7346.620268670262,2923.114790161281,50,68,9.923033272422488,4358.678868350227,2987.9414003200345,51,68,9.935115734929704,4070.759259350498,3275.861009319764,50,69,9.929410711559328,3364.496931468905,3982.1233372013567,50,70,9.836539963395332,4070.759259350498,3275.861009319764,50,69,9.541454716539256,4070.759259350498,3275.861009319764,50,69,9.678714007405851,3738.7587007330776,3607.861567937184,49,70,9.893841079456111,4070.759259350498,3275.861009319764,50,69,9.885451632290549,ens_baseline_baseline_last_180d,4423.505478508981,0.0,9.923033272422488,9.929410711559328,0,1,1,2
2025-12-27,12,5,1,3.212906786529489,0.0615951788330876,0.25059832309538477,0.5236533235957238,0.26137195106145106,0.9742454574319319,1.5079672479851245,0.8333435044544886,2.429443936217872,0.3804918398870121,0.15154022812669807,0.14316148370871168,0.5764709042557955,0.007450873242281814,0.06673007855896344,0.20627980273908583,valid_2025_12,1991.5865933038333,7411.580496026181,5419.993902722348,54,68,5.99020534211337,2001.191124690656,5410.3893713355255,52,68,5.608081564613379,1991.5865933038333,5419.993902722348,55,68,6.386209645802055,2382.340542332593,5029.239953693588,54,69,5.088497991145637,2382.340542332593,5029.239953693588,55,69,5.999467830860233,2382.340542332593,5029.239953693588,55,69,5.5410435203849175,2382.340542332593,5029.239953693588,55,69,4.677910208867267,1991.5865933038333,5419.993902722348,54,68,5.537021650876795,lgb_business,2382.340542332593,390.75394902875973,5.99020534211337,6.386209645802055,1,0,1,1
2025-12-28,12,6,1,3.177203912390702,0.06879311522864909,0.29181303023232896,0.6174953603489471,0.25556429367065037,1.0541108775035963,1.198974139942308,0.8223180728914136,2.581382932375247,0.4802485638505673,0.15183085592409165,0.13724679649837992,0.5601735493846081,0.00932370172512524,0.06746055117509397,0.2416452953089138,valid_2025_12,11713.774284955069,11889.18821394036,175.41392898529375,48,70,9.874153938244374,11713.774284955069,175.41392898529375,48,70,9.691846403869627,11713.774284955069,175.41392898529375,54,69,10.08411609875666,11109.315535867216,779.8726780731449,38,69,9.628656504922075,11109.315535867216,779.8726780731449,39,69,9.566100450896888,11109.315535867216,779.8726780731449,38,69,9.59295984868596,11761.93374044818,127.2544734921794,49,72,10.36872674336258,11713.774284955069,175.41392898529375,49,70,9.994559620075536,cat_baseline_last_180d,11761.93374044818,48.15945549311073,9.874153938244374,10.08411609875666,6,1,1,2
2025-12-29,12,0,0,3.2163631876627634,0.065136431765265,0.2584106735719134,0.40806250718130693,0.24201221641435555,0.8865637851301666,1.8897027815177418,0.7899709162960724,2.4294292091658063,0.26247518246507645,0.06503940429541491,0.14558732471623045,0.5900700076588424,0.007787666363297319,0.05173901721883317,0.20735188011835048,valid_2025_12,10979.105577228183,12388.222994463616,1409.117417235433,51,85,11.526244716632732,10979.105577228183,1409.117417235433,51,85,11.450073844397188,10979.105577228183,1409.117417235433,51,85,11.602415588868254,11098.4066461271,1289.816348336517,51,88,12.089224792121913,10979.105577228183,1409.117417235433,51,85,12.346305643754713,11098.4066461271,1289.816348336517,51,88,12.204546982397469,11098.158499903791,1290.064494559825,50,87,12.3789570488673,10978.857431004872,1409.365563458743,50,85,11.795538746979048,lgb_business,11098.4066461271,119.30106889891613,11.526244716632732,11.602415588868254,0,0,1,2
2025-12-30,12,1,0,3.1796462946265662,0.07519330295612901,0.32551694081598725,0.292341574408767,0.2131831943761987,0.7394420754682303,2.2321739049899425,0.6911860174236639,2.0549946116945454,0.1519247649283091,0.008755053869572468,0.1404168094804579,0.5808604591320969,0.008666199567096881,0.058243753116070406,0.19784399324865662,valid_2025_12,7380.759462546374,31559.109426060364,24178.34996351399,51,68,11.252276832005634,7603.454791157689,23955.65463490268,50,69,10.945235563033805,7317.132225800285,24241.97720026008,52,68,11.61496872062051,7285.318607427242,24273.79081863312,49,69,10.839350015049938,8812.372289333387,22746.737136726977,51,67,9.20329362284852,7667.082027903777,23892.027398156588,50,68,9.916238017128135,7380.759462546374,24178.34996351399,51,68,8.61661350458489,7380.759462546374,24178.34996351399,51,68,10.373722389532062,lgb_business_last_180d,8812.372289333387,1431.6128267870126,11.252276832005634,11.61496872062051,1,0,0,0
2025-12-31,12,2,0,3.1809599681250273,0.07781286509172804,0.29576128276220803,0.23033431220109654,0.15079682130426303,0.5507669635216935,2.4239972499708635,0.49198383292920805,1.6030045528948065,0.12146710075776275,0.024597952594949367,0.10886721144333374,0.4550982247556266,0.00908082959128438,0.04535811952378632,0.1929911829875559,valid_2025_12,2990.480127066202,22576.101613221315,19585.621486155116,55,68,7.955508291148092,3308.6163107966504,19267.485302424662,51,68,8.929236654528623,2926.8528903201127,19649.248722901204,56,68,7.14695894321234,2799.5984168279347,19776.50319639338,54,66,8.178474865408901,2799.5984168279347,19776.50319639338,54,66,7.333467736714624,2799.5984168279347,19776.50319639338,54,66,7.75597130106172,3244.9890740505607,19331.112539170757,49,66,8.444705275795926,3499.4980210349186,19076.603592186395,50,68,7.805487540835472,ens_base_base180_cat180,3499.4980210349186,509.01789396871663,7.955508291148092,7.14695894321234,1,0,6,2
