fold,date,charge_start,discharge_start,support_count,mean_rank,min_rank,max_rank,rank_score,mean_predicted_spread,max_predicted_spread,mean_spread_delta,true_profit,regret_vs_oracle,is_oracle_pair,ens_champion_segmented6_rank,ens_champion_segmented6_predicted_spread,ens_champion_segmented6_present,lgb_segmented_6_last_180d_rank,lgb_segmented_6_last_180d_predicted_spread,lgb_segmented_6_last_180d_present,lgb_segmented_6_margin_core_last_180d_rank,lgb_segmented_6_margin_core_last_180d_predicted_spread,lgb_segmented_6_margin_core_last_180d_present,all_present,any_non_champion_support
valid_2025_09,2025-09-01,54,71,1,8.0,8,8,3,7.139904868128664,7.139904868128664,0.18303736300203965,7460.293508478987,212.75357286972576,False,8.0,7.139904868128664,1,,,0,,,0,False,False
valid_2025_09,2025-09-01,55,71,2,5.0,4,6,12,7.606382929974679,7.979353698056599,0.13988479035567458,6959.229019103534,713.8180622451791,False,4.0,7.233412161892758,1,6.0,7.979353698056599,1,,,0,False,True
valid_2025_09,2025-09-01,55,72,1,7.0,7,7,4,7.14498831502339,7.14498831502339,0.17795391610731315,6561.558789440474,1111.4882919082384,False,7.0,7.14498831502339,1,,,0,,,0,False,False
valid_2025_09,2025-09-01,56,70,2,8.5,7,10,5,7.705210114127967,7.962820897612904,0.19622091946726883,6313.014895901062,1360.0321854476506,False,,,0,7.0,7.962820897612904,1,10.0,7.44759933064303,1,False,True
valid_2025_09,2025-09-01,56,71,3,2.6666666666666665,1,6,25,7.677641162371322,8.169593209530003,0.030960270402403012,6227.515796523505,1445.531284825208,False,1.0,7.322942231130703,1,1.0,8.169593209530003,1,6.0,7.540388046453259,1,True,True
valid_2025_09,2025-09-01,56,72,2,4.0,3,5,14,7.6108026450077375,7.98708690575414,0.13546507532261565,5829.845566860446,1843.201514488267,False,3.0,7.234518384261335,1,5.0,7.98708690575414,1,,,0,False,True
valid_2025_09,2025-09-01,57,70,2,9.0,8,10,4,7.678129331562991,7.892241415015494,0.22330170203224498,5581.301673321033,2091.74540802768,False,,,0,10.0,7.892241415015494,1,8.0,7.464017248110487,1,False,True
valid_2025_09,2025-09-01,57,71,3,2.3333333333333335,2,3,26,7.644253619908234,8.099013726932593,0.06434781286549078,5495.802573943476,2177.2445074052366,False,2.0,7.276941168871392,1,2.0,8.099013726932593,1,3.0,7.556805963920716,1,True,True
valid_2025_09,2025-09-01,57,72,2,7.0,6,8,8,7.552512372579377,7.91650742315673,0.19375534775097591,5098.132344280417,2574.914737068296,False,6.0,7.188517322002024,1,8.0,7.91650742315673,1,,,0,False,True
valid_2025_09,2025-09-01,58,70,1,7.0,7,7,4,7.527654522808309,7.527654522808309,0.10561433485215943,4754.14759562187,2918.8994857268426,False,,,0,,,0,7.0,7.527654522808309,1,False,True
valid_2025_09,2025-09-01,58,71,3,3.3333333333333335,2,5,23,7.63614265333464,8.080825004476978,0.07245877943908496,4668.648496244313,3004.3985851044,False,5.0,7.207159716908404,1,3.0,8.080825004476978,1,2.0,7.620443238618538,1,True,True
valid_2025_09,2025-09-01,58,72,2,9.0,9,9,4,7.508527285370075,7.898318700701115,0.23774043496027764,4270.978266581255,3402.068814767458,False,9.0,7.118735870039036,1,9.0,7.898318700701115,1,,,0,False,True
valid_2025_09,2025-09-01,59,70,1,5.0,5,5,6,7.540480141850239,7.540480141850239,0.0927887158102294,3831.552662803573,3841.49441854514,False,,,0,,,0,5.0,7.540480141850239,1,False,True
valid_2025_09,2025-09-01,59,71,3,5.0,1,10,18,7.588731638687114,8.02423396560225,0.11986979408661085,3746.053563426016,3926.993517922697,False,10.0,7.108692092798624,1,4.0,8.02423396560225,1,1.0,7.633268857660468,1,True,True
valid_2025_09,2025-09-01,60,70,1,9.0,9,9,2,7.460363368584915,7.460363368584915,0.17290548907555348,2908.9577299852767,4764.089351363436,False,,,0,,,0,9.0,7.460363368584915,1,False,True
valid_2025_09,2025-09-01,60,71,1,4.0,4,4,7,7.553152084395144,7.553152084395144,0.08011677326532407,2823.4586306077194,4849.588450740994,False,,,0,,,0,4.0,7.553152084395144,1,False,True
valid_2025_09,2025-09-02,28,78,1,3.0,3,3,8,6.381857759703573,6.381857759703573,0.008271958322365158,5462.449176441176,1860.8358031524567,False,3.0,6.381857759703573,1,,,0,,,0,False,False
valid_2025_09,2025-09-02,28,79,1,8.0,8,8,3,6.37250184528518,6.37250184528518,0.017627872740757944,6350.049129049124,973.235850544509,False,8.0,6.37250184528518,1,,,0,,,0,False,False
valid_2025_09,2025-09-02,29,78,1,1.0,1,1,10,6.390129718025938,6.390129718025938,0.0,5462.449176441176,1860.8358031524567,False,1.0,6.390129718025938,1,,,0,,,0,False,False
valid_2025_09,2025-09-02,29,79,1,4.0,4,4,7,6.380773803607545,6.380773803607545,0.009355914418392786,6350.049129049124,973.235850544509,False,4.0,6.380773803607545,1,,,0,,,0,False,False
valid_2025_09,2025-09-02,30,75,1,9.0,9,9,2,6.110159586745892,6.110159586745892,0.01586815696355348,5166.58252557186,2156.7024540217726,False,,,0,9.0,6.110159586745892,1,,,0,False,True
valid_2025_09,2025-09-02,30,78,1,6.0,6,6,5,6.37994494780446,6.37994494780446,0.010184770221478345,5462.449176441176,1860.8358031524567,False,6.0,6.37994494780446,1,,,0,,,0,False,False
valid_2025_09,2025-09-02,30,79,1,10.0,10,10,1,6.370589033386067,6.370589033386067,0.01954068463987113,6350.049129049124,973.235850544509,False,10.0,6.370589033386067,1,,,0,,,0,False,False
valid_2025_09,2025-09-02,31,74,1,8.0,8,8,3,6.111059000976714,6.111059000976714,0.014968742732731855,5197.352657262269,2125.932322331364,False,,,0,8.0,6.111059000976714,1,,,0,False,True
valid_2025_09,2025-09-02,31,75,1,2.0,2,2,9,6.119698674954504,6.119698674954504,0.006329068754941325,5166.58252557186,2156.7024540217726,False,,,0,2.0,6.119698674954504,1,,,0,False,True
valid_2025_09,2025-09-02,31,78,2,7.5,5,10,7,6.245235993321327,6.380414377682846,0.012842737546365335,5462.449176441176,1860.8358031524567,False,5.0,6.380414377682846,1,10.0,6.110057608959807,1,,,0,False,True
valid_2025_09,2025-09-02,31,79,2,8.0,7,9,6,6.241585337985685,6.371058463264453,0.016493392882006574,6350.049129049124,973.235850544509,False,9.0,6.371058463264453,1,7.0,6.112112212706918,1,,,0,False,True
valid_2025_09,2025-09-02,32,74,1,4.0,4,4,7,6.117388069731656,6.117388069731656,0.008639673977789641,5197.352657262269,2125.932322331364,False,,,0,4.0,6.117388069731656,1,,,0,False,True
valid_2025_09,2025-09-02,32,75,1,1.0,1,1,10,6.126027743709446,6.126027743709446,0.0,5166.58252557186,2156.7024540217726,False,,,0,1.0,6.126027743709446,1,,,0,False,True
valid_2025_09,2025-09-02,32,78,2,3.5,2,5,15,6.2492626502850035,6.3821386228552575,0.008816080582688457,5462.449176441176,1860.8358031524567,False,2.0,6.3821386228552575,1,5.0,6.1163866777147495,1,,,0,False,True
valid_2025_09,2025-09-02,32,79,2,5.0,3,7,12,6.245611994949362,6.372782708436865,0.012466735918329697,6350.049129049124,973.235850544509,False,7.0,6.372782708436865,1,3.0,6.11844128146186,1,,,0,False,True
valid_2025_09,2025-09-02,32,80,1,6.0,6,6,5,6.115076427697731,6.115076427697731,0.010951316011714951,6709.543016664529,613.7419629291035,False,,,0,6.0,6.115076427697731,1,,,0,False,True
valid_2025_09,2025-09-02,61,77,1,7.0,7,7,4,6.589527578001154,6.589527578001154,0.0978448619061254,4848.446341841413,2474.8386377522197,False,,,0,,,0,7.0,6.589527578001154,1,False,True
valid_2025_09,2025-09-02,61,78,1,9.0,9,9,2,6.57978478688137,6.57978478688137,0.10758765302590945,5080.68575596464,2242.599223628993,False,,,0,,,0,9.0,6.57978478688137,1,False,True
valid_2025_09,2025-09-02,61,80,1,10.0,10,10,1,6.578832663198923,6.578832663198923,0.10853977670835668,6327.779596187993,995.5053834056398,False,,,0,,,0,10.0,6.578832663198923,1,False,True
valid_2025_09,2025-09-02,62,74,1,8.0,8,8,3,6.587724047834476,6.587724047834476,0.09964839207280374,4720.148381666598,2603.136597927035,False,,,0,,,0,8.0,6.587724047834476,1,False,True
valid_2025_09,2025-09-02,62,75,1,6.0,6,6,5,6.613539715661736,6.613539715661736,0.07383272424554299,4689.378249976188,2633.9067296174444,False,,,0,,,0,6.0,6.613539715661736,1,False,True
valid_2025_09,2025-09-02,62,76,1,5.0,5,5,6,6.628563344224529,6.628563344224529,0.05880909568275072,4880.259960214458,2443.0250193791744,False,,,0,,,0,5.0,6.628563344224529,1,False,True
valid_2025_09,2025-09-02,62,77,1,1.0,1,1,10,6.687372439907279,6.687372439907279,0.0,4753.005486722278,2570.2794928713547,False,,,0,,,0,1.0,6.687372439907279,1,False,True
valid_2025_09,2025-09-02,62,78,1,2.0,2,2,9,6.677629648787495,6.677629648787495,0.009742791119784044,4985.244900845505,2338.040078748128,False,,,0,,,0,2.0,6.677629648787495,1,False,True
valid_2025_09,2025-09-02,62,79,1,4.0,4,4,7,6.6404747535463615,6.6404747535463615,0.046897686360917845,5872.844853453453,1450.44012614018,False,,,0,,,0,4.0,6.6404747535463615,1,False,True
valid_2025_09,2025-09-02,62,80,1,3.0,3,3,8,6.676677525105048,6.676677525105048,0.010694914802231281,6232.338741068858,1090.9462385247743,False,,,0,,,0,3.0,6.676677525105048,1,False,True
valid_2025_09,2025-09-03,51,68,1,9.0,9,9,2,9.289810651502211,9.289810651502211,0.11211302638767329,7779.43818391186,1113.476643056576,False,9.0,9.289810651502211,1,,,0,,,0,False,False
valid_2025_09,2025-09-03,51,69,1,10.0,10,10,1,9.274076712121763,9.274076712121763,0.12784696576812138,7811.251802284904,1081.6630246835311,False,10.0,9.274076712121763,1,,,0,,,0,False,False
valid_2025_09,2025-09-03,52,68,1,5.0,5,5,6,9.33285505435312,9.33285505435312,0.06906862353676502,7174.97943482401,1717.9353921444254,False,5.0,9.33285505435312,1,,,0,,,0,False,False
valid_2025_09,2025-09-03,52,69,1,7.0,7,7,4,9.317121114972675,9.317121114972675,0.08480256291720956,7206.793053197055,1686.1217737713805,False,7.0,9.317121114972675,1,,,0,,,0,False,False
valid_2025_09,2025-09-03,53,68,2,5.0,3,7,12,9.446437991450185,9.51036570747538,0.07429092875037302,6411.452593870937,2481.462233097499,False,3.0,9.382510275424991,1,7.0,9.51036570747538,1,,,0,False,True
valid_2025_09,2025-09-03,53,69,2,6.0,4,8,10,9.432918369169727,9.499060402294909,0.0878105510308318,6443.2662122439815,2449.648614724454,False,4.0,9.366776336044545,1,8.0,9.499060402294909,1,,,0,False,True
valid_2025_09,2025-09-03,54,68,2,1.0,1,1,20,9.520728920200558,9.639534162511232,0.0,5775.180226410042,3117.734600558393,False,1.0,9.401923677889885,1,1.0,9.639534162511232,1,,,0,False,True
valid_2025_09,2025-09-03,54,69,3,2.6666666666666665,2,4,25,9.638895343167576,9.90226743366253,0.03869196830214013,5806.993844783087,3085.9209821853483,False,2.0,9.386189738509437,1,2.0,9.62822885733076,1,4.0,9.90226743366253,1,True,True
valid_2025_09,2025-09-03,54,70,2,8.0,7,9,6,9.628547468377171,9.85078001629946,0.1868716598824598,5787.2184996024025,3105.696327366033,False,,,0,9.0,9.406314920454882,1,7.0,9.85078001629946,1,False,True
valid_2025_09,2025-09-03,54,71,1,9.0,9,9,2,9.78855998199743,9.78855998199743,0.20274411201059905,5819.032117975447,3073.882708992988,False,,,0,,,0,9.0,9.78855998199743,1,False,True
valid_2025_09,2025-09-03,55,68,3,6.333333333333333,3,10,14,9.569789001497321,9.760976784338826,0.10779830997239337,5138.907858949148,3754.0069680192873,False,6.0,9.324457422325152,1,3.0,9.623932797827988,1,10.0,9.760976784338826,1,True,True
valid_2025_09,2025-09-03,55,69,3,4.333333333333333,1,8,20,9.637551689866752,9.99130409400803,0.040035621602964255,5170.721477322193,3722.1933496462425,False,8.0,9.308723482944709,1,4.0,9.612627492647515,1,1.0,9.99130409400803,1,True,True
valid_2025_09,2025-09-03,55,70,2,6.5,3,10,9,9.665265116208298,9.93981667664496,0.15015401205133294,5150.946132141507,3741.968694826928,False,,,0,10.0,9.390713555771637,1,3.0,9.93981667664496,1,False,True
valid_2025_09,2025-09-03,55,71,1,6.0,6,6,5,9.87759664234293,9.87759664234293,0.11370745166509977,5182.759750514552,3710.1550764538833,False,,,0,,,0,6.0,9.87759664234293,1,False,True
valid_2025_09,2025-09-03,56,68,1,5.0,5,5,6,9.55006540740068,9.55006540740068,0.08946875511055197,4216.31292613085,4676.601900837585,False,,,0,5.0,9.55006540740068,1,,,0,False,True
valid_2025_09,2025-09-03,56,69,2,4.0,2,6,14,9.740007304424068,9.941254506627928,0.07541182383556322,4248.126544503895,4644.78828246454,False,,,0,6.0,9.538760102220207,1,2.0,9.941254506627928,1,False,True
valid_2025_09,2025-09-03,56,70,1,5.0,5,5,6,9.889767089264858,9.889767089264858,0.10153700474317162,4228.3511993232105,4664.563627645225,False,,,0,,,0,5.0,9.889767089264858,1,False,True
valid_2025_09,2025-09-03,56,71,1,8.0,8,8,3,9.827547054962828,9.827547054962828,0.16375703904520122,4260.164817696255,4632.75000927218,False,,,0,,,0,8.0,9.827547054962828,1,False,True
valid_2025_09,2025-09-04,50,69,1,8.0,8,8,3,8.358640703115167,8.358640703115167,0.08326005545059445,5503.7559785367375,2735.971180081877,False,8.0,8.358640703115167,1,,,0,,,0,False,False
valid_2025_09,2025-09-04,50,70,1,10.0,10,10,1,8.346950085964838,8.346950085964838,0.09495067260092327,5567.383215282825,2672.343943335789,False,10.0,8.346950085964838,1,,,0,,,0,False,False
valid_2025_09,2025-09-04,51,69,2,7.5,5,10,7,8.133945758839278,8.41313343714772,0.11623972499778112,6362.723674608945,1877.0034840096696,False,5.0,8.41313343714772,1,10.0,7.854758080530836,1,,,0,False,True
valid_2025_09,2025-09-04,51,70,1,6.0,6,6,5,8.401442819997392,8.401442819997392,0.040457938568369656,6426.3509113550335,1813.3762472635808,False,6.0,8.401442819997392,1,,,0,,,0,False,False
valid_2025_09,2025-09-04,52,69,3,3.0,1,4,24,7.938788747425428,8.441900758565762,0.06365411306264217,6489.978148101123,1749.7490105174911,False,1.0,8.441900758565762,1,4.0,7.976619263762785,1,4.0,7.397846219947738,1,True,True
valid_2025_09,2025-09-04,52,70,1,2.0,2,2,9,8.430210141415433,8.430210141415433,0.01169061715032882,6553.605384847212,1686.1217737714023,False,2.0,8.430210141415433,1,,,0,,,0,False,False
valid_2025_09,2025-09-04,53,68,1,8.0,8,8,3,7.33980168133764,7.33980168133764,0.1671559324524523,7126.250515562018,1113.476643056596,False,,,0,,,0,8.0,7.33980168133764,1,False,True
valid_2025_09,2025-09-04,53,69,3,3.0,3,3,24,7.974764496066247,8.425225740439899,0.02767836442182296,7221.691370681152,1018.0357879374624,False,3.0,8.425225740439899,1,3.0,8.01463081794089,1,3.0,7.484436929817953,1,True,True
valid_2025_09,2025-09-04,53,70,2,6.0,4,8,10,8.150790146936007,8.41353512328957,0.09939533690105229,7285.318607427241,954.4085511913736,False,4.0,8.41353512328957,1,8.0,7.888045170582444,1,,,0,False,True
valid_2025_09,2025-09-04,54,68,1,6.0,6,6,5,7.36232236530978,7.36232236530978,0.14463524848031284,7857.963738142047,381.76342047656726,False,,,0,,,0,6.0,7.36232236530978,1,False,True
valid_2025_09,2025-09-04,54,69,3,3.3333333333333335,1,7,23,7.9721037483998565,8.369062462728383,0.030339112088213938,7953.404593261181,286.32256535743363,False,7.0,8.369062462728383,1,2.0,8.040291168681094,1,1.0,7.506957613790092,1,True,True
valid_2025_09,2025-09-04,54,70,3,8.333333333333334,7,9,8,7.867812850498989,8.357371845578054,0.13463000998908145,8017.031830007269,222.69532861134485,False,9.0,8.357371845578054,1,7.0,7.913705521322647,1,9.0,7.332361184596266,1,True,True
valid_2025_09,2025-09-04,55,68,2,8.0,7,9,6,7.615181540087548,7.870213522879084,0.16753237136167698,7953.404593261182,286.3225653574327,False,,,0,9.0,7.870213522879084,1,7.0,7.360149557296012,1,False,True
valid_2025_09,2025-09-04,55,69,2,1.5,1,2,19,7.781627507442341,8.058470209108357,0.0010864040068838676,8048.845448380314,190.8817102383,False,,,0,1.0,8.058470209108357,1,2.0,7.504784805776325,1,False,True
valid_2025_09,2025-09-04,55,70,2,8.0,6,10,6,7.6310364691662045,7.931884561749911,0.15167744228302027,8112.472685126404,127.25447349221032,False,,,0,6.0,7.931884561749911,1,10.0,7.330188376582498,1,False,True
valid_2025_09,2025-09-04,56,69,2,5.0,5,5,12,7.663023537723237,7.932873661979642,0.11969037372598734,7953.404593261181,286.32256535743363,False,,,0,5.0,7.932873661979642,1,5.0,7.393173413466833,1,False,True
valid_2025_09,2025-09-05,59,73,1,9.0,9,9,2,8.411914964743168,8.411914964743168,0.09026583349656292,10688.83176046885,0.544012874170221,False,9.0,8.411914964743168,1,,,0,,,0,False,False
valid_2025_09,2025-09-05,59,74,1,6.0,6,6,5,8.434617143008774,8.434617143008774,0.06756365523095731,10688.83176046885,0.544012874170221,False,6.0,8.434617143008774,1,,,0,,,0,False,False
valid_2025_09,2025-09-05,60,73,1,4.0,4,4,7,8.469152330420618,8.469152330420618,0.03302846781911306,10679.373571726544,10.002201616476668,False,4.0,8.469152330420618,1,,,0,,,0,False,False
valid_2025_09,2025-09-05,60,74,1,2.0,2,2,9,8.491854508686224,8.491854508686224,0.01032628955350745,10679.373571726544,10.002201616476668,False,2.0,8.491854508686224,1,,,0,,,0,False,False
valid_2025_09,2025-09-05,60,75,1,7.0,7,7,4,8.432823556002397,8.432823556002397,0.0693572422373343,10647.559953353497,41.81581998952242,False,7.0,8.432823556002397,1,,,0,,,0,False,False
valid_2025_09,2025-09-05,60,83,2,6.0,6,6,10,8.308643709294605,8.343974737984327,0.06984739139134799,8134.284101882965,2555.0916714600544,False,,,0,6.0,8.273312680604883,1,6.0,8.343974737984327,1,False,True
valid_2025_09,2025-09-05,60,84,2,2.0,2,2,18,8.346502154317825,8.377239426048154,0.03198894636812799,8102.470483509918,2586.905289833101,False,,,0,2.0,8.315764882587496,1,2.0,8.377239426048154,1,False,True
valid_2025_09,2025-09-05,60,85,2,7.0,5,9,8,8.295115171450881,8.348792102060349,0.0833759292350722,8070.656865136875,2618.718908206144,False,,,0,9.0,8.241438240841413,1,5.0,8.348792102060349,1,False,True
valid_2025_09,2025-09-05,61,73,1,3.0,3,3,8,8.479478619974126,8.479478619974126,0.02270217826560561,10669.915382984238,19.460390358781297,False,3.0,8.479478619974126,1,,,0,,,0,False,False
valid_2025_09,2025-09-05,61,74,1,1.0,1,1,10,8.502180798239731,8.502180798239731,0.0,10669.915382984238,19.460390358781297,False,1.0,8.502180798239731,1,,,0,,,0,False,False
valid_2025_09,2025-09-05,61,75,1,5.0,5,5,6,8.443149845555904,8.443149845555904,0.059030952683826854,10638.10176461119,51.27400873182887,False,5.0,8.443149845555904,1,,,0,,,0,False,False
valid_2025_09,2025-09-05,61,82,2,8.5,7,10,5,8.285283039970668,8.304671541416889,0.09320806071528587,8188.453149886747,2500.922623456272,False,,,0,7.0,8.265894538524446,1,10.0,8.304671541416889,1,False,True
valid_2025_09,2025-09-05,61,83,2,3.5,3,4,15,8.340632655662734,8.37220219975512,0.03785844502322,8124.825913140658,2564.5498602023617,False,,,0,3.0,8.309063111570346,1,4.0,8.37220219975512,1,False,True
valid_2025_09,2025-09-05,61,84,2,1.0,1,1,20,8.378491100685952,8.405466887818948,0.0,8093.012294767613,2596.3634785754066,False,,,0,1.0,8.351515313552959,1,1.0,8.405466887818948,1,False,True
valid_2025_09,2025-09-05,61,85,2,4.0,3,5,14,8.327104117819008,8.377019563831142,0.05138698286694421,8061.19867639457,2628.1770969484496,False,,,0,5.0,8.277188671806876,1,3.0,8.377019563831142,1,False,True
valid_2025_09,2025-09-05,61,86,1,7.0,7,7,4,8.327766569582598,8.327766569582598,0.07770031823634937,8029.385058021525,2659.9907153214945,False,,,0,,,0,7.0,8.327766569582598,1,False,True
valid_2025_09,2025-09-05,61,87,1,8.0,8,8,3,8.311942060759984,8.311942060759984,0.09352482705896392,8029.385058021525,2659.9907153214945,False,,,0,,,0,8.0,8.311942060759984,1,False,True
valid_2025_09,2025-09-05,62,73,1,10.0,10,10,1,8.392593338912137,8.392593338912137,0.10958745932759406,10599.1714398081,90.2043335349208,False,10.0,8.392593338912137,1,,,0,,,0,False,False
valid_2025_09,2025-09-05,62,74,1,8.0,8,8,3,8.415295517177743,8.415295517177743,0.08688528106198845,10599.1714398081,90.2043335349208,False,8.0,8.415295517177743,1,,,0,,,0,False,False
valid_2025_09,2025-09-05,62,83,1,8.0,8,8,3,8.262953686936314,8.262953686936314,0.08856162661664513,8054.081969964518,2635.2938033785013,False,,,0,8.0,8.262953686936314,1,,,0,False,True
valid_2025_09,2025-09-05,62,84,2,6.5,4,9,9,8.307744504297531,8.310083119676136,0.07074659638842196,8022.268351591474,2667.107421751545,False,,,0,4.0,8.305405888918926,1,9.0,8.310083119676136,1,False,True
valid_2025_09,2025-09-05,62,85,1,10.0,10,10,1,8.231079247172843,8.231079247172843,0.12043606638011539,7990.454733218429,2698.92104012459,False,,,0,10.0,8.231079247172843,1,,,0,False,True
valid_2025_09,2025-09-06,62,79,1,9.0,9,9,2,7.706465963840525,7.706465963840525,0.24700155837507864,611.8236017412097,6737.122242432124,False,,,0,9.0,7.706465963840525,1,,,0,False,True
valid_2025_09,2025-09-06,62,80,2,5.0,3,7,12,7.281480610120772,7.835522750117448,0.09842353304891871,735.8967133960841,6613.04913077725,False,7.0,6.727438470124096,1,3.0,7.835522750117448,1,,,0,False,True
valid_2025_09,2025-09-06,62,81,2,7.5,7,8,7,7.221221544545147,7.715776419958647,0.15868259862454437,1413.5267847419368,5935.419059431397,False,8.0,6.726666669131646,1,7.0,7.715776419958647,1,,,0,False,True
valid_2025_09,2025-09-06,62,82,1,5.0,5,5,6,6.736050404237357,6.736050404237357,0.07029035988642107,2283.4288214489598,5065.517022724374,False,5.0,6.736050404237357,1,,,0,,,0,False,False
valid_2025_09,2025-09-06,62,83,1,9.0,9,9,2,6.723001760743898,6.723001760743898,0.08333900337987998,3139.2151556838626,4209.730688489472,False,9.0,6.723001760743898,1,,,0,,,0,False,False
valid_2025_09,2025-09-06,63,79,2,4.0,3,5,14,7.787740304198964,7.824410735938681,0.09469842755170177,605.4608780666007,6743.484966106734,False,,,0,5.0,7.824410735938681,1,3.0,7.751069872459247,1,False,True
valid_2025_09,2025-09-06,63,80,3,1.3333333333333333,1,2,29,7.520868764503949,7.953467522215604,0.0028706447044205183,729.533989721475,6619.411854451859,False,2.0,6.7977288300105165,1,1.0,7.953467522215604,1,1.0,7.811409941285728,1,True,True
valid_2025_09,2025-09-06,63,81,3,3.6666666666666665,3,4,22,7.4588781116679135,7.833721192056803,0.06486129754045707,1407.1640610673276,5941.781783106007,False,3.0,6.796957029018067,1,4.0,7.833721192056803,1,4.0,7.745956113928869,1,True,True
valid_2025_09,2025-09-06,63,82,3,6.0,1,10,15,7.3891629736239715,7.69012869274426,0.1345764355843988,2277.0660977743505,5071.879746398983,False,1.0,6.806340764123778,1,10.0,7.69012869274426,1,7.0,7.671019464003876,1,True,True
valid_2025_09,2025-09-06,63,83,2,6.0,4,8,10,7.218037555140679,7.642782989651039,0.09083779756407395,3132.852432009254,4216.09341216408,False,4.0,6.793292120630319,1,,,0,8.0,7.642782989651039,1,False,True
valid_2025_09,2025-09-06,64,79,2,6.5,5,8,9,7.705533511877752,7.7116133014214014,0.1769052198729142,601.1564955007276,6747.789348672606,False,,,0,8.0,7.7116133014214014,1,5.0,7.699453722334102,1,False,True
valid_2025_09,2025-09-06,64,80,3,4.666666666666667,2,10,19,7.440615955915663,7.840670087698324,0.08312345329270698,725.2296071556019,6623.716237017732,False,10.0,6.721383988888082,1,2.0,7.840670087698324,1,2.0,7.7597937911605825,1,True,True
valid_2025_09,2025-09-06,64,81,2,6.0,6,6,10,7.707631860671624,7.7209237575395235,0.17480687107904203,1402.8596785014545,5946.08616567188,False,,,0,6.0,7.7209237575395235,1,6.0,7.694339963803724,1,False,True
valid_2025_09,2025-09-06,64,82,2,7.5,6,9,7,7.174699618440037,7.619403313878731,0.13417573426471519,2272.761715208477,5076.184128964856,False,6.0,6.729995923001344,1,,,0,9.0,7.619403313878731,1,False,True
valid_2025_09,2025-09-06,64,83,1,10.0,10,10,1,7.591166839525893,7.591166839525893,0.2202431017598352,3128.5480494433805,4220.397794729954,False,,,0,,,0,10.0,7.591166839525893,1,False,True
valid_2025_09,2025-09-07,54,85,1,10.0,10,10,1,16.056901897671928,16.056901897671928,0.0907051030802819,8335.168013737719,16479.454317237196,False,10.0,16.056901897671928,1,,,0,,,0,False,False
valid_2025_09,2025-09-07,54,86,1,9.0,9,9,2,16.06168845790547,16.06168845790547,0.08591854284674127,8303.354395364673,16511.26793561024,False,9.0,16.06168845790547,1,,,0,,,0,False,False
valid_2025_09,2025-09-07,55,85,1,4.0,4,4,7,16.105905722269107,16.105905722269107,0.04170127848310301,8335.168013737719,16479.454317237196,False,4.0,16.105905722269107,1,,,0,,,0,False,False
valid_2025_09,2025-09-07,55,86,1,3.0,3,3,8,16.110692282502647,16.110692282502647,0.036914718249562384,8303.354395364673,16511.26793561024,False,3.0,16.110692282502647,1,,,0,,,0,False,False
valid_2025_09,2025-09-07,55,88,1,8.0,8,8,3,16.432191272263772,16.432191272263772,0.27683955632808477,8239.727158618583,16574.89517235633,False,,,0,,,0,8.0,16.432191272263772,1,False,True
valid_2025_09,2025-09-07,56,84,1,7.0,7,7,4,16.07319137620801,16.07319137620801,0.07441562454420136,8398.795250483807,16415.827080491108,False,7.0,16.07319137620801,1,,,0,,,0,False,False
valid_2025_09,2025-09-07,56,85,2,5.5,2,9,11,15.536526483737198,16.14282044051867,0.07135055033437254,8335.168013737719,16479.454317237196,False,2.0,16.14282044051867,1,9.0,14.930232526955727,1,,,0,False,True
valid_2025_09,2025-09-07,56,86,3,4.666666666666667,1,7,19,15.863128704835388,16.44938812458789,0.11179959407627926,8303.354395364673,16511.26793561024,False,1.0,16.14760700075221,1,6.0,14.99239098916606,1,7.0,16.44938812458789,1,True,True
valid_2025_09,2025-09-07,56,87,3,5.333333333333333,4,8,17,15.881064782503707,16.55963799965796,0.09386351640795947,8271.540776991627,16543.081553983287,False,8.0,16.06750381415936,1,4.0,15.016052533693802,1,4.0,16.55963799965796,1,True,True
valid_2025_09,2025-09-07,56,88,2,3.5,2,5,15,15.838960433882129,16.684524921999945,0.04962851410926561,8239.727158618583,16574.89517235633,False,,,0,5.0,14.993395945764313,1,2.0,16.684524921999945,1,False,True
valid_2025_09,2025-09-07,57,84,1,10.0,10,10,1,14.919467678519332,14.919467678519332,0.14867938887159937,8398.795250483807,16415.827080491108,False,,,0,10.0,14.919467678519332,1,,,0,False,True
valid_2025_09,2025-09-07,57,85,2,6.5,6,7,9,15.528583526742658,16.07483999283246,0.07929350732891294,8335.168013737719,16479.454317237196,False,6.0,16.07483999283246,1,7.0,14.982327060652857,1,,,0,False,True
valid_2025_09,2025-09-07,57,86,3,4.666666666666667,3,6,19,15.866002035702998,16.473894031179803,0.1089262632086682,8303.354395364673,16511.26793561024,False,5.0,16.079626553066,1,3.0,15.04448552286319,1,6.0,16.473894031179803,1,True,True
valid_2025_09,2025-09-07,57,87,2,2.0,1,3,18,15.826145486820401,16.58414390624987,0.062443461170992975,8271.540776991627,16543.081553983287,False,,,0,1.0,15.068147067390932,1,3.0,16.58414390624987,1,False,True
valid_2025_09,2025-09-07,57,88,2,1.5,1,2,19,15.87726065402665,16.709030828591857,0.011328293964744773,8239.727158618583,16574.89517235633,False,,,0,2.0,15.045490479461442,1,1.0,16.709030828591857,1,False,True
valid_2025_09,2025-09-07,58,87,2,8.5,8,9,5,15.683292798498986,16.43087909868786,0.2052961494924075,8271.540776991627,16543.081553983287,False,,,0,8.0,14.935706498310113,1,9.0,16.43087909868786,1,False,True
valid_2025_09,2025-09-07,58,88,1,5.0,5,5,6,16.555766021029847,16.555766021029847,0.15326480756201022,8239.727158618583,16574.89517235633,False,,,0,,,0,5.0,16.555766021029847,1,False,True
valid_2025_09,2025-09-07,59,88,1,10.0,10,10,1,16.35403760024427,16.35403760024427,0.3549932283475883,8144.286303499451,16670.336027475463,False,,,0,,,0,10.0,16.35403760024427,1,False,True
valid_2025_09,2025-09-08,54,70,1,6.0,6,6,5,11.22735761678613,11.22735761678613,0.12383275151208295,19271.964659891582,808.30769017497,False,6.0,11.22735761678613,1,,,0,,,0,False,False
valid_2025_09,2025-09-08,54,71,2,6.5,5,8,9,11.104906469777,11.260255178565984,0.1639389854958928,18381.18334544633,1699.089004620222,False,5.0,11.260255178565984,1,8.0,10.949557760988014,1,,,0,False,True
valid_2025_09,2025-09-08,55,70,3,5.333333333333333,3,9,17,10.950445993346605,11.318292806518356,0.12576679440947616,19185.00213406887,895.270215997687,False,3.0,11.318292806518356,1,4.0,11.0721252423972,1,9.0,10.46091993112426,1,True,True
valid_2025_09,2025-09-08,55,71,3,2.3333333333333335,1,4,26,11.026080908359402,11.351190368298212,0.05013187939668029,18294.220819623617,1786.051530442939,False,1.0,11.351190368298212,1,2.0,11.154353330996848,1,4.0,10.572699025783145,1,True,True
valid_2025_09,2025-09-08,55,72,2,6.5,6,7,9,11.092651225320175,11.197380018192264,0.17619422995271616,18198.779964504487,1881.492385562069,False,7.0,11.197380018192264,1,6.0,10.987922432448087,1,,,0,False,True
valid_2025_09,2025-09-08,55,73,1,10.0,10,10,1,10.93359590633348,10.93359590633348,0.25290463591409207,14540.21385160434,5540.058498462215,False,,,0,10.0,10.93359590633348,1,,,0,False,True
valid_2025_09,2025-09-08,56,70,3,3.3333333333333335,3,4,23,10.999307021622018,11.314480253154557,0.07690576613406286,18294.220819623617,1786.051530442939,False,4.0,11.314480253154557,1,3.0,11.104272453647924,1,3.0,10.579168358063576,1,True,True
valid_2025_09,2025-09-08,56,71,3,1.3333333333333333,1,2,29,11.074941936634815,11.347377814934411,0.0012708511212669766,17403.439505178365,2676.832844888191,False,2.0,11.347377814934411,1,1.0,11.186500542247572,1,1.0,10.690947452722462,1,True,True
valid_2025_09,2025-09-08,56,72,3,6.0,5,8,15,10.914449687946663,11.193567464828462,0.16176309980941994,17307.99865005923,2772.273700007325,False,8.0,11.193567464828462,1,5.0,11.020069643698813,1,5.0,10.529711955312711,1,True,True
valid_2025_09,2025-09-08,56,73,2,7.0,7,7,8,10.723569835825721,10.965743117584204,0.2151541616592958,13649.43253715909,6430.839812907467,False,,,0,7.0,10.965743117584204,1,7.0,10.481396554067238,1,False,True
valid_2025_09,2025-09-08,57,70,2,8.0,6,10,6,10.824651508493783,11.12787345099438,0.19641740201655278,17348.290597728694,2731.9817523378624,False,10.0,11.12787345099438,1,,,0,6.0,10.521429565993188,1,False,True
valid_2025_09,2025-09-08,57,71,3,6.666666666666667,2,9,13,10.910986363005586,11.160771012774234,0.16522642475049606,16457.509283283438,3622.763066783118,False,9.0,11.160771012774234,1,9.0,10.938979415590453,1,2.0,10.633208660652071,1,True,True
valid_2025_09,2025-09-08,57,72,1,8.0,8,8,3,10.471973163242325,10.471973163242325,0.21897428948013697,16362.068428164306,3718.20392190225,False,,,0,,,0,8.0,10.471973163242325,1,False,True
valid_2025_09,2025-09-08,57,73,1,10.0,10,10,1,10.42365776199685,10.42365776199685,0.2672896907256117,12703.502315264164,7376.770034802392,False,,,0,,,0,10.0,10.42365776199685,1,False,True
valid_2025_09,2025-09-09,51,80,1,9.0,9,9,2,12.788174307126813,12.788174307126813,0.16294706514316815,12852.701822710069,9703.153603778646,False,9.0,12.788174307126813,1,,,0,,,0,False,False
valid_2025_09,2025-09-09,52,79,1,10.0,10,10,1,12.769710244665047,12.769710244665047,0.1814111276049335,15111.468727196245,7444.38669929247,False,10.0,12.769710244665047,1,,,0,,,0,False,False
valid_2025_09,2025-09-09,52,80,2,6.0,4,8,10,13.157015041967401,13.44774866862101,0.19570555449389015,13266.27886155965,9289.576564929064,False,4.0,12.866281415313791,1,8.0,13.44774866862101,1,,,0,False,True
valid_2025_09,2025-09-09,53,79,1,8.0,8,8,3,12.824546167005687,12.824546167005687,0.12657520526429344,15016.027872077111,7539.827554411602,False,8.0,12.824546167005687,1,,,0,,,0,False,False
valid_2025_09,2025-09-09,53,80,3,5.333333333333333,3,9,17,13.309473517006978,13.595447431947822,0.16899418299057167,13170.838006440516,9385.017420048198,False,3.0,12.921117337654431,1,4.0,13.595447431947822,1,9.0,13.41185578141868,1,True,True
valid_2025_09,2025-09-09,54,79,2,6.5,6,7,9,13.1547307804107,13.454911359200164,0.1979898160505904,14952.40063533102,7603.454791157692,False,6.0,12.854550201621237,1,7.0,13.454911359200164,1,,,0,False,True
valid_2025_09,2025-09-09,54,80,3,2.0,1,3,27,13.403841369572675,13.697904928130471,0.07462633042487354,13107.210769694426,9448.644656794288,False,1.0,12.95112137226998,1,2.0,13.697904928130471,1,3.0,13.562497808317575,1,True,True
valid_2025_09,2025-09-09,54,81,2,10.0,10,10,2,13.401954389134634,13.428817614940744,0.34018647472669983,13107.210769694428,9448.644656794286,False,,,0,10.0,13.428817614940744,1,10.0,13.375091163328523,1,False,True
valid_2025_09,2025-09-09,55,79,3,6.333333333333333,5,7,14,13.271206896556881,13.511326251722291,0.20726080344066844,14284.31464949708,8271.540776991633,False,7.0,12.845426632525353,1,5.0,13.511326251722291,1,7.0,13.456867805422998,1,True,True
valid_2025_09,2025-09-09,55,80,3,1.3333333333333333,1,2,29,13.475426510298922,13.7543198206526,0.0030411896986279885,12439.124783860483,10116.730642628228,False,2.0,12.941997803174097,1,1.0,13.7543198206526,1,1.0,13.729961907070066,1,True,True
valid_2025_09,2025-09-09,55,81,2,5.0,4,6,12,13.513893884771942,13.542555262081011,0.22824697908939218,12439.124783860489,10116.730642628225,False,,,0,6.0,13.485232507462872,1,4.0,13.542555262081011,1,False,True
valid_2025_09,2025-09-09,56,79,2,8.5,8,9,5,13.437680621997435,13.441814852921269,0.3044602418638984,13616.228663663142,8939.626762825572,False,,,0,9.0,13.433546391073602,1,8.0,13.441814852921269,1,False,True
valid_2025_09,2025-09-09,56,80,3,3.3333333333333335,2,5,23,13.415546987934631,13.714908954568337,0.06292071206291953,11771.038798026548,10784.816628462166,False,5.0,12.85519204923164,1,3.0,13.676539960003913,1,2.0,13.714908954568337,1,True,True
valid_2025_09,2025-09-09,56,81,1,5.0,5,5,6,13.527502309579283,13.527502309579283,0.20245959749078324,11771.03879802655,10784.816628462164,False,,,0,,,0,5.0,13.527502309579283,1,False,True
valid_2025_09,2025-09-09,57,80,1,6.0,6,6,5,13.518369937258171,13.518369937258171,0.2115919698118951,11134.766430565653,11421.08899592306,False,,,0,,,0,6.0,13.518369937258171,1,False,True
valid_2025_09,2025-09-10,57,72,2,8.0,7,9,6,4.304576788677711,4.980440058157118,0.08652703014521634,5780.515370211202,983.0089941086972,False,7.0,3.6287135191983033,1,9.0,4.980440058157118,1,,,0,False,True
valid_2025_09,2025-09-10,57,73,1,8.0,8,8,3,3.616220722606421,3.616220722606421,0.06981608975879894,6468.984341336752,294.54002298314754,False,8.0,3.616220722606421,1,,,0,,,0,False,False
valid_2025_09,2025-09-10,58,71,1,4.0,4,4,7,5.033278621150732,5.033278621150732,0.06289220412990204,5749.745238520794,1013.7791257991048,False,,,0,4.0,5.033278621150732,1,,,0,False,True
valid_2025_09,2025-09-10,58,72,3,3.6666666666666665,2,7,22,4.678586537764385,5.295212573291138,0.04956529528370742,5780.515370211202,983.0089941086972,False,2.0,3.674215945217835,1,2.0,5.066331094784182,1,7.0,5.295212573291138,1,True,True
valid_2025_09,2025-09-10,58,73,2,6.0,4,8,10,4.328430908823064,4.995138669020175,0.06267290999986308,6468.984341336752,294.54002298314754,False,4.0,3.6617231486259527,1,8.0,4.995138669020175,1,,,0,False,True
valid_2025_09,2025-09-10,59,71,3,5.333333333333333,3,10,17,4.6684381042235445,5.328333194782879,0.059713728824547285,5749.745238520794,1013.7791257991048,False,10.0,3.613862766240573,1,3.0,5.063118351647184,1,3.0,5.328333194782879,1,True,True
valid_2025_09,2025-09-10,59,72,3,1.0,1,1,30,4.728151833048092,5.402247861498424,0.0,5780.515370211202,983.0089941086972,False,1.0,3.68603681236522,1,1.0,5.096170825280634,1,1.0,5.402247861498424,1,True,True
valid_2025_09,2025-09-10,59,73,3,4.333333333333333,3,6,20,4.671372923987632,5.3155963566729305,0.056778909060460826,6468.984341336752,294.54002298314754,False,3.0,3.673544015773338,1,6.0,5.024978399516627,1,4.0,5.3155963566729305,1,True,True
valid_2025_09,2025-09-10,59,74,2,9.0,9,9,4,4.432947492389703,5.249896132413561,0.11119484454211914,6525.994345461248,237.5300188586516,False,9.0,3.615998852365845,1,,,0,9.0,5.249896132413561,1,False,True
valid_2025_09,2025-09-10,60,71,2,6.5,6,7,9,5.14655097457268,5.296154401054842,0.10265836881684898,5745.304057395916,1018.2203069239832,False,,,0,7.0,4.996947548090517,1,6.0,5.296154401054842,1,False,True
valid_2025_09,2025-09-10,60,72,3,4.0,2,5,21,4.685613025599281,5.370069067770388,0.04253880744881119,5776.074189086325,987.4501752335746,False,5.0,3.656769987303488,1,5.0,5.030000021723968,1,2.0,5.370069067770388,1,True,True
valid_2025_09,2025-09-10,60,73,3,8.0,6,10,9,4.62883411653882,5.283417562944894,0.09931771650927261,6464.543160211875,298.98120410802403,False,6.0,3.644277190711605,1,10.0,4.958807595959961,1,8.0,5.283417562944894,1,True,True
valid_2025_09,2025-09-10,61,71,1,10.0,10,10,1,5.223558104868591,5.223558104868591,0.17868975662983289,5599.887189174567,1163.6371751453323,False,,,0,,,0,10.0,5.223558104868591,1,False,True
valid_2025_09,2025-09-10,61,72,1,5.0,5,5,6,5.297472771584136,5.297472771584136,0.10477508991428763,5630.657320864975,1132.867043454924,False,,,0,,,0,5.0,5.297472771584136,1,False,True
valid_2025_09,2025-09-11,21,68,1,8.0,8,8,3,6.790220231230203,6.790220231230203,0.0371259438632805,8131.907624590496,761.2362604302143,False,,,0,,,0,8.0,6.790220231230203,1,False,True
valid_2025_09,2025-09-11,21,69,1,9.0,9,9,2,7.261994981748115,7.261994981748115,0.03499402085382908,8068.2803878444065,824.863497176304,False,,,0,9.0,7.261994981748115,1,,,0,False,True
valid_2025_09,2025-09-11,22,68,1,7.0,7,7,4,6.799602840349676,6.799602840349676,0.02774333474380697,8056.321648697981,836.8222363227296,False,,,0,,,0,7.0,6.799602840349676,1,False,True
valid_2025_09,2025-09-11,22,69,1,7.0,7,7,4,7.270752032604751,7.270752032604751,0.026236969997193604,7992.694411951891,900.4494730688193,False,,,0,7.0,7.270752032604751,1,,,0,False,True
valid_2025_09,2025-09-11,23,68,2,7.5,5,10,7,7.036805079628818,7.261401145288153,0.025362509218895823,7960.0218258827745,933.122059137936,False,,,0,10.0,7.261401145288153,1,5.0,6.812209013969483,1,False,True
valid_2025_09,2025-09-11,23,69,1,6.0,6,6,5,7.275100349248673,7.275100349248673,0.021888653353271614,7896.394589136685,996.7492958840256,False,,,0,6.0,7.275100349248673,1,,,0,False,True
valid_2025_09,2025-09-11,24,67,1,9.0,9,9,2,6.785120812133481,6.785120812133481,0.04222536296000179,8020.998988218389,872.1448968023215,False,,,0,,,0,9.0,6.785120812133481,1,False,True
valid_2025_09,2025-09-11,24,68,2,2.0,1,3,18,7.055317986867454,7.283289798641425,0.006849601980259745,7989.185369845344,903.9585151753664,False,,,0,3.0,7.283289798641425,1,1.0,6.827346175093483,1,False,True
valid_2025_09,2025-09-11,24,69,1,1.0,1,1,10,7.296989002601944,7.296989002601944,0.0,7925.5581330992545,967.585751921456,False,,,0,1.0,7.296989002601944,1,,,0,False,True
valid_2025_09,2025-09-11,25,67,1,10.0,10,10,1,6.782714095724067,6.782714095724067,0.04463207936941593,8050.162532180959,842.9813528397517,False,,,0,,,0,10.0,6.782714095724067,1,False,True
valid_2025_09,2025-09-11,25,68,2,3.0,2,4,16,7.053018516738812,7.281097574793557,0.009149072108901368,8018.348913807914,874.7949712127966,False,,,0,4.0,7.281097574793557,1,2.0,6.824939458684068,1,False,True
valid_2025_09,2025-09-11,25,69,1,2.0,2,2,9,7.294796778754076,7.294796778754076,0.0021922238478682132,7954.721677061824,938.4222079588862,False,,,0,2.0,7.294796778754076,1,,,0,False,True
valid_2025_09,2025-09-11,26,68,2,5.5,3,8,11,7.044849273593481,7.265852256779407,0.01731831525423244,8142.953312889618,750.1905721310923,False,,,0,8.0,7.265852256779407,1,3.0,6.823846290407555,1,False,True
valid_2025_09,2025-09-11,26,69,1,5.0,5,5,6,7.279551460739927,7.279551460739927,0.017437541862017625,8079.326076143529,813.817808877182,False,,,0,5.0,7.279551460739927,1,,,0,False,True
valid_2025_09,2025-09-11,27,68,1,4.0,4,4,7,6.818873630938218,6.818873630938218,0.008472544155265105,8194.017351740193,699.1265332805178,False,,,0,,,0,4.0,6.818873630938218,1,False,True
valid_2025_09,2025-09-11,28,68,1,6.0,6,6,5,6.803580165354422,6.803580165354422,0.02376600973906129,8320.667366483285,572.4765185374254,False,,,0,,,0,6.0,6.803580165354422,1,False,True
valid_2025_09,2025-09-11,42,69,1,9.0,9,9,2,8.165203026150241,8.165203026150241,0.030271426782622513,8475.968725933139,417.175159087572,False,9.0,8.165203026150241,1,,,0,,,0,False,False
valid_2025_09,2025-09-11,42,70,1,10.0,10,10,1,8.161849682239286,8.161849682239286,0.03362477069357794,8380.527870814005,512.6160142067056,False,10.0,8.161849682239286,1,,,0,,,0,False,False
valid_2025_09,2025-09-11,43,69,1,5.0,5,5,6,8.18139268718328,8.18139268718328,0.014081765749583752,8351.364326851435,541.7795581692753,False,5.0,8.18139268718328,1,,,0,,,0,False,False
valid_2025_09,2025-09-11,43,70,1,6.0,6,6,5,8.178039343272324,8.178039343272324,0.017435109660539183,8255.9234717323,637.2204132884108,False,6.0,8.178039343272324,1,,,0,,,0,False,False
valid_2025_09,2025-09-11,44,69,1,3.0,3,3,8,8.189007926179887,8.189007926179887,0.0064665267529768755,8217.142670935558,676.0012140851522,False,3.0,8.189007926179887,1,,,0,,,0,False,False
valid_2025_09,2025-09-11,44,70,1,4.0,4,4,7,8.185654582268931,8.185654582268931,0.009819870663932306,8121.701815816426,771.442069204285,False,4.0,8.185654582268931,1,,,0,,,0,False,False
valid_2025_09,2025-09-11,45,69,1,1.0,1,1,10,8.195474452932864,8.195474452932864,0.0,8081.549848067805,811.5940369529053,False,1.0,8.195474452932864,1,,,0,,,0,False,False
valid_2025_09,2025-09-11,45,70,1,2.0,2,2,9,8.192121109021908,8.192121109021908,0.003353343910955431,7986.108992948672,907.0348920720388,False,2.0,8.192121109021908,1,,,0,,,0,False,False
valid_2025_09,2025-09-11,46,69,1,7.0,7,7,4,8.172969733580736,8.172969733580736,0.022504719352127722,7945.957025200051,947.1868598206592,False,7.0,8.172969733580736,1,,,0,,,0,False,False
valid_2025_09,2025-09-11,46,70,1,8.0,8,8,3,8.16961638966978,8.16961638966978,0.025858063263083153,7850.516170080918,1042.627714939793,False,8.0,8.16961638966978,1,,,0,,,0,False,False
valid_2025_09,2025-09-12,53,70,1,9.0,9,9,2,8.121500757971177,8.121500757971177,0.17976529442010403,3780.8194855840793,1896.5529524998665,False,9.0,8.121500757971177,1,,,0,,,0,False,False
valid_2025_09,2025-09-12,54,68,1,8.0,8,8,3,8.135614725855092,8.135614725855092,0.26357689054891864,4040.329533376681,1637.0429047072653,False,,,0,,,0,8.0,8.135614725855092,1,False,True
valid_2025_09,2025-09-12,54,69,3,6.333333333333333,5,7,14,8.22960974101027,8.292637155576529,0.13915655025716353,4420.527723829263,1256.844714254683,False,7.0,8.17034939438313,1,5.0,8.292637155576529,1,7.0,8.225842673071153,1,True,True
valid_2025_09,2025-09-12,54,70,3,5.666666666666667,2,9,16,8.216445096913276,8.292549978036678,0.15232119435415825,4353.464616298885,1323.907821785061,False,2.0,8.292549978036678,1,6.0,8.231023347877176,1,9.0,8.125761964825973,1,True,True
valid_2025_09,2025-09-12,54,71,1,5.0,5,5,6,8.214912635235038,8.214912635235038,0.08635341715624278,4350.334156250977,1327.038281832969,False,5.0,8.214912635235038,1,,,0,,,0,False,False
valid_2025_09,2025-09-12,55,68,2,7.0,5,9,8,8.205013450381415,8.241068547040378,0.19750296032409587,4676.601900837575,1000.7705372463706,False,,,0,9.0,8.168958353722452,1,5.0,8.241068547040378,1,False,True
valid_2025_09,2025-09-12,55,69,3,3.0,1,6,24,8.305401056000393,8.405841205007011,0.06336523526704003,5056.800091290158,620.5723467937878,False,6.0,8.179065468737733,1,1.0,8.405841205007011,1,2.0,8.331296494256438,1,True,True
valid_2025_09,2025-09-12,55,70,3,3.3333333333333335,1,6,23,8.2922364119034,8.344227397307659,0.07652987936403477,4989.736983759779,687.6354543241669,False,1.0,8.30126605239128,1,3.0,8.344227397307659,1,6.0,8.231215786011258,1,True,True
valid_2025_09,2025-09-12,55,71,2,5.0,3,7,12,8.1987107152708,8.22362870958964,0.15484291342834666,4986.606523711871,690.7659143720748,False,3.0,8.22362870958964,1,7.0,8.173792720951958,1,,,0,False,True
valid_2025_09,2025-09-12,56,68,2,6.5,3,10,9,8.238743235290372,8.30896366918795,0.16377317541513925,5249.24703155238,428.1254065315661,False,,,0,10.0,8.168522801392793,1,3.0,8.30896366918795,1,False,True
valid_2025_09,2025-09-12,56,69,3,4.333333333333333,1,10,20,8.29953290806901,8.405405652677352,0.06923338319842405,5629.4452220049625,47.92721607898329,False,10.0,8.094001455125667,1,2.0,8.405405652677352,1,1.0,8.39919161640401,1,True,True
valid_2025_09,2025-09-12,56,70,3,4.0,4,4,21,8.286368263972015,8.343791844978,0.08239802729541879,5562.382114474584,114.99032360936144,False,4.0,8.216202038779215,1,4.0,8.343791844978,1,4.0,8.29911090815883,1,True,True
valid_2025_09,2025-09-12,56,71,3,8.666666666666666,8,10,7,8.136128516973839,8.1733571686223,0.23263777429359558,5559.251654426676,118.1207836572694,False,8.0,8.138564695977575,1,8.0,8.1733571686223,1,10.0,8.096463686321641,1,True,True
valid_2025_09,2025-09-13,61,85,1,10.0,10,10,1,5.112062255839153,5.112062255839153,0.08754247376638791,4877.861213389129,577.6080551809982,False,,,0,10.0,5.112062255839153,1,,,0,False,True
valid_2025_09,2025-09-13,61,86,1,9.0,9,9,2,5.127362055238899,5.127362055238899,0.07224267436664178,5144.38298267115,311.0862858989776,False,,,0,9.0,5.127362055238899,1,,,0,False,True
valid_2025_09,2025-09-13,62,82,1,10.0,10,10,1,3.164145283040217,3.164145283040217,0.04304940616959785,4642.434074704925,813.0351938652029,False,10.0,3.164145283040217,1,,,0,,,0,False,False
valid_2025_09,2025-09-13,62,83,1,3.0,3,3,8,3.197417283702197,3.197417283702197,0.009777405507617853,4712.529020066254,742.9402485038736,False,3.0,3.197417283702197,1,,,0,,,0,False,False
valid_2025_09,2025-09-13,62,84,2,6.5,5,8,9,4.161290271430247,5.133212977447199,0.0421094379774305,4843.419790138471,612.0494784316561,False,5.0,3.189367565413296,1,8.0,5.133212977447199,1,,,0,False,True
valid_2025_09,2025-09-13,62,85,2,5.0,4,6,12,4.175829239909961,5.169902059432149,0.02757046949771791,4875.233408511516,580.2358600586113,False,6.0,3.181756420387771,1,4.0,5.169902059432149,1,,,0,False,True
valid_2025_09,2025-09-13,62,86,2,5.5,2,9,11,4.1767902306909805,5.185201858831896,0.0266094787166975,5141.755177793536,313.71409077659155,False,9.0,3.1683786025500646,1,2.0,5.185201858831896,1,,,0,False,True
valid_2025_09,2025-09-13,62,87,1,7.0,7,7,4,5.141086935414148,5.141086935414148,0.0585177941913928,5317.2772730812985,138.19199548882898,False,,,0,7.0,5.141086935414148,1,,,0,False,True
valid_2025_09,2025-09-13,63,82,1,8.0,8,8,3,3.173922688547836,3.173922688547836,0.03327200066197866,4628.798757870238,826.6705106998897,False,8.0,3.173922688547836,1,,,0,,,0,False,False
valid_2025_09,2025-09-13,63,83,2,4.0,1,7,14,4.209875315569889,5.212555941929962,0.05139042088127965,4698.893703231567,756.5755653385604,False,1.0,3.207194689209815,1,,,0,7.0,5.212555941929962,1,False,True
valid_2025_09,2025-09-13,63,84,3,4.0,2,6,21,4.535476807409947,5.259669603088084,0.0385685934260116,4829.784473303785,625.6847952663429,False,2.0,3.1991449709209143,1,6.0,5.147615848220844,1,4.0,5.259669603088084,1,True,True
valid_2025_09,2025-09-13,63,85,3,3.0,2,4,24,4.556338846663115,5.2931777838881615,0.017706554172844058,4861.598091676829,593.8711768932981,False,4.0,3.191533825895389,1,3.0,5.184304930205794,1,2.0,5.2931777838881615,1,True,True
valid_2025_09,2025-09-13,63,86,3,3.0,1,7,24,4.564365840451916,5.315336783692521,0.009679560384043976,5128.119860958849,327.3494076112784,False,7.0,3.178156008057683,1,1.0,5.199604729605541,1,1.0,5.315336783692521,1,True,True
valid_2025_09,2025-09-13,63,87,2,4.0,3,5,14,5.211656724276921,5.267823642366047,0.04581403237211079,5303.641956246612,151.8273123235158,False,,,0,5.0,5.155489806187793,1,3.0,5.267823642366047,1,False,True
valid_2025_09,2025-09-13,63,88,1,10.0,10,10,1,5.193813358786622,5.193813358786622,0.12152342490589874,5436.406548441002,19.06272012912541,False,,,0,,,0,10.0,5.193813358786622,1,False,True
valid_2025_09,2025-09-13,64,84,1,9.0,9,9,2,5.194378116820275,5.194378116820275,0.12095866687224621,4820.13540285124,635.3338657188879,False,,,0,,,0,9.0,5.194378116820275,1,False,True
valid_2025_09,2025-09-13,64,85,1,6.0,6,6,5,5.227886297620351,5.227886297620351,0.08745048607216965,4851.9490212242845,603.520247345843,False,,,0,,,0,6.0,5.227886297620351,1,False,True
valid_2025_09,2025-09-13,64,86,1,5.0,5,5,6,5.250045297424711,5.250045297424711,0.06529148626781023,5118.470790506304,336.9984780638233,False,,,0,,,0,5.0,5.250045297424711,1,False,True
valid_2025_09,2025-09-13,64,87,1,8.0,8,8,3,5.202532156098238,5.202532156098238,0.11280462759428289,5293.992885794067,161.47638277606077,False,,,0,,,0,8.0,5.202532156098238,1,False,True
valid_2025_09,2025-09-14,51,69,1,6.0,6,6,5,12.05430078012025,12.05430078012025,0.11693108956055909,35931.81491875127,1862.1942446570029,False,6.0,12.05430078012025,1,,,0,,,0,False,False
valid_2025_09,2025-09-14,52,68,3,8.666666666666666,8,10,7,12.129715521152304,12.38133789198734,0.21729941565253105,36533.84310739542,1260.1660560128512,False,8.0,12.009852549048915,1,8.0,11.997956122420655,1,10.0,12.38133789198734,1,True,True
valid_2025_09,2025-09-14,52,69,3,6.0,2,9,15,12.185433250567101,12.410856410939193,0.1615816862377327,36565.65672576847,1228.3524376397982,False,2.0,12.118728179047531,1,7.0,12.02671516171458,1,9.0,12.410856410939193,1,True,True
valid_2025_09,2025-09-14,52,70,1,7.0,7,7,4,12.033145648031065,12.033145648031065,0.13808622164974516,35277.20518166016,2516.8039817481117,False,7.0,12.033145648031065,1,,,0,,,0,False,False
valid_2025_09,2025-09-14,53,67,2,5.5,5,6,11,12.32471476720082,12.573461115431412,0.11019170316602533,36465.03025085452,1328.97891255375,False,,,0,5.0,12.07596841897023,1,6.0,12.573461115431412,1,False,True
valid_2025_09,2025-09-14,53,68,3,4.0,3,5,21,12.283038125158278,12.627241258810974,0.06397681164655704,37113.328166060426,680.6809973478448,False,5.0,12.062356239682195,1,3.0,12.159516876981662,1,4.0,12.627241258810974,1,True,True
valid_2025_09,2025-09-14,53,69,3,1.3333333333333333,1,2,29,12.338755854573074,12.656759777762828,0.008259082231759862,37145.14178443348,648.8673789747918,False,1.0,12.17123186968081,1,1.0,12.188275916275586,1,2.0,12.656759777762828,1,True,True
valid_2025_09,2025-09-14,53,70,3,6.666666666666667,3,9,13,12.174707770597635,12.442051387847735,0.1723071662071991,35856.690240325166,1937.318923083105,False,3.0,12.085649338664345,1,9.0,11.996422585280826,1,8.0,12.442051387847735,1,True,True
valid_2025_09,2025-09-14,54,67,2,5.5,5,6,11,12.326837287519112,12.598238362126692,0.1080691828477347,36529.59280798078,1264.4163554274928,False,,,0,6.0,12.055436212911532,1,5.0,12.598238362126692,1,False,True
valid_2025_09,2025-09-14,54,68,3,5.666666666666667,3,10,16,12.25567731350783,12.652018505506254,0.09133762329700564,37177.89072318668,616.1184402215877,False,10.0,11.976028764094268,1,4.0,12.138984670922964,1,3.0,12.652018505506254,1,True,True
valid_2025_09,2025-09-14,54,69,3,2.3333333333333335,1,4,26,12.311395042922626,12.681537024458107,0.035619893882207876,37209.704341559736,584.3048218485346,False,4.0,12.084904394092884,1,2.0,12.167743710216888,1,1.0,12.681537024458107,1,True,True
valid_2025_09,2025-09-14,54,70,3,8.666666666666666,7,10,7,12.147346958947187,12.466828634543017,0.1996679778576477,35921.25279745142,1872.756365956848,False,9.0,11.999321863076416,1,10.0,11.975890379222127,1,7.0,12.466828634543017,1,True,True
valid_2025_09,2025-09-15,56,77,1,6.0,6,6,5,7.835576106989752,7.835576106989752,0.0191091829152521,7158.064133935063,104.11642884946104,False,6.0,7.835576106989752,1,,,0,,,0,False,False
valid_2025_09,2025-09-15,57,76,1,9.0,9,9,2,7.8296740202674115,7.8296740202674115,0.02501126963759237,7230.366944411482,31.81361837304212,False,9.0,7.8296740202674115,1,,,0,,,0,False,False
valid_2025_09,2025-09-15,57,77,2,6.5,3,10,9,7.791948300455658,7.852184084987542,0.03945470188385514,7158.064133935063,104.11642884946104,False,3.0,7.852184084987542,1,10.0,7.731712515923776,1,,,0,False,True
valid_2025_09,2025-09-15,58,76,2,8.5,8,9,5,7.781311627840269,7.830756287816286,0.05009137449924417,7230.366944411482,31.81361837304212,False,8.0,7.830756287816286,1,9.0,7.731866967864253,1,,,0,False,True
valid_2025_09,2025-09-15,58,77,2,3.5,2,5,15,7.800490860617142,7.853266352536417,0.030912141722372333,7158.064133935063,104.11642884946104,False,2.0,7.853266352536417,1,5.0,7.747715368697866,1,,,0,False,True
valid_2025_09,2025-09-15,59,76,1,7.0,7,7,4,7.832175225184874,7.832175225184874,0.022510064720130174,7230.366944411482,31.81361837304212,False,7.0,7.832175225184874,1,,,0,,,0,False,False
valid_2025_09,2025-09-15,59,77,2,3.5,1,6,15,7.798978458778018,7.854685289905004,0.032424543561496044,7158.064133935063,104.11642884946104,False,1.0,7.854685289905004,1,6.0,7.743271627651032,1,,,0,False,True
valid_2025_09,2025-09-15,60,75,1,7.0,7,7,4,7.342763191918785,7.342763191918785,0.0648537674578602,7262.180562784527,-2.7284841053187847e-12,False,,,0,,,0,7.0,7.342763191918785,1,False,True
valid_2025_09,2025-09-15,60,76,1,9.0,9,9,2,7.329112728979146,7.329112728979146,0.07850423039749899,7230.366944411482,31.81361837304212,False,,,0,,,0,9.0,7.329112728979146,1,False,True
valid_2025_09,2025-09-15,60,77,3,7.333333333333333,5,10,11,7.634621277667141,7.843957661695597,0.05551971035141593,7158.064133935063,104.11642884946104,False,5.0,7.843957661695597,1,7.0,7.743028742094939,1,10.0,7.316877429210889,1,True,True
valid_2025_09,2025-09-15,61,74,1,8.0,8,8,3,7.340344333596898,7.340344333596898,0.06727262577974713,7069.876783804983,192.30377897954168,False,,,0,,,0,8.0,7.340344333596898,1,False,True
valid_2025_09,2025-09-15,61,75,2,4.5,1,8,13,7.574483511030075,7.741350062683505,0.033385326045259234,7262.180562784527,-2.7284841053187847e-12,False,,,0,8.0,7.741350062683505,1,1.0,7.407616959376645,1,False,True
valid_2025_09,2025-09-15,61,76,3,4.666666666666667,2,10,19,7.670061097379694,7.823944481761668,0.020079890638862768,7230.366944411482,31.81361837304212,False,10.0,7.823944481761668,1,2.0,7.79227231394041,1,2.0,7.393966496437006,1,True,True
valid_2025_09,2025-09-15,61,77,3,2.6666666666666665,1,4,25,7.67876881930819,7.846454546481798,0.01137216871036717,7158.064133935063,104.11642884946104,False,4.0,7.846454546481798,1,1.0,7.808120714774024,1,3.0,7.381731196668749,1,True,True
valid_2025_09,2025-09-15,62,75,1,4.0,4,4,7,7.37508957718045,7.37508957718045,0.032527382196194665,7260.481715563406,1.6988472211178305,False,,,0,,,0,4.0,7.37508957718045,1,False,True
valid_2025_09,2025-09-15,62,76,2,4.5,4,5,13,7.56184227051729,7.762245426793768,0.04602656655804438,7228.668097190362,33.51246559416268,False,,,0,4.0,7.762245426793768,1,5.0,7.361439114240811,1,False,True
valid_2025_09,2025-09-15,62,77,2,4.5,3,6,13,7.563648821049968,7.778093827627382,0.04422001602536607,7156.365286713943,105.8152760705816,False,,,0,3.0,7.778093827627382,1,6.0,7.349203814472554,1,False,True
valid_2025_09,2025-09-16,31,64,3,3.3333333333333335,3,4,23,7.442109954252801,7.998362863956405,0.07544862105881596,28373.42093665716,4422.0929538532,False,4.0,6.675521304603997,1,3.0,7.998362863956405,1,3.0,7.652445694198001,1,True,True
valid_2025_09,2025-09-16,31,65,3,3.0,1,4,24,7.448145289856847,7.986228434105346,0.0694132854547694,31713.85086582685,1081.6630246835084,False,1.0,6.709663827440963,1,4.0,7.986228434105346,1,4.0,7.648543608024234,1,True,True
valid_2025_09,2025-09-16,31,66,3,7.0,5,8,12,7.336474914791157,7.807543434792866,0.18108366052045977,31713.85086582686,1081.6630246835011,False,5.0,6.671832225127879,1,8.0,7.807543434792866,1,8.0,7.530049084452727,1,True,True
valid_2025_09,2025-09-16,32,64,3,3.0,1,7,24,7.500465902462373,8.094490839274055,0.017092672849243467,28347.01881476937,4448.49507574099,False,7.0,6.658385808893232,1,1.0,8.094490839274055,1,1.0,7.748521059219833,1,True,True
valid_2025_09,2025-09-16,32,65,3,2.3333333333333335,2,3,26,7.50650123806642,8.082356409422996,0.0110573372451969,31687.448743939065,1108.0651465712945,False,3.0,6.692528331730198,1,2.0,8.082356409422996,1,2.0,7.744618973046066,1,True,True
valid_2025_09,2025-09-16,32,66,3,7.0,5,9,12,7.39483086300073,7.903671410110515,0.12272771231088697,31687.448743939072,1108.0651465712872,False,9.0,6.654696729417115,1,7.0,7.903671410110515,1,5.0,7.62612444947456,1,True,True
valid_2025_09,2025-09-16,32,67,2,10.0,10,10,2,7.578121745401189,7.716876744467715,0.34338420384575485,31687.448743939072,1108.0651465712872,False,,,0,10.0,7.716876744467715,1,10.0,7.439366746334663,1,False,True
valid_2025_09,2025-09-16,33,64,2,5.5,5,6,11,7.758216479276182,7.938781744264126,0.16328946997076166,28347.01881476937,4448.49507574099,False,,,0,5.0,7.938781744264126,1,6.0,7.577651214288238,1,False,True
valid_2025_09,2025-09-16,33,65,2,6.5,6,7,9,7.750198221263769,7.926647314413067,0.17130772798317473,31687.448743939065,1108.0651465712945,False,,,0,6.0,7.926647314413067,1,7.0,7.573749128114471,1,False,True
valid_2025_09,2025-09-16,33,66,2,9.0,9,9,4,7.601608459821776,7.747962315100587,0.31989748942516805,31687.448743939072,1108.0651465712872,False,,,0,9.0,7.747962315100587,1,9.0,7.455254604542965,1,False,True
valid_2025_09,2025-09-16,46,64,1,6.0,6,6,5,6.661657010506296,6.661657010506296,0.048006816934666574,29455.08396134068,3340.4299291696807,False,6.0,6.661657010506296,1,,,0,,,0,False,False
valid_2025_09,2025-09-16,46,65,1,2.0,2,2,9,6.695799533343262,6.695799533343262,0.013864294097700736,32795.51389051038,-2.182787284255028e-11,True,2.0,6.695799533343262,1,,,0,,,0,False,False
valid_2025_09,2025-09-16,46,66,1,8.0,8,8,3,6.6579679310301785,6.6579679310301785,0.051695896410784314,32795.51389051038,-2.182787284255028e-11,False,8.0,6.6579679310301785,1,,,0,,,0,False,False
valid_2025_09,2025-09-16,47,65,1,10.0,10,10,1,6.65297068124449,6.65297068124449,0.05669314619647281,32795.51389051038,-2.182787284255028e-11,False,10.0,6.65297068124449,1,,,0,,,0,False,False
valid_2025_09,2025-09-17,46,68,1,10.0,10,10,1,11.001548410511475,11.001548410511475,0.26628206957273903,32303.41447879244,2516.081812610999,False,,,0,,,0,10.0,11.001548410511475,1,False,True
valid_2025_09,2025-09-17,47,68,1,5.0,5,5,6,11.09374803445398,11.09374803445398,0.17408244563023345,32326.06577507405,2493.4305163293902,False,,,0,,,0,5.0,11.09374803445398,1,False,True
valid_2025_09,2025-09-17,47,69,1,9.0,9,9,2,11.012815102962392,11.012815102962392,0.255015377121822,28982.963501961025,5836.532789442415,False,,,0,,,0,9.0,11.012815102962392,1,False,True
valid_2025_09,2025-09-17,48,68,1,4.0,4,4,7,11.117354972295914,11.117354972295914,0.15047550778830043,32343.90367089581,2475.5926205076285,False,,,0,,,0,4.0,11.117354972295914,1,False,True
valid_2025_09,2025-09-17,48,69,1,7.0,7,7,4,11.036422040804323,11.036422040804323,0.23140843927989074,29000.80139778279,5818.69489362065,False,,,0,,,0,7.0,11.036422040804323,1,False,True
valid_2025_09,2025-09-17,49,68,1,1.0,1,1,10,11.267830480084214,11.267830480084214,0.0,32418.999717065388,2400.4965743380526,False,,,0,,,0,1.0,11.267830480084214,1,False,True
valid_2025_09,2025-09-17,49,69,2,3.0,2,4,16,11.655534167216274,12.124170785839922,0.05619995096027708,29075.897443952363,5743.598847451078,False,4.0,12.124170785839922,1,,,0,2.0,11.186897548592626,1,False,True
valid_2025_09,2025-09-17,50,68,3,6.0,3,9,15,11.388232314720653,11.994927521522968,0.10340197270495348,32641.695045676697,2177.801245726743,False,9.0,11.994927521522968,1,6.0,11.005177484718274,1,3.0,11.16459193792072,1,True,True
valid_2025_09,2025-09-17,50,69,2,4.0,2,6,14,11.612745406997178,12.141831807565223,0.09898871117937436,29298.59277256368,5520.903518839765,False,2.0,12.141831807565223,1,,,0,6.0,11.08365900642913,1,False,True
valid_2025_09,2025-09-17,51,68,3,7.333333333333333,6,8,11,11.343182433303786,12.00873347022663,0.14845185412182182,32799.846905332786,2019.649386070654,False,6.0,12.00873347022663,1,8.0,11.003119343927736,1,8.0,11.01769448575699,1,True,True
valid_2025_09,2025-09-17,51,69,1,1.0,1,1,10,12.155637756268888,12.155637756268888,0.0,29456.74463221976,5362.751659183683,False,1.0,12.155637756268888,1,,,0,,,0,False,False
valid_2025_09,2025-09-17,51,70,1,7.0,7,7,4,11.998982294047252,11.998982294047252,0.15665546222163584,25658.19859847821,9161.297692925227,False,7.0,11.998982294047252,1,,,0,,,0,False,False
valid_2025_09,2025-09-17,52,68,2,6.5,3,10,9,11.504880882789266,11.988047640843092,0.09865530830703761,33398.903702020885,1420.5925893825552,False,10.0,11.988047640843092,1,3.0,11.02171412473544,1,,,0,False,True
valid_2025_09,2025-09-17,52,69,2,6.0,3,9,10,11.559929706977691,12.13495192688535,0.04360648411861323,30055.801428907864,4763.694862495577,False,3.0,12.13495192688535,1,9.0,10.984907487070032,1,,,0,False,True
valid_2025_09,2025-09-17,53,68,1,1.0,1,1,10,11.05143462592372,11.05143462592372,0.0,34374.321966785785,445.17432461765566,False,,,0,1.0,11.05143462592372,1,,,0,False,True
valid_2025_09,2025-09-17,53,69,2,4.5,4,5,13,11.55185680435028,12.089085620442248,0.05167938674602457,31031.219693672763,3788.276597730677,False,5.0,12.089085620442248,1,4.0,11.014627988258312,1,,,0,False,True
valid_2025_09,2025-09-17,54,68,1,5.0,5,5,6,11.01338031473624,11.01338031473624,0.03805431118748004,34600.023682333354,219.47260907008604,False,,,0,5.0,11.01338031473624,1,,,0,False,True
valid_2025_09,2025-09-17,54,69,2,9.0,8,10,4,11.485826572697647,11.995079468324462,0.11770961839865723,31256.92140922033,3562.574882183111,False,8.0,11.995079468324462,1,10.0,10.976573677070832,1,,,0,False,True
valid_2025_09,2025-09-17,55,68,1,2.0,2,2,9,11.040508966739496,11.040508966739496,0.010925659184223946,34695.464537452484,124.03175395095604,False,,,0,2.0,11.040508966739496,1,,,0,False,True
valid_2025_09,2025-09-17,55,69,1,7.0,7,7,4,11.003702329074088,11.003702329074088,0.04773229684963276,31352.362264339463,3467.1340270639776,False,,,0,7.0,11.003702329074088,1,,,0,False,True
valid_2025_09,2025-09-18,45,67,2,7.0,5,9,8,8.939431528707605,9.22553467733757,0.17098849191201282,25409.53699455082,6739.091505409502,False,9.0,9.22553467733757,1,,,0,5.0,8.653328380077639,1,False,True
valid_2025_09,2025-09-18,45,68,3,8.0,4,10,9,8.825035536902263,9.32364036493012,0.16039067376400654,25240.924817173684,6907.70368278664,False,4.0,9.32364036493012,1,10.0,8.51971553388983,1,10.0,8.631750711886838,1,True,True
valid_2025_09,2025-09-18,45,69,3,7.666666666666667,6,9,10,8.819910706467203,9.273159000468986,0.16551550419906627,25072.312639796542,7076.315860163781,False,6.0,9.273159000468986,1,8.0,8.54770488467711,1,9.0,8.638868234255511,1,True,True
valid_2025_09,2025-09-18,46,67,3,2.6666666666666665,1,4,25,8.919029866242248,9.37008789002948,0.06639634442402158,27283.359116723157,4865.26938323717,False,3.0,9.37008789002948,1,4.0,8.634355245080059,1,1.0,8.752646463617204,1,True,True
valid_2025_09,2025-09-18,46,68,3,2.0,1,3,27,8.968903871006908,9.468193577622031,0.01652233965936034,27114.74693934602,5033.881560614303,False,1.0,9.468193577622031,1,2.0,8.707449239972291,1,3.0,8.731068795426403,1,True,True
valid_2025_09,2025-09-18,46,69,3,1.6666666666666667,1,2,28,8.963779040571849,9.417712213160897,0.02164717009442067,26946.13476196888,5202.4937379914445,False,2.0,9.417712213160897,1,1.0,8.735438590759571,1,2.0,8.738186317795076,1,True,True
valid_2025_09,2025-09-18,46,70,3,6.0,3,8,15,8.840178260548585,9.226551095242144,0.14524795011768296,26764.797137242524,5383.8313627178,False,8.0,9.226551095242144,1,3.0,8.647846886215547,1,7.0,8.646136800188067,1,True,True
valid_2025_09,2025-09-18,46,71,1,6.0,6,6,5,8.595870877146297,8.595870877146297,0.1395677136132747,26583.45951251617,5565.168987444151,False,,,0,6.0,8.595870877146297,1,,,0,False,True
valid_2025_09,2025-09-18,47,67,2,7.0,4,10,8,8.943626319095458,9.223871679884525,0.16679370152415984,28501.820700410768,3646.807799549555,False,10.0,9.223871679884525,1,,,0,4.0,8.66338095830639,1,False,True
valid_2025_09,2025-09-18,47,68,3,6.666666666666667,5,8,13,8.84829745139281,9.321977367477077,0.13712875927345833,28333.208523033634,3815.419976926689,False,5.0,9.321977367477077,1,7.0,8.581111696585765,1,8.0,8.64180329011559,1,True,True
valid_2025_09,2025-09-18,47,69,3,6.0,5,7,15,8.84317262095775,9.27149600301594,0.14225358970851923,28164.596345656493,3984.03215430383,False,7.0,9.27149600301594,1,5.0,8.609101047373045,1,6.0,8.648920812484263,1,True,True
valid_2025_09,2025-09-18,47,70,1,9.0,9,9,2,8.52150934282902,8.52150934282902,0.21392924793055101,27983.25872093014,4165.369779030185,False,,,0,9.0,8.52150934282902,1,,,0,False,True
valid_2025_09,2025-09-19,46,69,1,7.0,7,7,4,11.04613743533752,11.04613743533752,0.14959178470584789,4298.131189862648,9327.876980088377,False,7.0,11.04613743533752,1,,,0,,,0,False,False
valid_2025_09,2025-09-19,46,70,1,1.0,1,1,10,11.195729220043368,11.195729220043368,0.0,4234.503953116559,9391.504216834466,False,1.0,11.195729220043368,1,,,0,,,0,False,False
valid_2025_09,2025-09-19,46,71,3,2.6666666666666665,1,4,25,11.301382514614678,11.455582644858175,0.07384262402957849,5484.779155177218,8141.229014773807,False,3.0,11.147333630700494,1,1.0,11.455582644858175,1,4.0,11.301231268285363,1,True,True
valid_2025_09,2025-09-19,46,72,1,6.0,6,6,5,11.168897434324244,11.168897434324244,0.2866852105339319,4714.889590549532,8911.118579401493,False,,,0,6.0,11.168897434324244,1,,,0,False,True
valid_2025_09,2025-09-19,46,73,1,9.0,9,9,2,11.132676532860962,11.132676532860962,0.322906111997213,5659.754056228962,7966.254113722062,False,,,0,9.0,11.132676532860962,1,,,0,False,True
valid_2025_09,2025-09-19,47,69,1,9.0,9,9,2,11.03279196230821,11.03279196230821,0.16293725773515888,4298.131189862648,9327.876980088377,False,9.0,11.03279196230821,1,,,0,,,0,False,False
valid_2025_09,2025-09-19,47,70,2,4.5,2,7,13,11.158044694504067,11.182383747014056,0.17700169103323038,4234.503953116559,9391.504216834466,False,2.0,11.182383747014056,1,,,0,7.0,11.133705641994077,1,False,True
valid_2025_09,2025-09-19,47,71,3,3.0,2,5,24,11.34032969683104,11.45153508059088,0.0348954418132171,5484.779155177218,8141.229014773807,False,5.0,11.133988157671183,1,2.0,11.45153508059088,1,2.0,11.435465852231054,1,True,True
valid_2025_09,2025-09-19,47,72,2,8.0,7,9,6,11.113106602843622,11.164849870056948,0.3518664951010786,4714.889590549532,8911.118579401493,False,,,0,7.0,11.164849870056948,1,9.0,11.061363335630295,1,False,True
valid_2025_09,2025-09-19,47,73,1,10.0,10,10,1,11.128628968593668,11.128628968593668,0.3269536762645071,5659.754056228962,7966.254113722062,False,,,0,10.0,11.128628968593668,1,,,0,False,True
valid_2025_09,2025-09-19,48,70,2,5.0,4,6,12,11.154934885295994,11.172603340794248,0.18011150024130185,4234.503953116559,9391.504216834466,False,4.0,11.13726642979774,1,,,0,6.0,11.172603340794248,1,False,True
valid_2025_09,2025-09-19,48,71,3,3.3333333333333335,1,6,23,11.334764511876203,11.474363551031225,0.040460626768052066,5484.779155177218,8141.229014773807,False,6.0,11.088870840454868,1,3.0,11.44105914414252,1,1.0,11.474363551031225,1,True,True
valid_2025_09,2025-09-19,48,72,2,8.0,8,8,6,11.127317484019528,11.15437393360859,0.33765561392517096,4714.889590549532,8911.118579401493,False,,,0,8.0,11.15437393360859,1,8.0,11.100261034430469,1,False,True
valid_2025_09,2025-09-19,49,70,1,8.0,8,8,3,11.044478520977052,11.044478520977052,0.15125069906631694,4234.503953116559,9391.504216834466,False,8.0,11.044478520977052,1,,,0,,,0,False,False
valid_2025_09,2025-09-19,49,71,3,5.666666666666667,3,10,16,11.23171309185245,11.350245657095698,0.1435120467918066,5484.779155177218,8141.229014773807,False,10.0,10.996082931634175,1,4.0,11.350245657095698,1,3.0,11.348810686827475,1,True,True
valid_2025_09,2025-09-19,50,71,2,5.0,5,5,12,11.214433248175926,11.222683505355882,0.2505398497687743,5484.779155177218,8141.229014773807,False,,,0,5.0,11.222683505355882,1,5.0,11.20618299099597,1,False,True
valid_2025_09,2025-09-19,51,71,1,10.0,10,10,1,11.048141673281314,11.048141673281314,0.42622187774991005,6140.13969366194,7485.868476289084,False,,,0,,,0,10.0,11.048141673281314,1,False,True
valid_2025_09,2025-09-20,45,64,1,8.0,8,8,3,6.348681109263644,6.348681109263644,0.32323241035054906,13189.926177464346,1423.051782082828,False,,,0,8.0,6.348681109263644,1,,,0,False,True
valid_2025_09,2025-09-20,46,64,3,5.0,1,8,18,6.4611587350673645,6.671913519614193,0.07370542816383807,13189.926177464346,1423.051782082828,False,6.0,6.5681130706585975,1,1.0,6.671913519614193,1,8.0,6.143449614929303,1,True,True
valid_2025_09,2025-09-20,46,65,3,4.666666666666667,3,7,19,6.422414280687096,6.604695743233123,0.11244988254410752,13972.541189441246,640.4367701059273,False,3.0,6.604695743233123,1,4.0,6.509158613051042,1,7.0,6.153388485777121,1,True,True
valid_2025_09,2025-09-20,46,66,1,8.0,8,8,3,6.5478825726756185,6.5478825726756185,0.11082978679854705,14214.324689076386,398.6532704707879,False,8.0,6.5478825726756185,1,,,0,,,0,False,False
valid_2025_09,2025-09-20,47,64,3,2.0,2,2,27,6.518063205038824,6.668032188459399,0.016800958192379294,13189.926177464346,1423.051782082828,False,2.0,6.62212968689964,1,2.0,6.668032188459399,1,2.0,6.264027739757431,1,True,True
valid_2025_09,2025-09-20,47,65,3,2.3333333333333335,1,5,26,6.479318750658554,6.6587123594741655,0.055545412572648445,13972.541189441246,640.4367701059273,False,1.0,6.6587123594741655,1,5.0,6.505277281896248,1,1.0,6.27396661060525,1,True,True
valid_2025_09,2025-09-20,47,66,1,4.0,4,4,7,6.601899188916661,6.601899188916661,0.05681317055750412,14214.324689076386,398.6532704707879,False,4.0,6.601899188916661,1,,,0,,,0,False,False
valid_2025_09,2025-09-20,48,64,3,4.666666666666667,3,7,19,6.422965265804424,6.551386873645917,0.11189889742677887,13179.453134295938,1433.5248252512356,False,7.0,6.551386873645917,1,3.0,6.52851854296933,1,4.0,6.188990380798025,1,True,True
valid_2025_09,2025-09-20,48,65,3,5.0,3,7,18,6.3842208114241545,6.587969546220442,0.15064335180704802,13962.06814627284,650.9098132743347,False,5.0,6.587969546220442,1,7.0,6.365763636406179,1,3.0,6.198929251645843,1,True,True
valid_2025_09,2025-09-20,48,66,1,9.0,9,9,2,6.531156375662938,6.531156375662938,0.12755598381122724,14203.85164590798,409.1263136391936,False,9.0,6.531156375662938,1,,,0,,,0,False,False
valid_2025_09,2025-09-20,49,64,2,6.0,6,6,10,6.291486676884855,6.412011862841325,0.18145338822486679,12689.800189830896,1923.177769716278,False,,,0,6.0,6.412011862841325,1,6.0,6.170961490928384,1,False,True
valid_2025_09,2025-09-20,49,65,3,8.333333333333334,5,10,8,6.313062859194507,6.509031259529145,0.2218013040366955,13472.415201807797,1140.562757739377,False,10.0,6.509031259529145,1,10.0,6.249256956278174,1,5.0,6.180900361776203,1,True,True
valid_2025_09,2025-09-20,50,64,2,9.5,9,10,3,6.213061618263559,6.300103431771269,0.25987844684616235,12552.161751301755,2060.8162082454182,False,,,0,9.0,6.300103431771269,1,10.0,6.126019804755849,1,False,True
valid_2025_09,2025-09-20,50,65,1,9.0,9,9,2,6.135958675603668,6.135958675603668,0.13800793500158193,13334.776763278656,1278.2011962685174,False,,,0,,,0,9.0,6.135958675603668,1,False,True
valid_2025_09,2025-09-21,53,68,1,10.0,10,10,1,4.54926564945859,4.54926564945859,0.12187636146941827,715.5232721899871,3098.3982833112445,False,10.0,4.54926564945859,1,,,0,,,0,False,False
valid_2025_09,2025-09-21,54,65,1,10.0,10,10,1,4.621746246999855,4.621746246999855,0.13113001294416904,996.8479181009826,2817.073637400249,False,,,0,10.0,4.621746246999855,1,,,0,False,True
valid_2025_09,2025-09-21,54,66,2,8.0,7,9,6,4.600770774213782,4.645504556680486,0.11123836122223452,869.593444608804,2944.3281108924275,False,9.0,4.556036991747078,1,7.0,4.645504556680486,1,,,0,False,True
valid_2025_09,2025-09-21,54,67,1,6.0,6,6,5,4.626823113610449,4.626823113610449,0.04431889731755945,767.9648407161128,3045.9567147851185,False,6.0,4.626823113610449,1,,,0,,,0,False,False
valid_2025_09,2025-09-21,54,68,1,4.0,4,4,7,4.646528329369012,4.646528329369012,0.024613681558996348,672.5239855969792,3141.397569904252,False,4.0,4.646528329369012,1,,,0,,,0,False,False
valid_2025_09,2025-09-21,55,64,1,5.0,5,5,6,4.687228853674021,4.687228853674021,0.06564740627000276,965.0342997279396,2848.887255773292,False,,,0,5.0,4.687228853674021,1,,,0,False,True
valid_2025_09,2025-09-21,55,65,2,6.5,3,10,9,4.741344616510574,4.753571282757754,0.16968489183020097,933.2206813548938,2880.700874146338,False,,,0,3.0,4.729117950263394,1,10.0,4.753571282757754,1,False,True
valid_2025_09,2025-09-21,55,66,3,3.6666666666666665,1,7,22,4.758570064161738,4.942183259235115,0.07249694504144817,805.9662078627152,3007.9553476385163,False,7.0,4.580650673306074,1,1.0,4.752876259944024,1,3.0,4.942183259235115,1,True,True
valid_2025_09,2025-09-21,55,67,3,5.0,2,8,18,4.730098483798213,4.89923535826469,0.10096852540497281,704.337603970024,3109.5839515312077,False,2.0,4.651436795169445,1,8.0,4.6396232979605045,1,5.0,4.89923535826469,1,True,True
valid_2025_09,2025-09-21,55,68,2,4.5,1,8,13,4.7271506649769,4.783159319025792,0.14301171885586683,608.8967488508903,3205.0248066503414,False,1.0,4.671142010928008,1,,,0,8.0,4.783159319025792,1,False,True
valid_2025_09,2025-09-21,56,64,1,6.0,6,6,5,4.685217596818397,4.685217596818397,0.06765866312562707,928.9258428745331,2884.995712626698,False,,,0,6.0,4.685217596818397,1,,,0,False,True
valid_2025_09,2025-09-21,56,65,2,5.0,4,6,12,4.803838736833967,4.8805707802601646,0.10719077150680789,897.1122245014875,2916.809330999744,False,,,0,4.0,4.7271066934077695,1,6.0,4.8805707802601646,1,False,True
valid_2025_09,2025-09-21,56,66,3,3.6666666666666665,1,8,22,4.792847952746108,5.069182756737526,0.0382190564570782,769.857751009309,3044.0638044919224,False,8.0,4.558496098412398,1,2.0,4.7508650030884,1,1.0,5.069182756737526,1,True,True
valid_2025_09,2025-09-21,56,67,3,5.333333333333333,2,9,17,4.764376372382583,5.0262348557671,0.06669063682060283,668.2291471166177,3145.692408384614,False,5.0,4.629282220275769,1,9.0,4.63761204110488,1,2.0,5.0262348557671,1,True,True
valid_2025_09,2025-09-21,56,68,2,3.5,3,4,15,4.779573126281267,4.910158816528202,0.09058925755149971,572.7882919974841,3241.1332635037475,False,3.0,4.648987436034332,1,,,0,4.0,4.910158816528202,1,False,True
valid_2025_09,2025-09-21,57,66,1,7.0,7,7,4,4.807983951441884,4.807983951441884,0.261198805295642,706.2305142632201,3107.691041238011,False,,,0,,,0,7.0,4.807983951441884,1,False,True
valid_2025_09,2025-09-21,57,67,1,9.0,9,9,2,4.765036050471458,4.765036050471458,0.3041467062660672,604.6019103705289,3209.3196451307026,False,,,0,,,0,9.0,4.765036050471458,1,False,True
valid_2025_09,2025-09-22,44,68,2,6.0,5,7,10,7.432656446546533,7.578393564122084,0.10368060636905874,340.9370040184081,2579.64860348222,False,,,0,5.0,7.578393564122084,1,7.0,7.286919328970981,1,False,True
valid_2025_09,2025-09-22,44,69,1,8.0,8,8,3,8.363106323134502,8.363106323134502,0.07838468938540188,318.1361837304468,2602.449423770181,False,8.0,8.363106323134502,1,,,0,,,0,False,False
valid_2025_09,2025-09-22,44,70,1,10.0,10,10,1,8.327133875691668,8.327133875691668,0.1143571368282359,254.508946984358,2666.07666051627,False,10.0,8.327133875691668,1,,,0,,,0,False,False
valid_2025_09,2025-09-22,45,67,2,7.0,6,8,8,7.414450158822813,7.535601969096625,0.12188689409277842,309.1233856453632,2611.4622218552645,False,,,0,8.0,7.535601969096625,1,6.0,7.293298348549001,1,False,True
valid_2025_09,2025-09-22,45,68,2,3.5,3,4,15,7.481241789679606,7.615632926438774,0.05509526323598557,245.49614889927352,2675.089458601354,False,,,0,3.0,7.615632926438774,1,4.0,7.346850652920438,1,False,True
valid_2025_09,2025-09-22,45,69,1,4.0,4,4,7,8.405276961180178,8.405276961180178,0.03621405133972644,222.69532861131225,2697.890278889316,False,4.0,8.405276961180178,1,,,0,,,0,False,False
valid_2025_09,2025-09-22,45,70,1,7.0,7,7,4,8.369304513737344,8.369304513737344,0.07218649878256045,159.0680918652234,2761.5175156354044,False,7.0,8.369304513737344,1,,,0,,,0,False,False
valid_2025_09,2025-09-22,46,67,2,5.0,3,7,12,7.467593612242776,7.571449051625095,0.06874344067281513,181.86891215318468,2738.716695347443,False,,,0,7.0,7.571449051625095,1,3.0,7.363738172860458,1,False,True
valid_2025_09,2025-09-22,46,68,2,1.5,1,2,19,7.534385243099569,7.651480008967244,0.0019518098160222763,118.24167540709496,2802.3439320935327,False,,,0,2.0,7.651480008967244,1,1.0,7.417290477231894,1,False,True
valid_2025_09,2025-09-22,46,69,3,6.666666666666667,1,10,13,7.741692442301432,8.441491012519904,0.09636259714892977,95.44085511913369,2825.144752381494,False,1.0,8.441491012519904,1,10.0,7.527140248853097,1,9.0,7.256446065531296,1,True,True
valid_2025_09,2025-09-22,46,70,1,3.0,3,3,8,8.40551856507707,8.40551856507707,0.03597244744283401,31.81361837304486,2888.771989127583,False,3.0,8.40551856507707,1,,,0,,,0,False,False
valid_2025_09,2025-09-22,47,67,2,5.5,5,6,11,7.458604994707606,7.575352671257139,0.07773205820798523,-9.012798085083595,2929.598405585711,False,,,0,6.0,7.575352671257139,1,5.0,7.341857318158073,1,False,True
valid_2025_09,2025-09-22,47,68,2,1.5,1,2,19,7.525396625564399,7.655383628599289,0.010940427351192383,-72.64003483117332,2993.225642331801,False,,,0,1.0,7.655383628599289,1,2.0,7.39540962252951,1,False,True
valid_2025_09,2025-09-22,47,69,3,7.0,2,10,12,7.7308078725659115,8.426814538383681,0.10724716688445095,-95.44085511913458,3016.0264626197622,False,2.0,8.426814538383681,1,9.0,7.531043868485142,1,10.0,7.234565210828912,1,True,True
valid_2025_09,2025-09-22,47,70,1,5.0,5,5,6,8.390842090940847,8.390842090940847,0.050648921579057316,-159.0680918652234,3079.653699365851,False,5.0,8.390842090940847,1,,,0,,,0,False,False
valid_2025_09,2025-09-22,48,68,2,6.0,4,8,10,7.42637979826009,7.579244229442029,0.10995725465550166,-136.26727157726214,3056.85287907789,False,,,0,4.0,7.579244229442029,1,8.0,7.273515367078151,1,False,True
valid_2025_09,2025-09-22,48,69,1,6.0,6,6,5,8.379478842827531,8.379478842827531,0.06201216969237322,-159.0680918652234,3079.653699365851,False,6.0,8.379478842827531,1,,,0,,,0,False,False
valid_2025_09,2025-09-22,48,70,1,9.0,9,9,2,8.343506395384697,8.343506395384697,0.09798461713520723,-222.69532861131225,3143.28093611194,False,9.0,8.343506395384697,1,,,0,,,0,False,False
valid_2025_09,2025-09-23,54,78,1,7.0,7,7,4,7.448121374363769,7.448121374363769,0.059374625376436896,2176.051496716259,3995.386434701092,False,7.0,7.448121374363769,1,,,0,,,0,False,False
valid_2025_09,2025-09-23,54,79,1,8.0,8,8,3,7.4314023666461235,7.4314023666461235,0.07609363309408224,2144.237878343215,4027.200053074136,False,8.0,7.4314023666461235,1,,,0,,,0,False,False
valid_2025_09,2025-09-23,55,77,1,9.0,9,9,2,7.536533688653151,7.536533688653151,0.10403154166820805,3044.1592453470425,3127.2786860703086,False,,,0,9.0,7.536533688653151,1,,,0,False,True
valid_2025_09,2025-09-23,55,78,2,5.5,3,8,11,7.506477734352712,7.541148907453827,0.06755288067807008,3107.786482093132,3063.65144932422,False,3.0,7.471806561251597,1,8.0,7.541148907453827,1,,,0,False,True
valid_2025_09,2025-09-23,55,79,1,5.0,5,5,6,7.455087553533952,7.455087553533952,0.052408446206253956,3075.9728637200874,3095.465067697264,False,5.0,7.455087553533952,1,,,0,,,0,False,False
valid_2025_09,2025-09-23,56,76,2,3.0,3,3,16,7.4388516637597775,7.607768906806608,0.025158813712556682,3807.686086300116,2363.751845117235,False,,,0,3.0,7.607768906806608,1,3.0,7.269934420712946,1,False,True
valid_2025_09,2025-09-23,56,77,3,5.333333333333333,2,9,17,7.43927110159657,7.635950011520682,0.03923454996505497,3966.75417816534,2204.6837532520112,False,9.0,7.418762657022023,1,2.0,7.635950011520682,1,5.0,7.263100636247003,1,True,True
valid_2025_09,2025-09-23,56,78,3,4.0,1,10,21,7.463665736794124,7.640565230321359,0.014839914767499351,4030.381414911428,2141.056516505923,False,1.0,7.507495999740206,1,1.0,7.640565230321359,1,10.0,7.24293598032081,1,True,True
valid_2025_09,2025-09-23,56,79,2,4.0,2,6,14,7.5224774238032355,7.5541778555839105,0.05155319122754687,3998.5677965383848,2172.8701348789664,False,2.0,7.49077699202256,1,6.0,7.5541778555839105,1,,,0,False,True
valid_2025_09,2025-09-23,57,76,2,5.5,4,7,11,7.408920554331947,7.552349690229494,0.055089923140386965,4634.84016399928,1536.5977674180713,False,,,0,7.0,7.552349690229494,1,4.0,7.265491418434399,1,False,True
valid_2025_09,2025-09-23,57,77,2,6.0,5,7,10,7.419594214456012,7.580530794943568,0.04441626301632162,4793.908255864503,1377.529675552848,False,,,0,5.0,7.580530794943568,1,7.0,7.258657633968456,1,False,True
valid_2025_09,2025-09-23,57,78,2,4.0,4,4,14,7.526799282788494,7.585146013744245,0.04723133224228793,4857.535492610592,1313.9024388067592,False,4.0,7.468452551832744,1,4.0,7.585146013744245,1,,,0,False,True
valid_2025_09,2025-09-23,57,79,1,6.0,6,6,5,7.451733544115099,7.451733544115099,0.055762455625107066,4825.721874237548,1345.716057179803,False,6.0,7.451733544115099,1,,,0,,,0,False,False
valid_2025_09,2025-09-23,58,76,1,1.0,1,1,10,7.2874557246233085,7.2874557246233085,0.0,4784.364170352589,1387.073761064762,False,,,0,,,0,1.0,7.2874557246233085,1,False,True
valid_2025_09,2025-09-23,58,77,1,2.0,2,2,9,7.280621940157365,7.280621940157365,0.006833784465943182,4943.432262217813,1228.0056691995378,False,,,0,,,0,2.0,7.280621940157365,1,False,True
valid_2025_09,2025-09-23,58,78,3,8.666666666666666,6,10,7,7.394390708885564,7.509037270386081,0.08411494267606005,5007.059498963901,1164.37843245345,False,10.0,7.413677572039441,1,10.0,7.509037270386081,1,6.0,7.260457284231171,1,True,True
valid_2025_09,2025-09-23,59,76,1,8.0,8,8,3,7.2585800294296625,7.2585800294296625,0.028875695193645967,5334.739768206263,836.6981632110883,False,,,0,,,0,8.0,7.2585800294296625,1,False,True
valid_2025_09,2025-09-23,59,77,1,9.0,9,9,2,7.251746244963719,7.251746244963719,0.03570947965958915,5493.807860071486,677.630071345865,False,,,0,,,0,9.0,7.251746244963719,1,False,True
valid_2025_09,2025-09-24,53,75,1,5.0,5,5,6,16.302052892921058,16.302052892921058,0.08464935000533913,14729.705306719708,1177.1038798026566,False,5.0,16.302052892921058,1,,,0,,,0,False,False
valid_2025_09,2025-09-24,53,76,1,4.0,4,4,7,16.321135904925963,16.321135904925963,0.06556633800043343,14093.432939258812,1813.3762472635497,False,4.0,16.321135904925963,1,,,0,,,0,False,False
valid_2025_09,2025-09-24,53,77,1,8.0,8,8,3,16.290742256475884,16.290742256475884,0.09595998645051296,13234.465243186603,2672.343943335758,False,8.0,16.290742256475884,1,,,0,,,0,False,False
valid_2025_09,2025-09-24,54,74,1,6.0,6,6,5,16.29346195795165,16.29346195795165,0.09324028497474757,15461.418529299735,445.3906572226279,False,6.0,16.29346195795165,1,,,0,,,0,False,False
valid_2025_09,2025-09-24,54,75,2,6.0,2,10,10,16.324703195448,16.36761923092149,0.10453072262850682,14666.078069973615,1240.7311165487465,False,2.0,16.36761923092149,1,10.0,16.281787159974506,1,,,0,False,True
valid_2025_09,2025-09-24,54,76,3,4.666666666666667,1,8,19,16.388848497573964,16.43707466373537,0.09030101656835161,14029.805702512724,1877.00348400964,False,1.0,16.386702242926397,1,5.0,16.34276858606013,1,8.0,16.43707466373537,1,True,True
valid_2025_09,2025-09-24,54,77,3,4.333333333333333,3,7,20,16.39738755794259,16.442987937032253,0.08176195619972997,13170.838006440516,2735.971180081848,False,3.0,16.356308594476317,1,3.0,16.392866142319193,1,7.0,16.442987937032253,1,True,True
valid_2025_09,2025-09-24,55,74,2,9.0,9,9,4,16.34597576672966,16.403271160458896,0.1793973830206177,15397.791292553646,509.0178939687176,False,,,0,9.0,16.288680373000425,1,9.0,16.403271160458896,1,False,True
valid_2025_09,2025-09-24,55,75,3,5.333333333333333,3,9,17,16.38285056923736,16.515745655690278,0.09629894490496109,14602.450833227527,1304.358353294836,False,9.0,16.272119441139864,1,4.0,16.360686610881928,1,3.0,16.515745655690278,1,True,True
valid_2025_09,2025-09-24,55,76,3,3.6666666666666665,2,7,22,16.428645974363125,16.57306743297706,0.0505035397791905,13966.178465766634,1940.6307207557293,False,7.0,16.29120245314477,1,2.0,16.421668036967553,1,2.0,16.57306743297706,1,True,True
valid_2025_09,2025-09-24,55,77,3,4.0,1,10,21,16.43718503473175,16.578980706273942,0.041964479410568835,13107.210769694426,2799.5984168279374,False,10.0,16.26080880469469,1,1.0,16.471765593226614,1,1.0,16.578980706273942,1,True,True
valid_2025_09,2025-09-24,55,78,2,6.0,6,6,10,16.395562947694955,16.449475457418355,0.1298102020553209,12280.056691995263,3626.752494527098,False,,,0,6.0,16.34165043797156,1,6.0,16.449475457418355,1,False,True
valid_2025_09,2025-09-24,56,75,1,10.0,10,10,1,16.392296837043126,16.392296837043126,0.1866838692308157,14475.19635973535,1431.6128267870135,False,,,0,,,0,10.0,16.392296837043126,1,False,True
valid_2025_09,2025-09-24,56,76,2,6.5,5,8,9,16.369847698786202,16.449618614329907,0.155525450964074,13838.923992274456,2067.885194247907,False,,,0,8.0,16.2900767832425,1,5.0,16.449618614329907,1,False,True
valid_2025_09,2025-09-24,56,77,2,5.5,4,7,11,16.397853113564175,16.45553188762679,0.12752003618610175,12979.956296202246,2926.852890320117,False,,,0,7.0,16.340174339501562,1,4.0,16.45553188762679,1,False,True
valid_2025_09,2025-09-25,11,64,1,7.0,7,7,4,6.823746968464379,6.823746968464379,0.09796088190817898,11804.37628871966,2254.662947716024,False,,,0,,,0,7.0,6.823746968464379,1,False,True
valid_2025_09,2025-09-25,12,64,2,9.0,8,10,4,7.011109562574069,7.199697447755167,0.13612888760056396,11831.004287297896,2228.0349491377856,False,,,0,10.0,7.199697447755167,1,8.0,6.822521677392972,1,False,True
valid_2025_09,2025-09-25,13,64,2,8.0,7,9,6,7.02863935123656,7.235520749483941,0.11859909893807341,11863.721412432738,2195.3178240029447,False,,,0,7.0,7.235520749483941,1,9.0,6.821757952989179,1,False,True
valid_2025_09,2025-09-25,14,64,2,8.0,6,10,6,7.038448444114386,7.2640074904645076,0.10879000606024736,11889.719501367192,2169.319735068492,False,,,0,6.0,7.2640074904645076,1,10.0,6.812889397764264,1,False,True
valid_2025_09,2025-09-25,14,66,1,10.0,10,10,1,6.418519830172897,6.418519830172897,0.13890662757222927,11285.260752279344,2773.778484156339,False,10.0,6.418519830172897,1,,,0,,,0,False,False
valid_2025_09,2025-09-25,15,64,3,4.0,2,8,21,6.90543463469248,7.348998806732643,0.04519981800565039,11892.531825231366,2166.5074112043167,False,8.0,6.445858125821891,1,2.0,7.348998806732643,1,2.0,6.921446971522908,1,True,True
valid_2025_09,2025-09-25,15,65,3,6.333333333333333,5,9,14,6.847445580822639,7.2041416638063165,0.10318887187549208,11606.209259873964,2452.8299765617194,False,5.0,6.500579630902271,1,9.0,7.2041416638063165,1,5.0,6.83761544775933,1,True,True
valid_2025_09,2025-09-25,15,66,1,3.0,3,3,8,6.502277409727233,6.502277409727233,0.055149048017893776,11288.07307614352,2770.966160292164,False,3.0,6.502277409727233,1,,,0,,,0,False,False
valid_2025_09,2025-09-25,16,64,3,2.0,1,4,27,6.9318280247296835,7.372769049976709,0.0188064279684473,11764.816054272778,2294.223182162905,False,4.0,6.501007173839785,1,1.0,7.372769049976709,1,1.0,6.921707850372558,1,True,True
valid_2025_09,2025-09-25,16,65,3,4.666666666666667,2,8,19,6.873838970859842,7.227911907050382,0.0767954818382887,11478.493488915376,2580.5457475203075,False,2.0,6.555728678920165,1,8.0,7.227911907050382,1,4.0,6.83787632660898,1,True,True
valid_2025_09,2025-09-25,16,66,1,1.0,1,1,10,6.557426457745127,6.557426457745127,0.0,11160.35730518493,2898.6819312507523,False,1.0,6.557426457745127,1,,,0,,,0,False,False
valid_2025_09,2025-09-25,16,67,1,9.0,9,9,2,6.44193408126063,6.44193408126063,0.11549237648449662,11118.999601299973,2940.0396351357103,False,9.0,6.44193408126063,1,,,0,,,0,False,False
valid_2025_09,2025-09-25,17,65,1,7.0,7,7,4,6.466213980444877,6.466213980444877,0.09121247730024962,11485.078907918598,2573.960328517085,False,7.0,6.466213980444877,1,,,0,,,0,False,False
valid_2025_09,2025-09-25,17,66,1,6.0,6,6,5,6.467911759269839,6.467911759269839,0.0895146984752877,11166.942724188151,2892.09651224753,False,6.0,6.467911759269839,1,,,0,,,0,False,False
valid_2025_09,2025-09-25,46,64,1,5.0,5,5,6,7.292771362977284,7.292771362977284,0.079997686999425,5140.088144190788,8918.951092244895,False,,,0,5.0,7.292771362977284,1,,,0,False,True
valid_2025_09,2025-09-25,47,64,2,5.0,4,6,12,7.0719293521284,7.311778426800764,0.0753090980462332,4007.523330110395,10051.515906325289,False,,,0,4.0,7.311778426800764,1,6.0,6.832080277456036,1,False,True
valid_2025_09,2025-09-25,48,64,2,3.0,3,3,16,7.090463201212966,7.323962385797827,0.0567752489616673,4007.523330110395,10051.515906325289,False,,,0,3.0,7.323962385797827,1,3.0,6.856964016628105,1,False,True
valid_2025_09,2025-09-26,50,66,1,6.0,6,6,5,8.391537222194238,8.391537222194238,0.08442928321870369,5809.166714917968,15971.464003141891,False,6.0,8.391537222194238,1,,,0,,,0,False,False
valid_2025_09,2025-09-26,50,67,1,4.0,4,4,7,8.415647379489961,8.415647379489961,0.06031912592298028,4899.297229448887,16881.333488610973,False,4.0,8.415647379489961,1,,,0,,,0,False,False
valid_2025_09,2025-09-26,51,65,1,9.0,9,9,2,8.353321251762438,8.353321251762438,0.1226452536505036,5279.985349624415,16500.645368435446,False,9.0,8.353321251762438,1,,,0,,,0,False,False
valid_2025_09,2025-09-26,51,66,1,2.0,2,2,9,8.451856348117218,8.451856348117218,0.02411015729572341,5790.749811241813,15989.880906818044,False,2.0,8.451856348117218,1,,,0,,,0,False,False
valid_2025_09,2025-09-26,51,67,3,6.333333333333333,1,10,14,8.322113557074514,8.475966505412941,0.09103382418852135,4880.880325772732,16899.750392287126,False,1.0,8.475966505412941,1,10.0,8.250001697207452,1,8.0,8.240372468603148,1,True,True
valid_2025_09,2025-09-26,51,68,1,8.0,8,8,3,8.365861374933253,8.365861374933253,0.11010513047968828,4880.880325772732,16899.750392287126,False,8.0,8.365861374933253,1,,,0,,,0,False,False
valid_2025_09,2025-09-26,52,66,3,6.333333333333333,5,8,14,8.32615014565095,8.408094031899537,0.0869972356120859,5790.749811241813,15989.880906818044,False,5.0,8.408094031899537,1,8.0,8.289629794566068,1,6.0,8.280726610487243,1,True,True
valid_2025_09,2025-09-26,52,67,3,4.0,3,5,21,8.351602031952519,8.43220418919526,0.06154534931051595,4880.880325772732,16899.750392287126,False,3.0,8.43220418919526,1,4.0,8.331555754139018,1,5.0,8.291046152523279,1,True,True
valid_2025_09,2025-09-26,53,66,3,6.333333333333333,4,10,14,8.333386749102736,8.349163422306134,0.0797606321602989,5835.960144311746,15944.670573748112,False,10.0,8.349163422306134,1,5.0,8.326345610265939,1,4.0,8.324651214736136,1,True,True
valid_2025_09,2025-09-26,53,67,3,4.333333333333333,3,7,20,8.358838635404306,8.373273579601857,0.05430874585872895,4926.090658842666,16854.540059217194,False,7.0,8.373273579601857,1,3.0,8.368271569838889,1,3.0,8.334970756772172,1,True,True
valid_2025_09,2025-09-26,54,65,2,7.5,6,9,7,8.26608021296332,8.293497972941346,0.11565760622476162,5357.009301067393,16423.621416992468,False,,,0,6.0,8.293497972941346,1,9.0,8.238662452985295,1,False,True
valid_2025_09,2025-09-26,54,66,2,2.0,2,2,18,8.355615068383589,8.372075509150925,0.026122750804493222,5867.773762684791,15912.856955375068,False,,,0,2.0,8.372075509150925,1,2.0,8.339154627616253,1,False,True
valid_2025_09,2025-09-26,54,67,2,1.0,1,1,20,8.381737819188082,8.414001468723875,0.0,4957.904277215711,16822.726440844148,False,,,0,1.0,8.414001468723875,1,1.0,8.34947416965229,1,False,True
valid_2025_09,2025-09-26,54,68,1,7.0,7,7,4,8.292986009278053,8.292986009278053,0.1210154594458217,4957.904277215711,16822.726440844148,False,,,0,7.0,8.292986009278053,1,,,0,False,True
valid_2025_09,2025-09-26,55,66,1,10.0,10,10,1,8.23014497135955,8.23014497135955,0.11932919829273914,5772.332907565657,16008.297810494205,False,,,0,,,0,10.0,8.23014497135955,1,False,True
valid_2025_09,2025-09-26,55,67,2,8.0,7,9,6,8.264214010450885,8.287963507506184,0.11752380873719659,4862.463422096576,16918.167295963285,False,,,0,9.0,8.287963507506184,1,7.0,8.240464513395587,1,False,True
valid_2025_09,2025-09-27,55,79,1,10.0,10,10,1,9.850074293323622,9.850074293323622,0.11722925081391367,2341.482312256094,222.69532861135485,False,10.0,9.850074293323622,1,,,0,,,0,False,False
valid_2025_09,2025-09-27,55,85,1,8.0,8,8,3,10.475920349910131,10.475920349910131,0.37918063556028514,2532.364022494363,31.81361837308577,False,,,0,,,0,8.0,10.475920349910131,1,False,True
valid_2025_09,2025-09-27,56,73,1,8.0,8,8,3,9.876960101667088,9.876960101667088,0.09034344247044857,1959.718891779556,604.458749087893,False,8.0,9.876960101667088,1,,,0,,,0,False,False
valid_2025_09,2025-09-27,56,74,1,6.0,6,6,5,9.910710499946155,9.910710499946155,0.05659304419138067,2023.346128525645,540.8315123418033,False,6.0,9.910710499946155,1,,,0,,,0,False,False
valid_2025_09,2025-09-27,56,75,1,4.0,4,4,7,9.927994997662664,9.927994997662664,0.039308546474872585,2118.78698364478,445.3906572226688,False,4.0,9.927994997662664,1,,,0,,,0,False,False
valid_2025_09,2025-09-27,56,76,1,5.0,5,5,6,9.926104845139996,9.926104845139996,0.04119869899754036,2214.2278387639144,349.94980210353424,False,5.0,9.926104845139996,1,,,0,,,0,False,False
valid_2025_09,2025-09-27,56,77,1,7.0,7,7,4,9.881377459383252,9.881377459383252,0.0859260847542842,2214.2278387639144,349.94980210353424,False,7.0,9.881377459383252,1,,,0,,,0,False,False
valid_2025_09,2025-09-27,56,78,1,3.0,3,3,8,9.93619616932756,9.93619616932756,0.031107374809975497,2277.855075510004,286.32256535744455,False,3.0,9.93619616932756,1,,,0,,,0,False,False
valid_2025_09,2025-09-27,56,79,2,4.5,1,8,13,10.038193862513243,10.10908418088895,0.09206407714067755,2341.482312256094,222.69532861135485,False,1.0,9.967303544137536,1,8.0,10.10908418088895,1,,,0,False,True
valid_2025_09,2025-09-27,56,80,2,3.5,2,5,15,10.100686281176944,10.240554292197764,0.02957165847697585,2405.1095490021835,159.06809186526516,False,2.0,9.960818270156125,1,5.0,10.240554292197764,1,,,0,False,True
valid_2025_09,2025-09-27,56,81,2,6.5,4,9,9,10.053927465210247,10.25167607839169,0.07633047444367325,2468.736785748273,95.44085511917548,False,9.0,9.856178852028805,1,4.0,10.25167607839169,1,,,0,False,True
valid_2025_09,2025-09-27,56,82,1,6.0,6,6,5,10.222449105286104,10.222449105286104,0.07076322988420003,2532.364022494363,31.81361837308577,False,,,0,6.0,10.222449105286104,1,,,0,False,True
valid_2025_09,2025-09-27,56,83,2,3.0,2,4,16,10.451075467044046,10.63266184704667,0.12308119327631584,2532.364022494363,31.81361837308577,False,,,0,2.0,10.26948908704142,1,4.0,10.63266184704667,1,False,True
valid_2025_09,2025-09-27,56,84,2,2.5,2,3,17,10.491954017681707,10.71946646538978,0.08220264263865307,2532.364022494363,31.81361837308577,False,,,0,3.0,10.264441569973634,1,2.0,10.71946646538978,1,False,True
valid_2025_09,2025-09-27,56,85,2,1.0,1,1,20,10.57415666032036,10.855100985470417,0.0,2532.364022494363,31.81361837308577,False,,,0,1.0,10.293212335170304,1,1.0,10.855100985470417,1,False,True
valid_2025_09,2025-09-27,56,86,2,6.0,5,7,10,10.33876745410629,10.566261610710988,0.23538920621407122,2532.364022494363,31.81361837308577,False,,,0,7.0,10.11127329750159,1,5.0,10.566261610710988,1,False,True
valid_2025_09,2025-09-27,57,83,2,9.5,9,10,3,10.24763418639488,10.452072412781014,0.3265224739254817,2500.5504041213176,63.62723674613108,False,,,0,10.0,10.043195960008743,1,9.0,10.452072412781014,1,False,True
valid_2025_09,2025-09-27,57,84,1,7.0,7,7,4,10.538877031124125,10.538877031124125,0.3162239543462917,2500.5504041213176,63.62723674613108,False,,,0,,,0,7.0,10.538877031124125,1,False,True
valid_2025_09,2025-09-27,57,85,2,6.0,3,9,10,10.370715379671195,10.67451155120476,0.2034412806491659,2500.5504041213176,63.62723674613108,False,,,0,9.0,10.066919208137628,1,3.0,10.67451155120476,1,False,True
valid_2025_09,2025-09-27,58,84,1,10.0,10,10,1,10.41133323321823,10.41133323321823,0.443767752252187,2468.736785748273,95.44085511917548,False,,,0,,,0,10.0,10.41133323321823,1,False,True
valid_2025_09,2025-09-27,58,85,1,6.0,6,6,5,10.546967753298864,10.546967753298864,0.30813323217155286,2468.736785748273,95.44085511917548,False,,,0,,,0,6.0,10.546967753298864,1,False,True
valid_2025_09,2025-09-28,46,67,1,9.0,9,9,2,12.82839849386994,12.82839849386994,0.22377974176801096,16925.796201649147,499.9541940942327,False,,,0,9.0,12.82839849386994,1,,,0,False,True
valid_2025_09,2025-09-28,47,65,1,7.0,7,7,4,12.895001789937156,12.895001789937156,0.15717644570079514,15213.854495206217,2211.8959005371653,False,,,0,7.0,12.895001789937156,1,,,0,False,True
valid_2025_09,2025-09-28,47,66,2,6.0,5,7,10,12.914302631410415,12.954246435422732,0.14342324483267088,16132.886302766728,1292.8640929766516,False,,,0,5.0,12.954246435422732,1,7.0,12.874358827398098,1,False,True
valid_2025_09,2025-09-28,47,67,3,3.3333333333333335,2,5,23,12.839215207216357,12.996254233487193,0.06590429665323327,16928.226762092847,497.5236336505332,False,5.0,12.534385289689446,1,3.0,12.987006098472436,1,2.0,12.996254233487193,1,True,True
valid_2025_09,2025-09-28,47,68,2,6.0,6,6,10,12.696599965517482,12.8836216153382,0.13499017246792988,16909.138591069022,516.6118046743577,False,6.0,12.509578315696764,1,,,0,6.0,12.8836216153382,1,False,True
valid_2025_09,2025-09-28,47,69,1,9.0,9,9,2,12.431914500776609,12.431914500776609,0.16799225834599518,16660.99236775927,764.7580279841095,False,9.0,12.431914500776609,1,,,0,,,0,False,False
valid_2025_09,2025-09-28,48,65,2,7.0,4,10,8,12.88541812246586,12.960173927102671,0.1723077537772264,15332.878785625287,2092.8716101180926,False,,,0,4.0,12.960173927102671,1,10.0,12.810662317829047,1,False,True
valid_2025_09,2025-09-28,48,66,2,3.5,2,5,15,12.980398341673688,13.01941857258825,0.077327534569398,16251.9105931858,1173.8398025575789,False,,,0,2.0,13.01941857258825,1,5.0,12.941378110759125,1,False,True
valid_2025_09,2025-09-28,48,67,3,1.0,1,1,30,12.905119503869592,13.06327351684822,0.0,17047.25105251192,378.4993432314586,False,1.0,12.599906759122604,1,1.0,13.052178235637951,1,1.0,13.06327351684822,1,True,True
valid_2025_09,2025-09-28,48,68,2,3.0,2,4,16,12.762870341914574,12.950640898699229,0.06871979607083656,17028.162881488093,397.5875142552868,False,2.0,12.575099785129922,1,,,0,4.0,12.950640898699229,1,False,True
valid_2025_09,2025-09-28,48,69,1,7.0,7,7,4,12.497435970209764,12.497435970209764,0.10247078891283934,16780.016658178345,645.733737565035,False,7.0,12.497435970209764,1,,,0,,,0,False,False
valid_2025_09,2025-09-28,49,65,1,10.0,10,10,1,12.805913567188584,12.805913567188584,0.246264668449367,15428.685497355713,1997.064898387669,False,,,0,10.0,12.805913567188584,1,,,0,False,True
valid_2025_09,2025-09-28,49,66,2,8.5,8,9,5,12.860690388831742,12.86515821267416,0.1970354874113438,16347.717304916228,1078.0330908271535,False,,,0,8.0,12.86515821267416,1,9.0,12.856222564989324,1,False,True
valid_2025_09,2025-09-28,49,67,3,4.0,3,6,21,12.81226221193288,12.97811797107842,0.09285729193671284,17143.057764242345,282.69263150103507,False,3.0,12.560750788996351,1,6.0,12.897917875723865,1,3.0,12.97811797107842,1,True,True
valid_2025_09,2025-09-28,49,68,2,6.0,4,8,10,12.700714583966548,12.865485352929426,0.1308755540188642,17123.969593218517,301.78080252486325,False,4.0,12.53594381500367,1,,,0,8.0,12.865485352929426,1,False,True
valid_2025_09,2025-09-28,49,69,1,8.0,8,8,3,12.458280000083512,12.458280000083512,0.1416267590390916,16875.82336990877,549.9270258346114,False,8.0,12.458280000083512,1,,,0,,,0,False,False
valid_2025_09,2025-09-28,50,67,1,10.0,10,10,1,12.412604693633227,12.412604693633227,0.18730206548937645,17200.182297392985,225.5680983503953,False,10.0,12.412604693633227,1,,,0,,,0,False,False
valid_2025_10,2025-10-01,0,21,2,8.5,8,9,5,5.2495579463778,5.548874677397917,0.3126098907374959,10841.378060567602,112.05074527170108,False,,,0,8.0,4.950241215357683,1,9.0,5.548874677397917,1,False,True
valid_2025_10,2025-10-01,0,22,3,3.0,2,4,24,5.350818916194009,5.906612355703627,0.03274549930348384,8805.85367892875,2147.575126910553,False,4.0,4.998895992043916,1,3.0,5.146948400834483,1,2.0,5.906612355703627,1,True,True
valid_2025_10,2025-10-01,0,23,3,3.3333333333333335,2,4,23,5.320541047284091,5.804251494334144,0.06302336821340256,6737.968484680847,4215.460321158456,False,2.0,5.022588890062366,1,4.0,5.134782757455761,1,4.0,5.804251494334144,1,True,True
valid_2025_10,2025-10-01,0,24,1,10.0,10,10,1,4.778878231434113,4.778878231434113,0.24747934082777334,4661.620867945708,6291.807937893595,False,10.0,4.778878231434113,1,,,0,,,0,False,False
valid_2025_10,2025-10-01,1,21,2,7.0,7,7,8,5.2849454052240405,5.606183244236671,0.2772224318912553,10809.564442194556,143.86436364474685,False,,,0,7.0,4.9637075662114105,1,7.0,5.606183244236671,1,False,True
valid_2025_10,2025-10-01,1,22,3,1.6666666666666667,1,3,28,5.375666782824676,5.963920922542381,0.007897632672816476,8774.040060555706,2179.388745283597,False,3.0,5.002664674243437,1,1.0,5.160414751688211,1,1.0,5.963920922542381,1,True,True
valid_2025_10,2025-10-01,1,23,3,2.0,1,3,27,5.345388913914758,5.861560061172898,0.038175501582735194,6706.154866307802,4247.273939531501,False,1.0,5.026357572261887,1,2.0,5.148249108309488,1,3.0,5.861560061172898,1,True,True
valid_2025_10,2025-10-01,1,24,1,9.0,9,9,2,4.782646913633634,4.782646913633634,0.24371065862825247,4629.807249572663,6323.62155626664,False,9.0,4.782646913633634,1,,,0,,,0,False,False
valid_2025_10,2025-10-01,2,22,3,5.333333333333333,5,6,17,5.212308027966034,5.729356348232313,0.17125638753145841,8710.412823809616,2243.0159820296867,False,6.0,4.881492192043256,1,5.0,5.026075543622534,1,5.0,5.729356348232313,1,True,True
valid_2025_10,2025-10-01,2,23,3,5.666666666666667,5,6,16,5.182030159056116,5.62699548686283,0.20153425644137712,6642.527629561712,4310.901176277591,False,5.0,4.905185090061705,1,6.0,5.013909900243812,1,6.0,5.62699548686283,1,True,True
valid_2025_10,2025-10-01,3,22,3,8.333333333333334,8,9,8,5.095745903243745,5.562910838302738,0.28781851225374844,8646.785587063527,2306.6432187757764,False,8.0,4.802447812122966,1,9.0,4.921879059305529,1,8.0,5.562910838302738,1,True,True
valid_2025_10,2025-10-01,3,23,3,9.0,7,10,6,5.065468034333826,5.460549976933255,0.31809638116366684,6578.900392815624,4374.52841302368,False,7.0,4.826140710141416,1,10.0,4.909713415926807,1,10.0,5.460549976933255,1,True,True
valid_2025_10,2025-10-02,54,72,1,8.0,8,8,3,5.389031227210047,5.389031227210047,0.20381433188551412,6662.229803420138,394.9469839303301,False,8.0,5.389031227210047,1,,,0,,,0,False,False
valid_2025_10,2025-10-02,55,71,1,10.0,10,10,1,5.338701466101977,5.338701466101977,0.25414409299358454,6866.295077112195,190.88171023827272,False,10.0,5.338701466101977,1,,,0,,,0,False,False
valid_2025_10,2025-10-02,55,72,3,5.0,3,6,18,6.275161097104719,7.043839429454902,0.21477743148906234,6725.857040166227,331.31974718424044,False,3.0,5.50171390535111,1,6.0,7.043839429454902,1,6.0,6.279929956508145,1,True,True
valid_2025_10,2025-10-02,55,73,1,9.0,9,9,2,5.382245779724073,5.382245779724073,0.21059977937148844,6744.487095085482,312.6896922649857,False,9.0,5.382245779724073,1,,,0,,,0,False,False
valid_2025_10,2025-10-02,56,71,2,8.0,6,10,6,5.82793417998338,6.226035240120332,0.2473523458105369,6929.922313858285,127.25447349218302,False,6.0,5.429833119846428,1,,,0,10.0,6.226035240120332,1,False,True
valid_2025_10,2025-10-02,56,72,3,1.6666666666666667,1,2,28,6.470389945165891,7.274326182263582,0.019548583427890048,6789.484276912316,267.69251043815166,False,1.0,5.5928455590955615,1,2.0,7.274326182263582,1,2.0,6.54399809413853,1,True,True
valid_2025_10,2025-10-02,56,73,3,4.0,4,4,21,6.35117514466745,7.156966872643231,0.13876338392633158,6808.114331831571,249.06245551889697,False,4.0,5.473377433468524,1,4.0,7.156966872643231,1,4.0,6.423181127890594,1,True,True
valid_2025_10,2025-10-02,56,74,2,8.5,8,9,5,6.6086738072171425,6.987750829801964,0.32981120612574877,6617.232621593303,439.94416575716514,False,,,0,8.0,6.987750829801964,1,9.0,6.229596784632321,1,False,True
valid_2025_10,2025-10-02,57,71,3,8.333333333333334,7,10,8,6.194618482534492,6.935837427775532,0.29532004605928935,6993.549550604374,63.62723674609333,False,7.0,5.40825338135387,1,10.0,6.935837427775532,1,8.0,6.239764638474075,1,True,True
valid_2025_10,2025-10-02,57,72,3,1.3333333333333333,1,2,29,6.482745282429595,7.31924253419351,0.007193246164186225,6853.111513658406,204.065273692062,False,2.0,5.571265820603003,1,1.0,7.31924253419351,1,1.0,6.557727492492273,1,True,True
valid_2025_10,2025-10-02,57,73,3,3.6666666666666665,3,5,22,6.363530481931154,7.201883224573159,0.12640804666262775,6871.7415685776605,185.43521877280727,False,5.0,5.451797694975966,1,3.0,7.201883224573159,1,3.0,6.436910526244336,1,True,True
valid_2025_10,2025-10-02,57,74,2,7.0,7,7,8,6.6379966823589776,7.032667181731892,0.3004883309839137,6680.859858339392,376.3169290110754,False,,,0,7.0,7.032667181731892,1,7.0,6.243326182986063,1,False,True
valid_2025_10,2025-10-02,58,72,2,5.0,5,5,12,6.697545192646151,7.093831135245615,0.24093982069673991,6916.738750404496,140.43803694597227,False,,,0,5.0,7.093831135245615,1,5.0,6.301259250046687,1,False,True
valid_2025_10,2025-10-02,58,73,1,9.0,9,9,2,6.976471825625264,6.976471825625264,0.34277070856824565,6935.36880532375,121.80798202671758,False,,,0,9.0,6.976471825625264,1,,,0,False,True
valid_2025_10,2025-10-03,51,72,1,5.0,5,5,6,6.2703681736311925,6.2703681736311925,0.07944235471456551,8786.030613320507,58.155294385927846,False,5.0,6.2703681736311925,1,,,0,,,0,False,False
valid_2025_10,2025-10-03,51,73,1,7.0,7,7,4,6.258826580354812,6.258826580354812,0.09098394799094578,8626.962521455285,217.22338625114932,False,7.0,6.258826580354812,1,,,0,,,0,False,False
valid_2025_10,2025-10-03,52,71,1,6.0,6,6,5,6.264443512083679,6.264443512083679,0.08536701626207854,8786.030613320507,58.155294385927846,False,6.0,6.264443512083679,1,,,0,,,0,False,False
valid_2025_10,2025-10-03,52,72,2,4.0,1,7,14,6.725647010958959,7.101483493572159,0.04267159708491519,8786.030613320507,58.155294385927846,False,1.0,6.349810528345758,1,7.0,7.101483493572159,1,,,0,False,True
valid_2025_10,2025-10-03,52,73,2,5.5,2,9,11,6.7187931036985145,7.099317272327651,0.049525504345359295,8626.962521455285,217.22338625114932,False,2.0,6.338268935069378,1,9.0,7.099317272327651,1,,,0,False,True
valid_2025_10,2025-10-03,53,71,1,10.0,10,10,1,6.239762298946985,6.239762298946985,0.11004822939877279,8722.403376574417,121.78253113201754,False,10.0,6.239762298946985,1,,,0,,,0,False,False
valid_2025_10,2025-10-03,53,72,2,3.0,3,3,16,6.733013121325681,7.140896927442297,0.035305486718193,8722.403376574417,121.78253113201754,False,3.0,6.325129315209065,1,3.0,7.140896927442297,1,,,0,False,True
valid_2025_10,2025-10-03,53,73,2,4.0,4,4,14,6.726159214065237,7.138730706197789,0.042159393978637105,8563.335284709196,280.85062299723904,False,4.0,6.313587721932684,1,4.0,7.138730706197789,1,,,0,False,True
valid_2025_10,2025-10-03,54,71,2,7.5,5,10,7,6.76984959294518,7.066083880668325,0.07777547404837559,8658.77613982833,185.4097678781054,False,,,0,10.0,7.066083880668325,1,5.0,6.473615305222035,1,False,True
valid_2025_10,2025-10-03,54,72,3,4.333333333333333,1,8,20,6.642098649165379,7.1868266877419895,0.03958823827891056,8658.77613982833,185.4097678781054,False,8.0,6.253236797419524,1,1.0,7.1868266877419895,1,4.0,6.486232462334623,1,True,True
valid_2025_10,2025-10-03,54,73,3,5.666666666666667,2,9,16,6.632052904232258,7.184660466497482,0.04963398321203153,8499.708047963106,344.47785974332874,False,9.0,6.241695204143143,1,2.0,7.184660466497482,1,6.0,6.469803042056149,1,True,True
valid_2025_10,2025-10-03,54,74,1,8.0,8,8,3,7.100058794482843,7.100058794482843,0.08676789325914669,8467.89442959006,376.2914781163745,False,,,0,8.0,7.100058794482843,1,,,0,False,True
valid_2025_10,2025-10-03,55,71,1,8.0,8,8,3,6.45023944908548,6.45023944908548,0.05818399715964162,8595.14890308224,249.0370046241951,False,,,0,,,0,8.0,6.45023944908548,1,False,True
valid_2025_10,2025-10-03,55,72,2,6.0,5,7,10,6.789830331927846,7.116804057657625,0.05779473506570909,8595.14890308224,249.0370046241951,False,,,0,5.0,7.116804057657625,1,7.0,6.462856606198068,1,False,True
valid_2025_10,2025-10-03,55,73,2,7.5,6,9,7,6.7805325111663555,7.114637836413117,0.06709255582719997,8436.080811217016,408.1050964894184,False,,,0,6.0,7.114637836413117,1,9.0,6.446427185919594,1,False,True
valid_2025_10,2025-10-03,56,71,1,2.0,2,2,9,6.495806289132533,6.495806289132533,0.012617157112588373,8531.52166633615,312.6642413702848,False,,,0,,,0,2.0,6.495806289132533,1,False,True
valid_2025_10,2025-10-03,56,72,1,1.0,1,1,10,6.508423446245121,6.508423446245121,0.0,8531.52166633615,312.6642413702848,False,,,0,,,0,1.0,6.508423446245121,1,False,True
valid_2025_10,2025-10-03,56,73,1,3.0,3,3,8,6.491994025966648,6.491994025966648,0.01642942027847294,8372.453574470926,471.7323332355081,False,,,0,,,0,3.0,6.491994025966648,1,False,True
valid_2025_10,2025-10-03,56,74,1,10.0,10,10,1,6.391905781652117,6.391905781652117,0.11651766459300461,8340.63995609788,503.5459516085539,False,,,0,,,0,10.0,6.391905781652117,1,False,True
valid_2025_10,2025-10-04,0,61,2,7.0,7,7,8,13.66025616311401,14.132002589245705,0.5403006564204684,7081.017912959225,7263.201779934287,False,,,0,7.0,13.188509736982317,1,7.0,14.132002589245705,1,False,True
valid_2025_10,2025-10-04,0,62,2,3.0,3,3,16,14.08742844913959,14.528941008851278,0.11312837039488954,9625.7574330007,4718.462259892811,False,,,0,3.0,13.6459158894279,1,3.0,14.528941008851278,1,False,True
valid_2025_10,2025-10-04,0,63,3,3.6666666666666665,2,7,22,13.205922595871392,14.609841100701006,0.17960805697352988,10850.32723141594,3493.8924614775733,False,7.0,11.3499473590161,1,2.0,13.65797932789707,1,2.0,14.609841100701006,1,True,True
valid_2025_10,2025-10-04,0,64,3,1.0,1,1,30,13.385530652844922,14.677874845791282,0.0,11073.022560027252,3271.1971328662603,False,1.0,11.755478319465809,1,1.0,13.723238793277677,1,1.0,14.677874845791282,1,True,True
valid_2025_10,2025-10-04,0,65,3,6.666666666666667,2,10,13,12.942379785248008,14.063645256115224,0.4431508675969133,9984.996811669123,4359.222881224388,False,2.0,11.74526120254366,1,10.0,13.018232897085143,1,8.0,14.063645256115224,1,True,True
valid_2025_10,2025-10-04,0,66,1,3.0,3,3,8,11.635861407347946,11.635861407347946,0.11961691211786274,10029.535877391383,4314.683815502127,False,3.0,11.635861407347946,1,,,0,,,0,False,False
valid_2025_10,2025-10-04,0,67,1,6.0,6,6,5,11.404368065420073,11.404368065420073,0.3511102540457358,10328.583890098003,4015.6358027955066,False,6.0,11.404368065420073,1,,,0,,,0,False,False
valid_2025_10,2025-10-04,1,62,2,6.0,6,6,10,13.720654533780662,14.165177369169395,0.4799022857538171,8353.212698078909,5991.006994814603,False,,,0,6.0,13.276131698391929,1,6.0,14.165177369169395,1,False,True
valid_2025_10,2025-10-04,1,63,2,5.0,5,5,12,13.767136298940112,14.246077461019125,0.43342052059436753,9577.782496494148,4766.437196399364,False,,,0,5.0,13.288195136861098,1,5.0,14.246077461019125,1,False,True
valid_2025_10,2025-10-04,1,64,3,4.0,4,4,21,13.0442192945238,14.314111206109398,0.34131135832112197,9800.47782510546,4543.741867788052,False,4.0,11.465092075220298,1,4.0,13.353454602241705,1,4.0,14.314111206109398,1,True,True
valid_2025_10,2025-10-04,1,65,1,5.0,5,5,6,11.454874958298149,11.454874958298149,0.30060336116765995,8712.452076747333,5631.767616146179,False,5.0,11.454874958298149,1,,,0,,,0,False,False
valid_2025_10,2025-10-04,1,66,1,8.0,8,8,3,11.345475163102437,11.345475163102437,0.4100031563633717,8756.991142469595,5587.228550423917,False,8.0,11.345475163102437,1,,,0,,,0,False,False
valid_2025_10,2025-10-04,2,63,2,9.5,9,10,3,13.497263874751566,13.97026282640144,0.7032929447829135,9291.459931136746,5052.759761756766,False,,,0,9.0,13.024264923101692,1,10.0,13.97026282640144,1,False,True
valid_2025_10,2025-10-04,2,64,3,8.666666666666666,8,9,7,12.79825274745194,14.038296571491715,0.5872779053929816,9514.15525974806,4830.064433145453,False,9.0,11.266937282381807,1,8.0,13.0895243884823,1,9.0,14.038296571491715,1,True,True
valid_2025_10,2025-10-04,2,65,1,10.0,10,10,1,11.256720165459658,11.256720165459658,0.49875815400615053,8426.12951138993,5918.090181503581,False,10.0,11.256720165459658,1,,,0,,,0,False,False
valid_2025_10,2025-10-05,29,60,1,8.0,8,8,3,13.379126565945768,13.379126565945768,0.21819605369421424,9884.341704498642,17805.776792656663,False,,,0,8.0,13.379126565945768,1,,,0,False,True
valid_2025_10,2025-10-05,29,61,1,10.0,10,10,1,13.342605332090656,13.342605332090656,0.254717287549326,12134.391677550606,15555.7268196047,False,,,0,10.0,13.342605332090656,1,,,0,False,True
valid_2025_10,2025-10-05,30,59,1,9.0,9,9,2,12.571172547011862,12.571172547011862,0.3665848463014072,7428.664409092506,20261.4540880628,False,,,0,,,0,9.0,12.571172547011862,1,False,True
valid_2025_10,2025-10-05,30,60,2,6.5,5,8,9,13.01634429786808,13.450902458517668,0.25119570860854523,9666.532947669428,18023.58554948588,False,,,0,5.0,13.450902458517668,1,8.0,12.581786137218494,1,False,True
valid_2025_10,2025-10-05,30,61,1,7.0,7,7,4,13.414381224662556,13.414381224662556,0.18294139497742634,11916.582920721392,15773.535576433913,False,,,0,7.0,13.414381224662556,1,,,0,False,True
valid_2025_10,2025-10-05,30,63,1,9.0,9,9,2,9.618544251637346,9.618544251637346,0.19649580018418078,16521.667807456357,11168.450689698948,False,9.0,9.618544251637346,1,,,0,,,0,False,False
valid_2025_10,2025-10-05,30,64,1,5.0,5,5,6,9.693329423812884,9.693329423812884,0.12171062800864263,17748.874954834722,9941.243542320582,False,5.0,9.693329423812884,1,,,0,,,0,False,False
valid_2025_10,2025-10-05,31,58,1,10.0,10,10,1,12.54057976414095,12.54057976414095,0.3971776291723188,4961.502397453703,22728.6160997016,False,,,0,,,0,10.0,12.54057976414095,1,False,True
valid_2025_10,2025-10-05,31,59,2,7.5,6,9,7,13.046347621265635,13.362331114685176,0.2211923852109905,7195.645561319139,20494.47293583617,False,,,0,9.0,13.362331114685176,1,6.0,12.730364127846094,1,False,True
valid_2025_10,2025-10-05,31,60,2,3.5,3,4,15,13.110938071275637,13.480898424498548,0.15660193520098886,9433.51409989606,18256.604397259245,False,,,0,3.0,13.480898424498548,1,4.0,12.740977718052726,1,False,True
valid_2025_10,2025-10-05,31,61,3,7.0,6,8,12,11.906761798706322,13.444377190643436,0.20994488955193683,11683.564072948027,16006.554424207276,False,8.0,9.62279926509617,1,6.0,13.444377190643436,1,7.0,12.653108940379362,1,True,True
valid_2025_10,2025-10-05,31,62,1,10.0,10,10,1,9.601152237049682,9.601152237049682,0.21388781477184438,14054.505795817557,13635.61270133775,False,10.0,9.601152237049682,1,,,0,,,0,False,False
valid_2025_10,2025-10-05,31,63,1,4.0,4,4,7,9.69828829848283,9.69828829848283,0.11675175333869703,16288.64895968299,11401.469537472314,False,4.0,9.69828829848283,1,,,0,,,0,False,False
valid_2025_10,2025-10-05,31,64,1,2.0,2,2,9,9.773073470658368,9.773073470658368,0.04196658116315888,17515.856107061358,10174.262390093949,False,2.0,9.773073470658368,1,,,0,,,0,False,False
valid_2025_10,2025-10-05,32,58,1,5.0,5,5,6,12.737359439401494,12.737359439401494,0.20039795391177506,3279.5036686234785,24410.614828531827,False,,,0,,,0,5.0,12.737359439401494,1,False,True
valid_2025_10,2025-10-05,32,59,2,3.0,2,4,16,13.202949556466624,13.47875530982661,0.06459045001000163,5513.646832488915,22176.47166466639,False,,,0,4.0,13.47875530982661,1,2.0,12.927143803106638,1,False,True
valid_2025_10,2025-10-05,32,60,2,1.0,1,1,20,13.267540006476626,13.597322619639982,0.0,7751.515371065837,19938.603126089467,False,,,0,1.0,13.597322619639982,1,1.0,12.93775739331327,1,False,True
valid_2025_10,2025-10-05,32,61,3,3.6666666666666665,2,6,22,12.025151949228034,13.56080138578487,0.09155473903022522,10001.565344117802,17688.5531530375,False,6.0,9.664765846259328,1,2.0,13.56080138578487,1,3.0,12.849888615639903,1,True,True
valid_2025_10,2025-10-05,32,62,1,7.0,7,7,4,9.64311881821284,9.64311881821284,0.17192123360868727,12372.50706698733,15317.611430167975,False,7.0,9.64311881821284,1,,,0,,,0,False,False
valid_2025_10,2025-10-05,32,63,1,3.0,3,3,8,9.740254879645988,9.740254879645988,0.07478517217553815,14606.650230852769,13083.468266302538,False,3.0,9.740254879645988,1,,,0,,,0,False,False
valid_2025_10,2025-10-05,32,64,1,1.0,1,1,10,9.815040051821526,9.815040051821526,0.0,15833.857378231132,11856.261118924172,False,1.0,9.815040051821526,1,,,0,,,0,False,False
valid_2025_10,2025-10-06,50,66,1,9.0,9,9,2,7.918458085335217,7.918458085335217,0.23213421825028036,15372.948037966136,1267.02189077223,False,9.0,7.918458085335217,1,,,0,,,0,False,False
valid_2025_10,2025-10-06,51,64,1,10.0,10,10,1,9.812045777705508,9.812045777705508,0.36507935819419224,14090.894212512643,2549.075716225723,False,,,0,,,0,10.0,9.812045777705508,1,False,True
valid_2025_10,2025-10-06,51,65,1,7.0,7,7,4,9.939789758559812,9.939789758559812,0.23733537733988896,15877.133443303985,762.8364854343818,False,,,0,,,0,7.0,9.939789758559812,1,False,True
valid_2025_10,2025-10-06,51,66,3,7.0,3,10,12,9.046541338628709,9.85020649081146,0.23184177246062573,15018.165747231778,1621.804181506588,False,3.0,8.095056528489451,1,10.0,9.194360996585218,1,8.0,9.85020649081146,1,True,True
valid_2025_10,2025-10-06,51,67,1,4.0,4,4,7,8.04986983808547,8.04986983808547,0.10072246550002717,14992.453980862689,1647.5159478756796,False,4.0,8.04986983808547,1,,,0,,,0,False,False
valid_2025_10,2025-10-06,51,68,1,6.0,6,6,5,7.987816505686283,7.987816505686283,0.16277579789921504,14775.669622545083,1864.3003061932832,False,6.0,7.987816505686283,1,,,0,,,0,False,False
valid_2025_10,2025-10-06,52,64,2,5.5,4,7,11,9.656926979431809,10.049381155045396,0.1853515354094455,12937.965501311664,3702.004427426702,False,,,0,7.0,9.264472803818222,1,4.0,10.049381155045396,1,False,True
valid_2025_10,2025-10-06,52,65,3,4.333333333333333,1,10,20,9.194183178013583,10.1771251358997,0.08419993307575169,14724.204732103006,1915.7651966353608,False,10.0,7.89969345183151,1,2.0,9.50573094630954,1,1.0,10.1771251358997,1,True,True
valid_2025_10,2025-10-06,52,66,3,1.6666666666666667,1,3,28,9.248522021839884,10.087541868151348,0.029861089249450856,13865.2370360308,2774.732892707567,False,1.0,8.150592303585498,1,1.0,9.507431893782808,1,3.0,10.087541868151348,1,True,True
valid_2025_10,2025-10-06,52,67,2,5.5,2,9,11,8.651257404032513,9.19710919488351,0.1777546946516395,13839.525269661708,2800.4446590766584,False,2.0,8.105405613181517,1,9.0,9.19710919488351,1,,,0,False,True
valid_2025_10,2025-10-06,52,68,1,5.0,5,5,6,8.04335228078233,8.04335228078233,0.10724002280316824,13622.740911344104,3017.229017394262,False,5.0,8.04335228078233,1,,,0,,,0,False,False
valid_2025_10,2025-10-06,53,64,2,7.0,6,8,8,9.615604256242989,9.970441779174834,0.2266742585982655,12906.15188293862,3733.818045799748,False,,,0,8.0,9.260766733311144,1,6.0,9.970441779174834,1,False,True
valid_2025_10,2025-10-06,53,65,2,3.0,2,4,16,9.8001053179158,10.09818576002914,0.04217319692545374,14692.391113729962,1947.5788150084045,False,,,0,4.0,9.502024875802462,1,2.0,10.09818576002914,1,False,True
valid_2025_10,2025-10-06,53,66,3,5.0,3,7,18,9.163575242134286,10.008602492280788,0.11480786895504913,13833.423417657756,2806.546511080611,False,7.0,7.978397410846341,1,3.0,9.50372582327573,1,5.0,10.008602492280788,1,True,True
valid_2025_10,2025-10-06,53,67,1,8.0,8,8,3,7.933210720442361,7.933210720442361,0.21738158314313694,13807.711651288664,2832.2582774497023,False,8.0,7.933210720442361,1,,,0,,,0,False,False
valid_2025_10,2025-10-06,54,65,2,7.5,6,9,7,9.562449023476525,9.825426952479232,0.27982949136473056,14640.948492820748,1999.0214359176189,False,,,0,6.0,9.299471094473816,1,9.0,9.825426952479232,1,False,True
valid_2025_10,2025-10-06,54,66,1,5.0,5,5,6,9.301172041947083,9.301172041947083,0.20625985183572482,13781.98079674854,2857.989131989825,False,,,0,5.0,9.301172041947083,1,,,0,False,True
valid_2025_10,2025-10-07,39,64,1,9.0,9,9,2,9.523514893507716,9.523514893507716,0.48510287444225497,12555.826680138329,878.8671143645479,False,,,0,,,0,9.0,9.523514893507716,1,False,True
valid_2025_10,2025-10-07,39,65,1,10.0,10,10,1,9.487077465793242,9.487077465793242,0.5215403021567298,13128.471810853132,306.2219836497443,False,,,0,,,0,10.0,9.487077465793242,1,False,True
valid_2025_10,2025-10-07,40,64,1,5.0,5,5,6,9.79898322537177,9.79898322537177,0.20963454257820047,12709.744147188956,724.9496473139207,False,,,0,,,0,5.0,9.79898322537177,1,False,True
valid_2025_10,2025-10-07,40,65,1,6.0,6,6,5,9.762545797657296,9.762545797657296,0.24607197029267525,13282.38927790376,152.30451659911523,False,,,0,,,0,6.0,9.762545797657296,1,False,True
valid_2025_10,2025-10-07,41,64,2,2.5,1,4,17,9.373300409946822,10.008617767949971,0.019159763742624847,12759.134789713107,675.5590047897676,False,,,0,4.0,8.737983051943672,1,1.0,10.008617767949971,1,False,True
valid_2025_10,2025-10-07,41,65,3,5.333333333333333,2,9,17,8.605202131243223,9.972180340235496,0.07677044522762581,13331.779920427913,102.91387407496404,False,5.0,7.153816160823382,1,9.0,8.689609892670788,1,2.0,9.972180340235496,1,True,True
valid_2025_10,2025-10-07,42,64,3,5.0,2,10,18,8.573619187024702,9.896167993178842,0.1083533894461463,12806.737506884696,627.9562876181808,False,10.0,7.058299975415167,1,2.0,8.766389592480095,1,3.0,9.896167993178842,1,True,True
valid_2025_10,2025-10-07,42,65,3,5.0,4,7,18,8.594100144980002,9.859730565464368,0.08787243149084627,13379.3826375995,55.3111569033772,False,4.0,7.2045534362684265,1,7.0,8.718016433207211,1,4.0,9.859730565464368,1,True,True
valid_2025_10,2025-10-07,43,64,3,5.333333333333333,1,8,17,8.531063400606458,9.713530719288483,0.15090917586439012,11961.723263830903,1472.9705306719716,False,8.0,7.103356903101968,1,1.0,8.776302579428922,1,7.0,9.713530719288483,1,True,True
valid_2025_10,2025-10-07,43,65,3,5.0,2,8,18,8.551544358561758,9.67709329157401,0.1304282179090895,12534.368394545709,900.325399957168,False,2.0,7.249610363955227,1,5.0,8.727929420156038,1,8.0,9.67709329157401,1,True,True
valid_2025_10,2025-10-07,44,64,2,5.0,3,7,12,7.935771566161417,8.756799211142443,0.08287841456986911,12074.569349561934,1360.1244449409423,False,7.0,7.114743921180391,1,3.0,8.756799211142443,1,,,0,False,True
valid_2025_10,2025-10-07,44,65,2,4.5,1,8,13,7.984711716951605,8.708426051869559,0.03393826377968168,12647.214480276738,787.4793142261387,False,1.0,7.260997382033651,1,8.0,8.708426051869559,1,,,0,False,True
valid_2025_10,2025-10-07,45,64,2,7.5,6,9,7,7.907074071082253,8.726377599380626,0.11157590964903363,12120.705458926524,1313.988335576354,False,9.0,7.087770542783879,1,6.0,8.726377599380626,1,,,0,False,True
valid_2025_10,2025-10-07,45,65,2,6.5,3,10,9,7.95601422187244,8.678004440107742,0.0626357588588462,12693.350589641326,741.3432048615505,False,3.0,7.234024003637138,1,10.0,8.678004440107742,1,,,0,False,True
valid_2025_10,2025-10-07,46,65,1,6.0,6,6,5,7.141074443686364,7.141074443686364,0.11992293834728684,12757.378677978915,677.3151165239615,False,6.0,7.141074443686364,1,,,0,,,0,False,False
valid_2025_10,2025-10-08,39,88,1,10.0,10,10,1,6.813203902472999,6.813203902472999,0.29218983613791494,-8071.359946102916,25178.401512985147,False,,,0,10.0,6.813203902472999,1,,,0,False,True
valid_2025_10,2025-10-08,40,88,3,8.666666666666666,7,10,7,6.372688750554009,7.005082241225637,0.16503447729206044,-9288.57443595031,26395.61600283254,False,10.0,5.84747457543655,1,7.0,7.005082241225637,1,9.0,6.265509434999842,1,True,True
valid_2025_10,2025-10-08,41,88,3,7.0,5,9,12,6.4351451832013895,7.053878296485863,0.10257804464468023,-9224.947199204216,26331.988766086448,False,9.0,5.91072113894468,1,5.0,7.053878296485863,1,7.0,6.3408361141736265,1,True,True
valid_2025_10,2025-10-08,42,88,3,3.3333333333333335,1,8,23,6.499714209366154,7.105393738610914,0.0380090184799163,-12600.372108584266,29707.413675466498,False,8.0,5.966972566880578,1,1.0,7.105393738610914,1,1.0,6.426776322606969,1,True,True
valid_2025_10,2025-10-08,43,88,3,3.3333333333333335,2,6,23,6.506424609527509,7.099176884625457,0.03129861831856099,-13234.465243186603,30341.50681006884,False,6.0,6.0025859003094695,1,2.0,7.099176884625457,1,2.0,6.4175110436476,1,True,True
valid_2025_10,2025-10-08,44,88,3,3.3333333333333335,3,4,23,6.515673855100078,7.098839467025158,0.022049372745991985,-14029.805702512724,31136.84726939496,False,4.0,6.045472982838959,1,3.0,7.098839467025158,1,3.0,6.402709115436117,1,True,True
valid_2025_10,2025-10-08,45,88,3,4.333333333333333,4,5,20,6.4875717637668515,7.056619256904391,0.05015146407921852,-15038.29740493824,32145.33897182047,False,5.0,6.0357339719287495,1,4.0,7.056619256904391,1,4.0,6.370362062467414,1,True,True
valid_2025_10,2025-10-08,46,88,3,4.333333333333333,2,6,20,6.480242701459969,7.01932736555144,0.057480526386100905,-15925.897357546191,33032.938924428425,False,2.0,6.062357797535242,1,6.0,7.01932736555144,1,5.0,6.359042941293225,1,True,True
valid_2025_10,2025-10-08,47,88,3,5.666666666666667,3,8,16,6.461935590790394,6.98556879796643,0.07578763705567582,-16056.333192875672,33163.374759757906,False,3.0,6.051533211463088,1,8.0,6.98556879796643,1,6.0,6.348704762941665,1,True,True
valid_2025_10,2025-10-08,48,88,3,6.0,1,9,15,6.459320753397161,6.961553504302728,0.07840247444890973,-15992.705956129585,33099.747523011814,False,1.0,6.080999622320327,1,9.0,6.961553504302728,1,8.0,6.335409133568426,1,True,True
valid_2025_10,2025-10-08,49,88,2,8.5,7,10,5,6.062641344281847,6.1510606961876135,0.19124662818180127,-15989.524594292276,33096.56616117451,False,7.0,5.97422199237608,1,,,0,10.0,6.1510606961876135,1,False,True
valid_2025_10,2025-10-09,19,64,1,8.0,8,8,3,10.83721648971536,10.83721648971536,0.28875329219045653,-8706.894237617562,20423.35677332504,False,,,0,,,0,8.0,10.83721648971536,1,False,True
valid_2025_10,2025-10-09,20,64,1,7.0,7,7,4,10.858914003522244,10.858914003522244,0.26705577838357186,-9753.562282090728,21470.024817798207,False,,,0,,,0,7.0,10.858914003522244,1,False,True
valid_2025_10,2025-10-09,21,64,1,9.0,9,9,2,10.828970110612197,10.828970110612197,0.29699967129361937,-7653.863469469777,19370.326005177256,False,,,0,,,0,9.0,10.828970110612197,1,False,True
valid_2025_10,2025-10-09,22,66,1,9.0,9,9,2,11.07274757256647,11.07274757256647,0.11596502459583036,-4599.119833290026,16315.582368997504,False,9.0,11.07274757256647,1,,,0,,,0,False,False
valid_2025_10,2025-10-09,22,67,1,10.0,10,10,1,11.064797722573388,11.064797722573388,0.12391487458891248,-3367.9328022531936,15084.395337960672,False,10.0,11.064797722573388,1,,,0,,,0,False,False
valid_2025_10,2025-10-09,22,68,1,8.0,8,8,3,11.073770556641731,11.073770556641731,0.11494204052056922,-853.4321264752975,12569.894662182776,False,8.0,11.073770556641731,1,,,0,,,0,False,False
valid_2025_10,2025-10-09,23,64,1,6.0,6,6,5,11.736900876503611,11.736900876503611,0.16728902994817219,-7049.404720381929,18765.86725608941,False,,,0,6.0,11.736900876503611,1,,,0,False,True
valid_2025_10,2025-10-09,23,65,1,4.0,4,4,7,11.117495609632208,11.117495609632208,0.07121698753009298,-6363.948498916308,18080.411034623787,False,4.0,11.117495609632208,1,,,0,,,0,False,False
valid_2025_10,2025-10-09,23,66,1,2.0,2,2,9,11.187689613087038,11.187689613087038,0.0010229840752629116,-5394.460292616145,17110.922828323623,False,2.0,11.187689613087038,1,,,0,,,0,False,False
valid_2025_10,2025-10-09,23,67,1,3.0,3,3,8,11.179739763093956,11.179739763093956,0.008972834068345037,-4163.273261579313,15879.73579728679,False,3.0,11.179739763093956,1,,,0,,,0,False,False
valid_2025_10,2025-10-09,23,68,1,1.0,1,1,10,11.1887125971623,11.1887125971623,0.0,-1648.772585801417,13365.235121508897,False,1.0,11.1887125971623,1,,,0,,,0,False,False
valid_2025_10,2025-10-09,24,64,1,1.0,1,1,10,11.904189906451784,11.904189906451784,0.0,-5261.479367816818,16977.941903524297,False,,,0,1.0,11.904189906451784,1,,,0,False,True
valid_2025_10,2025-10-09,24,66,1,6.0,6,6,5,11.111554123230576,11.111554123230576,0.07715847393172481,-3606.534940051034,15322.997475758511,False,6.0,11.111554123230576,1,,,0,,,0,False,False
valid_2025_10,2025-10-09,24,67,1,7.0,7,7,4,11.103604273237494,11.103604273237494,0.08510832392480694,-2375.3479090142023,14091.81044472168,False,7.0,11.103604273237494,1,,,0,,,0,False,False
valid_2025_10,2025-10-09,24,68,1,5.0,5,5,6,11.11257710730584,11.11257710730584,0.07613548985646013,139.1527667636936,11577.309768943784,False,5.0,11.11257710730584,1,,,0,,,0,False,False
valid_2025_10,2025-10-09,25,64,1,4.0,4,4,7,11.804963506819997,11.804963506819997,0.09922639963178703,-6123.628425726323,17840.0909614338,False,,,0,4.0,11.804963506819997,1,,,0,False,True
valid_2025_10,2025-10-09,26,64,1,5.0,5,5,6,11.737176954482102,11.737176954482102,0.16701295196968147,-5290.970592048623,17007.4331277561,False,,,0,5.0,11.737176954482102,1,,,0,False,True
valid_2025_10,2025-10-09,27,64,1,8.0,8,8,3,11.697317117599958,11.697317117599958,0.20687278885182536,-6337.638636521795,18054.101172229275,False,,,0,8.0,11.697317117599958,1,,,0,False,True
valid_2025_10,2025-10-09,28,64,1,3.0,3,3,8,11.813470226209953,11.813470226209953,0.09071968024183086,-6337.638636521795,18054.101172229275,False,,,0,3.0,11.813470226209953,1,,,0,False,True
valid_2025_10,2025-10-09,29,64,2,4.0,2,6,14,11.342624711205335,11.819516611006598,0.1724551329734645,-8742.748185523978,20459.21072123146,False,,,0,2.0,11.819516611006598,1,6.0,10.865732811404072,1,False,True
valid_2025_10,2025-10-09,30,64,2,6.0,5,7,10,11.31726745027478,11.73232299767787,0.1978123939040195,-10278.61423971946,21995.07677542694,False,,,0,7.0,11.73232299767787,1,5.0,10.902211902871692,1,False,True
valid_2025_10,2025-10-09,31,64,2,6.0,2,10,10,11.278753252185489,11.614492817693254,0.2363265919933113,-8385.703946523294,20102.16648223077,False,,,0,10.0,11.614492817693254,1,2.0,10.943013686677723,1,False,True
valid_2025_10,2025-10-09,32,64,2,5.0,1,9,12,11.39922768534974,11.672485588793664,0.11585215882905953,-10479.040035469638,22195.50257117712,False,,,0,9.0,11.672485588793664,1,1.0,11.125969781905816,1,False,True
valid_2025_10,2025-10-09,32,65,1,10.0,10,10,1,10.795773399409704,10.795773399409704,0.33019638249611205,-9793.583814004016,21510.04634971149,False,,,0,,,0,10.0,10.795773399409704,1,False,True
valid_2025_10,2025-10-09,33,64,1,3.0,3,3,8,10.934450426779549,10.934450426779549,0.1915193551262675,-9922.30171394136,21638.76424964884,False,,,0,,,0,3.0,10.934450426779549,1,False,True
valid_2025_10,2025-10-09,48,64,1,4.0,4,4,7,10.906068608367931,10.906068608367931,0.21990117353788463,-8939.419974306133,20655.88251001361,False,,,0,,,0,4.0,10.906068608367931,1,False,True
valid_2025_10,2025-10-10,46,63,2,8.5,8,9,5,9.88691937509968,10.048722258624394,0.6702135506923677,15142.884675339626,9717.418830257122,False,,,0,9.0,10.048722258624394,1,8.0,9.725116491574964,1,False,True
valid_2025_10,2025-10-10,46,64,2,8.0,7,9,6,9.233900242530481,9.672562177381508,0.5525160710418575,11807.306322971825,13052.997182624926,False,7.0,8.795238307679455,1,,,0,9.0,9.672562177381508,1,False,True
valid_2025_10,2025-10-10,46,65,1,10.0,10,10,1,8.598104425559058,8.598104425559058,0.6163363525944305,8044.617418498536,16815.686087098213,False,10.0,8.598104425559058,1,,,0,,,0,False,False
valid_2025_10,2025-10-10,47,62,2,6.0,6,6,10,10.145438056159442,10.353256845325888,0.4116948696326048,14807.922268851671,10052.381236745076,False,,,0,6.0,10.353256845325888,1,6.0,9.937619266992996,1,False,True
valid_2025_10,2025-10-10,47,63,3,4.666666666666667,4,6,19,9.756147707784512,10.398495852491124,0.3534211687946822,15408.922877622375,9451.380627974371,False,6.0,8.821676822299551,1,4.0,10.398495852491124,1,4.0,10.04827044856286,1,True,True
valid_2025_10,2025-10-10,47,64,3,4.666666666666667,2,7,19,9.776650909909373,10.26031732380764,0.3329179666698199,12073.344525254572,12786.958980342177,False,2.0,9.073919271551077,1,7.0,10.26031732380764,1,5.0,9.995716134369404,1,True,True
valid_2025_10,2025-10-10,47,65,1,5.0,5,5,6,8.87678538943068,8.87678538943068,0.3376553887228084,8310.655620781286,16549.647884815462,False,5.0,8.87678538943068,1,,,0,,,0,False,False
valid_2025_10,2025-10-10,48,59,1,10.0,10,10,1,10.017704029051473,10.017704029051473,0.7381699735414315,9624.815749896858,15235.48775569989,False,,,0,10.0,10.017704029051473,1,,,0,False,True
valid_2025_10,2025-10-10,48,60,1,8.0,8,8,3,10.124510801554932,10.124510801554932,0.6313632010379724,11386.590308159331,13473.713197437415,False,,,0,8.0,10.124510801554932,1,,,0,False,True
valid_2025_10,2025-10-10,48,61,2,6.0,5,7,10,10.120892256419381,10.364979745677672,0.4362406693726655,13233.148159385966,11627.155346210782,False,,,0,5.0,10.364979745677672,1,7.0,9.87680476716109,1,False,True
valid_2025_10,2025-10-10,48,62,2,2.5,2,3,17,10.479187831424497,10.710634995427668,0.07794509436754993,14807.922268851671,10052.381236745076,False,,,0,2.0,10.710634995427668,1,3.0,10.247740667421326,1,False,True
valid_2025_10,2025-10-10,48,63,3,2.0,1,4,27,10.025488060162019,10.755874002592904,0.0840808164171752,15408.922877622375,9451.380627974371,False,4.0,8.962198328901962,1,1.0,10.755874002592904,1,1.0,10.35839184899119,1,True,True
valid_2025_10,2025-10-10,48,64,3,2.0,1,3,27,10.045991262286881,10.61769547390942,0.06357761429231405,12073.344525254572,12786.958980342177,False,1.0,9.214440778153488,1,3.0,10.61769547390942,1,2.0,10.305837534797732,1,True,True
valid_2025_10,2025-10-10,48,65,2,6.5,3,10,9,9.331670559849108,9.646034223665126,0.45474575372323045,8310.655620781286,16549.647884815462,False,3.0,9.01730689603309,1,,,0,10.0,9.646034223665126,1,False,True
valid_2025_10,2025-10-10,48,66,1,9.0,9,9,2,8.73269254713918,8.73269254713918,0.48174823101430775,4505.746863365136,20354.55664223161,False,9.0,8.73269254713918,1,,,0,,,0,False,False
valid_2025_10,2025-10-10,49,64,1,8.0,8,8,3,8.748594684885049,8.748594684885049,0.4658460932684392,9744.587660347695,15115.715845249051,False,8.0,8.748594684885049,1,,,0,,,0,False,False
valid_2025_10,2025-10-11,32,61,1,7.0,7,7,4,12.092334555733146,12.092334555733146,0.3083726443481538,17358.49322514093,6522.227613045889,False,,,0,7.0,12.092334555733146,1,,,0,False,True
valid_2025_10,2025-10-11,32,62,2,5.0,5,5,12,12.09094460936116,12.29563925379206,0.1411593188932656,18813.74038901728,5066.98044916954,False,,,0,5.0,12.29563925379206,1,5.0,11.886249964930258,1,False,True
valid_2025_10,2025-10-11,32,63,2,3.0,3,3,16,12.169774929084134,12.358100590124309,0.062328999170290444,20967.522352872405,2913.198485314413,False,,,0,3.0,12.358100590124309,1,3.0,11.98144926804396,1,False,True
valid_2025_10,2025-10-11,32,64,3,2.6666666666666665,1,6,25,11.789121657507737,12.4007072000813,0.06069044874150542,23245.37742838241,635.343409804409,False,6.0,10.903157116014365,1,1.0,12.4007072000813,1,1.0,12.06350065642755,1,True,True
valid_2025_10,2025-10-11,32,65,1,4.0,4,4,7,10.938399002704593,10.938399002704593,0.14682945953428828,22405.497903334028,1475.2229348527908,False,4.0,10.938399002704593,1,,,0,,,0,False,False
valid_2025_10,2025-10-11,32,66,1,9.0,9,9,2,10.696595959678852,10.696595959678852,0.38863250256002857,20617.57255076892,3263.148287417902,False,9.0,10.696595959678852,1,,,0,,,0,False,False
valid_2025_10,2025-10-11,33,61,1,8.0,8,8,3,12.080708066279795,12.080708066279795,0.31999913380150424,17422.120461887018,6458.600376299801,False,,,0,8.0,12.080708066279795,1,,,0,False,True
valid_2025_10,2025-10-11,33,62,2,6.0,6,6,10,12.080513821157904,12.284012764338712,0.15159010709652065,18877.36762576337,5003.353212423448,False,,,0,6.0,12.284012764338712,1,6.0,11.877014877977096,1,False,True
valid_2025_10,2025-10-11,33,63,2,4.0,4,4,14,12.15934414088088,12.34647410067096,0.07275978737354549,21031.149589618493,2849.571248568325,False,,,0,4.0,12.34647410067096,1,4.0,11.972214181090798,1,False,True
valid_2025_10,2025-10-11,33,64,3,2.0,2,2,27,11.831110951883664,12.389080710627953,0.01870115436557877,23309.004665128497,571.7161730583211,False,2.0,11.049986575548653,1,2.0,12.389080710627953,1,2.0,12.054265569474389,1,True,True
valid_2025_10,2025-10-11,33,65,1,1.0,1,1,10,11.08522846223888,11.08522846223888,0.0,22469.12514008012,1411.595698106703,False,1.0,11.08522846223888,1,,,0,,,0,False,False
valid_2025_10,2025-10-11,33,66,1,7.0,7,7,4,10.84342541921314,10.84342541921314,0.2418030430257403,20681.199787515005,3199.521050671814,False,7.0,10.84342541921314,1,,,0,,,0,False,False
valid_2025_10,2025-10-11,34,63,2,9.5,9,10,3,11.861930778166112,12.037653977804815,0.37017315008831275,21162.08808011827,2718.63275806855,False,,,0,10.0,12.037653977804815,1,9.0,11.686207578527409,1,False,True
valid_2025_10,2025-10-11,34,64,3,7.0,5,9,12,11.584665913472813,12.080260587761806,0.26514619277642915,23439.943155628276,440.7776825585461,False,5.0,10.905478185745636,1,9.0,12.080260587761806,1,7.0,11.768258966911,1,True,True
valid_2025_10,2025-10-11,34,65,1,3.0,3,3,8,10.940720072435866,10.940720072435866,0.14450838980301484,22600.06363057989,1280.6572076069242,False,3.0,10.940720072435866,1,,,0,,,0,False,False
valid_2025_10,2025-10-11,34,66,1,8.0,8,8,3,10.698917029410126,10.698917029410126,0.38631143282875513,20812.138278014783,3068.5825601720358,False,8.0,10.698917029410126,1,,,0,,,0,False,False
valid_2025_10,2025-10-11,35,65,1,10.0,10,10,1,10.663165551636304,10.663165551636304,0.42206291060257684,22704.00826589014,1176.7125722966775,False,10.0,10.663165551636304,1,,,0,,,0,False,False
valid_2025_10,2025-10-11,48,63,1,10.0,10,10,1,11.60962467217685,11.60962467217685,0.4538759842507005,20657.132785215792,3223.5880529710266,False,,,0,,,0,10.0,11.60962467217685,1,False,True
valid_2025_10,2025-10-11,48,64,1,8.0,8,8,3,11.69167606056044,11.69167606056044,0.3718245958671105,22934.9878607258,945.7329774610224,False,,,0,,,0,8.0,11.69167606056044,1,False,True
valid_2025_10,2025-10-12,51,68,1,8.0,8,8,3,5.019149239155823,5.019149239155823,0.11027957792519061,9765.050179685237,286.3225653573754,False,8.0,5.019149239155823,1,,,0,,,0,False,False
valid_2025_10,2025-10-12,52,65,1,6.0,6,6,5,5.113883702859219,5.113883702859219,0.16288657155498498,6138.297685158138,3913.0750598844734,False,,,0,,,0,6.0,5.113883702859219,1,False,True
valid_2025_10,2025-10-12,52,66,2,8.0,8,8,6,5.278613835362165,5.471947752111781,0.14231829392324613,6520.061105634674,3531.311639407938,False,,,0,8.0,5.471947752111781,1,8.0,5.0852799186125495,1,False,True
valid_2025_10,2025-10-12,52,67,2,7.0,7,7,8,5.2516803647875925,5.47984310010181,0.09558103583122346,8619.759918255626,1431.6128267869865,False,7.0,5.023517629473375,1,7.0,5.47984310010181,1,,,0,False,True
valid_2025_10,2025-10-12,52,68,1,3.0,3,3,8,5.089282155249634,5.089282155249634,0.04014666183137905,9701.422942939147,349.9498021034651,False,3.0,5.089282155249634,1,,,0,,,0,False,False
valid_2025_10,2025-10-12,52,69,1,10.0,10,10,1,4.98487824754141,4.98487824754141,0.14455056953960366,9828.677416431328,222.6953286112839,False,10.0,4.98487824754141,1,,,0,,,0,False,False
valid_2025_10,2025-10-12,53,64,1,10.0,10,10,1,4.998312964415632,4.998312964415632,0.2784573099985721,3531.3116394079634,6520.061105634649,False,,,0,,,0,10.0,4.998312964415632,1,False,True
valid_2025_10,2025-10-12,53,65,2,5.5,1,10,11,5.368113124088293,5.459455973762381,0.052819005197118685,5662.82407040196,4388.548674640652,False,,,0,10.0,5.459455973762381,1,1.0,5.276770274414204,1,False,True
valid_2025_10,2025-10-12,53,66,2,3.0,2,4,16,5.398565828712503,5.548965167257471,0.02236630057290867,6044.587490878497,4006.785254164115,False,,,0,4.0,5.548965167257471,1,2.0,5.2481664901675344,1,False,True
valid_2025_10,2025-10-12,53,67,3,4.0,3,5,21,5.247130751044,5.5568605152475,0.07663360750661259,8144.286303499449,1907.0864415431636,False,4.0,5.063664291304754,1,3.0,5.5568605152475,1,5.0,5.120867446579744,1,True,True
valid_2025_10,2025-10-12,53,68,2,3.5,1,6,15,5.317656673398023,5.505884529715033,0.02960472722079288,9225.94932818297,825.4234168596431,False,1.0,5.129428817081013,1,6.0,5.505884529715033,1,,,0,False,True
valid_2025_10,2025-10-12,53,69,1,6.0,6,6,5,5.025024909372789,5.025024909372789,0.10440390770822461,9353.20380167515,698.1689433674619,False,6.0,5.025024909372789,1,,,0,,,0,False,False
valid_2025_10,2025-10-12,54,65,2,6.0,3,9,10,5.354495193761188,5.4676894426715,0.06643693552422247,5599.19683365587,4452.175911386742,False,,,0,9.0,5.4676894426715,1,3.0,5.241300944850877,1,False,True
valid_2025_10,2025-10-12,54,66,2,3.0,2,4,16,5.3849478983853984,5.557198636166589,0.035984230900012903,5980.960254132408,4070.4124909102047,False,,,0,2.0,5.557198636166589,1,4.0,5.212697160604208,1,False,True
valid_2025_10,2025-10-12,54,67,3,4.333333333333333,1,7,20,5.228335448424256,5.5650939841566185,0.09542891012635597,8080.659066753359,1970.713678289253,False,5.0,5.034514244099732,1,1.0,5.5650939841566185,1,7.0,5.0853981170164175,1,True,True
valid_2025_10,2025-10-12,54,68,2,3.5,2,5,15,5.307198384250071,5.514117998624151,0.04006301636874454,9162.32209143688,889.0506536057328,False,2.0,5.100278769875992,1,5.0,5.514117998624151,1,,,0,False,True
valid_2025_10,2025-10-12,54,69,1,9.0,9,9,2,4.995874862167767,4.995874862167767,0.1335539549132463,9289.57656492906,761.7961801135516,False,9.0,4.995874862167767,1,,,0,,,0,False,False
valid_2025_10,2025-10-12,55,65,1,9.0,9,9,2,5.024568425959046,5.024568425959046,0.25220184845515803,5567.383215282826,4483.989529759786,False,,,0,,,0,9.0,5.024568425959046,1,False,True
valid_2025_10,2025-10-13,52,69,1,9.0,9,9,2,6.78782395413122,6.78782395413122,0.1841052155519911,6455.419014462485,104.66044172363854,False,9.0,6.78782395413122,1,,,0,,,0,False,False
valid_2025_10,2025-10-13,53,67,1,7.0,7,7,4,7.487452290514113,7.487452290514113,0.13834423914751426,6211.89530990234,348.1841462837838,False,,,0,,,0,7.0,7.487452290514113,1,False,True
valid_2025_10,2025-10-13,53,68,2,6.0,6,6,10,7.168008861547438,7.506995905903739,0.13085398812498106,6527.9858779714,32.0935782147244,False,6.0,6.829021817191137,1,,,0,6.0,7.506995905903739,1,False,True
valid_2025_10,2025-10-13,53,69,3,4.666666666666667,3,6,19,7.356290663675158,7.635454012826205,0.1014109374499886,6453.061625341043,107.01783084508132,False,3.0,6.904198182971346,1,6.0,7.635454012826205,1,5.0,7.529219795227924,1,True,True
valid_2025_10,2025-10-13,53,70,3,7.0,5,8,12,7.314768431037385,7.627976291423717,0.14293317008776216,5877.028344269508,683.0511119166158,False,5.0,6.861312092499389,1,8.0,7.627976291423717,1,8.0,7.455016909189048,1,True,True
valid_2025_10,2025-10-13,54,67,3,7.0,3,10,12,7.320592868402713,7.587116572284625,0.13710873272243398,6210.161467701008,349.9179884851156,False,8.0,6.790633007975696,1,10.0,7.587116572284625,1,3.0,7.584029024947817,1,True,True
valid_2025_10,2025-10-13,54,68,3,3.3333333333333335,2,4,23,7.384003624153522,7.651685428220119,0.07369797697162521,6526.252035770069,33.82742041605525,False,4.0,6.896752803903002,1,4.0,7.651685428220119,1,2.0,7.603572640337443,1,True,True
valid_2025_10,2025-10-13,54,69,3,1.0,1,1,30,7.457701601125147,7.775379104030602,0.0,6451.327783139712,108.75167304641218,False,1.0,6.971929169683211,1,1.0,7.775379104030602,1,1.0,7.625796529661628,1,True,True
valid_2025_10,2025-10-13,54,70,3,2.6666666666666665,2,4,25,7.416179368487374,7.767901382628114,0.04152223263777296,5875.294502068177,684.7849541179467,False,2.0,6.929043079211255,1,2.0,7.767901382628114,1,4.0,7.551593643622752,1,True,True
valid_2025_10,2025-10-13,55,68,1,10.0,10,10,1,7.424509833283075,7.424509833283075,0.20128669637855268,6523.894646648627,36.18480953749713,False,,,0,,,0,10.0,7.424509833283075,1,False,True
valid_2025_10,2025-10-13,55,69,3,6.333333333333333,3,9,14,7.310733276093045,7.658704295622922,0.1469683250321019,6448.970394018269,111.10906216785496,False,7.0,6.8267618100489535,1,3.0,7.658704295622922,1,9.0,7.446733722607259,1,True,True
valid_2025_10,2025-10-13,55,70,2,7.5,5,10,7,7.217551146898716,7.651226574220434,0.15610298995819072,5872.937112946735,687.1423432393894,False,10.0,6.783875719576997,1,5.0,7.651226574220434,1,,,0,False,True
valid_2025_10,2025-10-13,56,69,1,7.0,7,7,4,7.632190862218273,7.632190862218273,0.1431882418123287,6435.847276439387,124.23217974673662,False,,,0,7.0,7.632190862218273,1,,,0,False,True
valid_2025_10,2025-10-13,56,70,1,9.0,9,9,2,7.6247131408157856,7.6247131408157856,0.1506659632148164,5859.813995367854,700.2654608182702,False,,,0,9.0,7.6247131408157856,1,,,0,False,True
valid_2025_10,2025-10-14,54,68,2,9.5,9,10,3,6.853372199522537,7.294378897254526,0.1254285464616256,13941.335211179125,9392.84993289165,False,10.0,6.41236550179055,1,9.0,7.294378897254526,1,,,0,False,True
valid_2025_10,2025-10-14,54,69,2,4.5,2,7,13,6.942846514632417,7.359435496674455,0.03595423135174647,13750.453500940856,9583.731643129917,False,2.0,6.526257532590379,1,7.0,7.359435496674455,1,,,0,False,True
valid_2025_10,2025-10-14,54,70,2,6.0,4,8,10,6.904829394845468,7.296663669450564,0.07397135113869524,13623.199027448676,9710.986116622096,False,4.0,6.512995120240372,1,8.0,7.296663669450564,1,,,0,False,True
valid_2025_10,2025-10-14,54,71,1,8.0,8,8,3,6.446968537652599,6.446968537652599,0.081374213381884,13591.38540907563,9742.799734995142,False,8.0,6.446968537652599,1,,,0,,,0,False,False
valid_2025_10,2025-10-14,54,87,1,7.0,7,7,4,6.708439535090255,6.708439535090255,0.22070541036882485,14909.06412438326,8425.121019687513,False,,,0,,,0,7.0,6.708439535090255,1,False,True
valid_2025_10,2025-10-14,54,88,1,3.0,3,3,8,6.846629068601979,6.846629068601979,0.0825158768571006,11651.247799404686,11682.937344666088,False,,,0,,,0,3.0,6.846629068601979,1,False,True
valid_2025_10,2025-10-14,55,68,2,7.0,5,9,8,6.889326430874284,7.364202141513915,0.08947431510987913,13068.814913679997,10265.370230390776,False,9.0,6.414450720234654,1,5.0,7.364202141513915,1,,,0,False,True
valid_2025_10,2025-10-14,55,69,2,1.0,1,1,20,6.978800745984163,7.429258740933844,0.0,12877.93320344173,10456.251940629045,False,1.0,6.528342751034483,1,1.0,7.429258740933844,1,,,0,False,True
valid_2025_10,2025-10-14,55,70,2,3.0,3,3,16,6.940783626197215,7.366486913709953,0.038017119786949216,12750.67872994955,10583.506414121222,False,3.0,6.515080338684475,1,3.0,7.366486913709953,1,,,0,False,True
valid_2025_10,2025-10-14,55,71,2,8.5,7,10,5,6.8630961760895115,7.277138596082319,0.11570456989465239,12718.865111576506,10615.320032494266,False,7.0,6.449053756096703,1,10.0,7.277138596082319,1,,,0,False,True
valid_2025_10,2025-10-14,55,83,1,10.0,10,10,1,6.658974509458499,6.658974509458499,0.27017043600058077,21944.81443975948,1389.3707043112954,False,,,0,,,0,10.0,6.658974509458499,1,False,True
valid_2025_10,2025-10-14,55,87,1,5.0,5,5,6,6.737546601624416,6.737546601624416,0.1915983438346638,14036.543826884135,9297.641317186635,False,,,0,,,0,5.0,6.737546601624416,1,False,True
valid_2025_10,2025-10-14,55,88,1,2.0,2,2,9,6.87573613513614,6.87573613513614,0.05340881032293954,10778.72750190556,12555.457642165213,False,,,0,,,0,2.0,6.87573613513614,1,False,True
valid_2025_10,2025-10-14,56,68,1,6.0,6,6,5,7.363674947747867,7.363674947747867,0.06558379318597662,12355.362708046096,10978.822436024677,False,,,0,6.0,7.363674947747867,1,,,0,False,True
valid_2025_10,2025-10-14,56,69,2,3.5,2,5,15,6.956347387270868,7.428731547167796,0.022453358713295568,12164.48099780783,11169.704146262942,False,5.0,6.483963227373939,1,2.0,7.428731547167796,1,,,0,False,True
valid_2025_10,2025-10-14,56,70,2,5.0,4,6,12,6.918330267483919,7.3659597199439055,0.060470478500244784,12037.22652431565,11296.958619755122,False,6.0,6.470700815023932,1,4.0,7.3659597199439055,1,,,0,False,True
valid_2025_10,2025-10-14,56,82,1,9.0,9,9,2,6.672535861227861,6.672535861227861,0.25660908423121853,21326.80308924471,2007.3820548260628,False,,,0,,,0,9.0,6.672535861227861,1,False,True
valid_2025_10,2025-10-14,56,83,1,6.0,6,6,5,6.712383319781439,6.712383319781439,0.21676162567764123,21231.362234125576,2102.8229099451964,False,,,0,,,0,6.0,6.712383319781439,1,False,True
valid_2025_10,2025-10-14,56,86,1,8.0,8,8,3,6.682932619004618,6.682932619004618,0.24621232645446156,16656.815239666896,6677.369904403877,False,,,0,,,0,8.0,6.682932619004618,1,False,True
valid_2025_10,2025-10-14,56,87,1,4.0,4,4,7,6.790955411947356,6.790955411947356,0.13818953351172425,13323.091621250234,10011.093522820538,False,,,0,,,0,4.0,6.790955411947356,1,False,True
valid_2025_10,2025-10-14,56,88,1,1.0,1,1,10,6.92914494545908,6.92914494545908,0.0,10065.27529627166,13268.909847799112,False,,,0,,,0,1.0,6.92914494545908,1,False,True
valid_2025_10,2025-10-15,0,64,1,1.0,1,1,10,13.627384325856829,13.627384325856829,0.0,-132.53235278026665,14618.653509064889,False,1.0,13.627384325856829,1,,,0,,,0,False,False
valid_2025_10,2025-10-15,0,65,1,9.0,9,9,2,13.461448666608694,13.461448666608694,0.16593565924813447,-1071.0340947850873,15557.15525106971,False,9.0,13.461448666608694,1,,,0,,,0,False,False
valid_2025_10,2025-10-15,3,64,1,5.0,5,5,6,13.481039007458191,13.481039007458191,0.1463453183986374,333.32718650357765,14152.793969781043,False,5.0,13.481039007458191,1,,,0,,,0,False,False
valid_2025_10,2025-10-15,4,64,1,3.0,3,3,8,13.531923164068315,13.531923164068315,0.0954611617885135,742.0621926367801,13744.058963647842,False,3.0,13.531923164068315,1,,,0,,,0,False,False
valid_2025_10,2025-10-15,5,64,1,2.0,2,2,9,13.533627451486185,13.533627451486185,0.09375687437064428,743.5828835950105,13742.538272689611,False,2.0,13.533627451486185,1,,,0,,,0,False,False
valid_2025_10,2025-10-15,6,64,1,4.0,4,4,7,13.513926089359655,13.513926089359655,0.11345823649717346,743.5828835950105,13742.538272689611,False,4.0,13.513926089359655,1,,,0,,,0,False,False
valid_2025_10,2025-10-15,7,64,1,6.0,6,6,5,13.480054489911936,13.480054489911936,0.1473298359448929,756.308330944229,13729.812825340392,False,6.0,13.480054489911936,1,,,0,,,0,False,False
valid_2025_10,2025-10-15,8,64,1,7.0,7,7,4,13.46782702175046,13.46782702175046,0.15955730410636804,767.5130873352174,13718.608068949405,False,7.0,13.46782702175046,1,,,0,,,0,False,False
valid_2025_10,2025-10-15,9,64,2,6.0,4,8,10,14.14199767095031,14.82121720910927,0.17104747136643894,778.7178437262057,13707.403312558416,False,8.0,13.46277813279135,1,4.0,14.82121720910927,1,,,0,False,True
valid_2025_10,2025-10-15,10,63,2,9.5,9,10,3,14.83915734502237,14.93844230036158,0.3299989977829938,-1643.81920542073,16129.940361705352,False,,,0,9.0,14.73987238968316,1,10.0,14.93844230036158,1,False,True
valid_2025_10,2025-10-15,10,64,3,5.666666666666667,3,10,16,14.514378930993134,15.1541864801353,0.14085340616271758,789.9226001171904,13696.198556167432,False,10.0,13.447107303437347,1,3.0,14.941843009406757,1,4.0,15.1541864801353,1,True,True
valid_2025_10,2025-10-15,11,64,2,5.5,5,6,11,14.961245544788023,15.117729931696742,0.20791079801734114,801.1273565081751,13684.993799776446,False,,,0,5.0,14.804761157879303,1,6.0,15.117729931696742,1,False,True
valid_2025_10,2025-10-15,12,64,2,9.0,8,10,4,14.872293034976948,15.069621502585935,0.2968633078284153,-568.378924490979,15054.5000807756,False,,,0,10.0,14.674964567367962,1,8.0,15.069621502585935,1,False,True
valid_2025_10,2025-10-15,13,63,1,9.0,9,9,2,14.98126487093625,14.98126487093625,0.35834185589780887,-3410.855736162101,17896.976892446724,False,,,0,,,0,9.0,14.98126487093625,1,False,True
valid_2025_10,2025-10-15,13,64,2,5.0,3,7,12,14.993071227926663,15.197009050709973,0.1760851148787017,-977.1139306241814,15463.235086908804,False,,,0,7.0,14.789133405143351,1,3.0,15.197009050709973,1,False,True
valid_2025_10,2025-10-15,14,63,2,6.5,5,8,9,14.94595572735419,15.123862547060336,0.22320061545117298,-3819.590742295304,18305.711898579924,False,,,0,8.0,14.768048907648046,1,5.0,15.123862547060336,1,False,True
valid_2025_10,2025-10-15,14,64,2,1.5,1,2,19,15.154813127102852,15.33960672683406,0.014343215702512957,-1385.848936757384,15871.970093042006,False,,,0,2.0,14.970019527371642,1,1.0,15.33960672683406,1,False,True
valid_2025_10,2025-10-15,15,63,2,6.5,6,7,9,14.954251790604234,15.111768242155396,0.21490455220112992,-5200.301779685447,19686.42293597007,False,,,0,6.0,14.796735339053072,1,7.0,15.111768242155396,1,False,True
valid_2025_10,2025-10-15,15,64,2,1.5,1,2,19,15.163109190352893,15.327512421929118,0.006047152452470783,-2766.559974147526,17252.68113043215,False,,,0,1.0,14.998705958776668,1,2.0,15.327512421929118,1,False,True
valid_2025_10,2025-10-16,53,65,2,8.0,8,8,6,2.410657636292978,2.483380986705292,0.17872598481105206,701.3980256323542,3867.168008572246,False,8.0,2.337934285880664,1,,,0,8.0,2.483380986705292,1,False,True
valid_2025_10,2025-10-16,53,66,2,6.5,4,9,9,2.457949246429113,2.480914804993567,0.13143437467491736,701.3980256323542,3867.168008572246,False,4.0,2.4349836878646585,1,,,0,9.0,2.480914804993567,1,False,True
valid_2025_10,2025-10-16,53,67,1,3.0,3,3,8,2.449594797795718,2.449594797795718,0.061849954775162974,627.9721944273682,3940.593839777232,False,3.0,2.449594797795718,1,,,0,,,0,False,False
valid_2025_10,2025-10-16,53,68,1,10.0,10,10,1,2.332370225500121,2.332370225500121,0.17907452707076033,627.9721944273682,3940.593839777232,False,10.0,2.332370225500121,1,,,0,,,0,False,False
valid_2025_10,2025-10-16,53,73,1,10.0,10,10,1,2.84978030591391,2.84978030591391,0.07037937169626218,627.9721944273682,3940.593839777232,False,,,0,10.0,2.84978030591391,1,,,0,False,True
valid_2025_10,2025-10-16,53,74,1,8.0,8,8,3,2.864765477581628,2.864765477581628,0.05539420002854456,627.9721944273682,3940.593839777232,False,,,0,8.0,2.864765477581628,1,,,0,False,True
valid_2025_10,2025-10-16,53,75,1,9.0,9,9,2,2.8578178086545094,2.8578178086545094,0.06234186895566296,627.9721944273682,3940.593839777232,False,,,0,9.0,2.8578178086545094,1,,,0,False,True
valid_2025_10,2025-10-16,53,76,1,7.0,7,7,4,2.872854730464134,2.872854730464134,0.0473049471460385,627.9721944273682,3940.593839777232,False,,,0,7.0,2.872854730464134,1,,,0,False,True
valid_2025_10,2025-10-16,54,63,2,7.0,7,7,8,2.419454118778855,2.488412171683933,0.16992950232517523,738.1904752807814,3830.375558923819,False,7.0,2.350496065873777,1,,,0,7.0,2.488412171683933,1,False,True
valid_2025_10,2025-10-16,54,65,2,3.0,1,5,16,2.5335533651465028,2.667322489637179,0.05583025595752744,480.50016645911774,4088.0658677454826,False,5.0,2.3997842406558263,1,,,0,1.0,2.667322489637179,1,False,True
valid_2025_10,2025-10-16,54,66,2,2.0,2,2,18,2.5808449752826377,2.6648563079254544,0.008538645821392521,480.50016645911774,4088.0658677454826,False,2.0,2.496833642639821,1,,,0,2.0,2.6648563079254544,1,False,True
valid_2025_10,2025-10-16,54,67,3,3.3333333333333335,1,6,23,2.6660586987705392,2.8728591719899583,0.03358360783553849,407.0743352541317,4161.491698950469,False,1.0,2.511444752570881,1,6.0,2.8728591719899583,1,3.0,2.613872171750778,1,True,True
valid_2025_10,2025-10-16,54,68,2,8.0,6,10,6,2.4163104562230373,2.4384007321707912,0.1730731648809929,407.0743352541317,4161.491698950469,False,6.0,2.3942201802752834,1,,,0,10.0,2.4384007321707912,1,False,True
valid_2025_10,2025-10-16,54,73,1,4.0,4,4,7,2.8970852530599487,2.8970852530599487,0.023074424550223682,407.0743352541317,4161.491698950469,False,,,0,4.0,2.8970852530599487,1,,,0,False,True
valid_2025_10,2025-10-16,54,74,1,2.0,2,2,9,2.9120704247276663,2.9120704247276663,0.00808925288250606,407.0743352541317,4161.491698950469,False,,,0,2.0,2.9120704247276663,1,,,0,False,True
valid_2025_10,2025-10-16,54,75,1,3.0,3,3,8,2.905122755800548,2.905122755800548,0.01503692180962446,407.0743352541317,4161.491698950469,False,,,0,3.0,2.905122755800548,1,,,0,False,True
valid_2025_10,2025-10-16,54,76,1,1.0,1,1,10,2.9201596776101724,2.9201596776101724,0.0,407.0743352541317,4161.491698950469,False,,,0,1.0,2.9201596776101724,1,,,0,False,True
valid_2025_10,2025-10-16,54,77,1,5.0,5,5,6,2.8789565876672043,2.8789565876672043,0.04120308994296806,407.0743352541317,4161.491698950469,False,,,0,5.0,2.8789565876672043,1,,,0,False,True
valid_2025_10,2025-10-16,55,65,1,4.0,4,4,7,2.578966090981225,2.578966090981225,0.08835639865595413,359.748396562388,4208.8176376422125,False,,,0,,,0,4.0,2.578966090981225,1,False,True
valid_2025_10,2025-10-16,55,66,1,5.0,5,5,6,2.5764999092695007,2.5764999092695007,0.09082258036767854,359.748396562388,4208.8176376422125,False,,,0,,,0,5.0,2.5764999092695007,1,False,True
valid_2025_10,2025-10-16,55,67,2,7.5,6,9,7,2.4304410819015416,2.525515773094824,0.15894253920248858,286.322565357402,4282.243468847199,False,9.0,2.335366390708259,1,,,0,6.0,2.525515773094824,1,False,True
valid_2025_10,2025-10-17,48,65,1,7.0,7,7,4,14.0289258665153,14.0289258665153,0.1947567476440799,5212.880884390154,10273.377718135249,False,7.0,14.0289258665153,1,,,0,,,0,False,False
valid_2025_10,2025-10-17,48,66,1,8.0,8,8,3,13.984162266219563,13.984162266219563,0.23952034793981625,5593.868052578388,9892.390549947017,False,8.0,13.984162266219563,1,,,0,,,0,False,False
valid_2025_10,2025-10-17,49,65,2,5.0,3,7,12,14.170421232122568,14.186660619439046,0.15423680332920142,5144.742476558768,10341.516125966637,False,3.0,14.186660619439046,1,7.0,14.15418184480609,1,,,0,False,True
valid_2025_10,2025-10-17,49,66,1,6.0,6,6,5,14.141897019143308,14.141897019143308,0.08178559501607197,5525.729644747003,9960.528957778402,False,6.0,14.141897019143308,1,,,0,,,0,False,False
valid_2025_10,2025-10-17,50,65,3,3.0,2,5,24,14.22296242470609,14.355532813718966,0.08029277807336162,4661.391809893424,10824.86679263198,False,2.0,14.223284485990128,1,2.0,14.355532813718966,1,5.0,14.090069974409175,1,True,True
valid_2025_10,2025-10-17,50,66,2,6.5,5,8,9,14.151805392680473,14.17852088569439,0.17285264277129642,5042.378978081658,10443.879624443747,False,5.0,14.17852088569439,1,8.0,14.125089899666555,1,,,0,False,True
valid_2025_10,2025-10-17,51,64,1,9.0,9,9,2,14.086507631163691,14.086507631163691,0.3391258255804672,3572.793416404583,11913.465186120822,False,,,0,9.0,14.086507631163691,1,,,0,False,True
valid_2025_10,2025-10-17,51,65,3,1.0,1,1,30,14.303255202779452,14.425633456744158,0.0,3362.0631896633704,12124.195412862036,False,1.0,14.22368261415938,1,1.0,14.425633456744158,1,1.0,14.260449537434816,1,True,True
valid_2025_10,2025-10-17,51,66,3,5.333333333333333,4,6,17,14.136212491285946,14.195190542691748,0.16704271149350625,3743.050357851605,11743.2082446738,False,4.0,14.17891901386364,1,6.0,14.195190542691748,1,6.0,14.034527917302448,1,True,True
valid_2025_10,2025-10-17,51,67,1,10.0,10,10,1,13.970778709793793,13.970778709793793,0.25290390436558674,4172.823709814903,11313.434892710502,False,10.0,13.970778709793793,1,,,0,,,0,False,False
valid_2025_10,2025-10-17,52,65,3,5.0,3,9,18,14.132048949275957,14.258305620134209,0.17120625350349408,3906.114240184481,11580.144362340923,False,9.0,13.982969956919789,1,3.0,14.258305620134209,1,3.0,14.154871270773874,1,True,True
valid_2025_10,2025-10-17,52,66,2,9.5,9,10,3,13.978406178361652,14.027862706081798,0.36463531872783506,4287.101408372715,11199.157194152687,False,,,0,10.0,14.027862706081798,1,9.0,13.928949650641506,1,False,True
valid_2025_10,2025-10-17,53,65,2,4.5,4,5,13,14.176829446162703,14.200543117189042,0.16621205092678437,5380.675451775104,10105.5831507503,False,,,0,5.0,14.200543117189042,1,4.0,14.153115775136364,1,False,True
valid_2025_10,2025-10-17,53,66,1,10.0,10,10,1,13.927194155003995,13.927194155003995,0.33325538243082065,5761.662619963338,9724.595982562068,False,,,0,,,0,10.0,13.927194155003995,1,False,True
valid_2025_10,2025-10-17,54,65,2,3.0,2,4,16,14.200356143458876,14.244234345309144,0.1426853536306112,5598.28060144673,9887.978001078674,False,,,0,4.0,14.244234345309144,1,2.0,14.156477941608609,1,False,True
valid_2025_10,2025-10-17,54,66,1,8.0,8,8,3,13.93055632147624,13.93055632147624,0.3298932159585757,5979.267769634964,9506.99083289044,False,,,0,,,0,8.0,13.93055632147624,1,False,True
valid_2025_10,2025-10-17,55,65,1,7.0,7,7,4,14.022825872214142,14.022825872214142,0.23762366522067424,4251.155200973013,11235.103401552393,False,,,0,,,0,7.0,14.022825872214142,1,False,True
valid_2025_10,2025-10-18,46,62,1,9.0,9,9,2,5.619717182083548,5.619717182083548,0.17429728863224625,-1262.0907799244064,4334.274641696251,False,,,0,,,0,9.0,5.619717182083548,1,False,True
valid_2025_10,2025-10-18,47,62,1,5.0,5,5,6,5.724867442594999,5.724867442594999,0.06914702812079554,-1262.0907799244064,4334.274641696251,False,,,0,,,0,5.0,5.724867442594999,1,False,True
valid_2025_10,2025-10-18,48,62,1,3.0,3,3,8,5.74982465028684,5.74982465028684,0.04418982042895436,182.2474942118255,2889.9363675600184,False,,,0,,,0,3.0,5.74982465028684,1,False,True
valid_2025_10,2025-10-18,49,62,1,8.0,8,8,3,5.623360070122928,5.623360070122928,0.1706544005928663,0.9098694854685618,3071.273992286376,False,,,0,,,0,8.0,5.623360070122928,1,False,True
valid_2025_10,2025-10-18,50,62,1,7.0,7,7,4,5.632952672941144,5.632952672941144,0.16106179777465002,-272.68724852271475,3344.871110294559,False,,,0,,,0,7.0,5.632952672941144,1,False,True
valid_2025_10,2025-10-18,51,62,3,6.666666666666667,4,8,13,5.642920598256718,6.001230631918176,0.18468097903939432,-432.6652098734076,3504.849071645252,False,8.0,5.1930333005795575,1,8.0,6.001230631918176,1,4.0,5.73449786227242,1,True,True
valid_2025_10,2025-10-18,52,62,3,3.3333333333333335,1,5,23,5.7357837631873,6.075334911310463,0.09181781410881247,-432.6652098734076,3504.849071645252,False,4.0,5.3380019075356415,1,5.0,6.075334911310463,1,1.0,5.794014470715794,1,True,True
valid_2025_10,2025-10-18,52,63,3,8.666666666666666,7,10,7,5.597501505333075,5.985518883129643,0.2301000719630363,-738.0759462546375,3810.2598080264816,False,7.0,5.217802591353248,1,9.0,5.985518883129643,1,10.0,5.589183041516336,1,True,True
valid_2025_10,2025-10-18,52,64,2,10.0,10,10,2,5.530173761110156,5.978857493004824,0.31422136947611534,-1043.4866826358675,4115.670544407712,False,10.0,5.081490029215487,1,10.0,5.978857493004824,1,,,0,False,True
valid_2025_10,2025-10-18,53,62,3,2.0,2,2,27,5.786083698540788,6.149121777449992,0.04151787875532372,-432.6652098734076,3504.849071645252,False,2.0,5.43192095946597,1,2.0,6.149121777449992,1,2.0,5.777208358706403,1,True,True
valid_2025_10,2025-10-18,53,63,2,5.5,5,6,11,5.685513696276374,6.059305749269171,0.15888143430989743,-738.0759462546375,3810.2598080264816,False,5.0,5.311721643283576,1,6.0,6.059305749269171,1,,,0,False,True
valid_2025_10,2025-10-18,53,64,2,8.0,7,9,6,5.614026720145084,6.052644359144352,0.23036841044118672,-1043.4866826358675,4115.670544407712,False,9.0,5.175409081145816,1,7.0,6.052644359144352,1,,,0,False,True
valid_2025_10,2025-10-18,54,62,3,2.6666666666666665,1,6,25,5.798633580039062,6.195771619227045,0.02896799725705061,-432.6652098734076,3504.849071645252,False,1.0,5.493018641945497,1,1.0,6.195771619227045,1,6.0,5.707110478944642,1,True,True
valid_2025_10,2025-10-18,54,63,2,3.0,3,3,16,5.739387458404664,6.105955591046225,0.10500767218160689,-738.0759462546375,3810.2598080264816,False,3.0,5.372819325763103,1,3.0,6.105955591046225,1,,,0,False,True
valid_2025_10,2025-10-18,54,64,2,5.0,4,6,12,5.6679004822733745,6.099294200921406,0.17649464831289663,-1043.4866826358675,4115.670544407712,False,6.0,5.236506763625343,1,4.0,6.099294200921406,1,,,0,False,True
valid_2025_10,2025-10-19,42,66,1,10.0,10,10,1,9.206687383234147,9.206687383234147,0.10212452825955864,7986.808892552879,5588.854226322788,False,,,0,,,0,10.0,9.206687383234147,1,False,True
valid_2025_10,2025-10-19,42,67,1,8.0,8,8,3,9.227047897680457,9.227047897680457,0.08176401381324894,8788.512075553608,4787.151043322059,False,,,0,,,0,8.0,9.227047897680457,1,False,True
valid_2025_10,2025-10-19,45,88,1,10.0,10,10,1,10.219940391146316,10.219940391146316,0.3405499719478442,10796.899440720244,2778.763678155423,False,10.0,10.219940391146316,1,,,0,,,0,False,False
valid_2025_10,2025-10-19,46,66,1,5.0,5,5,6,9.283502086945257,9.283502086945257,0.0253098245484491,8190.002473101515,5385.660645774153,False,,,0,,,0,5.0,9.283502086945257,1,False,True
valid_2025_10,2025-10-19,46,67,1,2.0,2,2,9,9.303862601391565,9.303862601391565,0.004949310102141169,8991.705656102244,4583.957462773424,False,,,0,,,0,2.0,9.303862601391565,1,False,True
valid_2025_10,2025-10-19,46,88,1,5.0,5,5,6,10.400762970781862,10.400762970781862,0.15972739231229838,10811.180574007903,2764.482544867764,False,5.0,10.400762970781862,1,,,0,,,0,False,False
valid_2025_10,2025-10-19,47,66,1,9.0,9,9,2,9.221081624186644,9.221081624186644,0.08773028730706223,8184.425545800721,5391.237573074946,False,,,0,,,0,9.0,9.221081624186644,1,False,True
valid_2025_10,2025-10-19,47,67,1,7.0,7,7,4,9.241442138632957,9.241442138632957,0.06736977286074897,8986.12872880145,4589.534390074217,False,,,0,,,0,7.0,9.241442138632957,1,False,True
valid_2025_10,2025-10-19,47,88,1,4.0,4,4,7,10.42867610557986,10.42867610557986,0.13181425751429998,10805.603646707108,2770.0594721685598,False,4.0,10.42867610557986,1,,,0,,,0,False,False
valid_2025_10,2025-10-19,48,66,1,6.0,6,6,5,9.274580147898575,9.274580147898575,0.03423176359513036,8184.425545800721,5391.237573074946,False,,,0,,,0,6.0,9.274580147898575,1,False,True
valid_2025_10,2025-10-19,48,67,1,3.0,3,3,8,9.294940662344883,9.294940662344883,0.013871249148822429,8986.12872880145,4589.534390074217,False,,,0,,,0,3.0,9.294940662344883,1,False,True
valid_2025_10,2025-10-19,48,87,1,9.0,9,9,2,10.235645946455662,10.235645946455662,0.3248444166384985,11146.849242823737,2428.8138760519305,False,9.0,10.235645946455662,1,,,0,,,0,False,False
valid_2025_10,2025-10-19,48,88,2,6.5,3,10,9,9.555606850687926,10.48838923042686,0.0943373014311506,10805.603646707108,2770.0594721685598,False,3.0,10.48838923042686,1,10.0,8.622824470948991,1,,,0,False,True
valid_2025_10,2025-10-19,49,65,1,4.0,4,4,7,8.71962240615504,8.71962240615504,0.019775534988951904,7157.8382572446135,6417.824861631054,False,,,0,4.0,8.71962240615504,1,,,0,False,True
valid_2025_10,2025-10-19,49,66,2,3.5,3,4,15,9.010697086530534,9.288451397047396,0.01340783978831439,8169.59085555337,5406.072263322298,False,,,0,3.0,8.732942776013672,1,4.0,9.288451397047396,1,False,True
valid_2025_10,2025-10-19,49,67,2,1.5,1,2,19,9.022940474682109,9.308811911493706,0.0011644516367397273,8971.294038554099,4604.369080321569,False,,,0,2.0,8.737069037870512,1,1.0,9.308811911493706,1,False,True
valid_2025_10,2025-10-19,49,87,2,7.5,7,8,7,9.483617239224436,10.307747079122962,0.16632691289463963,11132.014552576386,2443.648566299282,False,7.0,10.307747079122962,1,8.0,8.659487399325911,1,,,0,False,True
valid_2025_10,2025-10-19,49,88,2,1.0,1,1,20,9.649944152119076,10.56049036309416,0.0,10790.768956459757,2784.8941624159106,False,1.0,10.56049036309416,1,1.0,8.739397941143991,1,,,0,False,True
valid_2025_10,2025-10-19,50,65,1,9.0,9,9,2,8.655996890108923,8.655996890108923,0.08340105103506801,7157.8382572446135,6417.824861631054,False,,,0,9.0,8.655996890108923,1,,,0,False,True
valid_2025_10,2025-10-19,50,66,1,7.0,7,7,4,8.669317259967556,8.669317259967556,0.07008068117643518,8169.59085555337,5406.072263322298,False,,,0,7.0,8.669317259967556,1,,,0,False,True
valid_2025_10,2025-10-19,50,67,1,6.0,6,6,5,8.673443521824396,8.673443521824396,0.06595441931959556,8971.294038554099,4604.369080321569,False,,,0,6.0,8.673443521824396,1,,,0,False,True
valid_2025_10,2025-10-19,50,87,1,8.0,8,8,3,10.244871189166505,10.244871189166505,0.31561917392765615,11132.014552576386,2443.648566299282,False,8.0,10.244871189166505,1,,,0,,,0,False,False
valid_2025_10,2025-10-19,50,88,2,3.5,2,5,15,9.586693449117789,10.497614473137702,0.06325070300128743,10790.768956459757,2784.8941624159106,False,2.0,10.497614473137702,1,5.0,8.675772425097875,1,,,0,False,True
valid_2025_10,2025-10-19,51,88,1,6.0,6,6,5,10.376483570218198,10.376483570218198,0.18400679287596233,10790.768956459757,2784.8941624159106,False,6.0,10.376483570218198,1,,,0,,,0,False,False
valid_2025_10,2025-10-20,46,88,1,7.0,7,7,4,9.849256271986818,9.849256271986818,0.40252550551204713,3022.3096522484366,4353.661860732773,False,,,0,7.0,9.849256271986818,1,,,0,False,True
valid_2025_10,2025-10-20,47,88,3,5.666666666666667,5,6,16,10.345779326742132,11.432113843726595,0.2158473325047622,3086.6304258750574,4289.341087106152,False,6.0,11.432113843726595,1,5.0,10.097251576242684,1,6.0,9.507972560257116,1,True,True
valid_2025_10,2025-10-20,48,87,1,10.0,10,10,1,9.71121860981708,9.71121860981708,0.5405631676817855,3102.7981067322407,4273.173406248969,False,,,0,10.0,9.71121860981708,1,,,0,False,True
valid_2025_10,2025-10-20,48,88,3,4.0,3,5,21,10.44348833870553,11.549840471643918,0.1181383205413642,3102.7981067322407,4273.173406248969,False,4.0,11.549840471643918,1,3.0,10.191263018910972,1,5.0,9.5893615255617,1,True,True
valid_2025_10,2025-10-20,49,87,3,9.0,8,10,6,10.1021780375816,11.229542495664248,0.4594486216652947,3145.533340292751,4230.4381726884585,False,9.0,11.229542495664248,1,8.0,9.77173736840497,1,10.0,9.30525424867558,1,True,True
valid_2025_10,2025-10-20,49,88,3,2.0,1,3,27,10.540696069379218,11.641803236043415,0.02093058986767519,3145.533340292751,4230.4381726884585,False,2.0,11.641803236043415,1,1.0,10.251781777498865,1,3.0,9.728503194595376,1,True,True
valid_2025_10,2025-10-20,50,87,3,8.333333333333334,7,9,8,10.096259502937098,11.242418281450057,0.46536715630979586,3264.389018534446,4111.582494446763,False,7.0,11.242418281450057,1,9.0,9.719503992440965,1,9.0,9.326856234920273,1,True,True
valid_2025_10,2025-10-20,50,88,3,1.6666666666666667,1,2,28,10.534777534734715,11.654679021829224,0.02684912451217869,3264.389018534446,4111.582494446763,False,1.0,11.654679021829224,1,2.0,10.199548401534855,1,2.0,9.750105180840066,1,True,True
valid_2025_10,2025-10-20,51,87,2,9.0,8,10,4,10.285804509868548,11.2164387872443,0.43074459025236056,3395.177985027869,3980.79352795334,False,10.0,11.2164387872443,1,,,0,8.0,9.355170232492796,1,False,True
valid_2025_10,2025-10-20,51,88,3,2.6666666666666665,1,4,25,10.517755297461255,11.628699527623468,0.043871361785638996,3395.177985027869,3980.79352795334,False,3.0,11.628699527623468,1,4.0,10.146147186347704,1,1.0,9.778419178412593,1,True,True
valid_2025_10,2025-10-20,52,88,3,5.0,4,6,18,10.37179792477975,11.476607118831636,0.18982873446714343,3433.9015213115404,3942.069991669669,False,5.0,11.476607118831636,1,6.0,9.971735771584662,1,4.0,9.667050883922954,1,True,True
valid_2025_10,2025-10-20,53,88,2,7.5,7,8,7,10.36886497285878,11.239130292806776,0.34768412726212894,3502.1099191033472,3873.861593877862,False,8.0,11.239130292806776,1,,,0,7.0,9.498599652910784,1,False,True
valid_2025_10,2025-10-21,31,61,1,9.0,9,9,2,7.88864355072981,7.88864355072981,0.5158810321716061,1879.3067899798448,1834.5800239092523,False,,,0,9.0,7.88864355072981,1,,,0,False,True
valid_2025_10,2025-10-21,31,62,1,5.0,5,5,6,8.110425495440225,8.110425495440225,0.2940990874611913,1942.3295679768469,1771.5572459122502,False,,,0,5.0,8.110425495440225,1,,,0,False,True
valid_2025_10,2025-10-21,31,63,2,8.5,8,9,5,7.174297865303799,7.950167935910727,0.42353291706871943,2037.165964346892,1676.720849542205,False,9.0,6.398427794696872,1,8.0,7.950167935910727,1,,,0,False,True
valid_2025_10,2025-10-21,31,64,1,7.0,7,7,4,6.51914277951748,6.51914277951748,0.271994202326141,2068.979582719937,1644.9072311691602,False,7.0,6.51914277951748,1,,,0,,,0,False,False
valid_2025_10,2025-10-21,32,61,1,4.0,4,4,7,8.182742638191002,8.182742638191002,0.2217819447104148,1784.6803634910611,1929.206450398036,False,,,0,4.0,8.182742638191002,1,,,0,False,True
valid_2025_10,2025-10-21,32,62,1,1.0,1,1,10,8.404524582901416,8.404524582901416,0.0,1847.7031414880632,1866.1836724010336,False,,,0,1.0,8.404524582901416,1,,,0,False,True
valid_2025_10,2025-10-21,32,63,2,2.5,2,3,17,7.457344510197466,8.244267023371918,0.14048627217505327,1942.5395378581084,1771.3472760309887,False,3.0,6.670421997023013,1,2.0,8.244267023371918,1,,,0,False,True
valid_2025_10,2025-10-21,32,64,1,1.0,1,1,10,6.791136981843621,6.791136981843621,0.0,1974.3531562311528,1739.533657657944,False,1.0,6.791136981843621,1,,,0,,,0,False,False
valid_2025_10,2025-10-21,32,65,1,4.0,4,4,7,6.641209851448409,6.641209851448409,0.14992713039521277,2006.166774604198,1707.720039284899,False,4.0,6.641209851448409,1,,,0,,,0,False,False
valid_2025_10,2025-10-21,33,61,1,7.0,7,7,4,7.987498285843415,7.987498285843415,0.4170262970580012,1772.5530121672575,1941.3338017218396,False,,,0,7.0,7.987498285843415,1,,,0,False,True
valid_2025_10,2025-10-21,33,62,1,3.0,3,3,8,8.20928023055383,8.20928023055383,0.19524435234758641,1835.57579016426,1878.3110237248368,False,,,0,3.0,8.20928023055383,1,,,0,False,True
valid_2025_10,2025-10-21,33,63,2,5.5,5,6,11,7.302256034130529,8.049022671024332,0.2955747482419895,1930.412186534305,1783.474627354792,False,5.0,6.555489397236727,1,6.0,8.049022671024332,1,,,0,False,True
valid_2025_10,2025-10-21,33,64,1,2.0,2,2,9,6.676204382057335,6.676204382057335,0.114932599786286,1962.2258049073496,1751.6610089817473,False,2.0,6.676204382057335,1,,,0,,,0,False,False
valid_2025_10,2025-10-21,33,65,1,6.0,6,6,5,6.526277251662123,6.526277251662123,0.2648597301814988,1994.0394232803949,1719.8473906087024,False,6.0,6.526277251662123,1,,,0,,,0,False,False
valid_2025_10,2025-10-21,34,62,1,10.0,10,10,1,7.836223104630605,7.836223104630605,0.5683014782708113,1946.0549426883329,1767.8318712007642,False,,,0,10.0,7.836223104630605,1,,,0,False,True
valid_2025_10,2025-10-21,45,62,1,10.0,10,10,1,8.401472164972375,8.401472164972375,0.38988029817166137,2123.17726298026,1590.7095509088372,False,,,0,,,0,10.0,8.401472164972375,1,False,True
valid_2025_10,2025-10-21,46,61,1,3.0,3,3,8,8.614788405104363,8.614788405104363,0.17656405803967345,1829.563016291754,1884.3237975973432,False,,,0,,,0,3.0,8.614788405104363,1,False,True
valid_2025_10,2025-10-21,46,62,1,1.0,1,1,10,8.791352463144037,8.791352463144037,0.0,1892.585794288756,1821.301019600341,False,,,0,,,0,1.0,8.791352463144037,1,False,True
valid_2025_10,2025-10-21,46,63,1,4.0,4,4,7,8.604737756664136,8.604737756664136,0.18661470647990086,1987.422190658801,1726.464623230296,False,,,0,,,0,4.0,8.604737756664136,1,False,True
valid_2025_10,2025-10-21,47,61,1,5.0,5,5,6,8.602121722134456,8.602121722134456,0.18923074100958104,1694.0497274699328,2019.8370864191645,False,,,0,,,0,5.0,8.602121722134456,1,False,True
valid_2025_10,2025-10-21,47,62,1,2.0,2,2,9,8.77868578017413,8.77868578017413,0.012666682969907583,1757.072505466935,1956.8143084221624,False,,,0,,,0,2.0,8.77868578017413,1,False,True
valid_2025_10,2025-10-21,47,63,1,6.0,6,6,5,8.592071073694228,8.592071073694228,0.19928138944980844,1851.90890183698,1861.977912052117,False,,,0,,,0,6.0,8.592071073694228,1,False,True
valid_2025_10,2025-10-21,48,61,1,8.0,8,8,3,8.415128048985679,8.415128048985679,0.37622441415835794,1876.5867256089505,1837.3000882801468,False,,,0,,,0,8.0,8.415128048985679,1,False,True
valid_2025_10,2025-10-21,48,62,1,7.0,7,7,4,8.591692107025352,8.591692107025352,0.1996603561186845,1939.6095036059523,1774.2773102831447,False,,,0,,,0,7.0,8.591692107025352,1,False,True
valid_2025_10,2025-10-21,48,63,1,9.0,9,9,2,8.405077400545451,8.405077400545451,0.38627506259858535,2034.4458999759972,1679.4409139130996,False,,,0,,,0,9.0,8.405077400545451,1,False,True
valid_2025_10,2025-10-21,48,64,1,8.0,8,8,3,6.454540487132206,6.454540487132206,0.33659649471141506,2066.2595183490425,1647.6272955400543,False,8.0,6.454540487132206,1,,,0,,,0,False,False
valid_2025_10,2025-10-21,49,64,1,10.0,10,10,1,6.393816007748114,6.393816007748114,0.39732097409550704,2100.080576041428,1613.8062378476689,False,10.0,6.393816007748114,1,,,0,,,0,False,False
valid_2025_10,2025-10-22,48,63,1,9.0,9,9,2,7.672275107910821,7.672275107910821,0.1590526218162429,2422.3016283709794,15843.477816427108,False,,,0,,,0,9.0,7.672275107910821,1,False,True
valid_2025_10,2025-10-22,48,64,1,10.0,10,10,1,7.601597138898654,7.601597138898654,0.2297305908284093,802.9884531829996,17462.79099161509,False,,,0,,,0,10.0,7.601597138898654,1,False,True
valid_2025_10,2025-10-22,49,63,2,5.0,4,6,12,7.642017418414241,7.777915427141195,0.16136743540987863,2422.3016283709794,15843.477816427108,False,,,0,6.0,7.506119409687287,1,4.0,7.777915427141195,1,False,True
valid_2025_10,2025-10-22,49,64,1,8.0,8,8,3,7.707237458129029,7.707237458129029,0.12409027159803454,802.9884531829996,17462.79099161509,False,,,0,,,0,8.0,7.707237458129029,1,False,True
valid_2025_10,2025-10-22,50,63,2,3.5,2,5,15,7.702279793112979,7.80222871077801,0.101105060711141,4299.305112380617,13966.47433241747,False,,,0,5.0,7.602330875447947,1,2.0,7.80222871077801,1,False,True
valid_2025_10,2025-10-22,50,64,3,7.333333333333333,6,9,11,7.552950639996358,7.731550741765844,0.23982664349763136,2679.9919371926376,15585.787507605452,False,9.0,7.4480569885541,1,7.0,7.4792441896691315,1,6.0,7.731550741765844,1,True,True
valid_2025_10,2025-10-22,50,65,1,10.0,10,10,1,7.44576471200574,7.44576471200574,0.32579743082798984,2616.364700446548,15649.41474435154,False,10.0,7.44576471200574,1,,,0,,,0,False,False
valid_2025_10,2025-10-22,51,62,1,10.0,10,10,1,7.427196078228377,7.427196078228377,0.34824589969279884,4326.101723136231,13939.677721661858,False,,,0,10.0,7.427196078228377,1,,,0,False,True
valid_2025_10,2025-10-22,51,63,2,1.5,1,2,19,7.785043242650431,7.831327729727064,0.018341611173688932,4294.288104763188,13971.4913400349,False,,,0,2.0,7.738758755573798,1,1.0,7.831327729727064,1,False,True
valid_2025_10,2025-10-22,51,64,3,4.0,3,5,21,7.675537923572965,7.760649760714898,0.11723935992102448,2674.9749295752085,15590.80451522288,False,3.0,7.650291940209016,1,4.0,7.615672069794982,1,5.0,7.760649760714898,1,True,True
valid_2025_10,2025-10-22,51,65,1,4.0,4,4,7,7.647999663660656,7.647999663660656,0.12356247917307428,2611.347692829119,15654.43175196897,False,4.0,7.647999663660656,1,,,0,,,0,False,False
valid_2025_10,2025-10-22,52,62,1,9.0,9,9,2,7.463879300575755,7.463879300575755,0.311562677345421,3194.882625113019,15070.89681968507,False,,,0,9.0,7.463879300575755,1,,,0,False,True
valid_2025_10,2025-10-22,52,63,3,3.6666666666666665,1,7,22,7.693330681206153,7.787657037560706,0.09944660228783626,3163.069006739976,15102.710438058111,False,7.0,7.516893028136579,1,1.0,7.775441977921176,1,3.0,7.787657037560706,1,True,True
valid_2025_10,2025-10-22,52,64,3,3.6666666666666665,1,7,22,7.713632167841543,7.77156214283373,0.0791451156524466,1543.7558315519962,16722.023613246092,False,1.0,7.77156214283373,1,3.0,7.65235529214236,1,7.0,7.7169790685485395,1,True,True
valid_2025_10,2025-10-22,52,65,1,2.0,2,2,9,7.76926986628537,7.76926986628537,0.0022922765483599505,1480.1285948059065,16785.650849992184,False,2.0,7.76926986628537,1,,,0,,,0,False,False
valid_2025_10,2025-10-22,52,66,1,8.0,8,8,3,7.47236920578068,7.47236920578068,0.29919293705304995,680.0033672764805,17585.77607752161,False,8.0,7.47236920578068,1,,,0,,,0,False,False
valid_2025_10,2025-10-22,53,63,1,8.0,8,8,3,7.469203000866159,7.469203000866159,0.3062389770550169,2874.299974129686,15391.479470668402,False,,,0,8.0,7.469203000866159,1,,,0,False,True
valid_2025_10,2025-10-22,53,64,1,5.0,5,5,6,7.56419470629767,7.56419470629767,0.20736743653606027,1254.9867989417062,17010.79264585638,False,5.0,7.56419470629767,1,,,0,,,0,False,False
valid_2025_10,2025-10-22,53,65,1,6.0,6,6,5,7.56190242974931,7.56190242974931,0.20965971308442022,1191.3595621956165,17074.419882602473,False,6.0,7.56190242974931,1,,,0,,,0,False,False
valid_2025_10,2025-10-23,46,64,1,8.0,8,8,3,9.319730872737509,9.319730872737509,0.43809330440694794,2061.0070899556536,3967.09776524372,False,,,0,,,0,8.0,9.319730872737509,1,False,True
valid_2025_10,2025-10-23,47,63,2,5.0,5,5,12,9.41625311263779,9.438672131373892,0.39283952826622226,3113.484301143746,2914.6205540556275,False,,,0,5.0,9.438672131373892,1,5.0,9.393834093901688,1,False,True
valid_2025_10,2025-10-23,47,64,3,4.333333333333333,2,8,20,9.464561791929649,9.579602267398258,0.22389387784079537,2903.514419881649,3124.5904353177248,False,8.0,9.244977837442915,1,3.0,9.569105270947771,1,2.0,9.579602267398258,1,True,True
valid_2025_10,2025-10-23,47,65,1,7.0,7,7,4,9.272783638038192,9.272783638038192,0.17439808946511448,1815.48867152352,4212.616183675854,False,7.0,9.272783638038192,1,,,0,,,0,False,False
valid_2025_10,2025-10-23,48,62,2,6.5,6,7,9,9.374025064024579,9.41545951233546,0.4350675768794332,3755.441762207905,2272.6630929914686,False,,,0,6.0,9.41545951233546,1,7.0,9.332590615713698,1,False,True
valid_2025_10,2025-10-23,48,63,3,4.666666666666667,2,9,19,9.479166893516245,9.729927965089686,0.20928877625419773,3850.8826173270377,2177.222237872336,False,9.0,9.135516711811164,1,2.0,9.729927965089686,1,3.0,9.572056003647887,1,True,True
valid_2025_10,2025-10-23,48,64,3,1.3333333333333333,1,2,29,9.679187069572018,9.860361104663568,0.009268600198424792,3640.912736064941,2387.1921191344327,False,2.0,9.419375926908032,1,1.0,9.860361104663568,1,1.0,9.757824177144457,1,True,True
valid_2025_10,2025-10-23,48,65,3,5.666666666666667,1,9,16,9.379267053378934,9.447181727503306,0.3091886163915098,2552.8869877068114,3475.217867492562,False,1.0,9.447181727503306,1,7.0,9.38887818743096,1,9.0,9.301741245202535,1,True,True
valid_2025_10,2025-10-23,48,66,1,10.0,10,10,1,9.115986313362953,9.115986313362953,0.33119541414035325,1464.861239348684,4563.24361585069,False,10.0,9.115986313362953,1,,,0,,,0,False,False
valid_2025_10,2025-10-23,49,63,2,9.0,8,10,4,9.308935463065502,9.347463059104712,0.5001571778385108,3851.254836662001,2176.8500185373728,False,,,0,8.0,9.347463059104712,1,10.0,9.270407867026291,1,False,True
valid_2025_10,2025-10-23,49,64,3,4.666666666666667,4,6,19,9.413581552808774,9.477896198678591,0.2748741169616687,3641.284955399904,2386.8198997994696,False,6.0,9.306672419224869,1,4.0,9.477896198678591,1,4.0,9.456176040522864,1,True,True
valid_2025_10,2025-10-23,49,65,1,5.0,5,5,6,9.33447821982014,9.33447821982014,0.11270350768316639,2553.2592070417745,3474.845648157599,False,5.0,9.33447821982014,1,,,0,,,0,False,False
valid_2025_10,2025-10-23,50,63,1,10.0,10,10,1,9.19942485920444,9.19942485920444,0.6609362454591281,3873.1298806553073,2154.9749745440663,False,,,0,10.0,9.19942485920444,1,,,0,False,True
valid_2025_10,2025-10-23,50,64,3,6.333333333333333,4,9,14,9.347720121980577,9.359142052553407,0.3407355477898661,3663.1599993932105,2364.944855806163,False,4.0,9.35416031461,1,9.0,9.329857998778325,1,6.0,9.359142052553407,1,True,True
valid_2025_10,2025-10-23,50,65,1,3.0,3,3,8,9.381966115205271,9.381966115205271,0.06521561229803474,2575.134251035081,3452.9706041642926,False,3.0,9.381966115205271,1,,,0,,,0,False,False
valid_2025_10,2025-10-24,52,65,1,7.0,7,7,4,7.074268101165586,7.074268101165586,0.15742609673250652,12954.079099017616,6019.136596180191,False,,,0,,,0,7.0,7.074268101165586,1,False,True
valid_2025_10,2025-10-24,52,66,1,9.0,9,9,2,7.029137299706548,7.029137299706548,0.20255689819154465,14703.82810953507,4269.3875856627365,False,,,0,,,0,9.0,7.029137299706548,1,False,True
valid_2025_10,2025-10-24,52,69,1,5.0,5,5,6,8.516067390160813,8.516067390160813,0.14078040895621768,15286.01732576179,3687.198369436017,False,5.0,8.516067390160813,1,,,0,,,0,False,False
valid_2025_10,2025-10-24,52,70,1,8.0,8,8,3,8.474531977000979,8.474531977000979,0.18231582211605257,15286.01732576179,3687.198369436017,False,8.0,8.474531977000979,1,,,0,,,0,False,False
valid_2025_10,2025-10-24,53,65,2,4.0,4,4,14,7.380727800789927,7.60103940157579,0.09905472647545066,12954.079099017616,6019.136596180191,False,,,0,4.0,7.60103940157579,1,4.0,7.1604162000040645,1,False,True
valid_2025_10,2025-10-24,53,66,2,6.5,6,7,9,7.309220784105662,7.503156169666298,0.17056174315971573,14703.82810953507,4269.3875856627365,False,,,0,7.0,7.503156169666298,1,6.0,7.115285398545026,1,False,True
valid_2025_10,2025-10-24,53,68,1,7.0,7,7,4,8.485541094064018,8.485541094064018,0.17130670505301282,15286.01732576179,3687.198369436017,False,7.0,8.485541094064018,1,,,0,,,0,False,False
valid_2025_10,2025-10-24,53,69,1,1.0,1,1,10,8.656847799117031,8.656847799117031,0.0,15286.01732576179,3687.198369436017,False,1.0,8.656847799117031,1,,,0,,,0,False,False
valid_2025_10,2025-10-24,53,70,1,3.0,3,3,8,8.615312385957196,8.615312385957196,0.04153541315983489,15286.01732576179,3687.198369436017,False,3.0,8.615312385957196,1,,,0,,,0,False,False
valid_2025_10,2025-10-24,53,71,1,10.0,10,10,1,8.463418306720285,8.463418306720285,0.19342949239674567,15286.01732576179,3687.198369436017,False,10.0,8.463418306720285,1,,,0,,,0,False,False
valid_2025_10,2025-10-24,54,64,2,8.0,8,8,6,7.2784123108017695,7.49455689030583,0.2013702164636082,12228.728600112196,6744.487095085611,False,,,0,8.0,7.49455689030583,1,8.0,7.062267731297709,1,False,True
valid_2025_10,2025-10-24,54,65,2,1.0,1,1,20,7.479782527265378,7.727870856632663,0.0,12954.079099017616,6019.136596180191,False,,,0,1.0,7.727870856632663,1,1.0,7.231694197898093,1,False,True
valid_2025_10,2025-10-24,54,66,2,2.5,2,3,17,7.408275510581113,7.629987624723171,0.07150701668426462,14703.82810953507,4269.3875856627365,False,,,0,3.0,7.629987624723171,1,2.0,7.186563396439055,1,False,True
valid_2025_10,2025-10-24,54,68,1,9.0,9,9,2,8.471816564270725,8.471816564270725,0.18503123484630635,15286.01732576179,3687.198369436017,False,9.0,8.471816564270725,1,,,0,,,0,False,False
valid_2025_10,2025-10-24,54,69,1,2.0,2,2,9,8.643123269323738,8.643123269323738,0.013724529793293527,15286.01732576179,3687.198369436017,False,2.0,8.643123269323738,1,,,0,,,0,False,False
valid_2025_10,2025-10-24,54,70,1,4.0,4,4,7,8.601587856163903,8.601587856163903,0.055259942953128416,15286.01732576179,3687.198369436017,False,4.0,8.601587856163903,1,,,0,,,0,False,False
valid_2025_10,2025-10-24,55,64,1,10.0,10,10,1,7.415957717937744,7.415957717937744,0.3119131386949192,12213.24809341187,6759.9676017859365,False,,,0,10.0,7.415957717937744,1,,,0,False,True
valid_2025_10,2025-10-24,55,65,2,2.5,2,3,17,7.408584034707452,7.649271684264576,0.07119849255792543,12938.59859231729,6034.6171028805165,False,,,0,2.0,7.649271684264576,1,3.0,7.167896385150328,1,False,True
valid_2025_10,2025-10-24,55,66,2,5.0,5,5,12,7.337077018023187,7.551388452355084,0.1427055092421905,14688.347602834749,4284.86809236306,False,,,0,5.0,7.551388452355084,1,5.0,7.12276558369129,1,False,True
valid_2025_10,2025-10-24,55,69,1,6.0,6,6,5,8.48927187294845,8.48927187294845,0.1675759261685812,15270.536819061466,3702.678876136341,False,6.0,8.48927187294845,1,,,0,,,0,False,False
valid_2025_10,2025-10-24,56,65,2,8.0,6,10,6,7.28558508911523,7.544426992284855,0.19419743815014767,12938.59859231729,6034.6171028805165,False,,,0,6.0,7.544426992284855,1,10.0,7.026743185945605,1,False,True
valid_2025_10,2025-10-24,56,66,1,9.0,9,9,2,7.446543760375363,7.446543760375363,0.2813270962573,14688.347602834749,4284.86809236306,False,,,0,9.0,7.446543760375363,1,,,0,False,True
valid_2025_10,2025-10-25,54,80,1,9.0,9,9,2,6.99651188823654,6.99651188823654,0.07305161449942688,10326.846866534835,866.2752842125647,False,9.0,6.99651188823654,1,,,0,,,0,False,False
valid_2025_10,2025-10-25,55,80,1,10.0,10,10,1,6.995242003889004,6.995242003889004,0.07432149884696315,9253.114976911716,1940.0071738356853,False,10.0,6.995242003889004,1,,,0,,,0,False,False
valid_2025_10,2025-10-25,56,79,1,8.0,8,8,3,6.997563358121631,6.997563358121631,0.07200014461433568,8139.638333855149,3053.4838168922506,False,8.0,6.997563358121631,1,,,0,,,0,False,False
valid_2025_10,2025-10-25,56,80,1,2.0,2,2,9,7.052857847084219,7.052857847084219,0.016705655651747975,8139.638333855149,3053.4838168922506,False,2.0,7.052857847084219,1,,,0,,,0,False,False
valid_2025_10,2025-10-25,56,81,1,6.0,6,6,5,7.010749417066002,7.010749417066002,0.058814085669965266,8139.638333855149,3053.4838168922506,False,6.0,7.010749417066002,1,,,0,,,0,False,False
valid_2025_10,2025-10-25,56,82,1,7.0,7,7,4,6.999035272578091,6.999035272578091,0.07052823015787624,8139.638333855149,3053.4838168922506,False,7.0,6.999035272578091,1,,,0,,,0,False,False
valid_2025_10,2025-10-25,57,68,1,7.0,7,7,4,6.823782180299226,6.823782180299226,0.07862835587835093,7026.161690798583,4166.9604599488175,False,,,0,,,0,7.0,6.823782180299226,1,False,True
valid_2025_10,2025-10-25,57,69,1,1.0,1,1,10,6.902410536177577,6.902410536177577,0.0,7026.161690798583,4166.9604599488175,False,,,0,,,0,1.0,6.902410536177577,1,False,True
valid_2025_10,2025-10-25,57,70,1,4.0,4,4,7,6.843774074303454,6.843774074303454,0.05863646187412286,7026.161690798583,4166.9604599488175,False,,,0,,,0,4.0,6.843774074303454,1,False,True
valid_2025_10,2025-10-25,57,78,1,8.0,8,8,3,7.900705399617074,7.900705399617074,0.13170399943032152,7026.161690798583,4166.9604599488175,False,,,0,8.0,7.900705399617074,1,,,0,False,True
valid_2025_10,2025-10-25,57,79,2,5.5,5,6,11,7.474309481423489,7.934349949073599,0.07667696946819191,7026.161690798583,4166.9604599488175,False,5.0,7.014269013773379,1,6.0,7.934349949073599,1,,,0,False,True
valid_2025_10,2025-10-25,57,80,2,1.5,1,2,19,7.528947745673861,7.988331988611755,0.022038705217820365,7026.161690798583,4166.9604599488175,False,1.0,7.069563502735967,1,2.0,7.988331988611755,1,,,0,False,True
valid_2025_10,2025-10-25,57,81,3,6.666666666666667,3,9,13,7.247513463386035,7.8950781021115475,0.08728101593427813,7026.161690798583,4166.9604599488175,False,3.0,7.02745507271775,1,9.0,7.8950781021115475,1,8.0,6.820007215328808,1,True,True
valid_2025_10,2025-10-25,57,82,2,3.5,3,4,15,6.932266477905827,7.015740928229839,0.0537205415509443,7026.161690798583,4166.9604599488175,False,4.0,7.015740928229839,1,,,0,3.0,6.848792027581816,1,False,True
valid_2025_10,2025-10-25,58,68,1,9.0,9,9,2,6.803873142916814,6.803873142916814,0.09853739326076294,5934.852777024355,5258.269373723045,False,,,0,,,0,9.0,6.803873142916814,1,False,True
valid_2025_10,2025-10-25,58,69,1,2.0,2,2,9,6.882501498795165,6.882501498795165,0.01990903738241201,5934.852777024355,5258.269373723045,False,,,0,,,0,2.0,6.882501498795165,1,False,True
valid_2025_10,2025-10-25,58,70,1,6.0,6,6,5,6.823865036921042,6.823865036921042,0.07854549925653487,5934.852777024355,5258.269373723045,False,,,0,,,0,6.0,6.823865036921042,1,False,True
valid_2025_10,2025-10-25,58,76,1,10.0,10,10,1,7.888740621249994,7.888740621249994,0.1436687777974015,5934.852777024355,5258.269373723045,False,,,0,10.0,7.888740621249994,1,,,0,False,True
valid_2025_10,2025-10-25,58,77,1,7.0,7,7,4,7.917274112738099,7.917274112738099,0.1151352863092967,5934.852777024355,5258.269373723045,False,,,0,7.0,7.917274112738099,1,,,0,False,True
valid_2025_10,2025-10-25,58,78,1,4.0,4,4,7,7.944782810052715,7.944782810052715,0.08762658899468079,5934.852777024355,5258.269373723045,False,,,0,4.0,7.944782810052715,1,,,0,False,True
valid_2025_10,2025-10-25,58,79,1,3.0,3,3,8,7.97842735950924,7.97842735950924,0.05398203953815539,5934.852777024355,5258.269373723045,False,,,0,3.0,7.97842735950924,1,,,0,False,True
valid_2025_10,2025-10-25,58,80,1,1.0,1,1,10,8.032409399047395,8.032409399047395,0.0,5934.852777024355,5258.269373723045,False,,,0,1.0,8.032409399047395,1,,,0,False,True
valid_2025_10,2025-10-25,58,81,2,7.5,5,10,7,7.369626845246792,7.939155512547188,0.0977831223656942,5934.852777024355,5258.269373723045,False,,,0,5.0,7.939155512547188,1,10.0,6.800098177946396,1,False,True
valid_2025_10,2025-10-25,58,82,1,5.0,5,5,6,6.828882990199404,6.828882990199404,0.07352754597817235,5934.852777024355,5258.269373723045,False,,,0,,,0,5.0,6.828882990199404,1,False,True
valid_2025_10,2025-10-26,49,68,1,9.0,9,9,2,9.672248011511826,9.672248011511826,0.08089748674213837,12709.887308471634,6308.29375493447,False,9.0,9.672248011511826,1,,,0,,,0,False,False
valid_2025_10,2025-10-26,50,68,1,5.0,5,5,6,9.700772412717484,9.700772412717484,0.052373085536480346,12709.887308471634,6308.29375493447,False,5.0,9.700772412717484,1,,,0,,,0,False,False
valid_2025_10,2025-10-26,50,69,1,10.0,10,10,1,9.669035245166532,9.669035245166532,0.0841102530874327,13100.84804601982,5917.333017386285,False,10.0,9.669035245166532,1,,,0,,,0,False,False
valid_2025_10,2025-10-26,51,68,2,6.0,2,10,10,10.08355715190455,10.434701150544498,0.057081592528035685,12709.887308471634,6308.29375493447,False,2.0,9.732413153264602,1,10.0,10.434701150544498,1,,,0,False,True
valid_2025_10,2025-10-26,51,69,2,7.0,6,8,8,10.072915086795597,10.445154187877542,0.06772365763698929,13100.84804601982,5917.333017386285,False,6.0,9.700675985713652,1,8.0,10.445154187877542,1,,,0,False,True
valid_2025_10,2025-10-26,52,68,2,1.5,1,2,19,10.135412225766064,10.517678953278164,0.0052265186665216845,12709.887308471634,6308.29375493447,False,1.0,9.753145498253964,1,2.0,10.517678953278164,1,,,0,False,True
valid_2025_10,2025-10-26,52,69,2,2.5,1,4,17,10.12477016065711,10.528131990611207,0.015868583775475287,13100.84804601982,5917.333017386285,False,4.0,9.721408330703014,1,1.0,10.528131990611207,1,,,0,False,True
valid_2025_10,2025-10-26,53,66,1,9.0,9,9,2,10.513085805176956,10.513085805176956,0.10262076831746292,12205.981862975466,6812.199200430638,False,,,0,,,0,9.0,10.513085805176956,1,False,True
valid_2025_10,2025-10-26,53,67,1,10.0,10,10,1,10.510243785313882,10.510243785313882,0.105462788180537,12456.281868249069,6561.899195157035,False,,,0,,,0,10.0,10.510243785313882,1,False,True
valid_2025_10,2025-10-26,53,68,3,3.3333333333333335,3,4,23,10.265329731275045,10.56576403612398,0.033664956178151684,12709.887308471634,6308.29375493447,False,3.0,9.723054078933153,1,4.0,10.507171078768003,1,3.0,10.56576403612398,1,True,True
valid_2025_10,2025-10-26,53,69,2,5.0,3,7,12,10.104470513741624,10.517624116101048,0.036168230690960534,13100.84804601982,5917.333017386285,False,7.0,9.691316911382202,1,3.0,10.517624116101048,1,,,0,False,True
valid_2025_10,2025-10-26,54,66,1,4.0,4,4,7,10.563028342547398,10.563028342547398,0.05267823094702173,12205.981862975466,6812.199200430638,False,,,0,,,0,4.0,10.563028342547398,1,False,True
valid_2025_10,2025-10-26,54,67,1,5.0,5,5,6,10.560186322684324,10.560186322684324,0.05552025081009582,12456.281868249069,6561.899195157035,False,,,0,,,0,5.0,10.560186322684324,1,False,True
valid_2025_10,2025-10-26,54,68,3,5.0,1,8,18,10.263219996194422,10.61570657349442,0.03577469125877464,12709.887308471634,6308.29375493447,False,8.0,9.689574523046147,1,6.0,10.4843788920427,1,1.0,10.61570657349442,1,True,True
valid_2025_10,2025-10-26,54,69,2,6.5,5,8,9,10.506942650605328,10.519053371834914,0.06497663144748511,13100.84804601982,5917.333017386285,False,,,0,5.0,10.494831929375742,1,8.0,10.519053371834914,1,False,True
valid_2025_10,2025-10-26,55,66,1,6.0,6,6,5,10.542500632151352,10.542500632151352,0.07320594134306724,12205.981862975466,6812.199200430638,False,,,0,,,0,6.0,10.542500632151352,1,False,True
valid_2025_10,2025-10-26,55,67,1,7.0,7,7,4,10.539658612288278,10.539658612288278,0.07604796120614132,12456.281868249069,6561.899195157035,False,,,0,,,0,7.0,10.539658612288278,1,False,True
valid_2025_10,2025-10-26,55,68,2,5.5,2,9,11,10.518805696718662,10.595178863098376,0.05311358533415156,12709.887308471634,6308.29375493447,False,,,0,9.0,10.442432530338948,1,2.0,10.595178863098376,1,False,True
valid_2025_10,2025-10-26,55,69,1,7.0,7,7,4,10.452885567671991,10.452885567671991,0.07524642293921602,13100.84804601982,5917.333017386285,False,,,0,7.0,10.452885567671991,1,,,0,False,True
valid_2025_10,2025-10-27,41,69,1,8.0,8,8,3,14.057840921736243,14.057840921736243,0.11551100328700414,11950.10493040107,11801.770753374894,False,8.0,14.057840921736243,1,,,0,,,0,False,False
valid_2025_10,2025-10-27,42,69,3,7.666666666666667,4,10,10,14.081988863547096,14.12651063638038,0.11455830428670548,12860.308458863066,10891.567224912898,False,4.0,14.12651063638038,1,9.0,14.060937967074697,1,10.0,14.05851798718621,1,True,True
valid_2025_10,2025-10-27,43,68,3,5.666666666666667,5,6,16,14.118840420754479,14.190058484134555,0.07770674707932261,12281.93687684111,11469.938806934855,False,6.0,14.073181289977033,1,5.0,14.093281488151847,1,6.0,14.190058484134555,1,True,True
valid_2025_10,2025-10-27,43,69,3,2.0,1,4,27,14.178312508963847,14.214647121923214,0.018234658869955567,13554.481611762902,10197.394072013063,False,1.0,14.173351925023248,1,1.0,14.146938479945074,1,4.0,14.214647121923214,1,True,True
valid_2025_10,2025-10-27,44,68,3,5.0,2,7,18,14.13181171167799,14.244762460744422,0.06473545615581067,12564.788576434014,11187.087107341951,False,7.0,14.059359272944963,1,6.0,14.091313401344586,1,2.0,14.244762460744422,1,True,True
valid_2025_10,2025-10-27,44,69,3,1.6666666666666667,1,2,28,14.191283799887358,14.26935109853308,0.005263367946443627,13837.333311355804,9914.54237242016,False,2.0,14.159529907991178,1,2.0,14.144970393137813,1,1.0,14.26935109853308,1,True,True
valid_2025_10,2025-10-27,45,68,2,6.5,5,8,9,14.13252956538219,14.193699413884085,0.07561522385688679,13373.404858707205,10378.470825068762,False,,,0,8.0,14.071359716880297,1,5.0,14.193699413884085,1,False,True
valid_2025_10,2025-10-27,45,69,3,4.0,3,5,21,14.156512535098068,14.21828805167274,0.0400346327357326,14645.949593628997,9105.92609014697,False,5.0,14.126232844947944,1,4.0,14.12501670867352,1,3.0,14.21828805167274,1,True,True
valid_2025_10,2025-10-27,46,68,3,8.333333333333334,7,10,8,14.086640050160597,14.147989814030446,0.10990711767320309,14301.767600536534,9450.108083239433,False,10.0,14.029118502238363,1,7.0,14.082811834212984,1,8.0,14.147989814030446,1,True,True
valid_2025_10,2025-10-27,46,69,3,4.333333333333333,3,7,20,14.146112138369965,14.172578451819104,0.050435029463836635,15574.312335458326,8177.563348317639,False,3.0,14.12928913728458,1,3.0,14.136468826006208,1,7.0,14.172578451819104,1,True,True
valid_2025_10,2025-10-27,47,69,3,9.333333333333334,9,10,5,14.051326283211774,14.063279386454385,0.14522088462202554,15845.459804851786,7906.415878924179,False,9.0,14.057485367714133,1,10.0,14.033214095466809,1,9.0,14.063279386454385,1,True,True
valid_2025_10,2025-10-28,52,69,1,9.0,9,9,2,5.628931674392838,5.628931674392838,0.08109368856976573,9960.8948143897,909.4431829828864,False,9.0,5.628931674392838,1,,,0,,,0,False,False
valid_2025_10,2025-10-28,52,70,1,10.0,10,10,1,5.621254004733871,5.621254004733871,0.08877135822873328,10097.744275183191,772.5937221893964,False,10.0,5.621254004733871,1,,,0,,,0,False,False
valid_2025_10,2025-10-28,53,68,1,10.0,10,10,1,5.517335514962774,5.517335514962774,0.2403516585959693,9960.8948143897,909.4431829828864,False,,,0,,,0,10.0,5.517335514962774,1,False,True
valid_2025_10,2025-10-28,53,69,2,6.5,5,8,9,5.64253426907624,5.696642609359621,0.09132199918443362,9960.8948143897,909.4431829828864,False,5.0,5.696642609359621,1,,,0,8.0,5.588425928792859,1,False,True
valid_2025_10,2025-10-28,53,70,1,6.0,6,6,5,5.688964939700654,5.688964939700654,0.021060423261950234,10097.744275183191,772.5937221893964,False,6.0,5.688964939700654,1,,,0,,,0,False,False
valid_2025_10,2025-10-28,54,68,1,6.0,6,6,5,5.606131931320888,5.606131931320888,0.15155524223785477,9960.8948143897,909.4431829828864,False,,,0,,,0,6.0,5.606131931320888,1,False,True
valid_2025_10,2025-10-28,54,69,3,4.333333333333333,1,8,20,5.812122465041516,6.049119687010972,0.07842963571549906,9960.8948143897,909.4431829828864,False,1.0,5.710025362962604,1,8.0,6.049119687010972,1,4.0,5.677222345150973,1,True,True
valid_2025_10,2025-10-28,54,70,2,4.5,3,6,13,5.887677676816775,6.073007660329914,0.0693068875393763,10097.744275183191,772.5937221893964,False,3.0,5.702347693303636,1,6.0,6.073007660329914,1,,,0,False,True
valid_2025_10,2025-10-28,55,68,1,5.0,5,5,6,5.668091698381154,5.668091698381154,0.08959547517758892,9960.8948143897,909.4431829828864,False,,,0,,,0,5.0,5.668091698381154,1,False,True
valid_2025_10,2025-10-28,55,69,3,2.6666666666666665,2,4,25,5.861248043642806,6.136964243375843,0.029304057114210025,9960.8948143897,909.4431829828864,False,2.0,5.707597775341334,1,4.0,6.136964243375843,1,2.0,5.739182112211239,1,True,True
valid_2025_10,2025-10-28,55,70,2,3.5,3,4,15,5.930386161188576,6.160852216694785,0.026598403167575224,10097.744275183191,772.5937221893964,False,4.0,5.699920105682367,1,3.0,6.160852216694785,1,,,0,False,True
valid_2025_10,2025-10-28,55,71,1,7.0,7,7,4,6.052391512617973,6.052391512617973,0.15155225313172593,10234.59373597668,635.7442613959083,False,,,0,7.0,6.052391512617973,1,,,0,False,True
valid_2025_10,2025-10-28,56,68,1,3.0,3,3,8,5.686596759728658,5.686596759728658,0.07109041383008474,9960.8948143897,909.4431829828864,False,,,0,,,0,3.0,5.686596759728658,1,False,True
valid_2025_10,2025-10-28,56,69,3,3.3333333333333335,1,7,23,5.867719879642666,6.180055792430757,0.022832221114349238,9960.8948143897,909.4431829828864,False,7.0,5.665416672938498,1,2.0,6.180055792430757,1,1.0,5.757687173558743,1,True,True
valid_2025_10,2025-10-28,56,70,2,4.5,1,8,13,5.930841384514615,6.203943765749699,0.02614317984153658,10097.744275183191,772.5937221893964,False,8.0,5.657739003279531,1,1.0,6.203943765749699,1,,,0,False,True
valid_2025_10,2025-10-28,56,71,1,5.0,5,5,6,6.095483061672887,6.095483061672887,0.10846070407681196,10234.59373597668,635.7442613959083,False,,,0,5.0,6.095483061672887,1,,,0,False,True
valid_2025_10,2025-10-28,57,68,1,9.0,9,9,2,5.525952867467275,5.525952867467275,0.23173430609146806,9807.45455161467,1062.8834457579178,False,,,0,,,0,9.0,5.525952867467275,1,False,True
valid_2025_10,2025-10-28,57,69,2,8.5,7,10,5,5.801132595319771,6.005221909342183,0.17968287433444985,9807.45455161467,1062.8834457579178,False,,,0,10.0,6.005221909342183,1,7.0,5.59704328129736,1,False,True
valid_2025_10,2025-10-28,57,70,1,9.0,9,9,2,6.029109882661125,6.029109882661125,0.17483388308857428,9944.304012408158,926.0339849644296,False,,,0,9.0,6.029109882661125,1,,,0,False,True
valid_2025_10,2025-10-29,0,88,3,2.3333333333333335,2,3,26,21.188534861664625,21.523927932994727,0.047332150438804156,18469.74609627321,4.729372449219227e-11,True,2.0,21.321064068331605,1,2.0,21.523927932994727,1,3.0,20.72061258366755,1,True,True
valid_2025_10,2025-10-29,1,88,3,1.0,1,1,30,21.23586701210343,21.568349301730446,0.0,18201.93905680893,267.8070394643364,False,1.0,21.342727951786447,1,1.0,21.568349301730446,1,1.0,20.7965237827934,1,True,True
valid_2025_10,2025-10-29,2,88,3,2.6666666666666665,2,3,25,21.13751467554638,21.44227270013237,0.0983523365570503,18170.125438435884,299.62065783737853,False,3.0,21.24462009650196,1,3.0,21.44227270013237,1,2.0,20.72565123000481,1,True,True
valid_2025_10,2025-10-29,3,88,3,4.0,4,4,21,21.01425125359346,21.298894467040945,0.2216157585099706,18170.125438435884,299.62065783737853,False,4.0,21.13409586945549,1,4.0,21.298894467040945,1,4.0,20.609763424283948,1,True,True
valid_2025_10,2025-10-29,4,88,3,5.0,5,5,18,20.897591330933334,21.166813260179605,0.33827568117009815,18138.311820062838,331.4342762104279,False,5.0,21.024587877443786,1,5.0,21.166813260179605,1,5.0,20.50137285517661,1,True,True
valid_2025_10,2025-10-29,5,88,3,6.0,6,6,15,20.849319045192374,21.11505142135119,0.3865479669110575,18106.49820168979,363.2478945834737,False,6.0,20.96113772715729,1,6.0,21.11505142135119,1,6.0,20.47176798706864,1,True,True
valid_2025_10,2025-10-29,6,88,3,8.0,7,9,9,20.784733256950798,21.054833714133814,0.4511337551526348,18042.870964943704,426.8751313295579,False,8.0,20.87956540449965,1,9.0,21.054833714133814,1,7.0,20.419800652218925,1,True,True
valid_2025_10,2025-10-29,7,88,2,9.0,8,10,4,20.655695234282867,20.97146339062113,0.5267413079790586,18011.057346570655,458.6887497026073,False,,,0,10.0,20.97146339062113,1,8.0,20.3399270779446,1,False,True
valid_2025_10,2025-10-29,49,88,1,10.0,10,10,1,20.858560444911912,20.858560444911912,0.4841675068745346,15883.884293122745,2585.86180315052,False,10.0,20.858560444911912,1,,,0,,,0,False,False
valid_2025_10,2025-10-29,50,88,2,9.5,9,10,3,20.576977679653353,20.864697209574963,0.4926481876365685,17612.05094493593,857.6951513373315,False,9.0,20.864697209574963,1,,,0,10.0,20.289258149731747,1,False,True
valid_2025_10,2025-10-29,51,88,3,7.666666666666667,7,9,10,20.77068364995489,21.08696918761525,0.46518336214854017,17616.15808306789,853.5880132053717,False,7.0,20.88764614759777,1,7.0,21.08696918761525,1,9.0,20.337435614651653,1,True,True
valid_2025_10,2025-10-29,52,88,1,8.0,8,8,3,21.06785069776557,21.06785069776557,0.5004986039648749,17631.05321919015,838.692877083111,False,,,0,8.0,21.06785069776557,1,,,0,False,True
valid_2025_10,2025-10-30,47,65,1,1.0,1,1,10,8.355832225433446,8.355832225433446,0.0,13960.88467966936,1939.1482061394945,False,,,0,1.0,8.355832225433446,1,,,0,False,True
valid_2025_10,2025-10-30,47,66,2,4.5,3,6,13,7.739037543646816,8.29555671883655,0.07471094845887194,14139.81719484671,1760.2156909621444,False,6.0,7.182518368457082,1,3.0,8.29555671883655,1,,,0,False,True
valid_2025_10,2025-10-30,48,65,1,2.0,2,2,9,8.335383006759855,8.335383006759855,0.020449218673590508,14240.230518517554,1659.8023672913005,False,,,0,2.0,8.335383006759855,1,,,0,False,True
valid_2025_10,2025-10-30,48,66,2,7.0,4,10,8,8.139130254561579,8.27510750016296,0.13213320660112515,14419.163033694904,1480.8698521139504,False,,,0,4.0,8.27510750016296,1,10.0,8.003153008960197,1,False,True
valid_2025_10,2025-10-30,49,65,1,6.0,6,6,5,8.195144531488424,8.195144531488424,0.1606876939450217,14431.067689690097,1468.9651961187574,False,,,0,6.0,8.195144531488424,1,,,0,False,True
valid_2025_10,2025-10-30,49,66,2,8.5,8,9,5,8.088870865558363,8.134869024891529,0.18239259560434107,14610.000204867449,1290.0326809414055,False,,,0,8.0,8.134869024891529,1,9.0,8.042872706225197,1,False,True
valid_2025_10,2025-10-30,50,65,3,6.333333333333333,4,10,14,7.830984401161454,8.213541556034357,0.10707949253965883,14778.52966683682,1121.503218972035,False,10.0,7.151992466882916,1,5.0,8.213541556034357,1,4.0,8.127419180567088,1,True,True
valid_2025_10,2025-10-30,50,66,3,4.333333333333333,2,7,20,7.858286321249428,8.179109148461805,0.07977757245168486,14957.462182014173,942.5707037946833,False,4.0,7.242483765849016,1,7.0,8.153266049437462,1,2.0,8.179109148461805,1,True,True
valid_2025_10,2025-10-30,51,65,3,7.0,3,9,12,7.800369526888048,8.135004728997245,0.13769436681306502,15121.878143127904,778.1547426809502,False,9.0,7.16001302248732,1,9.0,8.106090829179578,1,3.0,8.135004728997245,1,True,True
valid_2025_10,2025-10-30,51,66,3,4.666666666666667,1,10,19,7.827671446976022,8.186694696891962,0.11039244672509103,15300.810658305256,599.2222275035983,False,3.0,7.25050432145342,1,10.0,8.045815322582683,1,1.0,8.186694696891962,1,True,True
valid_2025_10,2025-10-30,52,65,1,7.0,7,7,4,8.064534162416564,8.064534162416564,0.12216053447539821,15468.283908144638,431.748977664216,False,,,0,,,0,7.0,8.064534162416564,1,False,True
valid_2025_10,2025-10-30,52,66,2,5.0,5,5,12,7.675923815992604,8.11622413031128,0.05325591184234213,15647.21642332199,252.8164624868641,False,5.0,7.235623501673928,1,,,0,5.0,8.11622413031128,1,False,True
valid_2025_10,2025-10-30,53,65,2,7.5,7,8,7,7.6164453978926545,8.051717335973478,0.11273432994229182,15648.352169497908,251.68071631094608,False,7.0,7.181173459811831,1,,,0,8.0,8.051717335973478,1,False,True
valid_2025_10,2025-10-30,53,66,2,3.5,1,6,15,7.687536031323063,8.103407303868195,0.04164369651188338,15827.28468467526,72.7482011335942,False,1.0,7.271664758777931,1,,,0,6.0,8.103407303868195,1,False,True
valid_2025_10,2025-10-30,54,65,1,8.0,8,8,3,7.162715844604364,7.162715844604364,0.10894891417356689,15721.10037063155,178.9325151773046,False,8.0,7.162715844604364,1,,,0,,,0,False,False
valid_2025_10,2025-10-30,54,66,1,2.0,2,2,9,7.253207143570464,7.253207143570464,0.018457615207466915,15900.0328858089,-4.729372449219227e-11,True,2.0,7.253207143570464,1,,,0,,,0,False,False
valid_2025_10,2025-10-31,53,69,1,5.0,5,5,6,5.972836711711686,5.972836711711686,0.06776148692985373,9755.871950784613,602.9444208532732,False,5.0,5.972836711711686,1,,,0,,,0,False,False
valid_2025_10,2025-10-31,53,70,1,7.0,7,7,4,5.949220460661763,5.949220460661763,0.09137773797977644,9819.499187530702,539.3171841071835,False,7.0,5.949220460661763,1,,,0,,,0,False,False
valid_2025_10,2025-10-31,54,69,2,4.0,2,6,14,6.112363108413604,6.19679196699034,0.048796229166775174,9749.722378353104,609.0939932847814,False,2.0,6.027934249836868,1,,,0,6.0,6.19679196699034,1,False,True
valid_2025_10,2025-10-31,54,70,1,4.0,4,4,7,6.004317998786945,6.004317998786945,0.03628019985459474,9813.349615099194,545.4667565386917,False,4.0,6.004317998786945,1,,,0,,,0,False,False
valid_2025_10,2025-10-31,55,68,1,7.0,7,7,4,6.196150480246459,6.196150480246459,0.08556999627275985,9484.279090733931,874.5372809039545,False,,,0,,,0,7.0,6.196150480246459,1,False,True
valid_2025_10,2025-10-31,55,69,2,2.0,1,3,18,6.141016234599601,6.2414342705576615,0.020143102980778593,9749.722378353104,609.0939932847814,False,1.0,6.04059819864154,1,,,0,3.0,6.2414342705576615,1,False,True
valid_2025_10,2025-10-31,55,70,2,5.5,3,8,11,6.39151688464046,6.766051821689302,0.07435209785653996,9813.349615099194,545.4667565386917,False,3.0,6.016981947591617,1,8.0,6.766051821689302,1,,,0,False,True
valid_2025_10,2025-10-31,55,71,1,7.0,7,7,4,6.7661145184329285,6.7661145184329285,0.12502524791953107,9813.349615099194,545.4667565386917,False,,,0,7.0,6.7661145184329285,1,,,0,False,True
valid_2025_10,2025-10-31,56,69,2,7.0,6,8,8,6.070046613763857,6.1874419838107855,0.09111272381652213,9749.722378353104,609.0939932847814,False,6.0,5.952651243716929,1,,,0,8.0,6.1874419838107855,1,False,True
valid_2025_10,2025-10-31,56,70,1,8.0,8,8,3,5.929034992667006,5.929034992667006,0.11156320597453373,9813.349615099194,545.4667565386917,False,8.0,5.929034992667006,1,,,0,,,0,False,False
valid_2025_10,2025-10-31,57,68,1,4.0,4,4,7,6.236436686208016,6.236436686208016,0.045283790311202665,9484.279090733931,874.5372809039545,False,,,0,,,0,4.0,6.236436686208016,1,False,True
valid_2025_10,2025-10-31,57,69,2,5.0,1,9,12,6.099291247689617,6.281720476519219,0.06186808989076198,9749.722378353104,609.0939932847814,False,9.0,5.916862018860016,1,,,0,1.0,6.281720476519219,1,False,True
valid_2025_10,2025-10-31,57,70,3,7.666666666666667,4,10,10,6.298483646544867,6.823772799537494,0.10600250062620613,9813.349615099194,545.4667565386917,False,10.0,5.893245767810093,1,4.0,6.823772799537494,1,9.0,6.178432372287013,1,True,True
valid_2025_10,2025-10-31,57,71,1,3.0,3,3,8,6.82383549628112,6.82383549628112,0.06730427007133954,9813.349615099194,545.4667565386917,False,,,0,3.0,6.82383549628112,1,,,0,False,True
valid_2025_10,2025-10-31,58,68,1,5.0,5,5,6,6.230541900196371,6.230541900196371,0.05117857632284739,8797.104933876166,1561.71143776172,False,,,0,,,0,5.0,6.230541900196371,1,False,True
valid_2025_10,2025-10-31,58,69,2,3.5,2,5,15,6.548687263497456,6.821548836487338,0.03774285793838317,9062.548221495335,1296.2681501425486,False,,,0,5.0,6.821548836487338,1,2.0,6.275825690507574,1,False,True
valid_2025_10,2025-10-31,58,70,2,6.0,2,10,10,6.531807327942101,6.8910770696088335,0.05462279349373844,9126.175458241429,1232.640913396459,False,,,0,2.0,6.8910770696088335,1,10.0,6.172537586275368,1,False,True
valid_2025_10,2025-10-31,58,71,1,1.0,1,1,10,6.89113976635246,6.89113976635246,0.0,9126.175458241429,1232.640913396459,False,,,0,1.0,6.89113976635246,1,,,0,False,True
valid_2025_10,2025-10-31,58,72,1,6.0,6,6,5,6.81003942351073,6.81003942351073,0.0811003428417294,9126.175458241429,1232.640913396459,False,,,0,6.0,6.81003942351073,1,,,0,False,True
valid_2025_10,2025-10-31,59,70,1,10.0,10,10,1,6.762794536843991,6.762794536843991,0.1283452295084686,9116.631372729516,1242.1849989083712,False,,,0,10.0,6.762794536843991,1,,,0,False,True
valid_2025_10,2025-10-31,59,71,1,9.0,9,9,2,6.762857233587617,6.762857233587617,0.12828253276484247,9116.631372729516,1242.1849989083712,False,,,0,9.0,6.762857233587617,1,,,0,False,True
valid_2025_11,2025-11-01,45,80,1,7.0,7,7,4,15.743481998294175,15.743481998294175,0.2832484054426665,9524.924169567334,3344.2539260981703,False,,,0,,,0,7.0,15.743481998294175,1,False,True
valid_2025_11,2025-11-01,46,80,2,6.5,4,9,9,15.505350679706567,15.86779313678495,0.23239443277331429,9582.980841736304,3286.1972539292,False,,,0,9.0,15.142908222628185,1,4.0,15.86779313678495,1,False,True
valid_2025_11,2025-11-01,47,79,1,8.0,8,8,3,15.742652699762791,15.742652699762791,0.2840777039740505,9689.915957173618,3179.2621384918857,False,,,0,,,0,8.0,15.742652699762791,1,False,True
valid_2025_11,2025-11-01,47,80,3,3.3333333333333335,2,5,23,15.511567257213978,15.966553742529292,0.10072868198692812,9721.729575546662,3147.4485201188418,False,5.0,15.264338127047154,1,3.0,15.303809902065488,1,2.0,15.966553742529292,1,True,True
valid_2025_11,2025-11-01,48,79,2,6.5,6,7,9,15.498532542094942,15.802829360970344,0.2392125703849386,9378.995102090175,3490.1829935753267,False,,,0,7.0,15.194235723219542,1,6.0,15.802829360970344,1,False,True
valid_2025_11,2025-11-01,48,80,3,1.0,1,1,30,15.612295939200905,16.026730403736842,0.0,9410.808720463225,3458.369375202281,False,1.0,15.361397592642955,1,1.0,15.448759821222922,1,1.0,16.026730403736842,1,True,True
valid_2025_11,2025-11-01,48,81,2,9.0,8,10,4,15.1505924122094,15.204722225878474,0.254486294723538,9442.622338836269,3426.555756829237,False,8.0,15.204722225878474,1,10.0,15.096462598540327,1,,,0,False,True
valid_2025_11,2025-11-01,49,79,1,9.0,9,9,2,15.695134100591204,15.695134100591204,0.3315963031456377,9400.609274412824,3468.56882125268,False,,,0,,,0,9.0,15.695134100591204,1,False,True
valid_2025_11,2025-11-01,49,80,3,3.0,2,4,24,15.529013039121152,15.919035143357704,0.08328290007975585,9432.42289278587,3436.7552028796345,False,4.0,15.32571985649624,1,2.0,15.342284117509507,1,3.0,15.919035143357704,1,True,True
valid_2025_11,2025-11-01,50,80,3,4.666666666666667,3,6,19,15.476009165672538,15.804028077696913,0.13628677352836682,9974.1388237184,2895.039271947104,False,3.0,15.3264819172687,1,6.0,15.297517502052006,1,5.0,15.804028077696913,1,True,True
valid_2025_11,2025-11-01,50,81,1,10.0,10,10,1,15.16980655050422,15.16980655050422,0.1915910421387359,10005.952442091446,2863.225653574058,False,10.0,15.16980655050422,1,,,0,,,0,False,False
valid_2025_11,2025-11-01,51,80,2,7.0,6,8,8,15.217467075844114,15.257980336923833,0.18761163108882428,9675.867063300082,3193.311032365422,False,6.0,15.257980336923833,1,8.0,15.176953814764396,1,,,0,False,True
valid_2025_11,2025-11-01,52,80,3,5.333333333333333,2,10,17,15.437570814899466,15.67953379126264,0.17472512430144072,9589.489908055426,3279.688187610078,False,2.0,15.331399329216207,1,4.0,15.301779324219549,1,10.0,15.67953379126264,1,True,True
valid_2025_11,2025-11-01,52,81,1,9.0,9,9,2,15.174723962451726,15.174723962451726,0.18667363019122973,9621.303526428474,3247.8745692370303,False,9.0,15.174723962451726,1,,,0,,,0,False,False
valid_2025_11,2025-11-01,53,80,2,6.0,5,7,10,15.26824033179227,15.298581085282423,0.13683837514066877,9874.495389612186,2994.682706053318,False,7.0,15.237899578302116,1,5.0,15.298581085282423,1,,,0,False,True
valid_2025_11,2025-11-02,52,65,1,4.0,4,4,7,7.087160285628912,7.087160285628912,0.08408160336106985,9061.733792864989,1455.4984914615145,False,,,0,,,0,4.0,7.087160285628912,1,False,True
valid_2025_11,2025-11-02,52,66,1,8.0,8,8,3,7.019281551229952,7.019281551229952,0.15196033776003048,10321.110871142177,196.12141318432805,False,,,0,,,0,8.0,7.019281551229952,1,False,True
valid_2025_11,2025-11-02,53,65,3,3.0,1,4,24,6.67251259068937,7.346012466539804,0.0732951962290258,9257.855206049297,1259.3770782772062,False,4.0,5.500283416538323,1,4.0,7.346012466539804,1,1.0,7.171241888989982,1,True,True
valid_2025_11,2025-11-02,53,66,3,6.333333333333333,3,10,14,6.594950350068568,7.206857518568455,0.15085743684982797,10517.232284326485,2.0008883439004418e-11,True,6.0,5.474630377046225,1,10.0,7.206857518568455,1,3.0,7.103363154591023,1,True,True
valid_2025_11,2025-11-02,53,67,2,6.0,5,7,10,6.248734973897612,7.020395322642884,0.11612484544767909,10243.6351663183,273.5971180082033,False,5.0,5.477074625152341,1,,,0,7.0,7.020395322642884,1,False,True
valid_2025_11,2025-11-02,54,64,1,9.0,9,9,2,7.208449172270605,7.208449172270605,0.299254549794,8011.174942864793,2506.05734146171,False,,,0,9.0,7.208449172270605,1,,,0,False,True
valid_2025_11,2025-11-02,54,65,3,1.3333333333333333,1,2,29,6.736964519525657,7.507703722064605,0.00884326739273907,9107.010934533506,1410.221349792997,False,1.0,5.5584777497006,1,1.0,7.507703722064605,1,2.0,7.144712086811765,1,True,True
valid_2025_11,2025-11-02,54,66,3,3.6666666666666665,3,5,22,6.659402278904854,7.368548774093256,0.08640550801354152,10366.388012810692,150.84427151581076,False,3.0,5.5328247102085015,1,3.0,7.368548774093256,1,5.0,7.076833352412805,1,True,True
valid_2025_11,2025-11-02,54,67,2,3.5,2,5,15,6.417700774064961,7.3001325898153056,0.11538996181764105,10092.790894802509,424.4413895239959,False,2.0,5.535268958314617,1,5.0,7.3001325898153056,1,,,0,False,True
valid_2025_11,2025-11-02,54,68,1,8.0,8,8,3,5.422859671157681,5.422859671157681,0.13561807854291885,8381.2182263327,2136.014057993804,False,8.0,5.422859671157681,1,,,0,,,0,False,False
valid_2025_11,2025-11-02,55,65,3,5.0,2,7,18,6.644919853879297,7.426435286983889,0.1008879330390992,8793.12186885586,1724.1104154706427,False,7.0,5.432047681551623,1,2.0,7.426435286983889,1,6.0,7.076276593102378,1,True,True
valid_2025_11,2025-11-02,55,66,3,8.666666666666666,6,10,7,6.567357613258494,7.28728033901254,0.17845017365990165,10052.498947133046,464.73333719345646,False,10.0,5.406394642059524,1,6.0,7.28728033901254,1,10.0,7.008397858703418,1,True,True
valid_2025_11,2025-11-02,55,67,2,8.5,8,9,5,6.313851522450115,7.218864154734589,0.2192392134324881,9778.90182912486,738.3304552016416,False,9.0,5.40883889016564,1,8.0,7.218864154734589,1,,,0,False,True
valid_2025_11,2025-11-02,56,65,2,8.0,7,9,6,7.143930365895187,7.275753446091883,0.19554243963210638,8417.934323297033,2099.2979610294697,False,,,0,7.0,7.275753446091883,1,9.0,7.012107285698491,1,False,True
valid_2025_11,2025-11-03,45,85,1,10.0,10,10,1,14.030540268448782,14.030540268448782,0.17513019713689104,9671.339985405595,3690.379731273184,False,,,0,10.0,14.030540268448782,1,,,0,False,True
valid_2025_11,2025-11-03,46,85,2,9.5,9,10,3,14.227973046790499,14.411304695005397,0.17944257373660832,9671.339985405595,3690.379731273184,False,,,0,9.0,14.0446413985756,1,10.0,14.411304695005397,1,False,True
valid_2025_11,2025-11-03,47,83,1,9.0,9,9,2,14.413064814507656,14.413064814507656,0.19609596096088389,6808.114331831572,6553.605384847209,False,,,0,,,0,9.0,14.413064814507656,1,False,True
valid_2025_11,2025-11-03,47,84,2,5.5,5,6,11,14.29916753246967,14.516606742624695,0.10824808805743658,8239.727158618585,5121.992558060196,False,,,0,6.0,14.081728322314644,1,5.0,14.516606742624695,1,False,True
valid_2025_11,2025-11-03,47,85,3,2.3333333333333335,2,3,26,14.337690136811496,14.571124100322038,0.04362374791741649,9671.339985405595,3690.379731273184,False,3.0,14.280233614862622,1,2.0,14.161712695249827,1,2.0,14.571124100322038,1,True,True
valid_2025_11,2025-11-03,48,83,1,8.0,8,8,3,14.45110148965416,14.45110148965416,0.1580592858143799,6808.114331831572,6553.605384847209,False,,,0,,,0,8.0,14.45110148965416,1,False,True
valid_2025_11,2025-11-03,48,84,3,4.666666666666667,3,7,19,14.301383510189135,14.554643417771198,0.07993037453977554,8239.727158618585,5121.992558060196,False,7.0,14.223821020145726,1,4.0,14.125686092650486,1,3.0,14.554643417771198,1,True,True
valid_2025_11,2025-11-03,48,85,3,1.0,1,1,30,14.381313884728911,14.60916077546854,0.0,9671.339985405595,3690.379731273184,False,1.0,14.329110413132524,1,1.0,14.205670465585673,1,1.0,14.60916077546854,1,True,True
valid_2025_11,2025-11-03,48,86,1,8.0,8,8,3,14.218848100395446,14.218848100395446,0.11026231273707765,11102.95281219261,2258.7669044861705,False,8.0,14.218848100395446,1,,,0,,,0,False,False
valid_2025_11,2025-11-03,49,84,3,7.333333333333333,6,9,11,14.24809950560215,14.472857659738954,0.1332143791267626,8239.727158618585,5121.992558060196,False,9.0,14.20389359496948,1,7.0,14.067547262098014,1,6.0,14.472857659738954,1,True,True
valid_2025_11,2025-11-03,49,85,3,3.0,2,4,24,14.328029880141925,14.527375017436295,0.05328400458698764,9671.339985405595,3690.379731273184,False,2.0,14.309182987956278,1,3.0,14.1475316350332,1,4.0,14.527375017436295,1,True,True
valid_2025_11,2025-11-03,49,86,1,10.0,10,10,1,14.1989206752192,14.1989206752192,0.130189737913323,11102.95281219261,2258.7669044861705,False,10.0,14.1989206752192,1,,,0,,,0,False,False
valid_2025_11,2025-11-03,50,85,3,5.333333333333333,4,7,17,14.276773139197784,14.463484333507983,0.10454074553112906,9671.339985405595,3690.379731273184,False,4.0,14.273699651880438,1,5.0,14.093135432204928,1,7.0,14.463484333507983,1,True,True
valid_2025_11,2025-11-03,51,85,2,6.5,5,8,9,14.154465614524621,14.26233891141094,0.11292482483447674,9671.339985405595,3690.379731273184,False,5.0,14.26233891141094,1,8.0,14.046592317638304,1,,,0,False,True
valid_2025_11,2025-11-03,54,85,1,6.0,6,6,5,14.22708115050468,14.22708115050468,0.10202926262784295,9671.339985405595,3690.379731273184,False,6.0,14.22708115050468,1,,,0,,,0,False,False
valid_2025_11,2025-11-04,49,66,3,7.0,5,9,12,8.937816992456817,9.223600534629725,0.15206232899442304,6751.037519108491,572.6451307148482,False,7.0,8.587704747139739,1,9.0,9.002145695600987,1,5.0,9.223600534629725,1,True,True
valid_2025_11,2025-11-04,49,67,3,4.333333333333333,1,6,20,8.975006795012314,9.182546774080263,0.11487252643892572,6878.291992600669,445.3906572226706,False,1.0,8.687393935293613,1,6.0,9.055079675663066,1,6.0,9.182546774080263,1,True,True
valid_2025_11,2025-11-04,49,68,1,4.0,4,4,7,8.648859769658628,8.648859769658628,0.03853416563498513,6941.91922934676,381.7634204765791,False,4.0,8.648859769658628,1,,,0,,,0,False,False
valid_2025_11,2025-11-04,49,69,1,3.0,3,3,8,8.659279885294197,8.659279885294197,0.02811404999941658,6814.664755854581,509.0178939687585,False,3.0,8.659279885294197,1,,,0,,,0,False,False
valid_2025_11,2025-11-04,50,65,1,7.0,7,7,4,9.145217004152826,9.145217004152826,0.2467629138052274,6782.851137481536,540.8315123418033,False,,,0,,,0,7.0,9.145217004152826,1,False,True
valid_2025_11,2025-11-04,50,66,3,4.0,1,8,21,9.031512111946205,9.391979917958054,0.058367209505036044,6973.732847719805,349.94980210353424,False,8.0,8.565226286840584,1,3.0,9.137330131039974,1,1.0,9.391979917958054,1,True,True
valid_2025_11,2025-11-04,50,67,3,1.6666666666666667,1,2,28,9.068701914501702,9.350926157408594,0.021177406949538142,7100.987321211983,222.69532861135667,False,2.0,8.664915474994459,1,1.0,9.190264111102053,1,2.0,9.350926157408594,1,True,True
valid_2025_11,2025-11-04,50,68,3,6.333333333333333,5,8,14,8.939013103179997,9.123817701067864,0.15086621827124228,7164.614557958074,159.06809186526516,False,6.0,8.626381309359473,1,5.0,9.066840299112656,1,8.0,9.123817701067864,1,True,True
valid_2025_11,2025-11-04,50,69,2,6.0,5,7,10,8.833091533478843,9.029381641962644,0.10573748971899022,7037.360084465895,286.32256535744455,False,5.0,8.636801424995042,1,7.0,9.029381641962644,1,,,0,False,True
valid_2025_11,2025-11-04,51,65,1,10.0,10,10,1,9.083830148075435,9.083830148075435,0.30814976988261833,6941.91922934676,381.76342047658,False,,,0,,,0,10.0,9.083830148075435,1,False,True
valid_2025_11,2025-11-04,51,66,2,3.5,3,4,15,9.209545685416375,9.330593061880665,0.08157632911367863,7132.800939585029,190.8817102383109,False,,,0,4.0,9.088498308952085,1,3.0,9.330593061880665,1,False,True
valid_2025_11,2025-11-04,51,67,3,5.0,2,9,18,8.99423257547472,9.289539301331205,0.09564674597651823,7260.055413077206,63.62723674613335,False,9.0,8.551726136078798,1,2.0,9.141432289014162,1,4.0,9.289539301331205,1,True,True
valid_2025_11,2025-11-04,51,68,1,8.0,8,8,3,9.018008477024765,9.018008477024765,0.17225563407728828,7323.682649823298,4.18367562815547e-11,True,,,0,8.0,9.018008477024765,1,,,0,False,True
valid_2025_11,2025-11-04,51,69,2,10.0,10,10,2,8.752080952977067,8.980549819874753,0.18674807022076578,7196.428176331118,127.25447349222122,False,10.0,8.523612086079382,1,10.0,8.980549819874753,1,,,0,False,True
valid_2025_11,2025-11-04,52,66,1,9.0,9,9,2,9.097160569453536,9.097160569453536,0.2948193485045181,7100.987321211984,222.69532861135576,False,,,0,,,0,9.0,9.097160569453536,1,False,True
valid_2025_11,2025-11-05,0,16,1,8.0,8,8,3,2.7090472108920274,2.7090472108920274,0.2482192044806446,2958.66650869316,2704.157561708783,False,,,0,8.0,2.7090472108920274,1,,,0,False,True
valid_2025_11,2025-11-05,0,18,1,7.0,7,7,4,3.0891362600525945,3.0891362600525945,0.15143657273526756,2990.4801270662047,2672.343943335738,False,7.0,3.0891362600525945,1,,,0,,,0,False,False
valid_2025_11,2025-11-05,0,19,1,3.0,3,3,8,3.1528136968089733,3.1528136968089733,0.08775913597888874,4263.024861987994,1399.7992084139487,False,3.0,3.1528136968089733,1,,,0,,,0,False,False
valid_2025_11,2025-11-05,0,20,1,2.0,2,2,9,3.212954907990941,3.212954907990941,0.027617924796921045,5599.196833655872,63.627236746070594,False,2.0,3.212954907990941,1,,,0,,,0,False,False
valid_2025_11,2025-11-05,0,21,1,1.0,1,1,10,3.240572832787862,3.240572832787862,0.0,5631.010452028917,31.813618373025747,False,1.0,3.240572832787862,1,,,0,,,0,False,False
valid_2025_11,2025-11-05,0,22,1,5.0,5,5,6,3.1147443681676634,3.1147443681676634,0.1258284646201986,5662.824070401962,-1.9099388737231493e-11,True,5.0,3.1147443681676634,1,,,0,,,0,False,False
valid_2025_11,2025-11-05,0,38,1,9.0,9,9,2,2.695545104749396,2.695545104749396,0.2617213106232761,1937.897930937485,3724.9261394644577,False,,,0,9.0,2.695545104749396,1,,,0,False,True
valid_2025_11,2025-11-05,1,19,1,9.0,9,9,2,3.0302695335998244,3.0302695335998244,0.21030329918803758,4135.770388495814,1527.053681906129,False,9.0,3.0302695335998244,1,,,0,,,0,False,False
valid_2025_11,2025-11-05,1,20,1,6.0,6,6,5,3.090410744781792,3.090410744781792,0.1501620880060699,5471.942360163693,190.88171023825,False,6.0,3.090410744781792,1,,,0,,,0,False,False
valid_2025_11,2025-11-05,1,21,1,4.0,4,4,7,3.118028669578713,3.118028669578713,0.12254416320914885,5503.7559785367375,159.06809186520513,False,4.0,3.118028669578713,1,,,0,,,0,False,False
valid_2025_11,2025-11-05,2,20,1,10.0,10,10,1,3.0270473384473178,3.0270473384473178,0.21352549434054424,5376.501505044558,286.3225653573845,False,10.0,3.0270473384473178,1,,,0,,,0,False,False
valid_2025_11,2025-11-05,2,21,1,8.0,8,8,3,3.054665263244239,3.054665263244239,0.1859075695436232,5408.315123417603,254.50894698433967,False,8.0,3.054665263244239,1,,,0,,,0,False,False
valid_2025_11,2025-11-05,46,64,1,10.0,10,10,1,2.685005707973673,2.685005707973673,0.2722607073989991,744.826796073399,4917.997274328543,False,,,0,10.0,2.685005707973673,1,,,0,False,True
valid_2025_11,2025-11-05,47,64,2,6.0,3,9,10,2.9911253151805326,3.176980293000625,0.16055474832537442,820.7913540245553,4842.032716377387,False,,,0,3.0,2.80527033736044,1,9.0,3.176980293000625,1,False,True
valid_2025_11,2025-11-05,47,65,1,5.0,5,5,6,2.767935926317591,2.767935926317591,0.18933048905508088,1902.4543787080752,3760.369691693868,False,,,0,5.0,2.767935926317591,1,,,0,False,True
valid_2025_11,2025-11-05,48,64,2,1.0,1,1,20,3.151680063505907,3.346093711639142,0.0,1189.8293271518733,4472.994743250069,False,,,0,1.0,2.957266415372672,1,1.0,3.346093711639142,1,False,True
valid_2025_11,2025-11-05,48,65,2,2.0,2,2,18,3.128412198542641,3.336892392755459,0.02326786496326605,2271.492351835393,3391.3317185665496,False,,,0,2.0,2.919932004329823,1,2.0,3.336892392755459,1,False,True
valid_2025_11,2025-11-05,48,66,2,5.5,4,7,11,3.0076899781206876,3.210160314015169,0.14399008538521962,2462.3740620736603,3200.4500083282824,False,,,0,4.0,2.8052196422262057,1,7.0,3.210160314015169,1,False,True
valid_2025_11,2025-11-05,49,64,2,4.5,3,6,13,3.015691348753471,3.2803704979603765,0.13598871475243612,1412.5246557631872,4250.299414638756,False,,,0,6.0,2.7510121995465653,1,3.0,3.2803704979603765,1,False,True
valid_2025_11,2025-11-05,49,65,2,5.5,4,7,11,2.992423483790205,3.271169179076693,0.1592565797157024,2494.187680446707,3168.636389955236,False,,,0,7.0,2.713677788503716,1,4.0,3.271169179076693,1,False,True
valid_2025_11,2025-11-05,50,64,1,5.0,5,5,6,3.235853603165268,3.235853603165268,0.110240108473874,1635.219984374501,4027.6040860274416,False,,,0,,,0,5.0,3.235853603165268,1,False,True
valid_2025_11,2025-11-05,50,65,1,6.0,6,6,5,3.226652284281585,3.226652284281585,0.11944142735755703,2716.8830090580213,2945.9410613439213,False,,,0,,,0,6.0,3.226652284281585,1,False,True
valid_2025_11,2025-11-05,51,64,1,8.0,8,8,3,3.17787969881401,3.17787969881401,0.16821401282513193,1857.9153129858132,3804.9087574161294,False,,,0,,,0,8.0,3.17787969881401,1,False,True
valid_2025_11,2025-11-05,51,65,1,10.0,10,10,1,3.168678379930327,3.168678379930327,0.17741533170881496,2939.578337669333,2723.245732732609,False,,,0,,,0,10.0,3.168678379930327,1,False,True
valid_2025_11,2025-11-06,43,64,1,7.0,7,7,4,1.847009659115102,1.847009659115102,0.1224989418282405,560.6227643316322,361.972168486667,False,,,0,7.0,1.847009659115102,1,,,0,False,True
valid_2025_11,2025-11-06,44,63,1,4.0,4,4,7,1.8681396847787963,1.8681396847787963,0.10136891616454613,528.8091459585864,393.7857868597128,False,,,0,4.0,1.8681396847787963,1,,,0,False,True
valid_2025_11,2025-11-06,44,64,2,4.5,1,8,13,2.2375459425724102,2.505583284201478,0.05824210034591104,592.4363827046761,330.15855011362305,False,,,0,1.0,1.9695086009433425,1,8.0,2.505583284201478,1,False,True
valid_2025_11,2025-11-06,44,65,1,8.0,8,8,3,1.8142820117751768,1.8142820117751768,0.15522658916816567,528.8091459585864,393.7857868597128,False,,,0,8.0,1.8142820117751768,1,,,0,False,True
valid_2025_11,2025-11-06,45,63,1,5.0,5,5,6,1.8551622492095772,1.8551622492095772,0.11434635173376528,560.6227643316313,361.9721684866679,False,,,0,5.0,1.8551622492095772,1,,,0,False,True
valid_2025_11,2025-11-06,45,64,2,3.5,2,5,15,2.2627102812983217,2.56888939722252,0.033077761619999424,624.250001077721,298.3449317405782,False,,,0,2.0,1.9565311653741235,1,5.0,2.56888939722252,1,False,True
valid_2025_11,2025-11-06,45,65,1,9.0,9,9,2,1.8013045762059576,1.8013045762059576,0.16820402473738483,560.6227643316313,361.9721684866679,False,,,0,9.0,1.8013045762059576,1,,,0,False,True
valid_2025_11,2025-11-06,46,63,2,10.0,10,10,2,2.104659376610247,2.411027627123964,0.19112866630807446,636.2723674608936,286.32256535740555,False,,,0,10.0,1.7982911260965295,1,10.0,2.411027627123964,1,False,True
valid_2025_11,2025-11-06,46,64,3,5.0,2,10,18,2.1606785340016734,2.598977844591694,0.04628057394714354,699.8996042069834,222.69532861131572,False,10.0,1.9833977151522504,1,3.0,1.8996600422610757,1,2.0,2.598977844591694,1,True,True
valid_2025_11,2025-11-06,47,63,1,9.0,9,9,2,2.43411726742557,2.43411726742557,0.18795021746772989,699.8996042069834,222.69532861131572,False,,,0,,,0,9.0,2.43411726742557,1,False,True
valid_2025_11,2025-11-06,47,64,3,3.6666666666666665,1,6,22,2.1639602549760206,2.6220674848933,0.04299885297279612,763.5268409530731,159.06809186522605,False,4.0,2.017513539572519,1,6.0,1.852299740462243,1,1.0,2.6220674848933,1,True,True
valid_2025_11,2025-11-06,47,65,1,9.0,9,9,2,1.9841997139703125,1.9841997139703125,0.04510152403949563,699.8996042069834,222.69532861131572,False,9.0,1.9841997139703125,1,,,0,,,0,False,False
valid_2025_11,2025-11-06,48,64,2,3.0,3,3,16,2.302547977482405,2.586896168121129,0.023136383969149188,795.340459326118,127.2544734921812,False,3.0,2.018199786843681,1,,,0,3.0,2.586896168121129,1,False,True
valid_2025_11,2025-11-06,48,65,1,8.0,8,8,3,1.9848859612414744,1.9848859612414744,0.04441527676833368,731.7132225800283,190.8817102382709,False,8.0,1.9848859612414744,1,,,0,,,0,False,False
valid_2025_11,2025-11-06,49,64,2,5.5,5,6,11,2.2878778683323517,2.565923491836997,0.03780649311920259,858.9676960722068,63.62723674609242,False,5.0,2.009832244827706,1,,,0,6.0,2.565923491836997,1,False,True
valid_2025_11,2025-11-06,50,64,2,2.5,1,4,17,2.299984153296265,2.570667068582722,0.02570020815528906,890.7813144452508,31.81361837304837,False,1.0,2.029301238009808,1,,,0,4.0,2.570667068582722,1,False,True
valid_2025_11,2025-11-06,50,65,1,6.0,6,6,5,1.995987412407601,1.995987412407601,0.03331382560220719,827.154077699161,95.44085511913818,False,6.0,1.995987412407601,1,,,0,,,0,False,False
valid_2025_11,2025-11-06,51,64,2,4.5,2,7,13,2.280478490637499,2.5413658384033155,0.04520587081405503,922.5949328182955,3.524291969370097e-12,True,2.0,2.0195911428716826,1,,,0,7.0,2.5413658384033155,1,False,True
valid_2025_11,2025-11-06,51,65,1,7.0,7,7,4,1.986277317269476,1.986277317269476,0.04302392074033201,858.9676960722059,63.62723674609333,False,7.0,1.986277317269476,1,,,0,,,0,False,False
valid_2025_11,2025-11-07,43,79,1,7.0,7,7,4,5.665427365387988,5.665427365387988,0.05133952498660577,3204.878464005827,3588.91655819604,False,,,0,7.0,5.665427365387988,1,,,0,False,True
valid_2025_11,2025-11-07,43,80,1,3.0,3,3,8,5.691828290691984,5.691828290691984,0.02493859968260903,3077.623990513649,3716.1710316882177,False,,,0,3.0,5.691828290691984,1,,,0,False,True
valid_2025_11,2025-11-07,44,78,1,8.0,8,8,3,5.663965039766602,5.663965039766602,0.052801850607991696,2756.306444945897,4037.4885772559696,False,,,0,8.0,5.663965039766602,1,,,0,False,True
valid_2025_11,2025-11-07,44,79,2,7.0,4,10,8,5.1112692486591005,5.6903659650705976,0.02817427546562712,2756.3064449458966,4037.4885772559705,False,10.0,4.532172532247603,1,4.0,5.6903659650705976,1,,,0,False,True
valid_2025_11,2025-11-07,44,80,2,3.0,1,5,16,5.132932317874451,5.716766890374593,0.006511206250277013,2629.051971453719,4164.743050748148,False,5.0,4.549097745374308,1,1.0,5.716766890374593,1,,,0,False,True
valid_2025_11,2025-11-07,45,79,2,7.5,6,9,7,5.107383514076009,5.678289463635423,0.03206001004871872,2671.319544824145,4122.475477377722,False,9.0,4.536477564516595,1,6.0,5.678289463635423,1,,,0,False,True
valid_2025_11,2025-11-07,45,80,2,3.0,2,4,16,5.129046583291359,5.704690388939419,0.010396940833368618,2544.0650713319674,4249.7299508699,False,4.0,4.553402777643299,1,2.0,5.704690388939419,1,,,0,False,True
valid_2025_11,2025-11-07,46,79,2,9.0,8,10,4,5.097717272564044,5.657098929625981,0.04172625156068399,2667.9822962568123,4125.812725945055,False,8.0,4.538335615502106,1,10.0,5.657098929625981,1,,,0,False,True
valid_2025_11,2025-11-07,46,80,2,4.0,3,5,14,5.119380341779394,5.683499854929977,0.020063182345333885,2540.7278227646348,4253.067199437232,False,3.0,4.5552608286288105,1,5.0,5.683499854929977,1,,,0,False,True
valid_2025_11,2025-11-07,47,79,1,6.0,6,6,5,4.545194944748157,4.545194944748157,0.016925213126704364,2622.431557470287,4171.36346473158,False,6.0,4.545194944748157,1,,,0,,,0,False,False
valid_2025_11,2025-11-07,47,80,3,6.666666666666667,1,10,13,4.996424631506222,5.660508674086696,0.042344659580121714,2495.1770839781093,4298.617938223758,False,1.0,4.562120157874862,1,9.0,5.660508674086696,1,10.0,4.766645062557108,1,True,True
valid_2025_11,2025-11-07,47,83,1,9.0,9,9,2,4.771844776085364,4.771844776085364,0.06557604892421232,2548.8530208971097,4244.9420013047575,False,,,0,,,0,9.0,4.771844776085364,1,False,True
valid_2025_11,2025-11-07,48,79,2,7.0,7,7,8,4.668664971738549,4.79730893645601,0.031105519703669593,3043.341635354855,3750.453386847012,False,7.0,4.540021007021089,1,,,0,7.0,4.79730893645601,1,False,True
valid_2025_11,2025-11-07,48,80,2,2.0,2,2,18,4.694583665814557,4.83222111148132,0.0051868256276623725,2916.087161862677,3877.7078603391897,False,2.0,4.556946220147793,1,,,0,2.0,4.83222111148132,1,False,True
valid_2025_11,2025-11-07,48,81,1,3.0,3,3,8,4.829097570872727,4.829097570872727,0.0083232541368492,2888.3425052795446,3905.4525169223225,False,,,0,,,0,3.0,4.829097570872727,1,False,True
valid_2025_11,2025-11-07,48,82,1,5.0,5,5,6,4.825974030264134,4.825974030264134,0.01144679474544219,2947.0831702435344,3846.7118519583328,False,,,0,,,0,5.0,4.825974030264134,1,False,True
valid_2025_11,2025-11-07,48,83,1,1.0,1,1,10,4.837420825009576,4.837420825009576,0.0,2969.763098781678,3824.031923420189,False,,,0,,,0,1.0,4.837420825009576,1,False,True
valid_2025_11,2025-11-07,48,84,1,4.0,4,4,7,4.828634457404328,4.828634457404328,0.008786367605248202,2636.62679398834,4157.168228213527,False,,,0,,,0,4.0,4.828634457404328,1,False,True
valid_2025_11,2025-11-07,48,85,1,6.0,6,6,5,4.809647876251316,4.809647876251316,0.027772948758260085,2049.8055149265065,4743.989507275361,False,,,0,,,0,6.0,4.809647876251316,1,False,True
valid_2025_11,2025-11-07,48,86,1,8.0,8,8,3,4.78639474078559,4.78639474078559,0.051026084223986246,1484.1116598262115,5309.683362375656,False,,,0,,,0,8.0,4.78639474078559,1,False,True
valid_2025_11,2025-11-08,49,78,1,7.0,7,7,4,4.682015257741498,4.682015257741498,0.03376504053637319,7180.782238815255,856.8552718122364,False,,,0,,,0,7.0,4.682015257741498,1,False,True
valid_2025_11,2025-11-08,49,79,1,3.0,3,3,8,4.695714387033973,4.695714387033973,0.020065911243898782,7240.04464712056,797.5928635069304,False,,,0,,,0,3.0,4.695714387033973,1,False,True
valid_2025_11,2025-11-08,49,80,3,6.0,1,10,15,5.13922712884363,5.781216368511547,0.031466657016782605,7394.553847472927,643.0836631545635,False,7.0,4.920684719741473,1,10.0,5.781216368511547,1,1.0,4.715780298277871,1,True,True
valid_2025_11,2025-11-08,49,81,2,5.5,5,6,11,4.810358701798659,4.932203751934466,0.03440200436398744,7414.612333857132,623.0251767703585,False,6.0,4.932203751934466,1,,,0,5.0,4.688513651662853,1,False,True
valid_2025_11,2025-11-08,49,82,2,6.5,4,9,9,4.801219218194596,4.941191431341359,0.04354148796805024,7483.142049194509,554.4954614329818,False,4.0,4.941191431341359,1,,,0,9.0,4.6612470050478345,1,False,True
valid_2025_11,2025-11-08,49,83,1,10.0,10,10,1,4.901686526560233,4.901686526560233,0.07205458748718918,7650.281256040973,387.35625458651793,False,10.0,4.901686526560233,1,,,0,,,0,False,False
valid_2025_11,2025-11-08,50,72,1,9.0,9,9,2,5.804712418059935,5.804712418059935,0.017847527196010127,7085.452731360427,952.1847792670642,False,,,0,9.0,5.804712418059935,1,,,0,False,True
valid_2025_11,2025-11-08,50,73,1,7.0,7,7,4,5.8146198931373405,5.8146198931373405,0.007940052118605045,7172.224375472904,865.4131351545866,False,,,0,7.0,5.8146198931373405,1,,,0,False,True
valid_2025_11,2025-11-08,50,74,1,8.0,8,8,3,5.8146198931373405,5.8146198931373405,0.007940052118605045,7172.224375472906,865.4131351545848,False,,,0,8.0,5.8146198931373405,1,,,0,False,True
valid_2025_11,2025-11-08,50,75,1,2.0,2,2,9,5.815837008962447,5.815837008962447,0.006722936293498627,7196.358186370697,841.2793242567941,False,,,0,2.0,5.815837008962447,1,,,0,False,True
valid_2025_11,2025-11-08,50,76,1,3.0,3,3,8,5.815827969886115,5.815827969886115,0.006731975369830501,7192.13015648892,845.5073541385709,False,,,0,3.0,5.815827969886115,1,,,0,False,True
valid_2025_11,2025-11-08,50,77,1,4.0,4,4,7,5.815818930809783,5.815818930809783,0.0067410144461623744,7181.609392892954,856.0281177345369,False,,,0,4.0,5.815818930809783,1,,,0,False,True
valid_2025_11,2025-11-08,50,78,2,6.5,5,8,9,5.246650638422947,5.815809891733451,0.0225194833439617,7176.7864483476005,860.8510622798904,False,,,0,5.0,5.815809891733451,1,8.0,4.677491385112442,1,False,True
valid_2025_11,2025-11-08,50,79,2,5.0,4,6,12,5.253495683531018,5.815800852657119,0.01567443823589043,7236.0488566529075,801.5886539745834,False,,,0,6.0,5.815800852657119,1,4.0,4.691190514404917,1,False,True
valid_2025_11,2025-11-08,50,80,3,2.0,1,3,27,5.162350257784099,5.822559945255946,0.008343528076313925,7390.558057005273,647.0794536222174,False,3.0,4.953234402447537,1,1.0,5.822559945255946,1,2.0,4.711256425648815,1,True,True
valid_2025_11,2025-11-08,50,81,2,4.0,2,6,14,4.824371606837163,4.96475343464053,0.020389099325483606,7410.6165433894785,627.0209672380124,False,2.0,4.96475343464053,1,,,0,6.0,4.683989779033797,1,False,True
valid_2025_11,2025-11-08,50,82,2,5.5,1,10,11,4.8152321232331,4.973741114047423,0.02952858292954641,7479.146258726855,558.4912519006357,False,1.0,4.973741114047423,1,,,0,10.0,4.6567231324187786,1,False,True
valid_2025_11,2025-11-08,50,83,1,5.0,5,5,6,4.934236209266297,4.934236209266297,0.03950490478112556,7646.285465573319,391.3520450541719,False,5.0,4.934236209266297,1,,,0,,,0,False,False
valid_2025_11,2025-11-08,51,81,1,9.0,9,9,2,4.910986180751662,4.910986180751662,0.06275493329576065,7409.051313365524,628.5861972619668,False,9.0,4.910986180751662,1,,,0,,,0,False,False
valid_2025_11,2025-11-08,51,82,1,8.0,8,8,3,4.919973860158555,4.919973860158555,0.05376725388886783,7477.581028702901,560.0564819245901,False,8.0,4.919973860158555,1,,,0,,,0,False,False
valid_2025_11,2025-11-09,49,67,2,5.5,4,7,11,11.025747005361687,11.17305483267844,0.056205915584173205,11319.282235767474,1253.8892291078264,False,,,0,7.0,11.17305483267844,1,4.0,10.878439178044932,1,False,True
valid_2025_11,2025-11-09,49,68,2,4.0,3,5,14,10.744786388176554,11.185384089833317,0.039681465935402116,11728.023604624355,845.1478602509451,False,3.0,10.304188686519788,1,5.0,11.185384089833317,1,,,0,False,True
valid_2025_11,2025-11-09,49,69,1,10.0,10,10,1,10.257078563169234,10.257078563169234,0.07257220714033252,12211.380634013372,361.790830861928,False,10.0,10.257078563169234,1,,,0,,,0,False,False
valid_2025_11,2025-11-09,50,67,3,4.0,1,9,21,10.804460369472897,11.226955680759469,0.02672516792753162,11325.196387423024,1247.9750774522763,False,9.0,10.261804523681846,1,2.0,11.226955680759469,1,1.0,10.924620903977376,1,True,True
valid_2025_11,2025-11-09,50,68,3,2.6666666666666665,1,6,25,10.804894126504593,11.239284937914343,0.026291410895835792,11733.937756279904,839.2337085953968,False,1.0,10.329650770309566,1,1.0,11.239284937914343,1,6.0,10.845746671289868,1,True,True
valid_2025_11,2025-11-09,50,69,1,6.0,6,6,5,10.282540646959012,10.282540646959012,0.047110123350554645,12217.29478566892,355.8766792063798,False,6.0,10.282540646959012,1,,,0,,,0,False,False
valid_2025_11,2025-11-09,51,67,2,3.0,2,4,16,11.054359531521396,11.20338067876105,0.027593389424464654,11342.213491890763,1230.9579729845354,False,,,0,4.0,11.20338067876105,1,2.0,10.90533838428174,1,False,True
valid_2025_11,2025-11-09,51,68,3,4.333333333333333,2,8,20,10.786895969249128,11.215709935915928,0.04428956815130055,11750.954860747646,822.2166041276541,False,2.0,10.318513820237222,1,3.0,11.215709935915928,1,8.0,10.826464151594234,1,True,True
valid_2025_11,2025-11-09,51,69,1,7.0,7,7,4,10.271403696886669,10.271403696886669,0.0582470734228977,12234.311890136663,338.8595747386371,False,7.0,10.271403696886669,1,,,0,,,0,False,False
valid_2025_11,2025-11-09,52,67,2,5.5,3,8,11,11.026243415535848,11.172744917783538,0.055709505410010074,11322.253627723518,1250.9178371517828,False,,,0,8.0,11.172744917783538,1,3.0,10.87974191328816,1,False,True
valid_2025_11,2025-11-09,52,68,3,6.666666666666667,4,10,13,10.763070986939846,11.185074174938416,0.06811455046058039,11730.994996580395,842.1764682949033,False,4.0,10.303271105280476,1,6.0,11.185074174938416,1,10.0,10.800867680600652,1,True,True
valid_2025_11,2025-11-09,53,67,2,7.5,5,10,7,11.001144691187298,11.134560767760636,0.08080822975856172,11328.8104144702,1244.3610504050994,False,,,0,10.0,11.134560767760636,1,5.0,10.86772861461396,1,False,True
valid_2025_11,2025-11-09,53,68,2,7.0,5,9,8,10.715302936031195,11.146890024915514,0.06916491808075964,11737.55178332708,835.6196815482199,False,5.0,10.283715847146876,1,9.0,11.146890024915514,1,,,0,False,True
valid_2025_11,2025-11-09,54,67,1,7.0,7,7,4,10.842953020769528,10.842953020769528,0.08166788320784768,11334.988619158248,1238.1828457170525,False,,,0,,,0,7.0,10.842953020769528,1,False,True
valid_2025_11,2025-11-09,54,68,1,8.0,8,8,3,10.264866783451035,10.264866783451035,0.06478398685853115,11743.729988015128,829.4414768601728,False,8.0,10.264866783451035,1,,,0,,,0,False,False
valid_2025_11,2025-11-09,55,67,1,9.0,9,9,2,10.802265089740896,10.802265089740896,0.12235581423647979,11334.988619158248,1238.1828457170525,False,,,0,,,0,9.0,10.802265089740896,1,False,True
valid_2025_11,2025-11-10,49,67,1,7.0,7,7,4,9.884694384080856,9.884694384080856,0.06472447269172044,10556.52210301719,598.6495823729365,False,,,0,,,0,7.0,9.884694384080856,1,False,True
valid_2025_11,2025-11-10,49,76,2,8.5,8,9,5,9.768712430289511,9.875409743702225,0.04968251335543972,10588.335721390236,566.8359639998907,False,8.0,9.662015116876798,1,,,0,9.0,9.875409743702225,1,False,True
valid_2025_11,2025-11-10,49,77,3,2.6666666666666665,1,4,25,9.831067233407234,9.949418856772576,0.005459232444593454,10588.335721390236,566.8359639998907,False,3.0,9.683590819025628,1,4.0,9.860192024423498,1,1.0,9.949418856772576,1,True,True
valid_2025_11,2025-11-10,49,78,2,5.0,2,8,12,9.883767529653634,9.926666393348992,0.027336653865444482,10588.335721390236,566.8359639998907,False,,,0,8.0,9.840868665958276,1,2.0,9.926666393348992,1,False,True
valid_2025_11,2025-11-10,49,79,1,4.0,4,4,7,9.901387246800082,9.901387246800082,0.04803160997249378,10492.894866271105,662.2768191190244,False,,,0,,,0,4.0,9.901387246800082,1,False,True
valid_2025_11,2025-11-10,49,80,1,8.0,8,8,3,9.877721903894338,9.877721903894338,0.07169695287823785,10441.843552867878,713.3281325222488,False,,,0,,,0,8.0,9.877721903894338,1,False,True
valid_2025_11,2025-11-10,50,76,1,10.0,10,10,1,9.66093637616266,9.66093637616266,0.02643465435466652,10572.482995354949,582.6886900351783,False,10.0,9.66093637616266,1,,,0,,,0,False,False
valid_2025_11,2025-11-10,50,77,3,3.3333333333333335,3,4,23,9.820372043304692,9.91678092972366,0.01615442254713469,10572.482995354949,582.6886900351783,False,4.0,9.68251207831149,1,3.0,9.861823121878928,1,3.0,9.91678092972366,1,True,True
valid_2025_11,2025-11-10,50,78,2,6.0,5,7,10,9.868264114856892,9.894028466300076,0.042840068662187036,10572.482995354949,582.6886900351783,False,,,0,7.0,9.842499763413706,1,5.0,9.894028466300076,1,False,True
valid_2025_11,2025-11-10,50,79,1,10.0,10,10,1,9.868749319751164,9.868749319751164,0.08066953702141255,10477.042140235815,678.1295451543119,False,,,0,,,0,10.0,9.868749319751164,1,False,True
valid_2025_11,2025-11-10,51,76,2,8.0,6,10,6,9.745832023806994,9.8261552407423,0.034248246584458464,10495.04864823496,660.1230371551683,False,6.0,9.665508806871689,1,10.0,9.8261552407423,1,,,0,False,True
valid_2025_11,2025-11-10,51,77,3,3.0,1,6,24,9.814906414219392,9.884845223372077,0.02162005163243504,10495.04864823496,660.1230371551683,False,2.0,9.68708450902052,1,1.0,9.87278951026558,1,6.0,9.884845223372077,1,True,True
valid_2025_11,2025-11-10,51,78,2,7.0,5,9,8,9.757673668856505,9.853466151800358,0.022406601534948223,10495.04864823496,660.1230371551683,False,9.0,9.661881185912652,1,5.0,9.853466151800358,1,,,0,False,True
valid_2025_11,2025-11-10,52,76,1,5.0,5,5,6,9.665795328368496,9.665795328368496,0.02157570214883009,10272.99595471478,882.1757306753461,False,5.0,9.665795328368496,1,,,0,,,0,False,False
valid_2025_11,2025-11-10,52,77,2,1.5,1,2,19,9.779996980729987,9.872622930942647,8.328966146642358e-05,10272.99595471478,882.1757306753461,False,1.0,9.687371030517326,1,2.0,9.872622930942647,1,,,0,False,True
valid_2025_11,2025-11-10,52,78,2,6.5,6,7,9,9.757733639943442,9.853299572477423,0.022346630448011773,10272.99595471478,882.1757306753461,False,7.0,9.66216770740946,1,6.0,9.853299572477423,1,,,0,False,True
valid_2025_11,2025-11-10,53,77,1,9.0,9,9,2,9.837361584852662,9.837361584852662,0.03542792541291817,10227.057089784106,928.1145956060208,False,,,0,9.0,9.837361584852662,1,,,0,False,True
valid_2025_11,2025-11-11,48,67,1,10.0,10,10,1,4.351105959059026,4.351105959059026,0.15162336085474948,7308.28803989258,177.55816686364142,False,,,0,,,0,10.0,4.351105959059026,1,False,True
valid_2025_11,2025-11-11,48,68,1,3.0,3,3,8,4.470272790104474,4.470272790104474,0.032456529809302026,7316.842721873092,169.0034848831292,False,,,0,,,0,3.0,4.470272790104474,1,False,True
valid_2025_11,2025-11-11,48,69,1,4.0,4,4,7,4.461395717603388,4.461395717603388,0.04133360231038807,7445.531989553895,40.31421720232629,False,,,0,,,0,4.0,4.461395717603388,1,False,True
valid_2025_11,2025-11-11,48,76,1,10.0,10,10,1,5.580463824741024,5.580463824741024,0.07649791434027975,6553.093185591407,932.7530211648144,False,,,0,10.0,5.580463824741024,1,,,0,False,True
valid_2025_11,2025-11-11,49,67,1,6.0,6,6,5,4.383562488868328,4.383562488868328,0.11916683104544745,7312.799210977878,173.04699577834344,False,,,0,,,0,6.0,4.383562488868328,1,False,True
valid_2025_11,2025-11-11,49,68,1,1.0,1,1,10,4.502729319913776,4.502729319913776,0.0,7321.35389295839,164.49231379783123,False,,,0,,,0,1.0,4.502729319913776,1,False,True
valid_2025_11,2025-11-11,49,69,1,2.0,2,2,9,4.49385224741269,4.49385224741269,0.008877072501086047,7450.043160639192,35.803046117029226,False,,,0,,,0,2.0,4.49385224741269,1,False,True
valid_2025_11,2025-11-11,49,70,2,5.5,4,7,11,4.500882210964235,4.623988708662154,0.06957734630973889,7386.415923893103,99.430282863118,False,4.0,4.623988708662154,1,,,0,7.0,4.377775713266317,1,False,True
valid_2025_11,2025-11-11,49,71,1,2.0,2,2,9,4.635807673369236,4.635807673369236,0.002382121264936643,7316.425963472406,169.42024328381558,False,2.0,4.635807673369236,1,,,0,,,0,False,False
valid_2025_11,2025-11-11,49,72,2,4.5,1,8,13,5.121778141515296,5.60536648839642,0.025797625342441677,7165.537152890892,320.3090538653296,False,1.0,4.638189794634172,1,8.0,5.60536648839642,1,,,0,False,True
valid_2025_11,2025-11-11,49,73,2,4.5,3,6,13,5.123630379112932,5.622628516289545,0.023945387744806368,7045.679345670445,440.166861085776,False,3.0,4.624632241936318,1,6.0,5.622628516289545,1,,,0,False,True
valid_2025_11,2025-11-11,49,74,2,6.0,5,7,10,5.112031733882922,5.629983069105265,0.035544032974815565,6830.342506988818,655.5036997674033,False,7.0,4.59408039866058,1,5.0,5.629983069105265,1,,,0,False,True
valid_2025_11,2025-11-11,49,75,2,5.0,2,8,12,5.120273407873814,5.648952980472281,0.02730235898392408,6680.688064800178,805.1581419560434,False,8.0,4.591593835275347,1,2.0,5.648952980472281,1,,,0,False,True
valid_2025_11,2025-11-11,49,76,2,5.0,1,9,12,5.122832272117513,5.656961739081304,0.024743494740224747,6557.604356676705,928.2418500795166,False,9.0,4.588702805153723,1,1.0,5.656961739081304,1,,,0,False,True
valid_2025_11,2025-11-11,49,77,1,3.0,3,3,8,5.645915086125719,5.645915086125719,0.011046652955585046,6251.064236843233,1234.7819699129886,False,,,0,3.0,5.645915086125719,1,,,0,False,True
valid_2025_11,2025-11-11,49,78,1,4.0,4,4,7,5.6348684331701335,5.6348684331701335,0.02209330591117009,6051.484683341774,1434.3615234144472,False,,,0,4.0,5.6348684331701335,1,,,0,False,True
valid_2025_11,2025-11-11,49,79,1,7.0,7,7,4,5.616467227398829,5.616467227398829,0.040494511682474865,5912.697773189367,1573.1484335668547,False,,,0,7.0,5.616467227398829,1,,,0,False,True
valid_2025_11,2025-11-11,49,80,1,9.0,9,9,2,5.598066021627524,5.598066021627524,0.05889571745377964,5794.166593855076,1691.6796129011454,False,,,0,9.0,5.598066021627524,1,,,0,False,True
valid_2025_11,2025-11-11,50,68,1,5.0,5,5,6,4.386415880243746,4.386415880243746,0.11631343967003005,7326.494973687474,159.3512330687472,False,,,0,,,0,5.0,4.386415880243746,1,False,True
valid_2025_11,2025-11-11,50,69,1,8.0,8,8,3,4.37753880774266,4.37753880774266,0.1251905121711161,7455.184241368276,30.6619653879452,False,,,0,,,0,8.0,4.37753880774266,1,False,True
valid_2025_11,2025-11-11,50,71,1,6.0,6,6,5,4.598062304993512,4.598062304993512,0.040127489640660485,7321.56704420149,164.27916255473156,False,6.0,4.598062304993512,1,,,0,,,0,False,False
valid_2025_11,2025-11-11,50,72,1,5.0,5,5,6,4.6004444262584485,4.6004444262584485,0.03774536837572384,7170.678233619976,315.1679731362456,False,5.0,4.6004444262584485,1,,,0,,,0,False,False
valid_2025_11,2025-11-11,50,73,1,10.0,10,10,1,4.586886873560594,4.586886873560594,0.051302921073578034,7050.8204263995285,435.0257803566929,False,10.0,4.586886873560594,1,,,0,,,0,False,False
valid_2025_11,2025-11-11,55,68,1,9.0,9,9,2,4.351935969229302,4.351935969229302,0.15079335068447364,7357.156939075415,128.68926768080655,False,,,0,,,0,9.0,4.351935969229302,1,False,True
valid_2025_11,2025-11-12,47,68,1,9.0,9,9,2,10.96763567006476,10.96763567006476,0.11825870272847894,10470.141766410705,13.361719716676816,False,,,0,9.0,10.96763567006476,1,,,0,False,True
valid_2025_11,2025-11-12,48,68,2,5.5,5,6,11,10.998116858623492,11.048387297639756,0.05981242817892962,10463.670876433627,19.8326096937526,False,,,0,5.0,11.048387297639756,1,6.0,10.947846419607227,1,False,True
valid_2025_11,2025-11-12,48,69,3,6.666666666666667,5,9,13,10.795106358497426,11.029438483529374,0.07313543188594511,10400.043639687538,83.4598464398423,False,5.0,10.436134220855678,1,6.0,11.029438483529374,1,9.0,10.919746371107228,1,True,True
valid_2025_11,2025-11-12,49,68,2,1.5,1,2,19,11.056072495281864,11.082180789752124,0.0018567915205576213,10457.13954058164,26.363945545739625,False,,,0,2.0,11.082180789752124,1,1.0,11.029964200811603,1,False,True
valid_2025_11,2025-11-12,49,69,3,3.0,2,4,24,10.847021000033914,11.063231975641742,0.021220790349457157,10393.51230383555,89.99118229182932,False,2.0,10.475966872148398,1,4.0,11.063231975641742,1,3.0,11.001864152311605,1,True,True
valid_2025_11,2025-11-12,49,70,1,7.0,7,7,4,10.43348132420008,10.43348132420008,0.05538547334519173,10361.698685462505,121.80480066487507,False,7.0,10.43348132420008,1,,,0,,,0,False,False
valid_2025_11,2025-11-12,49,71,1,8.0,8,8,3,10.42267425713192,10.42267425713192,0.06619254041335232,10139.003356851192,344.5001292761881,False,8.0,10.42267425713192,1,,,0,,,0,False,False
valid_2025_11,2025-11-12,50,68,2,1.5,1,2,19,11.057462000656749,11.08589437279324,0.0004672861456720412,10450.668650604564,32.83483552281723,False,,,0,1.0,11.08589437279324,1,2.0,11.02902962852026,1,False,True
valid_2025_11,2025-11-12,50,69,3,2.6666666666666665,1,4,25,10.852247312082797,11.06694555868286,0.015994478300574027,10387.041413858473,96.46207226890692,False,1.0,10.488866797545272,1,3.0,11.06694555868286,1,4.0,11.00092958002026,1,True,True
valid_2025_11,2025-11-12,50,70,2,7.0,4,10,8,10.703014605418815,10.959647961240677,0.08436597975043991,10355.227795485427,128.27569064195268,False,4.0,10.446381249596955,1,10.0,10.959647961240677,1,,,0,False,True
valid_2025_11,2025-11-12,50,71,1,6.0,6,6,5,10.435574182528796,10.435574182528796,0.053292615016475864,10132.532466874114,350.9710192532657,False,6.0,10.435574182528796,1,,,0,,,0,False,False
valid_2025_11,2025-11-12,51,68,2,6.0,5,7,10,10.983750981033022,11.00511359275061,0.07417830576939988,10451.540343747984,31.96314237939623,False,,,0,7.0,11.00511359275061,1,5.0,10.962388369315434,1,False,True
valid_2025_11,2025-11-12,51,69,3,6.0,3,8,15,10.79324790743229,10.986164778640228,0.07499388295108093,10387.913107001894,95.59037912548592,False,3.0,10.459290622841213,1,8.0,10.986164778640228,1,7.0,10.934288320815432,1,True,True
valid_2025_11,2025-11-12,51,70,1,10.0,10,10,1,10.416805074892896,10.416805074892896,0.07206172265237676,10356.09948862885,127.40399749852986,False,10.0,10.416805074892896,1,,,0,,,0,False,False
valid_2025_11,2025-11-12,52,68,1,10.0,10,10,1,10.915933777930416,10.915933777930416,0.11403042288118748,10445.009007895997,38.494478231383255,False,,,0,,,0,10.0,10.915933777930416,1,False,True
valid_2025_11,2025-11-12,52,69,1,9.0,9,9,2,10.419183400446792,10.419183400446792,0.06968339709847982,10381.381771149909,102.12171497747296,False,9.0,10.419183400446792,1,,,0,,,0,False,False
valid_2025_11,2025-11-12,53,68,1,8.0,8,8,3,10.925549319246713,10.925549319246713,0.10441488156489065,10444.624063113684,38.87942301369549,False,,,0,,,0,8.0,10.925549319246713,1,False,True
valid_2025_11,2025-11-13,49,69,1,10.0,10,10,1,4.881950405407736,4.881950405407736,0.11436358801698532,9330.03394341406,207.7238398049467,False,,,0,,,0,10.0,4.881950405407736,1,False,True
valid_2025_11,2025-11-13,50,69,1,5.0,5,5,6,4.936995029484358,4.936995029484358,0.05931896394036329,9330.03394341406,207.7238398049467,False,,,0,,,0,5.0,4.936995029484358,1,False,True
valid_2025_11,2025-11-13,50,70,1,6.0,6,6,5,4.9315258152104775,4.9315258152104775,0.06478817821424343,9146.45027723057,391.3075059884377,False,,,0,,,0,6.0,4.9315258152104775,1,False,True
valid_2025_11,2025-11-13,51,68,1,7.0,7,7,4,4.905481850368759,4.905481850368759,0.09083214305596155,9537.757783219018,-1.091393642127514e-11,False,,,0,,,0,7.0,4.905481850368759,1,False,True
valid_2025_11,2025-11-13,51,69,1,1.0,1,1,10,4.996313993424721,4.996313993424721,0.0,9330.03394341406,207.7238398049467,False,,,0,,,0,1.0,4.996313993424721,1,False,True
valid_2025_11,2025-11-13,51,70,2,2.0,2,2,18,4.627653164531051,4.990844779150841,0.004328175824067415,9146.45027723057,391.3075059884377,False,2.0,4.26446154991126,1,,,0,2.0,4.990844779150841,1,False,True
valid_2025_11,2025-11-13,51,71,1,8.0,8,8,3,4.231136389009976,4.231136389009976,0.03651229827553948,9324.644716461667,213.11306675733977,False,8.0,4.231136389009976,1,,,0,,,0,False,False
valid_2025_11,2025-11-13,52,69,1,3.0,3,3,8,4.970200120140397,4.970200120140397,0.026113873284323574,9330.03394341406,207.7238398049467,False,,,0,,,0,3.0,4.970200120140397,1,False,True
valid_2025_11,2025-11-13,52,70,2,3.5,3,4,15,4.612350686420982,4.964730905866517,0.019630653934136433,9146.45027723057,391.3075059884377,False,3.0,4.259970466975446,1,,,0,4.0,4.964730905866517,1,False,True
valid_2025_11,2025-11-13,52,71,1,9.0,9,9,2,4.226645306074161,4.226645306074161,0.04100338121135394,9324.644716461667,213.11306675733977,False,9.0,4.226645306074161,1,,,0,,,0,False,False
valid_2025_11,2025-11-13,53,69,1,8.0,8,8,3,4.904221443027609,4.904221443027609,0.09209255039711195,9330.03394341406,207.7238398049467,False,,,0,,,0,8.0,4.904221443027609,1,False,True
valid_2025_11,2025-11-13,53,70,2,7.5,6,9,7,4.569063696416354,4.898752228753729,0.0629176439387642,9146.45027723057,391.3075059884377,False,6.0,4.239375164078979,1,,,0,9.0,4.898752228753729,1,False,True
valid_2025_11,2025-11-13,54,70,1,4.0,4,4,7,4.247454153190887,4.247454153190887,0.020194534094628125,9146.45027723057,391.3075059884377,False,4.0,4.247454153190887,1,,,0,,,0,False,False
valid_2025_11,2025-11-13,55,70,2,1.5,1,2,19,4.367914828087908,4.468180968890302,0.004553643649217065,9146.45027723057,391.3075059884377,False,1.0,4.267648687285515,1,2.0,4.468180968890302,1,,,0,False,True
valid_2025_11,2025-11-13,55,71,2,5.5,4,7,11,4.328738219662327,4.423152912940424,0.043730252074798415,9324.644716461667,213.11306675733977,False,7.0,4.23432352638423,1,4.0,4.423152912940424,1,,,0,False,True
valid_2025_11,2025-11-13,55,72,1,10.0,10,10,1,4.219097111042927,4.219097111042927,0.04855157624258766,9292.831098088622,244.92668513038552,False,10.0,4.219097111042927,1,,,0,,,0,False,False
valid_2025_11,2025-11-13,55,80,1,8.0,8,8,3,4.412379497488381,4.412379497488381,0.06490875870035495,5923.915255027701,3613.842528191306,False,,,0,8.0,4.412379497488381,1,,,0,False,True
valid_2025_11,2025-11-13,56,70,2,3.0,1,5,16,4.36190981580835,4.477288256188736,0.010558655928775806,9146.45027723057,391.3075059884377,False,5.0,4.246531375427963,1,1.0,4.477288256188736,1,,,0,False,True
valid_2025_11,2025-11-13,56,71,1,3.0,3,3,8,4.432260200238858,4.432260200238858,0.04502805594987791,9324.644716461667,213.11306675733977,False,,,0,3.0,4.432260200238858,1,,,0,False,True
valid_2025_11,2025-11-13,56,72,1,10.0,10,10,1,4.406177252457482,4.406177252457482,0.07111100373125367,9292.831098088622,244.92668513038552,False,,,0,10.0,4.406177252457482,1,,,0,False,True
valid_2025_11,2025-11-13,56,73,1,9.0,9,9,2,4.407855016443207,4.407855016443207,0.0694332397455284,9261.017479715578,276.74030350342946,False,,,0,9.0,4.407855016443207,1,,,0,False,True
valid_2025_11,2025-11-13,56,79,1,7.0,7,7,4,4.413478026177792,4.413478026177792,0.06381023001094377,6737.974847404519,2799.782935814488,False,,,0,7.0,4.413478026177792,1,,,0,False,True
valid_2025_11,2025-11-13,56,80,1,6.0,6,6,5,4.421486784786815,4.421486784786815,0.05580147140192082,5923.915255027701,3613.842528191306,False,,,0,6.0,4.421486784786815,1,,,0,False,True
valid_2025_11,2025-11-13,57,70,1,5.0,5,5,6,4.421727374766206,4.421727374766206,0.05556088142252946,8987.382185365344,550.3755978536628,False,,,0,5.0,4.421727374766206,1,,,0,False,True
valid_2025_11,2025-11-14,47,78,2,9.0,9,9,4,5.6389228218508745,6.350018106005967,0.06069747403789272,3593.341832511727,198.23065608244224,False,9.0,4.927827537695782,1,9.0,6.350018106005967,1,,,0,False,True
valid_2025_11,2025-11-14,47,79,1,7.0,7,7,4,6.366684033453408,6.366684033453408,0.0672279955876931,3583.7977469998136,207.77474159435545,False,,,0,7.0,6.366684033453408,1,,,0,False,True
valid_2025_11,2025-11-14,47,80,2,6.5,3,10,9,5.660091683075265,6.3932006106978765,0.03952861281350195,3216.426807475242,575.1456811189264,False,10.0,4.926982755452654,1,3.0,6.3932006106978765,1,,,0,False,True
valid_2025_11,2025-11-14,47,85,1,10.0,10,10,1,4.785212731300339,4.785212731300339,0.04650984983760864,1906.6983153990384,1884.8741731951309,False,,,0,,,0,10.0,4.785212731300339,1,False,True
valid_2025_11,2025-11-14,48,76,1,8.0,8,8,3,4.933578756950245,4.933578756950245,0.03174980578618758,3264.8884923429014,526.6839962512677,False,8.0,4.933578756950245,1,,,0,,,0,False,False
valid_2025_11,2025-11-14,48,77,2,6.0,4,8,10,5.656930132371594,6.361832502063889,0.042690163517173474,3326.107438178151,465.4650504160181,False,4.0,4.952027762679299,1,8.0,6.361832502063889,1,,,0,False,True
valid_2025_11,2025-11-14,48,78,2,2.5,1,4,17,5.6780290435428125,6.390729524349192,0.021591252345954715,3593.341832511727,198.23065608244224,False,1.0,4.965328562736433,1,4.0,6.390729524349192,1,,,0,False,True
valid_2025_11,2025-11-14,48,79,2,2.5,2,3,17,5.685505854851529,6.407395451796633,0.014114441037238024,3583.7977469998136,207.77474159435545,False,3.0,4.963616257906425,1,2.0,6.407395451796633,1,,,0,False,True
valid_2025_11,2025-11-14,48,80,2,1.5,1,2,19,5.699197904767203,6.433912029041101,0.00042239112156394754,3216.426807475242,575.1456811189264,False,2.0,4.964483780493305,1,1.0,6.433912029041101,1,,,0,False,True
valid_2025_11,2025-11-14,48,81,1,5.0,5,5,6,6.372740884895743,6.372740884895743,0.061171144145358625,2843.7875327480942,947.7849558460748,False,,,0,5.0,6.372740884895743,1,,,0,False,True
valid_2025_11,2025-11-14,48,84,1,7.0,7,7,4,4.805971496335379,4.805971496335379,0.025751084802569046,2285.986636366152,1505.5858522280168,False,,,0,,,0,7.0,4.805971496335379,1,False,True
valid_2025_11,2025-11-14,48,85,1,3.0,3,3,8,4.823412673736699,4.823412673736699,0.008309907401248928,1906.6983153990384,1884.8741731951309,False,,,0,,,0,3.0,4.823412673736699,1,False,True
valid_2025_11,2025-11-14,48,86,1,9.0,9,9,2,4.801174157040973,4.801174157040973,0.03054842409697489,1455.3966878827007,2336.1758007114686,False,,,0,,,0,9.0,4.801174157040973,1,False,True
valid_2025_11,2025-11-14,49,78,1,5.0,5,5,6,4.935838431040375,4.935838431040375,0.02949013169605763,3593.341832511727,198.23065608244224,False,5.0,4.935838431040375,1,,,0,,,0,False,False
valid_2025_11,2025-11-14,49,79,2,8.5,7,10,5,5.639406412091292,6.344686697972215,0.060213883797475276,3583.7977469998136,207.77474159435545,False,7.0,4.934126126210368,1,10.0,6.344686697972215,1,,,0,False,True
valid_2025_11,2025-11-14,49,80,2,6.0,6,6,10,5.653098462006966,6.371203275216683,0.046521833881801644,3216.426807475242,575.1456811189264,False,6.0,4.934993648797248,1,6.0,6.371203275216683,1,,,0,False,True
valid_2025_11,2025-11-14,49,84,1,5.0,5,5,6,4.810636805935613,4.810636805935613,0.021085775202334567,2285.986636366152,1505.5858522280168,False,,,0,,,0,5.0,4.810636805935613,1,False,True
valid_2025_11,2025-11-14,49,85,1,2.0,2,2,9,4.828077983336933,4.828077983336933,0.0036445978010144486,1906.6983153990384,1884.8741731951309,False,,,0,,,0,2.0,4.828077983336933,1,False,True
valid_2025_11,2025-11-14,49,86,1,8.0,8,8,3,4.805839466641207,4.805839466641207,0.02588311449674041,1455.3966878827007,2336.1758007114686,False,,,0,,,0,8.0,4.805839466641207,1,False,True
valid_2025_11,2025-11-14,50,84,1,4.0,4,4,7,4.814281403736628,4.814281403736628,0.01744117740131923,2285.986636366152,1505.5858522280168,False,,,0,,,0,4.0,4.814281403736628,1,False,True
valid_2025_11,2025-11-14,50,85,1,1.0,1,1,10,4.831722581137948,4.831722581137948,0.0,1906.6983153990384,1884.8741731951309,False,,,0,,,0,1.0,4.831722581137948,1,False,True
valid_2025_11,2025-11-14,50,86,1,6.0,6,6,5,4.809484064442222,4.809484064442222,0.022238516695725963,1455.3966878827007,2336.1758007114686,False,,,0,,,0,6.0,4.809484064442222,1,False,True
valid_2025_11,2025-11-15,48,79,2,6.0,5,7,10,7.08599970567023,7.218122455932775,0.13515617468838936,7473.903374418976,871.6931434214266,False,7.0,6.953876955407685,1,5.0,7.218122455932775,1,,,0,False,True
valid_2025_11,2025-11-15,48,80,3,3.0,2,5,24,7.306275192777527,7.584444044239982,0.059561215720214555,7619.412502133608,726.1840157067936,False,2.0,7.021576409262304,1,2.0,7.3128051248302945,1,5.0,7.584444044239982,1,True,True
valid_2025_11,2025-11-15,48,81,2,8.0,6,10,6,7.045679238103443,7.1323384968326735,0.1754766422551759,7722.65723783965,622.9392800007518,False,6.0,6.959019979374213,1,10.0,7.1323384968326735,1,,,0,False,True
valid_2025_11,2025-11-15,49,72,1,9.0,9,9,2,7.537540470660864,7.537540470660864,0.1176569941151211,8079.927353530779,265.66916430962283,False,,,0,,,0,9.0,7.537540470660864,1,False,True
valid_2025_11,2025-11-15,49,73,1,3.0,3,3,8,7.594544247329856,7.594544247329856,0.06065321744612895,8175.368208649914,170.2283091904883,False,,,0,,,0,3.0,7.594544247329856,1,False,True
valid_2025_11,2025-11-15,49,74,1,8.0,8,8,3,7.550325853405503,7.550325853405503,0.1048716113704824,8207.18182702296,138.41469081744253,False,,,0,,,0,8.0,7.550325853405503,1,False,True
valid_2025_11,2025-11-15,49,78,1,7.0,7,7,4,7.189946427547636,7.189946427547636,0.18936533779503417,8027.4603341099555,318.13618373044665,False,,,0,7.0,7.189946427547636,1,,,0,False,True
valid_2025_11,2025-11-15,49,79,3,6.0,3,10,15,7.270412171685277,7.531306877090732,0.09542423681246366,7473.903374418976,871.6931434214266,False,5.0,6.995300541519949,1,3.0,7.284629096445151,1,10.0,7.531306877090732,1,True,True
valid_2025_11,2025-11-15,49,80,3,1.0,1,1,30,7.365836408497741,7.655197464775985,0.0,7619.412502133608,726.1840157067936,False,1.0,7.062999995374568,1,1.0,7.3793117653426705,1,1.0,7.655197464775985,1,True,True
valid_2025_11,2025-11-15,49,81,2,4.5,3,6,13,7.099644351415764,7.1988451373450495,0.12151152894285566,7722.65723783965,622.9392800007518,False,3.0,7.000443565486478,1,6.0,7.1988451373450495,1,,,0,False,True
valid_2025_11,2025-11-15,49,82,1,10.0,10,10,1,6.931532736922669,6.931532736922669,0.13146725845189877,7830.823540308002,514.7729775323996,False,10.0,6.931532736922669,1,,,0,,,0,False,False
valid_2025_11,2025-11-15,50,73,1,6.0,6,6,5,7.556268661190854,7.556268661190854,0.09892880358513079,8175.368208649914,170.2283091904883,False,,,0,,,0,6.0,7.556268661190854,1,False,True
valid_2025_11,2025-11-15,50,79,2,8.5,8,9,5,7.051560968292663,7.171423060219709,0.16959491206595612,7473.903374418976,871.6931434214266,False,9.0,6.931698876365617,1,8.0,7.171423060219709,1,,,0,False,True
valid_2025_11,2025-11-15,50,80,3,3.3333333333333335,2,4,23,7.294141979324816,7.616921878636983,0.07169442917292528,7619.412502133608,726.1840157067936,False,4.0,6.999398330220236,1,4.0,7.266105729117228,1,2.0,7.616921878636983,1,True,True
valid_2025_11,2025-11-15,50,81,1,8.0,8,8,3,6.936841900332146,6.936841900332146,0.12615809504242215,7722.65723783965,622.9392800007518,False,8.0,6.936841900332146,1,,,0,,,0,False,False
valid_2025_11,2025-11-15,51,80,2,6.5,4,9,9,7.369646056576689,7.587131587178559,0.1476085584826392,7619.412502133608,726.1840157067936,False,,,0,9.0,7.152160525974818,1,4.0,7.587131587178559,1,False,True
valid_2025_11,2025-11-15,52,80,1,7.0,7,7,4,7.554774402975179,7.554774402975179,0.1004230618008064,7619.412502133608,726.1840157067936,False,,,0,,,0,7.0,7.554774402975179,1,False,True
valid_2025_11,2025-11-16,45,88,1,8.0,8,8,3,5.182526917431037,5.182526917431037,0.12424443726170509,7319.7663934015745,2326.122697305589,False,,,0,,,0,8.0,5.182526917431037,1,False,True
valid_2025_11,2025-11-16,46,82,1,10.0,10,10,1,5.469010493680656,5.469010493680656,0.08143336769305165,9219.58660450836,426.3024861988033,False,10.0,5.469010493680656,1,,,0,,,0,False,False
valid_2025_11,2025-11-16,46,87,1,7.0,7,7,4,5.190837086206095,5.190837086206095,0.11593426848664734,7583.609456016584,2062.27963469058,False,,,0,,,0,7.0,5.190837086206095,1,False,True
valid_2025_11,2025-11-16,46,88,1,4.0,4,4,7,5.244518195413328,5.244518195413328,0.06225315927941377,7319.7663934015745,2326.122697305589,False,,,0,,,0,4.0,5.244518195413328,1,False,True
valid_2025_11,2025-11-16,47,73,1,10.0,10,10,1,6.412286217040084,6.412286217040084,0.09874416195979663,8914.175868127131,731.7132225800324,False,,,0,10.0,6.412286217040084,1,,,0,False,True
valid_2025_11,2025-11-16,47,74,1,8.0,8,8,3,6.422684459766273,6.422684459766273,0.0883459192336069,9105.0575783654,540.8315123417633,False,,,0,8.0,6.422684459766273,1,,,0,False,True
valid_2025_11,2025-11-16,47,75,1,7.0,7,7,4,6.434299818317566,6.434299818317566,0.07673056068231432,9359.566525349755,286.32256535740635,False,,,0,7.0,6.434299818317566,1,,,0,False,True
valid_2025_11,2025-11-16,47,76,1,6.0,6,6,5,6.44468902196742,6.44468902196742,0.06634135703246002,9455.007380468896,190.88171023826908,False,,,0,6.0,6.44468902196742,1,,,0,False,True
valid_2025_11,2025-11-16,47,77,1,4.0,4,4,7,6.473586044252723,6.473586044252723,0.037444334747156915,9486.820998841937,159.06809186522696,False,,,0,4.0,6.473586044252723,1,,,0,False,True
valid_2025_11,2025-11-16,47,78,1,2.0,2,2,9,6.483975247902578,6.483975247902578,0.02705513109730262,9645.889090707162,1.8189894035458565e-12,False,,,0,2.0,6.483975247902578,1,,,0,False,True
valid_2025_11,2025-11-16,47,79,1,3.0,3,3,8,6.482133356714577,6.482133356714577,0.02889702228530311,9594.987301310288,50.90178939687576,False,,,0,3.0,6.482133356714577,1,,,0,False,True
valid_2025_11,2025-11-16,47,80,2,2.5,1,4,17,6.017665656535632,6.51103037899988,0.013071463651161963,9480.458275167328,165.43081553983575,False,4.0,5.524300934071384,1,1.0,6.51103037899988,1,,,0,False,True
valid_2025_11,2025-11-16,47,81,2,3.5,2,5,15,6.003009941436325,6.46836705348997,0.02772717875046915,9365.929249024366,279.9598416827976,False,2.0,5.537652829382679,1,5.0,6.46836705348997,1,,,0,False,True
valid_2025_11,2025-11-16,47,82,1,1.0,1,1,10,5.550443861373708,5.550443861373708,0.0,9219.58660450836,426.3024861988033,False,1.0,5.550443861373708,1,,,0,,,0,False,False
valid_2025_11,2025-11-16,47,83,1,3.0,3,3,8,5.526922323363721,5.526922323363721,0.023521538009987353,9041.43034161931,604.458749087853,False,3.0,5.526922323363721,1,,,0,,,0,False,False
valid_2025_11,2025-11-16,47,84,1,5.0,5,5,6,5.507105738011944,5.507105738011944,0.04333812336176379,8669.261908444085,976.6271822630788,False,5.0,5.507105738011944,1,,,0,,,0,False,False
valid_2025_11,2025-11-16,47,85,1,9.0,9,9,2,5.167035557049218,5.167035557049218,0.1397357976435245,8319.830668320074,1326.05842238709,False,,,0,,,0,9.0,5.167035557049218,1,False,True
valid_2025_11,2025-11-16,47,86,1,5.0,5,5,6,5.210447340705382,5.210447340705382,0.09632401398735979,7857.61696970178,1788.2721210053833,False,,,0,,,0,5.0,5.210447340705382,1,False,True
valid_2025_11,2025-11-16,47,87,1,3.0,3,3,8,5.2530902454855095,5.2530902454855095,0.05368110920723268,7583.609456016584,2062.27963469058,False,,,0,,,0,3.0,5.2530902454855095,1,False,True
valid_2025_11,2025-11-16,47,88,1,1.0,1,1,10,5.306771354692742,5.306771354692742,0.0,7319.7663934015745,2326.122697305589,False,,,0,,,0,1.0,5.306771354692742,1,False,True
valid_2025_11,2025-11-16,48,80,2,9.0,9,9,4,5.943993804079486,6.417292392888296,0.08674331610730768,9480.458275167328,165.43081553983575,False,9.0,5.470695215270677,1,9.0,6.417292392888296,1,,,0,False,True
valid_2025_11,2025-11-16,48,81,1,7.0,7,7,4,5.484047110581972,5.484047110581972,0.06639675079173557,9365.929249024366,279.9598416827976,False,7.0,5.484047110581972,1,,,0,,,0,False,False
valid_2025_11,2025-11-16,48,82,1,6.0,6,6,5,5.496838142573001,5.496838142573001,0.05360571880070708,9219.58660450836,426.3024861988033,False,6.0,5.496838142573001,1,,,0,,,0,False,False
valid_2025_11,2025-11-16,48,83,1,8.0,8,8,3,5.4733166045630135,5.4733166045630135,0.07712725681069443,9041.43034161931,604.458749087853,False,8.0,5.4733166045630135,1,,,0,,,0,False,False
valid_2025_11,2025-11-16,48,86,1,10.0,10,10,1,5.160706401971968,5.160706401971968,0.14606495272077424,7857.61696970178,1788.2721210053833,False,,,0,,,0,10.0,5.160706401971968,1,False,True
valid_2025_11,2025-11-16,48,87,1,6.0,6,6,5,5.203349306752095,5.203349306752095,0.10342204794064713,7583.609456016584,2062.27963469058,False,,,0,,,0,6.0,5.203349306752095,1,False,True
valid_2025_11,2025-11-16,48,88,1,2.0,2,2,9,5.257030415959328,5.257030415959328,0.04974093873341445,7319.7663934015745,2326.122697305589,False,,,0,,,0,2.0,5.257030415959328,1,False,True
valid_2025_11,2025-11-17,48,69,1,3.0,3,3,8,4.65285244930989,4.65285244930989,0.024086127408807556,6571.856857707829,770.7262627908804,False,,,0,,,0,3.0,4.65285244930989,1,False,True
valid_2025_11,2025-11-17,48,70,1,4.0,4,4,7,4.6459381073589725,4.6459381073589725,0.031000469359725003,6826.365804692187,516.2173158065216,False,,,0,,,0,4.0,4.6459381073589725,1,False,True
valid_2025_11,2025-11-17,48,71,2,7.0,6,8,8,4.694787554321993,4.779740403670353,0.051617080204280796,7080.874751676544,261.70836882216463,False,8.0,4.779740403670353,1,,,0,6.0,4.609834704973633,1,False,True
valid_2025_11,2025-11-17,48,72,2,5.0,2,8,12,4.670380147733731,4.802179687086198,0.07602448679254259,7271.756461914814,70.82665858389464,False,2.0,4.802179687086198,1,,,0,8.0,4.538580608381263,1,False,True
valid_2025_11,2025-11-17,48,73,2,6.5,6,7,9,5.372493136084959,5.961666954518947,0.028289986092350006,7303.570080287859,39.0130402108498,False,7.0,4.783319317650971,1,6.0,5.961666954518947,1,,,0,False,True
valid_2025_11,2025-11-17,48,74,1,9.0,9,9,2,5.9506822906522,5.9506822906522,0.03501326136856875,7335.383698660904,7.199421837804948,False,,,0,9.0,5.9506822906522,1,,,0,False,True
valid_2025_11,2025-11-17,48,75,1,8.0,8,8,3,5.958667538152465,5.958667538152465,0.027028013868303447,7303.570080287859,39.0130402108498,False,,,0,8.0,5.958667538152465,1,,,0,False,True
valid_2025_11,2025-11-17,48,76,1,3.0,3,3,8,5.966676296761488,5.966676296761488,0.0190192552592805,7239.942843541768,102.6402769569404,False,,,0,3.0,5.966676296761488,1,,,0,False,True
valid_2025_11,2025-11-17,48,77,1,4.0,4,4,7,5.966667257685156,5.966667257685156,0.019028294335612372,7208.129225168724,134.45389532998524,False,,,0,4.0,5.966667257685156,1,,,0,False,True
valid_2025_11,2025-11-17,48,78,1,5.0,5,5,6,5.966658218608824,5.966658218608824,0.019037333411944246,7176.315606795679,166.2675137030301,False,,,0,5.0,5.966658218608824,1,,,0,False,True
valid_2025_11,2025-11-17,48,79,1,7.0,7,7,4,5.959294626716773,5.959294626716773,0.026400925303995848,7144.501988422634,198.0811320760749,False,,,0,7.0,5.959294626716773,1,,,0,False,True
valid_2025_11,2025-11-17,48,80,2,3.5,1,6,15,5.385554521135717,5.985695552020768,0.015228601041592071,7112.688370049589,229.89475044911975,False,6.0,4.785413490250665,1,1.0,5.985695552020768,1,,,0,False,True
valid_2025_11,2025-11-17,49,68,1,10.0,10,10,1,4.534735813775079,4.534735813775079,0.14220276294361867,5671.531457750664,1671.0516627480447,False,,,0,,,0,10.0,4.534735813775079,1,False,True
valid_2025_11,2025-11-17,49,69,1,1.0,1,1,10,4.6769385767186975,4.6769385767186975,0.0,6571.856857707829,770.7262627908804,False,,,0,,,0,1.0,4.6769385767186975,1,False,True
valid_2025_11,2025-11-17,49,70,1,2.0,2,2,9,4.67002423476778,4.67002423476778,0.006914341950917446,6826.365804692187,516.2173158065216,False,,,0,,,0,2.0,4.67002423476778,1,False,True
valid_2025_11,2025-11-17,49,71,2,5.0,5,5,12,4.713676120650222,4.793431408918004,0.032728513876051135,7080.874751676544,261.70836882216463,False,5.0,4.793431408918004,1,,,0,5.0,4.63392083238244,1,False,True
valid_2025_11,2025-11-17,49,72,2,4.0,1,7,14,4.68926871406196,4.815870692333849,0.05713592046431337,7271.756461914814,70.82665858389464,False,1.0,4.815870692333849,1,,,0,7.0,4.562666735790071,1,False,True
valid_2025_11,2025-11-17,49,73,2,6.5,4,9,9,4.66642066408736,4.797010322898622,0.07998397043891359,7303.570080287859,39.0130402108498,False,4.0,4.797010322898622,1,,,0,9.0,4.535831005276098,1,False,True
valid_2025_11,2025-11-17,49,76,1,10.0,10,10,1,5.948253630479488,5.948253630479488,0.03744192154128001,7239.942843541768,102.6402769569404,False,,,0,10.0,5.948253630479488,1,,,0,False,True
valid_2025_11,2025-11-17,49,77,1,10.0,10,10,1,4.77507277729875,4.77507277729875,0.04079791503509966,7208.129225168724,134.45389532998524,False,10.0,4.77507277729875,1,,,0,,,0,False,False
valid_2025_11,2025-11-17,49,78,1,9.0,9,9,2,4.77954855832326,4.77954855832326,0.03632213401058948,7176.315606795679,166.2675137030301,False,9.0,4.77954855832326,1,,,0,,,0,False,False
valid_2025_11,2025-11-17,49,80,2,2.5,2,3,17,5.383188690618542,5.967272885738769,0.017594431558766388,7112.688370049589,229.89475044911975,False,3.0,4.799104495498316,1,2.0,5.967272885738769,1,,,0,False,True
valid_2025_11,2025-11-18,47,68,1,3.0,3,3,8,8.986498703282422,8.986498703282422,0.018588301848499356,9608.657613125188,495.735708297967,False,,,0,3.0,8.986498703282422,1,,,0,False,True
valid_2025_11,2025-11-18,47,69,1,10.0,10,10,1,8.903021710482584,8.903021710482584,0.10206529464833736,9086.914271807253,1017.479049615902,False,,,0,10.0,8.903021710482584,1,,,0,False,True
valid_2025_11,2025-11-18,48,67,1,4.0,4,4,7,9.406309296013744,9.406309296013744,0.040302212189352815,10104.393321423157,-1.8189894035458565e-12,True,,,0,,,0,4.0,9.406309296013744,1,False,True
valid_2025_11,2025-11-18,48,68,3,2.6666666666666665,1,4,25,9.098269873165906,9.40661134215056,0.019021595116463768,9614.463598478267,489.9297229448857,False,4.0,8.883111272216237,1,1.0,9.005087005130921,1,3.0,9.40661134215056,1,True,True
valid_2025_11,2025-11-18,48,69,2,8.0,7,9,6,8.890562103203159,8.921610012331083,0.06206934511884743,9092.720257160334,1011.6730642628208,False,9.0,8.859514194075235,1,7.0,8.921610012331083,1,,,0,False,True
valid_2025_11,2025-11-18,49,67,1,2.0,2,2,9,9.446309462066282,9.446309462066282,0.0003020461368148375,10104.393321423157,-1.8189894035458565e-12,False,,,0,,,0,2.0,9.446309462066282,1,False,True
valid_2025_11,2025-11-18,49,68,3,1.3333333333333333,1,2,29,9.115335054005692,9.446611508203096,0.001956414276677402,9614.463598478267,489.9297229448857,False,1.0,8.900175891513092,1,2.0,8.999217762300889,1,1.0,9.446611508203096,1,True,True
valid_2025_11,2025-11-18,49,69,3,7.0,6,8,12,9.05820532701833,9.382296398181849,0.05908614126403992,9092.720257160334,1011.6730642628208,False,6.0,8.87657881337209,1,8.0,8.91574076950105,1,7.0,9.382296398181849,1,True,True
valid_2025_11,2025-11-18,50,68,3,6.333333333333333,3,10,14,9.053070678708943,9.353217815442672,0.0642207895734271,9614.463598478267,489.9297229448857,False,3.0,8.883965243271868,1,6.0,8.922028977412287,1,10.0,9.353217815442672,1,True,True
valid_2025_11,2025-11-18,50,69,1,8.0,8,8,3,8.860368165130867,8.860368165130867,0.039807726382225184,9092.720257160334,1011.6730642628208,False,8.0,8.860368165130867,1,,,0,,,0,False,False
valid_2025_11,2025-11-18,51,67,1,9.0,9,9,2,9.37751775303457,9.37751775303457,0.06909375516852556,10104.393321423157,-1.8189894035458565e-12,False,,,0,,,0,9.0,9.37751775303457,1,False,True
valid_2025_11,2025-11-18,51,68,3,5.0,2,8,18,9.068184696710341,9.377819799171386,0.049106771572028286,9614.463598478267,489.9297229448857,False,2.0,8.8881706109236,1,5.0,8.938563680036038,1,8.0,9.377819799171386,1,True,True
valid_2025_11,2025-11-18,51,69,1,7.0,7,7,4,8.864573532782599,8.864573532782599,0.03560235873049322,9092.720257160334,1011.6730642628208,False,7.0,8.864573532782599,1,,,0,,,0,False,False
valid_2025_11,2025-11-18,52,67,1,6.0,6,6,5,9.38446403793828,9.38446403793828,0.06214747026481682,10104.393321423157,-1.8189894035458565e-12,False,,,0,,,0,6.0,9.38446403793828,1,False,True
valid_2025_11,2025-11-18,52,68,3,4.666666666666667,4,5,19,9.072948373045099,9.384766084075093,0.04434309523727068,9614.463598478267,489.9297229448857,False,5.0,8.881218374852935,1,4.0,8.95286066020727,1,5.0,9.384766084075093,1,True,True
valid_2025_11,2025-11-18,52,69,1,10.0,10,10,1,8.857621296711933,8.857621296711933,0.04255459480115853,9092.720257160334,1011.6730642628208,False,10.0,8.857621296711933,1,,,0,,,0,False,False
valid_2025_11,2025-11-18,53,68,1,9.0,9,9,2,8.90732121882462,8.90732121882462,0.09776578630630084,9614.463598478267,489.9297229448857,False,,,0,9.0,8.90732121882462,1,,,0,False,True
valid_2025_11,2025-11-19,45,80,2,7.0,6,8,8,8.542479279358655,8.629147633912883,0.17384597768255272,7627.136848674584,2573.7980790634165,False,,,0,6.0,8.629147633912883,1,8.0,8.455810924804426,1,False,True
valid_2025_11,2025-11-19,46,80,2,4.5,4,5,13,8.649737438268613,8.738004506412,0.06658781877259567,7627.136848674584,2573.7980790634165,False,,,0,4.0,8.738004506412,1,5.0,8.561470370125223,1,False,True
valid_2025_11,2025-11-19,46,81,1,10.0,10,10,1,8.548806778959825,8.548806778959825,0.25238780949009865,7660.95472500513,2539.9802027328706,False,,,0,10.0,8.548806778959825,1,,,0,False,True
valid_2025_11,2025-11-19,47,80,2,1.5,1,2,19,8.706848159476056,8.801194588449924,0.009477097565151915,7627.136848674584,2573.7980790634165,False,,,0,1.0,8.801194588449924,1,2.0,8.612501730502187,1,False,True
valid_2025_11,2025-11-19,47,81,2,8.0,7,9,6,8.52766959410318,8.611996860997749,0.18865566293802782,7660.95472500513,2539.9802027328706,False,,,0,7.0,8.611996860997749,1,9.0,8.44334232720861,1,False,True
valid_2025_11,2025-11-19,47,82,1,1.0,1,1,10,8.41375773030482,8.41375773030482,0.0,7769.49006544661,2431.4448622913906,False,1.0,8.41375773030482,1,,,0,,,0,False,False
valid_2025_11,2025-11-19,47,83,1,4.0,4,4,7,8.410375321416602,8.410375321416602,0.003382408888217725,8131.646752919838,2069.2881748181626,False,4.0,8.410375321416602,1,,,0,,,0,False,False
valid_2025_11,2025-11-19,47,84,1,3.0,3,3,8,8.411117874259489,8.411117874259489,0.0026398560453309017,8282.793253810174,1918.1416739278263,False,3.0,8.411117874259489,1,,,0,,,0,False,False
valid_2025_11,2025-11-19,47,85,1,2.0,2,2,9,8.412426788471272,8.412426788471272,0.0013309418335474277,8621.490579095122,1579.444348642879,False,2.0,8.412426788471272,1,,,0,,,0,False,False
valid_2025_11,2025-11-19,48,80,2,2.5,2,3,17,8.682368483460454,8.758269209051704,0.03395677358075222,7627.136848674584,2573.7980790634165,False,,,0,2.0,8.758269209051704,1,3.0,8.606467757869206,1,False,True
valid_2025_11,2025-11-19,48,81,2,9.0,8,10,4,8.503189918087578,8.56907148159953,0.21313533895362813,7660.95472500513,2539.9802027328706,False,,,0,8.0,8.56907148159953,1,10.0,8.437308354575629,1,False,True
valid_2025_11,2025-11-19,48,82,1,8.0,8,8,3,8.401915667888474,8.401915667888474,0.011842062416345556,7769.49006544661,2431.4448622913906,False,8.0,8.401915667888474,1,,,0,,,0,False,False
valid_2025_11,2025-11-19,48,85,1,10.0,10,10,1,8.400584726054927,8.400584726054927,0.013173004249892983,8621.490579095122,1579.444348642879,False,10.0,8.400584726054927,1,,,0,,,0,False,False
valid_2025_11,2025-11-19,49,80,2,2.0,1,3,18,8.685090599735954,8.738725273839417,0.03123465730525332,7627.136848674584,2573.7980790634165,False,,,0,3.0,8.738725273839417,1,1.0,8.63145592563249,1,False,True
valid_2025_11,2025-11-19,49,81,2,8.0,7,9,6,8.505912034363078,8.549527546387242,0.21041322267812923,7660.95472500513,2539.9802027328706,False,,,0,9.0,8.549527546387242,1,7.0,8.462296522338914,1,False,True
valid_2025_11,2025-11-19,49,82,1,5.0,5,5,6,8.404939204230299,8.404939204230299,0.008818526074520605,7769.49006544661,2431.4448622913906,False,5.0,8.404939204230299,1,,,0,,,0,False,False
valid_2025_11,2025-11-19,49,83,1,9.0,9,9,2,8.401556795342081,8.401556795342081,0.01220093496273833,8131.646752919838,2069.2881748181626,False,9.0,8.401556795342081,1,,,0,,,0,False,False
valid_2025_11,2025-11-19,49,84,1,7.0,7,7,4,8.402299348184968,8.402299348184968,0.011458382119851507,8282.793253810174,1918.1416739278263,False,7.0,8.402299348184968,1,,,0,,,0,False,False
valid_2025_11,2025-11-19,49,85,1,6.0,6,6,5,8.403608262396752,8.403608262396752,0.010149467908068033,8621.490579095122,1579.444348642879,False,6.0,8.403608262396752,1,,,0,,,0,False,False
valid_2025_11,2025-11-19,50,80,2,4.5,4,5,13,8.618717935458614,8.665046852643076,0.09760732158259344,7627.136848674584,2573.7980790634165,False,,,0,5.0,8.665046852643076,1,4.0,8.572389018274151,1,False,True
valid_2025_11,2025-11-19,51,80,1,6.0,6,6,5,8.46819797595286,8.46819797595286,0.1632579496796307,7627.136848674584,2573.7980790634165,False,,,0,,,0,6.0,8.46819797595286,1,False,True
valid_2025_11,2025-11-20,52,68,1,5.0,5,5,6,8.077604009641462,8.077604009641462,0.17827187572965641,8462.422487229898,222.69532861131847,False,,,0,,,0,5.0,8.077604009641462,1,False,True
valid_2025_11,2025-11-20,53,67,2,9.5,9,10,3,7.33163945384781,7.985693646161948,0.22610337773789624,8271.540776991627,413.57703884958937,False,9.0,6.677585261533672,1,,,0,10.0,7.985693646161948,1,False,True
valid_2025_11,2025-11-20,53,68,3,4.666666666666667,2,9,19,7.3341459057919,8.201881326038183,0.09655244306576331,8462.422487229898,222.69532861131847,False,3.0,6.77678815872639,1,9.0,7.0237682326111255,1,2.0,8.201881326038183,1,True,True
valid_2025_11,2025-11-20,53,69,2,8.5,7,10,5,7.353009329486909,8.043545298273166,0.20473350209879726,8526.049723975988,159.06809186522878,False,10.0,6.662473360700652,1,,,0,7.0,8.043545298273166,1,False,True
valid_2025_11,2025-11-20,54,67,3,5.666666666666667,4,8,16,7.3083003753999,8.039688205494883,0.122397973457763,8271.540776991627,413.57703884958937,False,4.0,6.760406880607576,1,5.0,7.124806040097241,1,8.0,8.039688205494883,1,True,True
valid_2025_11,2025-11-20,54,68,3,1.3333333333333333,1,2,29,7.428212202737588,8.255875885371118,0.002486146120074769,8462.422487229898,222.69532861131847,False,1.0,6.859609777800294,1,2.0,7.169150945041352,1,1.0,8.255875885371118,1,True,True
valid_2025_11,2025-11-20,54,69,3,6.0,4,8,15,7.291017901005432,8.097539857606101,0.1396804478522308,8526.049723975988,159.06809186522878,False,6.0,6.745294979774556,1,8.0,7.030218865635639,1,4.0,8.097539857606101,1,True,True
valid_2025_11,2025-11-20,55,67,2,4.5,4,5,13,6.941225789824415,7.132264478457465,0.0768837907765203,8271.540776991627,413.57703884958937,False,5.0,6.750187101191365,1,4.0,7.132264478457465,1,,,0,False,True
valid_2025_11,2025-11-20,55,68,3,2.0,1,3,27,7.402950247253263,8.18285135997413,0.02774810160439974,8462.422487229898,222.69532861131847,False,2.0,6.849389998384083,1,1.0,7.176609383401576,1,3.0,8.18285135997413,1,True,True
valid_2025_11,2025-11-20,55,69,3,7.666666666666667,7,9,10,7.265755945521107,8.024515332209113,0.1649424033365555,8526.049723975988,159.06809186522878,False,7.0,6.735075200358345,1,7.0,7.037677303995864,1,9.0,8.024515332209113,1,True,True
valid_2025_11,2025-11-20,56,67,1,6.0,6,6,5,7.088753855619309,7.088753855619309,0.08785552778226702,8271.540776991627,413.57703884958937,False,,,0,6.0,7.088753855619309,1,,,0,False,True
valid_2025_11,2025-11-20,56,68,3,5.666666666666667,3,8,16,7.295113578062282,8.056647792598575,0.13558477079538042,8462.422487229898,222.69532861131847,False,8.0,6.695594181024852,1,3.0,7.133098760563421,1,6.0,8.056647792598575,1,True,True
valid_2025_11,2025-11-20,57,68,1,10.0,10,10,1,7.00058179013385,7.00058179013385,0.176027593267726,8462.422487229898,222.69532861131847,False,,,0,10.0,7.00058179013385,1,,,0,False,True
valid_2025_11,2025-11-21,50,67,1,10.0,10,10,1,7.973143594803577,7.973143594803577,0.26595417972452395,7103.440151188545,4.547473508864641e-12,False,,,0,,,0,10.0,7.973143594803577,1,False,True
valid_2025_11,2025-11-21,51,67,1,5.0,5,5,6,8.055606540822875,8.055606540822875,0.1834912337052259,7103.440151188545,4.547473508864641e-12,False,,,0,,,0,5.0,8.055606540822875,1,False,True
valid_2025_11,2025-11-21,52,67,1,4.0,4,4,7,8.139498156783574,8.139498156783574,0.09959961774452708,7103.440151188545,4.547473508864641e-12,False,,,0,,,0,4.0,8.139498156783574,1,False,True
valid_2025_11,2025-11-21,52,68,1,8.0,8,8,3,6.706150888391974,6.706150888391974,0.2201542481766232,6683.354046019838,420.0861051687116,False,8.0,6.706150888391974,1,,,0,,,0,False,False
valid_2025_11,2025-11-21,53,66,1,9.0,9,9,2,7.990281425042774,7.990281425042774,0.2488163494853275,6731.981161703038,371.45898948551167,False,,,0,,,0,9.0,7.990281425042774,1,False,True
valid_2025_11,2025-11-21,53,67,2,4.5,2,7,13,7.477786372928115,8.194193366073723,0.10491508262023386,7103.440151188545,4.547473508864641e-12,False,7.0,6.761379379782508,1,,,0,2.0,8.194193366073723,1,False,True
valid_2025_11,2025-11-21,53,68,1,4.0,4,4,7,6.816472399234588,6.816472399234588,0.10983273733400978,6683.354046019838,420.0861051687116,False,4.0,6.816472399234588,1,,,0,,,0,False,False
valid_2025_11,2025-11-21,54,66,1,6.0,6,6,5,8.035185833497152,8.035185833497152,0.2039119410309489,6731.981161703038,371.45898948551167,False,,,0,,,0,6.0,8.035185833497152,1,False,True
valid_2025_11,2025-11-21,54,67,3,3.0,1,6,24,7.491708114467376,8.239097774528101,0.06571573117523026,7103.440151188545,4.547473508864641e-12,False,2.0,6.871212117116517,1,6.0,7.3648144517575105,1,1.0,8.239097774528101,1,True,True
valid_2025_11,2025-11-21,54,68,3,4.666666666666667,1,8,19,7.43859730326136,8.016686976901763,0.1188265423812472,6683.354046019838,420.0861051687116,False,1.0,6.9263051365685975,1,5.0,7.372799796313718,1,8.0,8.016686976901763,1,True,True
valid_2025_11,2025-11-21,54,69,1,6.0,6,6,5,6.762632850645296,6.762632850645296,0.16367228592330108,6371.688752266469,731.7513989220806,False,6.0,6.762632850645296,1,,,0,,,0,False,False
valid_2025_11,2025-11-21,55,67,3,4.0,3,5,21,7.472709628193599,8.169456438700351,0.08471421744900691,7103.440151188545,4.547473508864641e-12,False,5.0,6.792044688905911,1,4.0,7.456627756974537,1,3.0,8.169456438700351,1,True,True
valid_2025_11,2025-11-21,55,68,2,3.0,3,3,16,7.155875404944368,7.464613101530745,0.06071147625549145,6683.354046019838,420.0861051687116,False,3.0,6.847137708357991,1,3.0,7.464613101530745,1,,,0,False,True
valid_2025_11,2025-11-21,55,69,1,10.0,10,10,1,6.68346542243469,6.68346542243469,0.2428397141339076,6371.688752266469,731.7513989220806,False,10.0,6.68346542243469,1,,,0,,,0,False,False
valid_2025_11,2025-11-21,56,66,1,8.0,8,8,3,7.276074429337836,7.276074429337836,0.23079419649328514,6731.981161703038,371.45898948551167,False,,,0,8.0,7.276074429337836,1,,,0,False,True
valid_2025_11,2025-11-21,56,67,2,4.5,2,7,13,7.76464872011551,8.030414158956106,0.10833448006410151,7103.440151188545,4.547473508864641e-12,False,,,0,2.0,7.498883281274914,1,7.0,8.030414158956106,1,False,True
valid_2025_11,2025-11-21,56,68,2,5.0,1,9,12,7.101531885944192,7.506868625831121,0.11505499525566654,6683.354046019838,420.0861051687116,False,9.0,6.696195146057264,1,1.0,7.506868625831121,1,,,0,False,True
valid_2025_11,2025-11-21,56,69,1,7.0,7,7,4,7.289321650772884,7.289321650772884,0.21754697505823728,6371.688752266469,731.7513989220806,False,,,0,7.0,7.289321650772884,1,,,0,False,True
valid_2025_11,2025-11-21,57,67,1,10.0,10,10,1,7.258300531159818,7.258300531159818,0.24856809467130336,7103.440151188545,4.547473508864641e-12,False,,,0,10.0,7.258300531159818,1,,,0,False,True
valid_2025_11,2025-11-21,57,68,1,9.0,9,9,2,7.266285875716026,7.266285875716026,0.24058275011509522,6683.354046019838,420.0861051687116,False,,,0,9.0,7.266285875716026,1,,,0,False,True
valid_2025_11,2025-11-22,39,88,1,9.0,9,9,2,4.4737782967530855,4.4737782967530855,0.08544605072710354,2126.702211895992,4137.822366880876,False,,,0,,,0,9.0,4.4737782967530855,1,False,True
valid_2025_11,2025-11-22,40,87,1,8.0,8,8,3,4.474659306796854,4.474659306796854,0.08456504068333537,2406.1784865795157,3858.346092197353,False,,,0,,,0,8.0,4.474659306796854,1,False,True
valid_2025_11,2025-11-22,40,88,1,4.0,4,4,7,4.515230823581844,4.515230823581844,0.043993523898344655,2126.702211895992,4137.822366880876,False,,,0,,,0,4.0,4.515230823581844,1,False,True
valid_2025_11,2025-11-22,47,88,1,10.0,10,10,1,4.4676071637903725,4.4676071637903725,0.09161718368981653,2126.702211895992,4137.822366880876,False,,,0,,,0,10.0,4.4676071637903725,1,False,True
valid_2025_11,2025-11-22,48,72,2,1.0,1,1,20,4.574234811989482,5.1789507906003855,0.0,6122.938070207633,141.5865085692349,False,1.0,3.9695188333785776,1,1.0,5.1789507906003855,1,,,0,False,True
valid_2025_11,2025-11-22,48,73,1,3.0,3,3,8,5.1480595895411305,5.1480595895411305,0.030891201059255025,5774.731654390983,489.79292438588527,False,,,0,3.0,5.1480595895411305,1,,,0,False,True
valid_2025_11,2025-11-22,48,74,1,7.0,7,7,4,5.113606796971506,5.113606796971506,0.0653439936288791,5901.811152982111,362.7134257947573,False,,,0,7.0,5.113606796971506,1,,,0,False,True
valid_2025_11,2025-11-22,48,78,1,10.0,10,10,1,5.101348471068235,5.101348471068235,0.07760231953215069,5216.863949410457,1047.6606293664108,False,,,0,10.0,5.101348471068235,1,,,0,False,True
valid_2025_11,2025-11-22,48,79,1,6.0,6,6,5,5.123494743955288,5.123494743955288,0.055456046645097956,4565.295594235803,1699.228984541065,False,,,0,6.0,5.123494743955288,1,,,0,False,True
valid_2025_11,2025-11-22,48,80,2,3.5,2,5,15,4.5587191010827235,5.156072052200848,0.015515710906758073,4366.221877266476,1898.3027015103928,False,5.0,3.961366149964599,1,2.0,5.156072052200848,1,,,0,False,True
valid_2025_11,2025-11-22,48,81,2,4.0,3,5,14,4.545643741388372,5.128126626530452,0.028591070601109436,4498.207035810727,1766.3175429661414,False,3.0,3.963160856246292,1,5.0,5.128126626530452,1,,,0,False,True
valid_2025_11,2025-11-22,48,82,1,2.0,2,2,9,3.965079469184138,3.965079469184138,0.004439364194439577,3994.08843907146,2270.436139705409,False,2.0,3.965079469184138,1,,,0,,,0,False,False
valid_2025_11,2025-11-22,48,83,1,4.0,4,4,7,3.9630569576032375,3.9630569576032375,0.006461875775340076,3492.9126020316994,2771.6119767451687,False,4.0,3.9630569576032375,1,,,0,,,0,False,False
valid_2025_11,2025-11-22,48,84,1,7.0,7,7,4,3.9576990527452103,3.9576990527452103,0.011819780633367305,2946.186026205414,3318.3385525714543,False,7.0,3.9576990527452103,1,,,0,,,0,False,False
valid_2025_11,2025-11-22,48,86,1,7.0,7,7,4,4.485698818049617,4.485698818049617,0.07352552943057233,2590.236175676765,3674.288403100103,False,,,0,,,0,7.0,4.485698818049617,1,False,True
valid_2025_11,2025-11-22,48,87,1,3.0,3,3,8,4.518652830695199,4.518652830695199,0.040571516784989825,2406.1784865795157,3858.346092197353,False,,,0,,,0,3.0,4.518652830695199,1,False,True
valid_2025_11,2025-11-22,48,88,1,1.0,1,1,10,4.559224347480189,4.559224347480189,0.0,2126.702211895992,4137.822366880876,False,,,0,,,0,1.0,4.559224347480189,1,False,True
valid_2025_11,2025-11-22,49,72,2,5.0,4,6,12,4.546111495366275,5.132770363650288,0.028123316623206884,6122.938070207633,141.5865085692349,False,6.0,3.959452627082261,1,4.0,5.132770363650288,1,,,0,False,True
valid_2025_11,2025-11-22,49,73,1,9.0,9,9,2,5.1018791625910325,5.1018791625910325,0.07707162800935308,5774.731654390983,489.79292438588527,False,,,0,9.0,5.1018791625910325,1,,,0,False,True
valid_2025_11,2025-11-22,49,80,1,8.0,8,8,3,5.10989162525075,5.10989162525075,0.06905916534963552,4366.221877266476,1898.3027015103928,False,,,0,8.0,5.10989162525075,1,,,0,False,True
valid_2025_11,2025-11-22,49,81,1,9.0,9,9,2,3.953094649949975,3.953094649949975,0.016424183428602745,4498.207035810727,1766.3175429661414,False,9.0,3.953094649949975,1,,,0,,,0,False,False
valid_2025_11,2025-11-22,49,82,1,8.0,8,8,3,3.955013262887821,3.955013262887821,0.014505570490756625,3994.08843907146,2270.436139705409,False,8.0,3.955013262887821,1,,,0,,,0,False,False
valid_2025_11,2025-11-22,49,83,1,10.0,10,10,1,3.952990751306921,3.952990751306921,0.01652808207165668,3492.9126020316994,2771.6119767451687,False,10.0,3.952990751306921,1,,,0,,,0,False,False
valid_2025_11,2025-11-22,49,87,1,6.0,6,6,5,4.494860369174713,4.494860369174713,0.06436397830547591,2406.1784865795157,3858.346092197353,False,,,0,,,0,6.0,4.494860369174713,1,False,True
valid_2025_11,2025-11-22,49,88,1,2.0,2,2,9,4.535431885959703,4.535431885959703,0.023792461520486086,2126.702211895992,4137.822366880876,False,,,0,,,0,2.0,4.535431885959703,1,False,True
valid_2025_11,2025-11-22,50,88,1,5.0,5,5,6,4.497599453858816,4.497599453858816,0.06162489362137258,2126.702211895992,4137.822366880876,False,,,0,,,0,5.0,4.497599453858816,1,False,True
valid_2025_11,2025-11-23,39,73,1,5.0,5,5,6,6.781691554039681,6.781691554039681,0.1100422069481688,5747.464202083447,522.2300896790448,False,,,0,,,0,5.0,6.781691554039681,1,False,True
valid_2025_11,2025-11-23,40,72,2,6.5,3,10,9,6.243297717683928,6.797326454228853,0.10092537380295763,4067.705151986685,2201.9891397758074,False,,,0,10.0,5.689268981139005,1,3.0,6.797326454228853,1,False,True
valid_2025_11,2025-11-23,40,73,2,5.0,1,9,12,6.296645011008151,6.89173376098785,0.04757808047873624,5747.464202083447,522.2300896790448,False,,,0,9.0,5.7015562610284505,1,1.0,6.89173376098785,1,False,True
valid_2025_11,2025-11-23,40,74,3,9.333333333333334,8,10,5,5.75122329810667,6.732324674046207,0.10304784063949175,6129.714370921091,139.9799208414006,False,10.0,4.8063081983973,1,8.0,5.715037021876505,1,10.0,6.732324674046207,1,True,True
valid_2025_11,2025-11-23,40,75,2,7.5,7,8,7,5.264271031762542,5.716254137701608,0.07126879586277646,6269.694291762487,4.547473508864641e-12,False,8.0,4.812287925823476,1,7.0,5.716254137701608,1,,,0,False,True
valid_2025_11,2025-11-23,40,76,2,6.0,6,6,10,5.273925189151489,5.723013230300438,0.061614638473828975,6225.616523506634,44.077768255858246,False,6.0,4.8248371480025405,1,6.0,5.723013230300438,1,,,0,False,True
valid_2025_11,2025-11-23,40,77,2,4.5,4,5,13,5.294066796973789,5.743253083747323,0.041473030651529186,6261.817239853322,7.877051909170403,False,5.0,4.844880510200255,1,4.0,5.743253083747323,1,,,0,False,True
valid_2025_11,2025-11-23,40,78,2,3.0,3,3,16,5.310686583810666,5.763492937194208,0.02485324381465226,5854.60292467835,415.0913670841419,False,3.0,4.857880230427124,1,3.0,5.763492937194208,1,,,0,False,True
valid_2025_11,2025-11-23,40,79,2,2.0,2,2,18,5.323699580088398,5.780102679590065,0.011840247536920145,5856.6612657870855,413.0330259754064,False,2.0,4.867296480586731,1,2.0,5.780102679590065,1,,,0,False,True
valid_2025_11,2025-11-23,40,80,2,1.0,1,1,20,5.335539827625318,5.796712421985923,0.0,5666.12950535092,603.5647864115717,False,1.0,4.874367233264714,1,1.0,5.796712421985923,1,,,0,False,True
valid_2025_11,2025-11-23,40,81,2,4.5,4,5,13,5.294215751219324,5.741761816586568,0.04132407640599389,3728.91238584662,2540.7819059158724,False,4.0,4.846669685852081,1,5.0,5.741761816586568,1,,,0,False,True
valid_2025_11,2025-11-23,40,82,1,7.0,7,7,4,4.814982845994607,4.814982845994607,0.05938438727010631,2581.1311180984003,3688.563173664092,False,7.0,4.814982845994607,1,,,0,,,0,False,False
valid_2025_11,2025-11-23,41,73,1,2.0,2,2,9,6.818868954937919,6.818868954937919,0.07286480604993084,5747.464202083447,522.2300896790448,False,,,0,,,0,2.0,6.818868954937919,1,False,True
valid_2025_11,2025-11-23,41,80,1,9.0,9,9,2,4.810675882184402,4.810675882184402,0.06369135108031188,5666.12950535092,603.5647864115717,False,9.0,4.810675882184402,1,,,0,,,0,False,False
valid_2025_11,2025-11-23,42,73,1,8.0,8,8,3,6.751921251002167,6.751921251002167,0.13981250998568306,5747.464202083447,522.2300896790448,False,,,0,,,0,8.0,6.751921251002167,1,False,True
valid_2025_11,2025-11-23,43,73,1,4.0,4,4,7,6.796188907829878,6.796188907829878,0.09554485315797212,5747.464202083447,522.2300896790448,False,,,0,,,0,4.0,6.796188907829878,1,False,True
valid_2025_11,2025-11-23,44,73,1,6.0,6,6,5,6.7621150773232745,6.7621150773232745,0.1296186836645754,5747.464202083447,522.2300896790448,False,,,0,,,0,6.0,6.7621150773232745,1,False,True
valid_2025_11,2025-11-23,45,73,1,7.0,7,7,4,6.753763725093498,6.753763725093498,0.13797003589435164,5747.464202083447,522.2300896790448,False,,,0,,,0,7.0,6.753763725093498,1,False,True
valid_2025_11,2025-11-23,46,73,1,9.0,9,9,2,6.736634340091559,6.736634340091559,0.15509942089629103,5747.464202083447,522.2300896790448,False,,,0,,,0,9.0,6.736634340091559,1,False,True
valid_2025_11,2025-11-24,40,68,2,9.5,9,10,3,7.273052910434771,7.60495833304641,0.1405329958171695,9805.183059262832,211.99640875246405,False,,,0,9.0,6.941147487823132,1,10.0,7.60495833304641,1,False,True
valid_2025_11,2025-11-24,40,69,2,5.0,4,6,12,7.351548960874831,7.68717928059549,0.06203694537710991,9558.070778550207,459.1086894650889,False,,,0,6.0,7.015918641154171,1,4.0,7.68717928059549,1,False,True
valid_2025_11,2025-11-24,40,70,2,4.0,3,5,14,6.834299433097835,7.018936959790073,0.02292831571725884,9056.153684202356,961.02578381294,False,3.0,6.649661906405596,1,5.0,7.018936959790073,1,,,0,False,True
valid_2025_11,2025-11-24,40,71,1,6.0,6,6,5,6.619142043847971,6.619142043847971,0.04871589066754822,8438.969487765287,1578.2099802500088,False,6.0,6.619142043847971,1,,,0,,,0,False,False
valid_2025_11,2025-11-24,41,68,2,8.0,8,8,6,7.282625801065896,7.609038121719182,0.13096010518604517,9805.183059262832,211.99640875246405,False,,,0,8.0,6.956213480412608,1,8.0,7.609038121719182,1,False,True
valid_2025_11,2025-11-24,41,69,2,3.5,3,4,15,7.361121851505954,7.691259069268263,0.05246405474598603,9558.070778550207,459.1086894650889,False,,,0,4.0,7.030984633743646,1,3.0,7.691259069268263,1,False,True
valid_2025_11,2025-11-24,41,70,2,2.5,2,3,17,6.843491629371689,7.034002952379549,0.013736119443404249,9056.153684202356,961.02578381294,False,2.0,6.65298030636383,1,3.0,7.034002952379549,1,,,0,False,True
valid_2025_11,2025-11-24,41,71,1,5.0,5,5,6,6.6224604438062045,6.6224604438062045,0.045397490709314425,8438.969487765287,1578.2099802500088,False,5.0,6.6224604438062045,1,,,0,,,0,False,False
valid_2025_11,2025-11-24,42,68,2,4.5,2,7,13,7.333580696493929,7.698353301840132,0.08000520975801129,9805.183059262832,211.99640875246405,False,,,0,7.0,6.968808091147727,1,2.0,7.698353301840132,1,False,True
valid_2025_11,2025-11-24,42,69,2,1.5,1,2,19,7.412076746933989,7.780574249389213,0.0015091593179512586,9558.070778550207,459.1086894650889,False,,,0,2.0,7.0435792444787655,1,1.0,7.780574249389213,1,False,True
valid_2025_11,2025-11-24,42,70,3,3.0,1,7,24,7.119642271895837,7.644471318057322,0.04536764377729696,9056.153684202356,961.02578381294,False,1.0,6.667857934515519,1,1.0,7.046597563114668,1,7.0,7.644471318057322,1,True,True
valid_2025_11,2025-11-24,42,71,1,4.0,4,4,7,6.637338071957894,6.637338071957894,0.030519862557625288,8438.969487765287,1578.2099802500088,False,4.0,6.637338071957894,1,,,0,,,0,False,False
valid_2025_11,2025-11-24,43,69,1,6.0,6,6,5,7.646493895584715,7.646493895584715,0.13408035380449768,9558.070778550207,459.1086894650889,False,,,0,,,0,6.0,7.646493895584715,1,False,True
valid_2025_11,2025-11-24,43,70,2,9.0,8,10,4,6.745852703002734,6.904928075628913,0.11137504581235902,9056.153684202356,961.02578381294,False,8.0,6.586777330376556,1,10.0,6.904928075628913,1,,,0,False,True
valid_2025_11,2025-11-24,45,69,1,9.0,9,9,2,7.6055209136883235,7.6055209136883235,0.17505333570088943,9558.070778550207,459.1086894650889,False,,,0,,,0,9.0,7.6055209136883235,1,False,True
valid_2025_11,2025-11-24,46,69,1,5.0,5,5,6,7.656049877348066,7.656049877348066,0.1245243720411473,9558.070778550207,459.1086894650889,False,,,0,,,0,5.0,7.656049877348066,1,False,True
valid_2025_11,2025-11-24,46,70,1,7.0,7,7,4,6.589169033710785,6.589169033710785,0.07868890080473356,9056.153684202356,961.02578381294,False,7.0,6.589169033710785,1,,,0,,,0,False,False
valid_2025_11,2025-11-24,55,70,1,9.0,9,9,2,6.58442498569563,6.58442498569563,0.08343294881988861,9056.153684202356,961.02578381294,False,9.0,6.58442498569563,1,,,0,,,0,False,False
valid_2025_11,2025-11-24,56,70,1,10.0,10,10,1,6.572296919593999,6.572296919593999,0.09556101492152003,9056.153684202356,961.02578381294,False,10.0,6.572296919593999,1,,,0,,,0,False,False
valid_2025_11,2025-11-25,51,77,1,9.0,9,9,2,5.396328987971252,5.396328987971252,0.02544506753952369,1542.2351405937634,22.994883360038784,False,,,0,9.0,5.396328987971252,1,,,0,False,True
valid_2025_11,2025-11-25,53,77,1,7.0,7,7,4,5.398250842379682,5.398250842379682,0.023523213131094067,1542.2351405937634,22.994883360038784,False,,,0,7.0,5.398250842379682,1,,,0,False,True
valid_2025_11,2025-11-25,54,75,1,8.0,8,8,3,5.3967777651217,5.3967777651217,0.02499629038907525,1395.8924960777576,169.33752787604453,False,,,0,8.0,5.3967777651217,1,,,0,False,True
valid_2025_11,2025-11-25,54,76,2,2.5,2,3,17,4.887938061953329,5.413765296901753,0.00795184499092727,1565.2300239538,2.273736754432321e-12,False,3.0,4.362110827004905,1,2.0,5.413765296901753,1,,,0,False,True
valid_2025_11,2025-11-25,54,77,2,1.0,1,1,20,4.895889906944256,5.421774055510776,0.0,1542.2351405937634,22.994883360038784,False,1.0,4.3700057583777365,1,1.0,5.421774055510776,1,,,0,False,True
valid_2025_11,2025-11-25,54,78,2,6.0,3,9,10,4.87680750975857,5.40603549386516,0.019082397185686162,1371.2019468584376,194.02807709536452,False,9.0,4.34757952565198,1,3.0,5.40603549386516,1,,,0,False,True
valid_2025_11,2025-11-25,54,79,2,5.5,4,7,11,4.8774917943560965,5.406026454788828,0.018398112588160043,1111.2401456849402,453.989878268862,False,7.0,4.348957133923364,1,4.0,5.406026454788828,1,,,0,False,True
valid_2025_11,2025-11-25,54,80,2,7.5,5,10,7,4.876513489224128,5.406017415712496,0.019376417720128103,907.7825121038072,657.447511849995,False,10.0,4.34700956273576,1,5.0,5.406017415712496,1,,,0,False,True
valid_2025_11,2025-11-25,55,76,2,7.0,4,10,8,4.878007927611611,5.396285048142596,0.017881979332645237,1565.2300239538,2.273736754432321e-12,False,4.0,4.359730807080625,1,10.0,5.396285048142596,1,,,0,False,True
valid_2025_11,2025-11-25,55,77,2,4.0,2,6,14,4.885959772602538,5.404293806751619,0.009930134341717967,1542.2351405937634,22.994883360038784,False,2.0,4.367625738453457,1,6.0,5.404293806751619,1,,,0,False,True
valid_2025_11,2025-11-25,56,76,1,6.0,6,6,5,4.349593692176303,4.349593692176303,0.0204120662014331,1565.2300239538,2.273736754432321e-12,False,6.0,4.349593692176303,1,,,0,,,0,False,False
valid_2025_11,2025-11-25,56,77,1,5.0,5,5,6,4.357488623549134,4.357488623549134,0.012517134828602394,1542.2351405937634,22.994883360038784,False,5.0,4.357488623549134,1,,,0,,,0,False,False
valid_2025_11,2025-11-25,57,77,1,8.0,8,8,3,4.347632016173648,4.347632016173648,0.022373742204088387,1542.2351405937634,22.994883360038784,False,8.0,4.347632016173648,1,,,0,,,0,False,False
valid_2025_11,2025-11-25,57,86,1,8.0,8,8,3,4.10346888335459,4.10346888335459,0.04340353432772304,22.06274434170674,1543.1672796120954,False,,,0,,,0,8.0,4.10346888335459,1,False,True
valid_2025_11,2025-11-25,57,87,1,7.0,7,7,4,4.106652755051635,4.106652755051635,0.04021966263067789,8.427427507019525,1556.802596446783,False,,,0,,,0,7.0,4.106652755051635,1,False,True
valid_2025_11,2025-11-25,58,86,1,6.0,6,6,5,4.129264237698843,4.129264237698843,0.017608179983469974,22.06274434170674,1543.1672796120954,False,,,0,,,0,6.0,4.129264237698843,1,False,True
valid_2025_11,2025-11-25,58,87,1,5.0,5,5,6,4.132448109395888,4.132448109395888,0.014424308286424825,8.427427507019525,1556.802596446783,False,,,0,,,0,5.0,4.132448109395888,1,False,True
valid_2025_11,2025-11-25,59,85,1,9.0,9,9,2,4.10212696846279,4.10212696846279,0.044745449219522726,29.18581349543125,1536.044210458371,False,,,0,,,0,9.0,4.10212696846279,1,False,True
valid_2025_11,2025-11-25,59,86,1,3.0,3,3,8,4.143688545985268,4.143688545985268,0.0031838716970451486,22.06274434170674,1543.1672796120954,False,,,0,,,0,3.0,4.143688545985268,1,False,True
valid_2025_11,2025-11-25,59,87,1,1.0,1,1,10,4.146872417682313,4.146872417682313,0.0,8.427427507019525,1556.802596446783,False,,,0,,,0,1.0,4.146872417682313,1,False,True
valid_2025_11,2025-11-25,60,85,1,10.0,10,10,1,4.099108013747502,4.099108013747502,0.04776440393481085,29.18581349543125,1536.044210458371,False,,,0,,,0,10.0,4.099108013747502,1,False,True
valid_2025_11,2025-11-25,60,86,1,4.0,4,4,7,4.14066959126998,4.14066959126998,0.006202826412333273,22.06274434170674,1543.1672796120954,False,,,0,,,0,4.0,4.14066959126998,1,False,True
valid_2025_11,2025-11-25,60,87,1,2.0,2,2,9,4.143853462967025,4.143853462967025,0.0030189547152881246,8.427427507019525,1556.802596446783,False,,,0,,,0,2.0,4.143853462967025,1,False,True
valid_2025_11,2025-11-26,47,78,1,10.0,10,10,1,6.855696586443829,6.855696586443829,0.09355084172069539,7544.386445924458,374.1885979419194,False,,,0,10.0,6.855696586443829,1,,,0,False,True
valid_2025_11,2025-11-26,47,79,2,9.0,8,10,4,6.1890561888295315,6.86500796107555,0.09662578055899118,7693.910452277767,224.66459158861016,False,10.0,5.513104416583513,1,8.0,6.86500796107555,1,,,0,False,True
valid_2025_11,2025-11-26,47,80,2,8.5,7,10,5,5.771489809204279,5.991734070611924,0.11154932281681429,7918.575043866373,4.547473508864641e-12,False,7.0,5.551245547796633,1,,,0,10.0,5.991734070611924,1,False,True
valid_2025_11,2025-11-26,47,81,1,9.0,9,9,2,5.528476779034733,5.528476779034733,0.09363973157778815,7374.921663574922,543.6533802914555,False,9.0,5.528476779034733,1,,,0,,,0,False,False
valid_2025_11,2025-11-26,48,73,1,9.0,9,9,2,6.85796488505188,6.85796488505188,0.09128254311264428,6852.653397553833,1065.921646312544,False,,,0,9.0,6.85796488505188,1,,,0,False,True
valid_2025_11,2025-11-26,48,74,1,7.0,7,7,4,6.877020296616488,6.877020296616488,0.07222713154803628,7234.41681803037,684.1582258360067,False,,,0,7.0,6.877020296616488,1,,,0,False,True
valid_2025_11,2025-11-26,48,75,1,6.0,6,6,5,6.897292824006199,6.897292824006199,0.051954604158325424,7543.008916248905,375.5661276174724,False,,,0,6.0,6.897292824006199,1,,,0,False,True
valid_2025_11,2025-11-26,48,76,1,5.0,5,5,6,6.91395875145364,6.91395875145364,0.035288676710884204,7024.446936768276,894.1281070981013,False,,,0,5.0,6.91395875145364,1,,,0,False,True
valid_2025_11,2025-11-26,48,77,1,3.0,3,3,8,6.930624678901081,6.930624678901081,0.018622749263442984,7396.666271732898,521.908772133479,False,,,0,3.0,6.930624678901081,1,,,0,False,True
valid_2025_11,2025-11-26,48,78,1,2.0,2,2,9,6.9399360535328025,6.9399360535328025,0.009311374631721492,7544.386445924458,374.1885979419194,False,,,0,2.0,6.9399360535328025,1,,,0,False,True
valid_2025_11,2025-11-26,48,79,3,4.333333333333333,1,9,20,6.18458938625416,6.949247428164524,0.05385251114807706,7693.910452277767,224.66459158861016,False,3.0,5.583975379399401,1,1.0,6.949247428164524,1,9.0,6.020545351198553,1,True,True
valid_2025_11,2025-11-26,48,80,3,2.0,1,4,27,6.230879207318132,6.926559357912209,0.007562690084104891,7918.575043866373,4.547473508864641e-12,False,1.0,5.622116510612521,1,4.0,6.926559357912209,1,1.0,6.143961753429664,1,True,True
valid_2025_11,2025-11-26,48,81,2,2.0,2,2,18,5.8709698849845475,6.142592028118473,0.012069247036545327,7374.921663574922,543.6533802914555,False,2.0,5.599347741850622,1,,,0,2.0,6.142592028118473,1,False,True
valid_2025_11,2025-11-26,48,82,2,4.0,3,5,14,5.83995303257849,6.122078890805527,0.04308609944260322,6633.664355482982,1284.9106883833956,False,5.0,5.557827174351452,1,,,0,3.0,6.122078890805527,1,False,True
valid_2025_11,2025-11-26,48,83,1,6.0,6,6,5,6.089565348533759,6.089565348533759,0.0543964048959058,6570.037118736891,1348.5379251294862,False,,,0,,,0,6.0,6.089565348533759,1,False,True
valid_2025_11,2025-11-26,49,79,1,8.0,8,8,3,5.537566110998164,5.537566110998164,0.08455039961435684,7693.910452277767,224.66459158861016,False,8.0,5.537566110998164,1,,,0,,,0,False,False
valid_2025_11,2025-11-26,49,80,2,4.0,4,4,14,5.838421610217209,6.101135978223134,0.04461752180388423,7918.575043866373,4.547473508864641e-12,False,4.0,5.575707242211283,1,,,0,4.0,6.101135978223134,1,False,True
valid_2025_11,2025-11-26,49,81,2,5.5,5,6,11,5.826352363180663,6.099766252911943,0.05668676884042956,7374.921663574922,543.6533802914555,False,6.0,5.552938473449384,1,,,0,5.0,6.099766252911943,1,False,True
valid_2025_11,2025-11-26,49,82,1,7.0,7,7,4,6.079253115598997,6.079253115598997,0.06470863783066783,6633.664355482982,1284.9106883833956,False,,,0,,,0,7.0,6.079253115598997,1,False,True
valid_2025_11,2025-11-26,49,83,1,8.0,8,8,3,6.046739573327228,6.046739573327228,0.09722218010243644,6570.037118736891,1348.5379251294862,False,,,0,,,0,8.0,6.046739573327228,1,False,True
valid_2025_11,2025-11-27,47,72,1,8.0,8,8,3,4.909803048053649,4.909803048053649,0.0710468962159041,2444.567979870268,791.230139832322,False,,,0,,,0,8.0,4.909803048053649,1,False,True
valid_2025_11,2025-11-27,47,73,1,7.0,7,7,4,4.910829284358671,4.910829284358671,0.07002065991088191,2305.8351528690946,929.9629668334956,False,,,0,,,0,7.0,4.910829284358671,1,False,True
valid_2025_11,2025-11-27,48,72,1,2.0,2,2,9,4.979823707964531,4.979823707964531,0.0010262363050221879,2444.567979870268,791.230139832322,False,,,0,,,0,2.0,4.979823707964531,1,False,True
valid_2025_11,2025-11-27,48,73,1,1.0,1,1,10,4.980849944269553,4.980849944269553,0.0,2305.8351528690946,929.9629668334956,False,,,0,,,0,1.0,4.980849944269553,1,False,True
valid_2025_11,2025-11-27,48,74,1,5.0,5,5,6,4.940825056405084,4.940825056405084,0.040024887864468894,1935.521453645017,1300.2766660575733,False,,,0,,,0,5.0,4.940825056405084,1,False,True
valid_2025_11,2025-11-27,48,75,1,10.0,10,10,1,6.081274417866446,6.081274417866446,0.0653088779551716,2121.456146226277,1114.3419734763131,False,,,0,10.0,6.081274417866446,1,,,0,False,True
valid_2025_11,2025-11-27,48,76,1,8.0,8,8,3,6.099133826272492,6.099133826272492,0.04744946954912521,2026.015291107143,1209.7828285954472,False,,,0,8.0,6.099133826272492,1,,,0,False,True
valid_2025_11,2025-11-27,48,77,2,5.5,4,7,11,5.358416425775605,6.116993234678539,0.022940736009094742,1960.9914365144764,1274.8066831881138,False,7.0,4.599839616872671,1,4.0,6.116993234678539,1,,,0,False,True
valid_2025_11,2025-11-27,48,78,2,2.5,2,3,17,5.372149138199909,6.134852643084585,0.009208023584791114,1665.6974307758755,1570.1006889267146,False,2.0,4.609445633315232,1,3.0,6.134852643084585,1,,,0,False,True
valid_2025_11,2025-11-27,48,79,2,5.0,2,8,12,5.369096555253874,6.138574537212598,0.012260606530825946,1761.13828589501,1474.6598338075803,False,8.0,4.59961857329515,1,2.0,6.138574537212598,1,,,0,False,True
valid_2025_11,2025-11-27,48,80,2,3.5,1,6,15,5.374136296487979,6.1465832958216176,0.007220865296720724,1746.0268171678133,1489.7713025347769,False,6.0,4.601689297154341,1,1.0,6.1465832958216176,1,,,0,False,True
valid_2025_11,2025-11-27,49,72,1,4.0,4,4,7,4.963415297190599,4.963415297190599,0.01743464707895459,2444.567979870268,791.230139832322,False,,,0,,,0,4.0,4.963415297190599,1,False,True
valid_2025_11,2025-11-27,49,73,1,3.0,3,3,8,4.964441533495621,4.964441533495621,0.016408410773932403,2305.8351528690946,929.9629668334956,False,,,0,,,0,3.0,4.964441533495621,1,False,True
valid_2025_11,2025-11-27,49,74,1,6.0,6,6,5,4.924416645631151,4.924416645631151,0.056433298638402185,1935.521453645017,1300.2766660575733,False,,,0,,,0,6.0,4.924416645631151,1,False,True
valid_2025_11,2025-11-27,49,76,1,10.0,10,10,1,4.593642697314484,4.593642697314484,0.022488330433297676,2026.015291107143,1209.7828285954472,False,10.0,4.593642697314484,1,,,0,,,0,False,False
valid_2025_11,2025-11-27,49,77,2,6.5,4,9,9,5.345364626749764,6.084204242194307,0.03599253503493571,1960.9914365144764,1274.8066831881138,False,4.0,4.606525011305221,1,9.0,6.084204242194307,1,,,0,False,True
valid_2025_11,2025-11-27,49,78,2,4.0,1,7,14,5.359097339174068,6.102063650600353,0.022259822610632085,1665.6974307758755,1570.1006889267146,False,1.0,4.616131027747782,1,7.0,6.102063650600353,1,,,0,False,True
valid_2025_11,2025-11-27,49,79,2,5.5,5,6,11,5.356044756228033,6.105785544728366,0.025312405556666917,1761.13828589501,1474.6598338075803,False,5.0,4.606303967727699,1,6.0,6.105785544728366,1,,,0,False,True
valid_2025_11,2025-11-27,49,80,2,4.0,3,5,14,5.361084497462138,6.113794303337386,0.020272664322561695,1746.0268171678133,1489.7713025347769,False,3.0,4.60837469158689,1,5.0,6.113794303337386,1,,,0,False,True
valid_2025_11,2025-11-27,50,72,1,10.0,10,10,1,4.9087117270935385,4.9087117270935385,0.07213821717601476,2444.567979870268,791.230139832322,False,,,0,,,0,10.0,4.9087117270935385,1,False,True
valid_2025_11,2025-11-27,50,73,1,9.0,9,9,2,4.909737963398561,4.909737963398561,0.07111198087099257,2305.8351528690946,929.9629668334956,False,,,0,,,0,9.0,4.909737963398561,1,False,True
valid_2025_11,2025-11-27,50,78,1,9.0,9,9,2,4.594837736518075,4.594837736518075,0.021293291229707023,1665.6974307758755,1570.1006889267146,False,9.0,4.594837736518075,1,,,0,,,0,False,False
valid_2025_11,2025-11-28,40,72,1,3.0,3,3,8,5.469262787631847,5.469262787631847,0.049984413674443395,3056.8274281831887,3348.265623374978,False,,,0,3.0,5.469262787631847,1,,,0,False,True
valid_2025_11,2025-11-28,40,73,1,6.0,6,6,5,5.451066046969222,5.451066046969222,0.0681811543370685,3745.862681715778,2659.230369842389,False,,,0,6.0,5.451066046969222,1,,,0,False,True
valid_2025_11,2025-11-28,40,74,1,9.0,9,9,2,5.4196517986341615,5.4196517986341615,0.0995954026721293,4199.830290451777,2205.26276110639,False,,,0,9.0,5.4196517986341615,1,,,0,False,True
valid_2025_11,2025-11-28,40,75,1,10.0,10,10,1,5.409166831118794,5.409166831118794,0.11008037018749661,4731.696725136013,1673.3963264221538,False,,,0,10.0,5.409166831118794,1,,,0,False,True
valid_2025_11,2025-11-28,40,77,1,8.0,8,8,3,5.422999329328354,5.422999329328354,0.09624787197793694,5524.4252863937045,880.6677651644623,False,,,0,8.0,5.422999329328354,1,,,0,False,True
valid_2025_11,2025-11-28,40,78,1,5.0,5,5,6,5.451580148425533,5.451580148425533,0.0676670528807577,5970.289966530089,434.8030850280775,False,,,0,5.0,5.451580148425533,1,,,0,False,True
valid_2025_11,2025-11-28,40,79,1,2.0,2,2,9,5.485413674865912,5.485413674865912,0.03383352644037885,6079.534750661288,325.5583008968788,False,,,0,2.0,5.485413674865912,1,,,0,False,True
valid_2025_11,2025-11-28,40,80,1,1.0,1,1,10,5.519247201306291,5.519247201306291,0.0,6137.94137263236,267.15167892580666,False,,,0,1.0,5.519247201306291,1,,,0,False,True
valid_2025_11,2025-11-28,40,81,2,6.0,4,8,10,4.863074023420852,5.468918245007837,0.0570610223919048,6137.94137263236,267.15167892580666,False,,,0,4.0,5.468918245007837,1,8.0,4.257229801833868,1,False,True
valid_2025_11,2025-11-28,40,82,2,7.0,7,7,8,4.855559925206793,5.431806796381819,0.06457512060596393,5749.837498014075,655.2555535440915,False,,,0,7.0,5.431806796381819,1,7.0,4.279313054031768,1,False,True
valid_2025_11,2025-11-28,40,83,1,6.0,6,6,5,4.295733479233013,4.295733479233013,0.02528941108621119,6074.231420478501,330.86163107966604,False,,,0,,,0,6.0,4.295733479233013,1,False,True
valid_2025_11,2025-11-28,40,84,1,3.0,3,3,8,4.3162540024759295,4.3162540024759295,0.004768887843294323,6405.093051558167,0.0,False,,,0,,,0,3.0,4.3162540024759295,1,False,True
valid_2025_11,2025-11-28,40,85,1,1.0,1,1,10,4.321022890319224,4.321022890319224,0.0,5946.751070295873,458.3419812622933,False,,,0,,,0,1.0,4.321022890319224,1,False,True
valid_2025_11,2025-11-28,40,86,1,2.0,2,2,9,4.317944386342543,4.317944386342543,0.0030785039766811906,5549.268540981215,855.824510576952,False,,,0,,,0,2.0,4.317944386342543,1,False,True
valid_2025_11,2025-11-28,40,87,1,4.0,4,4,7,4.314865882365861,4.314865882365861,0.006157007953362381,4989.348857615628,1415.744193942539,False,,,0,,,0,4.0,4.314865882365861,1,False,True
valid_2025_11,2025-11-28,40,88,1,5.0,5,5,6,4.31178737838918,4.31178737838918,0.009235511930043572,4122.787250837774,2282.3058007203927,False,,,0,,,0,5.0,4.31178737838918,1,False,True
valid_2025_11,2025-11-28,55,72,1,4.0,4,4,7,4.011743533267307,4.011743533267307,0.009102223205923465,3017.814387972324,3387.278663585843,False,4.0,4.011743533267307,1,,,0,,,0,False,False
valid_2025_11,2025-11-28,55,80,1,7.0,7,7,4,4.008102331132868,4.008102331132868,0.012743425340362435,6098.928332421496,306.164719136671,False,7.0,4.008102331132868,1,,,0,,,0,False,False
valid_2025_11,2025-11-28,55,84,1,6.0,6,6,5,4.009225075241769,4.009225075241769,0.011620681231461205,6366.080011347302,39.01304021086435,False,6.0,4.009225075241769,1,,,0,,,0,False,False
valid_2025_11,2025-11-28,56,72,1,1.0,1,1,10,4.02084575647323,4.02084575647323,0.0,3017.814387972324,3387.278663585843,False,1.0,4.02084575647323,1,,,0,,,0,False,False
valid_2025_11,2025-11-28,56,80,1,3.0,3,3,8,4.017204554338791,4.017204554338791,0.00364120213443897,6098.928332421496,306.164719136671,False,3.0,4.017204554338791,1,,,0,,,0,False,False
valid_2025_11,2025-11-28,56,81,1,5.0,5,5,6,4.009303431743257,4.009303431743257,0.011542324729973075,6098.928332421496,306.164719136671,False,5.0,4.009303431743257,1,,,0,,,0,False,False
valid_2025_11,2025-11-28,56,82,1,10.0,10,10,1,4.002289817607531,4.002289817607531,0.018555938865699062,5710.824457803211,694.2685937549559,False,10.0,4.002289817607531,1,,,0,,,0,False,False
valid_2025_11,2025-11-28,56,83,1,9.0,9,9,2,4.00620735411753,4.00620735411753,0.014638402355700464,6035.218380267636,369.8746712905304,False,9.0,4.00620735411753,1,,,0,,,0,False,False
valid_2025_11,2025-11-28,56,84,1,2.0,2,2,9,4.0183272984476925,4.0183272984476925,0.00251845802553774,6366.080011347302,39.01304021086435,False,2.0,4.0183272984476925,1,,,0,,,0,False,False
valid_2025_11,2025-11-28,56,85,1,8.0,8,8,3,4.007213698278912,4.007213698278912,0.01363205819431812,5907.738030085008,497.35502147315856,False,8.0,4.007213698278912,1,,,0,,,0,False,False
valid_2025_11,2025-11-28,57,85,1,9.0,9,9,2,4.2447814860714566,4.2447814860714566,0.07624140424776726,5907.738030085008,497.35502147315856,False,,,0,,,0,9.0,4.2447814860714566,1,False,True
valid_2025_11,2025-11-28,57,86,1,10.0,10,10,1,4.241702982094775,4.241702982094775,0.07931990822444845,5510.25550077035,894.8375507878163,False,,,0,,,0,10.0,4.241702982094775,1,False,True
valid_2025_11,2025-11-29,48,72,1,3.0,3,3,8,4.819006040630192,4.819006040630192,0.043450671556788834,5003.499555067959,797.7837452171743,False,,,0,,,0,3.0,4.819006040630192,1,False,True
valid_2025_11,2025-11-29,48,73,1,5.0,5,5,6,4.781603815489607,4.781603815489607,0.08085289669737339,4978.93626032213,822.3470399630032,False,,,0,,,0,5.0,4.781603815489607,1,False,True
valid_2025_11,2025-11-29,48,79,1,9.0,9,9,2,6.27692860686274,6.27692860686274,0.08805445015842661,4012.187206563884,1789.096093721249,False,,,0,9.0,6.27692860686274,1,,,0,False,True
valid_2025_11,2025-11-29,48,80,2,6.0,4,8,10,5.478891173355219,6.314820730231489,0.04723560222901746,3601.772441380584,2199.510858904549,False,8.0,4.642961616478949,1,4.0,6.314820730231489,1,,,0,False,True
valid_2025_11,2025-11-29,48,81,2,10.0,10,10,2,5.447321506029236,6.259239066589839,0.07880526955500056,3132.422948161217,2668.860352123916,False,10.0,4.635403945468632,1,10.0,6.259239066589839,1,,,0,False,True
valid_2025_11,2025-11-29,49,72,1,1.0,1,1,10,4.86245671218698,4.86245671218698,0.0,5003.499555067959,797.7837452171743,False,,,0,,,0,1.0,4.86245671218698,1,False,True
valid_2025_11,2025-11-29,49,73,1,2.0,2,2,9,4.825054487046394,4.825054487046394,0.03740222514058633,4978.93626032213,822.3470399630032,False,,,0,,,0,2.0,4.825054487046394,1,False,True
valid_2025_11,2025-11-29,49,74,1,10.0,10,10,1,4.735421190506152,4.735421190506152,0.12703552168082854,4712.064541238007,1089.2187590471258,False,,,0,,,0,10.0,4.735421190506152,1,False,True
valid_2025_11,2025-11-29,49,78,1,7.0,7,7,4,6.2891988102836685,6.2891988102836685,0.0757842467374985,4265.703568655003,1535.5797316301296,False,,,0,7.0,6.2891988102836685,1,,,0,False,True
valid_2025_11,2025-11-29,49,79,2,5.0,3,7,12,5.486043062498519,6.327090933652418,0.040083713085717676,4012.187206563884,1789.096093721249,False,7.0,4.64499519134462,1,3.0,6.327090933652418,1,,,0,False,True
valid_2025_11,2025-11-29,49,80,2,1.0,1,1,20,5.5261267755842365,6.364983057021167,0.0,3601.772441380584,2199.510858904549,False,1.0,4.687270494147306,1,1.0,6.364983057021167,1,,,0,False,True
valid_2025_11,2025-11-29,49,81,2,4.0,3,5,14,5.4945571082582525,6.309401393379517,0.031569667325983986,3132.422948161217,2668.860352123916,False,3.0,4.679712823136988,1,5.0,6.309401393379517,1,,,0,False,True
valid_2025_11,2025-11-29,49,82,1,5.0,5,5,6,4.671798170684898,4.671798170684898,0.0154723234624079,2860.0442917367204,2941.2390085484126,False,5.0,4.671798170684898,1,,,0,,,0,False,False
valid_2025_11,2025-11-29,49,84,1,7.0,7,7,4,4.75006475315854,4.75006475315854,0.11239195902844035,2276.105326499485,3525.177973785648,False,,,0,,,0,7.0,4.75006475315854,1,False,True
valid_2025_11,2025-11-29,49,85,1,8.0,8,8,3,4.745648507359565,4.745648507359565,0.11680820482741527,1905.8997935778752,3895.3835067072578,False,,,0,,,0,8.0,4.745648507359565,1,False,True
valid_2025_11,2025-11-29,50,72,1,4.0,4,4,7,4.816921142621176,4.816921142621176,0.0455355695658044,5003.499555067959,797.7837452171743,False,,,0,,,0,4.0,4.816921142621176,1,False,True
valid_2025_11,2025-11-29,50,73,1,6.0,6,6,5,4.779518917480591,4.779518917480591,0.08293779470638896,4978.93626032213,822.3470399630032,False,,,0,,,0,6.0,4.779518917480591,1,False,True
valid_2025_11,2025-11-29,50,79,2,7.5,6,9,7,5.467274602496028,6.296204761223041,0.05885217308820856,4012.187206563884,1789.096093721249,False,9.0,4.6383444437690144,1,6.0,6.296204761223041,1,,,0,False,True
valid_2025_11,2025-11-29,50,80,2,2.0,2,2,18,5.507358315581746,6.334096884591791,0.018768460002490883,3601.772441380584,2199.510858904549,False,2.0,4.6806197465717005,1,2.0,6.334096884591791,1,,,0,False,True
valid_2025_11,2025-11-29,50,81,2,6.0,4,8,10,5.475788648255762,6.2785152209501405,0.05033812732847487,3132.422948161217,2668.860352123916,False,4.0,4.673062075561383,1,8.0,6.2785152209501405,1,,,0,False,True
valid_2025_11,2025-11-29,50,82,1,6.0,6,6,5,4.665147423109293,4.665147423109293,0.022123071038013364,2860.0442917367204,2941.2390085484126,False,6.0,4.665147423109293,1,,,0,,,0,False,False
valid_2025_11,2025-11-29,51,72,1,9.0,9,9,2,4.735709861515801,4.735709861515801,0.12674685067117952,5003.499555067959,797.7837452171743,False,,,0,,,0,9.0,4.735709861515801,1,False,True
valid_2025_11,2025-11-30,47,80,1,8.0,8,8,3,9.9112672197123,9.9112672197123,0.17292088867501576,9162.32209143688,1654.3081553983284,False,,,0,8.0,9.9112672197123,1,,,0,False,True
valid_2025_11,2025-11-30,48,79,2,6.5,5,8,9,9.723413303673034,9.967790699372312,0.09528600422102684,9130.508473063834,1686.121773771374,False,8.0,9.479035907973756,1,5.0,9.967790699372312,1,,,0,False,True
valid_2025_11,2025-11-30,48,80,2,1.5,1,2,19,9.8100308143862,10.084188108387316,0.008668493507860475,9162.32209143688,1654.3081553983284,False,2.0,9.535873520385085,1,1.0,10.084188108387316,1,,,0,False,True
valid_2025_11,2025-11-30,48,82,1,8.0,8,8,3,9.712646073115511,9.712646073115511,0.025094409624113467,9512.271893540372,1304.358353294836,False,,,0,,,0,8.0,9.712646073115511,1,False,True
valid_2025_11,2025-11-30,49,79,2,6.0,6,6,10,9.729524363953512,9.962675832917547,0.08917494394054959,9130.508473063834,1686.121773771374,False,6.0,9.496372894989475,1,6.0,9.962675832917547,1,,,0,False,True
valid_2025_11,2025-11-30,49,80,2,1.5,1,2,19,9.816141874666679,10.079073241932551,0.002557433227382333,9162.32209143688,1654.3081553983284,False,1.0,9.553210507400806,1,2.0,10.079073241932551,1,,,0,False,True
valid_2025_11,2025-11-30,49,82,1,1.0,1,1,10,9.737740482739625,9.737740482739625,0.0,9512.271893540372,1304.358353294836,False,,,0,,,0,1.0,9.737740482739625,1,False,True
valid_2025_11,2025-11-30,49,83,1,5.0,5,5,6,9.721043917484124,9.721043917484124,0.016696565255500673,9734.967222151685,1081.663024683523,False,,,0,,,0,5.0,9.721043917484124,1,False,True
valid_2025_11,2025-11-30,50,79,2,9.5,9,10,3,9.68897735010362,9.90307314917548,0.1297219577904407,9130.508473063834,1686.121773771374,False,9.0,9.47488155103176,1,10.0,9.90307314917548,1,,,0,False,True
valid_2025_11,2025-11-30,50,80,2,3.0,3,3,16,9.775594860816787,10.019470558190484,0.043104447077274344,9162.32209143688,1654.3081553983284,False,3.0,9.53171916344309,1,3.0,10.019470558190484,1,,,0,False,True
valid_2025_11,2025-11-30,50,82,1,2.0,2,2,9,9.736559252350157,9.736559252350157,0.0011812303894682685,9512.271893540372,1304.358353294836,False,,,0,,,0,2.0,9.736559252350157,1,False,True
valid_2025_11,2025-11-30,50,83,1,6.0,6,6,5,9.719862687094654,9.719862687094654,0.017877795644970718,9734.967222151685,1081.663024683523,False,,,0,,,0,6.0,9.719862687094654,1,False,True
valid_2025_11,2025-11-30,51,79,1,10.0,10,10,1,9.4633507999528,9.4633507999528,0.08985970744800653,9130.508473063834,1686.121773771374,False,10.0,9.4633507999528,1,,,0,,,0,False,False
valid_2025_11,2025-11-30,51,80,2,4.0,4,4,14,9.750405182963796,9.980621953563466,0.06829412493026421,9162.32209143688,1654.3081553983284,False,4.0,9.520188412364128,1,4.0,9.980621953563466,1,,,0,False,True
valid_2025_11,2025-11-30,51,82,1,3.0,3,3,8,9.73056286063095,9.73056286063095,0.007177622108674342,9512.271893540372,1304.358353294836,False,,,0,,,0,3.0,9.73056286063095,1,False,True
valid_2025_11,2025-11-30,51,83,1,7.0,7,7,4,9.71386629537545,9.71386629537545,0.023874187364175015,9734.967222151685,1081.663024683523,False,,,0,,,0,7.0,9.71386629537545,1,False,True
valid_2025_11,2025-11-30,52,80,2,6.0,5,7,10,9.72966386939455,9.952741309694977,0.08903543849951134,9162.32209143688,1654.3081553983284,False,5.0,9.506586429094122,1,7.0,9.952741309694977,1,,,0,False,True
valid_2025_11,2025-11-30,52,82,1,4.0,4,4,7,9.723763565919189,9.723763565919189,0.013976916820436003,9512.271893540372,1304.358353294836,False,,,0,,,0,4.0,9.723763565919189,1,False,True
valid_2025_11,2025-11-30,52,83,1,9.0,9,9,2,9.707067000663688,9.707067000663688,0.030673482075936676,9734.967222151685,1081.663024683523,False,,,0,,,0,9.0,9.707067000663688,1,False,True
valid_2025_11,2025-11-30,53,80,2,8.0,7,9,6,9.695858221152509,9.9044985686211,0.12284108674155103,9162.32209143688,1654.3081553983284,False,7.0,9.48721787368392,1,9.0,9.9044985686211,1,,,0,False,True
valid_2025_11,2025-11-30,55,82,1,10.0,10,10,1,9.701867959537736,9.701867959537736,0.035872523201888384,9512.271893540372,1304.358353294836,False,,,0,,,0,10.0,9.701867959537736,1,False,True
valid_2025_12,2025-12-01,53,69,1,7.0,7,7,4,3.9992965835425593,3.9992965835425593,0.11366134084593682,2247.7084907397043,5355.215012991146,False,7.0,3.9992965835425593,1,,,0,,,0,False,False
valid_2025_12,2025-12-01,53,70,1,4.0,4,4,7,4.043297002365691,4.043297002365691,0.0696609220228055,2247.7084907397043,5355.215012991146,False,4.0,4.043297002365691,1,,,0,,,0,False,False
valid_2025_12,2025-12-01,53,71,1,10.0,10,10,1,3.978340070619368,3.978340070619368,0.13461785376912827,3043.0489500658205,4559.874553665029,False,10.0,3.978340070619368,1,,,0,,,0,False,False
valid_2025_12,2025-12-01,54,68,2,6.5,5,8,9,4.0741790031026,4.109616291874545,0.0724681482677525,2712.1873189861567,4890.736184744694,False,5.0,4.038741714330655,1,8.0,4.109616291874545,1,,,0,False,True
valid_2025_12,2025-12-01,54,69,2,3.0,2,4,16,4.098392836834506,4.127828168103648,0.04825431453584583,2712.1873189861567,4890.736184744694,False,2.0,4.068957505565365,1,4.0,4.127828168103648,1,,,0,False,True
valid_2025_12,2025-12-01,54,70,2,1.0,1,1,20,4.1466471513703524,4.180336378352209,0.0,2712.1873189861567,4890.736184744694,False,1.0,4.112957924388496,1,1.0,4.180336378352209,1,,,0,False,True
valid_2025_12,2025-12-01,54,71,2,4.0,3,5,14,4.0854301505621535,4.122859308482134,0.06121700080819892,3507.527778312273,4095.395725418577,False,3.0,4.048000992642173,1,5.0,4.122859308482134,1,,,0,False,True
valid_2025_12,2025-12-01,54,72,1,9.0,9,9,2,3.982154836781959,3.982154836781959,0.13080308760653736,3571.1550150583626,4031.768488672488,False,9.0,3.982154836781959,1,,,0,,,0,False,False
valid_2025_12,2025-12-01,54,87,1,6.0,6,6,5,4.198349669945827,4.198349669945827,0.12169871393643916,5098.208696964509,2504.714806766341,False,,,0,,,0,6.0,4.198349669945827,1,False,True
valid_2025_12,2025-12-01,54,88,1,3.0,3,3,8,4.27363401325475,4.27363401325475,0.04641437062751663,5829.9219195445385,1773.0015841863114,False,,,0,,,0,3.0,4.27363401325475,1,False,True
valid_2025_12,2025-12-01,55,69,3,8.0,6,10,9,4.08839311060387,4.1593517225113885,0.11605445160378736,2934.8826475974724,4668.040856133377,False,8.0,3.989485103782016,1,6.0,4.116342505518205,1,10.0,4.1593517225113885,1,True,True
valid_2025_12,2025-12-01,55,70,2,4.0,2,6,14,4.101168119185957,4.168850715766766,0.04547903218439586,2934.8826475974724,4668.040856133377,False,6.0,4.033485522605147,1,2.0,4.168850715766766,1,,,0,False,True
valid_2025_12,2025-12-01,55,71,1,7.0,7,7,4,4.111373645896691,4.111373645896691,0.06896273245551754,3730.2231069235886,3872.700396807261,False,,,0,7.0,4.111373645896691,1,,,0,False,True
valid_2025_12,2025-12-01,55,87,1,5.0,5,5,6,4.2333260403832895,4.2333260403832895,0.08672234349897678,5320.904025575825,2282.0194781550254,False,,,0,,,0,5.0,4.2333260403832895,1,False,True
valid_2025_12,2025-12-01,55,88,1,2.0,2,2,9,4.308610383692212,4.308610383692212,0.011438000190054254,6052.617248155855,1550.3062555749948,False,,,0,,,0,2.0,4.308610383692212,1,False,True
valid_2025_12,2025-12-01,56,68,1,8.0,8,8,3,4.1643792753392574,4.1643792753392574,0.15566910854300886,3202.1647623586064,4400.758741372243,False,,,0,,,0,8.0,4.1643792753392574,1,False,True
valid_2025_12,2025-12-01,56,69,2,8.0,7,9,6,4.139985205589063,4.170789722701443,0.11020717552817416,3202.1647623586064,4400.758741372243,False,,,0,9.0,4.109180688476684,1,7.0,4.170789722701443,1,False,True
valid_2025_12,2025-12-01,56,70,2,6.0,3,9,10,4.161318684923032,4.161688898725245,0.08887369619420582,3202.1647623586064,4400.758741372243,False,,,0,3.0,4.161688898725245,1,9.0,4.160948471120818,1,False,True
valid_2025_12,2025-12-01,56,71,1,10.0,10,10,1,4.1042118288551706,4.1042118288551706,0.07612454949703817,3997.5052216847225,3605.418282046128,False,,,0,10.0,4.1042118288551706,1,,,0,False,True
valid_2025_12,2025-12-01,56,87,1,4.0,4,4,7,4.244764040573344,4.244764040573344,0.07528434330892253,5588.186140336959,2014.7373633938917,False,,,0,,,0,4.0,4.244764040573344,1,False,True
valid_2025_12,2025-12-01,56,88,1,1.0,1,1,10,4.320048383882266,4.320048383882266,0.0,6319.899362916988,1283.0241408138618,False,,,0,,,0,1.0,4.320048383882266,1,False,True
valid_2025_12,2025-12-02,42,70,1,3.0,3,3,8,5.841943063304868,5.841943063304868,0.011002131313397001,6280.00826683903,833.5168013737512,False,,,0,3.0,5.841943063304868,1,,,0,False,True
valid_2025_12,2025-12-02,43,70,1,8.0,8,8,3,5.8110172495763806,5.8110172495763806,0.04192794504188413,6280.00826683903,833.5168013737512,False,,,0,8.0,5.8110172495763806,1,,,0,False,True
valid_2025_12,2025-12-02,48,69,2,7.5,6,9,7,5.83854717569978,5.8773225065200805,0.05481408648154584,6089.1265566007605,1024.3985116120202,False,,,0,9.0,5.79977184487948,1,6.0,5.8773225065200805,1,False,True
valid_2025_12,2025-12-02,48,70,2,1.0,1,1,20,5.893361262181326,5.933777329744387,0.0,6280.00826683903,833.5168013737512,False,,,0,1.0,5.852945194618265,1,1.0,5.933777329744387,1,False,True
valid_2025_12,2025-12-02,49,69,1,7.0,7,7,4,5.8740017197244825,5.8740017197244825,0.059775610019904946,6089.1265566007605,1024.3985116120202,False,,,0,,,0,7.0,5.8740017197244825,1,False,True
valid_2025_12,2025-12-02,49,70,2,3.0,2,4,16,5.885862348328089,5.930456542948789,0.007498913853236644,6280.00826683903,833.5168013737512,False,,,0,4.0,5.841268153707389,1,2.0,5.930456542948789,1,False,True
valid_2025_12,2025-12-02,50,69,1,10.0,10,10,1,5.861284101027763,5.861284101027763,0.072493228716624,6089.1265566007605,1024.3985116120202,False,,,0,,,0,10.0,5.861284101027763,1,False,True
valid_2025_12,2025-12-02,50,70,3,6.0,4,8,15,5.827612547999114,5.91773892425207,0.025762539683026848,6280.00826683903,833.5168013737512,False,8.0,5.739909663798002,1,6.0,5.82518905594727,1,4.0,5.91773892425207,1,True,True
valid_2025_12,2025-12-02,51,69,2,9.5,9,10,3,5.831074668485293,5.869026297245924,0.062286593696033066,6089.1265566007605,1024.3985116120202,False,,,0,10.0,5.793123039724662,1,9.0,5.869026297245924,1,False,True
valid_2025_12,2025-12-02,51,70,3,2.6666666666666665,2,3,25,5.845740117295246,5.925481120470231,0.007634970386895645,6280.00826683903,833.5168013737512,False,3.0,5.7654428419520585,1,2.0,5.846296389463447,1,3.0,5.925481120470231,1,True,True
valid_2025_12,2025-12-02,51,71,1,9.0,9,9,2,5.73964918937758,5.73964918937758,0.03375354930619068,6566.330832196431,547.1942360163494,False,9.0,5.73964918937758,1,,,0,,,0,False,False
valid_2025_12,2025-12-02,52,70,3,3.6666666666666665,1,5,22,5.836561873946269,5.896195095513235,0.016813213735872523,6280.00826683903,833.5168013737512,False,1.0,5.773402738683771,1,5.0,5.840087787641799,1,5.0,5.896195095513235,1,True,True
valid_2025_12,2025-12-02,52,71,1,5.0,5,5,6,5.747609086109293,5.747609086109293,0.025793652574478187,6566.330832196431,547.1942360163494,False,5.0,5.747609086109293,1,,,0,,,0,False,False
valid_2025_12,2025-12-02,53,70,3,5.666666666666667,2,8,16,5.821810502567253,5.870465456986274,0.03156458511488817,6280.00826683903,833.5168013737512,False,2.0,5.772863918664335,1,7.0,5.82210213205115,1,8.0,5.870465456986274,1,True,True
valid_2025_12,2025-12-02,53,71,1,6.0,6,6,5,5.747070266089857,5.747070266089857,0.026332472593914247,6566.330832196431,547.1942360163494,False,6.0,5.747070266089857,1,,,0,,,0,False,False
valid_2025_12,2025-12-02,54,70,1,4.0,4,4,7,5.763470631234512,5.763470631234512,0.00993210744925932,6280.00826683903,833.5168013737512,False,4.0,5.763470631234512,1,,,0,,,0,False,False
valid_2025_12,2025-12-02,54,71,1,10.0,10,10,1,5.7376769786600335,5.7376769786600335,0.03572576002373751,6566.330832196431,547.1942360163494,False,10.0,5.7376769786600335,1,,,0,,,0,False,False
valid_2025_12,2025-12-02,55,70,1,7.0,7,7,4,5.742402726197071,5.742402726197071,0.031000012486700257,6280.00826683903,833.5168013737512,False,7.0,5.742402726197071,1,,,0,,,0,False,False
valid_2025_12,2025-12-03,35,68,1,6.0,6,6,5,7.481529588348961,7.481529588348961,0.030189395725720658,7767.635331495461,1239.5794635636375,False,,,0,,,0,6.0,7.481529588348961,1,False,True
valid_2025_12,2025-12-03,35,69,1,2.0,2,2,9,7.511572592006651,7.511572592006651,0.00014639206803046534,7831.26256824155,1175.9522268175488,False,,,0,,,0,2.0,7.511572592006651,1,False,True
valid_2025_12,2025-12-03,35,70,1,9.0,9,9,2,7.46822430216868,7.46822430216868,0.04349468190600181,7990.330660106773,1016.8841349523254,False,,,0,,,0,9.0,7.46822430216868,1,False,True
valid_2025_12,2025-12-03,36,69,1,4.0,4,4,7,7.487674773509122,7.487674773509122,0.02404421056555961,8099.747237777187,907.4675572819116,False,,,0,,,0,4.0,7.487674773509122,1,False,True
valid_2025_12,2025-12-03,45,69,2,9.0,9,9,4,7.1892110342738755,7.315080956327943,0.04230694430586812,8099.747237777187,907.4675572819116,False,9.0,7.063341112219808,1,9.0,7.315080956327943,1,,,0,False,True
valid_2025_12,2025-12-03,46,68,1,10.0,10,10,1,7.303078171407657,7.303078171407657,0.05694143877578384,8036.120001031098,971.0947940280012,False,,,0,10.0,7.303078171407657,1,,,0,False,True
valid_2025_12,2025-12-03,46,69,3,6.333333333333333,4,10,14,7.2908351180903255,7.467026684778881,0.03408319565439655,8099.747237777187,907.4675572819116,False,4.0,7.078480686831583,1,5.0,7.326997982660515,1,10.0,7.467026684778881,1,True,True
valid_2025_12,2025-12-03,47,68,2,7.0,6,8,8,7.194440849318949,7.3228692831427455,0.03707712926079498,8036.120001031098,971.0947940280012,False,8.0,7.066012415495152,1,6.0,7.3228692831427455,1,,,0,False,True
valid_2025_12,2025-12-03,47,69,3,2.3333333333333335,2,3,26,7.3118358572527855,7.49181458097155,0.013082456491937696,8099.747237777187,907.4675572819116,False,2.0,7.096903896391202,1,2.0,7.346789094395604,1,3.0,7.49181458097155,1,True,True
valid_2025_12,2025-12-03,47,70,2,9.0,8,10,4,7.189548520065053,7.31789890449361,0.04196945851469103,8258.81532964241,748.399465416689,False,10.0,7.061198135636495,1,8.0,7.31789890449361,1,,,0,False,True
valid_2025_12,2025-12-03,48,68,3,4.333333333333333,3,5,20,7.296633548475857,7.481675980416991,0.028284765268866252,8036.120001031098,971.0947940280012,False,5.0,7.072124866079996,1,3.0,7.336099798930583,1,5.0,7.481675980416991,1,True,True
valid_2025_12,2025-12-03,48,69,3,1.0,1,1,30,7.324918313744722,7.511718984074681,0.0,8099.747237777187,907.4675572819116,False,1.0,7.103016346976046,1,1.0,7.360019610183441,1,1.0,7.511718984074681,1,True,True
valid_2025_12,2025-12-03,48,70,3,6.333333333333333,4,8,14,7.2889369002465,7.468370694236711,0.0359814134982237,8258.81532964241,748.399465416689,False,7.0,7.067310586221339,1,4.0,7.331129420281448,1,8.0,7.468370694236711,1,True,True
valid_2025_12,2025-12-03,49,69,3,5.666666666666667,3,7,16,7.2931701594713845,7.470670568413512,0.031748154273338734,8099.747237777187,907.4675572819116,False,3.0,7.087330738702327,1,7.0,7.321509171298313,1,7.0,7.470670568413512,1,True,True
valid_2025_12,2025-12-03,50,69,1,6.0,6,6,5,7.071595599113996,7.071595599113996,0.03142074786205029,8099.747237777187,907.4675572819116,False,6.0,7.071595599113996,1,,,0,,,0,False,False
valid_2025_12,2025-12-04,49,64,1,8.0,8,8,3,6.431651861736661,6.431651861736661,0.2073327149974915,11528.91171131298,369.381560205753,False,8.0,6.431651861736661,1,,,0,,,0,False,False
valid_2025_12,2025-12-04,49,65,1,7.0,7,7,4,6.444687870480465,6.444687870480465,0.194296706253688,11834.666034772636,63.62723674609515,False,7.0,6.444687870480465,1,,,0,,,0,False,False
valid_2025_12,2025-12-04,49,66,1,10.0,10,10,1,6.403430649780965,6.403430649780965,0.23555392695318744,11834.666034772636,63.62723674609515,False,10.0,6.403430649780965,1,,,0,,,0,False,False
valid_2025_12,2025-12-04,50,64,1,2.0,2,2,9,6.625948567990349,6.625948567990349,0.013036008743803507,11186.34585003387,711.9474214848633,False,2.0,6.625948567990349,1,,,0,,,0,False,False
valid_2025_12,2025-12-04,50,65,1,1.0,1,1,10,6.638984576734153,6.638984576734153,0.0,11492.100173493527,406.1930980252055,False,1.0,6.638984576734153,1,,,0,,,0,False,False
valid_2025_12,2025-12-04,50,66,1,3.0,3,3,8,6.597727356034653,6.597727356034653,0.04125722069949944,11492.100173493527,406.1930980252055,False,3.0,6.597727356034653,1,,,0,,,0,False,False
valid_2025_12,2025-12-04,50,67,1,9.0,9,9,2,6.409408858553455,6.409408858553455,0.22957571818069766,11555.727410239617,342.5658612791158,False,9.0,6.409408858553455,1,,,0,,,0,False,False
valid_2025_12,2025-12-04,51,64,1,5.0,5,5,6,6.570453038933998,6.570453038933998,0.06853153780015475,10231.93729884253,1666.3559726762032,False,5.0,6.570453038933998,1,,,0,,,0,False,False
valid_2025_12,2025-12-04,51,65,1,4.0,4,4,7,6.583489047677801,6.583489047677801,0.055495529056351245,10537.691622302187,1360.6016492165454,False,4.0,6.583489047677801,1,,,0,,,0,False,False
valid_2025_12,2025-12-04,51,66,3,6.0,5,7,15,6.728196251661745,7.198230239967387,0.11656481976871191,10537.691622302187,1360.6016492165454,False,6.0,6.542231826978302,1,7.0,7.198230239967387,1,5.0,6.444126688039546,1,True,True
valid_2025_12,2025-12-04,52,66,2,8.5,8,9,5,6.7820503431991845,7.1746761748095125,0.1655989755794245,9551.4694527378,2346.823818780933,False,,,0,8.0,7.1746761748095125,1,9.0,6.389424511588857,1,False,True
valid_2025_12,2025-12-04,53,64,1,10.0,10,10,1,7.141175976991804,7.141175976991804,0.1945394365027644,8415.379689741674,3482.9135817770584,False,,,0,10.0,7.141175976991804,1,,,0,False,True
valid_2025_12,2025-12-04,53,65,2,4.0,4,4,14,6.843606456998643,7.239807500305901,0.10404286177996624,8721.134013201332,3177.1592583174006,False,,,0,4.0,7.239807500305901,1,4.0,6.447405413691385,1,False,True
valid_2025_12,2025-12-04,53,66,2,2.0,2,2,18,6.92950091609082,7.322043869296515,0.018148402687788945,8721.134013201332,3177.1592583174006,False,,,0,2.0,7.322043869296515,1,2.0,6.5369579628851255,1,False,True
valid_2025_12,2025-12-04,53,67,2,8.0,6,10,6,6.7936079750357905,7.213307852877079,0.15404134374281897,8784.761249947422,3113.532021571311,False,,,0,6.0,7.213307852877079,1,10.0,6.3739080971945015,1,False,True
valid_2025_12,2025-12-04,54,64,2,8.5,8,9,5,6.775058503535998,7.154847521189858,0.17259081524261077,7333.716665058154,4564.576606460579,False,,,0,9.0,7.154847521189858,1,8.0,6.395269485882139,1,False,True
valid_2025_12,2025-12-04,54,65,2,3.0,3,3,16,6.861754859686432,7.253479044503955,0.0858944590921773,7639.470988517812,4258.822283000921,False,,,0,3.0,7.253479044503955,1,3.0,6.470030674868909,1,False,True
valid_2025_12,2025-12-04,54,66,2,1.0,1,1,20,6.947649318778609,7.335715413494569,0.0,7639.470988517812,4258.822283000921,False,,,0,1.0,7.335715413494569,1,1.0,6.559583224062649,1,False,True
valid_2025_12,2025-12-04,54,67,2,6.0,5,7,10,6.8117563777235794,7.226979397075134,0.13589294105502958,7703.098225263901,4195.195046254831,False,,,0,5.0,7.226979397075134,1,7.0,6.396533358372025,1,False,True
valid_2025_12,2025-12-04,55,66,1,6.0,6,6,5,6.423286073273687,6.423286073273687,0.13629715078896254,6589.621582207335,5308.671689311397,False,,,0,,,0,6.0,6.423286073273687,1,False,True
valid_2025_12,2025-12-05,29,72,1,3.0,3,3,8,5.169855444585663,5.169855444585663,0.004372845160379946,3119.503437739924,1478.6492615515594,False,,,0,,,0,3.0,5.169855444585663,1,False,True
valid_2025_12,2025-12-05,29,73,1,6.0,6,6,5,5.162001054923271,5.162001054923271,0.012227234822771216,2963.871216658989,1634.2814826324943,False,,,0,,,0,6.0,5.162001054923271,1,False,True
valid_2025_12,2025-12-05,29,74,1,10.0,10,10,1,5.152946859571268,5.152946859571268,0.02128143017477413,3201.124457037808,1397.0282422536757,False,,,0,,,0,10.0,5.152946859571268,1,False,True
valid_2025_12,2025-12-05,30,72,2,4.5,2,7,13,5.169641503950636,5.173436645494078,0.013044166541249957,3286.792168592742,1311.360530698741,False,,,0,7.0,5.165846362407195,1,2.0,5.173436645494078,1,False,True
valid_2025_12,2025-12-05,30,73,2,6.5,5,8,9,5.164973024528988,5.165582255831687,0.017712645962898232,3131.159947511808,1466.992751779676,False,,,0,8.0,5.16436379322629,1,5.0,5.165582255831687,1,False,True
valid_2025_12,2025-12-05,30,74,2,8.5,8,9,5,5.153677727959219,5.156528060479684,0.029007942532667474,3368.413187890626,1229.7395114008573,False,,,0,9.0,5.150827395438754,1,8.0,5.156528060479684,1,False,True
valid_2025_12,2025-12-05,31,72,3,3.6666666666666665,1,9,22,4.718144535496585,5.191143051237731,0.015651850939334338,3359.5181001935225,1238.6345990979607,False,9.0,3.789062265505984,1,1.0,5.191143051237731,1,1.0,5.1742282897460425,1,True,True
valid_2025_12,2025-12-05,31,73,2,3.0,2,4,16,5.178017191070239,5.1896604820568255,0.004668479421647831,3203.885879112588,1394.2668201788956,False,,,0,2.0,5.1896604820568255,1,4.0,5.166373900083652,1,False,True
valid_2025_12,2025-12-05,31,74,2,6.0,5,7,10,5.166721894500469,5.17612408426929,0.015963775991417517,3441.1391194914067,1157.0135798000765,False,,,0,5.0,5.17612408426929,1,7.0,5.157319704731648,1,False,True
valid_2025_12,2025-12-05,31,75,2,9.5,9,10,3,5.150723380819231,5.153346021461224,0.0319622896726548,3043.885648229033,1554.2670510624498,False,,,0,10.0,5.14810074017724,1,9.0,5.153346021461224,1,False,True
valid_2025_12,2025-12-05,32,72,2,2.0,1,3,18,4.510081114669435,5.184144411014884,0.0034993201114232875,3407.200351411042,1190.9523478804413,False,1.0,3.836017818323987,1,3.0,5.184144411014884,1,,,0,False,True
valid_2025_12,2025-12-05,32,73,2,3.0,2,4,16,4.503438482784183,5.18266184183398,0.010141951996675891,3251.568130330108,1346.5845689613757,False,2.0,3.824215123734386,1,4.0,5.18266184183398,1,,,0,False,True
valid_2025_12,2025-12-05,32,74,2,5.5,5,6,11,4.4865218108579645,5.169125444046443,0.027058623922894043,3488.8213707089258,1109.3313285825575,False,5.0,3.803918177669486,1,6.0,5.169125444046443,1,,,0,False,True
valid_2025_12,2025-12-05,32,75,1,8.0,8,8,3,3.790489858075488,3.790489858075488,0.04552796024849881,3091.5678994465534,1506.58479984493,False,8.0,3.790489858075488,1,,,0,,,0,False,False
valid_2025_12,2025-12-05,33,72,1,7.0,7,7,4,3.7978262524720248,3.7978262524720248,0.03819156585196204,3530.341324047586,1067.8113752438971,False,7.0,3.7978262524720248,1,,,0,,,0,False,False
valid_2025_12,2025-12-05,34,72,1,3.0,3,3,8,3.8201481783157054,3.8201481783157054,0.015869640008281394,3581.3735492797878,1016.779150011696,False,3.0,3.8201481783157054,1,,,0,,,0,False,False
valid_2025_12,2025-12-05,34,73,1,4.0,4,4,7,3.8083454837261055,3.8083454837261055,0.02767233459788132,3425.7413281988524,1172.4113710926308,False,4.0,3.8083454837261055,1,,,0,,,0,False,False
valid_2025_12,2025-12-05,34,74,1,10.0,10,10,1,3.7880485376612056,3.7880485376612056,0.047969280662781166,3662.994568577671,935.1581307138122,False,10.0,3.7880485376612056,1,,,0,,,0,False,False
valid_2025_12,2025-12-05,35,72,1,6.0,6,6,5,3.799643596686812,3.799643596686812,0.03637422163717474,3632.4248626830126,965.7278366084706,False,6.0,3.799643596686812,1,,,0,,,0,False,False
valid_2025_12,2025-12-06,24,70,2,6.5,3,10,9,5.37724866638038,5.440663284720968,0.05909097985520262,377.9266981007474,1004.336843865998,False,,,0,10.0,5.313834048039791,1,3.0,5.440663284720968,1,False,True
valid_2025_12,2025-12-06,24,71,2,2.5,1,4,17,5.417658815710281,5.453855777339872,0.018680830525301673,342.9317178903981,1039.3318240763474,False,,,0,4.0,5.381461854080689,1,1.0,5.453855777339872,1,False,True
valid_2025_12,2025-12-06,24,72,2,5.0,1,9,12,5.419362176011372,5.419900836891452,0.016977470224210034,-58.05030944529488,1440.3138514120403,False,,,0,1.0,5.418823515131292,1,9.0,5.419900836891452,1,False,True
valid_2025_12,2025-12-06,25,70,1,5.0,5,5,6,5.4345356918229655,5.4345356918229655,0.019320085516906893,336.19995624266187,1046.0635857240836,False,,,0,,,0,5.0,5.4345356918229655,1,False,True
valid_2025_12,2025-12-06,25,71,2,3.5,2,5,15,5.408174802805755,5.4477281844418695,0.028164843429826725,301.2049760323126,1081.0585659344329,False,,,0,5.0,5.3686214211696415,1,2.0,5.4477281844418695,1,False,True
valid_2025_12,2025-12-06,25,72,1,2.0,2,2,9,5.405983082220245,5.405983082220245,0.012840432911047195,-99.77705130338045,1482.0405932701258,False,,,0,2.0,5.405983082220245,1,,,0,False,True
valid_2025_12,2025-12-06,26,70,1,10.0,10,10,1,5.416907342164423,5.416907342164423,0.03694843517544921,329.75451716028294,1052.5090248064623,False,,,0,,,0,10.0,5.416907342164423,1,False,True
valid_2025_12,2025-12-06,26,71,2,6.5,6,7,9,5.387103344999152,5.430099834783327,0.049236301236430524,294.75953694993365,1087.5040050168118,False,,,0,7.0,5.344106855214976,1,6.0,5.430099834783327,1,False,True
valid_2025_12,2025-12-06,26,72,1,3.0,3,3,8,5.38146851626558,5.38146851626558,0.037354998865711586,-106.22249038575936,1488.4860323525047,False,,,0,3.0,5.38146851626558,1,,,0,False,True
valid_2025_12,2025-12-06,27,71,2,8.5,8,9,5,5.369698961457672,5.42177700617407,0.06664068477790952,330.9220769545737,1051.3414650121715,False,,,0,9.0,5.317620916741276,1,8.0,5.42177700617407,1,False,True
valid_2025_12,2025-12-06,27,72,1,6.0,6,6,5,5.354982577791879,5.354982577791879,0.0638409373394131,-70.05995038111922,1452.3234923478649,False,,,0,6.0,5.354982577791879,1,,,0,False,True
valid_2025_12,2025-12-06,28,70,1,7.0,7,7,4,5.422830810092938,5.422830810092938,0.031024967246934487,365.9170571649228,1016.3464848018224,False,,,0,,,0,7.0,5.422830810092938,1,False,True
valid_2025_12,2025-12-06,28,71,1,4.0,4,4,7,5.436023302711842,5.436023302711842,0.017832474628030504,330.9220769545735,1051.3414650121715,False,,,0,,,0,4.0,5.436023302711842,1,False,True
valid_2025_12,2025-12-06,28,72,1,8.0,8,8,3,5.340599152198905,5.340599152198905,0.07822436293238688,-70.05995038111945,1452.3234923478649,False,,,0,8.0,5.340599152198905,1,,,0,False,True
valid_2025_12,2025-12-06,29,70,1,10.0,10,10,1,4.164003977137608,4.164003977137608,0.02434593496297044,365.9170571649228,1016.3464848018224,False,10.0,4.164003977137608,1,,,0,,,0,False,False
valid_2025_12,2025-12-06,29,71,1,4.0,4,4,7,4.176024086162924,4.176024086162924,0.012325825937654855,330.9220769545735,1051.3414650121715,False,4.0,4.176024086162924,1,,,0,,,0,False,False
valid_2025_12,2025-12-06,31,70,1,6.0,6,6,5,4.1742455889456505,4.1742455889456505,0.014104323154928267,400.9120373752721,981.3515045914731,False,6.0,4.1742455889456505,1,,,0,,,0,False,False
valid_2025_12,2025-12-06,31,71,1,2.0,2,2,9,4.186265697970966,4.186265697970966,0.0020842141296126826,365.9170571649228,1016.3464848018224,False,2.0,4.186265697970966,1,,,0,,,0,False,False
valid_2025_12,2025-12-06,31,72,1,9.0,9,9,2,4.164374041456732,4.164374041456732,0.023975870643846875,-35.06497017077015,1417.3285121375156,False,9.0,4.164374041456732,1,,,0,,,0,False,False
valid_2025_12,2025-12-06,47,71,1,5.0,5,5,6,4.174626030444463,4.174626030444463,0.013723881656115822,437.4531594385513,944.810382528194,False,5.0,4.174626030444463,1,,,0,,,0,False,False
valid_2025_12,2025-12-06,48,70,1,3.0,3,3,8,4.176329803075264,4.176329803075264,0.012020109025314696,472.4481396489006,909.8154023178448,False,3.0,4.176329803075264,1,,,0,,,0,False,False
valid_2025_12,2025-12-06,48,71,1,1.0,1,1,10,4.188349912100579,4.188349912100579,0.0,437.4531594385513,944.810382528194,False,1.0,4.188349912100579,1,,,0,,,0,False,False
valid_2025_12,2025-12-06,48,72,1,8.0,8,8,3,4.166458255586345,4.166458255586345,0.021891656514233304,36.47113210285835,1345.792409863887,False,8.0,4.166458255586345,1,,,0,,,0,False,False
valid_2025_12,2025-12-06,49,71,1,7.0,7,7,4,4.169174460145436,4.169174460145436,0.019175451955142364,437.4531594385513,944.810382528194,False,7.0,4.169174460145436,1,,,0,,,0,False,False
valid_2025_12,2025-12-07,44,69,2,8.5,8,9,5,10.287278180910047,10.30437356036638,0.03401501637176629,10021.28978750909,4994.73808456802,False,9.0,10.270182801453714,1,8.0,10.30437356036638,1,,,0,False,True
valid_2025_12,2025-12-07,45,69,2,7.0,7,7,8,10.29006936031451,10.305665673309548,0.03122383696730413,10021.28978750909,4994.73808456802,False,7.0,10.274473047319471,1,7.0,10.305665673309548,1,,,0,False,True
valid_2025_12,2025-12-07,46,69,2,5.5,5,6,11,10.294032202686033,10.3090021793474,0.027260994595781796,10021.28978750909,4994.73808456802,False,6.0,10.279062226024664,1,5.0,10.3090021793474,1,,,0,False,True
valid_2025_12,2025-12-07,47,68,1,6.0,6,6,5,10.308054121606636,10.308054121606636,0.03137158104586035,10212.171497747358,4803.856374329751,False,,,0,6.0,10.308054121606636,1,,,0,False,True
valid_2025_12,2025-12-07,47,69,2,2.5,2,3,17,10.30997753842055,10.327526643328012,0.011315658861263955,10021.28978750909,4994.73808456802,False,3.0,10.292428433513088,1,2.0,10.327526643328012,1,,,0,False,True
valid_2025_12,2025-12-07,48,67,1,9.0,9,9,2,10.300158904086944,10.300158904086944,0.03926679856555282,10148.544261001269,4867.483611075841,False,,,0,9.0,10.300158904086944,1,,,0,False,True
valid_2025_12,2025-12-07,48,68,1,3.0,3,3,8,10.31995318093112,10.31995318093112,0.019472521721375813,10212.171497747358,4803.856374329751,False,,,0,3.0,10.31995318093112,1,,,0,False,True
valid_2025_12,2025-12-07,48,69,2,1.0,1,1,20,10.321293197281815,10.339425702652496,0.0,10021.28978750909,4994.73808456802,False,1.0,10.303160691911131,1,1.0,10.339425702652496,1,,,0,False,True
valid_2025_12,2025-12-07,48,83,1,10.0,10,10,1,10.232735312084705,10.232735312084705,0.02327185912327856,15016.027872077111,-1.8189894035458565e-12,False,,,0,,,0,10.0,10.232735312084705,1,False,True
valid_2025_12,2025-12-07,49,68,2,7.0,4,10,8,10.269309112488159,10.29519519792481,0.028407324442081716,10212.171497747358,4803.856374329751,False,,,0,10.0,10.29519519792481,1,4.0,10.243423027051506,1,False,True
valid_2025_12,2025-12-07,49,69,3,3.0,2,4,24,10.285254377858399,10.314667719646186,0.014276810732138637,10021.28978750909,4994.73808456802,False,2.0,10.295006438994116,1,4.0,10.314667719646186,1,3.0,10.246088974934892,1,True,True
valid_2025_12,2025-12-07,49,83,1,1.0,1,1,10,10.256007171207983,10.256007171207983,0.0,15016.027872077111,-1.8189894035458565e-12,False,,,0,,,0,1.0,10.256007171207983,1,False,True
valid_2025_12,2025-12-07,49,84,1,6.0,6,6,5,10.237375498733652,10.237375498733652,0.018631672474331396,14793.332543465798,222.6953286113112,False,,,0,,,0,6.0,10.237375498733652,1,False,True
valid_2025_12,2025-12-07,50,68,1,9.0,9,9,2,10.23355866815408,10.23355866815408,0.022448503053903224,10212.171497747358,4803.856374329751,False,,,0,,,0,9.0,10.23355866815408,1,False,True
valid_2025_12,2025-12-07,50,69,2,6.0,4,8,10,10.262327611119268,10.288430606201072,0.017256320440288242,10021.28978750909,4994.73808456802,False,4.0,10.288430606201072,1,,,0,8.0,10.236224616037466,1,False,True
valid_2025_12,2025-12-07,50,83,1,2.0,2,2,9,10.246142812310556,10.246142812310556,0.00986435889742765,15016.027872077111,-1.8189894035458565e-12,False,,,0,,,0,2.0,10.246142812310556,1,False,True
valid_2025_12,2025-12-07,51,69,1,5.0,5,5,6,10.28086271192457,10.28086271192457,0.022297979986561245,10021.28978750909,4994.73808456802,False,5.0,10.28086271192457,1,,,0,,,0,False,False
valid_2025_12,2025-12-07,51,83,1,7.0,7,7,4,10.236875834417722,10.236875834417722,0.019131336790261244,15016.027872077111,-1.8189894035458565e-12,False,,,0,,,0,7.0,10.236875834417722,1,False,True
valid_2025_12,2025-12-07,52,69,1,8.0,8,8,3,10.27412913944868,10.27412913944868,0.029031552462450705,10021.28978750909,4994.73808456802,False,8.0,10.27412913944868,1,,,0,,,0,False,False
valid_2025_12,2025-12-07,52,83,1,5.0,5,5,6,10.241568920491863,10.241568920491863,0.014438250716120038,15016.027872077111,-1.8189894035458565e-12,False,,,0,,,0,5.0,10.241568920491863,1,False,True
valid_2025_12,2025-12-07,53,69,1,10.0,10,10,1,10.261525782381732,10.261525782381732,0.04163490952939952,10021.28978750909,4994.73808456802,False,10.0,10.261525782381732,1,,,0,,,0,False,False
valid_2025_12,2025-12-08,35,68,1,9.0,9,9,2,7.212080751644098,7.212080751644098,0.05447292124043379,7292.101270864375,623.7505272692697,False,,,0,9.0,7.212080751644098,1,,,0,False,True
valid_2025_12,2025-12-08,36,68,1,6.0,6,6,5,7.232246388189324,7.232246388189324,0.03430728469520794,7292.101270864375,623.7505272692697,False,,,0,6.0,7.232246388189324,1,,,0,False,True
valid_2025_12,2025-12-08,36,69,2,7.5,7,8,7,7.564885300753023,7.900904149304658,0.033031650554113945,6954.259731913664,961.5920662199806,False,,,0,8.0,7.2288664522013875,1,7.0,7.900904149304658,1,False,True
valid_2025_12,2025-12-08,37,68,1,10.0,10,10,1,7.209951984101119,7.209951984101119,0.056601688783413096,7292.101270864375,623.7505272692697,False,,,0,10.0,7.209951984101119,1,,,0,False,True
valid_2025_12,2025-12-08,37,69,1,5.0,5,5,6,7.908396048345125,7.908396048345125,0.02088418138461634,6954.259731913664,961.5920662199806,False,,,0,,,0,5.0,7.908396048345125,1,False,True
valid_2025_12,2025-12-08,38,68,1,9.0,9,9,2,7.894454783879507,7.894454783879507,0.034825445850234615,7292.101270864375,623.7505272692697,False,,,0,,,0,9.0,7.894454783879507,1,False,True
valid_2025_12,2025-12-08,38,69,1,2.0,2,2,9,7.914687648870679,7.914687648870679,0.014592580859062565,6954.259731913664,961.5920662199806,False,,,0,,,0,2.0,7.914687648870679,1,False,True
valid_2025_12,2025-12-08,42,69,1,10.0,10,10,1,7.893046927603606,7.893046927603606,0.03623330212613496,6954.259731913664,961.5920662199806,False,,,0,,,0,10.0,7.893046927603606,1,False,True
valid_2025_12,2025-12-08,43,69,1,6.0,6,6,5,7.90407725024496,7.90407725024496,0.02520297948478145,6954.259731913664,961.5920662199806,False,,,0,,,0,6.0,7.90407725024496,1,False,True
valid_2025_12,2025-12-08,44,69,1,8.0,8,8,3,7.898934312527821,7.898934312527821,0.03034591720192026,6954.259731913664,961.5920662199806,False,,,0,,,0,8.0,7.898934312527821,1,False,True
valid_2025_12,2025-12-08,47,68,1,3.0,3,3,8,7.242177708976158,7.242177708976158,0.024375963908374487,7292.101270864375,623.7505272692697,False,,,0,3.0,7.242177708976158,1,,,0,False,True
valid_2025_12,2025-12-08,47,69,3,5.333333333333333,3,9,17,7.405292311820925,7.91196871524021,0.02977338086170474,6954.259731913664,961.5920662199806,False,9.0,7.065110447234343,1,4.0,7.238797772988221,1,3.0,7.91196871524021,1,True,True
valid_2025_12,2025-12-08,47,70,1,6.0,6,6,5,7.075483674299193,7.075483674299193,0.03387950113442173,6304.841977341028,1611.009820792617,False,6.0,7.075483674299193,1,,,0,,,0,False,False
valid_2025_12,2025-12-08,48,68,2,2.5,1,4,17,7.587800518811551,7.909047364738569,0.010116432495586025,7292.101270864375,623.7505272692697,False,,,0,1.0,7.266553672884532,1,4.0,7.909047364738569,1,False,True
valid_2025_12,2025-12-08,48,69,3,2.0,1,3,27,7.4304813049983665,7.929280229729741,0.004584387684262244,6954.259731913664,961.5920662199806,False,3.0,7.098989948368764,1,2.0,7.263173736896595,1,1.0,7.929280229729741,1,True,True
valid_2025_12,2025-12-08,48,70,1,1.0,1,1,10,7.109363175433614,7.109363175433614,0.0,6304.841977341028,1611.009820792617,False,1.0,7.109363175433614,1,,,0,,,0,False,False
valid_2025_12,2025-12-08,48,71,1,7.0,7,7,4,7.070289879816034,7.070289879816034,0.03907329561758033,6468.201726324775,1447.6500718088691,False,7.0,7.070289879816034,1,,,0,,,0,False,False
valid_2025_12,2025-12-08,49,68,1,5.0,5,5,6,7.232281321870815,7.232281321870815,0.034272351013717284,7292.101270864375,623.7505272692697,False,,,0,5.0,7.232281321870815,1,,,0,False,True
valid_2025_12,2025-12-08,49,69,2,5.5,4,7,11,7.159928551540624,7.228901385882878,0.02802987261844958,6954.259731913664,961.5920662199806,False,4.0,7.090955717198369,1,7.0,7.228901385882878,1,,,0,False,True
valid_2025_12,2025-12-08,49,70,1,2.0,2,2,9,7.101328944263219,7.101328944263219,0.008034231170395145,6304.841977341028,1611.009820792617,False,2.0,7.101328944263219,1,,,0,,,0,False,False
valid_2025_12,2025-12-08,49,71,1,10.0,10,10,1,7.062255648645639,7.062255648645639,0.04710752678797547,6468.201726324775,1447.6500718088691,False,10.0,7.062255648645639,1,,,0,,,0,False,False
valid_2025_12,2025-12-08,50,69,1,8.0,8,8,3,7.068117498349714,7.068117498349714,0.041245677083900034,6954.259731913664,961.5920662199806,False,8.0,7.068117498349714,1,,,0,,,0,False,False
valid_2025_12,2025-12-08,50,70,1,5.0,5,5,6,7.078490725414564,7.078490725414564,0.030872450019050035,6304.841977341028,1611.009820792617,False,5.0,7.078490725414564,1,,,0,,,0,False,False
valid_2025_12,2025-12-09,49,69,1,8.0,8,8,3,10.39841566120311,10.39841566120311,0.03439259625892532,10212.171497747358,381.76342047652906,False,,,0,,,0,8.0,10.39841566120311,1,False,True
valid_2025_12,2025-12-09,49,70,1,7.0,7,7,4,10.405799423583597,10.405799423583597,0.027008833878438665,10021.28978750909,572.6451307147981,False,,,0,,,0,7.0,10.405799423583597,1,False,True
valid_2025_12,2025-12-09,49,71,1,10.0,10,10,1,10.50898975961218,10.50898975961218,0.055960181813805576,9957.662550763,636.2723674608878,False,,,0,10.0,10.50898975961218,1,,,0,False,True
valid_2025_12,2025-12-09,50,69,1,3.0,3,3,8,10.42542449508155,10.42542449508155,0.007383762380484882,10212.171497747358,381.76342047652906,False,,,0,,,0,3.0,10.42542449508155,1,False,True
valid_2025_12,2025-12-09,50,70,3,4.666666666666667,1,8,19,10.443173145441557,10.523815427299198,0.020964122457822754,10021.28978750909,572.6451307147981,False,5.0,10.37289575156344,1,8.0,10.523815427299198,1,1.0,10.432808257462035,1,True,True
valid_2025_12,2025-12-09,50,71,3,7.333333333333333,6,9,11,10.433769267017473,10.540732254512749,0.030368000881907165,9957.662550763,636.2723674608878,False,6.0,10.36876097572761,1,7.0,10.540732254512749,1,9.0,10.39181457081206,1,True,True
valid_2025_12,2025-12-09,50,72,1,9.0,9,9,2,10.523762820746306,10.523762820746306,0.041187120679680334,9925.848932389956,668.0859858339318,False,,,0,9.0,10.523762820746306,1,,,0,False,True
valid_2025_12,2025-12-09,51,69,2,5.5,4,7,11,10.395217710159171,10.422485501263914,0.018513220976906553,10212.171497747358,381.76342047652906,False,7.0,10.367949919054428,1,,,0,4.0,10.422485501263914,1,False,True
valid_2025_12,2025-12-09,51,70,3,2.0,1,3,27,10.457518660888985,10.548033114212435,0.006618607010395294,10021.28978750909,572.6451307147981,False,1.0,10.39465360481012,1,3.0,10.548033114212435,1,2.0,10.4298692636444,1,True,True
valid_2025_12,2025-12-09,51,71,3,4.333333333333333,1,10,20,10.4481147824649,10.564949941425986,0.0160224854344803,9957.662550763,636.2723674608878,False,2.0,10.39051882897429,1,1.0,10.564949941425986,1,10.0,10.388875576994424,1,True,True
valid_2025_12,2025-12-09,51,72,2,6.0,4,8,10,10.455377437158507,10.547980507659544,0.024424335959545296,9925.848932389956,668.0859858339318,False,8.0,10.362774366657472,1,4.0,10.547980507659544,1,,,0,False,True
valid_2025_12,2025-12-09,52,69,2,7.5,6,9,7,10.381245754469354,10.406830101929131,0.03248517666672246,10212.171497747358,381.76342047652906,False,9.0,10.35566140700958,1,,,0,6.0,10.406830101929131,1,False,True
valid_2025_12,2025-12-09,52,70,3,4.333333333333333,3,5,20,10.446384332518509,10.542574040480638,0.017752935380871786,10021.28978750909,572.6451307147981,False,3.0,10.382365092765273,1,5.0,10.542574040480638,1,5.0,10.414213864309616,1,True,True
valid_2025_12,2025-12-09,52,71,2,3.0,2,4,16,10.468860592311817,10.559490867694189,0.010941180806236517,9957.662550763,636.2723674608878,False,4.0,10.378230316929445,1,2.0,10.559490867694189,1,,,0,False,True
valid_2025_12,2025-12-09,52,72,2,8.0,6,10,6,10.446503644270184,10.542521433927746,0.03329812884786865,9925.848932389956,668.0859858339318,False,10.0,10.350485854612623,1,6.0,10.542521433927746,1,,,0,False,True
valid_2025_12,2025-12-10,49,86,1,10.0,10,10,1,16.109493569888954,16.109493569888954,0.48338188690492956,3242.2944605743646,4198.910876880816,False,10.0,16.109493569888954,1,,,0,,,0,False,False
valid_2025_12,2025-12-10,49,87,2,7.5,6,9,7,15.836440794384881,16.307220225324002,0.3660209240684509,3242.2944605743646,4198.910876880816,False,6.0,16.307220225324002,1,9.0,15.36566136344576,1,,,0,False,True
valid_2025_12,2025-12-10,49,88,3,4.333333333333333,2,7,20,15.580682078424628,16.53472961685121,0.20582110276802426,3242.2944605743646,4198.910876880816,False,2.0,16.53472961685121,1,4.0,15.655645762911895,1,7.0,14.551670855510778,1,True,True
valid_2025_12,2025-12-10,50,86,1,8.0,8,8,3,16.16763940983163,16.16763940983163,0.4252360469622545,4094.027739828541,3347.1775976266395,False,8.0,16.16763940983163,1,,,0,,,0,False,False
valid_2025_12,2025-12-10,50,87,3,6.666666666666667,4,9,13,15.450266624425455,16.365366065266677,0.3362365567671966,4094.027739828541,3347.1775976266395,False,4.0,16.365366065266677,1,7.0,15.512616466474904,1,9.0,14.472817341534784,1,True,True
valid_2025_12,2025-12-10,50,88,3,2.3333333333333335,1,4,26,15.72466309993696,16.592875456793884,0.06184008125569266,4094.027739828541,3347.1775976266395,False,1.0,16.592875456793884,1,2.0,15.802600865941038,1,4.0,14.778512977075955,1,True,True
valid_2025_12,2025-12-10,51,86,1,10.0,10,10,1,15.305231029374925,15.305231029374925,0.5068169507378553,5212.995413416295,2228.209924038885,False,,,0,10.0,15.305231029374925,1,,,0,False,True
valid_2025_12,2025-12-10,51,87,3,6.333333333333333,6,7,14,15.465221338703161,16.27687171659791,0.32128184248948993,5212.995413416295,2228.209924038885,False,7.0,16.27687171659791,1,6.0,15.522063580646645,1,6.0,14.59672871886493,1,True,True
valid_2025_12,2025-12-10,51,88,3,2.0,1,3,27,15.739617814214666,16.504381108125116,0.04688536697798599,5212.995413416295,2228.209924038885,False,3.0,16.504381108125116,1,1.0,15.81204798011278,1,2.0,14.9024243544061,1,True,True
valid_2025_12,2025-12-10,52,86,1,10.0,10,10,1,14.34268736651162,14.34268736651162,0.6118987401596705,5562.945215519786,1878.2601219353944,False,,,0,,,0,10.0,14.34268736651162,1,False,True
valid_2025_12,2025-12-10,52,87,3,7.333333333333333,5,9,11,15.42362291973028,16.127291441559336,0.3628802614623711,5562.945215519786,1878.2601219353944,False,9.0,16.127291441559336,1,8.0,15.49468684650138,1,5.0,14.648890471130125,1,True,True
valid_2025_12,2025-12-10,52,88,3,3.0,1,5,24,15.698019395241785,16.354800833086543,0.08848378595086832,5562.945215519786,1878.2601219353944,False,5.0,16.354800833086543,1,3.0,15.784671245967516,1,1.0,14.954586106671291,1,True,True
valid_2025_12,2025-12-10,53,87,1,8.0,8,8,3,14.532249963875133,14.532249963875133,0.4223361427961585,6262.844819726771,1178.3605177284098,False,,,0,,,0,8.0,14.532249963875133,1,False,True
valid_2025_12,2025-12-10,53,88,2,4.0,3,5,14,15.197028964703172,15.556112329990045,0.18628807868886366,6262.844819726771,1178.3605177284098,False,,,0,5.0,15.556112329990045,1,3.0,14.8379455994163,1,False,True
valid_2025_12,2025-12-11,52,64,1,9.0,9,9,2,3.355116324123827,3.355116324123827,0.10362458669652597,3593.240028932934,22175.790853233266,False,9.0,3.355116324123827,1,,,0,,,0,False,False
valid_2025_12,2025-12-11,52,65,2,7.5,5,10,7,3.506879763199457,3.604622532208097,0.10150923746108753,1983.7858940787623,23785.24498808744,False,5.0,3.409136994190817,1,,,0,10.0,3.604622532208097,1,False,True
valid_2025_12,2025-12-11,52,66,3,5.666666666666667,4,8,16,3.691875038952778,3.9992206682780136,0.07252170388927004,4369.807272057118,21399.22361010908,False,8.0,3.393627547251242,1,5.0,3.9992206682780136,1,4.0,3.6827769013290776,1,True,True
valid_2025_12,2025-12-11,53,64,2,8.0,6,10,6,3.6809925215152433,3.9572648022771233,0.0865840474974604,3698.336317228288,22070.694564937912,False,6.0,3.404720240753363,1,10.0,3.9572648022771233,1,,,0,False,True
valid_2025_12,2025-12-11,53,65,3,3.6666666666666665,1,6,22,3.7167510882919053,4.026951656455211,0.047645654550142545,2088.882182374116,23680.148699792084,False,1.0,3.458740910820353,1,4.0,4.026951656455211,1,6.0,3.664560697600152,1,True,True
valid_2025_12,2025-12-11,53,66,3,2.3333333333333335,2,3,26,3.7537131221318893,4.075192835793757,0.010683620710158603,4474.903560352472,21294.12732181373,False,3.0,3.443231463880778,1,2.0,4.075192835793757,1,2.0,3.742715066721132,1,True,True
valid_2025_12,2025-12-11,53,67,2,7.5,7,8,7,3.8054462786590832,3.978477136682372,0.11177838019381192,5343.415341936589,20425.61554022961,False,,,0,7.0,3.978477136682372,1,8.0,3.6324154206357946,1,False,True
valid_2025_12,2025-12-11,54,64,2,8.0,7,9,6,3.6775910196380437,3.95848419368842,0.08998554937466019,3698.336317228288,22070.694564937912,False,7.0,3.396697845587667,1,9.0,3.95848419368842,1,,,0,False,True
valid_2025_12,2025-12-11,54,65,3,3.3333333333333335,2,5,23,3.71959076163364,4.028171047866508,0.04480598120840792,2088.882182374116,23680.148699792084,False,2.0,3.450718515654657,1,3.0,4.028171047866508,1,5.0,3.679882721379755,1,True,True
valid_2025_12,2025-12-11,54,66,3,2.0,1,4,27,3.756552795473624,4.076412227205054,0.00784394736842368,4474.903560352472,21294.12732181373,False,4.0,3.435209068715082,1,1.0,4.076412227205054,1,1.0,3.758037090500736,1,True,True
valid_2025_12,2025-12-11,54,67,2,6.5,6,7,9,3.8137169862545335,3.979696528093669,0.10350767259836169,5343.415341936589,20425.61554022961,False,,,0,6.0,3.979696528093669,1,7.0,3.647737444415398,1,False,True
valid_2025_12,2025-12-11,55,65,2,9.5,9,10,3,3.4854903018999726,3.619444887055821,0.12289869876057202,1929.8140905088917,23839.21679165731,False,10.0,3.351535716744124,1,,,0,9.0,3.619444887055821,1,False,True
valid_2025_12,2025-12-11,55,66,2,5.5,3,8,11,3.835305868738054,3.973012481299307,0.08191879011484127,4315.835468487247,21453.195413678957,False,,,0,8.0,3.973012481299307,1,3.0,3.697599256176801,1,False,True
valid_2025_12,2025-12-12,52,67,1,10.0,10,10,1,3.917036714556005,3.917036714556005,0.1519977889083819,-9078.566378346166,18546.29920616428,False,10.0,3.917036714556005,1,,,0,,,0,False,False
valid_2025_12,2025-12-12,52,68,1,7.0,7,7,4,3.973533591088241,3.973533591088241,0.09550091237614611,-10239.801625304346,19707.53445312245,False,7.0,3.973533591088241,1,,,0,,,0,False,False
valid_2025_12,2025-12-12,52,69,1,5.0,5,5,6,3.9930440372331617,3.9930440372331617,0.07599046623122518,-11244.29753726221,20712.03036508032,False,5.0,3.9930440372331617,1,,,0,,,0,False,False
valid_2025_12,2025-12-12,53,66,1,10.0,10,10,1,3.436800672178201,3.436800672178201,0.07649092700866333,-8733.064120091227,18200.796947909337,False,,,0,10.0,3.436800672178201,1,,,0,False,True
valid_2025_12,2025-12-12,53,67,3,6.666666666666667,4,10,13,3.483759213123122,3.99302718078723,0.08483804629912821,-9078.566378346166,18546.29920616428,False,6.0,3.99302718078723,1,4.0,3.4799071979208094,1,10.0,2.978343260661326,1,True,True
valid_2025_12,2025-12-12,53,68,3,4.333333333333333,2,8,20,3.505875071194166,4.049524057319466,0.06272218822808402,-10239.801625304346,19707.53445312245,False,2.0,4.049524057319466,1,3.0,3.4831499348429347,1,8.0,2.984951221420097,1,True,True
valid_2025_12,2025-12-12,53,69,2,5.0,1,9,12,3.753413133303429,4.069034503464387,0.03774991802219674,-11244.29753726221,20712.03036508032,False,1.0,4.069034503464387,1,9.0,3.437791763142471,1,,,0,False,True
valid_2025_12,2025-12-12,53,70,1,8.0,8,8,3,3.958987549162181,3.958987549162181,0.11004695430220579,-12164.815040800746,21632.547868618854,False,8.0,3.958987549162181,1,,,0,,,0,False,False
valid_2025_12,2025-12-12,54,66,1,6.0,6,6,5,3.4669423365221306,3.4669423365221306,0.046349262664733715,-7155.108648788209,16622.84147660632,False,,,0,6.0,3.4669423365221306,1,,,0,False,True
valid_2025_12,2025-12-12,54,67,3,6.0,2,9,15,3.492689273200161,3.946929966339909,0.07590798622208898,-7500.6109070431485,16968.343734861257,False,9.0,3.946929966339909,1,2.0,3.510048862264739,1,7.0,3.0210889909958354,1,True,True
valid_2025_12,2025-12-12,54,68,3,3.6666666666666665,1,6,22,3.514805131271205,4.003426842872145,0.05379212815104495,-8661.84615400133,18129.57898181944,False,4.0,4.003426842872145,1,1.0,3.5132915991868643,1,6.0,3.0276969517546064,1,True,True
valid_2025_12,2025-12-12,54,69,2,4.0,3,5,14,3.745435358251733,4.022937289017065,0.045727693073892794,-9666.342065959192,19134.074893777302,False,3.0,4.022937289017065,1,5.0,3.4679334274864004,1,,,0,False,True
valid_2025_12,2025-12-12,55,66,1,9.0,9,9,2,2.981778247459268,2.981778247459268,0.14168742815623103,-5577.153177485188,15044.8860053033,False,,,0,,,0,9.0,2.981778247459268,1,False,True
valid_2025_12,2025-12-12,55,67,2,6.0,4,8,10,3.253623288109104,3.440497516215707,0.06475534929207782,-5922.655435740127,15390.388263558238,False,,,0,8.0,3.440497516215707,1,4.0,3.0667490600025005,1,False,True
valid_2025_12,2025-12-12,55,68,2,5.0,3,7,12,3.258548636949552,3.4437402531378325,0.05983000045162967,-7083.890682698308,16551.62351051642,False,,,0,7.0,3.4437402531378325,1,3.0,3.0733570207612715,1,False,True
valid_2025_12,2025-12-12,56,66,1,5.0,5,5,6,3.031886902313495,3.031886902313495,0.09157877330200392,-4835.89586939325,14303.62869721136,False,,,0,,,0,5.0,3.031886902313495,1,False,True
valid_2025_12,2025-12-12,56,67,1,2.0,2,2,9,3.116857714856728,3.116857714856728,0.006607960758771014,-5181.398127648189,14649.130955466298,False,,,0,,,0,2.0,3.116857714856728,1,False,True
valid_2025_12,2025-12-12,56,68,1,1.0,1,1,10,3.123465675615499,3.123465675615499,0.0,-6342.63337460637,15810.36620242448,False,,,0,,,0,1.0,3.123465675615499,1,False,True
valid_2025_12,2025-12-13,44,68,2,9.0,8,10,4,7.216400327305948,7.379945847233188,0.08751302454769938,3680.138927518905,1145.4238786267797,False,,,0,8.0,7.052854807378707,1,10.0,7.379945847233188,1,False,True
valid_2025_12,2025-12-13,45,68,3,6.0,5,7,15,7.117647265762542,7.412429638455405,0.06652174643087783,3699.227098542732,1126.3357076029529,False,7.0,6.860463799647361,1,5.0,7.080048359184858,1,6.0,7.412429638455405,1,True,True
valid_2025_12,2025-12-13,45,69,1,9.0,9,9,2,7.381650010618753,7.381650010618753,0.08299873993043327,3699.2270985427313,1126.335707602953,False,,,0,,,0,9.0,7.381650010618753,1,False,True
valid_2025_12,2025-12-13,46,68,3,3.3333333333333335,3,4,23,7.148057375772936,7.439289756017057,0.03611163642048313,3713.209183817685,1112.3536223279998,False,4.0,6.898503324629955,1,3.0,7.106379046671797,1,3.0,7.439289756017057,1,True,True
valid_2025_12,2025-12-13,46,69,3,8.666666666666666,7,10,7,7.089077271576985,7.408510128180405,0.09509174061643429,3713.209183817685,1112.3536223279998,False,10.0,6.82304237464062,1,9.0,7.035679311909931,1,7.0,7.408510128180405,1,True,True
valid_2025_12,2025-12-13,47,68,3,2.0,2,2,27,7.1646321942786555,7.44892315171105,0.01953681791476451,3713.209183817685,1112.3536223279998,False,2.0,6.920940232899204,1,2.0,7.124033198225711,1,2.0,7.44892315171105,1,True,True
valid_2025_12,2025-12-13,47,69,3,6.666666666666667,5,8,13,7.105652090082704,7.418143523874397,0.07851692211071566,3713.209183817685,1112.3536223279998,False,8.0,6.845479282909869,1,7.0,7.053333463463845,1,5.0,7.418143523874397,1,True,True
valid_2025_12,2025-12-13,48,68,3,1.0,1,1,30,7.184169012193419,7.464648750549186,0.0,3713.209183817685,1112.3536223279998,False,1.0,6.944680332872965,1,1.0,7.143177953158108,1,1.0,7.464648750549186,1,True,True
valid_2025_12,2025-12-13,48,69,3,5.333333333333333,4,6,17,7.125188907997469,7.433869122712533,0.05898010419595116,3713.209183817685,1112.3536223279998,False,6.0,6.86921938288363,1,6.0,7.072478218396242,1,4.0,7.433869122712533,1,True,True
valid_2025_12,2025-12-13,49,68,3,5.0,3,8,18,7.133071784647098,7.398938234749881,0.051097227546321435,3713.209183817685,1112.3536223279998,False,3.0,6.91382334790611,1,4.0,7.086453771285303,1,8.0,7.398938234749881,1,True,True
valid_2025_12,2025-12-13,49,69,1,9.0,9,9,2,6.838362397916775,6.838362397916775,0.10631793495618957,3713.209183817685,1112.3536223279998,False,9.0,6.838362397916775,1,,,0,,,0,False,False
valid_2025_12,2025-12-13,50,68,2,7.5,5,10,7,6.954868936408701,7.026051968516595,0.08906020660683467,3713.209183817685,1112.3536223279998,False,5.0,6.883685904300808,1,10.0,7.026051968516595,1,,,0,False,True
valid_2025_12,2025-12-14,14,67,1,10.0,10,10,1,7.018165514559071,7.018165514559071,0.15799731405669526,3106.9179703115483,875.0176665414133,False,,,0,10.0,7.018165514559071,1,,,0,False,True
valid_2025_12,2025-12-14,15,67,1,5.0,5,5,6,7.097769649089586,7.097769649089586,0.07839317952617986,3106.9179703115483,875.0176665414133,False,,,0,5.0,7.097769649089586,1,,,0,False,True
valid_2025_12,2025-12-14,16,67,1,2.0,2,2,9,7.166219790167008,7.166219790167008,0.009943038448757768,3106.9179703115483,875.0176665414133,False,,,0,2.0,7.166219790167008,1,,,0,False,True
valid_2025_12,2025-12-14,16,68,1,8.0,8,8,3,7.029022523180823,7.029022523180823,0.1471403054349425,2664.708674926226,1317.2269619267354,False,,,0,8.0,7.029022523180823,1,,,0,False,True
valid_2025_12,2025-12-14,17,67,1,1.0,1,1,10,7.176162828615766,7.176162828615766,0.0,3106.9179703115483,875.0176665414133,False,,,0,1.0,7.176162828615766,1,,,0,False,True
valid_2025_12,2025-12-14,17,68,1,7.0,7,7,4,7.038965561629581,7.038965561629581,0.13719726698618473,2664.708674926226,1317.2269619267354,False,,,0,7.0,7.038965561629581,1,,,0,False,True
valid_2025_12,2025-12-14,18,67,1,3.0,3,3,8,7.155833043329817,7.155833043329817,0.020329785285948532,3106.9179703115483,875.0176665414133,False,,,0,3.0,7.155833043329817,1,,,0,False,True
valid_2025_12,2025-12-14,18,68,1,9.0,9,9,2,7.018635776343633,7.018635776343633,0.15752705227213326,2664.708674926226,1317.2269619267354,False,,,0,9.0,7.018635776343633,1,,,0,False,True
valid_2025_12,2025-12-14,19,67,1,4.0,4,4,7,7.133041082416044,7.133041082416044,0.043121746199721755,3093.387638417492,888.5479984354697,False,,,0,4.0,7.133041082416044,1,,,0,False,True
valid_2025_12,2025-12-14,20,67,1,6.0,6,6,5,7.089608466797209,7.089608466797209,0.08655436181855691,3059.986520487633,921.9491163653288,False,,,0,6.0,7.089608466797209,1,,,0,False,True
valid_2025_12,2025-12-14,32,67,1,2.0,2,2,9,7.415606290675644,7.415606290675644,0.004614364454303299,2628.234361461531,1353.7012753914305,False,,,0,,,0,2.0,7.415606290675644,1,False,True
valid_2025_12,2025-12-14,32,68,1,5.0,5,5,6,7.333217762321852,7.333217762321852,0.08700289280809503,2186.025066076209,1795.9105707767526,False,,,0,,,0,5.0,7.333217762321852,1,False,True
valid_2025_12,2025-12-14,33,67,1,1.0,1,1,10,7.420220655129947,7.420220655129947,0.0,2787.3024533267544,1194.6331835262072,False,,,0,,,0,1.0,7.420220655129947,1,False,True
valid_2025_12,2025-12-14,33,68,1,4.0,4,4,7,7.3378321267761555,7.3378321267761555,0.08238852835379173,2345.0931579414328,1636.8424789115288,False,,,0,,,0,4.0,7.3378321267761555,1,False,True
valid_2025_12,2025-12-14,34,67,1,3.0,3,3,8,7.407764756448063,7.407764756448063,0.01245589868188457,2946.3705451919777,1035.565091660984,False,,,0,,,0,3.0,7.407764756448063,1,False,True
valid_2025_12,2025-12-14,34,68,1,6.0,6,6,5,7.325376228094272,7.325376228094272,0.09484442703567542,2504.161249806656,1477.7743870463055,False,,,0,,,0,6.0,7.325376228094272,1,False,True
valid_2025_12,2025-12-14,46,67,1,9.0,9,9,2,7.288142717964471,7.288142717964471,0.13207793716547656,3106.9179703115483,875.0176665414133,False,,,0,,,0,9.0,7.288142717964471,1,False,True
valid_2025_12,2025-12-14,47,67,1,8.0,8,8,3,7.299231430163594,7.299231430163594,0.12098922496635289,3106.9179703115483,875.0176665414133,False,,,0,,,0,8.0,7.299231430163594,1,False,True
valid_2025_12,2025-12-14,48,67,1,7.0,7,7,4,7.30923509820669,7.30923509820669,0.11098555692325718,3106.9179703115483,875.0176665414133,False,,,0,,,0,7.0,7.30923509820669,1,False,True
valid_2025_12,2025-12-14,49,67,1,10.0,10,10,1,7.285055121818447,7.285055121818447,0.1351655333115005,3106.9179703115483,875.0176665414133,False,,,0,,,0,10.0,7.285055121818447,1,False,True
valid_2025_12,2025-12-14,50,67,1,9.0,9,9,2,6.8543731496195255,6.8543731496195255,0.12677109388031393,3106.9179703115483,875.0176665414133,False,9.0,6.8543731496195255,1,,,0,,,0,False,False
valid_2025_12,2025-12-14,51,67,1,10.0,10,10,1,6.851116980900683,6.851116980900683,0.13002726259915676,3106.9179703115483,875.0176665414133,False,10.0,6.851116980900683,1,,,0,,,0,False,False
valid_2025_12,2025-12-14,53,67,1,6.0,6,6,5,6.889114019729265,6.889114019729265,0.09203022377057479,3106.9179703115483,875.0176665414133,False,6.0,6.889114019729265,1,,,0,,,0,False,False
valid_2025_12,2025-12-14,54,67,1,3.0,3,3,8,6.931491150675658,6.931491150675658,0.0496530928241814,3106.9179703115483,875.0176665414133,False,3.0,6.931491150675658,1,,,0,,,0,False,False
valid_2025_12,2025-12-14,54,68,1,8.0,8,8,3,6.876073201427559,6.876073201427559,0.10507104207228046,2664.708674926226,1317.2269619267354,False,8.0,6.876073201427559,1,,,0,,,0,False,False
valid_2025_12,2025-12-14,55,67,1,2.0,2,2,9,6.961534119795695,6.961534119795695,0.019610123704144833,3106.9179703115483,875.0176665414133,False,2.0,6.961534119795695,1,,,0,,,0,False,False
valid_2025_12,2025-12-14,55,68,1,5.0,5,5,6,6.906116170547596,6.906116170547596,0.07502807295224301,2664.708674926226,1317.2269619267354,False,5.0,6.906116170547596,1,,,0,,,0,False,False
valid_2025_12,2025-12-14,56,67,1,1.0,1,1,10,6.981144243499839,6.981144243499839,0.0,3106.9179703115483,875.0176665414133,False,1.0,6.981144243499839,1,,,0,,,0,False,False
valid_2025_12,2025-12-14,56,68,1,4.0,4,4,7,6.92572629425174,6.92572629425174,0.05541794924809906,2664.708674926226,1317.2269619267354,False,4.0,6.92572629425174,1,,,0,,,0,False,False
valid_2025_12,2025-12-14,57,67,1,7.0,7,7,4,6.876764104761475,6.876764104761475,0.10438013873836471,3106.9179703115483,875.0176665414133,False,7.0,6.876764104761475,1,,,0,,,0,False,False
valid_2025_12,2025-12-15,44,78,2,6.5,6,7,9,13.419951310656106,13.763715642852024,0.12289588447394095,11961.920508264817,2.182787284255028e-11,False,6.0,13.07618697846019,1,7.0,13.763715642852024,1,,,0,False,True
valid_2025_12,2025-12-15,45,78,3,5.666666666666667,4,9,16,13.504417864873082,13.795992018486876,0.09319647281229197,11961.920508264817,2.182787284255028e-11,False,4.0,13.110836137930423,1,4.0,13.795992018486876,1,9.0,13.606425438201946,1,True,True
valid_2025_12,2025-12-15,45,79,2,8.5,8,9,5,13.67688699061313,13.739454745994548,0.1218881827862015,11961.920508264817,2.182787284255028e-11,False,,,0,9.0,13.739454745994548,1,8.0,13.614319235231712,1,False,True
valid_2025_12,2025-12-15,45,80,1,7.0,7,7,4,13.619899170121208,13.619899170121208,0.08724945267481843,11961.920508264817,2.182787284255028e-11,False,,,0,,,0,7.0,13.619899170121208,1,False,True
valid_2025_12,2025-12-15,46,77,1,10.0,10,10,1,13.029976289872844,13.029976289872844,0.16531637638461483,11961.920508264817,2.182787284255028e-11,False,10.0,13.029976289872844,1,,,0,,,0,False,False
valid_2025_12,2025-12-15,46,78,3,3.3333333333333335,2,6,23,13.5596693041284,13.842451285031562,0.037945033556972874,11961.920508264817,2.182787284255028e-11,False,2.0,13.15662185646418,1,2.0,13.842451285031562,1,6.0,13.67993477088946,1,True,True
valid_2025_12,2025-12-15,46,79,3,5.666666666666667,5,7,16,13.51569700910967,13.785914012539234,0.08191732857570422,11961.920508264817,2.182787284255028e-11,False,7.0,13.073348446870549,1,5.0,13.785914012539234,1,5.0,13.687828567919226,1,True,True
valid_2025_12,2025-12-15,46,80,2,7.0,4,10,8,13.71107078595473,13.728733069100738,0.0877043874446013,11961.920508264817,2.182787284255028e-11,False,,,0,10.0,13.728733069100738,1,4.0,13.693408502808722,1,False,True
valid_2025_12,2025-12-15,47,77,2,9.0,8,10,4,13.305151605623376,13.541656111580629,0.14606903890336564,11961.920508264817,2.182787284255028e-11,False,8.0,13.068647099666125,1,,,0,10.0,13.541656111580629,1,False,True
valid_2025_12,2025-12-15,47,78,3,1.6666666666666667,1,3,28,13.593123093712286,13.890401724002636,0.004491243973087459,11961.920508264817,2.182787284255028e-11,False,1.0,13.195292666257458,1,1.0,13.890401724002636,1,3.0,13.693674890876764,1,True,True
valid_2025_12,2025-12-15,47,79,3,2.6666666666666665,2,3,25,13.549150798693555,13.833864451510308,0.04846353899181821,11961.920508264817,2.182787284255028e-11,False,3.0,13.112019256663828,1,3.0,13.833864451510308,1,2.0,13.70156868790653,1,True,True
valid_2025_12,2025-12-15,47,80,2,3.5,1,6,15,13.74191606543392,13.77668350807181,0.056859107965412825,11961.920508264817,2.182787284255028e-11,False,,,0,6.0,13.77668350807181,1,1.0,13.707148622796026,1,False,True
valid_2025_12,2025-12-15,48,78,2,6.5,5,8,9,13.4344339249195,13.760726836527086,0.1084132702105487,11961.920508264817,2.182787284255028e-11,False,5.0,13.108141013311911,1,8.0,13.760726836527086,1,,,0,False,True
valid_2025_12,2025-12-15,49,78,1,9.0,9,9,2,13.032310199127268,13.032310199127268,0.16298246713019005,11802.852416399592,159.06809186524697,False,9.0,13.032310199127268,1,,,0,,,0,False,False
valid_2025_12,2025-12-16,49,88,1,6.0,6,6,5,8.937282787304056,8.937282787304056,0.456931591743027,9575.899130286462,-3.637978807091713e-12,False,,,0,,,0,6.0,8.937282787304056,1,False,True
valid_2025_12,2025-12-16,50,88,1,3.0,3,3,8,9.24115988781692,9.24115988781692,0.15305449123016324,9575.899130286462,-3.637978807091713e-12,False,,,0,,,0,3.0,9.24115988781692,1,False,True
valid_2025_12,2025-12-16,51,64,2,9.5,9,10,3,8.927500886548493,8.989858413556107,0.320073307034888,9289.57656492906,286.32256535739725,False,,,0,9.0,8.989858413556107,1,10.0,8.86514335954088,1,False,True
valid_2025_12,2025-12-16,51,65,3,6.0,4,8,15,8.824784018311655,9.069292958259126,0.1986746193727947,9512.271893540372,63.627236746086055,False,6.0,8.479639620022596,1,4.0,9.069292958259126,1,8.0,8.925419476653246,1,True,True
valid_2025_12,2025-12-16,51,66,3,4.333333333333333,3,7,20,8.84255114228723,9.069382326160238,0.1809074953972208,9480.458275167328,95.44085511913,False,3.0,8.53280476688576,1,3.0,9.069382326160238,1,7.0,8.925466333815692,1,True,True
valid_2025_12,2025-12-16,51,67,1,5.0,5,5,6,8.499268329133969,8.499268329133969,0.07595919675262053,9416.831038421238,159.06809186521969,False,5.0,8.499268329133969,1,,,0,,,0,False,False
valid_2025_12,2025-12-16,51,87,1,5.0,5,5,6,8.987527136449614,8.987527136449614,0.406687242597469,9575.899130286462,-3.637978807091713e-12,False,,,0,,,0,5.0,8.987527136449614,1,False,True
valid_2025_12,2025-12-16,51,88,2,4.0,1,7,14,9.206959710863401,9.394214379047083,0.04061448271998103,9575.899130286462,-3.637978807091713e-12,False,,,0,7.0,9.019705042679718,1,1.0,9.394214379047083,1,False,True
valid_2025_12,2025-12-16,52,64,1,6.0,6,6,5,9.021410095515549,9.021410095515549,0.07952391260413094,9289.57656492906,286.32256535739725,False,,,0,6.0,9.021410095515549,1,,,0,False,True
valid_2025_12,2025-12-16,52,65,2,3.0,2,4,16,8.811453509620996,9.100844640218568,0.026627257382138225,9512.271893540372,63.627236746086055,False,4.0,8.522062379023424,1,2.0,9.100844640218568,1,,,0,False,True
valid_2025_12,2025-12-16,52,66,2,1.0,1,1,20,8.838080767003134,9.10093400811968,0.0,9480.458275167328,95.44085511913,False,1.0,8.57522752588659,1,1.0,9.10093400811968,1,,,0,False,True
valid_2025_12,2025-12-16,52,67,2,5.0,2,8,12,8.770370199660782,8.999049311186766,0.06771056734235259,9416.831038421238,159.06809186521969,False,2.0,8.541691088134797,1,8.0,8.999049311186766,1,,,0,False,True
valid_2025_12,2025-12-16,52,68,1,10.0,10,10,1,8.407639291283232,8.407639291283232,0.16758823460335748,9257.762946556017,318.136183730443,False,10.0,8.407639291283232,1,,,0,,,0,False,False
valid_2025_12,2025-12-16,52,87,1,9.0,9,9,2,8.870706437086753,8.870706437086753,0.5235079419603306,9575.899130286462,-3.637978807091713e-12,False,,,0,,,0,9.0,8.870706437086753,1,False,True
valid_2025_12,2025-12-16,52,88,2,3.5,2,5,15,9.164325202161692,9.277393679684224,0.08324899142168984,9575.899130286462,-3.637978807091713e-12,False,,,0,5.0,9.05125672463916,1,2.0,9.277393679684224,1,False,True
valid_2025_12,2025-12-16,53,65,1,9.0,9,9,2,8.412243352980695,8.412243352980695,0.16298417290589384,9512.271893540372,63.627236746086055,False,9.0,8.412243352980695,1,,,0,,,0,False,False
valid_2025_12,2025-12-16,53,66,2,8.5,7,10,5,8.71785100693338,8.970293514022899,0.12022976006975483,9480.458275167328,95.44085511913,False,7.0,8.46540849984386,1,10.0,8.970293514022899,1,,,0,False,True
valid_2025_12,2025-12-16,53,67,1,8.0,8,8,3,8.431872062092069,8.431872062092069,0.1433554637945207,9416.831038421238,159.06809186521969,False,8.0,8.431872062092069,1,,,0,,,0,False,False
valid_2025_12,2025-12-16,53,88,1,4.0,4,4,7,9.05629530405146,9.05629530405146,0.33791907499562335,9575.899130286462,-3.637978807091713e-12,False,,,0,,,0,4.0,9.05629530405146,1,False,True
valid_2025_12,2025-12-17,41,68,2,7.5,6,9,7,6.895500777593924,7.079473788248919,0.02377414149800572,6971.299105914267,394.05302125403705,False,6.0,6.711527766938929,1,9.0,7.079473788248919,1,,,0,False,True
valid_2025_12,2025-12-17,42,68,3,4.0,1,10,21,7.0631251322403115,7.350825558537075,0.007995970022529756,6971.299105914267,394.05302125403705,False,1.0,6.727469353951108,1,1.0,7.111080484232751,1,10.0,7.350825558537075,1,True,True
valid_2025_12,2025-12-17,42,69,3,4.666666666666667,4,5,19,7.056647346955482,7.3559360352301795,0.014473755307359207,6873.443597160619,491.9085300076849,False,5.0,6.713429106377035,1,4.0,7.100576899259231,1,5.0,7.3559360352301795,1,True,True
valid_2025_12,2025-12-17,43,68,2,3.0,3,3,16,6.9103125511973325,7.102369556253137,0.008962367894596923,6971.299105914267,394.05302125403705,False,3.0,6.718255546141528,1,3.0,7.102369556253137,1,,,0,False,True
valid_2025_12,2025-12-17,43,69,2,7.5,6,9,7,7.221748159078768,7.3516303468779185,0.02119881733993978,6873.443597160619,491.9085300076849,False,,,0,6.0,7.091865971279617,1,9.0,7.3516303468779185,1,False,True
valid_2025_12,2025-12-17,44,68,2,2.0,2,2,18,6.911264374411839,7.103402767572838,0.008010544680089993,6971.299105914267,394.05302125403705,False,2.0,6.719125981250841,1,2.0,7.103402767572838,1,,,0,False,True
valid_2025_12,2025-12-17,44,69,3,7.333333333333333,5,9,11,7.0502715752276615,7.352829809406899,0.020849527035179467,6873.443597160619,491.9085300076849,False,9.0,6.705085733676768,1,5.0,7.092899182599318,1,8.0,7.352829809406899,1,True,True
valid_2025_12,2025-12-17,45,68,3,6.0,4,7,15,7.054232448497328,7.353849292590453,0.016888653765512924,6971.299105914267,394.05302125403705,False,4.0,6.7171207918578375,1,7.0,7.091727261043694,1,7.0,7.353849292590453,1,True,True
valid_2025_12,2025-12-17,45,69,2,6.0,4,8,10,7.220091722676866,7.358959769283558,0.022855253741841608,6873.443597160619,491.9085300076849,False,,,0,8.0,7.081223676070174,1,4.0,7.358959769283558,1,False,True
valid_2025_12,2025-12-17,46,68,1,10.0,10,10,1,6.704965604506171,6.704965604506171,0.022503749444936716,6971.299105914267,394.05302125403705,False,10.0,6.704965604506171,1,,,0,,,0,False,False
valid_2025_12,2025-12-17,47,68,2,6.5,6,7,9,7.030607836141048,7.354133674613664,0.020533575136838067,6971.299105914267,394.05302125403705,False,7.0,6.707081997668432,1,,,0,6.0,7.354133674613664,1,False,True
valid_2025_12,2025-12-17,47,69,1,3.0,3,3,8,7.359244151306768,7.359244151306768,0.01556931729789568,6873.443597160619,491.9085300076849,False,,,0,,,0,3.0,7.359244151306768,1,False,True
valid_2025_12,2025-12-17,48,68,3,6.666666666666667,2,10,13,7.049898742619855,7.369702991911559,0.02122235964298606,6971.299105914267,394.05302125403705,False,8.0,6.705392610690701,1,10.0,7.074600625257304,1,2.0,7.369702991911559,1,True,True
valid_2025_12,2025-12-17,48,69,1,1.0,1,1,10,7.374813468604664,7.374813468604664,0.0,6873.443597160619,491.9085300076849,False,,,0,,,0,1.0,7.374813468604664,1,False,True
valid_2025_12,2025-12-18,45,79,1,9.0,9,9,2,5.665809015344825,5.665809015344825,0.0475158687687216,0.0,4304.280762294158,False,,,0,,,0,9.0,5.665809015344825,1,False,True
valid_2025_12,2025-12-18,46,78,2,10.0,10,10,2,4.908525377706188,5.659505310331511,0.036126551352907654,0.0,4304.280762294158,False,10.0,4.157545445080865,1,,,0,10.0,5.659505310331511,1,False,True
valid_2025_12,2025-12-18,46,79,3,6.666666666666667,5,8,13,5.083481538866761,5.690508233776985,0.0232447403281905,0.0,4304.280762294158,False,7.0,4.162102304720289,1,8.0,5.397834078103011,1,5.0,5.690508233776985,1,True,True
valid_2025_12,2025-12-18,46,80,1,7.0,7,7,4,5.679582979174906,5.679582979174906,0.03374190493864049,0.0,4304.280762294158,False,,,0,,,0,7.0,5.679582979174906,1,False,True
valid_2025_12,2025-12-18,47,77,1,6.0,6,6,5,4.165622615136133,4.165622615136133,0.010356358868511606,0.0,4304.280762294158,False,6.0,4.165622615136133,1,,,0,,,0,False,False
valid_2025_12,2025-12-18,47,78,3,5.666666666666667,4,8,16,5.083308718337029,5.673391725708428,0.023417560857923903,0.0,4304.280762294158,False,4.0,4.16922411554204,1,5.0,5.407310313760616,1,8.0,5.673391725708428,1,True,True
valid_2025_12,2025-12-18,47,79,3,2.0,2,2,27,5.1017721399304525,5.704394649153902,0.004954139264499465,0.0,4304.280762294158,False,2.0,4.173780975181463,1,2.0,5.427140795455992,1,2.0,5.704394649153902,1,True,True
valid_2025_12,2025-12-18,47,80,2,5.0,4,6,12,5.5502018634471995,5.693469394551824,0.021898068342905752,0.0,4304.280762294158,False,,,0,6.0,5.406934332342575,1,4.0,5.693469394551824,1,False,True
valid_2025_12,2025-12-18,48,76,1,9.0,9,9,2,4.159105446074851,4.159105446074851,0.016873527929793575,0.0,4304.280762294158,False,9.0,4.159105446074851,1,,,0,,,0,False,False
valid_2025_12,2025-12-18,48,77,2,7.0,5,9,8,4.776297279904726,5.384773945850137,0.027129696830928918,0.0,4304.280762294158,False,5.0,4.167820613959314,1,9.0,5.384773945850137,1,,,0,False,True
valid_2025_12,2025-12-18,48,78,3,4.0,3,6,21,5.088262857601527,5.682321960668073,0.018463421593424734,0.0,4304.280762294158,False,3.0,4.171422114365221,1,3.0,5.411044497771288,1,6.0,5.682321960668073,1,True,True
valid_2025_12,2025-12-18,48,79,3,1.0,1,1,30,5.106726279194952,5.713324884113547,0.0,0.0,4304.280762294158,False,1.0,4.175978974004645,1,1.0,5.430874979466664,1,1.0,5.713324884113547,1,True,True
valid_2025_12,2025-12-18,48,80,2,3.5,3,4,15,5.556534072932357,5.7023996295114685,0.015565858857748527,0.0,4304.280762294158,False,,,0,4.0,5.410668516353246,1,3.0,5.7023996295114685,1,False,True
valid_2025_12,2025-12-18,49,78,1,10.0,10,10,1,5.382980040049815,5.382980040049815,0.047894939416849525,0.0,4304.280762294158,False,,,0,10.0,5.382980040049815,1,,,0,False,True
valid_2025_12,2025-12-18,49,79,2,7.5,7,8,7,4.7818386143181115,5.402810521745191,0.021588362417543472,0.0,4304.280762294158,False,8.0,4.160866706891031,1,7.0,5.402810521745191,1,,,0,False,True
valid_2025_12,2025-12-19,11,68,1,10.0,10,10,1,9.634532672060269,9.634532672060269,0.08258565895078718,8844.185907706433,5.4569682106375694e-12,False,,,0,,,0,10.0,9.634532672060269,1,False,True
valid_2025_12,2025-12-19,12,68,1,5.0,5,5,6,9.672226575357604,9.672226575357604,0.04489175565345249,8844.185907706433,5.4569682106375694e-12,False,,,0,,,0,5.0,9.672226575357604,1,False,True
valid_2025_12,2025-12-19,12,69,1,7.0,7,7,4,9.6442012706867,9.6442012706867,0.07291706032435563,8844.185907706433,5.4569682106375694e-12,False,,,0,,,0,7.0,9.6442012706867,1,False,True
valid_2025_12,2025-12-19,13,68,1,2.0,2,2,9,9.703129001157537,9.703129001157537,0.013989329853519195,8844.185907706433,5.4569682106375694e-12,False,,,0,,,0,2.0,9.703129001157537,1,False,True
valid_2025_12,2025-12-19,13,69,1,4.0,4,4,7,9.675103696486632,9.675103696486632,0.04201463452442411,8844.185907706433,5.4569682106375694e-12,False,,,0,,,0,4.0,9.675103696486632,1,False,True
valid_2025_12,2025-12-19,14,68,2,5.0,1,9,12,9.523773687444923,9.717118331011056,0.03184517142363763,8844.185907706433,5.4569682106375694e-12,False,9.0,9.33042904387879,1,,,0,1.0,9.717118331011056,1,False,True
valid_2025_12,2025-12-19,14,69,2,6.5,3,10,9,9.507987574593958,9.689093026340151,0.04763128427460295,8844.185907706433,5.4569682106375694e-12,False,10.0,9.326882122847763,1,,,0,3.0,9.689093026340151,1,False,True
valid_2025_12,2025-12-19,14,70,1,8.0,8,8,3,9.641635851647456,9.641635851647456,0.07548247936360042,8844.185907706433,5.4569682106375694e-12,False,,,0,,,0,8.0,9.641635851647456,1,False,True
valid_2025_12,2025-12-19,15,68,2,5.5,5,6,11,9.50715373155785,9.662617433195384,0.04846512731070973,8844.185907706433,5.4569682106375694e-12,False,5.0,9.351690029920317,1,,,0,6.0,9.662617433195384,1,False,True
valid_2025_12,2025-12-19,15,69,2,8.0,7,9,6,9.491367618706885,9.63459212852448,0.06425124016167505,8844.185907706433,5.4569682106375694e-12,False,7.0,9.34814310888929,1,,,0,9.0,9.63459212852448,1,False,True
valid_2025_12,2025-12-19,16,66,1,8.0,8,8,3,9.719492806823682,9.719492806823682,0.07477430426180831,8812.372289333387,31.813618373051213,False,,,0,8.0,9.719492806823682,1,,,0,False,True
valid_2025_12,2025-12-19,16,67,2,8.5,8,9,5,9.52398077107728,9.7139672234149,0.07021247782849827,8812.372289333387,31.813618373051213,False,8.0,9.33399431873966,1,9.0,9.7139672234149,1,,,0,False,True
valid_2025_12,2025-12-19,16,68,2,4.5,3,6,13,9.552836258993986,9.728569474385624,0.04135698991179115,8844.185907706433,5.4569682106375694e-12,False,3.0,9.377103043602348,1,6.0,9.728569474385624,1,,,0,False,True
valid_2025_12,2025-12-19,16,69,1,4.0,4,4,7,9.373556122571324,9.373556122571324,0.02056326415473997,8844.185907706433,5.4569682106375694e-12,False,4.0,9.373556122571324,1,,,0,,,0,False,False
valid_2025_12,2025-12-19,17,66,1,2.0,2,2,9,9.785190443523549,9.785190443523549,0.009076667561942031,8812.372289333387,31.813618373051213,False,,,0,2.0,9.785190443523549,1,,,0,False,True
valid_2025_12,2025-12-19,17,67,2,4.5,3,6,13,9.56533776098907,9.779664860114766,0.028855487916707112,8812.372289333387,31.813618373051213,False,6.0,9.351010661863375,1,3.0,9.779664860114766,1,,,0,False,True
valid_2025_12,2025-12-19,17,68,2,1.0,1,1,20,9.594193248905778,9.79426711108549,0.0,8844.185907706433,5.4569682106375694e-12,False,1.0,9.394119386726064,1,1.0,9.79426711108549,1,,,0,False,True
valid_2025_12,2025-12-19,17,69,2,3.0,2,4,16,9.574969526643663,9.759366587592284,0.019223722262115217,8844.185907706433,5.4569682106375694e-12,False,2.0,9.39057246569504,1,4.0,9.759366587592284,1,,,0,False,True
valid_2025_12,2025-12-19,17,84,1,5.0,5,5,6,9.748004157506164,9.748004157506164,0.046262953579326194,7221.691370681152,1622.4945370252865,False,,,0,5.0,9.748004157506164,1,,,0,False,True
valid_2025_12,2025-12-19,18,66,1,10.0,10,10,1,9.71245511820116,9.71245511820116,0.08181199288433127,8812.372289333387,31.813618373051213,False,,,0,10.0,9.71245511820116,1,,,0,False,True
valid_2025_12,2025-12-19,18,68,1,7.0,7,7,4,9.7215317857631,9.7215317857631,0.07273532532239102,8844.185907706433,5.4569682106375694e-12,False,,,0,7.0,9.7215317857631,1,,,0,False,True
valid_2025_12,2025-12-20,44,68,1,8.0,8,8,3,8.465741893621963,8.465741893621963,0.13471252401688716,8969.184795655963,286.32256535739,False,,,0,,,0,8.0,8.465741893621963,1,False,True
valid_2025_12,2025-12-20,45,67,1,9.0,9,9,2,8.133763033964328,8.133763033964328,0.07056140926442112,9252.211470149918,3.2958908634354884,False,,,0,9.0,8.133763033964328,1,,,0,False,True
valid_2025_12,2025-12-20,45,68,3,7.666666666666667,5,10,10,8.183269097400316,8.51479865274609,0.07421594898320787,8969.184795655963,286.32256535739,False,8.0,7.903768906988656,1,10.0,8.131239732466202,1,5.0,8.51479865274609,1,True,True
valid_2025_12,2025-12-20,46,67,2,7.5,5,10,7,8.311792558221438,8.444607267976146,0.09059687221236246,9252.211470149918,3.2958908634354884,False,,,0,5.0,8.17897784846673,1,10.0,8.444607267976146,1,False,True
valid_2025_12,2025-12-20,46,68,3,4.333333333333333,3,6,20,8.228789021052341,8.568283687103115,0.02869602533118254,8969.184795655963,286.32256535739,False,4.0,7.941628829085307,1,6.0,8.176454546968603,1,3.0,8.568283687103115,1,True,True
valid_2025_12,2025-12-20,47,67,3,5.666666666666667,3,7,16,8.19081916840556,8.467364863526551,0.0666658779779657,9252.211470149918,3.2958908634354884,False,7.0,7.906299501462069,1,3.0,8.198793140228055,1,7.0,8.467364863526551,1,True,True
valid_2025_12,2025-12-20,47,68,3,2.6666666666666665,2,4,25,8.248740548479326,8.59104128265352,0.008744497904198548,8969.184795655963,286.32256535739,False,2.0,7.958910524054527,1,4.0,8.196269838729929,1,2.0,8.59104128265352,1,True,True
valid_2025_12,2025-12-20,48,67,3,4.333333333333333,1,6,20,8.198722565810382,8.476777998511881,0.05876248057314252,9252.211470149918,3.2958908634354884,False,6.0,7.915065255690514,1,1.0,8.20432444322875,1,6.0,8.476777998511881,1,True,True
valid_2025_12,2025-12-20,48,68,3,1.3333333333333333,1,2,29,8.256643945884148,8.60045441763885,0.0008411004993753579,8969.184795655963,286.32256535739,False,1.0,7.967676278282973,1,2.0,8.201801141730623,1,1.0,8.60045441763885,1,True,True
valid_2025_12,2025-12-20,49,67,2,8.5,7,10,5,8.027180722270915,8.160474213111193,0.058819638484946424,9252.211470149918,3.2958908634354884,False,10.0,7.893887231430636,1,7.0,8.160474213111193,1,,,0,False,True
valid_2025_12,2025-12-20,49,68,3,5.0,3,8,18,8.213416112653702,8.535799172324946,0.04406893372982168,8969.184795655963,286.32256535739,False,3.0,7.946498254023094,1,8.0,8.157950911613067,1,4.0,8.535799172324946,1,True,True
valid_2025_12,2025-12-20,50,68,2,7.0,5,9,8,8.191014133110068,8.4620385157974,0.09305121485084378,8969.184795655963,286.32256535739,False,5.0,7.919989750422737,1,,,0,9.0,8.4620385157974,1,False,True
valid_2025_12,2025-12-20,51,68,1,9.0,9,9,2,7.898982962441089,7.898982962441089,0.06869331584188387,8969.184795655963,286.32256535739,False,9.0,7.898982962441089,1,,,0,,,0,False,False
valid_2025_12,2025-12-21,44,68,1,6.0,6,6,5,5.832485259631863,5.832485259631863,0.06897721254259537,5987.322977807017,1018.0357879374296,False,6.0,5.832485259631863,1,,,0,,,0,False,False
valid_2025_12,2025-12-21,45,67,2,8.5,8,9,5,6.095341667583261,6.1525743254255865,0.0705291589014001,5923.695741060928,1081.663024683519,False,,,0,8.0,6.038109009740936,1,9.0,6.1525743254255865,1,False,True
valid_2025_12,2025-12-21,45,68,3,4.666666666666667,4,6,19,6.048856118538204,6.2059589944186335,0.0288785898430568,5987.322977807017,1018.0357879374296,False,4.0,5.882615091386832,1,6.0,6.057994269809145,1,4.0,6.2059589944186335,1,True,True
valid_2025_12,2025-12-21,46,67,3,8.0,7,10,9,6.012092219396902,6.170933784074595,0.06564248898435802,5923.695741060928,1081.663024683519,False,10.0,5.8116223390865365,1,7.0,6.053720535029575,1,7.0,6.170933784074595,1,True,True
valid_2025_12,2025-12-21,46,68,3,3.0,3,3,24,6.062805249562537,6.224318453067642,0.014929458818723281,5987.322977807017,1018.0357879374296,False,3.0,5.8904915005221845,1,3.0,6.073605795097784,1,3.0,6.224318453067642,1,True,True
valid_2025_12,2025-12-21,47,67,3,6.666666666666667,5,9,13,6.019874017869589,6.175048242974871,0.057860690511671344,5923.695741060928,1081.663024683519,False,9.0,5.819759989624195,1,5.0,6.0648138210097,1,6.0,6.175048242974871,1,True,True
valid_2025_12,2025-12-21,47,68,3,2.0,2,2,27,6.070587048035224,6.228432911967918,0.007147660346036607,5987.322977807017,1018.0357879374296,False,2.0,5.898629151059843,1,2.0,6.084699081077909,1,2.0,6.228432911967918,1,True,True
valid_2025_12,2025-12-21,48,67,3,5.666666666666667,4,8,16,6.027021678215625,6.188660755974443,0.05071303016563474,5923.695741060928,1081.663024683519,False,8.0,5.82259331073881,1,4.0,6.069810967933623,1,5.0,6.188660755974443,1,True,True
valid_2025_12,2025-12-21,48,68,3,1.0,1,1,30,6.07773470838126,6.24204542496749,0.0,5987.322977807017,1018.0357879374296,False,1.0,5.901462472174458,1,1.0,6.0896962280018325,1,1.0,6.24204542496749,1,True,True
valid_2025_12,2025-12-21,48,69,1,10.0,10,10,1,6.146589533169728,6.146589533169728,0.09545589179776215,6050.950214553106,954.4085511913408,False,,,0,,,0,10.0,6.146589533169728,1,False,True
valid_2025_12,2025-12-21,49,67,1,10.0,10,10,1,5.988264055025324,5.988264055025324,0.10143217297650864,5923.695741060928,1081.663024683519,False,,,0,10.0,5.988264055025324,1,,,0,False,True
valid_2025_12,2025-12-21,49,68,3,7.333333333333333,5,9,11,6.013062972310529,6.170915986568943,0.06467173607073147,5987.322977807017,1018.0357879374296,False,5.0,5.86012361526911,1,9.0,6.008149315093533,1,8.0,6.170915986568943,1,True,True
valid_2025_12,2025-12-21,50,68,1,7.0,7,7,4,5.831442966797237,5.831442966797237,0.07001950537722124,5987.322977807017,1018.0357879374296,False,7.0,5.831442966797237,1,,,0,,,0,False,False
valid_2025_12,2025-12-22,48,68,1,10.0,10,10,1,4.929753992405988,4.929753992405988,0.10515990183135848,1643.2179280334817,3105.139589044494,False,,,0,,,0,10.0,4.929753992405988,1,False,True
valid_2025_12,2025-12-22,48,69,2,6.0,3,9,10,4.4340912591617885,4.991000002204654,0.05258375394217496,2343.117532240466,2405.23998483751,False,9.0,3.877182516118923,1,,,0,3.0,4.991000002204654,1,False,True
valid_2025_12,2025-12-22,48,70,3,5.666666666666667,5,6,16,4.50264143638195,4.959605421341223,0.0615663143897757,2107.696756279935,2640.660760798041,False,5.0,3.89949381729296,1,6.0,4.648825070511666,1,6.0,4.959605421341223,1,True,True
valid_2025_12,2025-12-22,48,71,1,10.0,10,10,1,3.8712926899870137,3.8712926899870137,0.06714344198356637,2922.12538662988,1826.232130448096,False,10.0,3.8712926899870137,1,,,0,,,0,False,False
valid_2025_12,2025-12-22,49,68,1,5.0,5,5,6,4.973667884438681,4.973667884438681,0.06124600979866557,1620.9483951723505,3127.4091219056254,False,,,0,,,0,5.0,4.973667884438681,1,False,True
valid_2025_12,2025-12-22,49,69,3,3.0,1,5,24,4.539498508964024,5.034913894237347,0.024709241807701805,2320.847999379335,2427.509517698641,False,3.0,3.916124830796543,1,5.0,4.667456801858181,1,1.0,5.034913894237347,1,True,True
valid_2025_12,2025-12-22,49,70,3,1.3333333333333333,1,2,29,4.553742890483915,5.003519313373916,0.010464860287810277,2085.427223418804,2662.930293659172,False,1.0,3.93843613197058,1,1.0,4.71927322610725,1,2.0,5.003519313373916,1,True,True
valid_2025_12,2025-12-22,49,71,3,5.333333333333333,3,9,17,4.5061332964393115,4.929848962759925,0.05807445433241387,2899.8558537687486,1848.5016633092275,False,4.0,3.910235004664633,1,3.0,4.678315921893377,1,9.0,4.929848962759925,1,True,True
valid_2025_12,2025-12-22,49,72,1,10.0,10,10,1,4.634789091976407,4.634789091976407,0.08448413413084221,3240.261570360328,1508.0959467176483,False,,,0,10.0,4.634789091976407,1,,,0,False,True
valid_2025_12,2025-12-22,49,73,1,9.0,9,9,2,4.638070625313805,4.638070625313805,0.08120260079344455,3240.261570360328,1508.0959467176483,False,,,0,9.0,4.638070625313805,1,,,0,False,True
valid_2025_12,2025-12-22,49,80,1,4.0,4,4,7,4.676685344702889,4.676685344702889,0.04258788140436032,981.0397311314168,3767.317785946559,False,,,0,4.0,4.676685344702889,1,,,0,False,True
valid_2025_12,2025-12-22,50,69,2,5.0,4,6,12,4.442071735657724,4.988730331268741,0.04460327744623904,2565.3579261090445,2182.9995909689314,False,6.0,3.895413140046708,1,,,0,4.0,4.988730331268741,1,False,True
valid_2025_12,2025-12-22,50,70,3,3.6666666666666665,2,7,22,4.519537559603742,4.95733575040531,0.0446701911679841,2329.9371501485134,2418.4203669294625,False,2.0,3.917724441220745,1,2.0,4.683552487185169,1,7.0,4.95733575040531,1,True,True
valid_2025_12,2025-12-22,50,71,2,7.0,7,7,8,4.266059248443048,4.642595182971297,0.0627954305958669,3144.365780498458,1603.9917365795177,False,7.0,3.889523313914799,1,7.0,4.642595182971297,1,,,0,False,True
valid_2025_12,2025-12-22,50,80,1,8.0,8,8,3,4.640964605780809,4.640964605780809,0.0783086203264407,1225.549657861127,3522.807859216849,False,,,0,8.0,4.640964605780809,1,,,0,False,True
valid_2025_12,2025-12-22,51,69,1,8.0,8,8,3,4.93345377557679,4.93345377557679,0.10146011866055638,3080.7385437523685,1667.6189733256074,False,,,0,,,0,8.0,4.93345377557679,1,False,True
valid_2025_12,2025-12-22,51,70,1,8.0,8,8,3,3.888341798897647,3.888341798897647,0.05009433307293287,2845.317767791838,1903.039749286138,False,8.0,3.888341798897647,1,,,0,,,0,False,False
valid_2025_12,2025-12-23,2,69,1,6.0,6,6,5,10.561839602446524,10.561839602446524,0.03196368954383644,9438.209789967925,996.657036390754,False,,,0,,,0,6.0,10.561839602446524,1,False,True
valid_2025_12,2025-12-23,3,69,1,5.0,5,5,6,10.566378462524044,10.566378462524044,0.02742482946631597,9283.277468491196,1151.5893578674804,False,,,0,,,0,5.0,10.566378462524044,1,False,True
valid_2025_12,2025-12-23,4,69,1,3.0,3,3,8,10.576037749276884,10.576037749276884,0.017765542713476634,9037.95947585481,1396.9073505038668,False,,,0,,,0,3.0,10.576037749276884,1,False,True
valid_2025_12,2025-12-23,5,68,1,9.0,9,9,2,10.54827594381112,10.54827594381112,0.04552734817923998,9343.91422511022,1090.9526012484566,False,,,0,,,0,9.0,10.54827594381112,1,False,True
valid_2025_12,2025-12-23,5,69,1,2.0,2,2,9,10.585697036029725,10.585697036029725,0.008106255960635522,9175.887418311146,1258.9794080475313,False,,,0,,,0,2.0,10.585697036029725,1,False,True
valid_2025_12,2025-12-23,6,68,1,8.0,8,8,3,10.556382199771756,10.556382199771756,0.03742109221860446,9290.1682982308,1144.6985281278776,False,,,0,,,0,8.0,10.556382199771756,1,False,True
valid_2025_12,2025-12-23,6,69,1,1.0,1,1,10,10.59380329199036,10.59380329199036,0.0,9122.141491431725,1312.7253349269522,False,,,0,,,0,1.0,10.59380329199036,1,False,True
valid_2025_12,2025-12-23,7,69,1,4.0,4,4,7,10.572143123964953,10.572143123964953,0.0216601680254076,9059.166433862283,1375.7003924963938,False,,,0,,,0,4.0,10.572143123964953,1,False,True
valid_2025_12,2025-12-23,8,69,1,10.0,10,10,1,10.547538144087408,10.547538144087408,0.04626514790295211,9079.85801125211,1355.0088151065663,False,,,0,,,0,10.0,10.547538144087408,1,False,True
valid_2025_12,2025-12-23,9,69,1,7.0,7,7,4,10.557510289953598,10.557510289953598,0.036293002036762445,9057.429410299115,1377.4374160595617,False,,,0,,,0,7.0,10.557510289953598,1,False,True
valid_2025_12,2025-12-23,10,69,1,7.0,7,7,4,10.39747950405798,10.39747950405798,0.09775603727018378,9062.185546245884,1372.6812801127926,False,7.0,10.39747950405798,1,,,0,,,0,False,False
valid_2025_12,2025-12-23,11,68,1,6.0,6,6,5,10.398171019364923,10.398171019364923,0.09706452196324022,9280.70374676482,1154.163079593858,False,6.0,10.398171019364923,1,,,0,,,0,False,False
valid_2025_12,2025-12-23,11,69,2,5.0,4,6,12,10.688038711738372,10.932267853654178,0.09194708490382286,9112.676939965742,1322.1898863929346,False,4.0,10.443809569822564,1,6.0,10.932267853654178,1,,,0,False,True
valid_2025_12,2025-12-23,12,68,2,6.0,5,7,10,10.682657615712388,10.926705158432586,0.09732818092980544,9256.68446489317,1178.1823614655077,False,5.0,10.43861007299219,1,7.0,10.926705158432586,1,,,0,False,True
valid_2025_12,2025-12-23,12,69,2,2.0,2,2,18,10.754736732259186,11.02522484106854,0.02524906438300878,9088.657658094096,1346.2091682645823,False,2.0,10.48424862344983,1,2.0,11.02522484106854,1,,,0,False,True
valid_2025_12,2025-12-23,12,70,2,7.0,5,9,8,10.658780343862936,10.94297063675286,0.12120545277925832,9120.47127646714,1314.3955498915366,False,9.0,10.374590050973012,1,5.0,10.94297063675286,1,,,0,False,True
valid_2025_12,2025-12-23,13,67,2,10.0,10,10,2,10.6193934390711,10.877056058408291,0.1605923575710939,9252.297366919527,1182.5694594391498,False,10.0,10.361730819733909,1,10.0,10.877056058408291,1,,,0,False,True
valid_2025_12,2025-12-23,13,68,2,3.5,3,4,15,10.7079066800954,10.966216369320271,0.072079116546794,8997.788419935168,1437.0784064235086,False,3.0,10.449596990870528,1,4.0,10.966216369320271,1,,,0,False,True
valid_2025_12,2025-12-23,13,69,2,1.0,1,1,20,10.779985796642194,11.064736051956224,0.0,8829.761613136094,1605.1052132225832,False,1.0,10.495235541328164,1,1.0,11.064736051956224,1,,,0,False,True
valid_2025_12,2025-12-23,13,70,2,5.5,3,8,11,10.684029408245948,10.982481847640546,0.09595638839624687,8861.575231509141,1573.2915948495356,False,8.0,10.385576968851348,1,3.0,10.982481847640546,1,,,0,False,True
valid_2025_12,2025-12-23,13,71,1,8.0,8,8,3,10.89918741935173,10.89918741935173,0.16554863260449437,8702.507139643918,1732.359686714759,False,,,0,8.0,10.89918741935173,1,,,0,False,True
valid_2025_12,2025-12-23,14,69,1,9.0,9,9,2,10.882822039043091,10.882822039043091,0.1819140129131327,8084.308088780746,2350.5587375779305,False,,,0,9.0,10.882822039043091,1,,,0,False,True
valid_2025_12,2025-12-24,44,75,1,10.0,10,10,1,9.803962482461488,9.803962482461488,0.11891362870930067,8022.03611217735,1803.4663051403468,False,,,0,10.0,9.803962482461488,1,,,0,False,True
valid_2025_12,2025-12-24,45,75,2,8.5,8,9,5,9.671251430554008,9.815225809631464,0.08952711192829099,8023.859032510126,1801.6433848075712,False,9.0,9.52727705147655,1,8.0,9.815225809631464,1,,,0,False,True
valid_2025_12,2025-12-24,46,75,2,5.0,5,5,12,9.693217440619751,9.84149851186544,0.06756110186254638,8058.854012720475,1766.648404597222,False,5.0,9.544936369374064,1,5.0,9.84149851186544,1,,,0,False,True
valid_2025_12,2025-12-24,47,75,2,2.0,2,2,18,9.740772763153856,9.898987381515818,0.02000577932844294,8058.854012720475,1766.648404597222,False,2.0,9.582558144791893,1,2.0,9.898987381515818,1,,,0,False,True
valid_2025_12,2025-12-24,47,76,2,9.5,9,10,3,9.663466794135765,9.808292231383367,0.09731174834653444,8249.735722958743,1575.7666943589538,False,10.0,9.51864135688816,1,9.0,9.808292231383367,1,,,0,False,True
valid_2025_12,2025-12-24,47,86,1,10.0,10,10,1,10.276976223026448,10.276976223026448,0.09875138164543351,9749.149733222388,76.35268409530909,False,,,0,,,0,10.0,10.276976223026448,1,False,True
valid_2025_12,2025-12-24,47,87,1,7.0,7,7,4,10.301089341632164,10.301089341632164,0.07463826303971821,9672.797049127084,152.70536819061454,False,,,0,,,0,7.0,10.301089341632164,1,False,True
valid_2025_12,2025-12-24,47,88,1,4.0,4,4,7,10.319559347680626,10.319559347680626,0.05616825699125627,9596.444365031772,229.0580522859236,False,,,0,,,0,4.0,10.319559347680626,1,False,True
valid_2025_12,2025-12-24,48,74,2,7.5,7,8,7,9.673143823735941,9.815465809486104,0.0876347187463562,8154.29486783961,1671.2075494780877,False,8.0,9.53082183798578,1,7.0,9.815465809486104,1,,,0,False,True
valid_2025_12,2025-12-24,48,75,2,1.0,1,1,20,9.7607785424823,9.922876111170789,0.0,8058.854012720475,1766.648404597222,False,1.0,9.598680973793808,1,1.0,9.922876111170789,1,,,0,False,True
valid_2025_12,2025-12-24,48,76,2,6.0,6,6,10,9.683472573464208,9.832180961038338,0.0773059690180915,8249.735722958743,1575.7666943589538,False,6.0,9.534764185890076,1,6.0,9.832180961038338,1,,,0,False,True
valid_2025_12,2025-12-24,48,84,1,8.0,8,8,3,10.298721427689353,10.298721427689353,0.07700617698252898,9747.692669500904,77.80974781679288,False,,,0,,,0,8.0,10.298721427689353,1,False,True
valid_2025_12,2025-12-24,48,85,1,5.0,5,5,6,10.318607178541445,10.318607178541445,0.057120426130436996,9825.502417317695,1.8189894035458565e-12,False,,,0,,,0,5.0,10.318607178541445,1,False,True
valid_2025_12,2025-12-24,48,86,1,3.0,3,3,8,10.333144480017705,10.333144480017705,0.04258312465417724,9749.149733222388,76.35268409530909,False,,,0,,,0,3.0,10.333144480017705,1,False,True
valid_2025_12,2025-12-24,48,87,1,2.0,2,2,9,10.357257598623422,10.357257598623422,0.018470006048460164,9672.797049127084,152.70536819061454,False,,,0,,,0,2.0,10.357257598623422,1,False,True
valid_2025_12,2025-12-24,48,88,1,1.0,1,1,10,10.375727604671882,10.375727604671882,0.0,9596.444365031772,229.0580522859236,False,,,0,,,0,1.0,10.375727604671882,1,False,True
valid_2025_12,2025-12-24,49,75,2,3.0,3,3,16,9.728195649277652,9.878860567628973,0.03258289320464769,8058.854012720475,1766.648404597222,False,3.0,9.577530730926329,1,3.0,9.878860567628973,1,,,0,False,True
valid_2025_12,2025-12-24,49,87,1,9.0,9,9,2,10.287617986255334,10.287617986255334,0.08810961841654752,9672.797049127084,152.70536819061454,False,,,0,,,0,9.0,10.287617986255334,1,False,True
valid_2025_12,2025-12-24,49,88,1,6.0,6,6,5,10.306087992303794,10.306087992303794,0.06963961236808736,9596.444365031772,229.0580522859236,False,,,0,,,0,6.0,10.306087992303794,1,False,True
valid_2025_12,2025-12-24,50,75,2,4.0,4,4,14,9.70009351467716,9.84181209478655,0.06068502780513896,8058.854012720475,1766.648404597222,False,4.0,9.55837493456777,1,4.0,9.84181209478655,1,,,0,False,True
valid_2025_12,2025-12-24,51,75,1,7.0,7,7,4,9.533677295695208,9.533677295695208,0.0650036780986003,8058.854012720475,1766.648404597222,False,7.0,9.533677295695208,1,,,0,,,0,False,False
valid_2025_12,2025-12-25,42,69,2,9.0,8,10,4,11.29759377048771,11.435283670765944,0.043985915950575105,10547.852892010536,547.4773772198878,False,10.0,11.159903870209476,1,8.0,11.435283670765944,1,,,0,False,True
valid_2025_12,2025-12-25,44,69,2,9.0,8,10,4,11.29656163097259,11.43146485851522,0.04501805546569493,10570.31012522007,525.0201440103538,False,8.0,11.16165840342996,1,10.0,11.43146485851522,1,,,0,False,True
valid_2025_12,2025-12-25,45,68,1,10.0,10,10,1,11.30804988417334,11.30804988417334,0.10509865088214099,10562.830743540566,532.4995256898583,False,,,0,,,0,10.0,11.30804988417334,1,False,True
valid_2025_12,2025-12-25,45,69,3,8.0,6,9,9,11.304151594062668,11.432465687365582,0.061284375248014555,10594.644361913612,500.6859073168125,False,6.0,11.169392327563653,1,9.0,11.432465687365582,1,9.0,11.310596767258772,1,True,True
valid_2025_12,2025-12-25,46,68,1,8.0,8,8,3,11.325967504598324,11.325967504598324,0.08718103045715608,10585.40568713808,509.9245820923443,False,,,0,,,0,8.0,11.325967504598324,1,False,True
valid_2025_12,2025-12-25,46,69,3,6.0,5,7,15,11.314936722167685,11.44003913904232,0.05049924714299969,10617.219305511124,478.11096371930034,False,5.0,11.176256639776977,1,6.0,11.44003913904232,1,7.0,11.328514387683756,1,True,True
valid_2025_12,2025-12-25,47,68,3,5.0,4,7,18,11.327317553692325,11.45075467371274,0.038118415618360046,10600.35808777341,494.9721814570148,False,7.0,11.167319784430514,1,4.0,11.45075467371274,1,4.0,11.363878202933716,1,True,True
valid_2025_12,2025-12-25,47,69,3,2.6666666666666665,2,3,25,11.339606875227135,11.46186934282045,0.025829094083547943,10632.171706146455,463.15856308396906,False,2.0,11.190526196841809,1,3.0,11.46186934282045,1,3.0,11.366425086019149,1,True,True
valid_2025_12,2025-12-25,48,68,3,2.6666666666666665,2,4,25,11.353146647775873,11.469290910774,0.012289321534812103,10969.93689241307,125.39337681735378,False,4.0,11.179547380583568,1,2.0,11.469290910774,1,2.0,11.410601651970047,1,True,True
valid_2025_12,2025-12-25,48,69,3,1.0,1,1,30,11.365435969310683,11.480405579881708,0.0,11001.750510786114,93.57975844430985,False,1.0,11.202753792994862,1,1.0,11.480405579881708,1,1.0,11.41314853505548,1,True,True
valid_2025_12,2025-12-25,49,68,3,7.333333333333333,6,9,11,11.314592841458166,11.437760456884211,0.050843127852517135,10992.578644609168,102.75162462125628,False,9.0,11.16062644613309,1,7.0,11.437760456884211,1,6.0,11.345391621357198,1,True,True
valid_2025_12,2025-12-25,49,69,3,4.333333333333333,3,5,20,11.326882162992979,11.448875125991922,0.03855380631770444,11024.39226298221,70.93800624821415,False,3.0,11.183832858544385,1,5.0,11.448875125991922,1,5.0,11.34793850444263,1,True,True
valid_2025_12,2025-12-26,48,67,1,9.0,9,9,2,10.160425514895936,10.160425514895936,0.06068972566219699,4972.646707969779,2373.973560700486,False,,,0,9.0,10.160425514895936,1,,,0,False,True
valid_2025_12,2025-12-26,48,68,2,6.0,5,7,10,10.104660879829174,10.171829852264803,0.04193386869504767,4916.960150369603,2429.660118300661,False,5.0,10.037491907393544,1,7.0,10.171829852264803,1,,,0,False,True
valid_2025_12,2025-12-26,48,69,2,7.0,6,8,8,10.10134877076749,10.170331202893951,0.04524597775673023,4564.21393121112,2782.406337459144,False,6.0,10.032366338641031,1,8.0,10.170331202893951,1,,,0,False,True
valid_2025_12,2025-12-26,48,87,1,9.0,9,9,2,10.225087032275631,10.225087032275631,0.09633892948271239,2835.869123135043,4510.751145535221,False,,,0,,,0,9.0,10.225087032275631,1,False,True
valid_2025_12,2025-12-26,48,88,1,6.0,6,6,5,10.25906607482409,10.25906607482409,0.062359886934252984,3201.802087109153,4144.818181561112,False,,,0,,,0,6.0,10.25906607482409,1,False,True
valid_2025_12,2025-12-26,49,67,2,8.0,6,10,6,10.101292094303993,10.192795987829427,0.04530265422022772,4853.453805373329,2493.166463296936,False,10.0,10.00978820077856,1,6.0,10.192795987829427,1,,,0,False,True
valid_2025_12,2025-12-26,49,68,2,3.5,3,4,15,10.131515298271712,10.204200325198292,0.015079450252510895,4797.767247773153,2548.8530208971115,False,3.0,10.05883027134513,1,4.0,10.204200325198292,1,,,0,False,True
valid_2025_12,2025-12-26,49,69,2,4.5,4,5,13,10.12820318921003,10.20270167582744,0.018391559314191674,4445.02102861467,2901.5992400555942,False,4.0,10.05370470259262,1,5.0,10.20270167582744,1,,,0,False,True
valid_2025_12,2025-12-26,49,86,1,7.0,7,7,4,10.248905520847336,10.248905520847336,0.07252044091100807,2358.7634697563294,4987.856798913936,False,,,0,,,0,7.0,10.248905520847336,1,False,True
valid_2025_12,2025-12-26,49,87,1,4.0,4,4,7,10.27201357763083,10.27201357763083,0.04941238412751403,2716.676220538593,4629.944048131672,False,,,0,,,0,4.0,10.27201357763083,1,False,True
valid_2025_12,2025-12-26,49,88,1,2.0,2,2,9,10.305992620179287,10.305992620179287,0.015433341579056403,3082.6091845127035,4264.011084157561,False,,,0,,,0,2.0,10.305992620179287,1,False,True
valid_2025_12,2025-12-26,50,67,2,5.5,3,8,11,10.1163715445565,10.209710903189263,0.03022320396772038,4479.192036109157,2867.4282325611075,False,8.0,10.02303218592374,1,3.0,10.209710903189263,1,,,0,False,True
valid_2025_12,2025-12-26,50,68,2,1.0,1,1,20,10.146594748524222,10.221115240558133,0.0,4423.5054785089815,2923.114790161283,False,1.0,10.07207425649031,1,1.0,10.221115240558133,1,,,0,False,True
valid_2025_12,2025-12-26,50,69,2,2.0,2,2,18,10.14328263946254,10.21961659118728,0.0033121090616816673,4070.759259350498,3275.8610093197663,False,2.0,10.0669486877378,1,2.0,10.21961659118728,1,,,0,False,True
valid_2025_12,2025-12-26,50,86,1,5.0,5,5,6,10.264338862426392,10.264338862426392,0.05708709933195166,1984.5017004921572,5362.118568178107,False,,,0,,,0,5.0,10.264338862426392,1,False,True
valid_2025_12,2025-12-26,50,87,1,3.0,3,3,8,10.287446919209884,10.287446919209884,0.033979042548459404,2342.414451274421,5004.205817395843,False,,,0,,,0,3.0,10.287446919209884,1,False,True
valid_2025_12,2025-12-26,50,88,1,1.0,1,1,10,10.321425961758344,10.321425961758344,0.0,2708.3474152485314,4638.272853421733,False,,,0,,,0,1.0,10.321425961758344,1,False,True
valid_2025_12,2025-12-26,51,68,2,8.5,7,10,5,10.093066602544958,10.15920450734631,0.053528145979262476,4358.678868350227,2987.941400320037,False,7.0,10.026928697743609,1,10.0,10.15920450734631,1,,,0,False,True
valid_2025_12,2025-12-26,51,69,1,9.0,9,9,2,10.021803128991095,10.021803128991095,0.05027112749921514,4005.932649191745,3340.68761947852,False,9.0,10.021803128991095,1,,,0,,,0,False,False
valid_2025_12,2025-12-26,51,87,1,10.0,10,10,1,10.203765199070787,10.203765199070787,0.11766076268755654,2277.5878411156677,5069.032427554597,False,,,0,,,0,10.0,10.203765199070787,1,False,True
valid_2025_12,2025-12-26,51,88,1,8.0,8,8,3,10.237744241619248,10.237744241619248,0.08368172013909536,2643.5208050897777,4703.099463580487,False,,,0,,,0,8.0,10.237744241619248,1,False,True
valid_2025_12,2025-12-27,48,68,1,7.0,7,7,4,6.070974893205701,6.070974893205701,0.07425084430231266,1691.2405849675931,5720.339911058575,False,,,0,,,0,7.0,6.070974893205701,1,False,True
valid_2025_12,2025-12-27,48,69,1,5.0,5,5,6,6.092904280434965,6.092904280434965,0.052321457073048805,2081.994533996352,5329.585962029816,False,,,0,,,0,5.0,6.092904280434965,1,False,True
valid_2025_12,2025-12-27,49,68,3,2.6666666666666665,2,4,25,6.168930127020296,6.290671306785171,0.013357530452481114,1958.4749793011683,5453.105516725,False,4.0,6.092822723996967,1,2.0,6.290671306785171,1,2.0,6.12329635027875,1,True,True
valid_2025_12,2025-12-27,49,69,3,3.0,1,7,24,6.174541441203165,6.296187322587045,0.007746216269611732,2349.228928329928,5062.351567696241,False,7.0,6.082211263514438,1,1.0,6.296187322587045,1,1.0,6.145225737508014,1,True,True
valid_2025_12,2025-12-27,49,70,2,7.5,6,9,7,6.122228024129978,6.173208943118638,0.09847850591755147,3086.7513176248744,4324.829178401295,False,,,0,9.0,6.173208943118638,1,6.0,6.0712471051413175,1,False,True
valid_2025_12,2025-12-27,50,68,3,3.0,1,4,24,6.157481849723493,6.272728982712245,0.024805807749283797,1990.2885976742127,5421.291898351956,False,1.0,6.105449912323273,1,4.0,6.272728982712245,1,4.0,6.094266654134962,1,True,True
valid_2025_12,2025-12-27,50,69,3,3.0,3,3,24,6.163093163906363,6.278244998514118,0.019194493566414412,2381.0425467029727,5030.537949323196,False,3.0,6.094838451840744,1,3.0,6.278244998514118,1,3.0,6.116196041364226,1,True,True
valid_2025_12,2025-12-27,50,70,1,10.0,10,10,1,6.04221740899753,6.04221740899753,0.1030083285104837,3118.5649359979197,4293.015560028249,False,,,0,,,0,10.0,6.04221740899753,1,False,True
valid_2025_12,2025-12-27,51,68,3,5.666666666666667,2,9,16,6.126455927766112,6.235255636122048,0.05583172970666558,1999.8326831861268,5411.747812840042,False,2.0,6.099040122222419,1,6.0,6.235255636122048,1,9.0,6.045072024953868,1,True,True
valid_2025_12,2025-12-27,51,69,3,6.0,5,8,15,6.132067241948981,6.240771651923922,0.05022041552379589,2390.586632214886,5020.993863811283,False,5.0,6.08842866173989,1,5.0,6.240771651923922,1,8.0,6.067001412183132,1,True,True
valid_2025_12,2025-12-27,52,68,2,7.0,6,8,8,6.142690902845679,6.197782289531851,0.05812771460947985,2001.1911246906557,5410.389371335513,False,6.0,6.087599516159507,1,8.0,6.197782289531851,1,,,0,False,True
valid_2025_12,2025-12-27,52,69,2,7.5,7,8,7,6.140143180505351,6.203298305333725,0.060675436949807704,2391.9450737194147,5019.635422306754,False,8.0,6.076988055676978,1,7.0,6.203298305333725,1,,,0,False,True
valid_2025_12,2025-12-27,53,68,1,9.0,9,9,2,6.068569347787658,6.068569347787658,0.036880564535614724,1991.5865933038333,5419.993902722335,False,9.0,6.068569347787658,1,,,0,,,0,False,False
valid_2025_12,2025-12-27,53,69,2,10.0,10,10,2,6.106633100221316,6.155308313137503,0.09418551723384283,2382.340542332592,5029.239953693576,False,10.0,6.057957887305129,1,10.0,6.155308313137503,1,,,0,False,True
valid_2025_12,2025-12-28,29,85,1,6.0,6,6,5,10.837664077572423,10.837664077572423,0.036483078659808044,9016.736611038154,2872.451602902205,False,,,0,,,0,6.0,10.837664077572423,1,False,True
valid_2025_12,2025-12-28,29,86,1,9.0,9,9,2,10.83391324615666,10.83391324615666,0.04023391007557109,9146.679335282855,2742.5088786575034,False,,,0,,,0,9.0,10.83391324615666,1,False,True
valid_2025_12,2025-12-28,29,87,1,8.0,8,8,3,10.834181946474503,10.834181946474503,0.039965209757728104,8977.220915656995,2911.967298283364,False,,,0,,,0,8.0,10.834181946474503,1,False,True
valid_2025_12,2025-12-28,30,84,1,4.0,4,4,7,10.854021583443725,10.854021583443725,0.020125572788506574,8796.974498040834,3092.2137158995247,False,,,0,,,0,4.0,10.854021583443725,1,False,True
valid_2025_12,2025-12-28,30,85,1,1.0,1,1,10,10.874147156232231,10.874147156232231,0.0,9011.029247902028,2878.1589660383306,False,,,0,,,0,1.0,10.874147156232231,1,False,True
valid_2025_12,2025-12-28,30,86,1,3.0,3,3,8,10.870396324816468,10.870396324816468,0.003750831415763045,9140.97197214673,2748.216241793629,False,,,0,,,0,3.0,10.870396324816468,1,False,True
valid_2025_12,2025-12-28,30,87,1,2.0,2,2,9,10.870665025134311,10.870665025134311,0.0034821310979200604,8971.51355252087,2917.674661419489,False,,,0,,,0,2.0,10.870665025134311,1,False,True
valid_2025_12,2025-12-28,30,88,1,5.0,5,5,6,10.84175252639601,10.84175252639601,0.032394629836220545,8966.111600121129,2923.0766138192303,False,,,0,,,0,5.0,10.84175252639601,1,False,True
valid_2025_12,2025-12-28,31,85,1,7.0,7,7,4,10.835840648166714,10.835840648166714,0.038306508065517164,9004.66652422742,2884.5216897129394,False,,,0,,,0,7.0,10.835840648166714,1,False,True
valid_2025_12,2025-12-28,31,87,1,10.0,10,10,1,10.832358517068792,10.832358517068792,0.041788639163439,8965.150828846261,2924.0373850940978,False,,,0,,,0,10.0,10.832358517068792,1,False,True
valid_2025_12,2025-12-28,42,83,1,7.0,7,7,4,10.22516219029714,10.22516219029714,0.050290227420546785,9178.098464788074,2711.0897491522846,False,,,0,7.0,10.22516219029714,1,,,0,False,True
valid_2025_12,2025-12-28,43,69,1,3.0,3,3,8,9.942303958069877,9.942303958069877,0.007816338321363858,11671.61169652527,217.57651741508928,False,3.0,9.942303958069877,1,,,0,,,0,False,False
valid_2025_12,2025-12-28,43,82,1,8.0,8,8,3,10.224729643554118,10.224729643554118,0.050722774163569184,9267.510639225517,2621.677574714844,False,,,0,8.0,10.224729643554118,1,,,0,False,True
valid_2025_12,2025-12-28,43,83,1,2.0,2,2,9,10.27364356229661,10.27364356229661,0.001808855421078448,9190.823912137292,2698.364301803067,False,,,0,2.0,10.27364356229661,1,,,0,False,True
valid_2025_12,2025-12-28,44,68,1,7.0,7,7,4,9.93516943645346,9.93516943645346,0.014950859937780336,11677.974420199878,211.21379374048047,False,7.0,9.93516943645346,1,,,0,,,0,False,False
valid_2025_12,2025-12-28,44,69,1,2.0,2,2,9,9.948408752767964,9.948408752767964,0.0017115436232764125,11681.155782037184,208.0324319031752,False,2.0,9.948408752767964,1,,,0,,,0,False,False
valid_2025_12,2025-12-28,44,70,1,10.0,10,10,1,9.9295777196593,9.9295777196593,0.020542576731941153,11681.155782037184,208.0324319031752,False,10.0,9.9295777196593,1,,,0,,,0,False,False
valid_2025_12,2025-12-28,44,82,1,6.0,6,6,5,10.226538498975197,10.226538498975197,0.048913918742490736,9277.054724737429,2612.13348920293,False,,,0,6.0,10.226538498975197,1,,,0,False,True
valid_2025_12,2025-12-28,44,83,1,1.0,1,1,10,10.275452417717688,10.275452417717688,0.0,9200.367997649204,2688.820216291155,False,,,0,1.0,10.275452417717688,1,,,0,False,True
valid_2025_12,2025-12-28,45,69,1,5.0,5,5,6,9.938589582799125,9.938589582799125,0.01153071359211566,11690.699867549096,198.4883463912629,False,5.0,9.938589582799125,1,,,0,,,0,False,False
valid_2025_12,2025-12-28,45,83,1,4.0,4,4,7,10.24872161194665,10.24872161194665,0.026730805771038035,9209.912083161118,2679.2761307792407,False,,,0,4.0,10.24872161194665,1,,,0,False,True
valid_2025_12,2025-12-28,46,69,1,9.0,9,9,2,9.93005543809801,9.93005543809801,0.020064858293229904,11700.24395306101,188.9442608793488,False,9.0,9.93005543809801,1,,,0,,,0,False,False
valid_2025_12,2025-12-28,46,83,1,9.0,9,9,2,10.224607919702043,10.224607919702043,0.05084449801564439,9219.456168673032,2669.7320452673266,False,,,0,9.0,10.224607919702043,1,,,0,False,True
valid_2025_12,2025-12-28,47,69,1,4.0,4,4,7,9.941245717960523,9.941245717960523,0.00887457843071715,11709.788038572924,179.4001753674347,False,4.0,9.941245717960523,1,,,0,,,0,False,False
valid_2025_12,2025-12-28,47,83,1,5.0,5,5,6,10.235851030985964,10.235851030985964,0.03960138673172331,9229.000254184944,2660.1879597554143,False,,,0,5.0,10.235851030985964,1,,,0,False,True
valid_2025_12,2025-12-28,48,68,1,6.0,6,6,5,9.936880980076737,9.936880980076737,0.013239316314503924,11710.592923117762,178.59529082259724,False,6.0,9.936880980076737,1,,,0,,,0,False,False
valid_2025_12,2025-12-28,48,69,1,1.0,1,1,10,9.95012029639124,9.95012029639124,0.0,11713.774284955069,175.41392898529193,False,1.0,9.95012029639124,1,,,0,,,0,False,False
valid_2025_12,2025-12-28,48,70,1,8.0,8,8,3,9.931289263282576,9.931289263282576,0.01883103310866474,11713.774284955069,175.41392898529193,False,8.0,9.931289263282576,1,,,0,,,0,False,False
valid_2025_12,2025-12-28,48,83,1,3.0,3,3,8,10.252050132299187,10.252050132299187,0.023402285418500313,9232.986500567087,2656.201713373272,False,,,0,3.0,10.252050132299187,1,,,0,False,True
valid_2025_12,2025-12-28,49,83,1,10.0,10,10,1,10.209819283260256,10.209819283260256,0.06563313445743191,9232.986500567087,2656.201713373272,False,,,0,10.0,10.209819283260256,1,,,0,False,True
valid_2025_12,2025-12-29,47,83,1,7.0,7,7,4,13.540534039564612,13.540534039564612,0.0964648516820219,10573.822348688456,1814.4006457751475,False,,,0,,,0,7.0,13.540534039564612,1,False,True
valid_2025_12,2025-12-29,48,83,2,7.0,5,9,8,13.430943185527514,13.568686870505353,0.11220948772295625,10809.551716747204,1578.6712777163991,False,,,0,9.0,13.293199500549676,1,5.0,13.568686870505353,1,False,True
valid_2025_12,2025-12-29,49,83,3,6.333333333333333,4,9,14,13.111780388370077,13.601649141235583,0.06703673112664828,10809.551716747204,1578.6712777163991,False,9.0,12.39578309299629,1,6.0,13.337908930878356,1,4.0,13.601649141235583,1,True,True
valid_2025_12,2025-12-29,50,83,3,3.3333333333333335,2,4,23,13.143416183088021,13.625627240842284,0.03540093640870268,10851.602957512696,1536.620036950908,False,4.0,12.422002947214745,1,4.0,13.382618361207037,1,2.0,13.625627240842284,1,True,True
valid_2025_12,2025-12-29,50,84,2,9.5,9,10,3,12.957126121180416,13.526269232927682,0.08644633043751782,10883.41657588574,1504.806418577864,False,10.0,12.38798300943315,1,,,0,9.0,13.526269232927682,1,False,True
valid_2025_12,2025-12-29,51,83,3,2.3333333333333335,1,3,26,13.16108208652462,13.636998891246634,0.01773503297210451,10851.851103736006,1536.371890727598,False,3.0,12.437620380433778,1,3.0,13.408626987893449,1,1.0,13.636998891246634,1,True,True
valid_2025_12,2025-12-29,51,84,3,7.666666666666667,7,8,10,13.079553078916675,13.537640883332031,0.09926404058004994,10883.66472210905,1504.558272354554,False,7.0,12.403600442652184,1,8.0,13.297417910765809,1,8.0,13.537640883332031,1,True,True
valid_2025_12,2025-12-29,52,83,3,2.0,1,3,27,13.164452128606177,13.607506358409792,0.014364990890548768,10856.397269801511,1531.8257246620906,False,1.0,12.450146011989233,1,2.0,13.435704015419503,1,3.0,13.607506358409792,1,True,True
valid_2025_12,2025-12-29,52,84,3,7.333333333333333,5,10,11,13.082923120998231,13.50814835049519,0.0958939984984936,10888.210888174555,1500.0121062890466,False,5.0,12.41612607420764,1,7.0,13.324494938291863,1,10.0,13.50814835049519,1,True,True
valid_2025_12,2025-12-29,52,85,1,8.0,8,8,3,12.396000019558912,12.396000019558912,0.054145992430321144,10983.65174329369,1404.571251169913,False,8.0,12.396000019558912,1,,,0,,,0,False,False
valid_2025_12,2025-12-29,53,83,3,3.0,1,6,24,13.151192215226617,13.566275438155444,0.027624904270107702,10854.580712192412,1533.642282271192,False,2.0,12.4379947522701,1,1.0,13.449306455254307,1,6.0,13.566275438155444,1,True,True
valid_2025_12,2025-12-29,53,84,2,5.5,5,6,11,12.871036096307588,13.338097378126667,0.07869013731418217,10886.394330565456,1501.828663898148,False,6.0,12.403974814488508,1,5.0,13.338097378126667,1,,,0,False,True
valid_2025_12,2025-12-29,53,85,1,10.0,10,10,1,13.281383526735006,13.281383526735006,0.16792292851930135,10981.835185684591,1406.3878087790126,False,,,0,10.0,13.281383526735006,1,,,0,False,True
valid_2025_12,2025-12-30,48,68,1,9.0,9,9,2,12.888496175578709,12.888496175578709,0.2622897889135629,7094.436897188972,24464.67252887137,False,,,0,,,0,9.0,12.888496175578709,1,False,True
valid_2025_12,2025-12-30,49,67,1,8.0,8,8,3,12.903965022464805,12.903965022464805,0.24682094202746718,8780.558670960343,22778.550755100005,False,,,0,,,0,8.0,12.903965022464805,1,False,True
valid_2025_12,2025-12-30,49,68,1,3.0,3,3,8,13.046743359305864,13.046743359305864,0.1040426051864074,7348.9458441733295,24210.163581887016,False,,,0,,,0,3.0,13.046743359305864,1,False,True
valid_2025_12,2025-12-30,50,67,3,7.0,4,9,12,12.360704830966432,13.00800762765121,0.1678485663677621,9098.694854690792,22460.414571369554,False,9.0,11.735031954942002,1,8.0,12.33907491030608,1,4.0,13.00800762765121,1,True,True
valid_2025_12,2025-12-30,50,68,3,2.3333333333333335,1,3,26,12.492536455139566,13.150785964492272,0.03601694219462518,7667.082027903777,23892.02739815657,False,3.0,11.84859811255329,1,3.0,12.47822528837314,1,1.0,13.150785964492272,1,True,True
valid_2025_12,2025-12-30,50,69,3,8.0,6,10,9,12.339773262164542,12.97498705488124,0.18878013516965098,7603.454791157691,23955.65463490265,False,8.0,11.747472673451597,1,10.0,12.296860058160789,1,6.0,12.97498705488124,1,True,True
valid_2025_12,2025-12-30,51,67,3,4.666666666666667,4,5,19,12.393089748694564,12.997111554251733,0.1354636486396276,8812.372289333387,22746.73713672696,False,5.0,11.782150862227354,1,4.0,12.400006829604608,1,5.0,12.997111554251733,1,True,True
valid_2025_12,2025-12-30,51,68,3,1.3333333333333333,1,2,29,12.5249213728677,13.139889891092793,0.003632024466493059,7380.759462546374,24178.34996351397,False,1.0,11.895717019838642,1,1.0,12.539157207671664,1,2.0,13.139889891092793,1,True,True
valid_2025_12,2025-12-30,51,69,3,5.666666666666667,4,7,16,12.372158179892674,12.96409098148176,0.15639521744151827,7317.132225800287,24241.97720026006,False,4.0,11.794591580736949,1,6.0,12.357791977459314,1,7.0,12.96409098148176,1,True,True
valid_2025_12,2025-12-30,51,70,1,10.0,10,10,1,11.696030463482757,11.696030463482757,0.1996865563558856,3594.938876154054,27964.17054990629,False,10.0,11.696030463482757,1,,,0,,,0,False,False
valid_2025_12,2025-12-30,52,67,2,6.0,5,7,10,12.072076408913752,12.38179925898298,0.1453607048414014,8748.745052587297,22810.36437347305,False,7.0,11.762353558844524,1,5.0,12.38179925898298,1,,,0,False,True
valid_2025_12,2025-12-30,52,68,3,4.666666666666667,2,10,19,12.425142069392285,12.878556854671004,0.10341132794190895,7317.132225800284,24241.977200260066,False,2.0,11.875919716455812,1,2.0,12.520949637050036,1,10.0,12.878556854671004,1,True,True
valid_2025_12,2025-12-30,52,69,2,6.5,6,7,9,12.057189342095903,12.339584406837687,0.1602477716592503,7253.504989054198,24305.60443700615,False,6.0,11.774794277354118,1,7.0,12.339584406837687,1,,,0,False,True
valid_2025_12,2025-12-30,53,68,1,9.0,9,9,2,12.299097637150028,12.299097637150028,0.24005957052163573,6998.996042069837,24560.11338399051,False,,,0,9.0,12.299097637150028,1,,,0,False,True
valid_2025_12,2025-12-31,49,66,2,8.5,8,9,5,6.399726967746005,6.577712686184839,0.22292826787052178,3244.9890740505616,19331.11253917076,False,,,0,9.0,6.577712686184839,1,8.0,6.221741249307172,1,False,True
valid_2025_12,2025-12-31,50,66,2,6.5,6,7,9,6.491152590548978,6.668395878196478,0.13150264506754894,3244.9890740505616,19331.11253917076,False,,,0,6.0,6.668395878196478,1,7.0,6.313909302901479,1,False,True
valid_2025_12,2025-12-31,51,66,2,5.0,4,6,12,6.528382887863081,6.712233380433958,0.09427234775344573,3054.1073638122925,19521.99424940903,False,,,0,4.0,6.712233380433958,1,6.0,6.344532395292205,1,False,True
valid_2025_12,2025-12-31,52,66,3,6.0,3,10,15,6.721003449601061,7.079983871034415,0.10533422658950513,2672.343943335754,19903.757669885566,False,10.0,7.079983871034415,1,3.0,6.723051986331868,1,5.0,6.359974491436901,1,True,True
valid_2025_12,2025-12-31,52,67,1,10.0,10,10,1,6.560992796478431,6.560992796478431,0.22442481906659761,2926.852890320109,19649.24872290121,False,,,0,10.0,6.560992796478431,1,,,0,False,True
valid_2025_12,2025-12-31,53,66,3,3.6666666666666665,2,6,22,6.777140471470555,7.155994588698093,0.0491972047200114,2608.716706589668,19967.38490663165,False,6.0,7.155994588698093,1,2.0,6.769508194684676,1,3.0,6.4059186310288965,1,True,True
valid_2025_12,2025-12-31,53,67,2,8.0,8,8,6,6.856416487331636,7.105383969832033,0.15314359911020103,2863.2256535740235,19712.875959647296,False,8.0,7.105383969832033,1,8.0,6.607449004831238,1,,,0,False,True
valid_2025_12,2025-12-31,53,68,1,9.0,9,9,2,7.088894564956533,7.088894564956533,0.14480799238211173,2863.225653574026,19712.87595964729,False,9.0,7.088894564956533,1,,,0,,,0,False,False
valid_2025_12,2025-12-31,54,66,3,1.3333333333333333,1,2,29,6.811189168372498,7.233702557338645,0.015148507818068424,2799.5984168279338,19776.503196393387,False,1.0,7.233702557338645,1,1.0,6.785417615545029,1,2.0,6.41444733223382,1,True,True
valid_2025_12,2025-12-31,54,67,3,6.666666666666667,3,10,13,6.651121875853519,7.183091938472586,0.17521580033704698,3054.107363812289,19521.99424940903,False,3.0,7.183091938472586,1,7.0,6.623358425691592,1,10.0,6.14691526339638,1,True,True
valid_2025_12,2025-12-31,54,68,1,4.0,4,4,7,7.166602533597086,7.166602533597086,0.06710002374155888,3054.1073638122925,19521.99424940903,False,4.0,7.166602533597086,1,,,0,,,0,False,False
valid_2025_12,2025-12-31,55,66,3,2.6666666666666665,1,5,25,6.794133361134797,7.215587784157535,0.03220431505576885,2735.9711800818477,19840.13043313947,False,2.0,7.215587784157535,1,5.0,6.706919443558832,1,1.0,6.459892855688025,1,True,True
valid_2025_12,2025-12-31,55,67,2,7.0,5,9,8,6.67866897607103,7.164977165291475,0.1681287304423047,2990.480127066203,19585.62148615512,False,5.0,7.164977165291475,1,,,0,9.0,6.192360786850585,1,False,True
valid_2025_12,2025-12-31,55,68,1,7.0,7,7,4,7.148487760415975,7.148487760415975,0.08521479692266976,2990.4801270662065,19585.621486155116,False,7.0,7.148487760415975,1,,,0,,,0,False,False
valid_2025_12,2025-12-31,56,66,1,4.0,4,4,7,6.399389046158191,6.399389046158191,0.06050380952983403,2672.343943335754,19903.757669885566,False,,,0,,,0,4.0,6.399389046158191,1,False,True
