model,fold,date,candidate_rank,charge_start,discharge_start,predicted_spread,true_profit,regret_vs_oracle,is_oracle_pair,top1_predicted_spread,top1_charge_start,top1_discharge_start,predicted_spread_delta_from_top1,charge_delta_from_top1,discharge_delta_from_top1,same_charge_as_top1,same_discharge_as_top1,month,dayofweek,is_weekend,load_mean,load_std,load_range,net_load_mean,net_load_std,net_load_range,renewable_ratio_mean,renewable_ratio_std,renewable_ratio_max,wind_ratio_mean,wind_ratio_std,solar_ratio_mean,solar_ratio_max,tie_line_ratio_mean,non_market_ratio_mean,spread_std,charge_start_std,discharge_start_std,champion_segmented6_charge_diff,champion_segmented6_discharge_diff,champion_margin_charge_diff,champion_margin_discharge_diff,champion_top1_top2_gap,champion_top1_top5_mean_gap,champion_top5_spread_std,target_true_profit
ens_champion_segmented6,valid_2025_09,2025-09-01,1,56,71,7.322942231130703,6227.515796523505,1445.531284825208,False,7.322942231130703,56,71,0.0,0,0,1,1,9,0,0,2.8901042693277943,0.079214038584734,0.251502984865108,1.2197124736911027,0.510366277023003,1.5045240544461622,0.5636769744259977,0.1827479259993391,0.8835855165751622,0.3692958349043782,0.0694652398015865,0.1943811395216195,0.5887723839717673,0.0550641066144088,0.2148766054375044,0.4283231460720033,1.7320508075688772,0.0,0,0,3,0,0.046001062259311,0.0679474985177845,0.0406737889738069,6227.515796523505
ens_champion_segmented6,valid_2025_09,2025-09-01,2,57,71,7.276941168871392,5495.802573943476,2177.2445074052366,False,7.322942231130703,56,71,0.046001062259311,1,0,0,1,9,0,0,2.8901042693277943,0.079214038584734,0.251502984865108,1.2197124736911027,0.510366277023003,1.5045240544461622,0.5636769744259977,0.1827479259993391,0.8835855165751622,0.3692958349043782,0.0694652398015865,0.1943811395216195,0.5887723839717673,0.0550641066144088,0.2148766054375044,0.4283231460720033,1.7320508075688772,0.0,0,0,3,0,0.046001062259311,0.0679474985177845,0.0406737889738069,5495.802573943476
ens_champion_segmented6,valid_2025_09,2025-09-01,3,56,72,7.234518384261335,5829.845566860446,1843.201514488267,False,7.322942231130703,56,71,0.0884238468693681,0,1,1,0,9,0,0,2.8901042693277943,0.079214038584734,0.251502984865108,1.2197124736911027,0.510366277023003,1.5045240544461622,0.5636769744259977,0.1827479259993391,0.8835855165751622,0.3692958349043782,0.0694652398015865,0.1943811395216195,0.5887723839717673,0.0550641066144088,0.2148766054375044,0.4283231460720033,1.7320508075688772,0.0,0,0,3,0,0.046001062259311,0.0679474985177845,0.0406737889738069,5829.845566860446
ens_champion_segmented6,valid_2025_09,2025-09-01,4,55,71,7.233412161892758,6959.229019103534,713.8180622451791,False,7.322942231130703,56,71,0.08953006923794504,1,0,0,1,9,0,0,2.8901042693277943,0.079214038584734,0.251502984865108,1.2197124736911027,0.510366277023003,1.5045240544461622,0.5636769744259977,0.1827479259993391,0.8835855165751622,0.3692958349043782,0.0694652398015865,0.1943811395216195,0.5887723839717673,0.0550641066144088,0.2148766054375044,0.4283231460720033,1.7320508075688772,0.0,0,0,3,0,0.046001062259311,0.0679474985177845,0.0406737889738069,6959.229019103534
ens_champion_segmented6,valid_2025_09,2025-09-01,5,58,71,7.207159716908404,4668.648496244313,3004.3985851044,False,7.322942231130703,56,71,0.11578251422229968,2,0,0,1,9,0,0,2.8901042693277943,0.079214038584734,0.251502984865108,1.2197124736911027,0.510366277023003,1.5045240544461622,0.5636769744259977,0.1827479259993391,0.8835855165751622,0.3692958349043782,0.0694652398015865,0.1943811395216195,0.5887723839717673,0.0550641066144088,0.2148766054375044,0.4283231460720033,1.7320508075688772,0.0,0,0,3,0,0.046001062259311,0.0679474985177845,0.0406737889738069,4668.648496244313
ens_champion_segmented6,valid_2025_09,2025-09-01,6,57,72,7.188517322002024,5098.132344280417,2574.914737068296,False,7.322942231130703,56,71,0.1344249091286791,1,1,0,0,9,0,0,2.8901042693277943,0.079214038584734,0.251502984865108,1.2197124736911027,0.510366277023003,1.5045240544461622,0.5636769744259977,0.1827479259993391,0.8835855165751622,0.3692958349043782,0.0694652398015865,0.1943811395216195,0.5887723839717673,0.0550641066144088,0.2148766054375044,0.4283231460720033,1.7320508075688772,0.0,0,0,3,0,0.046001062259311,0.0679474985177845,0.0406737889738069,5098.132344280417
ens_champion_segmented6,valid_2025_09,2025-09-01,7,55,72,7.14498831502339,6561.558789440474,1111.4882919082384,False,7.322942231130703,56,71,0.17795391610731315,1,1,0,0,9,0,0,2.8901042693277943,0.079214038584734,0.251502984865108,1.2197124736911027,0.510366277023003,1.5045240544461622,0.5636769744259977,0.1827479259993391,0.8835855165751622,0.3692958349043782,0.0694652398015865,0.1943811395216195,0.5887723839717673,0.0550641066144088,0.2148766054375044,0.4283231460720033,1.7320508075688772,0.0,0,0,3,0,0.046001062259311,0.0679474985177845,0.0406737889738069,6561.558789440474
ens_champion_segmented6,valid_2025_09,2025-09-01,8,54,71,7.139904868128664,7460.293508478987,212.75357286972576,False,7.322942231130703,56,71,0.18303736300203965,2,0,0,1,9,0,0,2.8901042693277943,0.079214038584734,0.251502984865108,1.2197124736911027,0.510366277023003,1.5045240544461622,0.5636769744259977,0.1827479259993391,0.8835855165751622,0.3692958349043782,0.0694652398015865,0.1943811395216195,0.5887723839717673,0.0550641066144088,0.2148766054375044,0.4283231460720033,1.7320508075688772,0.0,0,0,3,0,0.046001062259311,0.0679474985177845,0.0406737889738069,7460.293508478987
ens_champion_segmented6,valid_2025_09,2025-09-01,9,58,72,7.118735870039036,4270.978266581255,3402.068814767458,False,7.322942231130703,56,71,0.2042063610916669,2,1,0,0,9,0,0,2.8901042693277943,0.079214038584734,0.251502984865108,1.2197124736911027,0.510366277023003,1.5045240544461622,0.5636769744259977,0.1827479259993391,0.8835855165751622,0.3692958349043782,0.0694652398015865,0.1943811395216195,0.5887723839717673,0.0550641066144088,0.2148766054375044,0.4283231460720033,1.7320508075688772,0.0,0,0,3,0,0.046001062259311,0.0679474985177845,0.0406737889738069,4270.978266581255
ens_champion_segmented6,valid_2025_09,2025-09-01,10,59,71,7.108692092798624,3746.053563426016,3926.993517922697,False,7.322942231130703,56,71,0.21425013833207895,3,0,0,1,9,0,0,2.8901042693277943,0.079214038584734,0.251502984865108,1.2197124736911027,0.510366277023003,1.5045240544461622,0.5636769744259977,0.1827479259993391,0.8835855165751622,0.3692958349043782,0.0694652398015865,0.1943811395216195,0.5887723839717673,0.0550641066144088,0.2148766054375044,0.4283231460720033,1.7320508075688772,0.0,0,0,3,0,0.046001062259311,0.0679474985177845,0.0406737889738069,3746.053563426016
ens_champion_segmented6,valid_2025_09,2025-09-02,1,29,78,6.390129718025938,5462.449176441176,1860.8358031524567,False,6.390129718025938,29,78,0.0,0,0,1,1,9,1,0,2.877549092187885,0.0664043860271433,0.217700893934349,1.0550693716187909,0.4949146743598973,1.5673131915705316,0.6224236955016961,0.1706257261220271,0.9069189147143616,0.5050537090523711,0.0757476338630174,0.1173699864493249,0.3644511101280038,0.0553920426092388,0.2196340144716038,0.2808353481130701,18.24828759089466,1.5275252316519468,3,3,33,1,0.0079910951706807,0.0070668616509061,0.0035916904414213,5462.449176441176
ens_champion_segmented6,valid_2025_09,2025-09-02,2,32,78,6.3821386228552575,5462.449176441176,1860.8358031524567,False,6.390129718025938,29,78,0.007991095170680751,3,0,0,1,9,1,0,2.877549092187885,0.0664043860271433,0.217700893934349,1.0550693716187909,0.4949146743598973,1.5673131915705316,0.6224236955016961,0.1706257261220271,0.9069189147143616,0.5050537090523711,0.0757476338630174,0.1173699864493249,0.3644511101280038,0.0553920426092388,0.2196340144716038,0.2808353481130701,18.24828759089466,1.5275252316519468,3,3,33,1,0.0079910951706807,0.0070668616509061,0.0035916904414213,5462.449176441176
ens_champion_segmented6,valid_2025_09,2025-09-02,3,28,78,6.381857759703573,5462.449176441176,1860.8358031524567,False,6.390129718025938,29,78,0.008271958322365158,1,0,0,1,9,1,0,2.877549092187885,0.0664043860271433,0.217700893934349,1.0550693716187909,0.4949146743598973,1.5673131915705316,0.6224236955016961,0.1706257261220271,0.9069189147143616,0.5050537090523711,0.0757476338630174,0.1173699864493249,0.3644511101280038,0.0553920426092388,0.2196340144716038,0.2808353481130701,18.24828759089466,1.5275252316519468,3,3,33,1,0.0079910951706807,0.0070668616509061,0.0035916904414213,5462.449176441176
ens_champion_segmented6,valid_2025_09,2025-09-02,4,29,79,6.380773803607545,6350.049129049124,973.235850544509,False,6.390129718025938,29,78,0.009355914418392786,0,1,1,0,9,1,0,2.877549092187885,0.0664043860271433,0.217700893934349,1.0550693716187909,0.4949146743598973,1.5673131915705316,0.6224236955016961,0.1706257261220271,0.9069189147143616,0.5050537090523711,0.0757476338630174,0.1173699864493249,0.3644511101280038,0.0553920426092388,0.2196340144716038,0.2808353481130701,18.24828759089466,1.5275252316519468,3,3,33,1,0.0079910951706807,0.0070668616509061,0.0035916904414213,6350.049129049124
ens_champion_segmented6,valid_2025_09,2025-09-02,5,31,78,6.380414377682846,5462.449176441176,1860.8358031524567,False,6.390129718025938,29,78,0.009715340343092294,2,0,0,1,9,1,0,2.877549092187885,0.0664043860271433,0.217700893934349,1.0550693716187909,0.4949146743598973,1.5673131915705316,0.6224236955016961,0.1706257261220271,0.9069189147143616,0.5050537090523711,0.0757476338630174,0.1173699864493249,0.3644511101280038,0.0553920426092388,0.2196340144716038,0.2808353481130701,18.24828759089466,1.5275252316519468,3,3,33,1,0.0079910951706807,0.0070668616509061,0.0035916904414213,5462.449176441176
ens_champion_segmented6,valid_2025_09,2025-09-02,6,30,78,6.37994494780446,5462.449176441176,1860.8358031524567,False,6.390129718025938,29,78,0.010184770221478345,1,0,0,1,9,1,0,2.877549092187885,0.0664043860271433,0.217700893934349,1.0550693716187909,0.4949146743598973,1.5673131915705316,0.6224236955016961,0.1706257261220271,0.9069189147143616,0.5050537090523711,0.0757476338630174,0.1173699864493249,0.3644511101280038,0.0553920426092388,0.2196340144716038,0.2808353481130701,18.24828759089466,1.5275252316519468,3,3,33,1,0.0079910951706807,0.0070668616509061,0.0035916904414213,5462.449176441176
ens_champion_segmented6,valid_2025_09,2025-09-02,7,32,79,6.372782708436865,6350.049129049124,973.235850544509,False,6.390129718025938,29,78,0.017347009589073537,3,1,0,0,9,1,0,2.877549092187885,0.0664043860271433,0.217700893934349,1.0550693716187909,0.4949146743598973,1.5673131915705316,0.6224236955016961,0.1706257261220271,0.9069189147143616,0.5050537090523711,0.0757476338630174,0.1173699864493249,0.3644511101280038,0.0553920426092388,0.2196340144716038,0.2808353481130701,18.24828759089466,1.5275252316519468,3,3,33,1,0.0079910951706807,0.0070668616509061,0.0035916904414213,6350.049129049124
ens_champion_segmented6,valid_2025_09,2025-09-02,8,28,79,6.37250184528518,6350.049129049124,973.235850544509,False,6.390129718025938,29,78,0.017627872740757944,1,1,0,0,9,1,0,2.877549092187885,0.0664043860271433,0.217700893934349,1.0550693716187909,0.4949146743598973,1.5673131915705316,0.6224236955016961,0.1706257261220271,0.9069189147143616,0.5050537090523711,0.0757476338630174,0.1173699864493249,0.3644511101280038,0.0553920426092388,0.2196340144716038,0.2808353481130701,18.24828759089466,1.5275252316519468,3,3,33,1,0.0079910951706807,0.0070668616509061,0.0035916904414213,6350.049129049124
ens_champion_segmented6,valid_2025_09,2025-09-02,9,31,79,6.371058463264453,6350.049129049124,973.235850544509,False,6.390129718025938,29,78,0.01907125476148508,2,1,0,0,9,1,0,2.877549092187885,0.0664043860271433,0.217700893934349,1.0550693716187909,0.4949146743598973,1.5673131915705316,0.6224236955016961,0.1706257261220271,0.9069189147143616,0.5050537090523711,0.0757476338630174,0.1173699864493249,0.3644511101280038,0.0553920426092388,0.2196340144716038,0.2808353481130701,18.24828759089466,1.5275252316519468,3,3,33,1,0.0079910951706807,0.0070668616509061,0.0035916904414213,6350.049129049124
ens_champion_segmented6,valid_2025_09,2025-09-02,10,30,79,6.370589033386067,6350.049129049124,973.235850544509,False,6.390129718025938,29,78,0.01954068463987113,1,1,0,0,9,1,0,2.877549092187885,0.0664043860271433,0.217700893934349,1.0550693716187909,0.4949146743598973,1.5673131915705316,0.6224236955016961,0.1706257261220271,0.9069189147143616,0.5050537090523711,0.0757476338630174,0.1173699864493249,0.3644511101280038,0.0553920426092388,0.2196340144716038,0.2808353481130701,18.24828759089466,1.5275252316519468,3,3,33,1,0.0079910951706807,0.0070668616509061,0.0035916904414213,6350.049129049124
ens_champion_segmented6,valid_2025_09,2025-09-03,1,54,68,9.401923677889885,5775.180226410042,3117.734600558393,False,9.401923677889885,54,68,0.0,0,0,1,1,9,2,0,2.863079179126931,0.0643389277194564,0.2356749103359128,1.5806150580094738,0.517042002486019,1.615549897389835,0.4376494722387784,0.1779195736734272,0.7637417597143777,0.2521165342822673,0.0673889451733935,0.185532937956511,0.5672059906702677,0.0556800444966254,0.2023940736198037,0.2965271494064948,0.5773502691896258,0.5773502691896257,0,0,1,1,0.0157339393804463,0.0278726614454889,0.02343425338889,5775.180226410042
ens_champion_segmented6,valid_2025_09,2025-09-03,2,54,69,9.386189738509437,5806.993844783087,3085.9209821853483,False,9.401923677889885,54,68,0.015733939380448092,0,1,1,0,9,2,0,2.863079179126931,0.0643389277194564,0.2356749103359128,1.5806150580094738,0.517042002486019,1.615549897389835,0.4376494722387784,0.1779195736734272,0.7637417597143777,0.2521165342822673,0.0673889451733935,0.185532937956511,0.5672059906702677,0.0556800444966254,0.2023940736198037,0.2965271494064948,0.5773502691896258,0.5773502691896257,0,0,1,1,0.0157339393804463,0.0278726614454889,0.02343425338889,5806.993844783087
ens_champion_segmented6,valid_2025_09,2025-09-03,3,53,68,9.382510275424991,6411.452593870937,2481.462233097499,False,9.401923677889885,54,68,0.019413402464893537,1,0,0,1,9,2,0,2.863079179126931,0.0643389277194564,0.2356749103359128,1.5806150580094738,0.517042002486019,1.615549897389835,0.4376494722387784,0.1779195736734272,0.7637417597143777,0.2521165342822673,0.0673889451733935,0.185532937956511,0.5672059906702677,0.0556800444966254,0.2023940736198037,0.2965271494064948,0.5773502691896258,0.5773502691896257,0,0,1,1,0.0157339393804463,0.0278726614454889,0.02343425338889,6411.452593870937
ens_champion_segmented6,valid_2025_09,2025-09-03,4,53,69,9.366776336044545,6443.2662122439815,2449.648614724454,False,9.401923677889885,54,68,0.03514734184533985,1,1,0,0,9,2,0,2.863079179126931,0.0643389277194564,0.2356749103359128,1.5806150580094738,0.517042002486019,1.615549897389835,0.4376494722387784,0.1779195736734272,0.7637417597143777,0.2521165342822673,0.0673889451733935,0.185532937956511,0.5672059906702677,0.0556800444966254,0.2023940736198037,0.2965271494064948,0.5773502691896258,0.5773502691896257,0,0,1,1,0.0157339393804463,0.0278726614454889,0.02343425338889,6443.2662122439815
ens_champion_segmented6,valid_2025_09,2025-09-03,5,52,68,9.33285505435312,7174.97943482401,1717.9353921444254,False,9.401923677889885,54,68,0.06906862353676502,2,0,0,1,9,2,0,2.863079179126931,0.0643389277194564,0.2356749103359128,1.5806150580094738,0.517042002486019,1.615549897389835,0.4376494722387784,0.1779195736734272,0.7637417597143777,0.2521165342822673,0.0673889451733935,0.185532937956511,0.5672059906702677,0.0556800444966254,0.2023940736198037,0.2965271494064948,0.5773502691896258,0.5773502691896257,0,0,1,1,0.0157339393804463,0.0278726614454889,0.02343425338889,7174.97943482401
ens_champion_segmented6,valid_2025_09,2025-09-03,6,55,68,9.324457422325152,5138.907858949148,3754.0069680192873,False,9.401923677889885,54,68,0.07746625556473319,1,0,0,1,9,2,0,2.863079179126931,0.0643389277194564,0.2356749103359128,1.5806150580094738,0.517042002486019,1.615549897389835,0.4376494722387784,0.1779195736734272,0.7637417597143777,0.2521165342822673,0.0673889451733935,0.185532937956511,0.5672059906702677,0.0556800444966254,0.2023940736198037,0.2965271494064948,0.5773502691896258,0.5773502691896257,0,0,1,1,0.0157339393804463,0.0278726614454889,0.02343425338889,5138.907858949148
ens_champion_segmented6,valid_2025_09,2025-09-03,7,52,69,9.317121114972675,7206.793053197055,1686.1217737713805,False,9.401923677889885,54,68,0.08480256291720956,2,1,0,0,9,2,0,2.863079179126931,0.0643389277194564,0.2356749103359128,1.5806150580094738,0.517042002486019,1.615549897389835,0.4376494722387784,0.1779195736734272,0.7637417597143777,0.2521165342822673,0.0673889451733935,0.185532937956511,0.5672059906702677,0.0556800444966254,0.2023940736198037,0.2965271494064948,0.5773502691896258,0.5773502691896257,0,0,1,1,0.0157339393804463,0.0278726614454889,0.02343425338889,7206.793053197055
ens_champion_segmented6,valid_2025_09,2025-09-03,8,55,69,9.308723482944709,5170.721477322193,3722.1933496462425,False,9.401923677889885,54,68,0.09320019494517595,1,1,0,0,9,2,0,2.863079179126931,0.0643389277194564,0.2356749103359128,1.5806150580094738,0.517042002486019,1.615549897389835,0.4376494722387784,0.1779195736734272,0.7637417597143777,0.2521165342822673,0.0673889451733935,0.185532937956511,0.5672059906702677,0.0556800444966254,0.2023940736198037,0.2965271494064948,0.5773502691896258,0.5773502691896257,0,0,1,1,0.0157339393804463,0.0278726614454889,0.02343425338889,5170.721477322193
ens_champion_segmented6,valid_2025_09,2025-09-03,9,51,68,9.289810651502211,7779.43818391186,1113.476643056576,False,9.401923677889885,54,68,0.11211302638767329,3,0,0,1,9,2,0,2.863079179126931,0.0643389277194564,0.2356749103359128,1.5806150580094738,0.517042002486019,1.615549897389835,0.4376494722387784,0.1779195736734272,0.7637417597143777,0.2521165342822673,0.0673889451733935,0.185532937956511,0.5672059906702677,0.0556800444966254,0.2023940736198037,0.2965271494064948,0.5773502691896258,0.5773502691896257,0,0,1,1,0.0157339393804463,0.0278726614454889,0.02343425338889,7779.43818391186
ens_champion_segmented6,valid_2025_09,2025-09-03,10,51,69,9.274076712121763,7811.251802284904,1081.6630246835311,False,9.401923677889885,54,68,0.12784696576812138,3,1,0,0,9,2,0,2.863079179126931,0.0643389277194564,0.2356749103359128,1.5806150580094738,0.517042002486019,1.615549897389835,0.4376494722387784,0.1779195736734272,0.7637417597143777,0.2521165342822673,0.0673889451733935,0.185532937956511,0.5672059906702677,0.0556800444966254,0.2023940736198037,0.2965271494064948,0.5773502691896258,0.5773502691896257,0,0,1,1,0.0157339393804463,0.0278726614454889,0.02343425338889,7811.251802284904
ens_champion_segmented6,valid_2025_09,2025-09-04,1,52,69,8.441900758565762,6489.978148101123,1749.7490105174911,False,8.441900758565762,52,69,0.0,0,0,1,1,9,3,0,2.887745749471746,0.0670910625442151,0.2248119562172932,1.5697197861932668,0.480721682041178,1.3812432003196051,0.4430423046352689,0.1715320100917595,0.7543444281542694,0.2893682388008577,0.0459136363521299,0.1536740658344111,0.4848432710133162,0.0608048168687675,0.1975561207360796,0.4699829452605902,1.5275252316519463,0.0,3,0,2,0,0.0116906171503288,0.0170997183940855,0.0108156641891212,6489.978148101123
ens_champion_segmented6,valid_2025_09,2025-09-04,2,52,70,8.430210141415433,6553.605384847212,1686.1217737714023,False,8.441900758565762,52,69,0.01169061715032882,0,1,1,0,9,3,0,2.887745749471746,0.0670910625442151,0.2248119562172932,1.5697197861932668,0.480721682041178,1.3812432003196051,0.4430423046352689,0.1715320100917595,0.7543444281542694,0.2893682388008577,0.0459136363521299,0.1536740658344111,0.4848432710133162,0.0608048168687675,0.1975561207360796,0.4699829452605902,1.5275252316519463,0.0,3,0,2,0,0.0116906171503288,0.0170997183940855,0.0108156641891212,6553.605384847212
ens_champion_segmented6,valid_2025_09,2025-09-04,3,53,69,8.425225740439899,7221.691370681152,1018.0357879374624,False,8.441900758565762,52,69,0.016675018125862806,1,0,0,1,9,3,0,2.887745749471746,0.0670910625442151,0.2248119562172932,1.5697197861932668,0.480721682041178,1.3812432003196051,0.4430423046352689,0.1715320100917595,0.7543444281542694,0.2893682388008577,0.0459136363521299,0.1536740658344111,0.4848432710133162,0.0608048168687675,0.1975561207360796,0.4699829452605902,1.5275252316519463,0.0,3,0,2,0,0.0116906171503288,0.0170997183940855,0.0108156641891212,7221.691370681152
ens_champion_segmented6,valid_2025_09,2025-09-04,4,53,70,8.41353512328957,7285.318607427241,954.4085511913736,False,8.441900758565762,52,69,0.028365635276191625,1,1,0,0,9,3,0,2.887745749471746,0.0670910625442151,0.2248119562172932,1.5697197861932668,0.480721682041178,1.3812432003196051,0.4430423046352689,0.1715320100917595,0.7543444281542694,0.2893682388008577,0.0459136363521299,0.1536740658344111,0.4848432710133162,0.0608048168687675,0.1975561207360796,0.4699829452605902,1.5275252316519463,0.0,3,0,2,0,0.0116906171503288,0.0170997183940855,0.0108156641891212,7285.318607427241
ens_champion_segmented6,valid_2025_09,2025-09-04,5,51,69,8.41313343714772,6362.723674608945,1877.0034840096696,False,8.441900758565762,52,69,0.028767321418040837,1,0,0,1,9,3,0,2.887745749471746,0.0670910625442151,0.2248119562172932,1.5697197861932668,0.480721682041178,1.3812432003196051,0.4430423046352689,0.1715320100917595,0.7543444281542694,0.2893682388008577,0.0459136363521299,0.1536740658344111,0.4848432710133162,0.0608048168687675,0.1975561207360796,0.4699829452605902,1.5275252316519463,0.0,3,0,2,0,0.0116906171503288,0.0170997183940855,0.0108156641891212,6362.723674608945
ens_champion_segmented6,valid_2025_09,2025-09-04,6,51,70,8.401442819997392,6426.3509113550335,1813.3762472635808,False,8.441900758565762,52,69,0.040457938568369656,1,1,0,0,9,3,0,2.887745749471746,0.0670910625442151,0.2248119562172932,1.5697197861932668,0.480721682041178,1.3812432003196051,0.4430423046352689,0.1715320100917595,0.7543444281542694,0.2893682388008577,0.0459136363521299,0.1536740658344111,0.4848432710133162,0.0608048168687675,0.1975561207360796,0.4699829452605902,1.5275252316519463,0.0,3,0,2,0,0.0116906171503288,0.0170997183940855,0.0108156641891212,6426.3509113550335
ens_champion_segmented6,valid_2025_09,2025-09-04,7,54,69,8.369062462728383,7953.404593261181,286.32256535743363,False,8.441900758565762,52,69,0.07283829583737855,2,0,0,1,9,3,0,2.887745749471746,0.0670910625442151,0.2248119562172932,1.5697197861932668,0.480721682041178,1.3812432003196051,0.4430423046352689,0.1715320100917595,0.7543444281542694,0.2893682388008577,0.0459136363521299,0.1536740658344111,0.4848432710133162,0.0608048168687675,0.1975561207360796,0.4699829452605902,1.5275252316519463,0.0,3,0,2,0,0.0116906171503288,0.0170997183940855,0.0108156641891212,7953.404593261181
ens_champion_segmented6,valid_2025_09,2025-09-04,8,50,69,8.358640703115167,5503.7559785367375,2735.971180081877,False,8.441900758565762,52,69,0.08326005545059445,2,0,0,1,9,3,0,2.887745749471746,0.0670910625442151,0.2248119562172932,1.5697197861932668,0.480721682041178,1.3812432003196051,0.4430423046352689,0.1715320100917595,0.7543444281542694,0.2893682388008577,0.0459136363521299,0.1536740658344111,0.4848432710133162,0.0608048168687675,0.1975561207360796,0.4699829452605902,1.5275252316519463,0.0,3,0,2,0,0.0116906171503288,0.0170997183940855,0.0108156641891212,5503.7559785367375
ens_champion_segmented6,valid_2025_09,2025-09-04,9,54,70,8.357371845578054,8017.031830007269,222.69532861134485,False,8.441900758565762,52,69,0.08452891298770737,2,1,0,0,9,3,0,2.887745749471746,0.0670910625442151,0.2248119562172932,1.5697197861932668,0.480721682041178,1.3812432003196051,0.4430423046352689,0.1715320100917595,0.7543444281542694,0.2893682388008577,0.0459136363521299,0.1536740658344111,0.4848432710133162,0.0608048168687675,0.1975561207360796,0.4699829452605902,1.5275252316519463,0.0,3,0,2,0,0.0116906171503288,0.0170997183940855,0.0108156641891212,8017.031830007269
ens_champion_segmented6,valid_2025_09,2025-09-04,10,50,70,8.346950085964838,5567.383215282825,2672.343943335789,False,8.441900758565762,52,69,0.09495067260092327,2,1,0,0,9,3,0,2.887745749471746,0.0670910625442151,0.2248119562172932,1.5697197861932668,0.480721682041178,1.3812432003196051,0.4430423046352689,0.1715320100917595,0.7543444281542694,0.2893682388008577,0.0459136363521299,0.1536740658344111,0.4848432710133162,0.0608048168687675,0.1975561207360796,0.4699829452605902,1.5275252316519463,0.0,3,0,2,0,0.0116906171503288,0.0170997183940855,0.0108156641891212,5567.383215282825
ens_champion_segmented6,valid_2025_09,2025-09-05,1,61,74,8.502180798239731,10669.915382984238,19.460390358781297,False,8.502180798239731,61,74,0.0,0,0,1,1,9,4,0,2.8939704857491946,0.0652300211649647,0.2124692840102104,1.2387806092509377,0.6924831772913703,2.158163221717301,0.5567701908048872,0.2413778440491971,0.9762359950748686,0.3873744645243759,0.0772317576599271,0.1693957262805112,0.5289618844350884,0.0607308782475787,0.2124052707552892,0.0763374537940561,0.0,5.773502691896257,0,10,0,10,0.0103262895535074,0.0250175776644105,0.0203379362483538,10669.915382984238
ens_champion_segmented6,valid_2025_09,2025-09-05,2,60,74,8.491854508686224,10679.373571726544,10.002201616476668,False,8.502180798239731,61,74,0.01032628955350745,1,0,0,1,9,4,0,2.8939704857491946,0.0652300211649647,0.2124692840102104,1.2387806092509377,0.6924831772913703,2.158163221717301,0.5567701908048872,0.2413778440491971,0.9762359950748686,0.3873744645243759,0.0772317576599271,0.1693957262805112,0.5289618844350884,0.0607308782475787,0.2124052707552892,0.0763374537940561,0.0,5.773502691896257,0,10,0,10,0.0103262895535074,0.0250175776644105,0.0203379362483538,10679.373571726544
ens_champion_segmented6,valid_2025_09,2025-09-05,3,61,73,8.479478619974126,10669.915382984238,19.460390358781297,False,8.502180798239731,61,74,0.02270217826560561,0,1,1,0,9,4,0,2.8939704857491946,0.0652300211649647,0.2124692840102104,1.2387806092509377,0.6924831772913703,2.158163221717301,0.5567701908048872,0.2413778440491971,0.9762359950748686,0.3873744645243759,0.0772317576599271,0.1693957262805112,0.5289618844350884,0.0607308782475787,0.2124052707552892,0.0763374537940561,0.0,5.773502691896257,0,10,0,10,0.0103262895535074,0.0250175776644105,0.0203379362483538,10669.915382984238
ens_champion_segmented6,valid_2025_09,2025-09-05,4,60,73,8.469152330420618,10679.373571726544,10.002201616476668,False,8.502180798239731,61,74,0.03302846781911306,1,1,0,0,9,4,0,2.8939704857491946,0.0652300211649647,0.2124692840102104,1.2387806092509377,0.6924831772913703,2.158163221717301,0.5567701908048872,0.2413778440491971,0.9762359950748686,0.3873744645243759,0.0772317576599271,0.1693957262805112,0.5289618844350884,0.0607308782475787,0.2124052707552892,0.0763374537940561,0.0,5.773502691896257,0,10,0,10,0.0103262895535074,0.0250175776644105,0.0203379362483538,10679.373571726544
ens_champion_segmented6,valid_2025_09,2025-09-05,5,61,75,8.443149845555904,10638.10176461119,51.27400873182887,False,8.502180798239731,61,74,0.059030952683826854,0,1,1,0,9,4,0,2.8939704857491946,0.0652300211649647,0.2124692840102104,1.2387806092509377,0.6924831772913703,2.158163221717301,0.5567701908048872,0.2413778440491971,0.9762359950748686,0.3873744645243759,0.0772317576599271,0.1693957262805112,0.5289618844350884,0.0607308782475787,0.2124052707552892,0.0763374537940561,0.0,5.773502691896257,0,10,0,10,0.0103262895535074,0.0250175776644105,0.0203379362483538,10638.10176461119
ens_champion_segmented6,valid_2025_09,2025-09-05,6,59,74,8.434617143008774,10688.83176046885,0.544012874170221,False,8.502180798239731,61,74,0.06756365523095731,2,0,0,1,9,4,0,2.8939704857491946,0.0652300211649647,0.2124692840102104,1.2387806092509377,0.6924831772913703,2.158163221717301,0.5567701908048872,0.2413778440491971,0.9762359950748686,0.3873744645243759,0.0772317576599271,0.1693957262805112,0.5289618844350884,0.0607308782475787,0.2124052707552892,0.0763374537940561,0.0,5.773502691896257,0,10,0,10,0.0103262895535074,0.0250175776644105,0.0203379362483538,10688.83176046885
ens_champion_segmented6,valid_2025_09,2025-09-05,7,60,75,8.432823556002397,10647.559953353497,41.81581998952242,False,8.502180798239731,61,74,0.0693572422373343,1,1,0,0,9,4,0,2.8939704857491946,0.0652300211649647,0.2124692840102104,1.2387806092509377,0.6924831772913703,2.158163221717301,0.5567701908048872,0.2413778440491971,0.9762359950748686,0.3873744645243759,0.0772317576599271,0.1693957262805112,0.5289618844350884,0.0607308782475787,0.2124052707552892,0.0763374537940561,0.0,5.773502691896257,0,10,0,10,0.0103262895535074,0.0250175776644105,0.0203379362483538,10647.559953353497
ens_champion_segmented6,valid_2025_09,2025-09-05,8,62,74,8.415295517177743,10599.1714398081,90.2043335349208,False,8.502180798239731,61,74,0.08688528106198845,1,0,0,1,9,4,0,2.8939704857491946,0.0652300211649647,0.2124692840102104,1.2387806092509377,0.6924831772913703,2.158163221717301,0.5567701908048872,0.2413778440491971,0.9762359950748686,0.3873744645243759,0.0772317576599271,0.1693957262805112,0.5289618844350884,0.0607308782475787,0.2124052707552892,0.0763374537940561,0.0,5.773502691896257,0,10,0,10,0.0103262895535074,0.0250175776644105,0.0203379362483538,10599.1714398081
ens_champion_segmented6,valid_2025_09,2025-09-05,9,59,73,8.411914964743168,10688.83176046885,0.544012874170221,False,8.502180798239731,61,74,0.09026583349656292,2,1,0,0,9,4,0,2.8939704857491946,0.0652300211649647,0.2124692840102104,1.2387806092509377,0.6924831772913703,2.158163221717301,0.5567701908048872,0.2413778440491971,0.9762359950748686,0.3873744645243759,0.0772317576599271,0.1693957262805112,0.5289618844350884,0.0607308782475787,0.2124052707552892,0.0763374537940561,0.0,5.773502691896257,0,10,0,10,0.0103262895535074,0.0250175776644105,0.0203379362483538,10688.83176046885
ens_champion_segmented6,valid_2025_09,2025-09-05,10,62,73,8.392593338912137,10599.1714398081,90.2043335349208,False,8.502180798239731,61,74,0.10958745932759406,1,1,0,0,9,4,0,2.8939704857491946,0.0652300211649647,0.2124692840102104,1.2387806092509377,0.6924831772913703,2.158163221717301,0.5567701908048872,0.2413778440491971,0.9762359950748686,0.3873744645243759,0.0772317576599271,0.1693957262805112,0.5289618844350884,0.0607308782475787,0.2124052707552892,0.0763374537940561,0.0,5.773502691896257,0,10,0,10,0.0103262895535074,0.0250175776644105,0.0203379362483538,10599.1714398081
ens_champion_segmented6,valid_2025_09,2025-09-06,1,63,82,6.806340764123778,2277.0660977743505,5071.879746398983,False,6.806340764123778,63,82,0.0,0,0,1,1,9,5,1,2.9221451041807085,0.070514800608519,0.2306887512795286,1.1625650978129236,0.8966443133352896,2.5115753030094874,0.5885745751477364,0.3124924526044536,1.1143883764393805,0.3928283095545943,0.0962662387167075,0.195746265593142,0.5877263930211732,0.0601441413377487,0.20843560967883,0.6253324724111312,0.0,1.1547005383792517,0,2,0,2,0.0086119341132615,0.0202669345197712,0.0253751000374144,2277.0660977743505
ens_champion_segmented6,valid_2025_09,2025-09-06,2,63,80,6.7977288300105165,729.533989721475,6619.411854451859,False,6.806340764123778,63,82,0.008611934113261555,0,2,1,0,9,5,1,2.9221451041807085,0.070514800608519,0.2306887512795286,1.1625650978129236,0.8966443133352896,2.5115753030094874,0.5885745751477364,0.3124924526044536,1.1143883764393805,0.3928283095545943,0.0962662387167075,0.195746265593142,0.5877263930211732,0.0601441413377487,0.20843560967883,0.6253324724111312,0.0,1.1547005383792517,0,2,0,2,0.0086119341132615,0.0202669345197712,0.0253751000374144,729.533989721475
ens_champion_segmented6,valid_2025_09,2025-09-06,3,63,81,6.796957029018067,1407.1640610673276,5941.781783106007,False,6.806340764123778,63,82,0.00938373510571111,0,1,1,0,9,5,1,2.9221451041807085,0.070514800608519,0.2306887512795286,1.1625650978129236,0.8966443133352896,2.5115753030094874,0.5885745751477364,0.3124924526044536,1.1143883764393805,0.3928283095545943,0.0962662387167075,0.195746265593142,0.5877263930211732,0.0601441413377487,0.20843560967883,0.6253324724111312,0.0,1.1547005383792517,0,2,0,2,0.0086119341132615,0.0202669345197712,0.0253751000374144,1407.1640610673276
ens_champion_segmented6,valid_2025_09,2025-09-06,4,63,83,6.793292120630319,3132.852432009254,4216.09341216408,False,6.806340764123778,63,82,0.013048643493458911,0,1,1,0,9,5,1,2.9221451041807085,0.070514800608519,0.2306887512795286,1.1625650978129236,0.8966443133352896,2.5115753030094874,0.5885745751477364,0.3124924526044536,1.1143883764393805,0.3928283095545943,0.0962662387167075,0.195746265593142,0.5877263930211732,0.0601441413377487,0.20843560967883,0.6253324724111312,0.0,1.1547005383792517,0,2,0,2,0.0086119341132615,0.0202669345197712,0.0253751000374144,3132.852432009254
ens_champion_segmented6,valid_2025_09,2025-09-06,5,62,82,6.736050404237357,2283.4288214489598,5065.517022724374,False,6.806340764123778,63,82,0.07029035988642107,1,0,0,1,9,5,1,2.9221451041807085,0.070514800608519,0.2306887512795286,1.1625650978129236,0.8966443133352896,2.5115753030094874,0.5885745751477364,0.3124924526044536,1.1143883764393805,0.3928283095545943,0.0962662387167075,0.195746265593142,0.5877263930211732,0.0601441413377487,0.20843560967883,0.6253324724111312,0.0,1.1547005383792517,0,2,0,2,0.0086119341132615,0.0202669345197712,0.0253751000374144,2283.4288214489598
ens_champion_segmented6,valid_2025_09,2025-09-06,6,64,82,6.729995923001344,2272.761715208477,5076.184128964856,False,6.806340764123778,63,82,0.07634484112243367,1,0,0,1,9,5,1,2.9221451041807085,0.070514800608519,0.2306887512795286,1.1625650978129236,0.8966443133352896,2.5115753030094874,0.5885745751477364,0.3124924526044536,1.1143883764393805,0.3928283095545943,0.0962662387167075,0.195746265593142,0.5877263930211732,0.0601441413377487,0.20843560967883,0.6253324724111312,0.0,1.1547005383792517,0,2,0,2,0.0086119341132615,0.0202669345197712,0.0253751000374144,2272.761715208477
ens_champion_segmented6,valid_2025_09,2025-09-06,7,62,80,6.727438470124096,735.8967133960841,6613.04913077725,False,6.806340764123778,63,82,0.07890229399968174,1,2,0,0,9,5,1,2.9221451041807085,0.070514800608519,0.2306887512795286,1.1625650978129236,0.8966443133352896,2.5115753030094874,0.5885745751477364,0.3124924526044536,1.1143883764393805,0.3928283095545943,0.0962662387167075,0.195746265593142,0.5877263930211732,0.0601441413377487,0.20843560967883,0.6253324724111312,0.0,1.1547005383792517,0,2,0,2,0.0086119341132615,0.0202669345197712,0.0253751000374144,735.8967133960841
ens_champion_segmented6,valid_2025_09,2025-09-06,8,62,81,6.726666669131646,1413.5267847419368,5935.419059431397,False,6.806340764123778,63,82,0.07967409499213218,1,1,0,0,9,5,1,2.9221451041807085,0.070514800608519,0.2306887512795286,1.1625650978129236,0.8966443133352896,2.5115753030094874,0.5885745751477364,0.3124924526044536,1.1143883764393805,0.3928283095545943,0.0962662387167075,0.195746265593142,0.5877263930211732,0.0601441413377487,0.20843560967883,0.6253324724111312,0.0,1.1547005383792517,0,2,0,2,0.0086119341132615,0.0202669345197712,0.0253751000374144,1413.5267847419368
ens_champion_segmented6,valid_2025_09,2025-09-06,9,62,83,6.723001760743898,3139.2151556838626,4209.730688489472,False,6.806340764123778,63,82,0.08333900337987998,1,1,0,0,9,5,1,2.9221451041807085,0.070514800608519,0.2306887512795286,1.1625650978129236,0.8966443133352896,2.5115753030094874,0.5885745751477364,0.3124924526044536,1.1143883764393805,0.3928283095545943,0.0962662387167075,0.195746265593142,0.5877263930211732,0.0601441413377487,0.20843560967883,0.6253324724111312,0.0,1.1547005383792517,0,2,0,2,0.0086119341132615,0.0202669345197712,0.0253751000374144,3139.2151556838626
ens_champion_segmented6,valid_2025_09,2025-09-06,10,64,80,6.721383988888082,725.2296071556019,6623.716237017732,False,6.806340764123778,63,82,0.08495677523569611,1,2,0,0,9,5,1,2.9221451041807085,0.070514800608519,0.2306887512795286,1.1625650978129236,0.8966443133352896,2.5115753030094874,0.5885745751477364,0.3124924526044536,1.1143883764393805,0.3928283095545943,0.0962662387167075,0.195746265593142,0.5877263930211732,0.0601441413377487,0.20843560967883,0.6253324724111312,0.0,1.1547005383792517,0,2,0,2,0.0086119341132615,0.0202669345197712,0.0253751000374144,725.2296071556019
ens_champion_segmented6,valid_2025_09,2025-09-07,1,56,86,16.14760700075221,8303.354395364673,16511.26793561024,False,16.14760700075221,56,86,0.0,0,0,1,1,9,6,1,2.904017242681677,0.0727943444123227,0.245219442650594,1.8418795508343244,0.6904340936453414,1.969542645306309,0.353484274206797,0.2419286094748346,0.7726701537594003,0.169647598576035,0.0471436476885582,0.1838366756307619,0.5578278547175036,0.0605208281012855,0.1872769998716807,0.8339594294659813,0.5773502691896258,1.0,1,1,1,2,0.0047865602335406,0.0302766009304846,0.0251498813418197,8303.354395364673
ens_champion_segmented6,valid_2025_09,2025-09-07,2,56,85,16.14282044051867,8335.168013737719,16479.454317237196,False,16.14760700075221,56,86,0.0047865602335406265,0,1,1,0,9,6,1,2.904017242681677,0.0727943444123227,0.245219442650594,1.8418795508343244,0.6904340936453414,1.969542645306309,0.353484274206797,0.2419286094748346,0.7726701537594003,0.169647598576035,0.0471436476885582,0.1838366756307619,0.5578278547175036,0.0605208281012855,0.1872769998716807,0.8339594294659813,0.5773502691896258,1.0,1,1,1,2,0.0047865602335406,0.0302766009304846,0.0251498813418197,8335.168013737719
ens_champion_segmented6,valid_2025_09,2025-09-07,3,55,86,16.110692282502647,8303.354395364673,16511.26793561024,False,16.14760700075221,56,86,0.036914718249562384,1,0,0,1,9,6,1,2.904017242681677,0.0727943444123227,0.245219442650594,1.8418795508343244,0.6904340936453414,1.969542645306309,0.353484274206797,0.2419286094748346,0.7726701537594003,0.169647598576035,0.0471436476885582,0.1838366756307619,0.5578278547175036,0.0605208281012855,0.1872769998716807,0.8339594294659813,0.5773502691896258,1.0,1,1,1,2,0.0047865602335406,0.0302766009304846,0.0251498813418197,8303.354395364673
ens_champion_segmented6,valid_2025_09,2025-09-07,4,55,85,16.105905722269107,8335.168013737719,16479.454317237196,False,16.14760700075221,56,86,0.04170127848310301,1,1,0,0,9,6,1,2.904017242681677,0.0727943444123227,0.245219442650594,1.8418795508343244,0.6904340936453414,1.969542645306309,0.353484274206797,0.2419286094748346,0.7726701537594003,0.169647598576035,0.0471436476885582,0.1838366756307619,0.5578278547175036,0.0605208281012855,0.1872769998716807,0.8339594294659813,0.5773502691896258,1.0,1,1,1,2,0.0047865602335406,0.0302766009304846,0.0251498813418197,8335.168013737719
ens_champion_segmented6,valid_2025_09,2025-09-07,5,57,86,16.079626553066,8303.354395364673,16511.26793561024,False,16.14760700075221,56,86,0.06798044768621025,1,0,0,1,9,6,1,2.904017242681677,0.0727943444123227,0.245219442650594,1.8418795508343244,0.6904340936453414,1.969542645306309,0.353484274206797,0.2419286094748346,0.7726701537594003,0.169647598576035,0.0471436476885582,0.1838366756307619,0.5578278547175036,0.0605208281012855,0.1872769998716807,0.8339594294659813,0.5773502691896258,1.0,1,1,1,2,0.0047865602335406,0.0302766009304846,0.0251498813418197,8303.354395364673
ens_champion_segmented6,valid_2025_09,2025-09-07,6,57,85,16.07483999283246,8335.168013737719,16479.454317237196,False,16.14760700075221,56,86,0.07276700791975088,1,1,0,0,9,6,1,2.904017242681677,0.0727943444123227,0.245219442650594,1.8418795508343244,0.6904340936453414,1.969542645306309,0.353484274206797,0.2419286094748346,0.7726701537594003,0.169647598576035,0.0471436476885582,0.1838366756307619,0.5578278547175036,0.0605208281012855,0.1872769998716807,0.8339594294659813,0.5773502691896258,1.0,1,1,1,2,0.0047865602335406,0.0302766009304846,0.0251498813418197,8335.168013737719
ens_champion_segmented6,valid_2025_09,2025-09-07,7,56,84,16.07319137620801,8398.795250483807,16415.827080491108,False,16.14760700075221,56,86,0.07441562454420136,0,2,1,0,9,6,1,2.904017242681677,0.0727943444123227,0.245219442650594,1.8418795508343244,0.6904340936453414,1.969542645306309,0.353484274206797,0.2419286094748346,0.7726701537594003,0.169647598576035,0.0471436476885582,0.1838366756307619,0.5578278547175036,0.0605208281012855,0.1872769998716807,0.8339594294659813,0.5773502691896258,1.0,1,1,1,2,0.0047865602335406,0.0302766009304846,0.0251498813418197,8398.795250483807
ens_champion_segmented6,valid_2025_09,2025-09-07,8,56,87,16.06750381415936,8271.540776991627,16543.081553983287,False,16.14760700075221,56,86,0.08010318659285076,0,1,1,0,9,6,1,2.904017242681677,0.0727943444123227,0.245219442650594,1.8418795508343244,0.6904340936453414,1.969542645306309,0.353484274206797,0.2419286094748346,0.7726701537594003,0.169647598576035,0.0471436476885582,0.1838366756307619,0.5578278547175036,0.0605208281012855,0.1872769998716807,0.8339594294659813,0.5773502691896258,1.0,1,1,1,2,0.0047865602335406,0.0302766009304846,0.0251498813418197,8271.540776991627
ens_champion_segmented6,valid_2025_09,2025-09-07,9,54,86,16.06168845790547,8303.354395364673,16511.26793561024,False,16.14760700075221,56,86,0.08591854284674127,2,0,0,1,9,6,1,2.904017242681677,0.0727943444123227,0.245219442650594,1.8418795508343244,0.6904340936453414,1.969542645306309,0.353484274206797,0.2419286094748346,0.7726701537594003,0.169647598576035,0.0471436476885582,0.1838366756307619,0.5578278547175036,0.0605208281012855,0.1872769998716807,0.8339594294659813,0.5773502691896258,1.0,1,1,1,2,0.0047865602335406,0.0302766009304846,0.0251498813418197,8303.354395364673
ens_champion_segmented6,valid_2025_09,2025-09-07,10,54,85,16.056901897671928,8335.168013737719,16479.454317237196,False,16.14760700075221,56,86,0.0907051030802819,2,1,0,0,9,6,1,2.904017242681677,0.0727943444123227,0.245219442650594,1.8418795508343244,0.6904340936453414,1.969542645306309,0.353484274206797,0.2419286094748346,0.7726701537594003,0.169647598576035,0.0471436476885582,0.1838366756307619,0.5578278547175036,0.0605208281012855,0.1872769998716807,0.8339594294659813,0.5773502691896258,1.0,1,1,1,2,0.0047865602335406,0.0302766009304846,0.0251498813418197,8335.168013737719
ens_champion_segmented6,valid_2025_09,2025-09-08,1,55,71,11.351190368298212,18294.220819623617,1786.051530442939,False,11.351190368298212,55,71,0.0,0,0,1,1,9,0,0,2.890407649522373,0.0601365241837282,0.2050496549220901,1.6806732138258669,0.6728724542866253,1.9226110368152656,0.4048673651788926,0.2385378245296506,0.8220876697678866,0.2126411905918199,0.0269325506334069,0.1922261745870726,0.5876071619166988,0.0608368151124932,0.1858024422558653,0.3436607607584451,0.5773502691896258,0.0,1,0,1,0,0.0038125533638009,0.0328710840039079,0.0325916725614017,18294.220819623617
ens_champion_segmented6,valid_2025_09,2025-09-08,2,56,71,11.347377814934411,17403.439505178365,2676.832844888191,False,11.351190368298212,55,71,0.00381255336380093,1,0,0,1,9,0,0,2.890407649522373,0.0601365241837282,0.2050496549220901,1.6806732138258669,0.6728724542866253,1.9226110368152656,0.4048673651788926,0.2385378245296506,0.8220876697678866,0.2126411905918199,0.0269325506334069,0.1922261745870726,0.5876071619166988,0.0608368151124932,0.1858024422558653,0.3436607607584451,0.5773502691896258,0.0,1,0,1,0,0.0038125533638009,0.0328710840039079,0.0325916725614017,17403.439505178365
ens_champion_segmented6,valid_2025_09,2025-09-08,3,55,70,11.318292806518356,19185.00213406887,895.270215997687,False,11.351190368298212,55,71,0.03289756177985659,0,1,1,0,9,0,0,2.890407649522373,0.0601365241837282,0.2050496549220901,1.6806732138258669,0.6728724542866253,1.9226110368152656,0.4048673651788926,0.2385378245296506,0.8220876697678866,0.2126411905918199,0.0269325506334069,0.1922261745870726,0.5876071619166988,0.0608368151124932,0.1858024422558653,0.3436607607584451,0.5773502691896258,0.0,1,0,1,0,0.0038125533638009,0.0328710840039079,0.0325916725614017,19185.00213406887
ens_champion_segmented6,valid_2025_09,2025-09-08,4,56,70,11.314480253154557,18294.220819623617,1786.051530442939,False,11.351190368298212,55,71,0.03671011514365574,1,1,0,0,9,0,0,2.890407649522373,0.0601365241837282,0.2050496549220901,1.6806732138258669,0.6728724542866253,1.9226110368152656,0.4048673651788926,0.2385378245296506,0.8220876697678866,0.2126411905918199,0.0269325506334069,0.1922261745870726,0.5876071619166988,0.0608368151124932,0.1858024422558653,0.3436607607584451,0.5773502691896258,0.0,1,0,1,0,0.0038125533638009,0.0328710840039079,0.0325916725614017,18294.220819623617
ens_champion_segmented6,valid_2025_09,2025-09-08,5,54,71,11.260255178565984,18381.18334544633,1699.089004620222,False,11.351190368298212,55,71,0.09093518973222814,1,0,0,1,9,0,0,2.890407649522373,0.0601365241837282,0.2050496549220901,1.6806732138258669,0.6728724542866253,1.9226110368152656,0.4048673651788926,0.2385378245296506,0.8220876697678866,0.2126411905918199,0.0269325506334069,0.1922261745870726,0.5876071619166988,0.0608368151124932,0.1858024422558653,0.3436607607584451,0.5773502691896258,0.0,1,0,1,0,0.0038125533638009,0.0328710840039079,0.0325916725614017,18381.18334544633
ens_champion_segmented6,valid_2025_09,2025-09-08,6,54,70,11.22735761678613,19271.964659891582,808.30769017497,False,11.351190368298212,55,71,0.12383275151208295,1,1,0,0,9,0,0,2.890407649522373,0.0601365241837282,0.2050496549220901,1.6806732138258669,0.6728724542866253,1.9226110368152656,0.4048673651788926,0.2385378245296506,0.8220876697678866,0.2126411905918199,0.0269325506334069,0.1922261745870726,0.5876071619166988,0.0608368151124932,0.1858024422558653,0.3436607607584451,0.5773502691896258,0.0,1,0,1,0,0.0038125533638009,0.0328710840039079,0.0325916725614017,19271.964659891582
ens_champion_segmented6,valid_2025_09,2025-09-08,7,55,72,11.197380018192264,18198.779964504487,1881.492385562069,False,11.351190368298212,55,71,0.1538103501059478,0,1,1,0,9,0,0,2.890407649522373,0.0601365241837282,0.2050496549220901,1.6806732138258669,0.6728724542866253,1.9226110368152656,0.4048673651788926,0.2385378245296506,0.8220876697678866,0.2126411905918199,0.0269325506334069,0.1922261745870726,0.5876071619166988,0.0608368151124932,0.1858024422558653,0.3436607607584451,0.5773502691896258,0.0,1,0,1,0,0.0038125533638009,0.0328710840039079,0.0325916725614017,18198.779964504487
ens_champion_segmented6,valid_2025_09,2025-09-08,8,56,72,11.193567464828462,17307.99865005923,2772.273700007325,False,11.351190368298212,55,71,0.1576229034697505,1,1,0,0,9,0,0,2.890407649522373,0.0601365241837282,0.2050496549220901,1.6806732138258669,0.6728724542866253,1.9226110368152656,0.4048673651788926,0.2385378245296506,0.8220876697678866,0.2126411905918199,0.0269325506334069,0.1922261745870726,0.5876071619166988,0.0608368151124932,0.1858024422558653,0.3436607607584451,0.5773502691896258,0.0,1,0,1,0,0.0038125533638009,0.0328710840039079,0.0325916725614017,17307.99865005923
ens_champion_segmented6,valid_2025_09,2025-09-08,9,57,71,11.160771012774234,16457.509283283438,3622.763066783118,False,11.351190368298212,55,71,0.1904193555239786,2,0,0,1,9,0,0,2.890407649522373,0.0601365241837282,0.2050496549220901,1.6806732138258669,0.6728724542866253,1.9226110368152656,0.4048673651788926,0.2385378245296506,0.8220876697678866,0.2126411905918199,0.0269325506334069,0.1922261745870726,0.5876071619166988,0.0608368151124932,0.1858024422558653,0.3436607607584451,0.5773502691896258,0.0,1,0,1,0,0.0038125533638009,0.0328710840039079,0.0325916725614017,16457.509283283438
ens_champion_segmented6,valid_2025_09,2025-09-08,10,57,70,11.12787345099438,17348.290597728694,2731.9817523378624,False,11.351190368298212,55,71,0.22331691730383163,2,1,0,0,9,0,0,2.890407649522373,0.0601365241837282,0.2050496549220901,1.6806732138258669,0.6728724542866253,1.9226110368152656,0.4048673651788926,0.2385378245296506,0.8220876697678866,0.2126411905918199,0.0269325506334069,0.1922261745870726,0.5876071619166988,0.0608368151124932,0.1858024422558653,0.3436607607584451,0.5773502691896258,0.0,1,0,1,0,0.0038125533638009,0.0328710840039079,0.0325916725614017,17348.290597728694
ens_champion_segmented6,valid_2025_09,2025-09-09,1,54,80,12.95112137226998,13107.210769694426,9448.644656794288,False,12.95112137226998,54,80,0.0,0,0,1,1,9,1,0,2.9017279019838926,0.0589833925067421,0.2038153877013813,1.5513442530805348,0.6864185595172063,2.135853140414807,0.4518561873172599,0.2374636142308454,0.8583085189963047,0.2667952072779432,0.0654645551777783,0.1850609800393167,0.5645781010312171,0.0605903671712664,0.2090984024800328,0.4568576791675255,0.5773502691896258,0.0,1,0,1,0,0.0091235690958839,0.0439793767411949,0.0392754555122202,13107.210769694426
ens_champion_segmented6,valid_2025_09,2025-09-09,2,55,80,12.941997803174097,12439.124783860483,10116.730642628228,False,12.95112137226998,54,80,0.009123569095883965,1,0,0,1,9,1,0,2.9017279019838926,0.0589833925067421,0.2038153877013813,1.5513442530805348,0.6864185595172063,2.135853140414807,0.4518561873172599,0.2374636142308454,0.8583085189963047,0.2667952072779432,0.0654645551777783,0.1850609800393167,0.5645781010312171,0.0605903671712664,0.2090984024800328,0.4568576791675255,0.5773502691896258,0.0,1,0,1,0,0.0091235690958839,0.0439793767411949,0.0392754555122202,12439.124783860483
ens_champion_segmented6,valid_2025_09,2025-09-09,3,53,80,12.921117337654431,13170.838006440516,9385.017420048198,False,12.95112137226998,54,80,0.030004034615549457,1,0,0,1,9,1,0,2.9017279019838926,0.0589833925067421,0.2038153877013813,1.5513442530805348,0.6864185595172063,2.135853140414807,0.4518561873172599,0.2374636142308454,0.8583085189963047,0.2667952072779432,0.0654645551777783,0.1850609800393167,0.5645781010312171,0.0605903671712664,0.2090984024800328,0.4568576791675255,0.5773502691896258,0.0,1,0,1,0,0.0091235690958839,0.0439793767411949,0.0392754555122202,13170.838006440516
ens_champion_segmented6,valid_2025_09,2025-09-09,4,52,80,12.866281415313791,13266.27886155965,9289.576564929064,False,12.95112137226998,54,80,0.08483995695618951,2,0,0,1,9,1,0,2.9017279019838926,0.0589833925067421,0.2038153877013813,1.5513442530805348,0.6864185595172063,2.135853140414807,0.4518561873172599,0.2374636142308454,0.8583085189963047,0.2667952072779432,0.0654645551777783,0.1850609800393167,0.5645781010312171,0.0605903671712664,0.2090984024800328,0.4568576791675255,0.5773502691896258,0.0,1,0,1,0,0.0091235690958839,0.0439793767411949,0.0392754555122202,13266.27886155965
ens_champion_segmented6,valid_2025_09,2025-09-09,5,56,80,12.85519204923164,11771.038798026548,10784.816628462166,False,12.95112137226998,54,80,0.0959293230383409,2,0,0,1,9,1,0,2.9017279019838926,0.0589833925067421,0.2038153877013813,1.5513442530805348,0.6864185595172063,2.135853140414807,0.4518561873172599,0.2374636142308454,0.8583085189963047,0.2667952072779432,0.0654645551777783,0.1850609800393167,0.5645781010312171,0.0605903671712664,0.2090984024800328,0.4568576791675255,0.5773502691896258,0.0,1,0,1,0,0.0091235690958839,0.0439793767411949,0.0392754555122202,11771.038798026548
ens_champion_segmented6,valid_2025_09,2025-09-09,6,54,79,12.854550201621237,14952.40063533102,7603.454791157692,False,12.95112137226998,54,80,0.09657117064874399,0,1,1,0,9,1,0,2.9017279019838926,0.0589833925067421,0.2038153877013813,1.5513442530805348,0.6864185595172063,2.135853140414807,0.4518561873172599,0.2374636142308454,0.8583085189963047,0.2667952072779432,0.0654645551777783,0.1850609800393167,0.5645781010312171,0.0605903671712664,0.2090984024800328,0.4568576791675255,0.5773502691896258,0.0,1,0,1,0,0.0091235690958839,0.0439793767411949,0.0392754555122202,14952.40063533102
ens_champion_segmented6,valid_2025_09,2025-09-09,7,55,79,12.845426632525353,14284.31464949708,8271.540776991633,False,12.95112137226998,54,80,0.10569473974462795,1,1,0,0,9,1,0,2.9017279019838926,0.0589833925067421,0.2038153877013813,1.5513442530805348,0.6864185595172063,2.135853140414807,0.4518561873172599,0.2374636142308454,0.8583085189963047,0.2667952072779432,0.0654645551777783,0.1850609800393167,0.5645781010312171,0.0605903671712664,0.2090984024800328,0.4568576791675255,0.5773502691896258,0.0,1,0,1,0,0.0091235690958839,0.0439793767411949,0.0392754555122202,14284.31464949708
ens_champion_segmented6,valid_2025_09,2025-09-09,8,53,79,12.824546167005687,15016.027872077111,7539.827554411602,False,12.95112137226998,54,80,0.12657520526429344,1,1,0,0,9,1,0,2.9017279019838926,0.0589833925067421,0.2038153877013813,1.5513442530805348,0.6864185595172063,2.135853140414807,0.4518561873172599,0.2374636142308454,0.8583085189963047,0.2667952072779432,0.0654645551777783,0.1850609800393167,0.5645781010312171,0.0605903671712664,0.2090984024800328,0.4568576791675255,0.5773502691896258,0.0,1,0,1,0,0.0091235690958839,0.0439793767411949,0.0392754555122202,15016.027872077111
ens_champion_segmented6,valid_2025_09,2025-09-09,9,51,80,12.788174307126813,12852.701822710069,9703.153603778646,False,12.95112137226998,54,80,0.16294706514316815,3,0,0,1,9,1,0,2.9017279019838926,0.0589833925067421,0.2038153877013813,1.5513442530805348,0.6864185595172063,2.135853140414807,0.4518561873172599,0.2374636142308454,0.8583085189963047,0.2667952072779432,0.0654645551777783,0.1850609800393167,0.5645781010312171,0.0605903671712664,0.2090984024800328,0.4568576791675255,0.5773502691896258,0.0,1,0,1,0,0.0091235690958839,0.0439793767411949,0.0392754555122202,12852.701822710069
ens_champion_segmented6,valid_2025_09,2025-09-09,10,52,79,12.769710244665047,15111.468727196245,7444.38669929247,False,12.95112137226998,54,80,0.1814111276049335,2,1,0,0,9,1,0,2.9017279019838926,0.0589833925067421,0.2038153877013813,1.5513442530805348,0.6864185595172063,2.135853140414807,0.4518561873172599,0.2374636142308454,0.8583085189963047,0.2667952072779432,0.0654645551777783,0.1850609800393167,0.5645781010312171,0.0605903671712664,0.2090984024800328,0.4568576791675255,0.5773502691896258,0.0,1,0,1,0,0.0091235690958839,0.0439793767411949,0.0392754555122202,15111.468727196245
ens_champion_segmented6,valid_2025_09,2025-09-10,1,59,72,3.68603681236522,5780.515370211202,983.0089941086972,False,3.68603681236522,59,72,0.0,0,0,1,1,9,2,0,2.888495324279493,0.0747481025525338,0.2572605609344349,1.155348323639882,0.689214565028314,2.22363478618213,0.5871820055937663,0.2491690711532669,0.9999219921260802,0.4076089395847381,0.0970754179709918,0.1795730660090282,0.559889857732905,0.0608303656402551,0.204864957199309,0.9153816555265974,0.0,0.0,0,0,0,0,0.0118208671473851,0.0155788305080535,0.0102956724931323,5780.515370211202
ens_champion_segmented6,valid_2025_09,2025-09-10,2,58,72,3.674215945217835,5780.515370211202,983.0089941086972,False,3.68603681236522,59,72,0.011820867147385172,1,0,0,1,9,2,0,2.888495324279493,0.0747481025525338,0.2572605609344349,1.155348323639882,0.689214565028314,2.22363478618213,0.5871820055937663,0.2491690711532669,0.9999219921260802,0.4076089395847381,0.0970754179709918,0.1795730660090282,0.559889857732905,0.0608303656402551,0.204864957199309,0.9153816555265974,0.0,0.0,0,0,0,0,0.0118208671473851,0.0155788305080535,0.0102956724931323,5780.515370211202
ens_champion_segmented6,valid_2025_09,2025-09-10,3,59,73,3.673544015773338,6468.984341336752,294.54002298314754,False,3.68603681236522,59,72,0.012492796591882183,0,1,1,0,9,2,0,2.888495324279493,0.0747481025525338,0.2572605609344349,1.155348323639882,0.689214565028314,2.22363478618213,0.5871820055937663,0.2491690711532669,0.9999219921260802,0.4076089395847381,0.0970754179709918,0.1795730660090282,0.559889857732905,0.0608303656402551,0.204864957199309,0.9153816555265974,0.0,0.0,0,0,0,0,0.0118208671473851,0.0155788305080535,0.0102956724931323,6468.984341336752
ens_champion_segmented6,valid_2025_09,2025-09-10,4,58,73,3.6617231486259527,6468.984341336752,294.54002298314754,False,3.68603681236522,59,72,0.024313663739267355,1,1,0,0,9,2,0,2.888495324279493,0.0747481025525338,0.2572605609344349,1.155348323639882,0.689214565028314,2.22363478618213,0.5871820055937663,0.2491690711532669,0.9999219921260802,0.4076089395847381,0.0970754179709918,0.1795730660090282,0.559889857732905,0.0608303656402551,0.204864957199309,0.9153816555265974,0.0,0.0,0,0,0,0,0.0118208671473851,0.0155788305080535,0.0102956724931323,6468.984341336752
ens_champion_segmented6,valid_2025_09,2025-09-10,5,60,72,3.656769987303488,5776.074189086325,987.4501752335746,False,3.68603681236522,59,72,0.02926682506173206,1,0,0,1,9,2,0,2.888495324279493,0.0747481025525338,0.2572605609344349,1.155348323639882,0.689214565028314,2.22363478618213,0.5871820055937663,0.2491690711532669,0.9999219921260802,0.4076089395847381,0.0970754179709918,0.1795730660090282,0.559889857732905,0.0608303656402551,0.204864957199309,0.9153816555265974,0.0,0.0,0,0,0,0,0.0118208671473851,0.0155788305080535,0.0102956724931323,5776.074189086325
ens_champion_segmented6,valid_2025_09,2025-09-10,6,60,73,3.644277190711605,6464.543160211875,298.98120410802403,False,3.68603681236522,59,72,0.04175962165361513,1,1,0,0,9,2,0,2.888495324279493,0.0747481025525338,0.2572605609344349,1.155348323639882,0.689214565028314,2.22363478618213,0.5871820055937663,0.2491690711532669,0.9999219921260802,0.4076089395847381,0.0970754179709918,0.1795730660090282,0.559889857732905,0.0608303656402551,0.204864957199309,0.9153816555265974,0.0,0.0,0,0,0,0,0.0118208671473851,0.0155788305080535,0.0102956724931323,6464.543160211875
ens_champion_segmented6,valid_2025_09,2025-09-10,7,57,72,3.6287135191983033,5780.515370211202,983.0089941086972,False,3.68603681236522,59,72,0.057323293166916756,2,0,0,1,9,2,0,2.888495324279493,0.0747481025525338,0.2572605609344349,1.155348323639882,0.689214565028314,2.22363478618213,0.5871820055937663,0.2491690711532669,0.9999219921260802,0.4076089395847381,0.0970754179709918,0.1795730660090282,0.559889857732905,0.0608303656402551,0.204864957199309,0.9153816555265974,0.0,0.0,0,0,0,0,0.0118208671473851,0.0155788305080535,0.0102956724931323,5780.515370211202
ens_champion_segmented6,valid_2025_09,2025-09-10,8,57,73,3.616220722606421,6468.984341336752,294.54002298314754,False,3.68603681236522,59,72,0.06981608975879894,2,1,0,0,9,2,0,2.888495324279493,0.0747481025525338,0.2572605609344349,1.155348323639882,0.689214565028314,2.22363478618213,0.5871820055937663,0.2491690711532669,0.9999219921260802,0.4076089395847381,0.0970754179709918,0.1795730660090282,0.559889857732905,0.0608303656402551,0.204864957199309,0.9153816555265974,0.0,0.0,0,0,0,0,0.0118208671473851,0.0155788305080535,0.0102956724931323,6468.984341336752
ens_champion_segmented6,valid_2025_09,2025-09-10,9,59,74,3.615998852365845,6525.994345461248,237.5300188586516,False,3.68603681236522,59,72,0.07003795999937523,0,2,1,0,9,2,0,2.888495324279493,0.0747481025525338,0.2572605609344349,1.155348323639882,0.689214565028314,2.22363478618213,0.5871820055937663,0.2491690711532669,0.9999219921260802,0.4076089395847381,0.0970754179709918,0.1795730660090282,0.559889857732905,0.0608303656402551,0.204864957199309,0.9153816555265974,0.0,0.0,0,0,0,0,0.0118208671473851,0.0155788305080535,0.0102956724931323,6525.994345461248
ens_champion_segmented6,valid_2025_09,2025-09-10,10,59,71,3.613862766240573,5749.745238520794,1013.7791257991048,False,3.68603681236522,59,72,0.07217404612464717,0,1,1,0,9,2,0,2.888495324279493,0.0747481025525338,0.2572605609344349,1.155348323639882,0.689214565028314,2.22363478618213,0.5871820055937663,0.2491690711532669,0.9999219921260802,0.4076089395847381,0.0970754179709918,0.1795730660090282,0.559889857732905,0.0608303656402551,0.204864957199309,0.9153816555265974,0.0,0.0,0,0,0,0,0.0118208671473851,0.0155788305080535,0.0102956724931323,5749.745238520794
ens_champion_segmented6,valid_2025_09,2025-09-11,1,45,69,8.195474452932864,8081.549848067805,811.5940369529053,False,8.195474452932864,45,69,0.0,0,0,1,1,9,3,0,2.953309182689935,0.0706003946626692,0.2318037995073281,1.3357553323716769,0.5146620052287426,1.6183676733516563,0.5462412221586,0.16814855677928,0.7969334745073254,0.4182775162279788,0.1168368457578639,0.1279637059306212,0.4047676878199702,0.0603024729028665,0.1926669653638184,0.6951756941606256,12.12435565298214,0.5773502691896257,21,0,21,1,0.0033533439109554,0.006744301415491,0.0049062992611485,8081.549848067805
ens_champion_segmented6,valid_2025_09,2025-09-11,2,45,70,8.192121109021908,7986.108992948672,907.0348920720388,False,8.195474452932864,45,69,0.003353343910955431,0,1,1,0,9,3,0,2.953309182689935,0.0706003946626692,0.2318037995073281,1.3357553323716769,0.5146620052287426,1.6183676733516563,0.5462412221586,0.16814855677928,0.7969334745073254,0.4182775162279788,0.1168368457578639,0.1279637059306212,0.4047676878199702,0.0603024729028665,0.1926669653638184,0.6951756941606256,12.12435565298214,0.5773502691896257,21,0,21,1,0.0033533439109554,0.006744301415491,0.0049062992611485,7986.108992948672
ens_champion_segmented6,valid_2025_09,2025-09-11,3,44,69,8.189007926179887,8217.142670935558,676.0012140851522,False,8.195474452932864,45,69,0.0064665267529768755,1,0,0,1,9,3,0,2.953309182689935,0.0706003946626692,0.2318037995073281,1.3357553323716769,0.5146620052287426,1.6183676733516563,0.5462412221586,0.16814855677928,0.7969334745073254,0.4182775162279788,0.1168368457578639,0.1279637059306212,0.4047676878199702,0.0603024729028665,0.1926669653638184,0.6951756941606256,12.12435565298214,0.5773502691896257,21,0,21,1,0.0033533439109554,0.006744301415491,0.0049062992611485,8217.142670935558
ens_champion_segmented6,valid_2025_09,2025-09-11,4,44,70,8.185654582268931,8121.701815816426,771.442069204285,False,8.195474452932864,45,69,0.009819870663932306,1,1,0,0,9,3,0,2.953309182689935,0.0706003946626692,0.2318037995073281,1.3357553323716769,0.5146620052287426,1.6183676733516563,0.5462412221586,0.16814855677928,0.7969334745073254,0.4182775162279788,0.1168368457578639,0.1279637059306212,0.4047676878199702,0.0603024729028665,0.1926669653638184,0.6951756941606256,12.12435565298214,0.5773502691896257,21,0,21,1,0.0033533439109554,0.006744301415491,0.0049062992611485,8121.701815816426
ens_champion_segmented6,valid_2025_09,2025-09-11,5,43,69,8.18139268718328,8351.364326851435,541.7795581692753,False,8.195474452932864,45,69,0.014081765749583752,2,0,0,1,9,3,0,2.953309182689935,0.0706003946626692,0.2318037995073281,1.3357553323716769,0.5146620052287426,1.6183676733516563,0.5462412221586,0.16814855677928,0.7969334745073254,0.4182775162279788,0.1168368457578639,0.1279637059306212,0.4047676878199702,0.0603024729028665,0.1926669653638184,0.6951756941606256,12.12435565298214,0.5773502691896257,21,0,21,1,0.0033533439109554,0.006744301415491,0.0049062992611485,8351.364326851435
ens_champion_segmented6,valid_2025_09,2025-09-11,6,43,70,8.178039343272324,8255.9234717323,637.2204132884108,False,8.195474452932864,45,69,0.017435109660539183,2,1,0,0,9,3,0,2.953309182689935,0.0706003946626692,0.2318037995073281,1.3357553323716769,0.5146620052287426,1.6183676733516563,0.5462412221586,0.16814855677928,0.7969334745073254,0.4182775162279788,0.1168368457578639,0.1279637059306212,0.4047676878199702,0.0603024729028665,0.1926669653638184,0.6951756941606256,12.12435565298214,0.5773502691896257,21,0,21,1,0.0033533439109554,0.006744301415491,0.0049062992611485,8255.9234717323
ens_champion_segmented6,valid_2025_09,2025-09-11,7,46,69,8.172969733580736,7945.957025200051,947.1868598206592,False,8.195474452932864,45,69,0.022504719352127722,1,0,0,1,9,3,0,2.953309182689935,0.0706003946626692,0.2318037995073281,1.3357553323716769,0.5146620052287426,1.6183676733516563,0.5462412221586,0.16814855677928,0.7969334745073254,0.4182775162279788,0.1168368457578639,0.1279637059306212,0.4047676878199702,0.0603024729028665,0.1926669653638184,0.6951756941606256,12.12435565298214,0.5773502691896257,21,0,21,1,0.0033533439109554,0.006744301415491,0.0049062992611485,7945.957025200051
ens_champion_segmented6,valid_2025_09,2025-09-11,8,46,70,8.16961638966978,7850.516170080918,1042.627714939793,False,8.195474452932864,45,69,0.025858063263083153,1,1,0,0,9,3,0,2.953309182689935,0.0706003946626692,0.2318037995073281,1.3357553323716769,0.5146620052287426,1.6183676733516563,0.5462412221586,0.16814855677928,0.7969334745073254,0.4182775162279788,0.1168368457578639,0.1279637059306212,0.4047676878199702,0.0603024729028665,0.1926669653638184,0.6951756941606256,12.12435565298214,0.5773502691896257,21,0,21,1,0.0033533439109554,0.006744301415491,0.0049062992611485,7850.516170080918
ens_champion_segmented6,valid_2025_09,2025-09-11,9,42,69,8.165203026150241,8475.968725933139,417.175159087572,False,8.195474452932864,45,69,0.030271426782622513,3,0,0,1,9,3,0,2.953309182689935,0.0706003946626692,0.2318037995073281,1.3357553323716769,0.5146620052287426,1.6183676733516563,0.5462412221586,0.16814855677928,0.7969334745073254,0.4182775162279788,0.1168368457578639,0.1279637059306212,0.4047676878199702,0.0603024729028665,0.1926669653638184,0.6951756941606256,12.12435565298214,0.5773502691896257,21,0,21,1,0.0033533439109554,0.006744301415491,0.0049062992611485,8475.968725933139
ens_champion_segmented6,valid_2025_09,2025-09-11,10,42,70,8.161849682239286,8380.527870814005,512.6160142067056,False,8.195474452932864,45,69,0.03362477069357794,3,1,0,0,9,3,0,2.953309182689935,0.0706003946626692,0.2318037995073281,1.3357553323716769,0.5146620052287426,1.6183676733516563,0.5462412221586,0.16814855677928,0.7969334745073254,0.4182775162279788,0.1168368457578639,0.1279637059306212,0.4047676878199702,0.0603024729028665,0.1926669653638184,0.6951756941606256,12.12435565298214,0.5773502691896257,21,0,21,1,0.0033533439109554,0.006744301415491,0.0049062992611485,8380.527870814005
ens_champion_segmented6,valid_2025_09,2025-09-12,1,55,70,8.30126605239128,4989.736983759779,687.6354543241669,False,8.30126605239128,55,70,0.0,0,0,1,1,9,4,0,2.9370212530379667,0.0719846107879595,0.2549252712497996,1.5493390144570902,0.4327261955069258,1.3490091897897003,0.4701585984763208,0.1494513535913294,0.7596555110747543,0.3065331844133949,0.0700459534527674,0.163625414062926,0.5289049028936298,0.0606663280602212,0.1802798636476571,0.0585513957425492,0.5773502691896258,0.5773502691896257,0,1,1,1,0.0087160743546021,0.0515541695849108,0.0387483264357565,4989.736983759779
ens_champion_segmented6,valid_2025_09,2025-09-12,2,54,70,8.292549978036678,4353.464616298885,1323.907821785061,False,8.30126605239128,55,70,0.008716074354602199,1,0,0,1,9,4,0,2.9370212530379667,0.0719846107879595,0.2549252712497996,1.5493390144570902,0.4327261955069258,1.3490091897897003,0.4701585984763208,0.1494513535913294,0.7596555110747543,0.3065331844133949,0.0700459534527674,0.163625414062926,0.5289049028936298,0.0606663280602212,0.1802798636476571,0.0585513957425492,0.5773502691896258,0.5773502691896257,0,1,1,1,0.0087160743546021,0.0515541695849108,0.0387483264357565,4353.464616298885
ens_champion_segmented6,valid_2025_09,2025-09-12,3,55,71,8.22362870958964,4986.606523711871,690.7659143720748,False,8.30126605239128,55,70,0.07763734280164059,0,1,1,0,9,4,0,2.9370212530379667,0.0719846107879595,0.2549252712497996,1.5493390144570902,0.4327261955069258,1.3490091897897003,0.4701585984763208,0.1494513535913294,0.7596555110747543,0.3065331844133949,0.0700459534527674,0.163625414062926,0.5289049028936298,0.0606663280602212,0.1802798636476571,0.0585513957425492,0.5773502691896258,0.5773502691896257,0,1,1,1,0.0087160743546021,0.0515541695849108,0.0387483264357565,4986.606523711871
ens_champion_segmented6,valid_2025_09,2025-09-12,4,56,70,8.216202038779215,5562.382114474584,114.99032360936144,False,8.30126605239128,55,70,0.08506401361206528,1,0,0,1,9,4,0,2.9370212530379667,0.0719846107879595,0.2549252712497996,1.5493390144570902,0.4327261955069258,1.3490091897897003,0.4701585984763208,0.1494513535913294,0.7596555110747543,0.3065331844133949,0.0700459534527674,0.163625414062926,0.5289049028936298,0.0606663280602212,0.1802798636476571,0.0585513957425492,0.5773502691896258,0.5773502691896257,0,1,1,1,0.0087160743546021,0.0515541695849108,0.0387483264357565,5562.382114474584
ens_champion_segmented6,valid_2025_09,2025-09-12,5,54,71,8.214912635235038,4350.334156250977,1327.038281832969,False,8.30126605239128,55,70,0.08635341715624278,1,1,0,0,9,4,0,2.9370212530379667,0.0719846107879595,0.2549252712497996,1.5493390144570902,0.4327261955069258,1.3490091897897003,0.4701585984763208,0.1494513535913294,0.7596555110747543,0.3065331844133949,0.0700459534527674,0.163625414062926,0.5289049028936298,0.0606663280602212,0.1802798636476571,0.0585513957425492,0.5773502691896258,0.5773502691896257,0,1,1,1,0.0087160743546021,0.0515541695849108,0.0387483264357565,4350.334156250977
ens_champion_segmented6,valid_2025_09,2025-09-12,6,55,69,8.179065468737733,5056.800091290158,620.5723467937878,False,8.30126605239128,55,70,0.12220058365354802,0,1,1,0,9,4,0,2.9370212530379667,0.0719846107879595,0.2549252712497996,1.5493390144570902,0.4327261955069258,1.3490091897897003,0.4701585984763208,0.1494513535913294,0.7596555110747543,0.3065331844133949,0.0700459534527674,0.163625414062926,0.5289049028936298,0.0606663280602212,0.1802798636476571,0.0585513957425492,0.5773502691896258,0.5773502691896257,0,1,1,1,0.0087160743546021,0.0515541695849108,0.0387483264357565,5056.800091290158
ens_champion_segmented6,valid_2025_09,2025-09-12,7,54,69,8.17034939438313,4420.527723829263,1256.844714254683,False,8.30126605239128,55,70,0.13091665800815022,1,1,0,0,9,4,0,2.9370212530379667,0.0719846107879595,0.2549252712497996,1.5493390144570902,0.4327261955069258,1.3490091897897003,0.4701585984763208,0.1494513535913294,0.7596555110747543,0.3065331844133949,0.0700459534527674,0.163625414062926,0.5289049028936298,0.0606663280602212,0.1802798636476571,0.0585513957425492,0.5773502691896258,0.5773502691896257,0,1,1,1,0.0087160743546021,0.0515541695849108,0.0387483264357565,4420.527723829263
ens_champion_segmented6,valid_2025_09,2025-09-12,8,56,71,8.138564695977575,5559.251654426676,118.1207836572694,False,8.30126605239128,55,70,0.16270135641370587,1,1,0,0,9,4,0,2.9370212530379667,0.0719846107879595,0.2549252712497996,1.5493390144570902,0.4327261955069258,1.3490091897897003,0.4701585984763208,0.1494513535913294,0.7596555110747543,0.3065331844133949,0.0700459534527674,0.163625414062926,0.5289049028936298,0.0606663280602212,0.1802798636476571,0.0585513957425492,0.5773502691896258,0.5773502691896257,0,1,1,1,0.0087160743546021,0.0515541695849108,0.0387483264357565,5559.251654426676
ens_champion_segmented6,valid_2025_09,2025-09-12,9,53,70,8.121500757971177,3780.8194855840793,1896.5529524998665,False,8.30126605239128,55,70,0.17976529442010403,2,0,0,1,9,4,0,2.9370212530379667,0.0719846107879595,0.2549252712497996,1.5493390144570902,0.4327261955069258,1.3490091897897003,0.4701585984763208,0.1494513535913294,0.7596555110747543,0.3065331844133949,0.0700459534527674,0.163625414062926,0.5289049028936298,0.0606663280602212,0.1802798636476571,0.0585513957425492,0.5773502691896258,0.5773502691896257,0,1,1,1,0.0087160743546021,0.0515541695849108,0.0387483264357565,3780.8194855840793
ens_champion_segmented6,valid_2025_09,2025-09-12,10,56,69,8.094001455125667,5629.4452220049625,47.92721607898329,False,8.30126605239128,55,70,0.2072645972656133,1,1,0,0,9,4,0,2.9370212530379667,0.0719846107879595,0.2549252712497996,1.5493390144570902,0.4327261955069258,1.3490091897897003,0.4701585984763208,0.1494513535913294,0.7596555110747543,0.3065331844133949,0.0700459534527674,0.163625414062926,0.5289049028936298,0.0606663280602212,0.1802798636476571,0.0585513957425492,0.5773502691896258,0.5773502691896257,0,1,1,1,0.0087160743546021,0.0515541695849108,0.0387483264357565,5629.4452220049625
ens_champion_segmented6,valid_2025_09,2025-09-13,1,63,83,3.207194689209815,4698.893703231567,756.5755653385604,False,3.207194689209815,63,83,0.0,0,0,1,1,9,5,1,2.9280615658563938,0.0724969247126382,0.2403595154690556,0.7509914172027573,0.7273478518958414,2.0548599643613787,0.7408793773324708,0.2500974189250894,1.1876440036864946,0.5676236936271886,0.053157318500028,0.1732556837052822,0.5371139006590488,0.0607705628494404,0.2084454577481325,1.1851409738889591,0.0,1.7320508075688772,0,3,0,3,0.0080497182889005,0.0102630221814923,0.0062740175981829,4698.893703231567
ens_champion_segmented6,valid_2025_09,2025-09-13,2,63,84,3.1991449709209143,4829.784473303785,625.6847952663429,False,3.207194689209815,63,83,0.008049718288900554,0,1,1,0,9,5,1,2.9280615658563938,0.0724969247126382,0.2403595154690556,0.7509914172027573,0.7273478518958414,2.0548599643613787,0.7408793773324708,0.2500974189250894,1.1876440036864946,0.5676236936271886,0.053157318500028,0.1732556837052822,0.5371139006590488,0.0607705628494404,0.2084454577481325,1.1851409738889591,0.0,1.7320508075688772,0,3,0,3,0.0080497182889005,0.0102630221814923,0.0062740175981829,4829.784473303785
ens_champion_segmented6,valid_2025_09,2025-09-13,3,62,83,3.197417283702197,4712.529020066254,742.9402485038736,False,3.207194689209815,63,83,0.009777405507617853,1,0,0,1,9,5,1,2.9280615658563938,0.0724969247126382,0.2403595154690556,0.7509914172027573,0.7273478518958414,2.0548599643613787,0.7408793773324708,0.2500974189250894,1.1876440036864946,0.5676236936271886,0.053157318500028,0.1732556837052822,0.5371139006590488,0.0607705628494404,0.2084454577481325,1.1851409738889591,0.0,1.7320508075688772,0,3,0,3,0.0080497182889005,0.0102630221814923,0.0062740175981829,4712.529020066254
ens_champion_segmented6,valid_2025_09,2025-09-13,4,63,85,3.191533825895389,4861.598091676829,593.8711768932981,False,3.207194689209815,63,83,0.015660863314425733,0,2,1,0,9,5,1,2.9280615658563938,0.0724969247126382,0.2403595154690556,0.7509914172027573,0.7273478518958414,2.0548599643613787,0.7408793773324708,0.2500974189250894,1.1876440036864946,0.5676236936271886,0.053157318500028,0.1732556837052822,0.5371139006590488,0.0607705628494404,0.2084454577481325,1.1851409738889591,0.0,1.7320508075688772,0,3,0,3,0.0080497182889005,0.0102630221814923,0.0062740175981829,4861.598091676829
ens_champion_segmented6,valid_2025_09,2025-09-13,5,62,84,3.189367565413296,4843.419790138471,612.0494784316561,False,3.207194689209815,63,83,0.01782712379651885,1,1,0,0,9,5,1,2.9280615658563938,0.0724969247126382,0.2403595154690556,0.7509914172027573,0.7273478518958414,2.0548599643613787,0.7408793773324708,0.2500974189250894,1.1876440036864946,0.5676236936271886,0.053157318500028,0.1732556837052822,0.5371139006590488,0.0607705628494404,0.2084454577481325,1.1851409738889591,0.0,1.7320508075688772,0,3,0,3,0.0080497182889005,0.0102630221814923,0.0062740175981829,4843.419790138471
ens_champion_segmented6,valid_2025_09,2025-09-13,6,62,85,3.181756420387771,4875.233408511516,580.2358600586113,False,3.207194689209815,63,83,0.02543826882204403,1,2,0,0,9,5,1,2.9280615658563938,0.0724969247126382,0.2403595154690556,0.7509914172027573,0.7273478518958414,2.0548599643613787,0.7408793773324708,0.2500974189250894,1.1876440036864946,0.5676236936271886,0.053157318500028,0.1732556837052822,0.5371139006590488,0.0607705628494404,0.2084454577481325,1.1851409738889591,0.0,1.7320508075688772,0,3,0,3,0.0080497182889005,0.0102630221814923,0.0062740175981829,4875.233408511516
ens_champion_segmented6,valid_2025_09,2025-09-13,7,63,86,3.178156008057683,5128.119860958849,327.3494076112784,False,3.207194689209815,63,83,0.02903868115213193,0,3,1,0,9,5,1,2.9280615658563938,0.0724969247126382,0.2403595154690556,0.7509914172027573,0.7273478518958414,2.0548599643613787,0.7408793773324708,0.2500974189250894,1.1876440036864946,0.5676236936271886,0.053157318500028,0.1732556837052822,0.5371139006590488,0.0607705628494404,0.2084454577481325,1.1851409738889591,0.0,1.7320508075688772,0,3,0,3,0.0080497182889005,0.0102630221814923,0.0062740175981829,5128.119860958849
ens_champion_segmented6,valid_2025_09,2025-09-13,8,63,82,3.173922688547836,4628.798757870238,826.6705106998897,False,3.207194689209815,63,83,0.03327200066197866,0,1,1,0,9,5,1,2.9280615658563938,0.0724969247126382,0.2403595154690556,0.7509914172027573,0.7273478518958414,2.0548599643613787,0.7408793773324708,0.2500974189250894,1.1876440036864946,0.5676236936271886,0.053157318500028,0.1732556837052822,0.5371139006590488,0.0607705628494404,0.2084454577481325,1.1851409738889591,0.0,1.7320508075688772,0,3,0,3,0.0080497182889005,0.0102630221814923,0.0062740175981829,4628.798757870238
ens_champion_segmented6,valid_2025_09,2025-09-13,9,62,86,3.1683786025500646,5141.755177793536,313.71409077659155,False,3.207194689209815,63,83,0.038816086659750226,1,3,0,0,9,5,1,2.9280615658563938,0.0724969247126382,0.2403595154690556,0.7509914172027573,0.7273478518958414,2.0548599643613787,0.7408793773324708,0.2500974189250894,1.1876440036864946,0.5676236936271886,0.053157318500028,0.1732556837052822,0.5371139006590488,0.0607705628494404,0.2084454577481325,1.1851409738889591,0.0,1.7320508075688772,0,3,0,3,0.0080497182889005,0.0102630221814923,0.0062740175981829,5141.755177793536
ens_champion_segmented6,valid_2025_09,2025-09-13,10,62,82,3.164145283040217,4642.434074704925,813.0351938652029,False,3.207194689209815,63,83,0.04304940616959785,1,1,0,0,9,5,1,2.9280615658563938,0.0724969247126382,0.2403595154690556,0.7509914172027573,0.7273478518958414,2.0548599643613787,0.7408793773324708,0.2500974189250894,1.1876440036864946,0.5676236936271886,0.053157318500028,0.1732556837052822,0.5371139006590488,0.0607705628494404,0.2084454577481325,1.1851409738889591,0.0,1.7320508075688772,0,3,0,3,0.0080497182889005,0.0102630221814923,0.0062740175981829,4642.434074704925
ens_champion_segmented6,valid_2025_09,2025-09-14,1,53,69,12.17123186968081,37145.14178443348,648.8673789747918,False,12.17123186968081,53,69,0.0,0,0,1,1,9,6,1,2.9455716362873887,0.0645741680723797,0.2320422374931463,1.5945465643648895,0.5499541240746882,1.7960095830920877,0.4537061049539042,0.1876470300044529,0.7757594649739289,0.2715660773597533,0.0916784221130697,0.182140027594151,0.5659360334274787,0.0604258230879039,0.1931674580820435,0.2898299419090602,0.5773502691896258,0.0,0,0,1,0,0.0525036906332783,0.066657865447258,0.0378708010592739,37145.14178443348
ens_champion_segmented6,valid_2025_09,2025-09-14,2,52,69,12.118728179047531,36565.65672576847,1228.3524376397982,False,12.17123186968081,53,69,0.05250369063327831,1,0,0,1,9,6,1,2.9455716362873887,0.0645741680723797,0.2320422374931463,1.5945465643648895,0.5499541240746882,1.7960095830920877,0.4537061049539042,0.1876470300044529,0.7757594649739289,0.2715660773597533,0.0916784221130697,0.182140027594151,0.5659360334274787,0.0604258230879039,0.1931674580820435,0.2898299419090602,0.5773502691896258,0.0,0,0,1,0,0.0525036906332783,0.066657865447258,0.0378708010592739,36565.65672576847
ens_champion_segmented6,valid_2025_09,2025-09-14,3,53,70,12.085649338664345,35856.690240325166,1937.318923083105,False,12.17123186968081,53,69,0.08558253101646507,0,1,1,0,9,6,1,2.9455716362873887,0.0645741680723797,0.2320422374931463,1.5945465643648895,0.5499541240746882,1.7960095830920877,0.4537061049539042,0.1876470300044529,0.7757594649739289,0.2715660773597533,0.0916784221130697,0.182140027594151,0.5659360334274787,0.0604258230879039,0.1931674580820435,0.2898299419090602,0.5773502691896258,0.0,0,0,1,0,0.0525036906332783,0.066657865447258,0.0378708010592739,35856.690240325166
ens_champion_segmented6,valid_2025_09,2025-09-14,4,54,69,12.084904394092884,37209.704341559736,584.3048218485346,False,12.17123186968081,53,69,0.0863274755879253,1,0,0,1,9,6,1,2.9455716362873887,0.0645741680723797,0.2320422374931463,1.5945465643648895,0.5499541240746882,1.7960095830920877,0.4537061049539042,0.1876470300044529,0.7757594649739289,0.2715660773597533,0.0916784221130697,0.182140027594151,0.5659360334274787,0.0604258230879039,0.1931674580820435,0.2898299419090602,0.5773502691896258,0.0,0,0,1,0,0.0525036906332783,0.066657865447258,0.0378708010592739,37209.704341559736
ens_champion_segmented6,valid_2025_09,2025-09-14,5,53,68,12.062356239682195,37113.328166060426,680.6809973478448,False,12.17123186968081,53,69,0.10887562999861444,0,1,1,0,9,6,1,2.9455716362873887,0.0645741680723797,0.2320422374931463,1.5945465643648895,0.5499541240746882,1.7960095830920877,0.4537061049539042,0.1876470300044529,0.7757594649739289,0.2715660773597533,0.0916784221130697,0.182140027594151,0.5659360334274787,0.0604258230879039,0.1931674580820435,0.2898299419090602,0.5773502691896258,0.0,0,0,1,0,0.0525036906332783,0.066657865447258,0.0378708010592739,37113.328166060426
ens_champion_segmented6,valid_2025_09,2025-09-14,6,51,69,12.05430078012025,35931.81491875127,1862.1942446570029,False,12.17123186968081,53,69,0.11693108956055909,2,0,0,1,9,6,1,2.9455716362873887,0.0645741680723797,0.2320422374931463,1.5945465643648895,0.5499541240746882,1.7960095830920877,0.4537061049539042,0.1876470300044529,0.7757594649739289,0.2715660773597533,0.0916784221130697,0.182140027594151,0.5659360334274787,0.0604258230879039,0.1931674580820435,0.2898299419090602,0.5773502691896258,0.0,0,0,1,0,0.0525036906332783,0.066657865447258,0.0378708010592739,35931.81491875127
ens_champion_segmented6,valid_2025_09,2025-09-14,7,52,70,12.033145648031065,35277.20518166016,2516.8039817481117,False,12.17123186968081,53,69,0.13808622164974516,1,1,0,0,9,6,1,2.9455716362873887,0.0645741680723797,0.2320422374931463,1.5945465643648895,0.5499541240746882,1.7960095830920877,0.4537061049539042,0.1876470300044529,0.7757594649739289,0.2715660773597533,0.0916784221130697,0.182140027594151,0.5659360334274787,0.0604258230879039,0.1931674580820435,0.2898299419090602,0.5773502691896258,0.0,0,0,1,0,0.0525036906332783,0.066657865447258,0.0378708010592739,35277.20518166016
ens_champion_segmented6,valid_2025_09,2025-09-14,8,52,68,12.009852549048915,36533.84310739542,1260.1660560128512,False,12.17123186968081,53,69,0.16137932063189453,1,1,0,0,9,6,1,2.9455716362873887,0.0645741680723797,0.2320422374931463,1.5945465643648895,0.5499541240746882,1.7960095830920877,0.4537061049539042,0.1876470300044529,0.7757594649739289,0.2715660773597533,0.0916784221130697,0.182140027594151,0.5659360334274787,0.0604258230879039,0.1931674580820435,0.2898299419090602,0.5773502691896258,0.0,0,0,1,0,0.0525036906332783,0.066657865447258,0.0378708010592739,36533.84310739542
ens_champion_segmented6,valid_2025_09,2025-09-14,9,54,70,11.999321863076416,35921.25279745142,1872.756365956848,False,12.17123186968081,53,69,0.17191000660439393,1,1,0,0,9,6,1,2.9455716362873887,0.0645741680723797,0.2320422374931463,1.5945465643648895,0.5499541240746882,1.7960095830920877,0.4537061049539042,0.1876470300044529,0.7757594649739289,0.2715660773597533,0.0916784221130697,0.182140027594151,0.5659360334274787,0.0604258230879039,0.1931674580820435,0.2898299419090602,0.5773502691896258,0.0,0,0,1,0,0.0525036906332783,0.066657865447258,0.0378708010592739,35921.25279745142
ens_champion_segmented6,valid_2025_09,2025-09-14,10,54,68,11.976028764094268,37177.89072318668,616.1184402215877,False,12.17123186968081,53,69,0.19520310558654153,1,1,0,0,9,6,1,2.9455716362873887,0.0645741680723797,0.2320422374931463,1.5945465643648895,0.5499541240746882,1.7960095830920877,0.4537061049539042,0.1876470300044529,0.7757594649739289,0.2715660773597533,0.0916784221130697,0.182140027594151,0.5659360334274787,0.0604258230879039,0.1931674580820435,0.2898299419090602,0.5773502691896258,0.0,0,0,1,0,0.0525036906332783,0.066657865447258,0.0378708010592739,37177.89072318668
ens_champion_segmented6,valid_2025_09,2025-09-15,1,59,77,7.854685289905004,7158.064133935063,104.11642884946104,False,7.854685289905004,59,77,0.0,0,0,1,1,9,0,0,2.93349443088192,0.0711840508693066,0.2438098533814896,1.2022833801312105,0.6775353734005037,2.0093141013408577,0.5868784433776404,0.233082516156545,0.9991841200975216,0.4376455006431812,0.0626554924711386,0.149232942734459,0.4715737843389452,0.0607006900825475,0.1927003287916146,0.2457782231694346,1.1547005383792517,1.1547005383792517,2,0,2,2,0.0014189373685873,0.0045757027837316,0.0041571931340203,7158.064133935063
ens_champion_segmented6,valid_2025_09,2025-09-15,2,58,77,7.853266352536417,7158.064133935063,104.11642884946104,False,7.854685289905004,59,77,0.0014189373685873363,1,0,0,1,9,0,0,2.93349443088192,0.0711840508693066,0.2438098533814896,1.2022833801312105,0.6775353734005037,2.0093141013408577,0.5868784433776404,0.233082516156545,0.9991841200975216,0.4376455006431812,0.0626554924711386,0.149232942734459,0.4715737843389452,0.0607006900825475,0.1927003287916146,0.2457782231694346,1.1547005383792517,1.1547005383792517,2,0,2,2,0.0014189373685873,0.0045757027837316,0.0041571931340203,7158.064133935063
ens_champion_segmented6,valid_2025_09,2025-09-15,3,57,77,7.852184084987542,7158.064133935063,104.11642884946104,False,7.854685289905004,59,77,0.0025012049174621964,2,0,0,1,9,0,0,2.93349443088192,0.0711840508693066,0.2438098533814896,1.2022833801312105,0.6775353734005037,2.0093141013408577,0.5868784433776404,0.233082516156545,0.9991841200975216,0.4376455006431812,0.0626554924711386,0.149232942734459,0.4715737843389452,0.0607006900825475,0.1927003287916146,0.2457782231694346,1.1547005383792517,1.1547005383792517,2,0,2,2,0.0014189373685873,0.0045757027837316,0.0041571931340203,7158.064133935063
ens_champion_segmented6,valid_2025_09,2025-09-15,4,61,77,7.846454546481798,7158.064133935063,104.11642884946104,False,7.854685289905004,59,77,0.008230743423205844,2,0,0,1,9,0,0,2.93349443088192,0.0711840508693066,0.2438098533814896,1.2022833801312105,0.6775353734005037,2.0093141013408577,0.5868784433776404,0.233082516156545,0.9991841200975216,0.4376455006431812,0.0626554924711386,0.149232942734459,0.4715737843389452,0.0607006900825475,0.1927003287916146,0.2457782231694346,1.1547005383792517,1.1547005383792517,2,0,2,2,0.0014189373685873,0.0045757027837316,0.0041571931340203,7158.064133935063
ens_champion_segmented6,valid_2025_09,2025-09-15,5,60,77,7.843957661695597,7158.064133935063,104.11642884946104,False,7.854685289905004,59,77,0.010727628209407314,1,0,0,1,9,0,0,2.93349443088192,0.0711840508693066,0.2438098533814896,1.2022833801312105,0.6775353734005037,2.0093141013408577,0.5868784433776404,0.233082516156545,0.9991841200975216,0.4376455006431812,0.0626554924711386,0.149232942734459,0.4715737843389452,0.0607006900825475,0.1927003287916146,0.2457782231694346,1.1547005383792517,1.1547005383792517,2,0,2,2,0.0014189373685873,0.0045757027837316,0.0041571931340203,7158.064133935063
ens_champion_segmented6,valid_2025_09,2025-09-15,6,56,77,7.835576106989752,7158.064133935063,104.11642884946104,False,7.854685289905004,59,77,0.0191091829152521,3,0,0,1,9,0,0,2.93349443088192,0.0711840508693066,0.2438098533814896,1.2022833801312105,0.6775353734005037,2.0093141013408577,0.5868784433776404,0.233082516156545,0.9991841200975216,0.4376455006431812,0.0626554924711386,0.149232942734459,0.4715737843389452,0.0607006900825475,0.1927003287916146,0.2457782231694346,1.1547005383792517,1.1547005383792517,2,0,2,2,0.0014189373685873,0.0045757027837316,0.0041571931340203,7158.064133935063
ens_champion_segmented6,valid_2025_09,2025-09-15,7,59,76,7.832175225184874,7230.366944411482,31.81361837304212,False,7.854685289905004,59,77,0.022510064720130174,0,1,1,0,9,0,0,2.93349443088192,0.0711840508693066,0.2438098533814896,1.2022833801312105,0.6775353734005037,2.0093141013408577,0.5868784433776404,0.233082516156545,0.9991841200975216,0.4376455006431812,0.0626554924711386,0.149232942734459,0.4715737843389452,0.0607006900825475,0.1927003287916146,0.2457782231694346,1.1547005383792517,1.1547005383792517,2,0,2,2,0.0014189373685873,0.0045757027837316,0.0041571931340203,7230.366944411482
ens_champion_segmented6,valid_2025_09,2025-09-15,8,58,76,7.830756287816286,7230.366944411482,31.81361837304212,False,7.854685289905004,59,77,0.02392900208871751,1,1,0,0,9,0,0,2.93349443088192,0.0711840508693066,0.2438098533814896,1.2022833801312105,0.6775353734005037,2.0093141013408577,0.5868784433776404,0.233082516156545,0.9991841200975216,0.4376455006431812,0.0626554924711386,0.149232942734459,0.4715737843389452,0.0607006900825475,0.1927003287916146,0.2457782231694346,1.1547005383792517,1.1547005383792517,2,0,2,2,0.0014189373685873,0.0045757027837316,0.0041571931340203,7230.366944411482
ens_champion_segmented6,valid_2025_09,2025-09-15,9,57,76,7.8296740202674115,7230.366944411482,31.81361837304212,False,7.854685289905004,59,77,0.02501126963759237,2,1,0,0,9,0,0,2.93349443088192,0.0711840508693066,0.2438098533814896,1.2022833801312105,0.6775353734005037,2.0093141013408577,0.5868784433776404,0.233082516156545,0.9991841200975216,0.4376455006431812,0.0626554924711386,0.149232942734459,0.4715737843389452,0.0607006900825475,0.1927003287916146,0.2457782231694346,1.1547005383792517,1.1547005383792517,2,0,2,2,0.0014189373685873,0.0045757027837316,0.0041571931340203,7230.366944411482
ens_champion_segmented6,valid_2025_09,2025-09-15,10,61,76,7.823944481761668,7230.366944411482,31.81361837304212,False,7.854685289905004,59,77,0.030740808143336018,2,1,0,0,9,0,0,2.93349443088192,0.0711840508693066,0.2438098533814896,1.2022833801312105,0.6775353734005037,2.0093141013408577,0.5868784433776404,0.233082516156545,0.9991841200975216,0.4376455006431812,0.0626554924711386,0.149232942734459,0.4715737843389452,0.0607006900825475,0.1927003287916146,0.2457782231694346,1.1547005383792517,1.1547005383792517,2,0,2,2,0.0014189373685873,0.0045757027837316,0.0041571931340203,7230.366944411482
ens_champion_segmented6,valid_2025_09,2025-09-16,1,31,65,6.709663827440963,31713.85086582685,1081.6630246835084,False,6.709663827440963,31,65,0.0,0,0,1,1,9,1,0,2.92655635302006,0.0629251884621003,0.2121466914411622,2.007225687015619,0.3267788698503835,1.0258506811687371,0.3107140130630267,0.1088312163908663,0.4921807496671233,0.2133665604921664,0.0596249273703841,0.0973474525708603,0.3152928328168184,0.0608497903814811,0.1814880064681804,0.7207247844395478,0.5773502691896258,0.5773502691896257,1,1,1,1,0.0138642940977007,0.0205947829917025,0.0138712683699258,31713.85086582685
ens_champion_segmented6,valid_2025_09,2025-09-16,2,46,65,6.695799533343262,32795.51389051038,-2.182787284255028e-11,True,6.709663827440963,31,65,0.013864294097700736,15,0,0,1,9,1,0,2.92655635302006,0.0629251884621003,0.2121466914411622,2.007225687015619,0.3267788698503835,1.0258506811687371,0.3107140130630267,0.1088312163908663,0.4921807496671233,0.2133665604921664,0.0596249273703841,0.0973474525708603,0.3152928328168184,0.0608497903814811,0.1814880064681804,0.7207247844395478,0.5773502691896258,0.5773502691896257,1,1,1,1,0.0138642940977007,0.0205947829917025,0.0138712683699258,32795.51389051038
ens_champion_segmented6,valid_2025_09,2025-09-16,3,32,65,6.692528331730198,31687.448743939065,1108.0651465712945,False,6.709663827440963,31,65,0.01713549571076456,1,0,0,1,9,1,0,2.92655635302006,0.0629251884621003,0.2121466914411622,2.007225687015619,0.3267788698503835,1.0258506811687371,0.3107140130630267,0.1088312163908663,0.4921807496671233,0.2133665604921664,0.0596249273703841,0.0973474525708603,0.3152928328168184,0.0608497903814811,0.1814880064681804,0.7207247844395478,0.5773502691896258,0.5773502691896257,1,1,1,1,0.0138642940977007,0.0205947829917025,0.0138712683699258,31687.448743939065
ens_champion_segmented6,valid_2025_09,2025-09-16,4,31,64,6.675521304603997,28373.42093665716,4422.0929538532,False,6.709663827440963,31,65,0.03414252283696584,0,1,1,0,9,1,0,2.92655635302006,0.0629251884621003,0.2121466914411622,2.007225687015619,0.3267788698503835,1.0258506811687371,0.3107140130630267,0.1088312163908663,0.4921807496671233,0.2133665604921664,0.0596249273703841,0.0973474525708603,0.3152928328168184,0.0608497903814811,0.1814880064681804,0.7207247844395478,0.5773502691896258,0.5773502691896257,1,1,1,1,0.0138642940977007,0.0205947829917025,0.0138712683699258,28373.42093665716
ens_champion_segmented6,valid_2025_09,2025-09-16,5,31,66,6.671832225127879,31713.85086582686,1081.6630246835011,False,6.709663827440963,31,65,0.03783160231308358,0,1,1,0,9,1,0,2.92655635302006,0.0629251884621003,0.2121466914411622,2.007225687015619,0.3267788698503835,1.0258506811687371,0.3107140130630267,0.1088312163908663,0.4921807496671233,0.2133665604921664,0.0596249273703841,0.0973474525708603,0.3152928328168184,0.0608497903814811,0.1814880064681804,0.7207247844395478,0.5773502691896258,0.5773502691896257,1,1,1,1,0.0138642940977007,0.0205947829917025,0.0138712683699258,31713.85086582686
ens_champion_segmented6,valid_2025_09,2025-09-16,6,46,64,6.661657010506296,29455.08396134068,3340.4299291696807,False,6.709663827440963,31,65,0.048006816934666574,15,1,0,0,9,1,0,2.92655635302006,0.0629251884621003,0.2121466914411622,2.007225687015619,0.3267788698503835,1.0258506811687371,0.3107140130630267,0.1088312163908663,0.4921807496671233,0.2133665604921664,0.0596249273703841,0.0973474525708603,0.3152928328168184,0.0608497903814811,0.1814880064681804,0.7207247844395478,0.5773502691896258,0.5773502691896257,1,1,1,1,0.0138642940977007,0.0205947829917025,0.0138712683699258,29455.08396134068
ens_champion_segmented6,valid_2025_09,2025-09-16,7,32,64,6.658385808893232,28347.01881476937,4448.49507574099,False,6.709663827440963,31,65,0.0512780185477304,1,1,0,0,9,1,0,2.92655635302006,0.0629251884621003,0.2121466914411622,2.007225687015619,0.3267788698503835,1.0258506811687371,0.3107140130630267,0.1088312163908663,0.4921807496671233,0.2133665604921664,0.0596249273703841,0.0973474525708603,0.3152928328168184,0.0608497903814811,0.1814880064681804,0.7207247844395478,0.5773502691896258,0.5773502691896257,1,1,1,1,0.0138642940977007,0.0205947829917025,0.0138712683699258,28347.01881476937
ens_champion_segmented6,valid_2025_09,2025-09-16,8,46,66,6.6579679310301785,32795.51389051038,-2.182787284255028e-11,False,6.709663827440963,31,65,0.051695896410784314,15,1,0,0,9,1,0,2.92655635302006,0.0629251884621003,0.2121466914411622,2.007225687015619,0.3267788698503835,1.0258506811687371,0.3107140130630267,0.1088312163908663,0.4921807496671233,0.2133665604921664,0.0596249273703841,0.0973474525708603,0.3152928328168184,0.0608497903814811,0.1814880064681804,0.7207247844395478,0.5773502691896258,0.5773502691896257,1,1,1,1,0.0138642940977007,0.0205947829917025,0.0138712683699258,32795.51389051038
ens_champion_segmented6,valid_2025_09,2025-09-16,9,32,66,6.654696729417115,31687.448743939072,1108.0651465712872,False,6.709663827440963,31,65,0.05496709802384814,1,1,0,0,9,1,0,2.92655635302006,0.0629251884621003,0.2121466914411622,2.007225687015619,0.3267788698503835,1.0258506811687371,0.3107140130630267,0.1088312163908663,0.4921807496671233,0.2133665604921664,0.0596249273703841,0.0973474525708603,0.3152928328168184,0.0608497903814811,0.1814880064681804,0.7207247844395478,0.5773502691896258,0.5773502691896257,1,1,1,1,0.0138642940977007,0.0205947829917025,0.0138712683699258,31687.448743939072
ens_champion_segmented6,valid_2025_09,2025-09-16,10,47,65,6.65297068124449,32795.51389051038,-2.182787284255028e-11,False,6.709663827440963,31,65,0.05669314619647281,16,0,0,1,9,1,0,2.92655635302006,0.0629251884621003,0.2121466914411622,2.007225687015619,0.3267788698503835,1.0258506811687371,0.3107140130630267,0.1088312163908663,0.4921807496671233,0.2133665604921664,0.0596249273703841,0.0973474525708603,0.3152928328168184,0.0608497903814811,0.1814880064681804,0.7207247844395478,0.5773502691896258,0.5773502691896257,1,1,1,1,0.0138642940977007,0.0205947829917025,0.0138712683699258,32795.51389051038
ens_champion_segmented6,valid_2025_09,2025-09-17,1,51,69,12.155637756268888,29456.74463221976,5362.751659183683,False,12.155637756268888,51,69,0.0,0,0,1,1,9,2,0,2.917400962601965,0.0714933184503014,0.2514819462193012,2.129132556859067,0.5923112350120548,1.682357415863442,0.2650091567688213,0.2083145725502173,0.6369756860171679,0.0918472959928794,0.014261341106309,0.1731618607759419,0.547450626547067,0.0610169431239763,0.1697939950053865,0.585134383198761,2.0,0.5773502691896257,2,1,2,1,0.0138059487036628,0.0265021768685613,0.0224768230588553,29456.74463221976
ens_champion_segmented6,valid_2025_09,2025-09-17,2,50,69,12.141831807565223,29298.59277256368,5520.903518839765,False,12.155637756268888,51,69,0.013805948703664583,1,0,0,1,9,2,0,2.917400962601965,0.0714933184503014,0.2514819462193012,2.129132556859067,0.5923112350120548,1.682357415863442,0.2650091567688213,0.2083145725502173,0.6369756860171679,0.0918472959928794,0.014261341106309,0.1731618607759419,0.547450626547067,0.0610169431239763,0.1697939950053865,0.585134383198761,2.0,0.5773502691896257,2,1,2,1,0.0138059487036628,0.0265021768685613,0.0224768230588553,29298.59277256368
ens_champion_segmented6,valid_2025_09,2025-09-17,3,52,69,12.13495192688535,30055.801428907864,4763.694862495577,False,12.155637756268888,51,69,0.020685829383538135,1,0,0,1,9,2,0,2.917400962601965,0.0714933184503014,0.2514819462193012,2.129132556859067,0.5923112350120548,1.682357415863442,0.2650091567688213,0.2083145725502173,0.6369756860171679,0.0918472959928794,0.014261341106309,0.1731618607759419,0.547450626547067,0.0610169431239763,0.1697939950053865,0.585134383198761,2.0,0.5773502691896257,2,1,2,1,0.0138059487036628,0.0265021768685613,0.0224768230588553,30055.801428907864
ens_champion_segmented6,valid_2025_09,2025-09-17,4,49,69,12.124170785839922,29075.897443952363,5743.598847451078,False,12.155637756268888,51,69,0.031466970428965624,2,0,0,1,9,2,0,2.917400962601965,0.0714933184503014,0.2514819462193012,2.129132556859067,0.5923112350120548,1.682357415863442,0.2650091567688213,0.2083145725502173,0.6369756860171679,0.0918472959928794,0.014261341106309,0.1731618607759419,0.547450626547067,0.0610169431239763,0.1697939950053865,0.585134383198761,2.0,0.5773502691896257,2,1,2,1,0.0138059487036628,0.0265021768685613,0.0224768230588553,29075.897443952363
ens_champion_segmented6,valid_2025_09,2025-09-17,5,53,69,12.089085620442248,31031.219693672763,3788.276597730677,False,12.155637756268888,51,69,0.06655213582664032,2,0,0,1,9,2,0,2.917400962601965,0.0714933184503014,0.2514819462193012,2.129132556859067,0.5923112350120548,1.682357415863442,0.2650091567688213,0.2083145725502173,0.6369756860171679,0.0918472959928794,0.014261341106309,0.1731618607759419,0.547450626547067,0.0610169431239763,0.1697939950053865,0.585134383198761,2.0,0.5773502691896257,2,1,2,1,0.0138059487036628,0.0265021768685613,0.0224768230588553,31031.219693672763
ens_champion_segmented6,valid_2025_09,2025-09-17,6,51,68,12.00873347022663,32799.846905332786,2019.649386070654,False,12.155637756268888,51,69,0.14690428604225758,0,1,1,0,9,2,0,2.917400962601965,0.0714933184503014,0.2514819462193012,2.129132556859067,0.5923112350120548,1.682357415863442,0.2650091567688213,0.2083145725502173,0.6369756860171679,0.0918472959928794,0.014261341106309,0.1731618607759419,0.547450626547067,0.0610169431239763,0.1697939950053865,0.585134383198761,2.0,0.5773502691896257,2,1,2,1,0.0138059487036628,0.0265021768685613,0.0224768230588553,32799.846905332786
ens_champion_segmented6,valid_2025_09,2025-09-17,7,51,70,11.998982294047252,25658.19859847821,9161.297692925227,False,12.155637756268888,51,69,0.15665546222163584,0,1,1,0,9,2,0,2.917400962601965,0.0714933184503014,0.2514819462193012,2.129132556859067,0.5923112350120548,1.682357415863442,0.2650091567688213,0.2083145725502173,0.6369756860171679,0.0918472959928794,0.014261341106309,0.1731618607759419,0.547450626547067,0.0610169431239763,0.1697939950053865,0.585134383198761,2.0,0.5773502691896257,2,1,2,1,0.0138059487036628,0.0265021768685613,0.0224768230588553,25658.19859847821
ens_champion_segmented6,valid_2025_09,2025-09-17,8,54,69,11.995079468324462,31256.92140922033,3562.574882183111,False,12.155637756268888,51,69,0.16055828794442562,3,0,0,1,9,2,0,2.917400962601965,0.0714933184503014,0.2514819462193012,2.129132556859067,0.5923112350120548,1.682357415863442,0.2650091567688213,0.2083145725502173,0.6369756860171679,0.0918472959928794,0.014261341106309,0.1731618607759419,0.547450626547067,0.0610169431239763,0.1697939950053865,0.585134383198761,2.0,0.5773502691896257,2,1,2,1,0.0138059487036628,0.0265021768685613,0.0224768230588553,31256.92140922033
ens_champion_segmented6,valid_2025_09,2025-09-17,9,50,68,11.994927521522968,32641.695045676697,2177.801245726743,False,12.155637756268888,51,69,0.1607102347459204,1,1,0,0,9,2,0,2.917400962601965,0.0714933184503014,0.2514819462193012,2.129132556859067,0.5923112350120548,1.682357415863442,0.2650091567688213,0.2083145725502173,0.6369756860171679,0.0918472959928794,0.014261341106309,0.1731618607759419,0.547450626547067,0.0610169431239763,0.1697939950053865,0.585134383198761,2.0,0.5773502691896257,2,1,2,1,0.0138059487036628,0.0265021768685613,0.0224768230588553,32641.695045676697
ens_champion_segmented6,valid_2025_09,2025-09-17,10,52,68,11.988047640843092,33398.903702020885,1420.5925893825552,False,12.155637756268888,51,69,0.16759011542579572,1,1,0,0,9,2,0,2.917400962601965,0.0714933184503014,0.2514819462193012,2.129132556859067,0.5923112350120548,1.682357415863442,0.2650091567688213,0.2083145725502173,0.6369756860171679,0.0918472959928794,0.014261341106309,0.1731618607759419,0.547450626547067,0.0610169431239763,0.1697939950053865,0.585134383198761,2.0,0.5773502691896257,2,1,2,1,0.0138059487036628,0.0265021768685613,0.0224768230588553,33398.903702020885
ens_champion_segmented6,valid_2025_09,2025-09-18,1,46,68,9.468193577622031,27114.74693934602,5033.881560614303,False,9.468193577622031,46,68,0.0,0,0,1,1,9,3,0,2.8729877238445947,0.0634926258085953,0.2369722934940434,2.0742018214692712,0.498245355619653,1.4562277391304042,0.2773746976867062,0.1733275203096804,0.5925070405950408,0.131119056997555,0.0259005391970102,0.1462556406891511,0.4776863355941765,0.0620174261435263,0.1783121256980714,0.4181773256288785,0.0,1.0,0,1,0,1,0.0504813644611346,0.087871294978111,0.0562869133972033,27114.74693934602
ens_champion_segmented6,valid_2025_09,2025-09-18,2,46,69,9.417712213160897,26946.13476196888,5202.4937379914445,False,9.468193577622031,46,68,0.050481364461134604,0,1,1,0,9,3,0,2.8729877238445947,0.0634926258085953,0.2369722934940434,2.0742018214692712,0.498245355619653,1.4562277391304042,0.2773746976867062,0.1733275203096804,0.5925070405950408,0.131119056997555,0.0259005391970102,0.1462556406891511,0.4776863355941765,0.0620174261435263,0.1783121256980714,0.4181773256288785,0.0,1.0,0,1,0,1,0.0504813644611346,0.087871294978111,0.0562869133972033,26946.13476196888
ens_champion_segmented6,valid_2025_09,2025-09-18,3,46,67,9.37008789002948,27283.359116723157,4865.26938323717,False,9.468193577622031,46,68,0.09810568759255212,0,1,1,0,9,3,0,2.8729877238445947,0.0634926258085953,0.2369722934940434,2.0742018214692712,0.498245355619653,1.4562277391304042,0.2773746976867062,0.1733275203096804,0.5925070405950408,0.131119056997555,0.0259005391970102,0.1462556406891511,0.4776863355941765,0.0620174261435263,0.1783121256980714,0.4181773256288785,0.0,1.0,0,1,0,1,0.0504813644611346,0.087871294978111,0.0562869133972033,27283.359116723157
ens_champion_segmented6,valid_2025_09,2025-09-18,4,45,68,9.32364036493012,25240.924817173684,6907.70368278664,False,9.468193577622031,46,68,0.14455321269191224,1,0,0,1,9,3,0,2.8729877238445947,0.0634926258085953,0.2369722934940434,2.0742018214692712,0.498245355619653,1.4562277391304042,0.2773746976867062,0.1733275203096804,0.5925070405950408,0.131119056997555,0.0259005391970102,0.1462556406891511,0.4776863355941765,0.0620174261435263,0.1783121256980714,0.4181773256288785,0.0,1.0,0,1,0,1,0.0504813644611346,0.087871294978111,0.0562869133972033,25240.924817173684
ens_champion_segmented6,valid_2025_09,2025-09-18,5,47,68,9.321977367477077,28333.208523033634,3815.419976926689,False,9.468193577622031,46,68,0.14621621014495467,1,0,0,1,9,3,0,2.8729877238445947,0.0634926258085953,0.2369722934940434,2.0742018214692712,0.498245355619653,1.4562277391304042,0.2773746976867062,0.1733275203096804,0.5925070405950408,0.131119056997555,0.0259005391970102,0.1462556406891511,0.4776863355941765,0.0620174261435263,0.1783121256980714,0.4181773256288785,0.0,1.0,0,1,0,1,0.0504813644611346,0.087871294978111,0.0562869133972033,28333.208523033634
ens_champion_segmented6,valid_2025_09,2025-09-18,6,45,69,9.273159000468986,25072.312639796542,7076.315860163781,False,9.468193577622031,46,68,0.19503457715304506,1,1,0,0,9,3,0,2.8729877238445947,0.0634926258085953,0.2369722934940434,2.0742018214692712,0.498245355619653,1.4562277391304042,0.2773746976867062,0.1733275203096804,0.5925070405950408,0.131119056997555,0.0259005391970102,0.1462556406891511,0.4776863355941765,0.0620174261435263,0.1783121256980714,0.4181773256288785,0.0,1.0,0,1,0,1,0.0504813644611346,0.087871294978111,0.0562869133972033,25072.312639796542
ens_champion_segmented6,valid_2025_09,2025-09-18,7,47,69,9.27149600301594,28164.596345656493,3984.03215430383,False,9.468193577622031,46,68,0.19669757460609105,1,1,0,0,9,3,0,2.8729877238445947,0.0634926258085953,0.2369722934940434,2.0742018214692712,0.498245355619653,1.4562277391304042,0.2773746976867062,0.1733275203096804,0.5925070405950408,0.131119056997555,0.0259005391970102,0.1462556406891511,0.4776863355941765,0.0620174261435263,0.1783121256980714,0.4181773256288785,0.0,1.0,0,1,0,1,0.0504813644611346,0.087871294978111,0.0562869133972033,28164.596345656493
ens_champion_segmented6,valid_2025_09,2025-09-18,8,46,70,9.226551095242144,26764.797137242524,5383.8313627178,False,9.468193577622031,46,68,0.24164248237988772,0,2,1,0,9,3,0,2.8729877238445947,0.0634926258085953,0.2369722934940434,2.0742018214692712,0.498245355619653,1.4562277391304042,0.2773746976867062,0.1733275203096804,0.5925070405950408,0.131119056997555,0.0259005391970102,0.1462556406891511,0.4776863355941765,0.0620174261435263,0.1783121256980714,0.4181773256288785,0.0,1.0,0,1,0,1,0.0504813644611346,0.087871294978111,0.0562869133972033,26764.797137242524
ens_champion_segmented6,valid_2025_09,2025-09-18,9,45,67,9.22553467733757,25409.53699455082,6739.091505409502,False,9.468193577622031,46,68,0.2426589002844608,1,1,0,0,9,3,0,2.8729877238445947,0.0634926258085953,0.2369722934940434,2.0742018214692712,0.498245355619653,1.4562277391304042,0.2773746976867062,0.1733275203096804,0.5925070405950408,0.131119056997555,0.0259005391970102,0.1462556406891511,0.4776863355941765,0.0620174261435263,0.1783121256980714,0.4181773256288785,0.0,1.0,0,1,0,1,0.0504813644611346,0.087871294978111,0.0562869133972033,25409.53699455082
ens_champion_segmented6,valid_2025_09,2025-09-18,10,47,67,9.223871679884525,28501.820700410768,3646.807799549555,False,9.468193577622031,46,68,0.2443218977375068,1,1,0,0,9,3,0,2.8729877238445947,0.0634926258085953,0.2369722934940434,2.0742018214692712,0.498245355619653,1.4562277391304042,0.2773746976867062,0.1733275203096804,0.5925070405950408,0.131119056997555,0.0259005391970102,0.1462556406891511,0.4776863355941765,0.0620174261435263,0.1783121256980714,0.4181773256288785,0.0,1.0,0,1,0,1,0.0504813644611346,0.087871294978111,0.0562869133972033,28501.820700410768
ens_champion_segmented6,valid_2025_09,2025-09-19,1,46,70,11.195729220043368,4234.503953116559,9391.504216834466,False,11.195729220043368,46,70,0.0,0,0,1,1,9,4,0,2.7422936837151948,0.0603388697419404,0.2054423763104966,1.918798797669515,0.4886194274388297,1.4907879225984284,0.2977340467000877,0.178778352985077,0.6302649815078164,0.125511158761038,0.0495255096121715,0.1722228879390495,0.5621752899001448,0.0649435832188193,0.1884538129775352,0.1557314008315362,1.1547005383792517,0.5773502691896257,0,1,2,1,0.0133454730293109,0.0363889829979999,0.0250171977896285,4234.503953116559
ens_champion_segmented6,valid_2025_09,2025-09-19,2,47,70,11.182383747014056,4234.503953116559,9391.504216834466,False,11.195729220043368,46,70,0.013345473029312771,1,0,0,1,9,4,0,2.7422936837151948,0.0603388697419404,0.2054423763104966,1.918798797669515,0.4886194274388297,1.4907879225984284,0.2977340467000877,0.178778352985077,0.6302649815078164,0.125511158761038,0.0495255096121715,0.1722228879390495,0.5621752899001448,0.0649435832188193,0.1884538129775352,0.1557314008315362,1.1547005383792517,0.5773502691896257,0,1,2,1,0.0133454730293109,0.0363889829979999,0.0250171977896285,4234.503953116559
ens_champion_segmented6,valid_2025_09,2025-09-19,3,46,71,11.147333630700494,5484.779155177218,8141.229014773807,False,11.195729220043368,46,70,0.048395589342874246,0,1,1,0,9,4,0,2.7422936837151948,0.0603388697419404,0.2054423763104966,1.918798797669515,0.4886194274388297,1.4907879225984284,0.2977340467000877,0.178778352985077,0.6302649815078164,0.125511158761038,0.0495255096121715,0.1722228879390495,0.5621752899001448,0.0649435832188193,0.1884538129775352,0.1557314008315362,1.1547005383792517,0.5773502691896257,0,1,2,1,0.0133454730293109,0.0363889829979999,0.0250171977896285,5484.779155177218
ens_champion_segmented6,valid_2025_09,2025-09-19,4,48,70,11.13726642979774,4234.503953116559,9391.504216834466,False,11.195729220043368,46,70,0.058462790245627616,2,0,0,1,9,4,0,2.7422936837151948,0.0603388697419404,0.2054423763104966,1.918798797669515,0.4886194274388297,1.4907879225984284,0.2977340467000877,0.178778352985077,0.6302649815078164,0.125511158761038,0.0495255096121715,0.1722228879390495,0.5621752899001448,0.0649435832188193,0.1884538129775352,0.1557314008315362,1.1547005383792517,0.5773502691896257,0,1,2,1,0.0133454730293109,0.0363889829979999,0.0250171977896285,4234.503953116559
ens_champion_segmented6,valid_2025_09,2025-09-19,5,47,71,11.133988157671183,5484.779155177218,8141.229014773807,False,11.195729220043368,46,70,0.06174106237218524,1,1,0,0,9,4,0,2.7422936837151948,0.0603388697419404,0.2054423763104966,1.918798797669515,0.4886194274388297,1.4907879225984284,0.2977340467000877,0.178778352985077,0.6302649815078164,0.125511158761038,0.0495255096121715,0.1722228879390495,0.5621752899001448,0.0649435832188193,0.1884538129775352,0.1557314008315362,1.1547005383792517,0.5773502691896257,0,1,2,1,0.0133454730293109,0.0363889829979999,0.0250171977896285,5484.779155177218
ens_champion_segmented6,valid_2025_09,2025-09-19,6,48,71,11.088870840454868,5484.779155177218,8141.229014773807,False,11.195729220043368,46,70,0.10685837958850009,2,1,0,0,9,4,0,2.7422936837151948,0.0603388697419404,0.2054423763104966,1.918798797669515,0.4886194274388297,1.4907879225984284,0.2977340467000877,0.178778352985077,0.6302649815078164,0.125511158761038,0.0495255096121715,0.1722228879390495,0.5621752899001448,0.0649435832188193,0.1884538129775352,0.1557314008315362,1.1547005383792517,0.5773502691896257,0,1,2,1,0.0133454730293109,0.0363889829979999,0.0250171977896285,5484.779155177218
ens_champion_segmented6,valid_2025_09,2025-09-19,7,46,69,11.04613743533752,4298.131189862648,9327.876980088377,False,11.195729220043368,46,70,0.14959178470584789,0,1,1,0,9,4,0,2.7422936837151948,0.0603388697419404,0.2054423763104966,1.918798797669515,0.4886194274388297,1.4907879225984284,0.2977340467000877,0.178778352985077,0.6302649815078164,0.125511158761038,0.0495255096121715,0.1722228879390495,0.5621752899001448,0.0649435832188193,0.1884538129775352,0.1557314008315362,1.1547005383792517,0.5773502691896257,0,1,2,1,0.0133454730293109,0.0363889829979999,0.0250171977896285,4298.131189862648
ens_champion_segmented6,valid_2025_09,2025-09-19,8,49,70,11.044478520977052,4234.503953116559,9391.504216834466,False,11.195729220043368,46,70,0.15125069906631694,3,0,0,1,9,4,0,2.7422936837151948,0.0603388697419404,0.2054423763104966,1.918798797669515,0.4886194274388297,1.4907879225984284,0.2977340467000877,0.178778352985077,0.6302649815078164,0.125511158761038,0.0495255096121715,0.1722228879390495,0.5621752899001448,0.0649435832188193,0.1884538129775352,0.1557314008315362,1.1547005383792517,0.5773502691896257,0,1,2,1,0.0133454730293109,0.0363889829979999,0.0250171977896285,4234.503953116559
ens_champion_segmented6,valid_2025_09,2025-09-19,9,47,69,11.03279196230821,4298.131189862648,9327.876980088377,False,11.195729220043368,46,70,0.16293725773515888,1,1,0,0,9,4,0,2.7422936837151948,0.0603388697419404,0.2054423763104966,1.918798797669515,0.4886194274388297,1.4907879225984284,0.2977340467000877,0.178778352985077,0.6302649815078164,0.125511158761038,0.0495255096121715,0.1722228879390495,0.5621752899001448,0.0649435832188193,0.1884538129775352,0.1557314008315362,1.1547005383792517,0.5773502691896257,0,1,2,1,0.0133454730293109,0.0363889829979999,0.0250171977896285,4298.131189862648
ens_champion_segmented6,valid_2025_09,2025-09-19,10,49,71,10.996082931634175,5484.779155177218,8141.229014773807,False,11.195729220043368,46,70,0.19964628840919296,3,1,0,0,9,4,0,2.7422936837151948,0.0603388697419404,0.2054423763104966,1.918798797669515,0.4886194274388297,1.4907879225984284,0.2977340467000877,0.178778352985077,0.6302649815078164,0.125511158761038,0.0495255096121715,0.1722228879390495,0.5621752899001448,0.0649435832188193,0.1884538129775352,0.1557314008315362,1.1547005383792517,0.5773502691896257,0,1,2,1,0.0133454730293109,0.0363889829979999,0.0250171977896285,5484.779155177218
ens_champion_segmented6,valid_2025_09,2025-09-20,1,47,65,6.6587123594741655,13972.541189441246,640.4367701059273,False,6.6587123594741655,47,65,0.0,0,0,1,1,9,5,1,2.794857644502497,0.0577929094874657,0.1916059602510804,1.9619626622896733,0.3609541461847234,1.0754001984864312,0.2915417433765485,0.140078419315136,0.5478140582435062,0.1774340256006775,0.0353220802867454,0.1141077177758709,0.3754915691835341,0.0637097171161164,0.1849290073269456,0.2260403003491184,0.5773502691896258,0.5773502691896257,1,1,0,0,0.036582672574525,0.0436310545253588,0.0243722142765073,13972.541189441246
ens_champion_segmented6,valid_2025_09,2025-09-20,2,47,64,6.62212968689964,13189.926177464346,1423.051782082828,False,6.6587123594741655,47,65,0.03658267257452508,0,1,1,0,9,5,1,2.794857644502497,0.0577929094874657,0.1916059602510804,1.9619626622896733,0.3609541461847234,1.0754001984864312,0.2915417433765485,0.140078419315136,0.5478140582435062,0.1774340256006775,0.0353220802867454,0.1141077177758709,0.3754915691835341,0.0637097171161164,0.1849290073269456,0.2260403003491184,0.5773502691896258,0.5773502691896257,1,1,0,0,0.036582672574525,0.0436310545253588,0.0243722142765073,13189.926177464346
ens_champion_segmented6,valid_2025_09,2025-09-20,3,46,65,6.604695743233123,13972.541189441246,640.4367701059273,False,6.6587123594741655,47,65,0.054016616241042925,1,0,0,1,9,5,1,2.794857644502497,0.0577929094874657,0.1916059602510804,1.9619626622896733,0.3609541461847234,1.0754001984864312,0.2915417433765485,0.140078419315136,0.5478140582435062,0.1774340256006775,0.0353220802867454,0.1141077177758709,0.3754915691835341,0.0637097171161164,0.1849290073269456,0.2260403003491184,0.5773502691896258,0.5773502691896257,1,1,0,0,0.036582672574525,0.0436310545253588,0.0243722142765073,13972.541189441246
ens_champion_segmented6,valid_2025_09,2025-09-20,4,47,66,6.601899188916661,14214.324689076386,398.6532704707879,False,6.6587123594741655,47,65,0.05681317055750412,0,1,1,0,9,5,1,2.794857644502497,0.0577929094874657,0.1916059602510804,1.9619626622896733,0.3609541461847234,1.0754001984864312,0.2915417433765485,0.140078419315136,0.5478140582435062,0.1774340256006775,0.0353220802867454,0.1141077177758709,0.3754915691835341,0.0637097171161164,0.1849290073269456,0.2260403003491184,0.5773502691896258,0.5773502691896257,1,1,0,0,0.036582672574525,0.0436310545253588,0.0243722142765073,14214.324689076386
ens_champion_segmented6,valid_2025_09,2025-09-20,5,48,65,6.587969546220442,13962.06814627284,650.9098132743347,False,6.6587123594741655,47,65,0.07074281325372311,1,0,0,1,9,5,1,2.794857644502497,0.0577929094874657,0.1916059602510804,1.9619626622896733,0.3609541461847234,1.0754001984864312,0.2915417433765485,0.140078419315136,0.5478140582435062,0.1774340256006775,0.0353220802867454,0.1141077177758709,0.3754915691835341,0.0637097171161164,0.1849290073269456,0.2260403003491184,0.5773502691896258,0.5773502691896257,1,1,0,0,0.036582672574525,0.0436310545253588,0.0243722142765073,13962.06814627284
ens_champion_segmented6,valid_2025_09,2025-09-20,6,46,64,6.5681130706585975,13189.926177464346,1423.051782082828,False,6.6587123594741655,47,65,0.090599288815568,1,1,0,0,9,5,1,2.794857644502497,0.0577929094874657,0.1916059602510804,1.9619626622896733,0.3609541461847234,1.0754001984864312,0.2915417433765485,0.140078419315136,0.5478140582435062,0.1774340256006775,0.0353220802867454,0.1141077177758709,0.3754915691835341,0.0637097171161164,0.1849290073269456,0.2260403003491184,0.5773502691896258,0.5773502691896257,1,1,0,0,0.036582672574525,0.0436310545253588,0.0243722142765073,13189.926177464346
ens_champion_segmented6,valid_2025_09,2025-09-20,7,48,64,6.551386873645917,13179.453134295938,1433.5248252512356,False,6.6587123594741655,47,65,0.10732548582824819,1,1,0,0,9,5,1,2.794857644502497,0.0577929094874657,0.1916059602510804,1.9619626622896733,0.3609541461847234,1.0754001984864312,0.2915417433765485,0.140078419315136,0.5478140582435062,0.1774340256006775,0.0353220802867454,0.1141077177758709,0.3754915691835341,0.0637097171161164,0.1849290073269456,0.2260403003491184,0.5773502691896258,0.5773502691896257,1,1,0,0,0.036582672574525,0.0436310545253588,0.0243722142765073,13179.453134295938
ens_champion_segmented6,valid_2025_09,2025-09-20,8,46,66,6.5478825726756185,14214.324689076386,398.6532704707879,False,6.6587123594741655,47,65,0.11082978679854705,1,1,0,0,9,5,1,2.794857644502497,0.0577929094874657,0.1916059602510804,1.9619626622896733,0.3609541461847234,1.0754001984864312,0.2915417433765485,0.140078419315136,0.5478140582435062,0.1774340256006775,0.0353220802867454,0.1141077177758709,0.3754915691835341,0.0637097171161164,0.1849290073269456,0.2260403003491184,0.5773502691896258,0.5773502691896257,1,1,0,0,0.036582672574525,0.0436310545253588,0.0243722142765073,14214.324689076386
ens_champion_segmented6,valid_2025_09,2025-09-20,9,48,66,6.531156375662938,14203.85164590798,409.1263136391936,False,6.6587123594741655,47,65,0.12755598381122724,1,1,0,0,9,5,1,2.794857644502497,0.0577929094874657,0.1916059602510804,1.9619626622896733,0.3609541461847234,1.0754001984864312,0.2915417433765485,0.140078419315136,0.5478140582435062,0.1774340256006775,0.0353220802867454,0.1141077177758709,0.3754915691835341,0.0637097171161164,0.1849290073269456,0.2260403003491184,0.5773502691896258,0.5773502691896257,1,1,0,0,0.036582672574525,0.0436310545253588,0.0243722142765073,14203.85164590798
ens_champion_segmented6,valid_2025_09,2025-09-20,10,49,65,6.509031259529145,13472.415201807797,1140.562757739377,False,6.6587123594741655,47,65,0.14968109994502043,2,0,0,1,9,5,1,2.794857644502497,0.0577929094874657,0.1916059602510804,1.9619626622896733,0.3609541461847234,1.0754001984864312,0.2915417433765485,0.140078419315136,0.5478140582435062,0.1774340256006775,0.0353220802867454,0.1141077177758709,0.3754915691835341,0.0637097171161164,0.1849290073269456,0.2260403003491184,0.5773502691896258,0.5773502691896257,1,1,0,0,0.036582672574525,0.0436310545253588,0.0243722142765073,13472.415201807797
ens_champion_segmented6,valid_2025_09,2025-09-21,1,55,68,4.671142010928008,608.8967488508903,3205.0248066503414,False,4.671142010928008,55,68,0.0,0,0,1,1,9,6,1,2.86183212800686,0.0596968944336427,0.2133529071341264,1.708373739523261,0.3336255420704243,0.9597977487914272,0.3950377243041135,0.1270829117218841,0.5834856482767696,0.3049079005622567,0.0865110140326388,0.0901298237418566,0.2984781968250288,0.0622202956878889,0.1715846935964521,0.2102247696714899,0.5773502691896258,1.1547005383792517,0,2,1,2,0.0197052157585631,0.0216666525726951,0.0133414912331317,608.8967488508903
ens_champion_segmented6,valid_2025_09,2025-09-21,2,55,67,4.651436795169445,704.337603970024,3109.5839515312077,False,4.671142010928008,55,68,0.0197052157585631,0,1,1,0,9,6,1,2.86183212800686,0.0596968944336427,0.2133529071341264,1.708373739523261,0.3336255420704243,0.9597977487914272,0.3950377243041135,0.1270829117218841,0.5834856482767696,0.3049079005622567,0.0865110140326388,0.0901298237418566,0.2984781968250288,0.0622202956878889,0.1715846935964521,0.2102247696714899,0.5773502691896258,1.1547005383792517,0,2,1,2,0.0197052157585631,0.0216666525726951,0.0133414912331317,704.337603970024
ens_champion_segmented6,valid_2025_09,2025-09-21,3,56,68,4.648987436034332,572.7882919974841,3241.1332635037475,False,4.671142010928008,55,68,0.022154574893676227,1,0,0,1,9,6,1,2.86183212800686,0.0596968944336427,0.2133529071341264,1.708373739523261,0.3336255420704243,0.9597977487914272,0.3950377243041135,0.1270829117218841,0.5834856482767696,0.3049079005622567,0.0865110140326388,0.0901298237418566,0.2984781968250288,0.0622202956878889,0.1715846935964521,0.2102247696714899,0.5773502691896258,1.1547005383792517,0,2,1,2,0.0197052157585631,0.0216666525726951,0.0133414912331317,572.7882919974841
ens_champion_segmented6,valid_2025_09,2025-09-21,4,54,68,4.646528329369012,672.5239855969792,3141.397569904252,False,4.671142010928008,55,68,0.024613681558996348,1,0,0,1,9,6,1,2.86183212800686,0.0596968944336427,0.2133529071341264,1.708373739523261,0.3336255420704243,0.9597977487914272,0.3950377243041135,0.1270829117218841,0.5834856482767696,0.3049079005622567,0.0865110140326388,0.0901298237418566,0.2984781968250288,0.0622202956878889,0.1715846935964521,0.2102247696714899,0.5773502691896258,1.1547005383792517,0,2,1,2,0.0197052157585631,0.0216666525726951,0.0133414912331317,672.5239855969792
ens_champion_segmented6,valid_2025_09,2025-09-21,5,56,67,4.629282220275769,668.2291471166177,3145.692408384614,False,4.671142010928008,55,68,0.041859790652239326,1,1,0,0,9,6,1,2.86183212800686,0.0596968944336427,0.2133529071341264,1.708373739523261,0.3336255420704243,0.9597977487914272,0.3950377243041135,0.1270829117218841,0.5834856482767696,0.3049079005622567,0.0865110140326388,0.0901298237418566,0.2984781968250288,0.0622202956878889,0.1715846935964521,0.2102247696714899,0.5773502691896258,1.1547005383792517,0,2,1,2,0.0197052157585631,0.0216666525726951,0.0133414912331317,668.2291471166177
ens_champion_segmented6,valid_2025_09,2025-09-21,6,54,67,4.626823113610449,767.9648407161128,3045.9567147851185,False,4.671142010928008,55,68,0.04431889731755945,1,1,0,0,9,6,1,2.86183212800686,0.0596968944336427,0.2133529071341264,1.708373739523261,0.3336255420704243,0.9597977487914272,0.3950377243041135,0.1270829117218841,0.5834856482767696,0.3049079005622567,0.0865110140326388,0.0901298237418566,0.2984781968250288,0.0622202956878889,0.1715846935964521,0.2102247696714899,0.5773502691896258,1.1547005383792517,0,2,1,2,0.0197052157585631,0.0216666525726951,0.0133414912331317,767.9648407161128
ens_champion_segmented6,valid_2025_09,2025-09-21,7,55,66,4.580650673306074,805.9662078627152,3007.9553476385163,False,4.671142010928008,55,68,0.09049133762193406,0,2,1,0,9,6,1,2.86183212800686,0.0596968944336427,0.2133529071341264,1.708373739523261,0.3336255420704243,0.9597977487914272,0.3950377243041135,0.1270829117218841,0.5834856482767696,0.3049079005622567,0.0865110140326388,0.0901298237418566,0.2984781968250288,0.0622202956878889,0.1715846935964521,0.2102247696714899,0.5773502691896258,1.1547005383792517,0,2,1,2,0.0197052157585631,0.0216666525726951,0.0133414912331317,805.9662078627152
ens_champion_segmented6,valid_2025_09,2025-09-21,8,56,66,4.558496098412398,769.857751009309,3044.0638044919224,False,4.671142010928008,55,68,0.11264591251561029,1,2,0,0,9,6,1,2.86183212800686,0.0596968944336427,0.2133529071341264,1.708373739523261,0.3336255420704243,0.9597977487914272,0.3950377243041135,0.1270829117218841,0.5834856482767696,0.3049079005622567,0.0865110140326388,0.0901298237418566,0.2984781968250288,0.0622202956878889,0.1715846935964521,0.2102247696714899,0.5773502691896258,1.1547005383792517,0,2,1,2,0.0197052157585631,0.0216666525726951,0.0133414912331317,769.857751009309
ens_champion_segmented6,valid_2025_09,2025-09-21,9,54,66,4.556036991747078,869.593444608804,2944.3281108924275,False,4.671142010928008,55,68,0.11510501918093041,1,2,0,0,9,6,1,2.86183212800686,0.0596968944336427,0.2133529071341264,1.708373739523261,0.3336255420704243,0.9597977487914272,0.3950377243041135,0.1270829117218841,0.5834856482767696,0.3049079005622567,0.0865110140326388,0.0901298237418566,0.2984781968250288,0.0622202956878889,0.1715846935964521,0.2102247696714899,0.5773502691896258,1.1547005383792517,0,2,1,2,0.0197052157585631,0.0216666525726951,0.0133414912331317,869.593444608804
ens_champion_segmented6,valid_2025_09,2025-09-21,10,53,68,4.54926564945859,715.5232721899871,3098.3982833112445,False,4.671142010928008,55,68,0.12187636146941827,2,0,0,1,9,6,1,2.86183212800686,0.0596968944336427,0.2133529071341264,1.708373739523261,0.3336255420704243,0.9597977487914272,0.3950377243041135,0.1270829117218841,0.5834856482767696,0.3049079005622567,0.0865110140326388,0.0901298237418566,0.2984781968250288,0.0622202956878889,0.1715846935964521,0.2102247696714899,0.5773502691896258,1.1547005383792517,0,2,1,2,0.0197052157585631,0.0216666525726951,0.0133414912331317,715.5232721899871
ens_champion_segmented6,valid_2025_09,2025-09-22,1,46,69,8.441491012519904,95.44085511913369,2825.144752381494,False,8.441491012519904,46,69,0.0,0,0,1,1,9,0,0,2.919500882436628,0.0607991839838507,0.2262285583683336,1.432570439377522,0.4378468469126936,1.3536987039401969,0.4949267141977962,0.1537288205068416,0.7863973545446418,0.37142417208049,0.0338089241049957,0.1235025421173062,0.4122887443418497,0.0609991989048403,0.1796000607154761,0.5359788404198461,0.5773502691896258,0.5773502691896257,1,1,0,1,0.0146764741362233,0.027502378899566,0.017912467244796,95.44085511913369
ens_champion_segmented6,valid_2025_09,2025-09-22,2,47,69,8.426814538383681,-95.44085511913458,3016.0264626197622,False,8.441491012519904,46,69,0.014676474136223305,1,0,0,1,9,0,0,2.919500882436628,0.0607991839838507,0.2262285583683336,1.432570439377522,0.4378468469126936,1.3536987039401969,0.4949267141977962,0.1537288205068416,0.7863973545446418,0.37142417208049,0.0338089241049957,0.1235025421173062,0.4122887443418497,0.0609991989048403,0.1796000607154761,0.5359788404198461,0.5773502691896258,0.5773502691896257,1,1,0,1,0.0146764741362233,0.027502378899566,0.017912467244796,-95.44085511913458
ens_champion_segmented6,valid_2025_09,2025-09-22,3,46,70,8.40551856507707,31.81361837304486,2888.771989127583,False,8.441491012519904,46,69,0.03597244744283401,0,1,1,0,9,0,0,2.919500882436628,0.0607991839838507,0.2262285583683336,1.432570439377522,0.4378468469126936,1.3536987039401969,0.4949267141977962,0.1537288205068416,0.7863973545446418,0.37142417208049,0.0338089241049957,0.1235025421173062,0.4122887443418497,0.0609991989048403,0.1796000607154761,0.5359788404198461,0.5773502691896258,0.5773502691896257,1,1,0,1,0.0146764741362233,0.027502378899566,0.017912467244796,31.81361837304486
ens_champion_segmented6,valid_2025_09,2025-09-22,4,45,69,8.405276961180178,222.69532861131225,2697.890278889316,False,8.441491012519904,46,69,0.03621405133972644,1,0,0,1,9,0,0,2.919500882436628,0.0607991839838507,0.2262285583683336,1.432570439377522,0.4378468469126936,1.3536987039401969,0.4949267141977962,0.1537288205068416,0.7863973545446418,0.37142417208049,0.0338089241049957,0.1235025421173062,0.4122887443418497,0.0609991989048403,0.1796000607154761,0.5359788404198461,0.5773502691896258,0.5773502691896257,1,1,0,1,0.0146764741362233,0.027502378899566,0.017912467244796,222.69532861131225
ens_champion_segmented6,valid_2025_09,2025-09-22,5,47,70,8.390842090940847,-159.0680918652234,3079.653699365851,False,8.441491012519904,46,69,0.050648921579057316,1,1,0,0,9,0,0,2.919500882436628,0.0607991839838507,0.2262285583683336,1.432570439377522,0.4378468469126936,1.3536987039401969,0.4949267141977962,0.1537288205068416,0.7863973545446418,0.37142417208049,0.0338089241049957,0.1235025421173062,0.4122887443418497,0.0609991989048403,0.1796000607154761,0.5359788404198461,0.5773502691896258,0.5773502691896257,1,1,0,1,0.0146764741362233,0.027502378899566,0.017912467244796,-159.0680918652234
ens_champion_segmented6,valid_2025_09,2025-09-22,6,48,69,8.379478842827531,-159.0680918652234,3079.653699365851,False,8.441491012519904,46,69,0.06201216969237322,2,0,0,1,9,0,0,2.919500882436628,0.0607991839838507,0.2262285583683336,1.432570439377522,0.4378468469126936,1.3536987039401969,0.4949267141977962,0.1537288205068416,0.7863973545446418,0.37142417208049,0.0338089241049957,0.1235025421173062,0.4122887443418497,0.0609991989048403,0.1796000607154761,0.5359788404198461,0.5773502691896258,0.5773502691896257,1,1,0,1,0.0146764741362233,0.027502378899566,0.017912467244796,-159.0680918652234
ens_champion_segmented6,valid_2025_09,2025-09-22,7,45,70,8.369304513737344,159.0680918652234,2761.5175156354044,False,8.441491012519904,46,69,0.07218649878256045,1,1,0,0,9,0,0,2.919500882436628,0.0607991839838507,0.2262285583683336,1.432570439377522,0.4378468469126936,1.3536987039401969,0.4949267141977962,0.1537288205068416,0.7863973545446418,0.37142417208049,0.0338089241049957,0.1235025421173062,0.4122887443418497,0.0609991989048403,0.1796000607154761,0.5359788404198461,0.5773502691896258,0.5773502691896257,1,1,0,1,0.0146764741362233,0.027502378899566,0.017912467244796,159.0680918652234
ens_champion_segmented6,valid_2025_09,2025-09-22,8,44,69,8.363106323134502,318.1361837304468,2602.449423770181,False,8.441491012519904,46,69,0.07838468938540188,2,0,0,1,9,0,0,2.919500882436628,0.0607991839838507,0.2262285583683336,1.432570439377522,0.4378468469126936,1.3536987039401969,0.4949267141977962,0.1537288205068416,0.7863973545446418,0.37142417208049,0.0338089241049957,0.1235025421173062,0.4122887443418497,0.0609991989048403,0.1796000607154761,0.5359788404198461,0.5773502691896258,0.5773502691896257,1,1,0,1,0.0146764741362233,0.027502378899566,0.017912467244796,318.1361837304468
ens_champion_segmented6,valid_2025_09,2025-09-22,9,48,70,8.343506395384697,-222.69532861131225,3143.28093611194,False,8.441491012519904,46,69,0.09798461713520723,2,1,0,0,9,0,0,2.919500882436628,0.0607991839838507,0.2262285583683336,1.432570439377522,0.4378468469126936,1.3536987039401969,0.4949267141977962,0.1537288205068416,0.7863973545446418,0.37142417208049,0.0338089241049957,0.1235025421173062,0.4122887443418497,0.0609991989048403,0.1796000607154761,0.5359788404198461,0.5773502691896258,0.5773502691896257,1,1,0,1,0.0146764741362233,0.027502378899566,0.017912467244796,-222.69532861131225
ens_champion_segmented6,valid_2025_09,2025-09-22,10,44,70,8.327133875691668,254.508946984358,2666.07666051627,False,8.441491012519904,46,69,0.1143571368282359,2,1,0,0,9,0,0,2.919500882436628,0.0607991839838507,0.2262285583683336,1.432570439377522,0.4378468469126936,1.3536987039401969,0.4949267141977962,0.1537288205068416,0.7863973545446418,0.37142417208049,0.0338089241049957,0.1235025421173062,0.4122887443418497,0.0609991989048403,0.1796000607154761,0.5359788404198461,0.5773502691896258,0.5773502691896257,1,1,0,1,0.0146764741362233,0.027502378899566,0.017912467244796,254.508946984358
ens_champion_segmented6,valid_2025_09,2025-09-23,1,56,78,7.507495999740206,4030.381414911428,2141.056516505923,False,7.507495999740206,56,78,0.0,0,0,1,1,9,1,0,2.9242022162152224,0.0560543988608479,0.2006946552399315,1.194111531794446,0.7244830550964113,2.100055183285106,0.5798412352242246,0.2477370141305208,1.0276022356529078,0.4255585258650909,0.0617518685741589,0.1542827093591336,0.5060855064407762,0.0609133232530833,0.1822282552485598,0.1783309030123969,1.1547005383792517,1.1547005383792517,0,0,2,2,0.0167190077176453,0.0287720680639935,0.0183583103446687,4030.381414911428
ens_champion_segmented6,valid_2025_09,2025-09-23,2,56,79,7.49077699202256,3998.5677965383848,2172.8701348789664,False,7.507495999740206,56,78,0.01671900771764534,0,1,1,0,9,1,0,2.9242022162152224,0.0560543988608479,0.2006946552399315,1.194111531794446,0.7244830550964113,2.100055183285106,0.5798412352242246,0.2477370141305208,1.0276022356529078,0.4255585258650909,0.0617518685741589,0.1542827093591336,0.5060855064407762,0.0609133232530833,0.1822282552485598,0.1783309030123969,1.1547005383792517,1.1547005383792517,0,0,2,2,0.0167190077176453,0.0287720680639935,0.0183583103446687,3998.5677965383848
ens_champion_segmented6,valid_2025_09,2025-09-23,3,55,78,7.471806561251597,3107.786482093132,3063.65144932422,False,7.507495999740206,56,78,0.035689438488608616,1,0,0,1,9,1,0,2.9242022162152224,0.0560543988608479,0.2006946552399315,1.194111531794446,0.7244830550964113,2.100055183285106,0.5798412352242246,0.2477370141305208,1.0276022356529078,0.4255585258650909,0.0617518685741589,0.1542827093591336,0.5060855064407762,0.0609133232530833,0.1822282552485598,0.1783309030123969,1.1547005383792517,1.1547005383792517,0,0,2,2,0.0167190077176453,0.0287720680639935,0.0183583103446687,3107.786482093132
ens_champion_segmented6,valid_2025_09,2025-09-23,4,57,78,7.468452551832744,4857.535492610592,1313.9024388067592,False,7.507495999740206,56,78,0.039043447907461726,1,0,0,1,9,1,0,2.9242022162152224,0.0560543988608479,0.2006946552399315,1.194111531794446,0.7244830550964113,2.100055183285106,0.5798412352242246,0.2477370141305208,1.0276022356529078,0.4255585258650909,0.0617518685741589,0.1542827093591336,0.5060855064407762,0.0609133232530833,0.1822282552485598,0.1783309030123969,1.1547005383792517,1.1547005383792517,0,0,2,2,0.0167190077176453,0.0287720680639935,0.0183583103446687,4857.535492610592
ens_champion_segmented6,valid_2025_09,2025-09-23,5,55,79,7.455087553533952,3075.9728637200874,3095.465067697264,False,7.507495999740206,56,78,0.052408446206253956,1,1,0,0,9,1,0,2.9242022162152224,0.0560543988608479,0.2006946552399315,1.194111531794446,0.7244830550964113,2.100055183285106,0.5798412352242246,0.2477370141305208,1.0276022356529078,0.4255585258650909,0.0617518685741589,0.1542827093591336,0.5060855064407762,0.0609133232530833,0.1822282552485598,0.1783309030123969,1.1547005383792517,1.1547005383792517,0,0,2,2,0.0167190077176453,0.0287720680639935,0.0183583103446687,3075.9728637200874
ens_champion_segmented6,valid_2025_09,2025-09-23,6,57,79,7.451733544115099,4825.721874237548,1345.716057179803,False,7.507495999740206,56,78,0.055762455625107066,1,1,0,0,9,1,0,2.9242022162152224,0.0560543988608479,0.2006946552399315,1.194111531794446,0.7244830550964113,2.100055183285106,0.5798412352242246,0.2477370141305208,1.0276022356529078,0.4255585258650909,0.0617518685741589,0.1542827093591336,0.5060855064407762,0.0609133232530833,0.1822282552485598,0.1783309030123969,1.1547005383792517,1.1547005383792517,0,0,2,2,0.0167190077176453,0.0287720680639935,0.0183583103446687,4825.721874237548
ens_champion_segmented6,valid_2025_09,2025-09-23,7,54,78,7.448121374363769,2176.051496716259,3995.386434701092,False,7.507495999740206,56,78,0.059374625376436896,2,0,0,1,9,1,0,2.9242022162152224,0.0560543988608479,0.2006946552399315,1.194111531794446,0.7244830550964113,2.100055183285106,0.5798412352242246,0.2477370141305208,1.0276022356529078,0.4255585258650909,0.0617518685741589,0.1542827093591336,0.5060855064407762,0.0609133232530833,0.1822282552485598,0.1783309030123969,1.1547005383792517,1.1547005383792517,0,0,2,2,0.0167190077176453,0.0287720680639935,0.0183583103446687,2176.051496716259
ens_champion_segmented6,valid_2025_09,2025-09-23,8,54,79,7.4314023666461235,2144.237878343215,4027.200053074136,False,7.507495999740206,56,78,0.07609363309408224,2,1,0,0,9,1,0,2.9242022162152224,0.0560543988608479,0.2006946552399315,1.194111531794446,0.7244830550964113,2.100055183285106,0.5798412352242246,0.2477370141305208,1.0276022356529078,0.4255585258650909,0.0617518685741589,0.1542827093591336,0.5060855064407762,0.0609133232530833,0.1822282552485598,0.1783309030123969,1.1547005383792517,1.1547005383792517,0,0,2,2,0.0167190077176453,0.0287720680639935,0.0183583103446687,2144.237878343215
ens_champion_segmented6,valid_2025_09,2025-09-23,9,56,77,7.418762657022023,3966.75417816534,2204.6837532520112,False,7.507495999740206,56,78,0.08873334271818312,0,1,1,0,9,1,0,2.9242022162152224,0.0560543988608479,0.2006946552399315,1.194111531794446,0.7244830550964113,2.100055183285106,0.5798412352242246,0.2477370141305208,1.0276022356529078,0.4255585258650909,0.0617518685741589,0.1542827093591336,0.5060855064407762,0.0609133232530833,0.1822282552485598,0.1783309030123969,1.1547005383792517,1.1547005383792517,0,0,2,2,0.0167190077176453,0.0287720680639935,0.0183583103446687,3966.75417816534
ens_champion_segmented6,valid_2025_09,2025-09-23,10,58,78,7.413677572039441,5007.059498963901,1164.37843245345,False,7.507495999740206,56,78,0.09381842770076432,2,0,0,1,9,1,0,2.9242022162152224,0.0560543988608479,0.2006946552399315,1.194111531794446,0.7244830550964113,2.100055183285106,0.5798412352242246,0.2477370141305208,1.0276022356529078,0.4255585258650909,0.0617518685741589,0.1542827093591336,0.5060855064407762,0.0609133232530833,0.1822282552485598,0.1783309030123969,1.1547005383792517,1.1547005383792517,0,0,2,2,0.0167190077176453,0.0287720680639935,0.0183583103446687,5007.059498963901
ens_champion_segmented6,valid_2025_09,2025-09-24,1,54,76,16.386702242926397,14029.805702512724,1877.00348400964,False,16.386702242926397,54,76,0.0,0,0,1,1,9,2,0,2.9270357127207163,0.0622757482357988,0.1989344218740356,1.664533884220085,0.6984921725422404,2.1506881908618865,0.4202450831134838,0.2433162014694177,0.8377813784062222,0.2441432116278874,0.0799963197934785,0.1761018714855963,0.5655691403295452,0.0608164836155406,0.1681795587728215,0.0963516662175094,0.5773502691896258,0.5773502691896257,1,1,1,1,0.0190830120049056,0.0399384696921529,0.0309094986748259,14029.805702512724
ens_champion_segmented6,valid_2025_09,2025-09-24,2,54,75,16.36761923092149,14666.078069973615,1240.7311165487465,False,16.386702242926397,54,76,0.019083012004905697,0,1,1,0,9,2,0,2.9270357127207163,0.0622757482357988,0.1989344218740356,1.664533884220085,0.6984921725422404,2.1506881908618865,0.4202450831134838,0.2433162014694177,0.8377813784062222,0.2441432116278874,0.0799963197934785,0.1761018714855963,0.5655691403295452,0.0608164836155406,0.1681795587728215,0.0963516662175094,0.5773502691896258,0.5773502691896257,1,1,1,1,0.0190830120049056,0.0399384696921529,0.0309094986748259,14666.078069973615
ens_champion_segmented6,valid_2025_09,2025-09-24,3,54,77,16.356308594476317,13170.838006440516,2735.971180081848,False,16.386702242926397,54,76,0.030393648450079525,0,1,1,0,9,2,0,2.9270357127207163,0.0622757482357988,0.1989344218740356,1.664533884220085,0.6984921725422404,2.1506881908618865,0.4202450831134838,0.2433162014694177,0.8377813784062222,0.2441432116278874,0.0799963197934785,0.1761018714855963,0.5655691403295452,0.0608164836155406,0.1681795587728215,0.0963516662175094,0.5773502691896258,0.5773502691896257,1,1,1,1,0.0190830120049056,0.0399384696921529,0.0309094986748259,13170.838006440516
ens_champion_segmented6,valid_2025_09,2025-09-24,4,53,76,16.321135904925963,14093.432939258812,1813.3762472635497,False,16.386702242926397,54,76,0.06556633800043343,1,0,0,1,9,2,0,2.9270357127207163,0.0622757482357988,0.1989344218740356,1.664533884220085,0.6984921725422404,2.1506881908618865,0.4202450831134838,0.2433162014694177,0.8377813784062222,0.2441432116278874,0.0799963197934785,0.1761018714855963,0.5655691403295452,0.0608164836155406,0.1681795587728215,0.0963516662175094,0.5773502691896258,0.5773502691896257,1,1,1,1,0.0190830120049056,0.0399384696921529,0.0309094986748259,14093.432939258812
ens_champion_segmented6,valid_2025_09,2025-09-24,5,53,75,16.302052892921058,14729.705306719708,1177.1038798026566,False,16.386702242926397,54,76,0.08464935000533913,1,1,0,0,9,2,0,2.9270357127207163,0.0622757482357988,0.1989344218740356,1.664533884220085,0.6984921725422404,2.1506881908618865,0.4202450831134838,0.2433162014694177,0.8377813784062222,0.2441432116278874,0.0799963197934785,0.1761018714855963,0.5655691403295452,0.0608164836155406,0.1681795587728215,0.0963516662175094,0.5773502691896258,0.5773502691896257,1,1,1,1,0.0190830120049056,0.0399384696921529,0.0309094986748259,14729.705306719708
ens_champion_segmented6,valid_2025_09,2025-09-24,6,54,74,16.29346195795165,15461.418529299735,445.3906572226279,False,16.386702242926397,54,76,0.09324028497474757,0,2,1,0,9,2,0,2.9270357127207163,0.0622757482357988,0.1989344218740356,1.664533884220085,0.6984921725422404,2.1506881908618865,0.4202450831134838,0.2433162014694177,0.8377813784062222,0.2441432116278874,0.0799963197934785,0.1761018714855963,0.5655691403295452,0.0608164836155406,0.1681795587728215,0.0963516662175094,0.5773502691896258,0.5773502691896257,1,1,1,1,0.0190830120049056,0.0399384696921529,0.0309094986748259,15461.418529299735
ens_champion_segmented6,valid_2025_09,2025-09-24,7,55,76,16.29120245314477,13966.178465766634,1940.6307207557293,False,16.386702242926397,54,76,0.09549978978162699,1,0,0,1,9,2,0,2.9270357127207163,0.0622757482357988,0.1989344218740356,1.664533884220085,0.6984921725422404,2.1506881908618865,0.4202450831134838,0.2433162014694177,0.8377813784062222,0.2441432116278874,0.0799963197934785,0.1761018714855963,0.5655691403295452,0.0608164836155406,0.1681795587728215,0.0963516662175094,0.5773502691896258,0.5773502691896257,1,1,1,1,0.0190830120049056,0.0399384696921529,0.0309094986748259,13966.178465766634
ens_champion_segmented6,valid_2025_09,2025-09-24,8,53,77,16.290742256475884,13234.465243186603,2672.343943335758,False,16.386702242926397,54,76,0.09595998645051296,1,1,0,0,9,2,0,2.9270357127207163,0.0622757482357988,0.1989344218740356,1.664533884220085,0.6984921725422404,2.1506881908618865,0.4202450831134838,0.2433162014694177,0.8377813784062222,0.2441432116278874,0.0799963197934785,0.1761018714855963,0.5655691403295452,0.0608164836155406,0.1681795587728215,0.0963516662175094,0.5773502691896258,0.5773502691896257,1,1,1,1,0.0190830120049056,0.0399384696921529,0.0309094986748259,13234.465243186603
ens_champion_segmented6,valid_2025_09,2025-09-24,9,55,75,16.272119441139864,14602.450833227527,1304.358353294836,False,16.386702242926397,54,76,0.11458280178653268,1,1,0,0,9,2,0,2.9270357127207163,0.0622757482357988,0.1989344218740356,1.664533884220085,0.6984921725422404,2.1506881908618865,0.4202450831134838,0.2433162014694177,0.8377813784062222,0.2441432116278874,0.0799963197934785,0.1761018714855963,0.5655691403295452,0.0608164836155406,0.1681795587728215,0.0963516662175094,0.5773502691896258,0.5773502691896257,1,1,1,1,0.0190830120049056,0.0399384696921529,0.0309094986748259,14602.450833227527
ens_champion_segmented6,valid_2025_09,2025-09-24,10,55,77,16.26080880469469,13107.210769694426,2799.5984168279374,False,16.386702242926397,54,76,0.1258934382317065,1,1,0,0,9,2,0,2.9270357127207163,0.0622757482357988,0.1989344218740356,1.664533884220085,0.6984921725422404,2.1506881908618865,0.4202450831134838,0.2433162014694177,0.8377813784062222,0.2441432116278874,0.0799963197934785,0.1761018714855963,0.5655691403295452,0.0608164836155406,0.1681795587728215,0.0963516662175094,0.5773502691896258,0.5773502691896257,1,1,1,1,0.0190830120049056,0.0399384696921529,0.0309094986748259,13107.210769694426
ens_champion_segmented6,valid_2025_09,2025-09-25,1,16,66,6.557426457745127,11160.35730518493,2898.6819312507523,False,6.557426457745127,16,66,0.0,0,0,1,1,9,3,0,2.9380596709204454,0.063061541443466,0.1941867008034701,2.132083110052207,0.2896288737591795,0.8988607137863127,0.257379120232595,0.1112574491377483,0.4691210157109452,0.1568714275486229,0.0222645743294949,0.1005076926839721,0.3360137345759854,0.0605911552707117,0.1668872955878577,0.4084402611377892,0.0,1.1547005383792517,0,2,0,2,0.0016977788249619,0.0340225875182103,0.0270972875452142,11160.35730518493
ens_champion_segmented6,valid_2025_09,2025-09-25,2,16,65,6.555728678920165,11478.493488915376,2580.5457475203075,False,6.557426457745127,16,66,0.0016977788249619152,0,1,1,0,9,3,0,2.9380596709204454,0.063061541443466,0.1941867008034701,2.132083110052207,0.2896288737591795,0.8988607137863127,0.257379120232595,0.1112574491377483,0.4691210157109452,0.1568714275486229,0.0222645743294949,0.1005076926839721,0.3360137345759854,0.0605911552707117,0.1668872955878577,0.4084402611377892,0.0,1.1547005383792517,0,2,0,2,0.0016977788249619,0.0340225875182103,0.0270972875452142,11478.493488915376
ens_champion_segmented6,valid_2025_09,2025-09-25,3,15,66,6.502277409727233,11288.07307614352,2770.966160292164,False,6.557426457745127,16,66,0.055149048017893776,1,0,0,1,9,3,0,2.9380596709204454,0.063061541443466,0.1941867008034701,2.132083110052207,0.2896288737591795,0.8988607137863127,0.257379120232595,0.1112574491377483,0.4691210157109452,0.1568714275486229,0.0222645743294949,0.1005076926839721,0.3360137345759854,0.0605911552707117,0.1668872955878577,0.4084402611377892,0.0,1.1547005383792517,0,2,0,2,0.0016977788249619,0.0340225875182103,0.0270972875452142,11288.07307614352
ens_champion_segmented6,valid_2025_09,2025-09-25,4,16,64,6.501007173839785,11764.816054272778,2294.223182162905,False,6.557426457745127,16,66,0.0564192839053419,0,2,1,0,9,3,0,2.9380596709204454,0.063061541443466,0.1941867008034701,2.132083110052207,0.2896288737591795,0.8988607137863127,0.257379120232595,0.1112574491377483,0.4691210157109452,0.1568714275486229,0.0222645743294949,0.1005076926839721,0.3360137345759854,0.0605911552707117,0.1668872955878577,0.4084402611377892,0.0,1.1547005383792517,0,2,0,2,0.0016977788249619,0.0340225875182103,0.0270972875452142,11764.816054272778
ens_champion_segmented6,valid_2025_09,2025-09-25,5,15,65,6.500579630902271,11606.209259873964,2452.8299765617194,False,6.557426457745127,16,66,0.05684682684285569,1,1,0,0,9,3,0,2.9380596709204454,0.063061541443466,0.1941867008034701,2.132083110052207,0.2896288737591795,0.8988607137863127,0.257379120232595,0.1112574491377483,0.4691210157109452,0.1568714275486229,0.0222645743294949,0.1005076926839721,0.3360137345759854,0.0605911552707117,0.1668872955878577,0.4084402611377892,0.0,1.1547005383792517,0,2,0,2,0.0016977788249619,0.0340225875182103,0.0270972875452142,11606.209259873964
ens_champion_segmented6,valid_2025_09,2025-09-25,6,17,66,6.467911759269839,11166.942724188151,2892.09651224753,False,6.557426457745127,16,66,0.0895146984752877,1,0,0,1,9,3,0,2.9380596709204454,0.063061541443466,0.1941867008034701,2.132083110052207,0.2896288737591795,0.8988607137863127,0.257379120232595,0.1112574491377483,0.4691210157109452,0.1568714275486229,0.0222645743294949,0.1005076926839721,0.3360137345759854,0.0605911552707117,0.1668872955878577,0.4084402611377892,0.0,1.1547005383792517,0,2,0,2,0.0016977788249619,0.0340225875182103,0.0270972875452142,11166.942724188151
ens_champion_segmented6,valid_2025_09,2025-09-25,7,17,65,6.466213980444877,11485.078907918598,2573.960328517085,False,6.557426457745127,16,66,0.09121247730024962,1,1,0,0,9,3,0,2.9380596709204454,0.063061541443466,0.1941867008034701,2.132083110052207,0.2896288737591795,0.8988607137863127,0.257379120232595,0.1112574491377483,0.4691210157109452,0.1568714275486229,0.0222645743294949,0.1005076926839721,0.3360137345759854,0.0605911552707117,0.1668872955878577,0.4084402611377892,0.0,1.1547005383792517,0,2,0,2,0.0016977788249619,0.0340225875182103,0.0270972875452142,11485.078907918598
ens_champion_segmented6,valid_2025_09,2025-09-25,8,15,64,6.445858125821891,11892.531825231366,2166.5074112043167,False,6.557426457745127,16,66,0.11156833192323568,1,2,0,0,9,3,0,2.9380596709204454,0.063061541443466,0.1941867008034701,2.132083110052207,0.2896288737591795,0.8988607137863127,0.257379120232595,0.1112574491377483,0.4691210157109452,0.1568714275486229,0.0222645743294949,0.1005076926839721,0.3360137345759854,0.0605911552707117,0.1668872955878577,0.4084402611377892,0.0,1.1547005383792517,0,2,0,2,0.0016977788249619,0.0340225875182103,0.0270972875452142,11892.531825231366
ens_champion_segmented6,valid_2025_09,2025-09-25,9,16,67,6.44193408126063,11118.999601299973,2940.0396351357103,False,6.557426457745127,16,66,0.11549237648449662,0,1,1,0,9,3,0,2.9380596709204454,0.063061541443466,0.1941867008034701,2.132083110052207,0.2896288737591795,0.8988607137863127,0.257379120232595,0.1112574491377483,0.4691210157109452,0.1568714275486229,0.0222645743294949,0.1005076926839721,0.3360137345759854,0.0605911552707117,0.1668872955878577,0.4084402611377892,0.0,1.1547005383792517,0,2,0,2,0.0016977788249619,0.0340225875182103,0.0270972875452142,11118.999601299973
ens_champion_segmented6,valid_2025_09,2025-09-25,10,14,66,6.418519830172897,11285.260752279344,2773.778484156339,False,6.557426457745127,16,66,0.13890662757222927,2,0,0,1,9,3,0,2.9380596709204454,0.063061541443466,0.1941867008034701,2.132083110052207,0.2896288737591795,0.8988607137863127,0.257379120232595,0.1112574491377483,0.4691210157109452,0.1568714275486229,0.0222645743294949,0.1005076926839721,0.3360137345759854,0.0605911552707117,0.1668872955878577,0.4084402611377892,0.0,1.1547005383792517,0,2,0,2,0.0016977788249619,0.0340225875182103,0.0270972875452142,11285.260752279344
ens_champion_segmented6,valid_2025_09,2025-09-26,1,51,67,8.475966505412941,4880.880325772732,16899.750392287126,False,8.475966505412941,51,67,0.0,0,0,1,1,9,4,0,2.9495779642457998,0.063334513773244,0.2003440111431391,1.973056311003641,0.51884095126455,1.5353653066236093,0.3188353374036193,0.1851298329125524,0.6811979311839946,0.1686976993611887,0.0236930715563602,0.1501376380424305,0.5193123640582528,0.0603542686259151,0.1721061569228069,0.0632504928881147,1.7320508075688772,0.0,3,0,3,0,0.0241101572957234,0.0392128145899572,0.0247114770022711,4880.880325772732
ens_champion_segmented6,valid_2025_09,2025-09-26,2,51,66,8.451856348117218,5790.749811241813,15989.880906818044,False,8.475966505412941,51,67,0.02411015729572341,0,1,1,0,9,4,0,2.9495779642457998,0.063334513773244,0.2003440111431391,1.973056311003641,0.51884095126455,1.5353653066236093,0.3188353374036193,0.1851298329125524,0.6811979311839946,0.1686976993611887,0.0236930715563602,0.1501376380424305,0.5193123640582528,0.0603542686259151,0.1721061569228069,0.0632504928881147,1.7320508075688772,0.0,3,0,3,0,0.0241101572957234,0.0392128145899572,0.0247114770022711,5790.749811241813
ens_champion_segmented6,valid_2025_09,2025-09-26,3,52,67,8.43220418919526,4880.880325772732,16899.750392287126,False,8.475966505412941,51,67,0.043762316217680564,1,0,0,1,9,4,0,2.9495779642457998,0.063334513773244,0.2003440111431391,1.973056311003641,0.51884095126455,1.5353653066236093,0.3188353374036193,0.1851298329125524,0.6811979311839946,0.1686976993611887,0.0236930715563602,0.1501376380424305,0.5193123640582528,0.0603542686259151,0.1721061569228069,0.0632504928881147,1.7320508075688772,0.0,3,0,3,0,0.0241101572957234,0.0392128145899572,0.0247114770022711,4880.880325772732
ens_champion_segmented6,valid_2025_09,2025-09-26,4,50,67,8.415647379489961,4899.297229448887,16881.333488610973,False,8.475966505412941,51,67,0.06031912592298028,1,0,0,1,9,4,0,2.9495779642457998,0.063334513773244,0.2003440111431391,1.973056311003641,0.51884095126455,1.5353653066236093,0.3188353374036193,0.1851298329125524,0.6811979311839946,0.1686976993611887,0.0236930715563602,0.1501376380424305,0.5193123640582528,0.0603542686259151,0.1721061569228069,0.0632504928881147,1.7320508075688772,0.0,3,0,3,0,0.0241101572957234,0.0392128145899572,0.0247114770022711,4899.297229448887
ens_champion_segmented6,valid_2025_09,2025-09-26,5,52,66,8.408094031899537,5790.749811241813,15989.880906818044,False,8.475966505412941,51,67,0.06787247351340397,1,1,0,0,9,4,0,2.9495779642457998,0.063334513773244,0.2003440111431391,1.973056311003641,0.51884095126455,1.5353653066236093,0.3188353374036193,0.1851298329125524,0.6811979311839946,0.1686976993611887,0.0236930715563602,0.1501376380424305,0.5193123640582528,0.0603542686259151,0.1721061569228069,0.0632504928881147,1.7320508075688772,0.0,3,0,3,0,0.0241101572957234,0.0392128145899572,0.0247114770022711,5790.749811241813
ens_champion_segmented6,valid_2025_09,2025-09-26,6,50,66,8.391537222194238,5809.166714917968,15971.464003141891,False,8.475966505412941,51,67,0.08442928321870369,1,1,0,0,9,4,0,2.9495779642457998,0.063334513773244,0.2003440111431391,1.973056311003641,0.51884095126455,1.5353653066236093,0.3188353374036193,0.1851298329125524,0.6811979311839946,0.1686976993611887,0.0236930715563602,0.1501376380424305,0.5193123640582528,0.0603542686259151,0.1721061569228069,0.0632504928881147,1.7320508075688772,0.0,3,0,3,0,0.0241101572957234,0.0392128145899572,0.0247114770022711,5809.166714917968
ens_champion_segmented6,valid_2025_09,2025-09-26,7,53,67,8.373273579601857,4926.090658842666,16854.540059217194,False,8.475966505412941,51,67,0.10269292581108402,2,0,0,1,9,4,0,2.9495779642457998,0.063334513773244,0.2003440111431391,1.973056311003641,0.51884095126455,1.5353653066236093,0.3188353374036193,0.1851298329125524,0.6811979311839946,0.1686976993611887,0.0236930715563602,0.1501376380424305,0.5193123640582528,0.0603542686259151,0.1721061569228069,0.0632504928881147,1.7320508075688772,0.0,3,0,3,0,0.0241101572957234,0.0392128145899572,0.0247114770022711,4926.090658842666
ens_champion_segmented6,valid_2025_09,2025-09-26,8,51,68,8.365861374933253,4880.880325772732,16899.750392287126,False,8.475966505412941,51,67,0.11010513047968828,0,1,1,0,9,4,0,2.9495779642457998,0.063334513773244,0.2003440111431391,1.973056311003641,0.51884095126455,1.5353653066236093,0.3188353374036193,0.1851298329125524,0.6811979311839946,0.1686976993611887,0.0236930715563602,0.1501376380424305,0.5193123640582528,0.0603542686259151,0.1721061569228069,0.0632504928881147,1.7320508075688772,0.0,3,0,3,0,0.0241101572957234,0.0392128145899572,0.0247114770022711,4880.880325772732
ens_champion_segmented6,valid_2025_09,2025-09-26,9,51,65,8.353321251762438,5279.985349624415,16500.645368435446,False,8.475966505412941,51,67,0.1226452536505036,0,2,1,0,9,4,0,2.9495779642457998,0.063334513773244,0.2003440111431391,1.973056311003641,0.51884095126455,1.5353653066236093,0.3188353374036193,0.1851298329125524,0.6811979311839946,0.1686976993611887,0.0236930715563602,0.1501376380424305,0.5193123640582528,0.0603542686259151,0.1721061569228069,0.0632504928881147,1.7320508075688772,0.0,3,0,3,0,0.0241101572957234,0.0392128145899572,0.0247114770022711,5279.985349624415
ens_champion_segmented6,valid_2025_09,2025-09-26,10,53,66,8.349163422306134,5835.960144311746,15944.670573748112,False,8.475966505412941,51,67,0.12680308310680743,2,1,0,0,9,4,0,2.9495779642457998,0.063334513773244,0.2003440111431391,1.973056311003641,0.51884095126455,1.5353653066236093,0.3188353374036193,0.1851298329125524,0.6811979311839946,0.1686976993611887,0.0236930715563602,0.1501376380424305,0.5193123640582528,0.0603542686259151,0.1721061569228069,0.0632504928881147,1.7320508075688772,0.0,3,0,3,0,0.0241101572957234,0.0392128145899572,0.0247114770022711,5835.960144311746
ens_champion_segmented6,valid_2025_09,2025-09-27,1,56,79,9.967303544137536,2341.482312256094,222.69532861135485,False,9.967303544137536,56,79,0.0,0,0,1,1,9,5,1,2.9232465649497565,0.0678445846045484,0.2310323824943849,1.8279638819039477,0.5438782160804452,1.6430277713908523,0.3558963272640699,0.1889736604064182,0.7062537458658987,0.2135607700316664,0.0358658798753571,0.1423355572324034,0.4664629650669483,0.0609055244897449,0.1984076788909925,0.4490953299404132,0.0,3.4641016151377544,0,6,0,6,0.0064852739814114,0.0236199788527606,0.0171038309522472,2341.482312256094
ens_champion_segmented6,valid_2025_09,2025-09-27,2,56,80,9.960818270156125,2405.1095490021835,159.06809186526516,False,9.967303544137536,56,79,0.00648527398141141,0,1,1,0,9,5,1,2.9232465649497565,0.0678445846045484,0.2310323824943849,1.8279638819039477,0.5438782160804452,1.6430277713908523,0.3558963272640699,0.1889736604064182,0.7062537458658987,0.2135607700316664,0.0358658798753571,0.1423355572324034,0.4664629650669483,0.0609055244897449,0.1984076788909925,0.4490953299404132,0.0,3.4641016151377544,0,6,0,6,0.0064852739814114,0.0236199788527606,0.0171038309522472,2405.1095490021835
ens_champion_segmented6,valid_2025_09,2025-09-27,3,56,78,9.93619616932756,2277.855075510004,286.32256535744455,False,9.967303544137536,56,79,0.031107374809975497,0,1,1,0,9,5,1,2.9232465649497565,0.0678445846045484,0.2310323824943849,1.8279638819039477,0.5438782160804452,1.6430277713908523,0.3558963272640699,0.1889736604064182,0.7062537458658987,0.2135607700316664,0.0358658798753571,0.1423355572324034,0.4664629650669483,0.0609055244897449,0.1984076788909925,0.4490953299404132,0.0,3.4641016151377544,0,6,0,6,0.0064852739814114,0.0236199788527606,0.0171038309522472,2277.855075510004
ens_champion_segmented6,valid_2025_09,2025-09-27,4,56,75,9.927994997662664,2118.78698364478,445.3906572226688,False,9.967303544137536,56,79,0.039308546474872585,0,4,1,0,9,5,1,2.9232465649497565,0.0678445846045484,0.2310323824943849,1.8279638819039477,0.5438782160804452,1.6430277713908523,0.3558963272640699,0.1889736604064182,0.7062537458658987,0.2135607700316664,0.0358658798753571,0.1423355572324034,0.4664629650669483,0.0609055244897449,0.1984076788909925,0.4490953299404132,0.0,3.4641016151377544,0,6,0,6,0.0064852739814114,0.0236199788527606,0.0171038309522472,2118.78698364478
ens_champion_segmented6,valid_2025_09,2025-09-27,5,56,76,9.926104845139996,2214.2278387639144,349.94980210353424,False,9.967303544137536,56,79,0.04119869899754036,0,3,1,0,9,5,1,2.9232465649497565,0.0678445846045484,0.2310323824943849,1.8279638819039477,0.5438782160804452,1.6430277713908523,0.3558963272640699,0.1889736604064182,0.7062537458658987,0.2135607700316664,0.0358658798753571,0.1423355572324034,0.4664629650669483,0.0609055244897449,0.1984076788909925,0.4490953299404132,0.0,3.4641016151377544,0,6,0,6,0.0064852739814114,0.0236199788527606,0.0171038309522472,2214.2278387639144
ens_champion_segmented6,valid_2025_09,2025-09-27,6,56,74,9.910710499946155,2023.346128525645,540.8315123418033,False,9.967303544137536,56,79,0.05659304419138067,0,5,1,0,9,5,1,2.9232465649497565,0.0678445846045484,0.2310323824943849,1.8279638819039477,0.5438782160804452,1.6430277713908523,0.3558963272640699,0.1889736604064182,0.7062537458658987,0.2135607700316664,0.0358658798753571,0.1423355572324034,0.4664629650669483,0.0609055244897449,0.1984076788909925,0.4490953299404132,0.0,3.4641016151377544,0,6,0,6,0.0064852739814114,0.0236199788527606,0.0171038309522472,2023.346128525645
ens_champion_segmented6,valid_2025_09,2025-09-27,7,56,77,9.881377459383252,2214.2278387639144,349.94980210353424,False,9.967303544137536,56,79,0.0859260847542842,0,2,1,0,9,5,1,2.9232465649497565,0.0678445846045484,0.2310323824943849,1.8279638819039477,0.5438782160804452,1.6430277713908523,0.3558963272640699,0.1889736604064182,0.7062537458658987,0.2135607700316664,0.0358658798753571,0.1423355572324034,0.4664629650669483,0.0609055244897449,0.1984076788909925,0.4490953299404132,0.0,3.4641016151377544,0,6,0,6,0.0064852739814114,0.0236199788527606,0.0171038309522472,2214.2278387639144
ens_champion_segmented6,valid_2025_09,2025-09-27,8,56,73,9.876960101667088,1959.718891779556,604.458749087893,False,9.967303544137536,56,79,0.09034344247044857,0,6,1,0,9,5,1,2.9232465649497565,0.0678445846045484,0.2310323824943849,1.8279638819039477,0.5438782160804452,1.6430277713908523,0.3558963272640699,0.1889736604064182,0.7062537458658987,0.2135607700316664,0.0358658798753571,0.1423355572324034,0.4664629650669483,0.0609055244897449,0.1984076788909925,0.4490953299404132,0.0,3.4641016151377544,0,6,0,6,0.0064852739814114,0.0236199788527606,0.0171038309522472,1959.718891779556
ens_champion_segmented6,valid_2025_09,2025-09-27,9,56,81,9.856178852028805,2468.736785748273,95.44085511917548,False,9.967303544137536,56,79,0.11112469210873144,0,2,1,0,9,5,1,2.9232465649497565,0.0678445846045484,0.2310323824943849,1.8279638819039477,0.5438782160804452,1.6430277713908523,0.3558963272640699,0.1889736604064182,0.7062537458658987,0.2135607700316664,0.0358658798753571,0.1423355572324034,0.4664629650669483,0.0609055244897449,0.1984076788909925,0.4490953299404132,0.0,3.4641016151377544,0,6,0,6,0.0064852739814114,0.0236199788527606,0.0171038309522472,2468.736785748273
ens_champion_segmented6,valid_2025_09,2025-09-27,10,55,79,9.850074293323622,2341.482312256094,222.69532861135485,False,9.967303544137536,56,79,0.11722925081391367,1,0,0,1,9,5,1,2.9232465649497565,0.0678445846045484,0.2310323824943849,1.8279638819039477,0.5438782160804452,1.6430277713908523,0.3558963272640699,0.1889736604064182,0.7062537458658987,0.2135607700316664,0.0358658798753571,0.1423355572324034,0.4664629650669483,0.0609055244897449,0.1984076788909925,0.4490953299404132,0.0,3.4641016151377544,0,6,0,6,0.0064852739814114,0.0236199788527606,0.0171038309522472,2341.482312256094
ens_champion_segmented6,valid_2025_09,2025-09-28,1,48,67,12.599906759122604,17047.25105251192,378.4993432314586,False,12.599906759122604,48,67,0.0,0,0,1,1,9,6,1,2.928750216252322,0.0557816004200616,0.1845650267874949,2.0176519577421965,0.6020967576733385,1.796424745702689,0.2998787333826298,0.2067292479575747,0.6759933734910706,0.1218794252770541,0.0292349938306753,0.1779993081055757,0.5787030561999335,0.0577177823247355,0.1810237241190445,0.2643802015720471,0.0,0.0,0,0,0,0,0.0248069739926819,0.0386894715342052,0.0246921894301145,17047.25105251192
ens_champion_segmented6,valid_2025_09,2025-09-28,2,48,68,12.575099785129922,17028.162881488093,397.5875142552868,False,12.599906759122604,48,67,0.024806973992681947,0,1,1,0,9,6,1,2.928750216252322,0.0557816004200616,0.1845650267874949,2.0176519577421965,0.6020967576733385,1.796424745702689,0.2998787333826298,0.2067292479575747,0.6759933734910706,0.1218794252770541,0.0292349938306753,0.1779993081055757,0.5787030561999335,0.0577177823247355,0.1810237241190445,0.2643802015720471,0.0,0.0,0,0,0,0,0.0248069739926819,0.0386894715342052,0.0246921894301145,17028.162881488093
ens_champion_segmented6,valid_2025_09,2025-09-28,3,49,67,12.560750788996351,17143.057764242345,282.69263150103507,False,12.599906759122604,48,67,0.03915597012625227,1,0,0,1,9,6,1,2.928750216252322,0.0557816004200616,0.1845650267874949,2.0176519577421965,0.6020967576733385,1.796424745702689,0.2998787333826298,0.2067292479575747,0.6759933734910706,0.1218794252770541,0.0292349938306753,0.1779993081055757,0.5787030561999335,0.0577177823247355,0.1810237241190445,0.2643802015720471,0.0,0.0,0,0,0,0,0.0248069739926819,0.0386894715342052,0.0246921894301145,17143.057764242345
ens_champion_segmented6,valid_2025_09,2025-09-28,4,49,68,12.53594381500367,17123.969593218517,301.78080252486325,False,12.599906759122604,48,67,0.06396294411893422,1,1,0,0,9,6,1,2.928750216252322,0.0557816004200616,0.1845650267874949,2.0176519577421965,0.6020967576733385,1.796424745702689,0.2998787333826298,0.2067292479575747,0.6759933734910706,0.1218794252770541,0.0292349938306753,0.1779993081055757,0.5787030561999335,0.0577177823247355,0.1810237241190445,0.2643802015720471,0.0,0.0,0,0,0,0,0.0248069739926819,0.0386894715342052,0.0246921894301145,17123.969593218517
ens_champion_segmented6,valid_2025_09,2025-09-28,5,47,67,12.534385289689446,16928.226762092847,497.5236336505332,False,12.599906759122604,48,67,0.06552146943315762,1,0,0,1,9,6,1,2.928750216252322,0.0557816004200616,0.1845650267874949,2.0176519577421965,0.6020967576733385,1.796424745702689,0.2998787333826298,0.2067292479575747,0.6759933734910706,0.1218794252770541,0.0292349938306753,0.1779993081055757,0.5787030561999335,0.0577177823247355,0.1810237241190445,0.2643802015720471,0.0,0.0,0,0,0,0,0.0248069739926819,0.0386894715342052,0.0246921894301145,16928.226762092847
ens_champion_segmented6,valid_2025_09,2025-09-28,6,47,68,12.509578315696764,16909.138591069022,516.6118046743577,False,12.599906759122604,48,67,0.09032844342583957,1,1,0,0,9,6,1,2.928750216252322,0.0557816004200616,0.1845650267874949,2.0176519577421965,0.6020967576733385,1.796424745702689,0.2998787333826298,0.2067292479575747,0.6759933734910706,0.1218794252770541,0.0292349938306753,0.1779993081055757,0.5787030561999335,0.0577177823247355,0.1810237241190445,0.2643802015720471,0.0,0.0,0,0,0,0,0.0248069739926819,0.0386894715342052,0.0246921894301145,16909.138591069022
ens_champion_segmented6,valid_2025_09,2025-09-28,7,48,69,12.497435970209764,16780.016658178345,645.733737565035,False,12.599906759122604,48,67,0.10247078891283934,0,2,1,0,9,6,1,2.928750216252322,0.0557816004200616,0.1845650267874949,2.0176519577421965,0.6020967576733385,1.796424745702689,0.2998787333826298,0.2067292479575747,0.6759933734910706,0.1218794252770541,0.0292349938306753,0.1779993081055757,0.5787030561999335,0.0577177823247355,0.1810237241190445,0.2643802015720471,0.0,0.0,0,0,0,0,0.0248069739926819,0.0386894715342052,0.0246921894301145,16780.016658178345
ens_champion_segmented6,valid_2025_09,2025-09-28,8,49,69,12.458280000083512,16875.82336990877,549.9270258346114,False,12.599906759122604,48,67,0.1416267590390916,1,2,0,0,9,6,1,2.928750216252322,0.0557816004200616,0.1845650267874949,2.0176519577421965,0.6020967576733385,1.796424745702689,0.2998787333826298,0.2067292479575747,0.6759933734910706,0.1218794252770541,0.0292349938306753,0.1779993081055757,0.5787030561999335,0.0577177823247355,0.1810237241190445,0.2643802015720471,0.0,0.0,0,0,0,0,0.0248069739926819,0.0386894715342052,0.0246921894301145,16875.82336990877
ens_champion_segmented6,valid_2025_09,2025-09-28,9,47,69,12.431914500776609,16660.99236775927,764.7580279841095,False,12.599906759122604,48,67,0.16799225834599518,1,2,0,0,9,6,1,2.928750216252322,0.0557816004200616,0.1845650267874949,2.0176519577421965,0.6020967576733385,1.796424745702689,0.2998787333826298,0.2067292479575747,0.6759933734910706,0.1218794252770541,0.0292349938306753,0.1779993081055757,0.5787030561999335,0.0577177823247355,0.1810237241190445,0.2643802015720471,0.0,0.0,0,0,0,0,0.0248069739926819,0.0386894715342052,0.0246921894301145,16660.99236775927
ens_champion_segmented6,valid_2025_09,2025-09-28,10,50,67,12.412604693633227,17200.182297392985,225.5680983503953,False,12.599906759122604,48,67,0.18730206548937645,2,0,0,1,9,6,1,2.928750216252322,0.0557816004200616,0.1845650267874949,2.0176519577421965,0.6020967576733385,1.796424745702689,0.2998787333826298,0.2067292479575747,0.6759933734910706,0.1218794252770541,0.0292349938306753,0.1779993081055757,0.5787030561999335,0.0577177823247355,0.1810237241190445,0.2643802015720471,0.0,0.0,0,0,0,0,0.0248069739926819,0.0386894715342052,0.0246921894301145,17200.182297392985
ens_champion_segmented6,valid_2025_10,2025-10-01,1,1,23,5.026357572261887,6706.154866307802,4247.273939531501,False,5.026357572261887,1,23,0.0,0,0,1,1,10,2,0,2.887326364521812,0.0573790223996492,0.2031561767994132,1.7965959476829485,0.4214009203570281,1.4061192951224248,0.3698179940911066,0.1536383453714945,0.6323689173249104,0.2482221590215486,0.0976537374841113,0.1215958350695578,0.4097279774695817,0.0402900302878801,0.1684157269802642,0.5070533387040687,0.0,0.5773502691896258,0,1,0,1,0.0037686821995208,0.035219128527224,0.0442956660217886,6706.154866307802
ens_champion_segmented6,valid_2025_10,2025-10-01,2,0,23,5.022588890062366,6737.968484680847,4215.460321158456,False,5.026357572261887,1,23,0.0037686821995208675,1,0,0,1,10,2,0,2.887326364521812,0.0573790223996492,0.2031561767994132,1.7965959476829485,0.4214009203570281,1.4061192951224248,0.3698179940911066,0.1536383453714945,0.6323689173249104,0.2482221590215486,0.0976537374841113,0.1215958350695578,0.4097279774695817,0.0402900302878801,0.1684157269802642,0.5070533387040687,0.0,0.5773502691896258,0,1,0,1,0.0037686821995208,0.035219128527224,0.0442956660217886,6737.968484680847
ens_champion_segmented6,valid_2025_10,2025-10-01,3,1,22,5.002664674243437,8774.040060555706,2179.388745283597,False,5.026357572261887,1,23,0.023692898018449426,0,1,1,0,10,2,0,2.887326364521812,0.0573790223996492,0.2031561767994132,1.7965959476829485,0.4214009203570281,1.4061192951224248,0.3698179940911066,0.1536383453714945,0.6323689173249104,0.2482221590215486,0.0976537374841113,0.1215958350695578,0.4097279774695817,0.0402900302878801,0.1684157269802642,0.5070533387040687,0.0,0.5773502691896258,0,1,0,1,0.0037686821995208,0.035219128527224,0.0442956660217886,8774.040060555706
ens_champion_segmented6,valid_2025_10,2025-10-01,4,0,22,4.998895992043916,8805.85367892875,2147.575126910553,False,5.026357572261887,1,23,0.027461580217970294,1,1,0,0,10,2,0,2.887326364521812,0.0573790223996492,0.2031561767994132,1.7965959476829485,0.4214009203570281,1.4061192951224248,0.3698179940911066,0.1536383453714945,0.6323689173249104,0.2482221590215486,0.0976537374841113,0.1215958350695578,0.4097279774695817,0.0402900302878801,0.1684157269802642,0.5070533387040687,0.0,0.5773502691896258,0,1,0,1,0.0037686821995208,0.035219128527224,0.0442956660217886,8805.85367892875
ens_champion_segmented6,valid_2025_10,2025-10-01,5,2,23,4.905185090061705,6642.527629561712,4310.901176277591,False,5.026357572261887,1,23,0.12117248220018162,1,0,0,1,10,2,0,2.887326364521812,0.0573790223996492,0.2031561767994132,1.7965959476829485,0.4214009203570281,1.4061192951224248,0.3698179940911066,0.1536383453714945,0.6323689173249104,0.2482221590215486,0.0976537374841113,0.1215958350695578,0.4097279774695817,0.0402900302878801,0.1684157269802642,0.5070533387040687,0.0,0.5773502691896258,0,1,0,1,0.0037686821995208,0.035219128527224,0.0442956660217886,6642.527629561712
ens_champion_segmented6,valid_2025_10,2025-10-01,6,2,22,4.881492192043256,8710.412823809616,2243.0159820296867,False,5.026357572261887,1,23,0.14486538021863105,1,1,0,0,10,2,0,2.887326364521812,0.0573790223996492,0.2031561767994132,1.7965959476829485,0.4214009203570281,1.4061192951224248,0.3698179940911066,0.1536383453714945,0.6323689173249104,0.2482221590215486,0.0976537374841113,0.1215958350695578,0.4097279774695817,0.0402900302878801,0.1684157269802642,0.5070533387040687,0.0,0.5773502691896258,0,1,0,1,0.0037686821995208,0.035219128527224,0.0442956660217886,8710.412823809616
ens_champion_segmented6,valid_2025_10,2025-10-01,7,3,23,4.826140710141416,6578.900392815624,4374.52841302368,False,5.026357572261887,1,23,0.2002168621204703,2,0,0,1,10,2,0,2.887326364521812,0.0573790223996492,0.2031561767994132,1.7965959476829485,0.4214009203570281,1.4061192951224248,0.3698179940911066,0.1536383453714945,0.6323689173249104,0.2482221590215486,0.0976537374841113,0.1215958350695578,0.4097279774695817,0.0402900302878801,0.1684157269802642,0.5070533387040687,0.0,0.5773502691896258,0,1,0,1,0.0037686821995208,0.035219128527224,0.0442956660217886,6578.900392815624
ens_champion_segmented6,valid_2025_10,2025-10-01,8,3,22,4.802447812122966,8646.785587063527,2306.6432187757764,False,5.026357572261887,1,23,0.2239097601389206,2,1,0,0,10,2,0,2.887326364521812,0.0573790223996492,0.2031561767994132,1.7965959476829485,0.4214009203570281,1.4061192951224248,0.3698179940911066,0.1536383453714945,0.6323689173249104,0.2482221590215486,0.0976537374841113,0.1215958350695578,0.4097279774695817,0.0402900302878801,0.1684157269802642,0.5070533387040687,0.0,0.5773502691896258,0,1,0,1,0.0037686821995208,0.035219128527224,0.0442956660217886,8646.785587063527
ens_champion_segmented6,valid_2025_10,2025-10-01,9,1,24,4.782646913633634,4629.807249572663,6323.62155626664,False,5.026357572261887,1,23,0.24371065862825247,0,1,1,0,10,2,0,2.887326364521812,0.0573790223996492,0.2031561767994132,1.7965959476829485,0.4214009203570281,1.4061192951224248,0.3698179940911066,0.1536383453714945,0.6323689173249104,0.2482221590215486,0.0976537374841113,0.1215958350695578,0.4097279774695817,0.0402900302878801,0.1684157269802642,0.5070533387040687,0.0,0.5773502691896258,0,1,0,1,0.0037686821995208,0.035219128527224,0.0442956660217886,4629.807249572663
ens_champion_segmented6,valid_2025_10,2025-10-01,10,0,24,4.778878231434113,4661.620867945708,6291.807937893595,False,5.026357572261887,1,23,0.24747934082777334,1,1,0,0,10,2,0,2.887326364521812,0.0573790223996492,0.2031561767994132,1.7965959476829485,0.4214009203570281,1.4061192951224248,0.3698179940911066,0.1536383453714945,0.6323689173249104,0.2482221590215486,0.0976537374841113,0.1215958350695578,0.4097279774695817,0.0402900302878801,0.1684157269802642,0.5070533387040687,0.0,0.5773502691896258,0,1,0,1,0.0037686821995208,0.035219128527224,0.0442956660217886,4661.620867945708
ens_champion_segmented6,valid_2025_10,2025-10-02,1,56,72,5.5928455590955615,6789.484276912316,267.69251043815166,False,5.5928455590955615,56,72,0.0,0,0,1,1,10,3,0,2.8821702891801912,0.069454131324476,0.2347001197468308,1.1283946406483132,0.564549902842965,1.7195481313456007,0.5930004436629235,0.2009426975239638,0.9759869333865606,0.4116711050991936,0.0487356720783606,0.1813293385637298,0.5903471035987864,0.0370704505693093,0.1958589135380007,0.8651925430946916,0.5773502691896258,0.0,1,0,1,0,0.0215797384925586,0.0746454763967285,0.0549145895162122,6789.484276912316
ens_champion_segmented6,valid_2025_10,2025-10-02,2,57,72,5.571265820603003,6853.111513658406,204.065273692062,False,5.5928455590955615,56,72,0.021579738492558675,1,0,0,1,10,3,0,2.8821702891801912,0.069454131324476,0.2347001197468308,1.1283946406483132,0.564549902842965,1.7195481313456007,0.5930004436629235,0.2009426975239638,0.9759869333865606,0.4116711050991936,0.0487356720783606,0.1813293385637298,0.5903471035987864,0.0370704505693093,0.1958589135380007,0.8651925430946916,0.5773502691896258,0.0,1,0,1,0,0.0215797384925586,0.0746454763967285,0.0549145895162122,6853.111513658406
ens_champion_segmented6,valid_2025_10,2025-10-02,3,55,72,5.50171390535111,6725.857040166227,331.31974718424044,False,5.5928455590955615,56,72,0.09113165374445131,1,0,0,1,10,3,0,2.8821702891801912,0.069454131324476,0.2347001197468308,1.1283946406483132,0.564549902842965,1.7195481313456007,0.5930004436629235,0.2009426975239638,0.9759869333865606,0.4116711050991936,0.0487356720783606,0.1813293385637298,0.5903471035987864,0.0370704505693093,0.1958589135380007,0.8651925430946916,0.5773502691896258,0.0,1,0,1,0,0.0215797384925586,0.0746454763967285,0.0549145895162122,6725.857040166227
ens_champion_segmented6,valid_2025_10,2025-10-02,4,56,73,5.473377433468524,6808.114331831571,249.06245551889697,False,5.5928455590955615,56,72,0.11946812562703713,0,1,1,0,10,3,0,2.8821702891801912,0.069454131324476,0.2347001197468308,1.1283946406483132,0.564549902842965,1.7195481313456007,0.5930004436629235,0.2009426975239638,0.9759869333865606,0.4116711050991936,0.0487356720783606,0.1813293385637298,0.5903471035987864,0.0370704505693093,0.1958589135380007,0.8651925430946916,0.5773502691896258,0.0,1,0,1,0,0.0215797384925586,0.0746454763967285,0.0549145895162122,6808.114331831571
ens_champion_segmented6,valid_2025_10,2025-10-02,5,57,73,5.451797694975966,6871.7415685776605,185.43521877280727,False,5.5928455590955615,56,72,0.1410478641195958,1,1,0,0,10,3,0,2.8821702891801912,0.069454131324476,0.2347001197468308,1.1283946406483132,0.564549902842965,1.7195481313456007,0.5930004436629235,0.2009426975239638,0.9759869333865606,0.4116711050991936,0.0487356720783606,0.1813293385637298,0.5903471035987864,0.0370704505693093,0.1958589135380007,0.8651925430946916,0.5773502691896258,0.0,1,0,1,0,0.0215797384925586,0.0746454763967285,0.0549145895162122,6871.7415685776605
ens_champion_segmented6,valid_2025_10,2025-10-02,6,56,71,5.429833119846428,6929.922313858285,127.25447349218302,False,5.5928455590955615,56,72,0.16301243924913322,0,1,1,0,10,3,0,2.8821702891801912,0.069454131324476,0.2347001197468308,1.1283946406483132,0.564549902842965,1.7195481313456007,0.5930004436629235,0.2009426975239638,0.9759869333865606,0.4116711050991936,0.0487356720783606,0.1813293385637298,0.5903471035987864,0.0370704505693093,0.1958589135380007,0.8651925430946916,0.5773502691896258,0.0,1,0,1,0,0.0215797384925586,0.0746454763967285,0.0549145895162122,6929.922313858285
ens_champion_segmented6,valid_2025_10,2025-10-02,7,57,71,5.40825338135387,6993.549550604374,63.62723674609333,False,5.5928455590955615,56,72,0.1845921777416919,1,1,0,0,10,3,0,2.8821702891801912,0.069454131324476,0.2347001197468308,1.1283946406483132,0.564549902842965,1.7195481313456007,0.5930004436629235,0.2009426975239638,0.9759869333865606,0.4116711050991936,0.0487356720783606,0.1813293385637298,0.5903471035987864,0.0370704505693093,0.1958589135380007,0.8651925430946916,0.5773502691896258,0.0,1,0,1,0,0.0215797384925586,0.0746454763967285,0.0549145895162122,6993.549550604374
ens_champion_segmented6,valid_2025_10,2025-10-02,8,54,72,5.389031227210047,6662.229803420138,394.9469839303301,False,5.5928455590955615,56,72,0.20381433188551412,2,0,0,1,10,3,0,2.8821702891801912,0.069454131324476,0.2347001197468308,1.1283946406483132,0.564549902842965,1.7195481313456007,0.5930004436629235,0.2009426975239638,0.9759869333865606,0.4116711050991936,0.0487356720783606,0.1813293385637298,0.5903471035987864,0.0370704505693093,0.1958589135380007,0.8651925430946916,0.5773502691896258,0.0,1,0,1,0,0.0215797384925586,0.0746454763967285,0.0549145895162122,6662.229803420138
ens_champion_segmented6,valid_2025_10,2025-10-02,9,55,73,5.382245779724073,6744.487095085482,312.6896922649857,False,5.5928455590955615,56,72,0.21059977937148844,1,1,0,0,10,3,0,2.8821702891801912,0.069454131324476,0.2347001197468308,1.1283946406483132,0.564549902842965,1.7195481313456007,0.5930004436629235,0.2009426975239638,0.9759869333865606,0.4116711050991936,0.0487356720783606,0.1813293385637298,0.5903471035987864,0.0370704505693093,0.1958589135380007,0.8651925430946916,0.5773502691896258,0.0,1,0,1,0,0.0215797384925586,0.0746454763967285,0.0549145895162122,6744.487095085482
ens_champion_segmented6,valid_2025_10,2025-10-02,10,55,71,5.338701466101977,6866.295077112195,190.88171023827272,False,5.5928455590955615,56,72,0.25414409299358454,1,1,0,0,10,3,0,2.8821702891801912,0.069454131324476,0.2347001197468308,1.1283946406483132,0.564549902842965,1.7195481313456007,0.5930004436629235,0.2009426975239638,0.9759869333865606,0.4116711050991936,0.0487356720783606,0.1813293385637298,0.5903471035987864,0.0370704505693093,0.1958589135380007,0.8651925430946916,0.5773502691896258,0.0,1,0,1,0,0.0215797384925586,0.0746454763967285,0.0549145895162122,6866.295077112195
ens_champion_segmented6,valid_2025_10,2025-10-03,1,52,72,6.349810528345758,8786.030613320507,58.155294385927846,False,6.349810528345758,52,72,0.0,0,0,1,1,10,4,0,2.895155443643791,0.0587504128062703,0.2123079877256861,1.2834401170456216,0.6220747481249697,1.942889486220948,0.5452530770799444,0.2153126584759331,0.927422415554842,0.3817485272164105,0.0832992210857625,0.1635045498635337,0.5499712920522777,0.0380441378303302,0.1951143915953236,0.444594396967323,2.0,0.0,2,0,4,0,0.0115415932763802,0.0303775935081418,0.0273918204855405,8786.030613320507
ens_champion_segmented6,valid_2025_10,2025-10-03,2,52,73,6.338268935069378,8626.962521455285,217.22338625114932,False,6.349810528345758,52,72,0.011541593276380269,0,1,1,0,10,4,0,2.895155443643791,0.0587504128062703,0.2123079877256861,1.2834401170456216,0.6220747481249697,1.942889486220948,0.5452530770799444,0.2153126584759331,0.927422415554842,0.3817485272164105,0.0832992210857625,0.1635045498635337,0.5499712920522777,0.0380441378303302,0.1951143915953236,0.444594396967323,2.0,0.0,2,0,4,0,0.0115415932763802,0.0303775935081418,0.0273918204855405,8626.962521455285
ens_champion_segmented6,valid_2025_10,2025-10-03,3,53,72,6.325129315209065,8722.403376574417,121.78253113201754,False,6.349810528345758,52,72,0.02468121313669336,1,0,0,1,10,4,0,2.895155443643791,0.0587504128062703,0.2123079877256861,1.2834401170456216,0.6220747481249697,1.942889486220948,0.5452530770799444,0.2153126584759331,0.927422415554842,0.3817485272164105,0.0832992210857625,0.1635045498635337,0.5499712920522777,0.0380441378303302,0.1951143915953236,0.444594396967323,2.0,0.0,2,0,4,0,0.0115415932763802,0.0303775935081418,0.0273918204855405,8722.403376574417
ens_champion_segmented6,valid_2025_10,2025-10-03,4,53,73,6.313587721932684,8563.335284709196,280.85062299723904,False,6.349810528345758,52,72,0.03622280641307363,1,1,0,0,10,4,0,2.895155443643791,0.0587504128062703,0.2123079877256861,1.2834401170456216,0.6220747481249697,1.942889486220948,0.5452530770799444,0.2153126584759331,0.927422415554842,0.3817485272164105,0.0832992210857625,0.1635045498635337,0.5499712920522777,0.0380441378303302,0.1951143915953236,0.444594396967323,2.0,0.0,2,0,4,0,0.0115415932763802,0.0303775935081418,0.0273918204855405,8563.335284709196
ens_champion_segmented6,valid_2025_10,2025-10-03,5,51,72,6.2703681736311925,8786.030613320507,58.155294385927846,False,6.349810528345758,52,72,0.07944235471456551,1,0,0,1,10,4,0,2.895155443643791,0.0587504128062703,0.2123079877256861,1.2834401170456216,0.6220747481249697,1.942889486220948,0.5452530770799444,0.2153126584759331,0.927422415554842,0.3817485272164105,0.0832992210857625,0.1635045498635337,0.5499712920522777,0.0380441378303302,0.1951143915953236,0.444594396967323,2.0,0.0,2,0,4,0,0.0115415932763802,0.0303775935081418,0.0273918204855405,8786.030613320507
ens_champion_segmented6,valid_2025_10,2025-10-03,6,52,71,6.264443512083679,8786.030613320507,58.155294385927846,False,6.349810528345758,52,72,0.08536701626207854,0,1,1,0,10,4,0,2.895155443643791,0.0587504128062703,0.2123079877256861,1.2834401170456216,0.6220747481249697,1.942889486220948,0.5452530770799444,0.2153126584759331,0.927422415554842,0.3817485272164105,0.0832992210857625,0.1635045498635337,0.5499712920522777,0.0380441378303302,0.1951143915953236,0.444594396967323,2.0,0.0,2,0,4,0,0.0115415932763802,0.0303775935081418,0.0273918204855405,8786.030613320507
ens_champion_segmented6,valid_2025_10,2025-10-03,7,51,73,6.258826580354812,8626.962521455285,217.22338625114932,False,6.349810528345758,52,72,0.09098394799094578,1,1,0,0,10,4,0,2.895155443643791,0.0587504128062703,0.2123079877256861,1.2834401170456216,0.6220747481249697,1.942889486220948,0.5452530770799444,0.2153126584759331,0.927422415554842,0.3817485272164105,0.0832992210857625,0.1635045498635337,0.5499712920522777,0.0380441378303302,0.1951143915953236,0.444594396967323,2.0,0.0,2,0,4,0,0.0115415932763802,0.0303775935081418,0.0273918204855405,8626.962521455285
ens_champion_segmented6,valid_2025_10,2025-10-03,8,54,72,6.253236797419524,8658.77613982833,185.4097678781054,False,6.349810528345758,52,72,0.09657373092623356,2,0,0,1,10,4,0,2.895155443643791,0.0587504128062703,0.2123079877256861,1.2834401170456216,0.6220747481249697,1.942889486220948,0.5452530770799444,0.2153126584759331,0.927422415554842,0.3817485272164105,0.0832992210857625,0.1635045498635337,0.5499712920522777,0.0380441378303302,0.1951143915953236,0.444594396967323,2.0,0.0,2,0,4,0,0.0115415932763802,0.0303775935081418,0.0273918204855405,8658.77613982833
ens_champion_segmented6,valid_2025_10,2025-10-03,9,54,73,6.241695204143143,8499.708047963106,344.47785974332874,False,6.349810528345758,52,72,0.10811532420261472,2,1,0,0,10,4,0,2.895155443643791,0.0587504128062703,0.2123079877256861,1.2834401170456216,0.6220747481249697,1.942889486220948,0.5452530770799444,0.2153126584759331,0.927422415554842,0.3817485272164105,0.0832992210857625,0.1635045498635337,0.5499712920522777,0.0380441378303302,0.1951143915953236,0.444594396967323,2.0,0.0,2,0,4,0,0.0115415932763802,0.0303775935081418,0.0273918204855405,8499.708047963106
ens_champion_segmented6,valid_2025_10,2025-10-03,10,53,71,6.239762298946985,8722.403376574417,121.78253113201754,False,6.349810528345758,52,72,0.11004822939877279,1,1,0,0,10,4,0,2.895155443643791,0.0587504128062703,0.2123079877256861,1.2834401170456216,0.6220747481249697,1.942889486220948,0.5452530770799444,0.2153126584759331,0.927422415554842,0.3817485272164105,0.0832992210857625,0.1635045498635337,0.5499712920522777,0.0380441378303302,0.1951143915953236,0.444594396967323,2.0,0.0,2,0,4,0,0.0115415932763802,0.0303775935081418,0.0273918204855405,8722.403376574417
ens_champion_segmented6,valid_2025_10,2025-10-04,1,0,64,11.755478319465809,11073.022560027252,3271.1971328662603,False,11.755478319465809,0,64,0.0,0,0,1,1,10,5,1,2.9198139053438688,0.0625660599080696,0.2016063298915908,2.1874803993280407,0.3712085069960333,1.1534423538212566,0.2400511420280537,0.1287515608076543,0.4737389429707049,0.1176057301394523,0.0640190588260755,0.1224454118886014,0.4136195354195397,0.0380376337487283,0.1619226738835067,1.4901796721723557,0.0,0.0,0,0,0,0,0.0102171169221492,0.1441647268906365,0.1305234111857809,11073.022560027252
ens_champion_segmented6,valid_2025_10,2025-10-04,2,0,65,11.74526120254366,9984.996811669123,4359.222881224388,False,11.755478319465809,0,64,0.010217116922149216,0,1,1,0,10,5,1,2.9198139053438688,0.0625660599080696,0.2016063298915908,2.1874803993280407,0.3712085069960333,1.1534423538212566,0.2400511420280537,0.1287515608076543,0.4737389429707049,0.1176057301394523,0.0640190588260755,0.1224454118886014,0.4136195354195397,0.0380376337487283,0.1619226738835067,1.4901796721723557,0.0,0.0,0,0,0,0,0.0102171169221492,0.1441647268906365,0.1305234111857809,9984.996811669123
ens_champion_segmented6,valid_2025_10,2025-10-04,3,0,66,11.635861407347946,10029.535877391383,4314.683815502127,False,11.755478319465809,0,64,0.11961691211786274,0,2,1,0,10,5,1,2.9198139053438688,0.0625660599080696,0.2016063298915908,2.1874803993280407,0.3712085069960333,1.1534423538212566,0.2400511420280537,0.1287515608076543,0.4737389429707049,0.1176057301394523,0.0640190588260755,0.1224454118886014,0.4136195354195397,0.0380376337487283,0.1619226738835067,1.4901796721723557,0.0,0.0,0,0,0,0,0.0102171169221492,0.1441647268906365,0.1305234111857809,10029.535877391383
ens_champion_segmented6,valid_2025_10,2025-10-04,4,1,64,11.465092075220298,9800.47782510546,4543.741867788052,False,11.755478319465809,0,64,0.29038624424551074,1,0,0,1,10,5,1,2.9198139053438688,0.0625660599080696,0.2016063298915908,2.1874803993280407,0.3712085069960333,1.1534423538212566,0.2400511420280537,0.1287515608076543,0.4737389429707049,0.1176057301394523,0.0640190588260755,0.1224454118886014,0.4136195354195397,0.0380376337487283,0.1619226738835067,1.4901796721723557,0.0,0.0,0,0,0,0,0.0102171169221492,0.1441647268906365,0.1305234111857809,9800.47782510546
ens_champion_segmented6,valid_2025_10,2025-10-04,5,1,65,11.454874958298149,8712.452076747333,5631.767616146179,False,11.755478319465809,0,64,0.30060336116765995,1,1,0,0,10,5,1,2.9198139053438688,0.0625660599080696,0.2016063298915908,2.1874803993280407,0.3712085069960333,1.1534423538212566,0.2400511420280537,0.1287515608076543,0.4737389429707049,0.1176057301394523,0.0640190588260755,0.1224454118886014,0.4136195354195397,0.0380376337487283,0.1619226738835067,1.4901796721723557,0.0,0.0,0,0,0,0,0.0102171169221492,0.1441647268906365,0.1305234111857809,8712.452076747333
ens_champion_segmented6,valid_2025_10,2025-10-04,6,0,67,11.404368065420073,10328.583890098003,4015.6358027955066,False,11.755478319465809,0,64,0.3511102540457358,0,3,1,0,10,5,1,2.9198139053438688,0.0625660599080696,0.2016063298915908,2.1874803993280407,0.3712085069960333,1.1534423538212566,0.2400511420280537,0.1287515608076543,0.4737389429707049,0.1176057301394523,0.0640190588260755,0.1224454118886014,0.4136195354195397,0.0380376337487283,0.1619226738835067,1.4901796721723557,0.0,0.0,0,0,0,0,0.0102171169221492,0.1441647268906365,0.1305234111857809,10328.583890098003
ens_champion_segmented6,valid_2025_10,2025-10-04,7,0,63,11.3499473590161,10850.32723141594,3493.8924614775733,False,11.755478319465809,0,64,0.40553096044970793,0,1,1,0,10,5,1,2.9198139053438688,0.0625660599080696,0.2016063298915908,2.1874803993280407,0.3712085069960333,1.1534423538212566,0.2400511420280537,0.1287515608076543,0.4737389429707049,0.1176057301394523,0.0640190588260755,0.1224454118886014,0.4136195354195397,0.0380376337487283,0.1619226738835067,1.4901796721723557,0.0,0.0,0,0,0,0,0.0102171169221492,0.1441647268906365,0.1305234111857809,10850.32723141594
ens_champion_segmented6,valid_2025_10,2025-10-04,8,1,66,11.345475163102437,8756.991142469595,5587.228550423917,False,11.755478319465809,0,64,0.4100031563633717,1,2,0,0,10,5,1,2.9198139053438688,0.0625660599080696,0.2016063298915908,2.1874803993280407,0.3712085069960333,1.1534423538212566,0.2400511420280537,0.1287515608076543,0.4737389429707049,0.1176057301394523,0.0640190588260755,0.1224454118886014,0.4136195354195397,0.0380376337487283,0.1619226738835067,1.4901796721723557,0.0,0.0,0,0,0,0,0.0102171169221492,0.1441647268906365,0.1305234111857809,8756.991142469595
ens_champion_segmented6,valid_2025_10,2025-10-04,9,2,64,11.266937282381807,9514.15525974806,4830.064433145453,False,11.755478319465809,0,64,0.4885410370840013,2,0,0,1,10,5,1,2.9198139053438688,0.0625660599080696,0.2016063298915908,2.1874803993280407,0.3712085069960333,1.1534423538212566,0.2400511420280537,0.1287515608076543,0.4737389429707049,0.1176057301394523,0.0640190588260755,0.1224454118886014,0.4136195354195397,0.0380376337487283,0.1619226738835067,1.4901796721723557,0.0,0.0,0,0,0,0,0.0102171169221492,0.1441647268906365,0.1305234111857809,9514.15525974806
ens_champion_segmented6,valid_2025_10,2025-10-04,10,2,65,11.256720165459658,8426.12951138993,5918.090181503581,False,11.755478319465809,0,64,0.49875815400615053,2,1,0,0,10,5,1,2.9198139053438688,0.0625660599080696,0.2016063298915908,2.1874803993280407,0.3712085069960333,1.1534423538212566,0.2400511420280537,0.1287515608076543,0.4737389429707049,0.1176057301394523,0.0640190588260755,0.1224454118886014,0.4136195354195397,0.0380376337487283,0.1619226738835067,1.4901796721723557,0.0,0.0,0,0,0,0,0.0102171169221492,0.1441647268906365,0.1305234111857809,8426.12951138993
ens_champion_segmented6,valid_2025_10,2025-10-05,1,32,64,9.815040051821526,15833.857378231132,11856.261118924172,False,9.815040051821526,32,64,0.0,0,0,1,1,10,6,1,2.9294707898712304,0.054181412001943,0.1765983929083781,2.334387725747304,0.2187411021831218,0.697316798543951,0.187852525696181,0.0834343927307366,0.3426744357112365,0.115323205790874,0.0141482472229421,0.072529319905307,0.2426676828165359,0.0381460619192891,0.1634460082303723,2.0203981169337246,0.0,2.309401076758503,0,4,0,4,0.0419665811631588,0.0710428269372069,0.0459631341264215,15833.857378231132
ens_champion_segmented6,valid_2025_10,2025-10-05,2,31,64,9.773073470658368,17515.856107061358,10174.262390093949,False,9.815040051821526,32,64,0.04196658116315888,1,0,0,1,10,6,1,2.9294707898712304,0.054181412001943,0.1765983929083781,2.334387725747304,0.2187411021831218,0.697316798543951,0.187852525696181,0.0834343927307366,0.3426744357112365,0.115323205790874,0.0141482472229421,0.072529319905307,0.2426676828165359,0.0381460619192891,0.1634460082303723,2.0203981169337246,0.0,2.309401076758503,0,4,0,4,0.0419665811631588,0.0710428269372069,0.0459631341264215,17515.856107061358
ens_champion_segmented6,valid_2025_10,2025-10-05,3,32,63,9.740254879645988,14606.650230852769,13083.468266302538,False,9.815040051821526,32,64,0.07478517217553815,0,1,1,0,10,6,1,2.9294707898712304,0.054181412001943,0.1765983929083781,2.334387725747304,0.2187411021831218,0.697316798543951,0.187852525696181,0.0834343927307366,0.3426744357112365,0.115323205790874,0.0141482472229421,0.072529319905307,0.2426676828165359,0.0381460619192891,0.1634460082303723,2.0203981169337246,0.0,2.309401076758503,0,4,0,4,0.0419665811631588,0.0710428269372069,0.0459631341264215,14606.650230852769
ens_champion_segmented6,valid_2025_10,2025-10-05,4,31,63,9.69828829848283,16288.64895968299,11401.469537472314,False,9.815040051821526,32,64,0.11675175333869703,1,1,0,0,10,6,1,2.9294707898712304,0.054181412001943,0.1765983929083781,2.334387725747304,0.2187411021831218,0.697316798543951,0.187852525696181,0.0834343927307366,0.3426744357112365,0.115323205790874,0.0141482472229421,0.072529319905307,0.2426676828165359,0.0381460619192891,0.1634460082303723,2.0203981169337246,0.0,2.309401076758503,0,4,0,4,0.0419665811631588,0.0710428269372069,0.0459631341264215,16288.64895968299
ens_champion_segmented6,valid_2025_10,2025-10-05,5,30,64,9.693329423812884,17748.874954834722,9941.243542320582,False,9.815040051821526,32,64,0.12171062800864263,2,0,0,1,10,6,1,2.9294707898712304,0.054181412001943,0.1765983929083781,2.334387725747304,0.2187411021831218,0.697316798543951,0.187852525696181,0.0834343927307366,0.3426744357112365,0.115323205790874,0.0141482472229421,0.072529319905307,0.2426676828165359,0.0381460619192891,0.1634460082303723,2.0203981169337246,0.0,2.309401076758503,0,4,0,4,0.0419665811631588,0.0710428269372069,0.0459631341264215,17748.874954834722
ens_champion_segmented6,valid_2025_10,2025-10-05,6,32,61,9.664765846259328,10001.565344117802,17688.5531530375,False,9.815040051821526,32,64,0.15027420556219795,0,3,1,0,10,6,1,2.9294707898712304,0.054181412001943,0.1765983929083781,2.334387725747304,0.2187411021831218,0.697316798543951,0.187852525696181,0.0834343927307366,0.3426744357112365,0.115323205790874,0.0141482472229421,0.072529319905307,0.2426676828165359,0.0381460619192891,0.1634460082303723,2.0203981169337246,0.0,2.309401076758503,0,4,0,4,0.0419665811631588,0.0710428269372069,0.0459631341264215,10001.565344117802
ens_champion_segmented6,valid_2025_10,2025-10-05,7,32,62,9.64311881821284,12372.50706698733,15317.611430167975,False,9.815040051821526,32,64,0.17192123360868727,0,2,1,0,10,6,1,2.9294707898712304,0.054181412001943,0.1765983929083781,2.334387725747304,0.2187411021831218,0.697316798543951,0.187852525696181,0.0834343927307366,0.3426744357112365,0.115323205790874,0.0141482472229421,0.072529319905307,0.2426676828165359,0.0381460619192891,0.1634460082303723,2.0203981169337246,0.0,2.309401076758503,0,4,0,4,0.0419665811631588,0.0710428269372069,0.0459631341264215,12372.50706698733
ens_champion_segmented6,valid_2025_10,2025-10-05,8,31,61,9.62279926509617,11683.564072948027,16006.554424207276,False,9.815040051821526,32,64,0.19224078672535683,1,3,0,0,10,6,1,2.9294707898712304,0.054181412001943,0.1765983929083781,2.334387725747304,0.2187411021831218,0.697316798543951,0.187852525696181,0.0834343927307366,0.3426744357112365,0.115323205790874,0.0141482472229421,0.072529319905307,0.2426676828165359,0.0381460619192891,0.1634460082303723,2.0203981169337246,0.0,2.309401076758503,0,4,0,4,0.0419665811631588,0.0710428269372069,0.0459631341264215,11683.564072948027
ens_champion_segmented6,valid_2025_10,2025-10-05,9,30,63,9.618544251637346,16521.667807456357,11168.450689698948,False,9.815040051821526,32,64,0.19649580018418078,2,1,0,0,10,6,1,2.9294707898712304,0.054181412001943,0.1765983929083781,2.334387725747304,0.2187411021831218,0.697316798543951,0.187852525696181,0.0834343927307366,0.3426744357112365,0.115323205790874,0.0141482472229421,0.072529319905307,0.2426676828165359,0.0381460619192891,0.1634460082303723,2.0203981169337246,0.0,2.309401076758503,0,4,0,4,0.0419665811631588,0.0710428269372069,0.0459631341264215,16521.667807456357
ens_champion_segmented6,valid_2025_10,2025-10-05,10,31,62,9.601152237049682,14054.505795817557,13635.61270133775,False,9.815040051821526,32,64,0.21388781477184438,1,2,0,0,10,6,1,2.9294707898712304,0.054181412001943,0.1765983929083781,2.334387725747304,0.2187411021831218,0.697316798543951,0.187852525696181,0.0834343927307366,0.3426744357112365,0.115323205790874,0.0141482472229421,0.072529319905307,0.2426676828165359,0.0381460619192891,0.1634460082303723,2.0203981169337246,0.0,2.309401076758503,0,4,0,4,0.0419665811631588,0.0710428269372069,0.0459631341264215,14054.505795817557
ens_champion_segmented6,valid_2025_10,2025-10-06,1,52,66,8.150592303585498,13865.2370360308,2774.732892707567,False,8.150592303585498,52,66,0.0,0,0,1,1,10,0,0,2.9278374458378607,0.0682670346684499,0.2552548767007843,2.1866029928317574,0.4362157642484425,1.3216407167468824,0.2457102934895948,0.1516152440169512,0.5399073806640146,0.1232355997984764,0.0196901876378658,0.1224746936911183,0.4270123741509124,0.0376898979240616,0.1750227921050714,1.0325000429791165,0.0,0.5773502691896257,0,0,0,1,0.0451866904039803,0.0617369907606448,0.0392790445696239,13865.2370360308
ens_champion_segmented6,valid_2025_10,2025-10-06,2,52,67,8.105405613181517,13839.525269661708,2800.4446590766584,False,8.150592303585498,52,66,0.04518669040398038,0,1,1,0,10,0,0,2.9278374458378607,0.0682670346684499,0.2552548767007843,2.1866029928317574,0.4362157642484425,1.3216407167468824,0.2457102934895948,0.1516152440169512,0.5399073806640146,0.1232355997984764,0.0196901876378658,0.1224746936911183,0.4270123741509124,0.0376898979240616,0.1750227921050714,1.0325000429791165,0.0,0.5773502691896257,0,0,0,1,0.0451866904039803,0.0617369907606448,0.0392790445696239,13839.525269661708
ens_champion_segmented6,valid_2025_10,2025-10-06,3,51,66,8.095056528489451,15018.165747231778,1621.804181506588,False,8.150592303585498,52,66,0.05553577509604679,1,0,0,1,10,0,0,2.9278374458378607,0.0682670346684499,0.2552548767007843,2.1866029928317574,0.4362157642484425,1.3216407167468824,0.2457102934895948,0.1516152440169512,0.5399073806640146,0.1232355997984764,0.0196901876378658,0.1224746936911183,0.4270123741509124,0.0376898979240616,0.1750227921050714,1.0325000429791165,0.0,0.5773502691896257,0,0,0,1,0.0451866904039803,0.0617369907606448,0.0392790445696239,15018.165747231778
ens_champion_segmented6,valid_2025_10,2025-10-06,4,51,67,8.04986983808547,14992.453980862689,1647.5159478756796,False,8.150592303585498,52,66,0.10072246550002717,1,1,0,0,10,0,0,2.9278374458378607,0.0682670346684499,0.2552548767007843,2.1866029928317574,0.4362157642484425,1.3216407167468824,0.2457102934895948,0.1516152440169512,0.5399073806640146,0.1232355997984764,0.0196901876378658,0.1224746936911183,0.4270123741509124,0.0376898979240616,0.1750227921050714,1.0325000429791165,0.0,0.5773502691896257,0,0,0,1,0.0451866904039803,0.0617369907606448,0.0392790445696239,14992.453980862689
ens_champion_segmented6,valid_2025_10,2025-10-06,5,52,68,8.04335228078233,13622.740911344104,3017.229017394262,False,8.150592303585498,52,66,0.10724002280316824,0,2,1,0,10,0,0,2.9278374458378607,0.0682670346684499,0.2552548767007843,2.1866029928317574,0.4362157642484425,1.3216407167468824,0.2457102934895948,0.1516152440169512,0.5399073806640146,0.1232355997984764,0.0196901876378658,0.1224746936911183,0.4270123741509124,0.0376898979240616,0.1750227921050714,1.0325000429791165,0.0,0.5773502691896257,0,0,0,1,0.0451866904039803,0.0617369907606448,0.0392790445696239,13622.740911344104
ens_champion_segmented6,valid_2025_10,2025-10-06,6,51,68,7.987816505686283,14775.669622545083,1864.3003061932832,False,8.150592303585498,52,66,0.16277579789921504,1,2,0,0,10,0,0,2.9278374458378607,0.0682670346684499,0.2552548767007843,2.1866029928317574,0.4362157642484425,1.3216407167468824,0.2457102934895948,0.1516152440169512,0.5399073806640146,0.1232355997984764,0.0196901876378658,0.1224746936911183,0.4270123741509124,0.0376898979240616,0.1750227921050714,1.0325000429791165,0.0,0.5773502691896257,0,0,0,1,0.0451866904039803,0.0617369907606448,0.0392790445696239,14775.669622545083
ens_champion_segmented6,valid_2025_10,2025-10-06,7,53,66,7.978397410846341,13833.423417657756,2806.546511080611,False,8.150592303585498,52,66,0.17219489273915656,1,0,0,1,10,0,0,2.9278374458378607,0.0682670346684499,0.2552548767007843,2.1866029928317574,0.4362157642484425,1.3216407167468824,0.2457102934895948,0.1516152440169512,0.5399073806640146,0.1232355997984764,0.0196901876378658,0.1224746936911183,0.4270123741509124,0.0376898979240616,0.1750227921050714,1.0325000429791165,0.0,0.5773502691896257,0,0,0,1,0.0451866904039803,0.0617369907606448,0.0392790445696239,13833.423417657756
ens_champion_segmented6,valid_2025_10,2025-10-06,8,53,67,7.933210720442361,13807.711651288664,2832.2582774497023,False,8.150592303585498,52,66,0.21738158314313694,1,1,0,0,10,0,0,2.9278374458378607,0.0682670346684499,0.2552548767007843,2.1866029928317574,0.4362157642484425,1.3216407167468824,0.2457102934895948,0.1516152440169512,0.5399073806640146,0.1232355997984764,0.0196901876378658,0.1224746936911183,0.4270123741509124,0.0376898979240616,0.1750227921050714,1.0325000429791165,0.0,0.5773502691896257,0,0,0,1,0.0451866904039803,0.0617369907606448,0.0392790445696239,13807.711651288664
ens_champion_segmented6,valid_2025_10,2025-10-06,9,50,66,7.918458085335217,15372.948037966136,1267.02189077223,False,8.150592303585498,52,66,0.23213421825028036,2,0,0,1,10,0,0,2.9278374458378607,0.0682670346684499,0.2552548767007843,2.1866029928317574,0.4362157642484425,1.3216407167468824,0.2457102934895948,0.1516152440169512,0.5399073806640146,0.1232355997984764,0.0196901876378658,0.1224746936911183,0.4270123741509124,0.0376898979240616,0.1750227921050714,1.0325000429791165,0.0,0.5773502691896257,0,0,0,1,0.0451866904039803,0.0617369907606448,0.0392790445696239,15372.948037966136
ens_champion_segmented6,valid_2025_10,2025-10-06,10,52,65,7.89969345183151,14724.204732103006,1915.7651966353608,False,8.150592303585498,52,66,0.25089885175398763,0,1,1,0,10,0,0,2.9278374458378607,0.0682670346684499,0.2552548767007843,2.1866029928317574,0.4362157642484425,1.3216407167468824,0.2457102934895948,0.1516152440169512,0.5399073806640146,0.1232355997984764,0.0196901876378658,0.1224746936911183,0.4270123741509124,0.0376898979240616,0.1750227921050714,1.0325000429791165,0.0,0.5773502691896257,0,0,0,1,0.0451866904039803,0.0617369907606448,0.0392790445696239,14724.204732103006
ens_champion_segmented6,valid_2025_10,2025-10-07,1,44,65,7.260997382033651,12647.214480276738,787.4793142261387,False,7.260997382033651,44,65,0.0,0,0,1,1,10,1,0,2.909867739436653,0.0694327595924377,0.2525408913916136,2.064146320349625,0.415990172391208,1.2883148004995673,0.279698152342952,0.1472543657801163,0.5783066512223374,0.1466032661459393,0.042792259713978,0.1330948861970126,0.4797069497346845,0.0387129550766164,0.1817300686042327,1.3762369194180522,1.5275252316519463,0.5773502691896257,1,1,3,1,0.0113870180784232,0.0403971126900852,0.0383961637355464,12647.214480276738
ens_champion_segmented6,valid_2025_10,2025-10-07,2,43,65,7.249610363955227,12534.368394545709,900.325399957168,False,7.260997382033651,44,65,0.011387018078423239,1,0,0,1,10,1,0,2.909867739436653,0.0694327595924377,0.2525408913916136,2.064146320349625,0.415990172391208,1.2883148004995673,0.279698152342952,0.1472543657801163,0.5783066512223374,0.1466032661459393,0.042792259713978,0.1330948861970126,0.4797069497346845,0.0387129550766164,0.1817300686042327,1.3762369194180522,1.5275252316519463,0.5773502691896257,1,1,3,1,0.0113870180784232,0.0403971126900852,0.0383961637355464,12534.368394545709
ens_champion_segmented6,valid_2025_10,2025-10-07,3,45,65,7.234024003637138,12693.350589641326,741.3432048615505,False,7.260997382033651,44,65,0.02697337839651226,1,0,0,1,10,1,0,2.909867739436653,0.0694327595924377,0.2525408913916136,2.064146320349625,0.415990172391208,1.2883148004995673,0.279698152342952,0.1472543657801163,0.5783066512223374,0.1466032661459393,0.042792259713978,0.1330948861970126,0.4797069497346845,0.0387129550766164,0.1817300686042327,1.3762369194180522,1.5275252316519463,0.5773502691896257,1,1,3,1,0.0113870180784232,0.0403971126900852,0.0383961637355464,12693.350589641326
ens_champion_segmented6,valid_2025_10,2025-10-07,4,42,65,7.2045534362684265,13379.3826375995,55.3111569033772,False,7.260997382033651,44,65,0.05644394576522416,2,0,0,1,10,1,0,2.909867739436653,0.0694327595924377,0.2525408913916136,2.064146320349625,0.415990172391208,1.2883148004995673,0.279698152342952,0.1472543657801163,0.5783066512223374,0.1466032661459393,0.042792259713978,0.1330948861970126,0.4797069497346845,0.0387129550766164,0.1817300686042327,1.3762369194180522,1.5275252316519463,0.5773502691896257,1,1,3,1,0.0113870180784232,0.0403971126900852,0.0383961637355464,13379.3826375995
ens_champion_segmented6,valid_2025_10,2025-10-07,5,41,65,7.153816160823382,13331.779920427913,102.91387407496404,False,7.260997382033651,44,65,0.10718122121026852,3,0,0,1,10,1,0,2.909867739436653,0.0694327595924377,0.2525408913916136,2.064146320349625,0.415990172391208,1.2883148004995673,0.279698152342952,0.1472543657801163,0.5783066512223374,0.1466032661459393,0.042792259713978,0.1330948861970126,0.4797069497346845,0.0387129550766164,0.1817300686042327,1.3762369194180522,1.5275252316519463,0.5773502691896257,1,1,3,1,0.0113870180784232,0.0403971126900852,0.0383961637355464,13331.779920427913
ens_champion_segmented6,valid_2025_10,2025-10-07,6,46,65,7.141074443686364,12757.378677978915,677.3151165239615,False,7.260997382033651,44,65,0.11992293834728684,2,0,0,1,10,1,0,2.909867739436653,0.0694327595924377,0.2525408913916136,2.064146320349625,0.415990172391208,1.2883148004995673,0.279698152342952,0.1472543657801163,0.5783066512223374,0.1466032661459393,0.042792259713978,0.1330948861970126,0.4797069497346845,0.0387129550766164,0.1817300686042327,1.3762369194180522,1.5275252316519463,0.5773502691896257,1,1,3,1,0.0113870180784232,0.0403971126900852,0.0383961637355464,12757.378677978915
ens_champion_segmented6,valid_2025_10,2025-10-07,7,44,64,7.114743921180391,12074.569349561934,1360.1244449409423,False,7.260997382033651,44,65,0.1462534608532593,0,1,1,0,10,1,0,2.909867739436653,0.0694327595924377,0.2525408913916136,2.064146320349625,0.415990172391208,1.2883148004995673,0.279698152342952,0.1472543657801163,0.5783066512223374,0.1466032661459393,0.042792259713978,0.1330948861970126,0.4797069497346845,0.0387129550766164,0.1817300686042327,1.3762369194180522,1.5275252316519463,0.5773502691896257,1,1,3,1,0.0113870180784232,0.0403971126900852,0.0383961637355464,12074.569349561934
ens_champion_segmented6,valid_2025_10,2025-10-07,8,43,64,7.103356903101968,11961.723263830903,1472.9705306719716,False,7.260997382033651,44,65,0.15764047893168254,1,1,0,0,10,1,0,2.909867739436653,0.0694327595924377,0.2525408913916136,2.064146320349625,0.415990172391208,1.2883148004995673,0.279698152342952,0.1472543657801163,0.5783066512223374,0.1466032661459393,0.042792259713978,0.1330948861970126,0.4797069497346845,0.0387129550766164,0.1817300686042327,1.3762369194180522,1.5275252316519463,0.5773502691896257,1,1,3,1,0.0113870180784232,0.0403971126900852,0.0383961637355464,11961.723263830903
ens_champion_segmented6,valid_2025_10,2025-10-07,9,45,64,7.087770542783879,12120.705458926524,1313.988335576354,False,7.260997382033651,44,65,0.17322683924977156,1,1,0,0,10,1,0,2.909867739436653,0.0694327595924377,0.2525408913916136,2.064146320349625,0.415990172391208,1.2883148004995673,0.279698152342952,0.1472543657801163,0.5783066512223374,0.1466032661459393,0.042792259713978,0.1330948861970126,0.4797069497346845,0.0387129550766164,0.1817300686042327,1.3762369194180522,1.5275252316519463,0.5773502691896257,1,1,3,1,0.0113870180784232,0.0403971126900852,0.0383961637355464,12120.705458926524
ens_champion_segmented6,valid_2025_10,2025-10-07,10,42,64,7.058299975415167,12806.737506884696,627.9562876181808,False,7.260997382033651,44,65,0.20269740661848346,2,1,0,0,10,1,0,2.909867739436653,0.0694327595924377,0.2525408913916136,2.064146320349625,0.415990172391208,1.2883148004995673,0.279698152342952,0.1472543657801163,0.5783066512223374,0.1466032661459393,0.042792259713978,0.1330948861970126,0.4797069497346845,0.0387129550766164,0.1817300686042327,1.3762369194180522,1.5275252316519463,0.5773502691896257,1,1,3,1,0.0113870180784232,0.0403971126900852,0.0383961637355464,12806.737506884696
ens_champion_segmented6,valid_2025_10,2025-10-08,1,48,88,6.080999622320327,-15992.705956129585,33099.747523011814,False,6.080999622320327,48,88,0.0,0,0,1,1,10,2,0,2.8891584068766973,0.0581150502386643,0.2027283910013255,2.15411521824697,0.1675323750052829,0.5604618101423771,0.2448403862114721,0.0617131711353817,0.3549929946641255,0.2141069681769617,0.0284713262239733,0.0307334180345104,0.1088509324356675,0.0395549156016987,0.1706859369063327,0.5211312101662053,3.4641016151377544,0.0,6,0,6,0,0.0186418247850852,0.0257801051030543,0.0155166950264192,-15992.705956129585
ens_champion_segmented6,valid_2025_10,2025-10-08,2,46,88,6.062357797535242,-15925.897357546191,33032.938924428425,False,6.080999622320327,48,88,0.018641824785085248,2,0,0,1,10,2,0,2.8891584068766973,0.0581150502386643,0.2027283910013255,2.15411521824697,0.1675323750052829,0.5604618101423771,0.2448403862114721,0.0617131711353817,0.3549929946641255,0.2141069681769617,0.0284713262239733,0.0307334180345104,0.1088509324356675,0.0395549156016987,0.1706859369063327,0.5211312101662053,3.4641016151377544,0.0,6,0,6,0,0.0186418247850852,0.0257801051030543,0.0155166950264192,-15925.897357546191
ens_champion_segmented6,valid_2025_10,2025-10-08,3,47,88,6.051533211463088,-16056.333192875672,33163.374759757906,False,6.080999622320327,48,88,0.02946641085723911,1,0,0,1,10,2,0,2.8891584068766973,0.0581150502386643,0.2027283910013255,2.15411521824697,0.1675323750052829,0.5604618101423771,0.2448403862114721,0.0617131711353817,0.3549929946641255,0.2141069681769617,0.0284713262239733,0.0307334180345104,0.1088509324356675,0.0395549156016987,0.1706859369063327,0.5211312101662053,3.4641016151377544,0.0,6,0,6,0,0.0186418247850852,0.0257801051030543,0.0155166950264192,-16056.333192875672
ens_champion_segmented6,valid_2025_10,2025-10-08,4,44,88,6.045472982838959,-14029.805702512724,31136.84726939496,False,6.080999622320327,48,88,0.03552663948136825,4,0,0,1,10,2,0,2.8891584068766973,0.0581150502386643,0.2027283910013255,2.15411521824697,0.1675323750052829,0.5604618101423771,0.2448403862114721,0.0617131711353817,0.3549929946641255,0.2141069681769617,0.0284713262239733,0.0307334180345104,0.1088509324356675,0.0395549156016987,0.1706859369063327,0.5211312101662053,3.4641016151377544,0.0,6,0,6,0,0.0186418247850852,0.0257801051030543,0.0155166950264192,-14029.805702512724
ens_champion_segmented6,valid_2025_10,2025-10-08,5,45,88,6.0357339719287495,-15038.29740493824,32145.33897182047,False,6.080999622320327,48,88,0.045265650391577594,3,0,0,1,10,2,0,2.8891584068766973,0.0581150502386643,0.2027283910013255,2.15411521824697,0.1675323750052829,0.5604618101423771,0.2448403862114721,0.0617131711353817,0.3549929946641255,0.2141069681769617,0.0284713262239733,0.0307334180345104,0.1088509324356675,0.0395549156016987,0.1706859369063327,0.5211312101662053,3.4641016151377544,0.0,6,0,6,0,0.0186418247850852,0.0257801051030543,0.0155166950264192,-15038.29740493824
ens_champion_segmented6,valid_2025_10,2025-10-08,6,43,88,6.0025859003094695,-13234.465243186603,30341.50681006884,False,6.080999622320327,48,88,0.07841372201085761,5,0,0,1,10,2,0,2.8891584068766973,0.0581150502386643,0.2027283910013255,2.15411521824697,0.1675323750052829,0.5604618101423771,0.2448403862114721,0.0617131711353817,0.3549929946641255,0.2141069681769617,0.0284713262239733,0.0307334180345104,0.1088509324356675,0.0395549156016987,0.1706859369063327,0.5211312101662053,3.4641016151377544,0.0,6,0,6,0,0.0186418247850852,0.0257801051030543,0.0155166950264192,-13234.465243186603
ens_champion_segmented6,valid_2025_10,2025-10-08,7,49,88,5.97422199237608,-15989.524594292276,33096.56616117451,False,6.080999622320327,48,88,0.10677762994424711,1,0,0,1,10,2,0,2.8891584068766973,0.0581150502386643,0.2027283910013255,2.15411521824697,0.1675323750052829,0.5604618101423771,0.2448403862114721,0.0617131711353817,0.3549929946641255,0.2141069681769617,0.0284713262239733,0.0307334180345104,0.1088509324356675,0.0395549156016987,0.1706859369063327,0.5211312101662053,3.4641016151377544,0.0,6,0,6,0,0.0186418247850852,0.0257801051030543,0.0155166950264192,-15989.524594292276
ens_champion_segmented6,valid_2025_10,2025-10-08,8,42,88,5.966972566880578,-12600.372108584266,29707.413675466498,False,6.080999622320327,48,88,0.11402705543974889,6,0,0,1,10,2,0,2.8891584068766973,0.0581150502386643,0.2027283910013255,2.15411521824697,0.1675323750052829,0.5604618101423771,0.2448403862114721,0.0617131711353817,0.3549929946641255,0.2141069681769617,0.0284713262239733,0.0307334180345104,0.1088509324356675,0.0395549156016987,0.1706859369063327,0.5211312101662053,3.4641016151377544,0.0,6,0,6,0,0.0186418247850852,0.0257801051030543,0.0155166950264192,-12600.372108584266
ens_champion_segmented6,valid_2025_10,2025-10-08,9,41,88,5.91072113894468,-9224.947199204216,26331.988766086448,False,6.080999622320327,48,88,0.17027848337564677,7,0,0,1,10,2,0,2.8891584068766973,0.0581150502386643,0.2027283910013255,2.15411521824697,0.1675323750052829,0.5604618101423771,0.2448403862114721,0.0617131711353817,0.3549929946641255,0.2141069681769617,0.0284713262239733,0.0307334180345104,0.1088509324356675,0.0395549156016987,0.1706859369063327,0.5211312101662053,3.4641016151377544,0.0,6,0,6,0,0.0186418247850852,0.0257801051030543,0.0155166950264192,-9224.947199204216
ens_champion_segmented6,valid_2025_10,2025-10-08,10,40,88,5.84747457543655,-9288.57443595031,26395.61600283254,False,6.080999622320327,48,88,0.23352504688377707,8,0,0,1,10,2,0,2.8891584068766973,0.0581150502386643,0.2027283910013255,2.15411521824697,0.1675323750052829,0.5604618101423771,0.2448403862114721,0.0617131711353817,0.3549929946641255,0.2141069681769617,0.0284713262239733,0.0307334180345104,0.1088509324356675,0.0395549156016987,0.1706859369063327,0.5211312101662053,3.4641016151377544,0.0,6,0,6,0,0.0186418247850852,0.0257801051030543,0.0155166950264192,-9288.57443595031
ens_champion_segmented6,valid_2025_10,2025-10-09,1,23,68,11.1887125971623,-1648.772585801417,13365.235121508897,False,11.1887125971623,23,68,0.0,0,0,1,1,10,3,0,2.8790520404477604,0.063750258991567,0.2223784861855562,2.382373932884876,0.2203221169790114,0.7240456967542199,0.1608205904030596,0.0793734225601327,0.3073689362758927,0.1009676060221279,0.0250001646466153,0.0598529843809317,0.2101295354324617,0.0552037930936245,0.1689546761634494,0.4323330127002349,4.932882862316247,2.309401076758504,1,4,9,4,0.0010229840752629,0.0314696591060332,0.0346362040499002,-1648.772585801417
ens_champion_segmented6,valid_2025_10,2025-10-09,2,23,66,11.187689613087038,-5394.460292616145,17110.922828323623,False,11.1887125971623,23,68,0.0010229840752629116,0,2,1,0,10,3,0,2.8790520404477604,0.063750258991567,0.2223784861855562,2.382373932884876,0.2203221169790114,0.7240456967542199,0.1608205904030596,0.0793734225601327,0.3073689362758927,0.1009676060221279,0.0250001646466153,0.0598529843809317,0.2101295354324617,0.0552037930936245,0.1689546761634494,0.4323330127002349,4.932882862316247,2.309401076758504,1,4,9,4,0.0010229840752629,0.0314696591060332,0.0346362040499002,-5394.460292616145
ens_champion_segmented6,valid_2025_10,2025-10-09,3,23,67,11.179739763093956,-4163.273261579313,15879.73579728679,False,11.1887125971623,23,68,0.008972834068345037,0,1,1,0,10,3,0,2.8790520404477604,0.063750258991567,0.2223784861855562,2.382373932884876,0.2203221169790114,0.7240456967542199,0.1608205904030596,0.0793734225601327,0.3073689362758927,0.1009676060221279,0.0250001646466153,0.0598529843809317,0.2101295354324617,0.0552037930936245,0.1689546761634494,0.4323330127002349,4.932882862316247,2.309401076758504,1,4,9,4,0.0010229840752629,0.0314696591060332,0.0346362040499002,-4163.273261579313
ens_champion_segmented6,valid_2025_10,2025-10-09,4,23,65,11.117495609632208,-6363.948498916308,18080.411034623787,False,11.1887125971623,23,68,0.07121698753009298,0,3,1,0,10,3,0,2.8790520404477604,0.063750258991567,0.2223784861855562,2.382373932884876,0.2203221169790114,0.7240456967542199,0.1608205904030596,0.0793734225601327,0.3073689362758927,0.1009676060221279,0.0250001646466153,0.0598529843809317,0.2101295354324617,0.0552037930936245,0.1689546761634494,0.4323330127002349,4.932882862316247,2.309401076758504,1,4,9,4,0.0010229840752629,0.0314696591060332,0.0346362040499002,-6363.948498916308
ens_champion_segmented6,valid_2025_10,2025-10-09,5,24,68,11.11257710730584,139.1527667636936,11577.309768943784,False,11.1887125971623,23,68,0.07613548985646013,1,0,0,1,10,3,0,2.8790520404477604,0.063750258991567,0.2223784861855562,2.382373932884876,0.2203221169790114,0.7240456967542199,0.1608205904030596,0.0793734225601327,0.3073689362758927,0.1009676060221279,0.0250001646466153,0.0598529843809317,0.2101295354324617,0.0552037930936245,0.1689546761634494,0.4323330127002349,4.932882862316247,2.309401076758504,1,4,9,4,0.0010229840752629,0.0314696591060332,0.0346362040499002,139.1527667636936
ens_champion_segmented6,valid_2025_10,2025-10-09,6,24,66,11.111554123230576,-3606.534940051034,15322.997475758511,False,11.1887125971623,23,68,0.07715847393172481,1,2,0,0,10,3,0,2.8790520404477604,0.063750258991567,0.2223784861855562,2.382373932884876,0.2203221169790114,0.7240456967542199,0.1608205904030596,0.0793734225601327,0.3073689362758927,0.1009676060221279,0.0250001646466153,0.0598529843809317,0.2101295354324617,0.0552037930936245,0.1689546761634494,0.4323330127002349,4.932882862316247,2.309401076758504,1,4,9,4,0.0010229840752629,0.0314696591060332,0.0346362040499002,-3606.534940051034
ens_champion_segmented6,valid_2025_10,2025-10-09,7,24,67,11.103604273237494,-2375.3479090142023,14091.81044472168,False,11.1887125971623,23,68,0.08510832392480694,1,1,0,0,10,3,0,2.8790520404477604,0.063750258991567,0.2223784861855562,2.382373932884876,0.2203221169790114,0.7240456967542199,0.1608205904030596,0.0793734225601327,0.3073689362758927,0.1009676060221279,0.0250001646466153,0.0598529843809317,0.2101295354324617,0.0552037930936245,0.1689546761634494,0.4323330127002349,4.932882862316247,2.309401076758504,1,4,9,4,0.0010229840752629,0.0314696591060332,0.0346362040499002,-2375.3479090142023
ens_champion_segmented6,valid_2025_10,2025-10-09,8,22,68,11.073770556641731,-853.4321264752975,12569.894662182776,False,11.1887125971623,23,68,0.11494204052056922,1,0,0,1,10,3,0,2.8790520404477604,0.063750258991567,0.2223784861855562,2.382373932884876,0.2203221169790114,0.7240456967542199,0.1608205904030596,0.0793734225601327,0.3073689362758927,0.1009676060221279,0.0250001646466153,0.0598529843809317,0.2101295354324617,0.0552037930936245,0.1689546761634494,0.4323330127002349,4.932882862316247,2.309401076758504,1,4,9,4,0.0010229840752629,0.0314696591060332,0.0346362040499002,-853.4321264752975
ens_champion_segmented6,valid_2025_10,2025-10-09,9,22,66,11.07274757256647,-4599.119833290026,16315.582368997504,False,11.1887125971623,23,68,0.11596502459583036,1,2,0,0,10,3,0,2.8790520404477604,0.063750258991567,0.2223784861855562,2.382373932884876,0.2203221169790114,0.7240456967542199,0.1608205904030596,0.0793734225601327,0.3073689362758927,0.1009676060221279,0.0250001646466153,0.0598529843809317,0.2101295354324617,0.0552037930936245,0.1689546761634494,0.4323330127002349,4.932882862316247,2.309401076758504,1,4,9,4,0.0010229840752629,0.0314696591060332,0.0346362040499002,-4599.119833290026
ens_champion_segmented6,valid_2025_10,2025-10-09,10,22,67,11.064797722573388,-3367.9328022531936,15084.395337960672,False,11.1887125971623,23,68,0.12391487458891248,1,1,0,0,10,3,0,2.8790520404477604,0.063750258991567,0.2223784861855562,2.382373932884876,0.2203221169790114,0.7240456967542199,0.1608205904030596,0.0793734225601327,0.3073689362758927,0.1009676060221279,0.0250001646466153,0.0598529843809317,0.2101295354324617,0.0552037930936245,0.1689546761634494,0.4323330127002349,4.932882862316247,2.309401076758504,1,4,9,4,0.0010229840752629,0.0314696591060332,0.0346362040499002,-3367.9328022531936
ens_champion_segmented6,valid_2025_10,2025-10-10,1,48,64,9.214440778153488,12073.344525254572,12786.958980342177,False,9.214440778153488,48,64,0.0,0,0,1,1,10,4,0,2.895866374550037,0.0608565232411191,0.2056738014143802,2.565676677449346,0.1628007409834562,0.5869571793841835,0.1041694198483242,0.0592089486645731,0.2240660635132673,0.055443300868311,0.0191538276004077,0.0487261189800131,0.178053069403121,0.0554185010279804,0.1643140817812098,0.8002741718007519,0.0,0.5773502691896258,0,1,0,1,0.1405215066024112,0.1855106453394288,0.1132911985675616,12073.344525254572
ens_champion_segmented6,valid_2025_10,2025-10-10,2,47,64,9.073919271551077,12073.344525254572,12786.958980342177,False,9.214440778153488,48,64,0.14052150660241125,1,0,0,1,10,4,0,2.895866374550037,0.0608565232411191,0.2056738014143802,2.565676677449346,0.1628007409834562,0.5869571793841835,0.1041694198483242,0.0592089486645731,0.2240660635132673,0.055443300868311,0.0191538276004077,0.0487261189800131,0.178053069403121,0.0554185010279804,0.1643140817812098,0.8002741718007519,0.0,0.5773502691896258,0,1,0,1,0.1405215066024112,0.1855106453394288,0.1132911985675616,12073.344525254572
ens_champion_segmented6,valid_2025_10,2025-10-10,3,48,65,9.01730689603309,8310.655620781286,16549.647884815462,False,9.214440778153488,48,64,0.19713388212039717,0,1,1,0,10,4,0,2.895866374550037,0.0608565232411191,0.2056738014143802,2.565676677449346,0.1628007409834562,0.5869571793841835,0.1041694198483242,0.0592089486645731,0.2240660635132673,0.055443300868311,0.0191538276004077,0.0487261189800131,0.178053069403121,0.0554185010279804,0.1643140817812098,0.8002741718007519,0.0,0.5773502691896258,0,1,0,1,0.1405215066024112,0.1855106453394288,0.1132911985675616,8310.655620781286
ens_champion_segmented6,valid_2025_10,2025-10-10,4,48,63,8.962198328901962,15408.922877622375,9451.380627974371,False,9.214440778153488,48,64,0.2522424492515256,0,1,1,0,10,4,0,2.895866374550037,0.0608565232411191,0.2056738014143802,2.565676677449346,0.1628007409834562,0.5869571793841835,0.1041694198483242,0.0592089486645731,0.2240660635132673,0.055443300868311,0.0191538276004077,0.0487261189800131,0.178053069403121,0.0554185010279804,0.1643140817812098,0.8002741718007519,0.0,0.5773502691896258,0,1,0,1,0.1405215066024112,0.1855106453394288,0.1132911985675616,15408.922877622375
ens_champion_segmented6,valid_2025_10,2025-10-10,5,47,65,8.87678538943068,8310.655620781286,16549.647884815462,False,9.214440778153488,48,64,0.3376553887228084,1,1,0,0,10,4,0,2.895866374550037,0.0608565232411191,0.2056738014143802,2.565676677449346,0.1628007409834562,0.5869571793841835,0.1041694198483242,0.0592089486645731,0.2240660635132673,0.055443300868311,0.0191538276004077,0.0487261189800131,0.178053069403121,0.0554185010279804,0.1643140817812098,0.8002741718007519,0.0,0.5773502691896258,0,1,0,1,0.1405215066024112,0.1855106453394288,0.1132911985675616,8310.655620781286
ens_champion_segmented6,valid_2025_10,2025-10-10,6,47,63,8.821676822299551,15408.922877622375,9451.380627974371,False,9.214440778153488,48,64,0.39276395585393686,1,1,0,0,10,4,0,2.895866374550037,0.0608565232411191,0.2056738014143802,2.565676677449346,0.1628007409834562,0.5869571793841835,0.1041694198483242,0.0592089486645731,0.2240660635132673,0.055443300868311,0.0191538276004077,0.0487261189800131,0.178053069403121,0.0554185010279804,0.1643140817812098,0.8002741718007519,0.0,0.5773502691896258,0,1,0,1,0.1405215066024112,0.1855106453394288,0.1132911985675616,15408.922877622375
ens_champion_segmented6,valid_2025_10,2025-10-10,7,46,64,8.795238307679455,11807.306322971825,13052.997182624926,False,9.214440778153488,48,64,0.41920247047403336,2,0,0,1,10,4,0,2.895866374550037,0.0608565232411191,0.2056738014143802,2.565676677449346,0.1628007409834562,0.5869571793841835,0.1041694198483242,0.0592089486645731,0.2240660635132673,0.055443300868311,0.0191538276004077,0.0487261189800131,0.178053069403121,0.0554185010279804,0.1643140817812098,0.8002741718007519,0.0,0.5773502691896258,0,1,0,1,0.1405215066024112,0.1855106453394288,0.1132911985675616,11807.306322971825
ens_champion_segmented6,valid_2025_10,2025-10-10,8,49,64,8.748594684885049,9744.587660347695,15115.715845249051,False,9.214440778153488,48,64,0.4658460932684392,1,0,0,1,10,4,0,2.895866374550037,0.0608565232411191,0.2056738014143802,2.565676677449346,0.1628007409834562,0.5869571793841835,0.1041694198483242,0.0592089486645731,0.2240660635132673,0.055443300868311,0.0191538276004077,0.0487261189800131,0.178053069403121,0.0554185010279804,0.1643140817812098,0.8002741718007519,0.0,0.5773502691896258,0,1,0,1,0.1405215066024112,0.1855106453394288,0.1132911985675616,9744.587660347695
ens_champion_segmented6,valid_2025_10,2025-10-10,9,48,66,8.73269254713918,4505.746863365136,20354.55664223161,False,9.214440778153488,48,64,0.48174823101430775,0,2,1,0,10,4,0,2.895866374550037,0.0608565232411191,0.2056738014143802,2.565676677449346,0.1628007409834562,0.5869571793841835,0.1041694198483242,0.0592089486645731,0.2240660635132673,0.055443300868311,0.0191538276004077,0.0487261189800131,0.178053069403121,0.0554185010279804,0.1643140817812098,0.8002741718007519,0.0,0.5773502691896258,0,1,0,1,0.1405215066024112,0.1855106453394288,0.1132911985675616,4505.746863365136
ens_champion_segmented6,valid_2025_10,2025-10-10,10,46,65,8.598104425559058,8044.617418498536,16815.686087098213,False,9.214440778153488,48,64,0.6163363525944305,2,1,0,0,10,4,0,2.895866374550037,0.0608565232411191,0.2056738014143802,2.565676677449346,0.1628007409834562,0.5869571793841835,0.1041694198483242,0.0592089486645731,0.2240660635132673,0.055443300868311,0.0191538276004077,0.0487261189800131,0.178053069403121,0.0554185010279804,0.1643140817812098,0.8002741718007519,0.0,0.5773502691896258,0,1,0,1,0.1405215066024112,0.1855106453394288,0.1132911985675616,8044.617418498536
ens_champion_segmented6,valid_2025_10,2025-10-11,1,33,65,11.08522846223888,22469.12514008012,1411.595698106703,False,11.08522846223888,33,65,0.0,0,0,1,1,10,5,1,2.906284595072559,0.0587973909271583,0.1945653964280058,2.260001210443584,0.3777244203831727,1.2365646408304063,0.2033801717724188,0.1366778720821723,0.4662200677323088,0.0900367803529882,0.0347856098531734,0.1133433914194305,0.3994251005712882,0.0552043863304233,0.1813941073603605,0.683277523987765,0.5773502691896258,0.5773502691896257,1,1,1,1,0.0352418866902297,0.1012660025041558,0.070313158187665,22469.12514008012
ens_champion_segmented6,valid_2025_10,2025-10-11,2,33,64,11.049986575548653,23309.004665128497,571.7161730583211,False,11.08522846223888,33,65,0.035241886690227986,0,1,1,0,10,5,1,2.906284595072559,0.0587973909271583,0.1945653964280058,2.260001210443584,0.3777244203831727,1.2365646408304063,0.2033801717724188,0.1366778720821723,0.4662200677323088,0.0900367803529882,0.0347856098531734,0.1133433914194305,0.3994251005712882,0.0552043863304233,0.1813941073603605,0.683277523987765,0.5773502691896258,0.5773502691896257,1,1,1,1,0.0352418866902297,0.1012660025041558,0.070313158187665,23309.004665128497
ens_champion_segmented6,valid_2025_10,2025-10-11,3,34,65,10.940720072435866,22600.06363057989,1280.6572076069242,False,11.08522846223888,33,65,0.14450838980301484,1,0,0,1,10,5,1,2.906284595072559,0.0587973909271583,0.1945653964280058,2.260001210443584,0.3777244203831727,1.2365646408304063,0.2033801717724188,0.1366778720821723,0.4662200677323088,0.0900367803529882,0.0347856098531734,0.1133433914194305,0.3994251005712882,0.0552043863304233,0.1813941073603605,0.683277523987765,0.5773502691896258,0.5773502691896257,1,1,1,1,0.0352418866902297,0.1012660025041558,0.070313158187665,22600.06363057989
ens_champion_segmented6,valid_2025_10,2025-10-11,4,32,65,10.938399002704593,22405.497903334028,1475.2229348527908,False,11.08522846223888,33,65,0.14682945953428828,1,0,0,1,10,5,1,2.906284595072559,0.0587973909271583,0.1945653964280058,2.260001210443584,0.3777244203831727,1.2365646408304063,0.2033801717724188,0.1366778720821723,0.4662200677323088,0.0900367803529882,0.0347856098531734,0.1133433914194305,0.3994251005712882,0.0552043863304233,0.1813941073603605,0.683277523987765,0.5773502691896258,0.5773502691896257,1,1,1,1,0.0352418866902297,0.1012660025041558,0.070313158187665,22405.497903334028
ens_champion_segmented6,valid_2025_10,2025-10-11,5,34,64,10.905478185745636,23439.943155628276,440.7776825585461,False,11.08522846223888,33,65,0.1797502764932446,1,1,0,0,10,5,1,2.906284595072559,0.0587973909271583,0.1945653964280058,2.260001210443584,0.3777244203831727,1.2365646408304063,0.2033801717724188,0.1366778720821723,0.4662200677323088,0.0900367803529882,0.0347856098531734,0.1133433914194305,0.3994251005712882,0.0552043863304233,0.1813941073603605,0.683277523987765,0.5773502691896258,0.5773502691896257,1,1,1,1,0.0352418866902297,0.1012660025041558,0.070313158187665,23439.943155628276
ens_champion_segmented6,valid_2025_10,2025-10-11,6,32,64,10.903157116014365,23245.37742838241,635.343409804409,False,11.08522846223888,33,65,0.18207134622451626,1,1,0,0,10,5,1,2.906284595072559,0.0587973909271583,0.1945653964280058,2.260001210443584,0.3777244203831727,1.2365646408304063,0.2033801717724188,0.1366778720821723,0.4662200677323088,0.0900367803529882,0.0347856098531734,0.1133433914194305,0.3994251005712882,0.0552043863304233,0.1813941073603605,0.683277523987765,0.5773502691896258,0.5773502691896257,1,1,1,1,0.0352418866902297,0.1012660025041558,0.070313158187665,23245.37742838241
ens_champion_segmented6,valid_2025_10,2025-10-11,7,33,66,10.84342541921314,20681.199787515005,3199.521050671814,False,11.08522846223888,33,65,0.2418030430257403,0,1,1,0,10,5,1,2.906284595072559,0.0587973909271583,0.1945653964280058,2.260001210443584,0.3777244203831727,1.2365646408304063,0.2033801717724188,0.1366778720821723,0.4662200677323088,0.0900367803529882,0.0347856098531734,0.1133433914194305,0.3994251005712882,0.0552043863304233,0.1813941073603605,0.683277523987765,0.5773502691896258,0.5773502691896257,1,1,1,1,0.0352418866902297,0.1012660025041558,0.070313158187665,20681.199787515005
ens_champion_segmented6,valid_2025_10,2025-10-11,8,34,66,10.698917029410126,20812.138278014783,3068.5825601720358,False,11.08522846223888,33,65,0.38631143282875513,1,1,0,0,10,5,1,2.906284595072559,0.0587973909271583,0.1945653964280058,2.260001210443584,0.3777244203831727,1.2365646408304063,0.2033801717724188,0.1366778720821723,0.4662200677323088,0.0900367803529882,0.0347856098531734,0.1133433914194305,0.3994251005712882,0.0552043863304233,0.1813941073603605,0.683277523987765,0.5773502691896258,0.5773502691896257,1,1,1,1,0.0352418866902297,0.1012660025041558,0.070313158187665,20812.138278014783
ens_champion_segmented6,valid_2025_10,2025-10-11,9,32,66,10.696595959678852,20617.57255076892,3263.148287417902,False,11.08522846223888,33,65,0.38863250256002857,1,1,0,0,10,5,1,2.906284595072559,0.0587973909271583,0.1945653964280058,2.260001210443584,0.3777244203831727,1.2365646408304063,0.2033801717724188,0.1366778720821723,0.4662200677323088,0.0900367803529882,0.0347856098531734,0.1133433914194305,0.3994251005712882,0.0552043863304233,0.1813941073603605,0.683277523987765,0.5773502691896258,0.5773502691896257,1,1,1,1,0.0352418866902297,0.1012660025041558,0.070313158187665,20617.57255076892
ens_champion_segmented6,valid_2025_10,2025-10-11,10,35,65,10.663165551636304,22704.00826589014,1176.7125722966775,False,11.08522846223888,33,65,0.42206291060257684,2,0,0,1,10,5,1,2.906284595072559,0.0587973909271583,0.1945653964280058,2.260001210443584,0.3777244203831727,1.2365646408304063,0.2033801717724188,0.1366778720821723,0.4662200677323088,0.0900367803529882,0.0347856098531734,0.1133433914194305,0.3994251005712882,0.0552043863304233,0.1813941073603605,0.683277523987765,0.5773502691896258,0.5773502691896257,1,1,1,1,0.0352418866902297,0.1012660025041558,0.070313158187665,22704.00826589014
ens_champion_segmented6,valid_2025_10,2025-10-12,1,53,68,5.129428817081013,9225.94932818297,825.4234168596431,False,5.129428817081013,53,68,0.0,0,0,1,1,10,6,1,2.8930271800779703,0.0417591828534096,0.141905665971767,1.720861213132148,0.5707938171139216,1.8131294304738657,0.3867672408861735,0.2019949104089795,0.7514876101415359,0.2581595738297259,0.0927298477561715,0.1286076670564476,0.4641445069472615,0.0554915529934056,0.197236148269209,0.2216018217628604,0.5773502691896258,1.5275252316519468,1,1,0,3,0.0291500472050216,0.0459951615587881,0.0323031091041038,9225.94932818297
ens_champion_segmented6,valid_2025_10,2025-10-12,2,54,68,5.100278769875992,9162.32209143688,889.0506536057328,False,5.129428817081013,53,68,0.02915004720502168,1,0,0,1,10,6,1,2.8930271800779703,0.0417591828534096,0.141905665971767,1.720861213132148,0.5707938171139216,1.8131294304738657,0.3867672408861735,0.2019949104089795,0.7514876101415359,0.2581595738297259,0.0927298477561715,0.1286076670564476,0.4641445069472615,0.0554915529934056,0.197236148269209,0.2216018217628604,0.5773502691896258,1.5275252316519468,1,1,0,3,0.0291500472050216,0.0459951615587881,0.0323031091041038,9162.32209143688
ens_champion_segmented6,valid_2025_10,2025-10-12,3,52,68,5.089282155249634,9701.422942939147,349.9498021034651,False,5.129428817081013,53,68,0.04014666183137905,1,0,0,1,10,6,1,2.8930271800779703,0.0417591828534096,0.141905665971767,1.720861213132148,0.5707938171139216,1.8131294304738657,0.3867672408861735,0.2019949104089795,0.7514876101415359,0.2581595738297259,0.0927298477561715,0.1286076670564476,0.4641445069472615,0.0554915529934056,0.197236148269209,0.2216018217628604,0.5773502691896258,1.5275252316519468,1,1,0,3,0.0291500472050216,0.0459951615587881,0.0323031091041038,9701.422942939147
ens_champion_segmented6,valid_2025_10,2025-10-12,4,53,67,5.063664291304754,8144.286303499449,1907.0864415431636,False,5.129428817081013,53,68,0.06576452577625957,0,1,1,0,10,6,1,2.8930271800779703,0.0417591828534096,0.141905665971767,1.720861213132148,0.5707938171139216,1.8131294304738657,0.3867672408861735,0.2019949104089795,0.7514876101415359,0.2581595738297259,0.0927298477561715,0.1286076670564476,0.4641445069472615,0.0554915529934056,0.197236148269209,0.2216018217628604,0.5773502691896258,1.5275252316519468,1,1,0,3,0.0291500472050216,0.0459951615587881,0.0323031091041038,8144.286303499449
ens_champion_segmented6,valid_2025_10,2025-10-12,5,54,67,5.034514244099732,8080.659066753359,1970.713678289253,False,5.129428817081013,53,68,0.09491457298128125,1,1,0,0,10,6,1,2.8930271800779703,0.0417591828534096,0.141905665971767,1.720861213132148,0.5707938171139216,1.8131294304738657,0.3867672408861735,0.2019949104089795,0.7514876101415359,0.2581595738297259,0.0927298477561715,0.1286076670564476,0.4641445069472615,0.0554915529934056,0.197236148269209,0.2216018217628604,0.5773502691896258,1.5275252316519468,1,1,0,3,0.0291500472050216,0.0459951615587881,0.0323031091041038,8080.659066753359
ens_champion_segmented6,valid_2025_10,2025-10-12,6,53,69,5.025024909372789,9353.20380167515,698.1689433674619,False,5.129428817081013,53,68,0.10440390770822461,0,1,1,0,10,6,1,2.8930271800779703,0.0417591828534096,0.141905665971767,1.720861213132148,0.5707938171139216,1.8131294304738657,0.3867672408861735,0.2019949104089795,0.7514876101415359,0.2581595738297259,0.0927298477561715,0.1286076670564476,0.4641445069472615,0.0554915529934056,0.197236148269209,0.2216018217628604,0.5773502691896258,1.5275252316519468,1,1,0,3,0.0291500472050216,0.0459951615587881,0.0323031091041038,9353.20380167515
ens_champion_segmented6,valid_2025_10,2025-10-12,7,52,67,5.023517629473375,8619.759918255626,1431.6128267869865,False,5.129428817081013,53,68,0.10591118760763862,1,1,0,0,10,6,1,2.8930271800779703,0.0417591828534096,0.141905665971767,1.720861213132148,0.5707938171139216,1.8131294304738657,0.3867672408861735,0.2019949104089795,0.7514876101415359,0.2581595738297259,0.0927298477561715,0.1286076670564476,0.4641445069472615,0.0554915529934056,0.197236148269209,0.2216018217628604,0.5773502691896258,1.5275252316519468,1,1,0,3,0.0291500472050216,0.0459951615587881,0.0323031091041038,8619.759918255626
ens_champion_segmented6,valid_2025_10,2025-10-12,8,51,68,5.019149239155823,9765.050179685237,286.3225653573754,False,5.129428817081013,53,68,0.11027957792519061,2,0,0,1,10,6,1,2.8930271800779703,0.0417591828534096,0.141905665971767,1.720861213132148,0.5707938171139216,1.8131294304738657,0.3867672408861735,0.2019949104089795,0.7514876101415359,0.2581595738297259,0.0927298477561715,0.1286076670564476,0.4641445069472615,0.0554915529934056,0.197236148269209,0.2216018217628604,0.5773502691896258,1.5275252316519468,1,1,0,3,0.0291500472050216,0.0459951615587881,0.0323031091041038,9765.050179685237
ens_champion_segmented6,valid_2025_10,2025-10-12,9,54,69,4.995874862167767,9289.57656492906,761.7961801135516,False,5.129428817081013,53,68,0.1335539549132463,1,1,0,0,10,6,1,2.8930271800779703,0.0417591828534096,0.141905665971767,1.720861213132148,0.5707938171139216,1.8131294304738657,0.3867672408861735,0.2019949104089795,0.7514876101415359,0.2581595738297259,0.0927298477561715,0.1286076670564476,0.4641445069472615,0.0554915529934056,0.197236148269209,0.2216018217628604,0.5773502691896258,1.5275252316519468,1,1,0,3,0.0291500472050216,0.0459951615587881,0.0323031091041038,9289.57656492906
ens_champion_segmented6,valid_2025_10,2025-10-12,10,52,69,4.98487824754141,9828.677416431328,222.6953286112839,False,5.129428817081013,53,68,0.14455056953960366,1,1,0,0,10,6,1,2.8930271800779703,0.0417591828534096,0.141905665971767,1.720861213132148,0.5707938171139216,1.8131294304738657,0.3867672408861735,0.2019949104089795,0.7514876101415359,0.2581595738297259,0.0927298477561715,0.1286076670564476,0.4641445069472615,0.0554915529934056,0.197236148269209,0.2216018217628604,0.5773502691896258,1.5275252316519468,1,1,0,3,0.0291500472050216,0.0459951615587881,0.0323031091041038,9828.677416431328
ens_champion_segmented6,valid_2025_10,2025-10-13,1,54,69,6.971929169683211,6451.327783139712,108.75167304641218,False,6.971929169683211,54,69,0.0,0,0,1,1,10,0,0,2.897021089391286,0.0656914503095971,0.2057439302337371,1.159724223171226,0.584326387158374,1.800397543319343,0.5890681851056766,0.2045095246377116,0.9841425060126332,0.4231892654870657,0.0326717085814541,0.1658789196186108,0.5610982035381432,0.0553354313665874,0.1859376350841233,0.427287816349203,0.0,0.0,0,0,0,0,0.0428860904719563,0.0592821040295694,0.0367218947296539,6451.327783139712
ens_champion_segmented6,valid_2025_10,2025-10-13,2,54,70,6.929043079211255,5875.294502068177,684.7849541179467,False,6.971929169683211,54,69,0.04288609047195546,0,1,1,0,10,0,0,2.897021089391286,0.0656914503095971,0.2057439302337371,1.159724223171226,0.584326387158374,1.800397543319343,0.5890681851056766,0.2045095246377116,0.9841425060126332,0.4231892654870657,0.0326717085814541,0.1658789196186108,0.5610982035381432,0.0553354313665874,0.1859376350841233,0.427287816349203,0.0,0.0,0,0,0,0,0.0428860904719563,0.0592821040295694,0.0367218947296539,5875.294502068177
ens_champion_segmented6,valid_2025_10,2025-10-13,3,53,69,6.904198182971346,6453.061625341043,107.01783084508132,False,6.971929169683211,54,69,0.06773098671186517,1,0,0,1,10,0,0,2.897021089391286,0.0656914503095971,0.2057439302337371,1.159724223171226,0.584326387158374,1.800397543319343,0.5890681851056766,0.2045095246377116,0.9841425060126332,0.4231892654870657,0.0326717085814541,0.1658789196186108,0.5610982035381432,0.0553354313665874,0.1859376350841233,0.427287816349203,0.0,0.0,0,0,0,0,0.0428860904719563,0.0592821040295694,0.0367218947296539,6453.061625341043
ens_champion_segmented6,valid_2025_10,2025-10-13,4,54,68,6.896752803903002,6526.252035770069,33.82742041605525,False,6.971929169683211,54,69,0.0751763657802087,0,1,1,0,10,0,0,2.897021089391286,0.0656914503095971,0.2057439302337371,1.159724223171226,0.584326387158374,1.800397543319343,0.5890681851056766,0.2045095246377116,0.9841425060126332,0.4231892654870657,0.0326717085814541,0.1658789196186108,0.5610982035381432,0.0553354313665874,0.1859376350841233,0.427287816349203,0.0,0.0,0,0,0,0,0.0428860904719563,0.0592821040295694,0.0367218947296539,6526.252035770069
ens_champion_segmented6,valid_2025_10,2025-10-13,5,53,70,6.861312092499389,5877.028344269508,683.0511119166158,False,6.971929169683211,54,69,0.11061707718382152,1,1,0,0,10,0,0,2.897021089391286,0.0656914503095971,0.2057439302337371,1.159724223171226,0.584326387158374,1.800397543319343,0.5890681851056766,0.2045095246377116,0.9841425060126332,0.4231892654870657,0.0326717085814541,0.1658789196186108,0.5610982035381432,0.0553354313665874,0.1859376350841233,0.427287816349203,0.0,0.0,0,0,0,0,0.0428860904719563,0.0592821040295694,0.0367218947296539,5877.028344269508
ens_champion_segmented6,valid_2025_10,2025-10-13,6,53,68,6.829021817191137,6527.9858779714,32.0935782147244,False,6.971929169683211,54,69,0.14290735249207387,1,1,0,0,10,0,0,2.897021089391286,0.0656914503095971,0.2057439302337371,1.159724223171226,0.584326387158374,1.800397543319343,0.5890681851056766,0.2045095246377116,0.9841425060126332,0.4231892654870657,0.0326717085814541,0.1658789196186108,0.5610982035381432,0.0553354313665874,0.1859376350841233,0.427287816349203,0.0,0.0,0,0,0,0,0.0428860904719563,0.0592821040295694,0.0367218947296539,6527.9858779714
ens_champion_segmented6,valid_2025_10,2025-10-13,7,55,69,6.8267618100489535,6448.970394018269,111.10906216785496,False,6.971929169683211,54,69,0.1451673596342573,1,0,0,1,10,0,0,2.897021089391286,0.0656914503095971,0.2057439302337371,1.159724223171226,0.584326387158374,1.800397543319343,0.5890681851056766,0.2045095246377116,0.9841425060126332,0.4231892654870657,0.0326717085814541,0.1658789196186108,0.5610982035381432,0.0553354313665874,0.1859376350841233,0.427287816349203,0.0,0.0,0,0,0,0,0.0428860904719563,0.0592821040295694,0.0367218947296539,6448.970394018269
ens_champion_segmented6,valid_2025_10,2025-10-13,8,54,67,6.790633007975696,6210.161467701008,349.9179884851156,False,6.971929169683211,54,69,0.1812961617075146,0,2,1,0,10,0,0,2.897021089391286,0.0656914503095971,0.2057439302337371,1.159724223171226,0.584326387158374,1.800397543319343,0.5890681851056766,0.2045095246377116,0.9841425060126332,0.4231892654870657,0.0326717085814541,0.1658789196186108,0.5610982035381432,0.0553354313665874,0.1859376350841233,0.427287816349203,0.0,0.0,0,0,0,0,0.0428860904719563,0.0592821040295694,0.0367218947296539,6210.161467701008
ens_champion_segmented6,valid_2025_10,2025-10-13,9,52,69,6.78782395413122,6455.419014462485,104.66044172363854,False,6.971929169683211,54,69,0.1841052155519911,2,0,0,1,10,0,0,2.897021089391286,0.0656914503095971,0.2057439302337371,1.159724223171226,0.584326387158374,1.800397543319343,0.5890681851056766,0.2045095246377116,0.9841425060126332,0.4231892654870657,0.0326717085814541,0.1658789196186108,0.5610982035381432,0.0553354313665874,0.1859376350841233,0.427287816349203,0.0,0.0,0,0,0,0,0.0428860904719563,0.0592821040295694,0.0367218947296539,6455.419014462485
ens_champion_segmented6,valid_2025_10,2025-10-13,10,55,70,6.783875719576997,5872.937112946735,687.1423432393894,False,6.971929169683211,54,69,0.18805345010621366,1,1,0,0,10,0,0,2.897021089391286,0.0656914503095971,0.2057439302337371,1.159724223171226,0.584326387158374,1.800397543319343,0.5890681851056766,0.2045095246377116,0.9841425060126332,0.4231892654870657,0.0326717085814541,0.1658789196186108,0.5610982035381432,0.0553354313665874,0.1859376350841233,0.427287816349203,0.0,0.0,0,0,0,0,0.0428860904719563,0.0592821040295694,0.0367218947296539,5872.937112946735
ens_champion_segmented6,valid_2025_10,2025-10-14,1,55,69,6.528342751034483,12877.93320344173,10456.251940629045,False,6.528342751034483,55,69,0.0,0,0,1,1,10,1,0,2.882922055513543,0.0607250485928099,0.2021813862103303,1.092172075432654,0.5704242114155871,1.7868521618602646,0.6078597371401498,0.2021433941931525,0.98726034001646,0.4754555930204601,0.062893753934994,0.1324041441196896,0.4768213677563758,0.0556253422410116,0.1858962344260642,0.4513693661766182,0.5773502691896258,10.96965511460289,0,0,1,19,0.0020852184441038,0.0150149570497539,0.0158624520967011,12877.93320344173
ens_champion_segmented6,valid_2025_10,2025-10-14,2,54,69,6.526257532590379,13750.453500940856,9583.731643129917,False,6.528342751034483,55,69,0.002085218444103809,1,0,0,1,10,1,0,2.882922055513543,0.0607250485928099,0.2021813862103303,1.092172075432654,0.5704242114155871,1.7868521618602646,0.6078597371401498,0.2021433941931525,0.98726034001646,0.4754555930204601,0.062893753934994,0.1324041441196896,0.4768213677563758,0.0556253422410116,0.1858962344260642,0.4513693661766182,0.5773502691896258,10.96965511460289,0,0,1,19,0.0020852184441038,0.0150149570497539,0.0158624520967011,13750.453500940856
ens_champion_segmented6,valid_2025_10,2025-10-14,3,55,70,6.515080338684475,12750.67872994955,10583.506414121222,False,6.528342751034483,55,69,0.01326241235000758,0,1,1,0,10,1,0,2.882922055513543,0.0607250485928099,0.2021813862103303,1.092172075432654,0.5704242114155871,1.7868521618602646,0.6078597371401498,0.2021433941931525,0.98726034001646,0.4754555930204601,0.062893753934994,0.1324041441196896,0.4768213677563758,0.0556253422410116,0.1858962344260642,0.4513693661766182,0.5773502691896258,10.96965511460289,0,0,1,19,0.0020852184441038,0.0150149570497539,0.0158624520967011,12750.67872994955
ens_champion_segmented6,valid_2025_10,2025-10-14,4,54,70,6.512995120240372,13623.199027448676,9710.986116622096,False,6.528342751034483,55,69,0.0153476307941105,1,1,0,0,10,1,0,2.882922055513543,0.0607250485928099,0.2021813862103303,1.092172075432654,0.5704242114155871,1.7868521618602646,0.6078597371401498,0.2021433941931525,0.98726034001646,0.4754555930204601,0.062893753934994,0.1324041441196896,0.4768213677563758,0.0556253422410116,0.1858962344260642,0.4513693661766182,0.5773502691896258,10.96965511460289,0,0,1,19,0.0020852184441038,0.0150149570497539,0.0158624520967011,13623.199027448676
ens_champion_segmented6,valid_2025_10,2025-10-14,5,56,69,6.483963227373939,12164.48099780783,11169.704146262942,False,6.528342751034483,55,69,0.04437952366054354,1,0,0,1,10,1,0,2.882922055513543,0.0607250485928099,0.2021813862103303,1.092172075432654,0.5704242114155871,1.7868521618602646,0.6078597371401498,0.2021433941931525,0.98726034001646,0.4754555930204601,0.062893753934994,0.1324041441196896,0.4768213677563758,0.0556253422410116,0.1858962344260642,0.4513693661766182,0.5773502691896258,10.96965511460289,0,0,1,19,0.0020852184441038,0.0150149570497539,0.0158624520967011,12164.48099780783
ens_champion_segmented6,valid_2025_10,2025-10-14,6,56,70,6.470700815023932,12037.22652431565,11296.958619755122,False,6.528342751034483,55,69,0.05764193601055112,1,1,0,0,10,1,0,2.882922055513543,0.0607250485928099,0.2021813862103303,1.092172075432654,0.5704242114155871,1.7868521618602646,0.6078597371401498,0.2021433941931525,0.98726034001646,0.4754555930204601,0.062893753934994,0.1324041441196896,0.4768213677563758,0.0556253422410116,0.1858962344260642,0.4513693661766182,0.5773502691896258,10.96965511460289,0,0,1,19,0.0020852184441038,0.0150149570497539,0.0158624520967011,12037.22652431565
ens_champion_segmented6,valid_2025_10,2025-10-14,7,55,71,6.449053756096703,12718.865111576506,10615.320032494266,False,6.528342751034483,55,69,0.07928899493778019,0,2,1,0,10,1,0,2.882922055513543,0.0607250485928099,0.2021813862103303,1.092172075432654,0.5704242114155871,1.7868521618602646,0.6078597371401498,0.2021433941931525,0.98726034001646,0.4754555930204601,0.062893753934994,0.1324041441196896,0.4768213677563758,0.0556253422410116,0.1858962344260642,0.4513693661766182,0.5773502691896258,10.96965511460289,0,0,1,19,0.0020852184441038,0.0150149570497539,0.0158624520967011,12718.865111576506
ens_champion_segmented6,valid_2025_10,2025-10-14,8,54,71,6.446968537652599,13591.38540907563,9742.799734995142,False,6.528342751034483,55,69,0.081374213381884,1,2,0,0,10,1,0,2.882922055513543,0.0607250485928099,0.2021813862103303,1.092172075432654,0.5704242114155871,1.7868521618602646,0.6078597371401498,0.2021433941931525,0.98726034001646,0.4754555930204601,0.062893753934994,0.1324041441196896,0.4768213677563758,0.0556253422410116,0.1858962344260642,0.4513693661766182,0.5773502691896258,10.96965511460289,0,0,1,19,0.0020852184441038,0.0150149570497539,0.0158624520967011,13591.38540907563
ens_champion_segmented6,valid_2025_10,2025-10-14,9,55,68,6.414450720234654,13068.814913679997,10265.370230390776,False,6.528342751034483,55,69,0.11389203079982924,0,1,1,0,10,1,0,2.882922055513543,0.0607250485928099,0.2021813862103303,1.092172075432654,0.5704242114155871,1.7868521618602646,0.6078597371401498,0.2021433941931525,0.98726034001646,0.4754555930204601,0.062893753934994,0.1324041441196896,0.4768213677563758,0.0556253422410116,0.1858962344260642,0.4513693661766182,0.5773502691896258,10.96965511460289,0,0,1,19,0.0020852184441038,0.0150149570497539,0.0158624520967011,13068.814913679997
ens_champion_segmented6,valid_2025_10,2025-10-14,10,54,68,6.41236550179055,13941.335211179125,9392.84993289165,False,6.528342751034483,55,69,0.11597724924393304,1,1,0,0,10,1,0,2.882922055513543,0.0607250485928099,0.2021813862103303,1.092172075432654,0.5704242114155871,1.7868521618602646,0.6078597371401498,0.2021433941931525,0.98726034001646,0.4754555930204601,0.062893753934994,0.1324041441196896,0.4768213677563758,0.0556253422410116,0.1858962344260642,0.4513693661766182,0.5773502691896258,10.96965511460289,0,0,1,19,0.0020852184441038,0.0150149570497539,0.0158624520967011,13941.335211179125
ens_champion_segmented6,valid_2025_10,2025-10-15,1,0,64,13.627384325856829,-132.53235278026665,14618.653509064889,False,13.627384325856829,0,64,0.0,0,0,1,1,10,2,0,2.8829657399239346,0.0788039386567674,0.2694489497389285,2.1305215530925703,0.3727904406510119,1.2000092924516352,0.2491663959774403,0.1306555847995931,0.501160744665338,0.1322731190904223,0.0574640618589008,0.1168932768870179,0.4180357750449618,0.0555714053536656,0.1426670329402859,0.9063150578932516,8.386497083606082,0.0,15,0,14,0,0.093756874370646,0.0898043182109944,0.0487213109456328,-132.53235278026665
ens_champion_segmented6,valid_2025_10,2025-10-15,2,5,64,13.533627451486185,743.5828835950105,13742.538272689611,False,13.627384325856829,0,64,0.09375687437064428,5,0,0,1,10,2,0,2.8829657399239346,0.0788039386567674,0.2694489497389285,2.1305215530925703,0.3727904406510119,1.2000092924516352,0.2491663959774403,0.1306555847995931,0.501160744665338,0.1322731190904223,0.0574640618589008,0.1168932768870179,0.4180357750449618,0.0555714053536656,0.1426670329402859,0.9063150578932516,8.386497083606082,0.0,15,0,14,0,0.093756874370646,0.0898043182109944,0.0487213109456328,743.5828835950105
ens_champion_segmented6,valid_2025_10,2025-10-15,3,4,64,13.531923164068315,742.0621926367801,13744.058963647842,False,13.627384325856829,0,64,0.0954611617885135,4,0,0,1,10,2,0,2.8829657399239346,0.0788039386567674,0.2694489497389285,2.1305215530925703,0.3727904406510119,1.2000092924516352,0.2491663959774403,0.1306555847995931,0.501160744665338,0.1322731190904223,0.0574640618589008,0.1168932768870179,0.4180357750449618,0.0555714053536656,0.1426670329402859,0.9063150578932516,8.386497083606082,0.0,15,0,14,0,0.093756874370646,0.0898043182109944,0.0487213109456328,742.0621926367801
ens_champion_segmented6,valid_2025_10,2025-10-15,4,6,64,13.513926089359655,743.5828835950105,13742.538272689611,False,13.627384325856829,0,64,0.11345823649717346,6,0,0,1,10,2,0,2.8829657399239346,0.0788039386567674,0.2694489497389285,2.1305215530925703,0.3727904406510119,1.2000092924516352,0.2491663959774403,0.1306555847995931,0.501160744665338,0.1322731190904223,0.0574640618589008,0.1168932768870179,0.4180357750449618,0.0555714053536656,0.1426670329402859,0.9063150578932516,8.386497083606082,0.0,15,0,14,0,0.093756874370646,0.0898043182109944,0.0487213109456328,743.5828835950105
ens_champion_segmented6,valid_2025_10,2025-10-15,5,3,64,13.481039007458191,333.32718650357765,14152.793969781043,False,13.627384325856829,0,64,0.1463453183986374,3,0,0,1,10,2,0,2.8829657399239346,0.0788039386567674,0.2694489497389285,2.1305215530925703,0.3727904406510119,1.2000092924516352,0.2491663959774403,0.1306555847995931,0.501160744665338,0.1322731190904223,0.0574640618589008,0.1168932768870179,0.4180357750449618,0.0555714053536656,0.1426670329402859,0.9063150578932516,8.386497083606082,0.0,15,0,14,0,0.093756874370646,0.0898043182109944,0.0487213109456328,333.32718650357765
ens_champion_segmented6,valid_2025_10,2025-10-15,6,7,64,13.480054489911936,756.308330944229,13729.812825340392,False,13.627384325856829,0,64,0.1473298359448929,7,0,0,1,10,2,0,2.8829657399239346,0.0788039386567674,0.2694489497389285,2.1305215530925703,0.3727904406510119,1.2000092924516352,0.2491663959774403,0.1306555847995931,0.501160744665338,0.1322731190904223,0.0574640618589008,0.1168932768870179,0.4180357750449618,0.0555714053536656,0.1426670329402859,0.9063150578932516,8.386497083606082,0.0,15,0,14,0,0.093756874370646,0.0898043182109944,0.0487213109456328,756.308330944229
ens_champion_segmented6,valid_2025_10,2025-10-15,7,8,64,13.46782702175046,767.5130873352174,13718.608068949405,False,13.627384325856829,0,64,0.15955730410636804,8,0,0,1,10,2,0,2.8829657399239346,0.0788039386567674,0.2694489497389285,2.1305215530925703,0.3727904406510119,1.2000092924516352,0.2491663959774403,0.1306555847995931,0.501160744665338,0.1322731190904223,0.0574640618589008,0.1168932768870179,0.4180357750449618,0.0555714053536656,0.1426670329402859,0.9063150578932516,8.386497083606082,0.0,15,0,14,0,0.093756874370646,0.0898043182109944,0.0487213109456328,767.5130873352174
ens_champion_segmented6,valid_2025_10,2025-10-15,8,9,64,13.46277813279135,778.7178437262057,13707.403312558416,False,13.627384325856829,0,64,0.1646061930654792,9,0,0,1,10,2,0,2.8829657399239346,0.0788039386567674,0.2694489497389285,2.1305215530925703,0.3727904406510119,1.2000092924516352,0.2491663959774403,0.1306555847995931,0.501160744665338,0.1322731190904223,0.0574640618589008,0.1168932768870179,0.4180357750449618,0.0555714053536656,0.1426670329402859,0.9063150578932516,8.386497083606082,0.0,15,0,14,0,0.093756874370646,0.0898043182109944,0.0487213109456328,778.7178437262057
ens_champion_segmented6,valid_2025_10,2025-10-15,9,0,65,13.461448666608694,-1071.0340947850873,15557.15525106971,False,13.627384325856829,0,64,0.16593565924813447,0,1,1,0,10,2,0,2.8829657399239346,0.0788039386567674,0.2694489497389285,2.1305215530925703,0.3727904406510119,1.2000092924516352,0.2491663959774403,0.1306555847995931,0.501160744665338,0.1322731190904223,0.0574640618589008,0.1168932768870179,0.4180357750449618,0.0555714053536656,0.1426670329402859,0.9063150578932516,8.386497083606082,0.0,15,0,14,0,0.093756874370646,0.0898043182109944,0.0487213109456328,-1071.0340947850873
ens_champion_segmented6,valid_2025_10,2025-10-15,10,10,64,13.447107303437347,789.9226001171904,13696.198556167432,False,13.627384325856829,0,64,0.18027702241948163,10,0,0,1,10,2,0,2.8829657399239346,0.0788039386567674,0.2694489497389285,2.1305215530925703,0.3727904406510119,1.2000092924516352,0.2491663959774403,0.1306555847995931,0.501160744665338,0.1322731190904223,0.0574640618589008,0.1168932768870179,0.4180357750449618,0.0555714053536656,0.1426670329402859,0.9063150578932516,8.386497083606082,0.0,15,0,14,0,0.093756874370646,0.0898043182109944,0.0487213109456328,789.9226001171904
ens_champion_segmented6,valid_2025_10,2025-10-16,1,54,67,2.511444752570881,407.0743352541317,4161.491698950469,False,2.511444752570881,54,67,0.0,0,0,1,1,10,3,0,2.9181785158866007,0.077074672698471,0.2979493019261907,1.7323687387616955,0.3082124512738956,1.173108578633938,0.3916911907754404,0.1172424062199032,0.6028814291201359,0.3180490521030189,0.0504846034260312,0.0736421386724215,0.2590505312548291,0.0548860515726231,0.161002659793228,0.2062653640680996,0.0,5.859465277082315,0,9,0,2,0.0146111099310601,0.0529165282654999,0.0408716795786058,407.0743352541317
ens_champion_segmented6,valid_2025_10,2025-10-16,2,54,66,2.496833642639821,480.50016645911774,4088.0658677454826,False,2.511444752570881,54,67,0.014611109931060184,0,1,1,0,10,3,0,2.9181785158866007,0.077074672698471,0.2979493019261907,1.7323687387616955,0.3082124512738956,1.173108578633938,0.3916911907754404,0.1172424062199032,0.6028814291201359,0.3180490521030189,0.0504846034260312,0.0736421386724215,0.2590505312548291,0.0548860515726231,0.161002659793228,0.2062653640680996,0.0,5.859465277082315,0,9,0,2,0.0146111099310601,0.0529165282654999,0.0408716795786058,480.50016645911774
ens_champion_segmented6,valid_2025_10,2025-10-16,3,53,67,2.449594797795718,627.9721944273682,3940.593839777232,False,2.511444752570881,54,67,0.061849954775162974,1,0,0,1,10,3,0,2.9181785158866007,0.077074672698471,0.2979493019261907,1.7323687387616955,0.3082124512738956,1.173108578633938,0.3916911907754404,0.1172424062199032,0.6028814291201359,0.3180490521030189,0.0504846034260312,0.0736421386724215,0.2590505312548291,0.0548860515726231,0.161002659793228,0.2062653640680996,0.0,5.859465277082315,0,9,0,2,0.0146111099310601,0.0529165282654999,0.0408716795786058,627.9721944273682
ens_champion_segmented6,valid_2025_10,2025-10-16,4,53,66,2.4349836878646585,701.3980256323542,3867.168008572246,False,2.511444752570881,54,67,0.07646106470622271,1,1,0,0,10,3,0,2.9181785158866007,0.077074672698471,0.2979493019261907,1.7323687387616955,0.3082124512738956,1.173108578633938,0.3916911907754404,0.1172424062199032,0.6028814291201359,0.3180490521030189,0.0504846034260312,0.0736421386724215,0.2590505312548291,0.0548860515726231,0.161002659793228,0.2062653640680996,0.0,5.859465277082315,0,9,0,2,0.0146111099310601,0.0529165282654999,0.0408716795786058,701.3980256323542
ens_champion_segmented6,valid_2025_10,2025-10-16,5,54,65,2.3997842406558263,480.50016645911774,4088.0658677454826,False,2.511444752570881,54,67,0.11166051191505488,0,2,1,0,10,3,0,2.9181785158866007,0.077074672698471,0.2979493019261907,1.7323687387616955,0.3082124512738956,1.173108578633938,0.3916911907754404,0.1172424062199032,0.6028814291201359,0.3180490521030189,0.0504846034260312,0.0736421386724215,0.2590505312548291,0.0548860515726231,0.161002659793228,0.2062653640680996,0.0,5.859465277082315,0,9,0,2,0.0146111099310601,0.0529165282654999,0.0408716795786058,480.50016645911774
ens_champion_segmented6,valid_2025_10,2025-10-16,6,54,68,2.3942201802752834,407.0743352541317,4161.491698950469,False,2.511444752570881,54,67,0.1172245722955978,0,1,1,0,10,3,0,2.9181785158866007,0.077074672698471,0.2979493019261907,1.7323687387616955,0.3082124512738956,1.173108578633938,0.3916911907754404,0.1172424062199032,0.6028814291201359,0.3180490521030189,0.0504846034260312,0.0736421386724215,0.2590505312548291,0.0548860515726231,0.161002659793228,0.2062653640680996,0.0,5.859465277082315,0,9,0,2,0.0146111099310601,0.0529165282654999,0.0408716795786058,407.0743352541317
ens_champion_segmented6,valid_2025_10,2025-10-16,7,54,63,2.350496065873777,738.1904752807814,3830.375558923819,False,2.511444752570881,54,67,0.16094868669710438,0,4,1,0,10,3,0,2.9181785158866007,0.077074672698471,0.2979493019261907,1.7323687387616955,0.3082124512738956,1.173108578633938,0.3916911907754404,0.1172424062199032,0.6028814291201359,0.3180490521030189,0.0504846034260312,0.0736421386724215,0.2590505312548291,0.0548860515726231,0.161002659793228,0.2062653640680996,0.0,5.859465277082315,0,9,0,2,0.0146111099310601,0.0529165282654999,0.0408716795786058,738.1904752807814
ens_champion_segmented6,valid_2025_10,2025-10-16,8,53,65,2.337934285880664,701.3980256323542,3867.168008572246,False,2.511444752570881,54,67,0.17351046669021697,1,2,0,0,10,3,0,2.9181785158866007,0.077074672698471,0.2979493019261907,1.7323687387616955,0.3082124512738956,1.173108578633938,0.3916911907754404,0.1172424062199032,0.6028814291201359,0.3180490521030189,0.0504846034260312,0.0736421386724215,0.2590505312548291,0.0548860515726231,0.161002659793228,0.2062653640680996,0.0,5.859465277082315,0,9,0,2,0.0146111099310601,0.0529165282654999,0.0408716795786058,701.3980256323542
ens_champion_segmented6,valid_2025_10,2025-10-16,9,55,67,2.335366390708259,286.322565357402,4282.243468847199,False,2.511444752570881,54,67,0.17607836186262205,1,0,0,1,10,3,0,2.9181785158866007,0.077074672698471,0.2979493019261907,1.7323687387616955,0.3082124512738956,1.173108578633938,0.3916911907754404,0.1172424062199032,0.6028814291201359,0.3180490521030189,0.0504846034260312,0.0736421386724215,0.2590505312548291,0.0548860515726231,0.161002659793228,0.2062653640680996,0.0,5.859465277082315,0,9,0,2,0.0146111099310601,0.0529165282654999,0.0408716795786058,286.322565357402
ens_champion_segmented6,valid_2025_10,2025-10-16,10,53,68,2.332370225500121,627.9721944273682,3940.593839777232,False,2.511444752570881,54,67,0.17907452707076033,1,1,0,0,10,3,0,2.9181785158866007,0.077074672698471,0.2979493019261907,1.7323687387616955,0.3082124512738956,1.173108578633938,0.3916911907754404,0.1172424062199032,0.6028814291201359,0.3180490521030189,0.0504846034260312,0.0736421386724215,0.2590505312548291,0.0548860515726231,0.161002659793228,0.2062653640680996,0.0,5.859465277082315,0,9,0,2,0.0146111099310601,0.0529165282654999,0.0408716795786058,627.9721944273682
ens_champion_segmented6,valid_2025_10,2025-10-17,1,51,65,14.22368261415938,3362.0631896633704,12124.195412862036,False,14.22368261415938,51,65,0.0,0,0,1,1,10,4,0,2.921012450697216,0.0708330467179623,0.2369232033204924,1.7502382340020737,0.5702194329693646,1.8016409272865683,0.3823914719160508,0.1936911528201612,0.7322251232956194,0.2302868132374592,0.0822983524144322,0.1521046586785915,0.5410774931279861,0.0549142506299713,0.179548913683146,0.1075652334370786,0.0,0.0,0,0,0,0,0.0003981281692517,0.0254690903300645,0.0208363884456457,3362.0631896633704
ens_champion_segmented6,valid_2025_10,2025-10-17,2,50,65,14.223284485990128,4661.391809893424,10824.86679263198,False,14.22368261415938,51,65,0.00039812816925177685,1,0,0,1,10,4,0,2.921012450697216,0.0708330467179623,0.2369232033204924,1.7502382340020737,0.5702194329693646,1.8016409272865683,0.3823914719160508,0.1936911528201612,0.7322251232956194,0.2302868132374592,0.0822983524144322,0.1521046586785915,0.5410774931279861,0.0549142506299713,0.179548913683146,0.1075652334370786,0.0,0.0,0,0,0,0,0.0003981281692517,0.0254690903300645,0.0208363884456457,4661.391809893424
ens_champion_segmented6,valid_2025_10,2025-10-17,3,49,65,14.186660619439046,5144.742476558768,10341.516125966637,False,14.22368261415938,51,65,0.03702199472033385,2,0,0,1,10,4,0,2.921012450697216,0.0708330467179623,0.2369232033204924,1.7502382340020737,0.5702194329693646,1.8016409272865683,0.3823914719160508,0.1936911528201612,0.7322251232956194,0.2302868132374592,0.0822983524144322,0.1521046586785915,0.5410774931279861,0.0549142506299713,0.179548913683146,0.1075652334370786,0.0,0.0,0,0,0,0,0.0003981281692517,0.0254690903300645,0.0208363884456457,5144.742476558768
ens_champion_segmented6,valid_2025_10,2025-10-17,4,51,66,14.17891901386364,3743.050357851605,11743.2082446738,False,14.22368261415938,51,65,0.04476360029573989,0,1,1,0,10,4,0,2.921012450697216,0.0708330467179623,0.2369232033204924,1.7502382340020737,0.5702194329693646,1.8016409272865683,0.3823914719160508,0.1936911528201612,0.7322251232956194,0.2302868132374592,0.0822983524144322,0.1521046586785915,0.5410774931279861,0.0549142506299713,0.179548913683146,0.1075652334370786,0.0,0.0,0,0,0,0,0.0003981281692517,0.0254690903300645,0.0208363884456457,3743.050357851605
ens_champion_segmented6,valid_2025_10,2025-10-17,5,50,66,14.17852088569439,5042.378978081658,10443.879624443747,False,14.22368261415938,51,65,0.04516172846498989,1,1,0,0,10,4,0,2.921012450697216,0.0708330467179623,0.2369232033204924,1.7502382340020737,0.5702194329693646,1.8016409272865683,0.3823914719160508,0.1936911528201612,0.7322251232956194,0.2302868132374592,0.0822983524144322,0.1521046586785915,0.5410774931279861,0.0549142506299713,0.179548913683146,0.1075652334370786,0.0,0.0,0,0,0,0,0.0003981281692517,0.0254690903300645,0.0208363884456457,5042.378978081658
ens_champion_segmented6,valid_2025_10,2025-10-17,6,49,66,14.141897019143308,5525.729644747003,9960.528957778402,False,14.22368261415938,51,65,0.08178559501607197,2,1,0,0,10,4,0,2.921012450697216,0.0708330467179623,0.2369232033204924,1.7502382340020737,0.5702194329693646,1.8016409272865683,0.3823914719160508,0.1936911528201612,0.7322251232956194,0.2302868132374592,0.0822983524144322,0.1521046586785915,0.5410774931279861,0.0549142506299713,0.179548913683146,0.1075652334370786,0.0,0.0,0,0,0,0,0.0003981281692517,0.0254690903300645,0.0208363884456457,5525.729644747003
ens_champion_segmented6,valid_2025_10,2025-10-17,7,48,65,14.0289258665153,5212.880884390154,10273.377718135249,False,14.22368261415938,51,65,0.1947567476440799,3,0,0,1,10,4,0,2.921012450697216,0.0708330467179623,0.2369232033204924,1.7502382340020737,0.5702194329693646,1.8016409272865683,0.3823914719160508,0.1936911528201612,0.7322251232956194,0.2302868132374592,0.0822983524144322,0.1521046586785915,0.5410774931279861,0.0549142506299713,0.179548913683146,0.1075652334370786,0.0,0.0,0,0,0,0,0.0003981281692517,0.0254690903300645,0.0208363884456457,5212.880884390154
ens_champion_segmented6,valid_2025_10,2025-10-17,8,48,66,13.984162266219563,5593.868052578388,9892.390549947017,False,14.22368261415938,51,65,0.23952034793981625,3,1,0,0,10,4,0,2.921012450697216,0.0708330467179623,0.2369232033204924,1.7502382340020737,0.5702194329693646,1.8016409272865683,0.3823914719160508,0.1936911528201612,0.7322251232956194,0.2302868132374592,0.0822983524144322,0.1521046586785915,0.5410774931279861,0.0549142506299713,0.179548913683146,0.1075652334370786,0.0,0.0,0,0,0,0,0.0003981281692517,0.0254690903300645,0.0208363884456457,5593.868052578388
ens_champion_segmented6,valid_2025_10,2025-10-17,9,52,65,13.982969956919789,3906.114240184481,11580.144362340923,False,14.22368261415938,51,65,0.240712657239591,1,0,0,1,10,4,0,2.921012450697216,0.0708330467179623,0.2369232033204924,1.7502382340020737,0.5702194329693646,1.8016409272865683,0.3823914719160508,0.1936911528201612,0.7322251232956194,0.2302868132374592,0.0822983524144322,0.1521046586785915,0.5410774931279861,0.0549142506299713,0.179548913683146,0.1075652334370786,0.0,0.0,0,0,0,0,0.0003981281692517,0.0254690903300645,0.0208363884456457,3906.114240184481
ens_champion_segmented6,valid_2025_10,2025-10-17,10,51,67,13.970778709793793,4172.823709814903,11313.434892710502,False,14.22368261415938,51,65,0.25290390436558674,0,2,1,0,10,4,0,2.921012450697216,0.0708330467179623,0.2369232033204924,1.7502382340020737,0.5702194329693646,1.8016409272865683,0.3823914719160508,0.1936911528201612,0.7322251232956194,0.2302868132374592,0.0822983524144322,0.1521046586785915,0.5410774931279861,0.0549142506299713,0.179548913683146,0.1075652334370786,0.0,0.0,0,0,0,0,0.0003981281692517,0.0254690903300645,0.0208363884456457,4172.823709814903
ens_champion_segmented6,valid_2025_10,2025-10-18,1,54,62,5.493018641945497,-432.6652098734076,3504.849071645252,False,5.493018641945497,54,62,0.0,0,0,1,1,10,5,1,3.00582076601528,0.0616516822886942,0.2121537043230978,2.222935791785346,0.426689179487715,1.3086044705163449,0.2570756330868267,0.1473762357137284,0.5371156708258977,0.1357352060351463,0.0526128682810041,0.1213404270516804,0.4431187921196609,0.053365530315937,0.1376075814899597,0.3525783701049291,1.1547005383792517,0.0,0,0,2,0,0.0610976824795272,0.103522146346739,0.0655673976375784,-432.6652098734076
ens_champion_segmented6,valid_2025_10,2025-10-18,2,53,62,5.43192095946597,-432.6652098734076,3504.849071645252,False,5.493018641945497,54,62,0.06109768247952729,1,0,0,1,10,5,1,3.00582076601528,0.0616516822886942,0.2121537043230978,2.222935791785346,0.426689179487715,1.3086044705163449,0.2570756330868267,0.1473762357137284,0.5371156708258977,0.1357352060351463,0.0526128682810041,0.1213404270516804,0.4431187921196609,0.053365530315937,0.1376075814899597,0.3525783701049291,1.1547005383792517,0.0,0,0,2,0,0.0610976824795272,0.103522146346739,0.0655673976375784,-432.6652098734076
ens_champion_segmented6,valid_2025_10,2025-10-18,3,54,63,5.372819325763103,-738.0759462546375,3810.2598080264816,False,5.493018641945497,54,62,0.12019931618239355,0,1,1,0,10,5,1,3.00582076601528,0.0616516822886942,0.2121537043230978,2.222935791785346,0.426689179487715,1.3086044705163449,0.2570756330868267,0.1473762357137284,0.5371156708258977,0.1357352060351463,0.0526128682810041,0.1213404270516804,0.4431187921196609,0.053365530315937,0.1376075814899597,0.3525783701049291,1.1547005383792517,0.0,0,0,2,0,0.0610976824795272,0.103522146346739,0.0655673976375784,-738.0759462546375
ens_champion_segmented6,valid_2025_10,2025-10-18,4,52,62,5.3380019075356415,-432.6652098734076,3504.849071645252,False,5.493018641945497,54,62,0.15501673440985542,2,0,0,1,10,5,1,3.00582076601528,0.0616516822886942,0.2121537043230978,2.222935791785346,0.426689179487715,1.3086044705163449,0.2570756330868267,0.1473762357137284,0.5371156708258977,0.1357352060351463,0.0526128682810041,0.1213404270516804,0.4431187921196609,0.053365530315937,0.1376075814899597,0.3525783701049291,1.1547005383792517,0.0,0,0,2,0,0.0610976824795272,0.103522146346739,0.0655673976375784,-432.6652098734076
ens_champion_segmented6,valid_2025_10,2025-10-18,5,53,63,5.311721643283576,-738.0759462546375,3810.2598080264816,False,5.493018641945497,54,62,0.18129699866192084,1,1,0,0,10,5,1,3.00582076601528,0.0616516822886942,0.2121537043230978,2.222935791785346,0.426689179487715,1.3086044705163449,0.2570756330868267,0.1473762357137284,0.5371156708258977,0.1357352060351463,0.0526128682810041,0.1213404270516804,0.4431187921196609,0.053365530315937,0.1376075814899597,0.3525783701049291,1.1547005383792517,0.0,0,0,2,0,0.0610976824795272,0.103522146346739,0.0655673976375784,-738.0759462546375
ens_champion_segmented6,valid_2025_10,2025-10-18,6,54,64,5.236506763625343,-1043.4866826358675,4115.670544407712,False,5.493018641945497,54,62,0.2565118783201541,0,2,1,0,10,5,1,3.00582076601528,0.0616516822886942,0.2121537043230978,2.222935791785346,0.426689179487715,1.3086044705163449,0.2570756330868267,0.1473762357137284,0.5371156708258977,0.1357352060351463,0.0526128682810041,0.1213404270516804,0.4431187921196609,0.053365530315937,0.1376075814899597,0.3525783701049291,1.1547005383792517,0.0,0,0,2,0,0.0610976824795272,0.103522146346739,0.0655673976375784,-1043.4866826358675
ens_champion_segmented6,valid_2025_10,2025-10-18,7,52,63,5.217802591353248,-738.0759462546375,3810.2598080264816,False,5.493018641945497,54,62,0.27521605059224896,2,1,0,0,10,5,1,3.00582076601528,0.0616516822886942,0.2121537043230978,2.222935791785346,0.426689179487715,1.3086044705163449,0.2570756330868267,0.1473762357137284,0.5371156708258977,0.1357352060351463,0.0526128682810041,0.1213404270516804,0.4431187921196609,0.053365530315937,0.1376075814899597,0.3525783701049291,1.1547005383792517,0.0,0,0,2,0,0.0610976824795272,0.103522146346739,0.0655673976375784,-738.0759462546375
ens_champion_segmented6,valid_2025_10,2025-10-18,8,51,62,5.1930333005795575,-432.6652098734076,3504.849071645252,False,5.493018641945497,54,62,0.29998534136593946,3,0,0,1,10,5,1,3.00582076601528,0.0616516822886942,0.2121537043230978,2.222935791785346,0.426689179487715,1.3086044705163449,0.2570756330868267,0.1473762357137284,0.5371156708258977,0.1357352060351463,0.0526128682810041,0.1213404270516804,0.4431187921196609,0.053365530315937,0.1376075814899597,0.3525783701049291,1.1547005383792517,0.0,0,0,2,0,0.0610976824795272,0.103522146346739,0.0655673976375784,-432.6652098734076
ens_champion_segmented6,valid_2025_10,2025-10-18,9,53,64,5.175409081145816,-1043.4866826358675,4115.670544407712,False,5.493018641945497,54,62,0.3176095607996805,1,2,0,0,10,5,1,3.00582076601528,0.0616516822886942,0.2121537043230978,2.222935791785346,0.426689179487715,1.3086044705163449,0.2570756330868267,0.1473762357137284,0.5371156708258977,0.1357352060351463,0.0526128682810041,0.1213404270516804,0.4431187921196609,0.053365530315937,0.1376075814899597,0.3525783701049291,1.1547005383792517,0.0,0,0,2,0,0.0610976824795272,0.103522146346739,0.0655673976375784,-1043.4866826358675
ens_champion_segmented6,valid_2025_10,2025-10-18,10,52,64,5.081490029215487,-1043.4866826358675,4115.670544407712,False,5.493018641945497,54,62,0.4115286127300095,2,2,0,0,10,5,1,3.00582076601528,0.0616516822886942,0.2121537043230978,2.222935791785346,0.426689179487715,1.3086044705163449,0.2570756330868267,0.1473762357137284,0.5371156708258977,0.1357352060351463,0.0526128682810041,0.1213404270516804,0.4431187921196609,0.053365530315937,0.1376075814899597,0.3525783701049291,1.1547005383792517,0.0,0,0,2,0,0.0610976824795272,0.103522146346739,0.0655673976375784,-1043.4866826358675
ens_champion_segmented6,valid_2025_10,2025-10-19,1,49,88,10.56049036309416,10790.768956459757,2784.8941624159106,False,10.56049036309416,49,88,0.0,0,0,1,1,10,6,1,3.018748356406322,0.1029906881369726,0.3795722347774584,2.039617144050069,0.6310413154357682,1.9736549992734864,0.3173782693211563,0.203458401794666,0.684946530878064,0.1534157708755875,0.0667890702638255,0.1639624984455688,0.5675018169119105,0.0429917159771724,0.1545875589636993,0.9316033513173824,0.0,12.12435565298214,0,0,0,21,0.0628758899564587,0.085303734490072,0.0559574009741238,10790.768956459757
ens_champion_segmented6,valid_2025_10,2025-10-19,2,50,88,10.497614473137702,10790.768956459757,2784.8941624159106,False,10.56049036309416,49,88,0.06287588995645876,1,0,0,1,10,6,1,3.018748356406322,0.1029906881369726,0.3795722347774584,2.039617144050069,0.6310413154357682,1.9736549992734864,0.3173782693211563,0.203458401794666,0.684946530878064,0.1534157708755875,0.0667890702638255,0.1639624984455688,0.5675018169119105,0.0429917159771724,0.1545875589636993,0.9316033513173824,0.0,12.12435565298214,0,0,0,21,0.0628758899564587,0.085303734490072,0.0559574009741238,10790.768956459757
ens_champion_segmented6,valid_2025_10,2025-10-19,3,48,88,10.48838923042686,10805.603646707108,2770.0594721685598,False,10.56049036309416,49,88,0.07210113266730112,1,0,0,1,10,6,1,3.018748356406322,0.1029906881369726,0.3795722347774584,2.039617144050069,0.6310413154357682,1.9736549992734864,0.3173782693211563,0.203458401794666,0.684946530878064,0.1534157708755875,0.0667890702638255,0.1639624984455688,0.5675018169119105,0.0429917159771724,0.1545875589636993,0.9316033513173824,0.0,12.12435565298214,0,0,0,21,0.0628758899564587,0.085303734490072,0.0559574009741238,10805.603646707108
ens_champion_segmented6,valid_2025_10,2025-10-19,4,47,88,10.42867610557986,10805.603646707108,2770.0594721685598,False,10.56049036309416,49,88,0.13181425751429998,2,0,0,1,10,6,1,3.018748356406322,0.1029906881369726,0.3795722347774584,2.039617144050069,0.6310413154357682,1.9736549992734864,0.3173782693211563,0.203458401794666,0.684946530878064,0.1534157708755875,0.0667890702638255,0.1639624984455688,0.5675018169119105,0.0429917159771724,0.1545875589636993,0.9316033513173824,0.0,12.12435565298214,0,0,0,21,0.0628758899564587,0.085303734490072,0.0559574009741238,10805.603646707108
ens_champion_segmented6,valid_2025_10,2025-10-19,5,46,88,10.400762970781862,10811.180574007903,2764.482544867764,False,10.56049036309416,49,88,0.15972739231229838,3,0,0,1,10,6,1,3.018748356406322,0.1029906881369726,0.3795722347774584,2.039617144050069,0.6310413154357682,1.9736549992734864,0.3173782693211563,0.203458401794666,0.684946530878064,0.1534157708755875,0.0667890702638255,0.1639624984455688,0.5675018169119105,0.0429917159771724,0.1545875589636993,0.9316033513173824,0.0,12.12435565298214,0,0,0,21,0.0628758899564587,0.085303734490072,0.0559574009741238,10811.180574007903
ens_champion_segmented6,valid_2025_10,2025-10-19,6,51,88,10.376483570218198,10790.768956459757,2784.8941624159106,False,10.56049036309416,49,88,0.18400679287596233,2,0,0,1,10,6,1,3.018748356406322,0.1029906881369726,0.3795722347774584,2.039617144050069,0.6310413154357682,1.9736549992734864,0.3173782693211563,0.203458401794666,0.684946530878064,0.1534157708755875,0.0667890702638255,0.1639624984455688,0.5675018169119105,0.0429917159771724,0.1545875589636993,0.9316033513173824,0.0,12.12435565298214,0,0,0,21,0.0628758899564587,0.085303734490072,0.0559574009741238,10790.768956459757
ens_champion_segmented6,valid_2025_10,2025-10-19,7,49,87,10.307747079122962,11132.014552576386,2443.648566299282,False,10.56049036309416,49,88,0.25274328397119916,0,1,1,0,10,6,1,3.018748356406322,0.1029906881369726,0.3795722347774584,2.039617144050069,0.6310413154357682,1.9736549992734864,0.3173782693211563,0.203458401794666,0.684946530878064,0.1534157708755875,0.0667890702638255,0.1639624984455688,0.5675018169119105,0.0429917159771724,0.1545875589636993,0.9316033513173824,0.0,12.12435565298214,0,0,0,21,0.0628758899564587,0.085303734490072,0.0559574009741238,11132.014552576386
ens_champion_segmented6,valid_2025_10,2025-10-19,8,50,87,10.244871189166505,11132.014552576386,2443.648566299282,False,10.56049036309416,49,88,0.31561917392765615,1,1,0,0,10,6,1,3.018748356406322,0.1029906881369726,0.3795722347774584,2.039617144050069,0.6310413154357682,1.9736549992734864,0.3173782693211563,0.203458401794666,0.684946530878064,0.1534157708755875,0.0667890702638255,0.1639624984455688,0.5675018169119105,0.0429917159771724,0.1545875589636993,0.9316033513173824,0.0,12.12435565298214,0,0,0,21,0.0628758899564587,0.085303734490072,0.0559574009741238,11132.014552576386
ens_champion_segmented6,valid_2025_10,2025-10-19,9,48,87,10.235645946455662,11146.849242823737,2428.8138760519305,False,10.56049036309416,49,88,0.3248444166384985,1,1,0,0,10,6,1,3.018748356406322,0.1029906881369726,0.3795722347774584,2.039617144050069,0.6310413154357682,1.9736549992734864,0.3173782693211563,0.203458401794666,0.684946530878064,0.1534157708755875,0.0667890702638255,0.1639624984455688,0.5675018169119105,0.0429917159771724,0.1545875589636993,0.9316033513173824,0.0,12.12435565298214,0,0,0,21,0.0628758899564587,0.085303734490072,0.0559574009741238,11146.849242823737
ens_champion_segmented6,valid_2025_10,2025-10-19,10,45,88,10.219940391146316,10796.899440720244,2778.763678155423,False,10.56049036309416,49,88,0.3405499719478442,4,0,0,1,10,6,1,3.018748356406322,0.1029906881369726,0.3795722347774584,2.039617144050069,0.6310413154357682,1.9736549992734864,0.3173782693211563,0.203458401794666,0.684946530878064,0.1534157708755875,0.0667890702638255,0.1639624984455688,0.5675018169119105,0.0429917159771724,0.1545875589636993,0.9316033513173824,0.0,12.12435565298214,0,0,0,21,0.0628758899564587,0.085303734490072,0.0559574009741238,10796.899440720244
ens_champion_segmented6,valid_2025_10,2025-10-20,1,50,88,11.654679021829224,3264.389018534446,4111.582494446763,False,11.654679021829224,50,88,0.0,0,0,1,1,10,0,0,3.014865484390324,0.1003718810693057,0.3844532006048045,2.243707312536885,0.5987406026122211,1.7095582810279923,0.2401419454851206,0.1959082602621293,0.6023162929858933,0.0876239433771012,0.0126765395285481,0.1525180021080193,0.5330824303496774,0.0338293998825436,0.1533126966582151,0.9757513197857016,1.0,0.0,1,0,1,0,0.012875785785809,0.0643531466348914,0.0675792968472868,3264.389018534446
ens_champion_segmented6,valid_2025_10,2025-10-20,2,49,88,11.641803236043415,3145.533340292751,4230.4381726884585,False,11.654679021829224,50,88,0.012875785785809057,1,0,0,1,10,0,0,3.014865484390324,0.1003718810693057,0.3844532006048045,2.243707312536885,0.5987406026122211,1.7095582810279923,0.2401419454851206,0.1959082602621293,0.6023162929858933,0.0876239433771012,0.0126765395285481,0.1525180021080193,0.5330824303496774,0.0338293998825436,0.1533126966582151,0.9757513197857016,1.0,0.0,1,0,1,0,0.012875785785809,0.0643531466348914,0.0675792968472868,3145.533340292751
ens_champion_segmented6,valid_2025_10,2025-10-20,3,51,88,11.628699527623468,3395.177985027869,3980.79352795334,False,11.654679021829224,50,88,0.025979494205756737,1,0,0,1,10,0,0,3.014865484390324,0.1003718810693057,0.3844532006048045,2.243707312536885,0.5987406026122211,1.7095582810279923,0.2401419454851206,0.1959082602621293,0.6023162929858933,0.0876239433771012,0.0126765395285481,0.1525180021080193,0.5330824303496774,0.0338293998825436,0.1533126966582151,0.9757513197857016,1.0,0.0,1,0,1,0,0.012875785785809,0.0643531466348914,0.0675792968472868,3395.177985027869
ens_champion_segmented6,valid_2025_10,2025-10-20,4,48,88,11.549840471643918,3102.7981067322407,4273.173406248969,False,11.654679021829224,50,88,0.10483855018530619,2,0,0,1,10,0,0,3.014865484390324,0.1003718810693057,0.3844532006048045,2.243707312536885,0.5987406026122211,1.7095582810279923,0.2401419454851206,0.1959082602621293,0.6023162929858933,0.0876239433771012,0.0126765395285481,0.1525180021080193,0.5330824303496774,0.0338293998825436,0.1533126966582151,0.9757513197857016,1.0,0.0,1,0,1,0,0.012875785785809,0.0643531466348914,0.0675792968472868,3102.7981067322407
ens_champion_segmented6,valid_2025_10,2025-10-20,5,52,88,11.476607118831636,3433.9015213115404,3942.069991669669,False,11.654679021829224,50,88,0.1780719029975888,2,0,0,1,10,0,0,3.014865484390324,0.1003718810693057,0.3844532006048045,2.243707312536885,0.5987406026122211,1.7095582810279923,0.2401419454851206,0.1959082602621293,0.6023162929858933,0.0876239433771012,0.0126765395285481,0.1525180021080193,0.5330824303496774,0.0338293998825436,0.1533126966582151,0.9757513197857016,1.0,0.0,1,0,1,0,0.012875785785809,0.0643531466348914,0.0675792968472868,3433.9015213115404
ens_champion_segmented6,valid_2025_10,2025-10-20,6,47,88,11.432113843726595,3086.6304258750574,4289.341087106152,False,11.654679021829224,50,88,0.222565178102629,3,0,0,1,10,0,0,3.014865484390324,0.1003718810693057,0.3844532006048045,2.243707312536885,0.5987406026122211,1.7095582810279923,0.2401419454851206,0.1959082602621293,0.6023162929858933,0.0876239433771012,0.0126765395285481,0.1525180021080193,0.5330824303496774,0.0338293998825436,0.1533126966582151,0.9757513197857016,1.0,0.0,1,0,1,0,0.012875785785809,0.0643531466348914,0.0675792968472868,3086.6304258750574
ens_champion_segmented6,valid_2025_10,2025-10-20,7,50,87,11.242418281450057,3264.389018534446,4111.582494446763,False,11.654679021829224,50,88,0.4122607403791676,0,1,1,0,10,0,0,3.014865484390324,0.1003718810693057,0.3844532006048045,2.243707312536885,0.5987406026122211,1.7095582810279923,0.2401419454851206,0.1959082602621293,0.6023162929858933,0.0876239433771012,0.0126765395285481,0.1525180021080193,0.5330824303496774,0.0338293998825436,0.1533126966582151,0.9757513197857016,1.0,0.0,1,0,1,0,0.012875785785809,0.0643531466348914,0.0675792968472868,3264.389018534446
ens_champion_segmented6,valid_2025_10,2025-10-20,8,53,88,11.239130292806776,3502.1099191033472,3873.861593877862,False,11.654679021829224,50,88,0.4155487290224489,3,0,0,1,10,0,0,3.014865484390324,0.1003718810693057,0.3844532006048045,2.243707312536885,0.5987406026122211,1.7095582810279923,0.2401419454851206,0.1959082602621293,0.6023162929858933,0.0876239433771012,0.0126765395285481,0.1525180021080193,0.5330824303496774,0.0338293998825436,0.1533126966582151,0.9757513197857016,1.0,0.0,1,0,1,0,0.012875785785809,0.0643531466348914,0.0675792968472868,3502.1099191033472
ens_champion_segmented6,valid_2025_10,2025-10-20,9,49,87,11.229542495664248,3145.533340292751,4230.4381726884585,False,11.654679021829224,50,88,0.42513652616497666,1,1,0,0,10,0,0,3.014865484390324,0.1003718810693057,0.3844532006048045,2.243707312536885,0.5987406026122211,1.7095582810279923,0.2401419454851206,0.1959082602621293,0.6023162929858933,0.0876239433771012,0.0126765395285481,0.1525180021080193,0.5330824303496774,0.0338293998825436,0.1533126966582151,0.9757513197857016,1.0,0.0,1,0,1,0,0.012875785785809,0.0643531466348914,0.0675792968472868,3145.533340292751
ens_champion_segmented6,valid_2025_10,2025-10-20,10,51,87,11.2164387872443,3395.177985027869,3980.79352795334,False,11.654679021829224,50,88,0.43824023458492434,1,1,0,0,10,0,0,3.014865484390324,0.1003718810693057,0.3844532006048045,2.243707312536885,0.5987406026122211,1.7095582810279923,0.2401419454851206,0.1959082602621293,0.6023162929858933,0.0876239433771012,0.0126765395285481,0.1525180021080193,0.5330824303496774,0.0338293998825436,0.1533126966582151,0.9757513197857016,1.0,0.0,1,0,1,0,0.012875785785809,0.0643531466348914,0.0675792968472868,3395.177985027869
ens_champion_segmented6,valid_2025_10,2025-10-21,1,32,64,6.791136981843621,1974.3531562311528,1739.533657657944,False,6.791136981843621,32,64,0.0,0,0,1,1,10,1,0,2.978766017167896,0.0812581357962171,0.3162459108968032,2.4091287568430517,0.380998633786914,1.1258024822475217,0.1749467048232167,0.1331340858007259,0.4240817993797671,0.0727177193729186,0.0073017766010013,0.102228985450298,0.361118402849217,0.0585330785855711,0.1476315682940623,1.0609364834753208,8.082903768654761,1.1547005383792517,0,2,14,2,0.114932599786286,0.1242444599218002,0.0756387592536812,1974.3531562311528
ens_champion_segmented6,valid_2025_10,2025-10-21,2,33,64,6.676204382057335,1962.2258049073496,1751.6610089817473,False,6.791136981843621,32,64,0.114932599786286,1,0,0,1,10,1,0,2.978766017167896,0.0812581357962171,0.3162459108968032,2.4091287568430517,0.380998633786914,1.1258024822475217,0.1749467048232167,0.1331340858007259,0.4240817993797671,0.0727177193729186,0.0073017766010013,0.102228985450298,0.361118402849217,0.0585330785855711,0.1476315682940623,1.0609364834753208,8.082903768654761,1.1547005383792517,0,2,14,2,0.114932599786286,0.1242444599218002,0.0756387592536812,1962.2258049073496
ens_champion_segmented6,valid_2025_10,2025-10-21,3,32,63,6.670421997023013,1942.5395378581084,1771.3472760309887,False,6.791136981843621,32,64,0.1207149848206086,0,1,1,0,10,1,0,2.978766017167896,0.0812581357962171,0.3162459108968032,2.4091287568430517,0.380998633786914,1.1258024822475217,0.1749467048232167,0.1331340858007259,0.4240817993797671,0.0727177193729186,0.0073017766010013,0.102228985450298,0.361118402849217,0.0585330785855711,0.1476315682940623,1.0609364834753208,8.082903768654761,1.1547005383792517,0,2,14,2,0.114932599786286,0.1242444599218002,0.0756387592536812,1942.5395378581084
ens_champion_segmented6,valid_2025_10,2025-10-21,4,32,65,6.641209851448409,2006.166774604198,1707.720039284899,False,6.791136981843621,32,64,0.14992713039521277,0,1,1,0,10,1,0,2.978766017167896,0.0812581357962171,0.3162459108968032,2.4091287568430517,0.380998633786914,1.1258024822475217,0.1749467048232167,0.1331340858007259,0.4240817993797671,0.0727177193729186,0.0073017766010013,0.102228985450298,0.361118402849217,0.0585330785855711,0.1476315682940623,1.0609364834753208,8.082903768654761,1.1547005383792517,0,2,14,2,0.114932599786286,0.1242444599218002,0.0756387592536812,2006.166774604198
ens_champion_segmented6,valid_2025_10,2025-10-21,5,33,63,6.555489397236727,1930.412186534305,1783.474627354792,False,6.791136981843621,32,64,0.2356475846068946,1,1,0,0,10,1,0,2.978766017167896,0.0812581357962171,0.3162459108968032,2.4091287568430517,0.380998633786914,1.1258024822475217,0.1749467048232167,0.1331340858007259,0.4240817993797671,0.0727177193729186,0.0073017766010013,0.102228985450298,0.361118402849217,0.0585330785855711,0.1476315682940623,1.0609364834753208,8.082903768654761,1.1547005383792517,0,2,14,2,0.114932599786286,0.1242444599218002,0.0756387592536812,1930.412186534305
ens_champion_segmented6,valid_2025_10,2025-10-21,6,33,65,6.526277251662123,1994.0394232803949,1719.8473906087024,False,6.791136981843621,32,64,0.2648597301814988,1,1,0,0,10,1,0,2.978766017167896,0.0812581357962171,0.3162459108968032,2.4091287568430517,0.380998633786914,1.1258024822475217,0.1749467048232167,0.1331340858007259,0.4240817993797671,0.0727177193729186,0.0073017766010013,0.102228985450298,0.361118402849217,0.0585330785855711,0.1476315682940623,1.0609364834753208,8.082903768654761,1.1547005383792517,0,2,14,2,0.114932599786286,0.1242444599218002,0.0756387592536812,1994.0394232803949
ens_champion_segmented6,valid_2025_10,2025-10-21,7,31,64,6.51914277951748,2068.979582719937,1644.9072311691602,False,6.791136981843621,32,64,0.271994202326141,1,0,0,1,10,1,0,2.978766017167896,0.0812581357962171,0.3162459108968032,2.4091287568430517,0.380998633786914,1.1258024822475217,0.1749467048232167,0.1331340858007259,0.4240817993797671,0.0727177193729186,0.0073017766010013,0.102228985450298,0.361118402849217,0.0585330785855711,0.1476315682940623,1.0609364834753208,8.082903768654761,1.1547005383792517,0,2,14,2,0.114932599786286,0.1242444599218002,0.0756387592536812,2068.979582719937
ens_champion_segmented6,valid_2025_10,2025-10-21,8,48,64,6.454540487132206,2066.2595183490425,1647.6272955400543,False,6.791136981843621,32,64,0.33659649471141506,16,0,0,1,10,1,0,2.978766017167896,0.0812581357962171,0.3162459108968032,2.4091287568430517,0.380998633786914,1.1258024822475217,0.1749467048232167,0.1331340858007259,0.4240817993797671,0.0727177193729186,0.0073017766010013,0.102228985450298,0.361118402849217,0.0585330785855711,0.1476315682940623,1.0609364834753208,8.082903768654761,1.1547005383792517,0,2,14,2,0.114932599786286,0.1242444599218002,0.0756387592536812,2066.2595183490425
ens_champion_segmented6,valid_2025_10,2025-10-21,9,31,63,6.398427794696872,2037.165964346892,1676.720849542205,False,6.791136981843621,32,64,0.3927091871467496,1,1,0,0,10,1,0,2.978766017167896,0.0812581357962171,0.3162459108968032,2.4091287568430517,0.380998633786914,1.1258024822475217,0.1749467048232167,0.1331340858007259,0.4240817993797671,0.0727177193729186,0.0073017766010013,0.102228985450298,0.361118402849217,0.0585330785855711,0.1476315682940623,1.0609364834753208,8.082903768654761,1.1547005383792517,0,2,14,2,0.114932599786286,0.1242444599218002,0.0756387592536812,2037.165964346892
ens_champion_segmented6,valid_2025_10,2025-10-21,10,49,64,6.393816007748114,2100.080576041428,1613.8062378476689,False,6.791136981843621,32,64,0.39732097409550704,17,0,0,1,10,1,0,2.978766017167896,0.0812581357962171,0.3162459108968032,2.4091287568430517,0.380998633786914,1.1258024822475217,0.1749467048232167,0.1331340858007259,0.4240817993797671,0.0727177193729186,0.0073017766010013,0.102228985450298,0.361118402849217,0.0585330785855711,0.1476315682940623,1.0609364834753208,8.082903768654761,1.1547005383792517,0,2,14,2,0.114932599786286,0.1242444599218002,0.0756387592536812,2100.080576041428
ens_champion_segmented6,valid_2025_10,2025-10-22,1,52,64,7.77156214283373,1543.7558315519962,16722.023613246092,False,7.77156214283373,52,64,0.0,0,0,1,1,10,2,0,2.94322458541534,0.0682763193745449,0.2640770821760738,2.3931128539593405,0.3418364414047058,1.0354990041360694,0.167243899105673,0.1283430329782205,0.4167022460590826,0.0704290404174388,0.0187461853890283,0.0968148586882342,0.3558622505775469,0.0613869577452393,0.151051203719107,0.0334419789882907,0.5773502691896258,0.5773502691896258,0,1,1,1,0.0022922765483599,0.0908984789764417,0.0795839043653849,1543.7558315519962
ens_champion_segmented6,valid_2025_10,2025-10-22,2,52,65,7.76926986628537,1480.1285948059065,16785.650849992184,False,7.77156214283373,52,64,0.0022922765483599505,0,1,1,0,10,2,0,2.94322458541534,0.0682763193745449,0.2640770821760738,2.3931128539593405,0.3418364414047058,1.0354990041360694,0.167243899105673,0.1283430329782205,0.4167022460590826,0.0704290404174388,0.0187461853890283,0.0968148586882342,0.3558622505775469,0.0613869577452393,0.151051203719107,0.0334419789882907,0.5773502691896258,0.5773502691896258,0,1,1,1,0.0022922765483599,0.0908984789764417,0.0795839043653849,1480.1285948059065
ens_champion_segmented6,valid_2025_10,2025-10-22,3,51,64,7.650291940209016,2674.9749295752085,15590.80451522288,False,7.77156214283373,52,64,0.12127020262471433,1,0,0,1,10,2,0,2.94322458541534,0.0682763193745449,0.2640770821760738,2.3931128539593405,0.3418364414047058,1.0354990041360694,0.167243899105673,0.1283430329782205,0.4167022460590826,0.0704290404174388,0.0187461853890283,0.0968148586882342,0.3558622505775469,0.0613869577452393,0.151051203719107,0.0334419789882907,0.5773502691896258,0.5773502691896258,0,1,1,1,0.0022922765483599,0.0908984789764417,0.0795839043653849,2674.9749295752085
ens_champion_segmented6,valid_2025_10,2025-10-22,4,51,65,7.647999663660656,2611.347692829119,15654.43175196897,False,7.77156214283373,52,64,0.12356247917307428,1,1,0,0,10,2,0,2.94322458541534,0.0682763193745449,0.2640770821760738,2.3931128539593405,0.3418364414047058,1.0354990041360694,0.167243899105673,0.1283430329782205,0.4167022460590826,0.0704290404174388,0.0187461853890283,0.0968148586882342,0.3558622505775469,0.0613869577452393,0.151051203719107,0.0334419789882907,0.5773502691896258,0.5773502691896258,0,1,1,1,0.0022922765483599,0.0908984789764417,0.0795839043653849,2611.347692829119
ens_champion_segmented6,valid_2025_10,2025-10-22,5,53,64,7.56419470629767,1254.9867989417062,17010.79264585638,False,7.77156214283373,52,64,0.20736743653606027,1,0,0,1,10,2,0,2.94322458541534,0.0682763193745449,0.2640770821760738,2.3931128539593405,0.3418364414047058,1.0354990041360694,0.167243899105673,0.1283430329782205,0.4167022460590826,0.0704290404174388,0.0187461853890283,0.0968148586882342,0.3558622505775469,0.0613869577452393,0.151051203719107,0.0334419789882907,0.5773502691896258,0.5773502691896258,0,1,1,1,0.0022922765483599,0.0908984789764417,0.0795839043653849,1254.9867989417062
ens_champion_segmented6,valid_2025_10,2025-10-22,6,53,65,7.56190242974931,1191.3595621956165,17074.419882602473,False,7.77156214283373,52,64,0.20965971308442022,1,1,0,0,10,2,0,2.94322458541534,0.0682763193745449,0.2640770821760738,2.3931128539593405,0.3418364414047058,1.0354990041360694,0.167243899105673,0.1283430329782205,0.4167022460590826,0.0704290404174388,0.0187461853890283,0.0968148586882342,0.3558622505775469,0.0613869577452393,0.151051203719107,0.0334419789882907,0.5773502691896258,0.5773502691896258,0,1,1,1,0.0022922765483599,0.0908984789764417,0.0795839043653849,1191.3595621956165
ens_champion_segmented6,valid_2025_10,2025-10-22,7,52,63,7.516893028136579,3163.069006739976,15102.710438058111,False,7.77156214283373,52,64,0.25466911469715114,0,1,1,0,10,2,0,2.94322458541534,0.0682763193745449,0.2640770821760738,2.3931128539593405,0.3418364414047058,1.0354990041360694,0.167243899105673,0.1283430329782205,0.4167022460590826,0.0704290404174388,0.0187461853890283,0.0968148586882342,0.3558622505775469,0.0613869577452393,0.151051203719107,0.0334419789882907,0.5773502691896258,0.5773502691896258,0,1,1,1,0.0022922765483599,0.0908984789764417,0.0795839043653849,3163.069006739976
ens_champion_segmented6,valid_2025_10,2025-10-22,8,52,66,7.47236920578068,680.0033672764805,17585.77607752161,False,7.77156214283373,52,64,0.29919293705304995,0,2,1,0,10,2,0,2.94322458541534,0.0682763193745449,0.2640770821760738,2.3931128539593405,0.3418364414047058,1.0354990041360694,0.167243899105673,0.1283430329782205,0.4167022460590826,0.0704290404174388,0.0187461853890283,0.0968148586882342,0.3558622505775469,0.0613869577452393,0.151051203719107,0.0334419789882907,0.5773502691896258,0.5773502691896258,0,1,1,1,0.0022922765483599,0.0908984789764417,0.0795839043653849,680.0033672764805
ens_champion_segmented6,valid_2025_10,2025-10-22,9,50,64,7.4480569885541,2679.9919371926376,15585.787507605452,False,7.77156214283373,52,64,0.3235051542796299,2,0,0,1,10,2,0,2.94322458541534,0.0682763193745449,0.2640770821760738,2.3931128539593405,0.3418364414047058,1.0354990041360694,0.167243899105673,0.1283430329782205,0.4167022460590826,0.0704290404174388,0.0187461853890283,0.0968148586882342,0.3558622505775469,0.0613869577452393,0.151051203719107,0.0334419789882907,0.5773502691896258,0.5773502691896258,0,1,1,1,0.0022922765483599,0.0908984789764417,0.0795839043653849,2679.9919371926376
ens_champion_segmented6,valid_2025_10,2025-10-22,10,50,65,7.44576471200574,2616.364700446548,15649.41474435154,False,7.77156214283373,52,64,0.32579743082798984,2,1,0,0,10,2,0,2.94322458541534,0.0682763193745449,0.2640770821760738,2.3931128539593405,0.3418364414047058,1.0354990041360694,0.167243899105673,0.1283430329782205,0.4167022460590826,0.0704290404174388,0.0187461853890283,0.0968148586882342,0.3558622505775469,0.0613869577452393,0.151051203719107,0.0334419789882907,0.5773502691896258,0.5773502691896258,0,1,1,1,0.0022922765483599,0.0908984789764417,0.0795839043653849,2616.364700446548
ens_champion_segmented6,valid_2025_10,2025-10-23,1,48,65,9.447181727503306,2552.8869877068114,3475.217867492562,False,9.447181727503306,48,65,0.0,0,0,1,1,10,3,0,2.9618817003479667,0.082073045736268,0.3167859028058633,2.3375829408589803,0.494783481385119,1.6015949636257023,0.1905480838644216,0.1759773951728714,0.5340948170565397,0.0574739522200589,0.0132873802775547,0.1330741316443627,0.4859877982242944,0.0609521064724193,0.158319792084578,0.2151471398580732,0.0,0.5773502691896257,0,1,0,1,0.0278058005952743,0.0597492666939558,0.0413072104664076,2552.8869877068114
ens_champion_segmented6,valid_2025_10,2025-10-23,2,48,64,9.419375926908032,3640.912736064941,2387.1921191344327,False,9.447181727503306,48,65,0.027805800595274377,0,1,1,0,10,3,0,2.9618817003479667,0.082073045736268,0.3167859028058633,2.3375829408589803,0.494783481385119,1.6015949636257023,0.1905480838644216,0.1759773951728714,0.5340948170565397,0.0574739522200589,0.0132873802775547,0.1330741316443627,0.4859877982242944,0.0609521064724193,0.158319792084578,0.2151471398580732,0.0,0.5773502691896257,0,1,0,1,0.0278058005952743,0.0597492666939558,0.0413072104664076,3640.912736064941
ens_champion_segmented6,valid_2025_10,2025-10-23,3,50,65,9.381966115205271,2575.134251035081,3452.9706041642926,False,9.447181727503306,48,65,0.06521561229803474,2,0,0,1,10,3,0,2.9618817003479667,0.082073045736268,0.3167859028058633,2.3375829408589803,0.494783481385119,1.6015949636257023,0.1905480838644216,0.1759773951728714,0.5340948170565397,0.0574739522200589,0.0132873802775547,0.1330741316443627,0.4859877982242944,0.0609521064724193,0.158319792084578,0.2151471398580732,0.0,0.5773502691896257,0,1,0,1,0.0278058005952743,0.0597492666939558,0.0413072104664076,2575.134251035081
ens_champion_segmented6,valid_2025_10,2025-10-23,4,50,64,9.35416031461,3663.1599993932105,2364.944855806163,False,9.447181727503306,48,65,0.09302141289330557,2,1,0,0,10,3,0,2.9618817003479667,0.082073045736268,0.3167859028058633,2.3375829408589803,0.494783481385119,1.6015949636257023,0.1905480838644216,0.1759773951728714,0.5340948170565397,0.0574739522200589,0.0132873802775547,0.1330741316443627,0.4859877982242944,0.0609521064724193,0.158319792084578,0.2151471398580732,0.0,0.5773502691896257,0,1,0,1,0.0278058005952743,0.0597492666939558,0.0413072104664076,3663.1599993932105
ens_champion_segmented6,valid_2025_10,2025-10-23,5,49,65,9.33447821982014,2553.2592070417745,3474.845648157599,False,9.447181727503306,48,65,0.11270350768316639,1,0,0,1,10,3,0,2.9618817003479667,0.082073045736268,0.3167859028058633,2.3375829408589803,0.494783481385119,1.6015949636257023,0.1905480838644216,0.1759773951728714,0.5340948170565397,0.0574739522200589,0.0132873802775547,0.1330741316443627,0.4859877982242944,0.0609521064724193,0.158319792084578,0.2151471398580732,0.0,0.5773502691896257,0,1,0,1,0.0278058005952743,0.0597492666939558,0.0413072104664076,2553.2592070417745
ens_champion_segmented6,valid_2025_10,2025-10-23,6,49,64,9.306672419224869,3641.284955399904,2386.8198997994696,False,9.447181727503306,48,65,0.14050930827843722,1,1,0,0,10,3,0,2.9618817003479667,0.082073045736268,0.3167859028058633,2.3375829408589803,0.494783481385119,1.6015949636257023,0.1905480838644216,0.1759773951728714,0.5340948170565397,0.0574739522200589,0.0132873802775547,0.1330741316443627,0.4859877982242944,0.0609521064724193,0.158319792084578,0.2151471398580732,0.0,0.5773502691896257,0,1,0,1,0.0278058005952743,0.0597492666939558,0.0413072104664076,3641.284955399904
ens_champion_segmented6,valid_2025_10,2025-10-23,7,47,65,9.272783638038192,1815.48867152352,4212.616183675854,False,9.447181727503306,48,65,0.17439808946511448,1,0,0,1,10,3,0,2.9618817003479667,0.082073045736268,0.3167859028058633,2.3375829408589803,0.494783481385119,1.6015949636257023,0.1905480838644216,0.1759773951728714,0.5340948170565397,0.0574739522200589,0.0132873802775547,0.1330741316443627,0.4859877982242944,0.0609521064724193,0.158319792084578,0.2151471398580732,0.0,0.5773502691896257,0,1,0,1,0.0278058005952743,0.0597492666939558,0.0413072104664076,1815.48867152352
ens_champion_segmented6,valid_2025_10,2025-10-23,8,47,64,9.244977837442915,2903.514419881649,3124.5904353177248,False,9.447181727503306,48,65,0.20220389006039063,1,1,0,0,10,3,0,2.9618817003479667,0.082073045736268,0.3167859028058633,2.3375829408589803,0.494783481385119,1.6015949636257023,0.1905480838644216,0.1759773951728714,0.5340948170565397,0.0574739522200589,0.0132873802775547,0.1330741316443627,0.4859877982242944,0.0609521064724193,0.158319792084578,0.2151471398580732,0.0,0.5773502691896257,0,1,0,1,0.0278058005952743,0.0597492666939558,0.0413072104664076,2903.514419881649
ens_champion_segmented6,valid_2025_10,2025-10-23,9,48,63,9.135516711811164,3850.8826173270377,2177.222237872336,False,9.447181727503306,48,65,0.31166501569214233,0,2,1,0,10,3,0,2.9618817003479667,0.082073045736268,0.3167859028058633,2.3375829408589803,0.494783481385119,1.6015949636257023,0.1905480838644216,0.1759773951728714,0.5340948170565397,0.0574739522200589,0.0132873802775547,0.1330741316443627,0.4859877982242944,0.0609521064724193,0.158319792084578,0.2151471398580732,0.0,0.5773502691896257,0,1,0,1,0.0278058005952743,0.0597492666939558,0.0413072104664076,3850.8826173270377
ens_champion_segmented6,valid_2025_10,2025-10-23,10,48,66,9.115986313362953,1464.861239348684,4563.24361585069,False,9.447181727503306,48,65,0.33119541414035325,0,1,1,0,10,3,0,2.9618817003479667,0.082073045736268,0.3167859028058633,2.3375829408589803,0.494783481385119,1.6015949636257023,0.1905480838644216,0.1759773951728714,0.5340948170565397,0.0574739522200589,0.0132873802775547,0.1330741316443627,0.4859877982242944,0.0609521064724193,0.158319792084578,0.2151471398580732,0.0,0.5773502691896257,0,1,0,1,0.0278058005952743,0.0597492666939558,0.0413072104664076,1464.861239348684
ens_champion_segmented6,valid_2025_10,2025-10-24,1,53,69,8.656847799117031,15286.01732576179,3687.198369436017,False,8.656847799117031,53,69,0.0,0,0,1,1,10,4,0,3.031251886592808,0.0789524900162429,0.2838113319435336,2.33460700249425,0.5213058117002362,1.5705559481776656,0.2188307392178643,0.171283829672127,0.5563544719150213,0.0934423932950548,0.0156919915981478,0.1253883459228095,0.4600258864481888,0.0598530490854133,0.1562975276504934,0.7234468678265088,0.5773502691896258,2.309401076758504,1,4,1,4,0.0137245297932935,0.0502600589724941,0.0493071403873207,15286.01732576179
ens_champion_segmented6,valid_2025_10,2025-10-24,2,54,69,8.643123269323738,15286.01732576179,3687.198369436017,False,8.656847799117031,53,69,0.013724529793293527,1,0,0,1,10,4,0,3.031251886592808,0.0789524900162429,0.2838113319435336,2.33460700249425,0.5213058117002362,1.5705559481776656,0.2188307392178643,0.171283829672127,0.5563544719150213,0.0934423932950548,0.0156919915981478,0.1253883459228095,0.4600258864481888,0.0598530490854133,0.1562975276504934,0.7234468678265088,0.5773502691896258,2.309401076758504,1,4,1,4,0.0137245297932935,0.0502600589724941,0.0493071403873207,15286.01732576179
ens_champion_segmented6,valid_2025_10,2025-10-24,3,53,70,8.615312385957196,15286.01732576179,3687.198369436017,False,8.656847799117031,53,69,0.04153541315983489,0,1,1,0,10,4,0,3.031251886592808,0.0789524900162429,0.2838113319435336,2.33460700249425,0.5213058117002362,1.5705559481776656,0.2188307392178643,0.171283829672127,0.5563544719150213,0.0934423932950548,0.0156919915981478,0.1253883459228095,0.4600258864481888,0.0598530490854133,0.1562975276504934,0.7234468678265088,0.5773502691896258,2.309401076758504,1,4,1,4,0.0137245297932935,0.0502600589724941,0.0493071403873207,15286.01732576179
ens_champion_segmented6,valid_2025_10,2025-10-24,4,54,70,8.601587856163903,15286.01732576179,3687.198369436017,False,8.656847799117031,53,69,0.055259942953128416,1,1,0,0,10,4,0,3.031251886592808,0.0789524900162429,0.2838113319435336,2.33460700249425,0.5213058117002362,1.5705559481776656,0.2188307392178643,0.171283829672127,0.5563544719150213,0.0934423932950548,0.0156919915981478,0.1253883459228095,0.4600258864481888,0.0598530490854133,0.1562975276504934,0.7234468678265088,0.5773502691896258,2.309401076758504,1,4,1,4,0.0137245297932935,0.0502600589724941,0.0493071403873207,15286.01732576179
ens_champion_segmented6,valid_2025_10,2025-10-24,5,52,69,8.516067390160813,15286.01732576179,3687.198369436017,False,8.656847799117031,53,69,0.14078040895621768,1,0,0,1,10,4,0,3.031251886592808,0.0789524900162429,0.2838113319435336,2.33460700249425,0.5213058117002362,1.5705559481776656,0.2188307392178643,0.171283829672127,0.5563544719150213,0.0934423932950548,0.0156919915981478,0.1253883459228095,0.4600258864481888,0.0598530490854133,0.1562975276504934,0.7234468678265088,0.5773502691896258,2.309401076758504,1,4,1,4,0.0137245297932935,0.0502600589724941,0.0493071403873207,15286.01732576179
ens_champion_segmented6,valid_2025_10,2025-10-24,6,55,69,8.48927187294845,15270.536819061466,3702.678876136341,False,8.656847799117031,53,69,0.1675759261685812,2,0,0,1,10,4,0,3.031251886592808,0.0789524900162429,0.2838113319435336,2.33460700249425,0.5213058117002362,1.5705559481776656,0.2188307392178643,0.171283829672127,0.5563544719150213,0.0934423932950548,0.0156919915981478,0.1253883459228095,0.4600258864481888,0.0598530490854133,0.1562975276504934,0.7234468678265088,0.5773502691896258,2.309401076758504,1,4,1,4,0.0137245297932935,0.0502600589724941,0.0493071403873207,15270.536819061466
ens_champion_segmented6,valid_2025_10,2025-10-24,7,53,68,8.485541094064018,15286.01732576179,3687.198369436017,False,8.656847799117031,53,69,0.17130670505301282,0,1,1,0,10,4,0,3.031251886592808,0.0789524900162429,0.2838113319435336,2.33460700249425,0.5213058117002362,1.5705559481776656,0.2188307392178643,0.171283829672127,0.5563544719150213,0.0934423932950548,0.0156919915981478,0.1253883459228095,0.4600258864481888,0.0598530490854133,0.1562975276504934,0.7234468678265088,0.5773502691896258,2.309401076758504,1,4,1,4,0.0137245297932935,0.0502600589724941,0.0493071403873207,15286.01732576179
ens_champion_segmented6,valid_2025_10,2025-10-24,8,52,70,8.474531977000979,15286.01732576179,3687.198369436017,False,8.656847799117031,53,69,0.18231582211605257,1,1,0,0,10,4,0,3.031251886592808,0.0789524900162429,0.2838113319435336,2.33460700249425,0.5213058117002362,1.5705559481776656,0.2188307392178643,0.171283829672127,0.5563544719150213,0.0934423932950548,0.0156919915981478,0.1253883459228095,0.4600258864481888,0.0598530490854133,0.1562975276504934,0.7234468678265088,0.5773502691896258,2.309401076758504,1,4,1,4,0.0137245297932935,0.0502600589724941,0.0493071403873207,15286.01732576179
ens_champion_segmented6,valid_2025_10,2025-10-24,9,54,68,8.471816564270725,15286.01732576179,3687.198369436017,False,8.656847799117031,53,69,0.18503123484630635,1,1,0,0,10,4,0,3.031251886592808,0.0789524900162429,0.2838113319435336,2.33460700249425,0.5213058117002362,1.5705559481776656,0.2188307392178643,0.171283829672127,0.5563544719150213,0.0934423932950548,0.0156919915981478,0.1253883459228095,0.4600258864481888,0.0598530490854133,0.1562975276504934,0.7234468678265088,0.5773502691896258,2.309401076758504,1,4,1,4,0.0137245297932935,0.0502600589724941,0.0493071403873207,15286.01732576179
ens_champion_segmented6,valid_2025_10,2025-10-24,10,53,71,8.463418306720285,15286.01732576179,3687.198369436017,False,8.656847799117031,53,69,0.19342949239674567,0,2,1,0,10,4,0,3.031251886592808,0.0789524900162429,0.2838113319435336,2.33460700249425,0.5213058117002362,1.5705559481776656,0.2188307392178643,0.171283829672127,0.5563544719150213,0.0934423932950548,0.0156919915981478,0.1253883459228095,0.4600258864481888,0.0598530490854133,0.1562975276504934,0.7234468678265088,0.5773502691896258,2.309401076758504,1,4,1,4,0.0137245297932935,0.0502600589724941,0.0493071403873207,15286.01732576179
ens_champion_segmented6,valid_2025_10,2025-10-25,1,57,80,7.069563502735967,7026.161690798583,4166.9604599488175,False,7.069563502735967,57,80,0.0,0,0,1,1,10,5,1,3.0342363061616298,0.0840299800543626,0.2957472569983368,1.81936285980288,0.7595084855952765,2.2644006688751803,0.3815189563563148,0.2593674610728829,0.8601248582213049,0.2289565856987307,0.0840766250849352,0.152562370657584,0.5413471338984508,0.0597927179019783,0.180281627311632,0.6099056982244757,0.5773502691896258,6.350852961085883,1,0,0,11,0.0167056556517479,0.033586229827736,0.021754883016223,7026.161690798583
ens_champion_segmented6,valid_2025_10,2025-10-25,2,56,80,7.052857847084219,8139.638333855149,3053.4838168922506,False,7.069563502735967,57,80,0.016705655651747975,1,0,0,1,10,5,1,3.0342363061616298,0.0840299800543626,0.2957472569983368,1.81936285980288,0.7595084855952765,2.2644006688751803,0.3815189563563148,0.2593674610728829,0.8601248582213049,0.2289565856987307,0.0840766250849352,0.152562370657584,0.5413471338984508,0.0597927179019783,0.180281627311632,0.6099056982244757,0.5773502691896258,6.350852961085883,1,0,0,11,0.0167056556517479,0.033586229827736,0.021754883016223,8139.638333855149
ens_champion_segmented6,valid_2025_10,2025-10-25,3,57,81,7.02745507271775,7026.161690798583,4166.9604599488175,False,7.069563502735967,57,80,0.04210843001821729,0,1,1,0,10,5,1,3.0342363061616298,0.0840299800543626,0.2957472569983368,1.81936285980288,0.7595084855952765,2.2644006688751803,0.3815189563563148,0.2593674610728829,0.8601248582213049,0.2289565856987307,0.0840766250849352,0.152562370657584,0.5413471338984508,0.0597927179019783,0.180281627311632,0.6099056982244757,0.5773502691896258,6.350852961085883,1,0,0,11,0.0167056556517479,0.033586229827736,0.021754883016223,7026.161690798583
ens_champion_segmented6,valid_2025_10,2025-10-25,4,57,82,7.015740928229839,7026.161690798583,4166.9604599488175,False,7.069563502735967,57,80,0.05382257450612826,0,2,1,0,10,5,1,3.0342363061616298,0.0840299800543626,0.2957472569983368,1.81936285980288,0.7595084855952765,2.2644006688751803,0.3815189563563148,0.2593674610728829,0.8601248582213049,0.2289565856987307,0.0840766250849352,0.152562370657584,0.5413471338984508,0.0597927179019783,0.180281627311632,0.6099056982244757,0.5773502691896258,6.350852961085883,1,0,0,11,0.0167056556517479,0.033586229827736,0.021754883016223,7026.161690798583
ens_champion_segmented6,valid_2025_10,2025-10-25,5,57,79,7.014269013773379,7026.161690798583,4166.9604599488175,False,7.069563502735967,57,80,0.05529448896258771,0,1,1,0,10,5,1,3.0342363061616298,0.0840299800543626,0.2957472569983368,1.81936285980288,0.7595084855952765,2.2644006688751803,0.3815189563563148,0.2593674610728829,0.8601248582213049,0.2289565856987307,0.0840766250849352,0.152562370657584,0.5413471338984508,0.0597927179019783,0.180281627311632,0.6099056982244757,0.5773502691896258,6.350852961085883,1,0,0,11,0.0167056556517479,0.033586229827736,0.021754883016223,7026.161690798583
ens_champion_segmented6,valid_2025_10,2025-10-25,6,56,81,7.010749417066002,8139.638333855149,3053.4838168922506,False,7.069563502735967,57,80,0.058814085669965266,1,1,0,0,10,5,1,3.0342363061616298,0.0840299800543626,0.2957472569983368,1.81936285980288,0.7595084855952765,2.2644006688751803,0.3815189563563148,0.2593674610728829,0.8601248582213049,0.2289565856987307,0.0840766250849352,0.152562370657584,0.5413471338984508,0.0597927179019783,0.180281627311632,0.6099056982244757,0.5773502691896258,6.350852961085883,1,0,0,11,0.0167056556517479,0.033586229827736,0.021754883016223,8139.638333855149
ens_champion_segmented6,valid_2025_10,2025-10-25,7,56,82,6.999035272578091,8139.638333855149,3053.4838168922506,False,7.069563502735967,57,80,0.07052823015787624,1,2,0,0,10,5,1,3.0342363061616298,0.0840299800543626,0.2957472569983368,1.81936285980288,0.7595084855952765,2.2644006688751803,0.3815189563563148,0.2593674610728829,0.8601248582213049,0.2289565856987307,0.0840766250849352,0.152562370657584,0.5413471338984508,0.0597927179019783,0.180281627311632,0.6099056982244757,0.5773502691896258,6.350852961085883,1,0,0,11,0.0167056556517479,0.033586229827736,0.021754883016223,8139.638333855149
ens_champion_segmented6,valid_2025_10,2025-10-25,8,56,79,6.997563358121631,8139.638333855149,3053.4838168922506,False,7.069563502735967,57,80,0.07200014461433568,1,1,0,0,10,5,1,3.0342363061616298,0.0840299800543626,0.2957472569983368,1.81936285980288,0.7595084855952765,2.2644006688751803,0.3815189563563148,0.2593674610728829,0.8601248582213049,0.2289565856987307,0.0840766250849352,0.152562370657584,0.5413471338984508,0.0597927179019783,0.180281627311632,0.6099056982244757,0.5773502691896258,6.350852961085883,1,0,0,11,0.0167056556517479,0.033586229827736,0.021754883016223,8139.638333855149
ens_champion_segmented6,valid_2025_10,2025-10-25,9,54,80,6.99651188823654,10326.846866534835,866.2752842125647,False,7.069563502735967,57,80,0.07305161449942688,3,0,0,1,10,5,1,3.0342363061616298,0.0840299800543626,0.2957472569983368,1.81936285980288,0.7595084855952765,2.2644006688751803,0.3815189563563148,0.2593674610728829,0.8601248582213049,0.2289565856987307,0.0840766250849352,0.152562370657584,0.5413471338984508,0.0597927179019783,0.180281627311632,0.6099056982244757,0.5773502691896258,6.350852961085883,1,0,0,11,0.0167056556517479,0.033586229827736,0.021754883016223,10326.846866534835
ens_champion_segmented6,valid_2025_10,2025-10-25,10,55,80,6.995242003889004,9253.114976911716,1940.0071738356853,False,7.069563502735967,57,80,0.07432149884696315,2,0,0,1,10,5,1,3.0342363061616298,0.0840299800543626,0.2957472569983368,1.81936285980288,0.7595084855952765,2.2644006688751803,0.3815189563563148,0.2593674610728829,0.8601248582213049,0.2289565856987307,0.0840766250849352,0.152562370657584,0.5413471338984508,0.0597927179019783,0.180281627311632,0.6099056982244757,0.5773502691896258,6.350852961085883,1,0,0,11,0.0167056556517479,0.033586229827736,0.021754883016223,9253.114976911716
ens_champion_segmented6,valid_2025_10,2025-10-26,1,52,68,9.753145498253964,12709.887308471634,6308.29375493447,False,9.753145498253964,52,68,0.0,0,0,1,1,10,6,1,3.0076542693872343,0.0733969068599905,0.2701221864047687,1.7579646255392902,0.6804115316217604,1.957395632505236,0.3966313788194731,0.236077785820383,0.8399957881929007,0.2336863582525141,0.0367606309596476,0.162945020566959,0.5666390227084245,0.0603322918110179,0.1901540769270242,0.4747429092718362,1.1547005383792517,0.5773502691896257,0,1,2,0,0.0207323449893621,0.0269868034795202,0.0169945504680531,12709.887308471634
ens_champion_segmented6,valid_2025_10,2025-10-26,2,51,68,9.732413153264602,12709.887308471634,6308.29375493447,False,9.753145498253964,52,68,0.02073234498936216,1,0,0,1,10,6,1,3.0076542693872343,0.0733969068599905,0.2701221864047687,1.7579646255392902,0.6804115316217604,1.957395632505236,0.3966313788194731,0.236077785820383,0.8399957881929007,0.2336863582525141,0.0367606309596476,0.162945020566959,0.5666390227084245,0.0603322918110179,0.1901540769270242,0.4747429092718362,1.1547005383792517,0.5773502691896257,0,1,2,0,0.0207323449893621,0.0269868034795202,0.0169945504680531,12709.887308471634
ens_champion_segmented6,valid_2025_10,2025-10-26,3,53,68,9.723054078933153,12709.887308471634,6308.29375493447,False,9.753145498253964,52,68,0.030091419320811497,1,0,0,1,10,6,1,3.0076542693872343,0.0733969068599905,0.2701221864047687,1.7579646255392902,0.6804115316217604,1.957395632505236,0.3966313788194731,0.236077785820383,0.8399957881929007,0.2336863582525141,0.0367606309596476,0.162945020566959,0.5666390227084245,0.0603322918110179,0.1901540769270242,0.4747429092718362,1.1547005383792517,0.5773502691896257,0,1,2,0,0.0207323449893621,0.0269868034795202,0.0169945504680531,12709.887308471634
ens_champion_segmented6,valid_2025_10,2025-10-26,4,52,69,9.721408330703014,13100.84804601982,5917.333017386285,False,9.753145498253964,52,68,0.031737167550950574,0,1,1,0,10,6,1,3.0076542693872343,0.0733969068599905,0.2701221864047687,1.7579646255392902,0.6804115316217604,1.957395632505236,0.3966313788194731,0.236077785820383,0.8399957881929007,0.2336863582525141,0.0367606309596476,0.162945020566959,0.5666390227084245,0.0603322918110179,0.1901540769270242,0.4747429092718362,1.1547005383792517,0.5773502691896257,0,1,2,0,0.0207323449893621,0.0269868034795202,0.0169945504680531,13100.84804601982
ens_champion_segmented6,valid_2025_10,2025-10-26,5,50,68,9.700772412717484,12709.887308471634,6308.29375493447,False,9.753145498253964,52,68,0.052373085536480346,2,0,0,1,10,6,1,3.0076542693872343,0.0733969068599905,0.2701221864047687,1.7579646255392902,0.6804115316217604,1.957395632505236,0.3966313788194731,0.236077785820383,0.8399957881929007,0.2336863582525141,0.0367606309596476,0.162945020566959,0.5666390227084245,0.0603322918110179,0.1901540769270242,0.4747429092718362,1.1547005383792517,0.5773502691896257,0,1,2,0,0.0207323449893621,0.0269868034795202,0.0169945504680531,12709.887308471634
ens_champion_segmented6,valid_2025_10,2025-10-26,6,51,69,9.700675985713652,13100.84804601982,5917.333017386285,False,9.753145498253964,52,68,0.052469512540312735,1,1,0,0,10,6,1,3.0076542693872343,0.0733969068599905,0.2701221864047687,1.7579646255392902,0.6804115316217604,1.957395632505236,0.3966313788194731,0.236077785820383,0.8399957881929007,0.2336863582525141,0.0367606309596476,0.162945020566959,0.5666390227084245,0.0603322918110179,0.1901540769270242,0.4747429092718362,1.1547005383792517,0.5773502691896257,0,1,2,0,0.0207323449893621,0.0269868034795202,0.0169945504680531,13100.84804601982
ens_champion_segmented6,valid_2025_10,2025-10-26,7,53,69,9.691316911382202,13100.84804601982,5917.333017386285,False,9.753145498253964,52,68,0.06182858687176207,1,1,0,0,10,6,1,3.0076542693872343,0.0733969068599905,0.2701221864047687,1.7579646255392902,0.6804115316217604,1.957395632505236,0.3966313788194731,0.236077785820383,0.8399957881929007,0.2336863582525141,0.0367606309596476,0.162945020566959,0.5666390227084245,0.0603322918110179,0.1901540769270242,0.4747429092718362,1.1547005383792517,0.5773502691896257,0,1,2,0,0.0207323449893621,0.0269868034795202,0.0169945504680531,13100.84804601982
ens_champion_segmented6,valid_2025_10,2025-10-26,8,54,68,9.689574523046147,12709.887308471634,6308.29375493447,False,9.753145498253964,52,68,0.06357097520781707,2,0,0,1,10,6,1,3.0076542693872343,0.0733969068599905,0.2701221864047687,1.7579646255392902,0.6804115316217604,1.957395632505236,0.3966313788194731,0.236077785820383,0.8399957881929007,0.2336863582525141,0.0367606309596476,0.162945020566959,0.5666390227084245,0.0603322918110179,0.1901540769270242,0.4747429092718362,1.1547005383792517,0.5773502691896257,0,1,2,0,0.0207323449893621,0.0269868034795202,0.0169945504680531,12709.887308471634
ens_champion_segmented6,valid_2025_10,2025-10-26,9,49,68,9.672248011511826,12709.887308471634,6308.29375493447,False,9.753145498253964,52,68,0.08089748674213837,3,0,0,1,10,6,1,3.0076542693872343,0.0733969068599905,0.2701221864047687,1.7579646255392902,0.6804115316217604,1.957395632505236,0.3966313788194731,0.236077785820383,0.8399957881929007,0.2336863582525141,0.0367606309596476,0.162945020566959,0.5666390227084245,0.0603322918110179,0.1901540769270242,0.4747429092718362,1.1547005383792517,0.5773502691896257,0,1,2,0,0.0207323449893621,0.0269868034795202,0.0169945504680531,12709.887308471634
ens_champion_segmented6,valid_2025_10,2025-10-26,10,50,69,9.669035245166532,13100.84804601982,5917.333017386285,False,9.753145498253964,52,68,0.0841102530874327,2,1,0,0,10,6,1,3.0076542693872343,0.0733969068599905,0.2701221864047687,1.7579646255392902,0.6804115316217604,1.957395632505236,0.3966313788194731,0.236077785820383,0.8399957881929007,0.2336863582525141,0.0367606309596476,0.162945020566959,0.5666390227084245,0.0603322918110179,0.1901540769270242,0.4747429092718362,1.1547005383792517,0.5773502691896257,0,1,2,0,0.0207323449893621,0.0269868034795202,0.0169945504680531,13100.84804601982
ens_champion_segmented6,valid_2025_10,2025-10-27,1,43,69,14.173351925023248,13554.481611762902,10197.394072013063,False,14.173351925023248,43,69,0.0,0,0,1,1,10,0,0,3.055327986888796,0.0645066154279458,0.2565171954492351,1.6764545635617634,0.687935036074525,2.212712923855249,0.4389580299781475,0.2236245084214112,0.8333510788502757,0.279662008936326,0.0910263532812959,0.1592960210418214,0.5576690723415287,0.0602511507647359,0.1809137194703871,0.0644183728774141,0.5773502691896258,0.0,0,0,1,0,0.0138220170320693,0.0303690346977827,0.0196748575833711,13554.481611762902
ens_champion_segmented6,valid_2025_10,2025-10-27,2,44,69,14.159529907991178,13837.333311355804,9914.54237242016,False,14.173351925023248,43,69,0.013822017032069311,1,0,0,1,10,0,0,3.055327986888796,0.0645066154279458,0.2565171954492351,1.6764545635617634,0.687935036074525,2.212712923855249,0.4389580299781475,0.2236245084214112,0.8333510788502757,0.279662008936326,0.0910263532812959,0.1592960210418214,0.5576690723415287,0.0602511507647359,0.1809137194703871,0.0644183728774141,0.5773502691896258,0.0,0,0,1,0,0.0138220170320693,0.0303690346977827,0.0196748575833711,13837.333311355804
ens_champion_segmented6,valid_2025_10,2025-10-27,3,46,69,14.12928913728458,15574.312335458326,8177.563348317639,False,14.173351925023248,43,69,0.04406278773866745,3,0,0,1,10,0,0,3.055327986888796,0.0645066154279458,0.2565171954492351,1.6764545635617634,0.687935036074525,2.212712923855249,0.4389580299781475,0.2236245084214112,0.8333510788502757,0.279662008936326,0.0910263532812959,0.1592960210418214,0.5576690723415287,0.0602511507647359,0.1809137194703871,0.0644183728774141,0.5773502691896258,0.0,0,0,1,0,0.0138220170320693,0.0303690346977827,0.0196748575833711,15574.312335458326
ens_champion_segmented6,valid_2025_10,2025-10-27,4,42,69,14.12651063638038,12860.308458863066,10891.567224912898,False,14.173351925023248,43,69,0.046841288642868406,1,0,0,1,10,0,0,3.055327986888796,0.0645066154279458,0.2565171954492351,1.6764545635617634,0.687935036074525,2.212712923855249,0.4389580299781475,0.2236245084214112,0.8333510788502757,0.279662008936326,0.0910263532812959,0.1592960210418214,0.5576690723415287,0.0602511507647359,0.1809137194703871,0.0644183728774141,0.5773502691896258,0.0,0,0,1,0,0.0138220170320693,0.0303690346977827,0.0196748575833711,12860.308458863066
ens_champion_segmented6,valid_2025_10,2025-10-27,5,45,69,14.126232844947944,14645.949593628997,9105.92609014697,False,14.173351925023248,43,69,0.04711908007530319,2,0,0,1,10,0,0,3.055327986888796,0.0645066154279458,0.2565171954492351,1.6764545635617634,0.687935036074525,2.212712923855249,0.4389580299781475,0.2236245084214112,0.8333510788502757,0.279662008936326,0.0910263532812959,0.1592960210418214,0.5576690723415287,0.0602511507647359,0.1809137194703871,0.0644183728774141,0.5773502691896258,0.0,0,0,1,0,0.0138220170320693,0.0303690346977827,0.0196748575833711,14645.949593628997
ens_champion_segmented6,valid_2025_10,2025-10-27,6,43,68,14.073181289977033,12281.93687684111,11469.938806934855,False,14.173351925023248,43,69,0.10017063504621504,0,1,1,0,10,0,0,3.055327986888796,0.0645066154279458,0.2565171954492351,1.6764545635617634,0.687935036074525,2.212712923855249,0.4389580299781475,0.2236245084214112,0.8333510788502757,0.279662008936326,0.0910263532812959,0.1592960210418214,0.5576690723415287,0.0602511507647359,0.1809137194703871,0.0644183728774141,0.5773502691896258,0.0,0,0,1,0,0.0138220170320693,0.0303690346977827,0.0196748575833711,12281.93687684111
ens_champion_segmented6,valid_2025_10,2025-10-27,7,44,68,14.059359272944963,12564.788576434014,11187.087107341951,False,14.173351925023248,43,69,0.11399265207828435,1,1,0,0,10,0,0,3.055327986888796,0.0645066154279458,0.2565171954492351,1.6764545635617634,0.687935036074525,2.212712923855249,0.4389580299781475,0.2236245084214112,0.8333510788502757,0.279662008936326,0.0910263532812959,0.1592960210418214,0.5576690723415287,0.0602511507647359,0.1809137194703871,0.0644183728774141,0.5773502691896258,0.0,0,0,1,0,0.0138220170320693,0.0303690346977827,0.0196748575833711,12564.788576434014
ens_champion_segmented6,valid_2025_10,2025-10-27,8,41,69,14.057840921736243,11950.10493040107,11801.770753374894,False,14.173351925023248,43,69,0.11551100328700414,2,0,0,1,10,0,0,3.055327986888796,0.0645066154279458,0.2565171954492351,1.6764545635617634,0.687935036074525,2.212712923855249,0.4389580299781475,0.2236245084214112,0.8333510788502757,0.279662008936326,0.0910263532812959,0.1592960210418214,0.5576690723415287,0.0602511507647359,0.1809137194703871,0.0644183728774141,0.5773502691896258,0.0,0,0,1,0,0.0138220170320693,0.0303690346977827,0.0196748575833711,11950.10493040107
ens_champion_segmented6,valid_2025_10,2025-10-27,9,47,69,14.057485367714133,15845.459804851786,7906.415878924179,False,14.173351925023248,43,69,0.11586655730911488,4,0,0,1,10,0,0,3.055327986888796,0.0645066154279458,0.2565171954492351,1.6764545635617634,0.687935036074525,2.212712923855249,0.4389580299781475,0.2236245084214112,0.8333510788502757,0.279662008936326,0.0910263532812959,0.1592960210418214,0.5576690723415287,0.0602511507647359,0.1809137194703871,0.0644183728774141,0.5773502691896258,0.0,0,0,1,0,0.0138220170320693,0.0303690346977827,0.0196748575833711,15845.459804851786
ens_champion_segmented6,valid_2025_10,2025-10-27,10,46,68,14.029118502238363,14301.767600536534,9450.108083239433,False,14.173351925023248,43,69,0.14423342278488427,3,1,0,0,10,0,0,3.055327986888796,0.0645066154279458,0.2565171954492351,1.6764545635617634,0.687935036074525,2.212712923855249,0.4389580299781475,0.2236245084214112,0.8333510788502757,0.279662008936326,0.0910263532812959,0.1592960210418214,0.5576690723415287,0.0602511507647359,0.1809137194703871,0.0644183728774141,0.5773502691896258,0.0,0,0,1,0,0.0138220170320693,0.0303690346977827,0.0196748575833711,14301.767600536534
ens_champion_segmented6,valid_2025_10,2025-10-28,1,54,69,5.710025362962604,9960.8948143897,909.4431829828864,False,5.710025362962604,54,69,0.0,0,0,1,1,10,1,0,3.088890397969228,0.0584613296487259,0.238522140401864,1.4718999669687467,0.7070091906739021,2.230425359760606,0.5064428482595189,0.2380162078111157,0.9501387199277876,0.3559433561504956,0.079955283723416,0.1504994921090232,0.5332082704991006,0.059618710537815,0.1844893355121402,0.2724493784402717,1.1547005383792517,0.5773502691896257,2,1,2,0,0.0024275876212698,0.0067186536326913,0.0049061711867548,9960.8948143897
ens_champion_segmented6,valid_2025_10,2025-10-28,2,55,69,5.707597775341334,9960.8948143897,909.4431829828864,False,5.710025362962604,54,69,0.002427587621269822,1,0,0,1,10,1,0,3.088890397969228,0.0584613296487259,0.238522140401864,1.4718999669687467,0.7070091906739021,2.230425359760606,0.5064428482595189,0.2380162078111157,0.9501387199277876,0.3559433561504956,0.079955283723416,0.1504994921090232,0.5332082704991006,0.059618710537815,0.1844893355121402,0.2724493784402717,1.1547005383792517,0.5773502691896257,2,1,2,0,0.0024275876212698,0.0067186536326913,0.0049061711867548,9960.8948143897
ens_champion_segmented6,valid_2025_10,2025-10-28,3,54,70,5.702347693303636,10097.744275183191,772.5937221893964,False,5.710025362962604,54,69,0.007677669658967545,0,1,1,0,10,1,0,3.088890397969228,0.0584613296487259,0.238522140401864,1.4718999669687467,0.7070091906739021,2.230425359760606,0.5064428482595189,0.2380162078111157,0.9501387199277876,0.3559433561504956,0.079955283723416,0.1504994921090232,0.5332082704991006,0.059618710537815,0.1844893355121402,0.2724493784402717,1.1547005383792517,0.5773502691896257,2,1,2,0,0.0024275876212698,0.0067186536326913,0.0049061711867548,10097.744275183191
ens_champion_segmented6,valid_2025_10,2025-10-28,4,55,70,5.699920105682367,10097.744275183191,772.5937221893964,False,5.710025362962604,54,69,0.01010525728023648,1,1,0,0,10,1,0,3.088890397969228,0.0584613296487259,0.238522140401864,1.4718999669687467,0.7070091906739021,2.230425359760606,0.5064428482595189,0.2380162078111157,0.9501387199277876,0.3559433561504956,0.079955283723416,0.1504994921090232,0.5332082704991006,0.059618710537815,0.1844893355121402,0.2724493784402717,1.1547005383792517,0.5773502691896257,2,1,2,0,0.0024275876212698,0.0067186536326913,0.0049061711867548,10097.744275183191
ens_champion_segmented6,valid_2025_10,2025-10-28,5,53,69,5.696642609359621,9960.8948143897,909.4431829828864,False,5.710025362962604,54,69,0.013382753602982689,1,0,0,1,10,1,0,3.088890397969228,0.0584613296487259,0.238522140401864,1.4718999669687467,0.7070091906739021,2.230425359760606,0.5064428482595189,0.2380162078111157,0.9501387199277876,0.3559433561504956,0.079955283723416,0.1504994921090232,0.5332082704991006,0.059618710537815,0.1844893355121402,0.2724493784402717,1.1547005383792517,0.5773502691896257,2,1,2,0,0.0024275876212698,0.0067186536326913,0.0049061711867548,9960.8948143897
ens_champion_segmented6,valid_2025_10,2025-10-28,6,53,70,5.688964939700654,10097.744275183191,772.5937221893964,False,5.710025362962604,54,69,0.021060423261950234,1,1,0,0,10,1,0,3.088890397969228,0.0584613296487259,0.238522140401864,1.4718999669687467,0.7070091906739021,2.230425359760606,0.5064428482595189,0.2380162078111157,0.9501387199277876,0.3559433561504956,0.079955283723416,0.1504994921090232,0.5332082704991006,0.059618710537815,0.1844893355121402,0.2724493784402717,1.1547005383792517,0.5773502691896257,2,1,2,0,0.0024275876212698,0.0067186536326913,0.0049061711867548,10097.744275183191
ens_champion_segmented6,valid_2025_10,2025-10-28,7,56,69,5.665416672938498,9960.8948143897,909.4431829828864,False,5.710025362962604,54,69,0.04460869002410561,2,0,0,1,10,1,0,3.088890397969228,0.0584613296487259,0.238522140401864,1.4718999669687467,0.7070091906739021,2.230425359760606,0.5064428482595189,0.2380162078111157,0.9501387199277876,0.3559433561504956,0.079955283723416,0.1504994921090232,0.5332082704991006,0.059618710537815,0.1844893355121402,0.2724493784402717,1.1547005383792517,0.5773502691896257,2,1,2,0,0.0024275876212698,0.0067186536326913,0.0049061711867548,9960.8948143897
ens_champion_segmented6,valid_2025_10,2025-10-28,8,56,70,5.657739003279531,10097.744275183191,772.5937221893964,False,5.710025362962604,54,69,0.05228635968307316,2,1,0,0,10,1,0,3.088890397969228,0.0584613296487259,0.238522140401864,1.4718999669687467,0.7070091906739021,2.230425359760606,0.5064428482595189,0.2380162078111157,0.9501387199277876,0.3559433561504956,0.079955283723416,0.1504994921090232,0.5332082704991006,0.059618710537815,0.1844893355121402,0.2724493784402717,1.1547005383792517,0.5773502691896257,2,1,2,0,0.0024275876212698,0.0067186536326913,0.0049061711867548,10097.744275183191
ens_champion_segmented6,valid_2025_10,2025-10-28,9,52,69,5.628931674392838,9960.8948143897,909.4431829828864,False,5.710025362962604,54,69,0.08109368856976573,2,0,0,1,10,1,0,3.088890397969228,0.0584613296487259,0.238522140401864,1.4718999669687467,0.7070091906739021,2.230425359760606,0.5064428482595189,0.2380162078111157,0.9501387199277876,0.3559433561504956,0.079955283723416,0.1504994921090232,0.5332082704991006,0.059618710537815,0.1844893355121402,0.2724493784402717,1.1547005383792517,0.5773502691896257,2,1,2,0,0.0024275876212698,0.0067186536326913,0.0049061711867548,9960.8948143897
ens_champion_segmented6,valid_2025_10,2025-10-28,10,52,70,5.621254004733871,10097.744275183191,772.5937221893964,False,5.710025362962604,54,69,0.08877135822873328,2,1,0,0,10,1,0,3.088890397969228,0.0584613296487259,0.238522140401864,1.4718999669687467,0.7070091906739021,2.230425359760606,0.5064428482595189,0.2380162078111157,0.9501387199277876,0.3559433561504956,0.079955283723416,0.1504994921090232,0.5332082704991006,0.059618710537815,0.1844893355121402,0.2724493784402717,1.1547005383792517,0.5773502691896257,2,1,2,0,0.0024275876212698,0.0067186536326913,0.0049061711867548,10097.744275183191
ens_champion_segmented6,valid_2025_10,2025-10-29,1,1,88,21.342727951786447,18201.93905680893,267.8070394643364,False,21.342727951786447,1,88,0.0,0,0,1,1,10,2,0,3.0724974211899294,0.0805212173821678,0.283369520381576,1.769391035501113,0.655838978136714,2.0823294229040723,0.4114578404399112,0.2096173735734877,0.7460315278159657,0.2745134424163978,0.1357498181738871,0.1369443980235134,0.5053798918522592,0.059871656354768,0.1779169730217671,0.3968540074675609,0.0,0.0,0,0,0,0,0.0216638834548419,0.1293087790825886,0.1193575519657001,18201.93905680893
ens_champion_segmented6,valid_2025_10,2025-10-29,2,0,88,21.321064068331605,18469.74609627321,4.729372449219227e-11,True,21.342727951786447,1,88,0.021663883454841937,1,0,0,1,10,2,0,3.0724974211899294,0.0805212173821678,0.283369520381576,1.769391035501113,0.655838978136714,2.0823294229040723,0.4114578404399112,0.2096173735734877,0.7460315278159657,0.2745134424163978,0.1357498181738871,0.1369443980235134,0.5053798918522592,0.059871656354768,0.1779169730217671,0.3968540074675609,0.0,0.0,0,0,0,0,0.0216638834548419,0.1293087790825886,0.1193575519657001,18469.74609627321
ens_champion_segmented6,valid_2025_10,2025-10-29,3,2,88,21.24462009650196,18170.125438435884,299.62065783737853,False,21.342727951786447,1,88,0.09810785528448562,1,0,0,1,10,2,0,3.0724974211899294,0.0805212173821678,0.283369520381576,1.769391035501113,0.655838978136714,2.0823294229040723,0.4114578404399112,0.2096173735734877,0.7460315278159657,0.2745134424163978,0.1357498181738871,0.1369443980235134,0.5053798918522592,0.059871656354768,0.1779169730217671,0.3968540074675609,0.0,0.0,0,0,0,0,0.0216638834548419,0.1293087790825886,0.1193575519657001,18170.125438435884
ens_champion_segmented6,valid_2025_10,2025-10-29,4,3,88,21.13409586945549,18170.125438435884,299.62065783737853,False,21.342727951786447,1,88,0.20863208233095776,2,0,0,1,10,2,0,3.0724974211899294,0.0805212173821678,0.283369520381576,1.769391035501113,0.655838978136714,2.0823294229040723,0.4114578404399112,0.2096173735734877,0.7460315278159657,0.2745134424163978,0.1357498181738871,0.1369443980235134,0.5053798918522592,0.059871656354768,0.1779169730217671,0.3968540074675609,0.0,0.0,0,0,0,0,0.0216638834548419,0.1293087790825886,0.1193575519657001,18170.125438435884
ens_champion_segmented6,valid_2025_10,2025-10-29,5,4,88,21.024587877443786,18138.311820062838,331.4342762104279,False,21.342727951786447,1,88,0.31814007434266145,3,0,0,1,10,2,0,3.0724974211899294,0.0805212173821678,0.283369520381576,1.769391035501113,0.655838978136714,2.0823294229040723,0.4114578404399112,0.2096173735734877,0.7460315278159657,0.2745134424163978,0.1357498181738871,0.1369443980235134,0.5053798918522592,0.059871656354768,0.1779169730217671,0.3968540074675609,0.0,0.0,0,0,0,0,0.0216638834548419,0.1293087790825886,0.1193575519657001,18138.311820062838
ens_champion_segmented6,valid_2025_10,2025-10-29,6,5,88,20.96113772715729,18106.49820168979,363.2478945834737,False,21.342727951786447,1,88,0.38159022462915715,4,0,0,1,10,2,0,3.0724974211899294,0.0805212173821678,0.283369520381576,1.769391035501113,0.655838978136714,2.0823294229040723,0.4114578404399112,0.2096173735734877,0.7460315278159657,0.2745134424163978,0.1357498181738871,0.1369443980235134,0.5053798918522592,0.059871656354768,0.1779169730217671,0.3968540074675609,0.0,0.0,0,0,0,0,0.0216638834548419,0.1293087790825886,0.1193575519657001,18106.49820168979
ens_champion_segmented6,valid_2025_10,2025-10-29,7,51,88,20.88764614759777,17616.15808306789,853.5880132053717,False,21.342727951786447,1,88,0.4550818041886764,50,0,0,1,10,2,0,3.0724974211899294,0.0805212173821678,0.283369520381576,1.769391035501113,0.655838978136714,2.0823294229040723,0.4114578404399112,0.2096173735734877,0.7460315278159657,0.2745134424163978,0.1357498181738871,0.1369443980235134,0.5053798918522592,0.059871656354768,0.1779169730217671,0.3968540074675609,0.0,0.0,0,0,0,0,0.0216638834548419,0.1293087790825886,0.1193575519657001,17616.15808306789
ens_champion_segmented6,valid_2025_10,2025-10-29,8,6,88,20.87956540449965,18042.870964943704,426.8751313295579,False,21.342727951786447,1,88,0.46316254728679596,5,0,0,1,10,2,0,3.0724974211899294,0.0805212173821678,0.283369520381576,1.769391035501113,0.655838978136714,2.0823294229040723,0.4114578404399112,0.2096173735734877,0.7460315278159657,0.2745134424163978,0.1357498181738871,0.1369443980235134,0.5053798918522592,0.059871656354768,0.1779169730217671,0.3968540074675609,0.0,0.0,0,0,0,0,0.0216638834548419,0.1293087790825886,0.1193575519657001,18042.870964943704
ens_champion_segmented6,valid_2025_10,2025-10-29,9,50,88,20.864697209574963,17612.05094493593,857.6951513373315,False,21.342727951786447,1,88,0.4780307422114838,49,0,0,1,10,2,0,3.0724974211899294,0.0805212173821678,0.283369520381576,1.769391035501113,0.655838978136714,2.0823294229040723,0.4114578404399112,0.2096173735734877,0.7460315278159657,0.2745134424163978,0.1357498181738871,0.1369443980235134,0.5053798918522592,0.059871656354768,0.1779169730217671,0.3968540074675609,0.0,0.0,0,0,0,0,0.0216638834548419,0.1293087790825886,0.1193575519657001,17612.05094493593
ens_champion_segmented6,valid_2025_10,2025-10-29,10,49,88,20.858560444911912,15883.884293122745,2585.86180315052,False,21.342727951786447,1,88,0.4841675068745346,48,0,0,1,10,2,0,3.0724974211899294,0.0805212173821678,0.283369520381576,1.769391035501113,0.655838978136714,2.0823294229040723,0.4114578404399112,0.2096173735734877,0.7460315278159657,0.2745134424163978,0.1357498181738871,0.1369443980235134,0.5053798918522592,0.059871656354768,0.1779169730217671,0.3968540074675609,0.0,0.0,0,0,0,0,0.0216638834548419,0.1293087790825886,0.1193575519657001,15883.884293122745
ens_champion_segmented6,valid_2025_10,2025-10-30,1,53,66,7.271664758777931,15827.28468467526,72.7482011335942,False,7.271664758777931,53,66,0.0,0,0,1,1,10,3,0,3.088919399158067,0.073201218194683,0.2753678220927793,2.327045749716451,0.5955793618229356,1.676414699711009,0.2333944670713919,0.1985774957827167,0.6075351379787514,0.0883948184848988,0.0445659862292989,0.1449996485864929,0.5248401613478583,0.0566017031552869,0.1482001805221581,0.5832818625330762,3.055050463303893,0.5773502691896257,6,1,2,0,0.0184576152074669,0.0209680605129793,0.012170886742435,15827.28468467526
ens_champion_segmented6,valid_2025_10,2025-10-30,2,54,66,7.253207143570464,15900.0328858089,-4.729372449219227e-11,True,7.271664758777931,53,66,0.018457615207466915,1,0,0,1,10,3,0,3.088919399158067,0.073201218194683,0.2753678220927793,2.327045749716451,0.5955793618229356,1.676414699711009,0.2333944670713919,0.1985774957827167,0.6075351379787514,0.0883948184848988,0.0445659862292989,0.1449996485864929,0.5248401613478583,0.0566017031552869,0.1482001805221581,0.5832818625330762,3.055050463303893,0.5773502691896257,6,1,2,0,0.0184576152074669,0.0209680605129793,0.012170886742435,15900.0328858089
ens_champion_segmented6,valid_2025_10,2025-10-30,3,51,66,7.25050432145342,15300.810658305256,599.2222275035983,False,7.271664758777931,53,66,0.021160437324510895,2,0,0,1,10,3,0,3.088919399158067,0.073201218194683,0.2753678220927793,2.327045749716451,0.5955793618229356,1.676414699711009,0.2333944670713919,0.1985774957827167,0.6075351379787514,0.0883948184848988,0.0445659862292989,0.1449996485864929,0.5248401613478583,0.0566017031552869,0.1482001805221581,0.5832818625330762,3.055050463303893,0.5773502691896257,6,1,2,0,0.0184576152074669,0.0209680605129793,0.012170886742435,15300.810658305256
ens_champion_segmented6,valid_2025_10,2025-10-30,4,50,66,7.242483765849016,14957.462182014173,942.5707037946833,False,7.271664758777931,53,66,0.029180992928914407,3,0,0,1,10,3,0,3.088919399158067,0.073201218194683,0.2753678220927793,2.327045749716451,0.5955793618229356,1.676414699711009,0.2333944670713919,0.1985774957827167,0.6075351379787514,0.0883948184848988,0.0445659862292989,0.1449996485864929,0.5248401613478583,0.0566017031552869,0.1482001805221581,0.5832818625330762,3.055050463303893,0.5773502691896257,6,1,2,0,0.0184576152074669,0.0209680605129793,0.012170886742435,14957.462182014173
ens_champion_segmented6,valid_2025_10,2025-10-30,5,52,66,7.235623501673928,15647.21642332199,252.8164624868641,False,7.271664758777931,53,66,0.036041257104002966,1,0,0,1,10,3,0,3.088919399158067,0.073201218194683,0.2753678220927793,2.327045749716451,0.5955793618229356,1.676414699711009,0.2333944670713919,0.1985774957827167,0.6075351379787514,0.0883948184848988,0.0445659862292989,0.1449996485864929,0.5248401613478583,0.0566017031552869,0.1482001805221581,0.5832818625330762,3.055050463303893,0.5773502691896257,6,1,2,0,0.0184576152074669,0.0209680605129793,0.012170886742435,15647.21642332199
ens_champion_segmented6,valid_2025_10,2025-10-30,6,47,66,7.182518368457082,14139.81719484671,1760.2156909621444,False,7.271664758777931,53,66,0.08914639032084892,6,0,0,1,10,3,0,3.088919399158067,0.073201218194683,0.2753678220927793,2.327045749716451,0.5955793618229356,1.676414699711009,0.2333944670713919,0.1985774957827167,0.6075351379787514,0.0883948184848988,0.0445659862292989,0.1449996485864929,0.5248401613478583,0.0566017031552869,0.1482001805221581,0.5832818625330762,3.055050463303893,0.5773502691896257,6,1,2,0,0.0184576152074669,0.0209680605129793,0.012170886742435,14139.81719484671
ens_champion_segmented6,valid_2025_10,2025-10-30,7,53,65,7.181173459811831,15648.352169497908,251.68071631094608,False,7.271664758777931,53,66,0.09049129896609998,0,1,1,0,10,3,0,3.088919399158067,0.073201218194683,0.2753678220927793,2.327045749716451,0.5955793618229356,1.676414699711009,0.2333944670713919,0.1985774957827167,0.6075351379787514,0.0883948184848988,0.0445659862292989,0.1449996485864929,0.5248401613478583,0.0566017031552869,0.1482001805221581,0.5832818625330762,3.055050463303893,0.5773502691896257,6,1,2,0,0.0184576152074669,0.0209680605129793,0.012170886742435,15648.352169497908
ens_champion_segmented6,valid_2025_10,2025-10-30,8,54,65,7.162715844604364,15721.10037063155,178.9325151773046,False,7.271664758777931,53,66,0.10894891417356689,1,1,0,0,10,3,0,3.088919399158067,0.073201218194683,0.2753678220927793,2.327045749716451,0.5955793618229356,1.676414699711009,0.2333944670713919,0.1985774957827167,0.6075351379787514,0.0883948184848988,0.0445659862292989,0.1449996485864929,0.5248401613478583,0.0566017031552869,0.1482001805221581,0.5832818625330762,3.055050463303893,0.5773502691896257,6,1,2,0,0.0184576152074669,0.0209680605129793,0.012170886742435,15721.10037063155
ens_champion_segmented6,valid_2025_10,2025-10-30,9,51,65,7.16001302248732,15121.878143127904,778.1547426809502,False,7.271664758777931,53,66,0.11165173629061087,2,1,0,0,10,3,0,3.088919399158067,0.073201218194683,0.2753678220927793,2.327045749716451,0.5955793618229356,1.676414699711009,0.2333944670713919,0.1985774957827167,0.6075351379787514,0.0883948184848988,0.0445659862292989,0.1449996485864929,0.5248401613478583,0.0566017031552869,0.1482001805221581,0.5832818625330762,3.055050463303893,0.5773502691896257,6,1,2,0,0.0184576152074669,0.0209680605129793,0.012170886742435,15121.878143127904
ens_champion_segmented6,valid_2025_10,2025-10-30,10,50,65,7.151992466882916,14778.52966683682,1121.503218972035,False,7.271664758777931,53,66,0.11967229189501438,3,1,0,0,10,3,0,3.088919399158067,0.073201218194683,0.2753678220927793,2.327045749716451,0.5955793618229356,1.676414699711009,0.2333944670713919,0.1985774957827167,0.6075351379787514,0.0883948184848988,0.0445659862292989,0.1449996485864929,0.5248401613478583,0.0566017031552869,0.1482001805221581,0.5832818625330762,3.055050463303893,0.5773502691896257,6,1,2,0,0.0184576152074669,0.0209680605129793,0.012170886742435,14778.52966683682
ens_champion_segmented6,valid_2025_10,2025-10-31,1,55,69,6.04059819864154,9749.722378353104,609.0939932847814,False,6.04059819864154,55,69,0.0,0,0,1,1,10,4,0,3.081327004801422,0.080364165865828,0.2820300599318299,1.503086048395047,0.6411699837078589,2.059178497057468,0.4931152701865302,0.2189725177500297,0.9036421523555968,0.3422764044707808,0.0683054069705885,0.1508388657157493,0.5412969673414797,0.0567162545043195,0.1978375337564545,0.4383592100309824,1.5275252316519463,1.1547005383792517,3,2,2,0,0.012663948804672,0.0280643773278086,0.0231858946406055,9749.722378353104
ens_champion_segmented6,valid_2025_10,2025-10-31,2,54,69,6.027934249836868,9749.722378353104,609.0939932847814,False,6.04059819864154,55,69,0.012663948804672032,1,0,0,1,10,4,0,3.081327004801422,0.080364165865828,0.2820300599318299,1.503086048395047,0.6411699837078589,2.059178497057468,0.4931152701865302,0.2189725177500297,0.9036421523555968,0.3422764044707808,0.0683054069705885,0.1508388657157493,0.5412969673414797,0.0567162545043195,0.1978375337564545,0.4383592100309824,1.5275252316519463,1.1547005383792517,3,2,2,0,0.012663948804672,0.0280643773278086,0.0231858946406055,9749.722378353104
ens_champion_segmented6,valid_2025_10,2025-10-31,3,55,70,6.016981947591617,9813.349615099194,545.4667565386917,False,6.04059819864154,55,69,0.02361625104992271,0,1,1,0,10,4,0,3.081327004801422,0.080364165865828,0.2820300599318299,1.503086048395047,0.6411699837078589,2.059178497057468,0.4931152701865302,0.2189725177500297,0.9036421523555968,0.3422764044707808,0.0683054069705885,0.1508388657157493,0.5412969673414797,0.0567162545043195,0.1978375337564545,0.4383592100309824,1.5275252316519463,1.1547005383792517,3,2,2,0,0.012663948804672,0.0280643773278086,0.0231858946406055,9813.349615099194
ens_champion_segmented6,valid_2025_10,2025-10-31,4,54,70,6.004317998786945,9813.349615099194,545.4667565386917,False,6.04059819864154,55,69,0.03628019985459474,1,1,0,0,10,4,0,3.081327004801422,0.080364165865828,0.2820300599318299,1.503086048395047,0.6411699837078589,2.059178497057468,0.4931152701865302,0.2189725177500297,0.9036421523555968,0.3422764044707808,0.0683054069705885,0.1508388657157493,0.5412969673414797,0.0567162545043195,0.1978375337564545,0.4383592100309824,1.5275252316519463,1.1547005383792517,3,2,2,0,0.012663948804672,0.0280643773278086,0.0231858946406055,9813.349615099194
ens_champion_segmented6,valid_2025_10,2025-10-31,5,53,69,5.972836711711686,9755.871950784613,602.9444208532732,False,6.04059819864154,55,69,0.06776148692985373,2,0,0,1,10,4,0,3.081327004801422,0.080364165865828,0.2820300599318299,1.503086048395047,0.6411699837078589,2.059178497057468,0.4931152701865302,0.2189725177500297,0.9036421523555968,0.3422764044707808,0.0683054069705885,0.1508388657157493,0.5412969673414797,0.0567162545043195,0.1978375337564545,0.4383592100309824,1.5275252316519463,1.1547005383792517,3,2,2,0,0.012663948804672,0.0280643773278086,0.0231858946406055,9755.871950784613
ens_champion_segmented6,valid_2025_10,2025-10-31,6,56,69,5.952651243716929,9749.722378353104,609.0939932847814,False,6.04059819864154,55,69,0.08794695492461102,1,0,0,1,10,4,0,3.081327004801422,0.080364165865828,0.2820300599318299,1.503086048395047,0.6411699837078589,2.059178497057468,0.4931152701865302,0.2189725177500297,0.9036421523555968,0.3422764044707808,0.0683054069705885,0.1508388657157493,0.5412969673414797,0.0567162545043195,0.1978375337564545,0.4383592100309824,1.5275252316519463,1.1547005383792517,3,2,2,0,0.012663948804672,0.0280643773278086,0.0231858946406055,9749.722378353104
ens_champion_segmented6,valid_2025_10,2025-10-31,7,53,70,5.949220460661763,9819.499187530702,539.3171841071835,False,6.04059819864154,55,69,0.09137773797977644,2,1,0,0,10,4,0,3.081327004801422,0.080364165865828,0.2820300599318299,1.503086048395047,0.6411699837078589,2.059178497057468,0.4931152701865302,0.2189725177500297,0.9036421523555968,0.3422764044707808,0.0683054069705885,0.1508388657157493,0.5412969673414797,0.0567162545043195,0.1978375337564545,0.4383592100309824,1.5275252316519463,1.1547005383792517,3,2,2,0,0.012663948804672,0.0280643773278086,0.0231858946406055,9819.499187530702
ens_champion_segmented6,valid_2025_10,2025-10-31,8,56,70,5.929034992667006,9813.349615099194,545.4667565386917,False,6.04059819864154,55,69,0.11156320597453373,1,1,0,0,10,4,0,3.081327004801422,0.080364165865828,0.2820300599318299,1.503086048395047,0.6411699837078589,2.059178497057468,0.4931152701865302,0.2189725177500297,0.9036421523555968,0.3422764044707808,0.0683054069705885,0.1508388657157493,0.5412969673414797,0.0567162545043195,0.1978375337564545,0.4383592100309824,1.5275252316519463,1.1547005383792517,3,2,2,0,0.012663948804672,0.0280643773278086,0.0231858946406055,9813.349615099194
ens_champion_segmented6,valid_2025_10,2025-10-31,9,57,69,5.916862018860016,9749.722378353104,609.0939932847814,False,6.04059819864154,55,69,0.12373617978152396,2,0,0,1,10,4,0,3.081327004801422,0.080364165865828,0.2820300599318299,1.503086048395047,0.6411699837078589,2.059178497057468,0.4931152701865302,0.2189725177500297,0.9036421523555968,0.3422764044707808,0.0683054069705885,0.1508388657157493,0.5412969673414797,0.0567162545043195,0.1978375337564545,0.4383592100309824,1.5275252316519463,1.1547005383792517,3,2,2,0,0.012663948804672,0.0280643773278086,0.0231858946406055,9749.722378353104
ens_champion_segmented6,valid_2025_10,2025-10-31,10,57,70,5.893245767810093,9813.349615099194,545.4667565386917,False,6.04059819864154,55,69,0.14735243083144667,2,1,0,0,10,4,0,3.081327004801422,0.080364165865828,0.2820300599318299,1.503086048395047,0.6411699837078589,2.059178497057468,0.4931152701865302,0.2189725177500297,0.9036421523555968,0.3422764044707808,0.0683054069705885,0.1508388657157493,0.5412969673414797,0.0567162545043195,0.1978375337564545,0.4383592100309824,1.5275252316519463,1.1547005383792517,3,2,2,0,0.012663948804672,0.0280643773278086,0.0231858946406055,9813.349615099194
ens_champion_segmented6,valid_2025_11,2025-11-01,1,48,80,15.361397592642955,9410.808720463225,3458.369375202281,False,15.361397592642955,48,80,0.0,0,0,1,1,11,5,1,3.044090574095145,0.0963984121566959,0.3431753775304371,1.527957351061877,0.7583562695792857,2.344253550325841,0.4839599235209164,0.2430009223817394,0.8661754855994642,0.3294694600985342,0.1423605086387004,0.154490463422382,0.5529228353003672,0.0633435515935077,0.2034047625987822,0.361559101381787,0.0,0.0,0,0,0,0,0.0299982634267479,0.0395302281087044,0.0316203929201625,9410.808720463225
ens_champion_segmented6,valid_2025_11,2025-11-01,2,52,80,15.331399329216207,9589.489908055426,3279.688187610078,False,15.361397592642955,48,80,0.02999826342674794,4,0,0,1,11,5,1,3.044090574095145,0.0963984121566959,0.3431753775304371,1.527957351061877,0.7583562695792857,2.344253550325841,0.4839599235209164,0.2430009223817394,0.8661754855994642,0.3294694600985342,0.1423605086387004,0.154490463422382,0.5529228353003672,0.0633435515935077,0.2034047625987822,0.361559101381787,0.0,0.0,0,0,0,0,0.0299982634267479,0.0395302281087044,0.0316203929201625,9589.489908055426
ens_champion_segmented6,valid_2025_11,2025-11-01,3,50,80,15.3264819172687,9974.1388237184,2895.039271947104,False,15.361397592642955,48,80,0.03491567537425588,2,0,0,1,11,5,1,3.044090574095145,0.0963984121566959,0.3431753775304371,1.527957351061877,0.7583562695792857,2.344253550325841,0.4839599235209164,0.2430009223817394,0.8661754855994642,0.3294694600985342,0.1423605086387004,0.154490463422382,0.5529228353003672,0.0633435515935077,0.2034047625987822,0.361559101381787,0.0,0.0,0,0,0,0,0.0299982634267479,0.0395302281087044,0.0316203929201625,9974.1388237184
ens_champion_segmented6,valid_2025_11,2025-11-01,4,49,80,15.32571985649624,9432.42289278587,3436.7552028796345,False,15.361397592642955,48,80,0.03567773614671488,1,0,0,1,11,5,1,3.044090574095145,0.0963984121566959,0.3431753775304371,1.527957351061877,0.7583562695792857,2.344253550325841,0.4839599235209164,0.2430009223817394,0.8661754855994642,0.3294694600985342,0.1423605086387004,0.154490463422382,0.5529228353003672,0.0633435515935077,0.2034047625987822,0.361559101381787,0.0,0.0,0,0,0,0,0.0299982634267479,0.0395302281087044,0.0316203929201625,9432.42289278587
ens_champion_segmented6,valid_2025_11,2025-11-01,5,47,80,15.264338127047154,9721.729575546662,3147.4485201188418,False,15.361397592642955,48,80,0.0970594655958017,1,0,0,1,11,5,1,3.044090574095145,0.0963984121566959,0.3431753775304371,1.527957351061877,0.7583562695792857,2.344253550325841,0.4839599235209164,0.2430009223817394,0.8661754855994642,0.3294694600985342,0.1423605086387004,0.154490463422382,0.5529228353003672,0.0633435515935077,0.2034047625987822,0.361559101381787,0.0,0.0,0,0,0,0,0.0299982634267479,0.0395302281087044,0.0316203929201625,9721.729575546662
ens_champion_segmented6,valid_2025_11,2025-11-01,6,51,80,15.257980336923833,9675.867063300082,3193.311032365422,False,15.361397592642955,48,80,0.10341725571912264,3,0,0,1,11,5,1,3.044090574095145,0.0963984121566959,0.3431753775304371,1.527957351061877,0.7583562695792857,2.344253550325841,0.4839599235209164,0.2430009223817394,0.8661754855994642,0.3294694600985342,0.1423605086387004,0.154490463422382,0.5529228353003672,0.0633435515935077,0.2034047625987822,0.361559101381787,0.0,0.0,0,0,0,0,0.0299982634267479,0.0395302281087044,0.0316203929201625,9675.867063300082
ens_champion_segmented6,valid_2025_11,2025-11-01,7,53,80,15.237899578302116,9874.495389612186,2994.682706053318,False,15.361397592642955,48,80,0.12349801434083929,5,0,0,1,11,5,1,3.044090574095145,0.0963984121566959,0.3431753775304371,1.527957351061877,0.7583562695792857,2.344253550325841,0.4839599235209164,0.2430009223817394,0.8661754855994642,0.3294694600985342,0.1423605086387004,0.154490463422382,0.5529228353003672,0.0633435515935077,0.2034047625987822,0.361559101381787,0.0,0.0,0,0,0,0,0.0299982634267479,0.0395302281087044,0.0316203929201625,9874.495389612186
ens_champion_segmented6,valid_2025_11,2025-11-01,8,48,81,15.204722225878474,9442.622338836269,3426.555756829237,False,15.361397592642955,48,80,0.1566753667644818,0,1,1,0,11,5,1,3.044090574095145,0.0963984121566959,0.3431753775304371,1.527957351061877,0.7583562695792857,2.344253550325841,0.4839599235209164,0.2430009223817394,0.8661754855994642,0.3294694600985342,0.1423605086387004,0.154490463422382,0.5529228353003672,0.0633435515935077,0.2034047625987822,0.361559101381787,0.0,0.0,0,0,0,0,0.0299982634267479,0.0395302281087044,0.0316203929201625,9442.622338836269
ens_champion_segmented6,valid_2025_11,2025-11-01,9,52,81,15.174723962451726,9621.303526428474,3247.8745692370303,False,15.361397592642955,48,80,0.18667363019122973,4,1,0,0,11,5,1,3.044090574095145,0.0963984121566959,0.3431753775304371,1.527957351061877,0.7583562695792857,2.344253550325841,0.4839599235209164,0.2430009223817394,0.8661754855994642,0.3294694600985342,0.1423605086387004,0.154490463422382,0.5529228353003672,0.0633435515935077,0.2034047625987822,0.361559101381787,0.0,0.0,0,0,0,0,0.0299982634267479,0.0395302281087044,0.0316203929201625,9621.303526428474
ens_champion_segmented6,valid_2025_11,2025-11-01,10,50,81,15.16980655050422,10005.952442091446,2863.225653574058,False,15.361397592642955,48,80,0.1915910421387359,2,1,0,0,11,5,1,3.044090574095145,0.0963984121566959,0.3431753775304371,1.527957351061877,0.7583562695792857,2.344253550325841,0.4839599235209164,0.2430009223817394,0.8661754855994642,0.3294694600985342,0.1423605086387004,0.154490463422382,0.5529228353003672,0.0633435515935077,0.2034047625987822,0.361559101381787,0.0,0.0,0,0,0,0,0.0299982634267479,0.0395302281087044,0.0316203929201625,10005.952442091446
ens_champion_segmented6,valid_2025_11,2025-11-02,1,54,65,5.5584777497006,9107.010934533506,1410.221349792997,False,5.5584777497006,54,65,0.0,0,0,1,1,11,6,1,3.081919520274147,0.0963080386732926,0.3256361598088961,1.911240094366504,0.6786300840301897,2.059234600112956,0.3690999011998226,0.2290849555118325,0.7629495159466022,0.217332945279454,0.1198743139516044,0.1517669559203684,0.5585508261946135,0.0489175726747599,0.1444967411965971,1.0419290303272544,0.5773502691896258,0.0,0,0,1,0,0.0232087913859828,0.0376918577177232,0.0286579651759757,9107.010934533506
ens_champion_segmented6,valid_2025_11,2025-11-02,2,54,67,5.535268958314617,10092.790894802509,424.4413895239959,False,5.5584777497006,54,65,0.023208791385982863,0,2,1,0,11,6,1,3.081919520274147,0.0963080386732926,0.3256361598088961,1.911240094366504,0.6786300840301897,2.059234600112956,0.3690999011998226,0.2290849555118325,0.7629495159466022,0.217332945279454,0.1198743139516044,0.1517669559203684,0.5585508261946135,0.0489175726747599,0.1444967411965971,1.0419290303272544,0.5773502691896258,0.0,0,0,1,0,0.0232087913859828,0.0376918577177232,0.0286579651759757,10092.790894802509
ens_champion_segmented6,valid_2025_11,2025-11-02,3,54,66,5.5328247102085015,10366.388012810692,150.84427151581076,False,5.5584777497006,54,65,0.025653039492098628,0,1,1,0,11,6,1,3.081919520274147,0.0963080386732926,0.3256361598088961,1.911240094366504,0.6786300840301897,2.059234600112956,0.3690999011998226,0.2290849555118325,0.7629495159466022,0.217332945279454,0.1198743139516044,0.1517669559203684,0.5585508261946135,0.0489175726747599,0.1444967411965971,1.0419290303272544,0.5773502691896258,0.0,0,0,1,0,0.0232087913859828,0.0376918577177232,0.0286579651759757,10366.388012810692
ens_champion_segmented6,valid_2025_11,2025-11-02,4,53,65,5.500283416538323,9257.855206049297,1259.3770782772062,False,5.5584777497006,54,65,0.058194333162276735,1,0,0,1,11,6,1,3.081919520274147,0.0963080386732926,0.3256361598088961,1.911240094366504,0.6786300840301897,2.059234600112956,0.3690999011998226,0.2290849555118325,0.7629495159466022,0.217332945279454,0.1198743139516044,0.1517669559203684,0.5585508261946135,0.0489175726747599,0.1444967411965971,1.0419290303272544,0.5773502691896258,0.0,0,0,1,0,0.0232087913859828,0.0376918577177232,0.0286579651759757,9257.855206049297
ens_champion_segmented6,valid_2025_11,2025-11-02,5,53,67,5.477074625152341,10243.6351663183,273.5971180082033,False,5.5584777497006,54,65,0.0814031245482596,1,2,0,0,11,6,1,3.081919520274147,0.0963080386732926,0.3256361598088961,1.911240094366504,0.6786300840301897,2.059234600112956,0.3690999011998226,0.2290849555118325,0.7629495159466022,0.217332945279454,0.1198743139516044,0.1517669559203684,0.5585508261946135,0.0489175726747599,0.1444967411965971,1.0419290303272544,0.5773502691896258,0.0,0,0,1,0,0.0232087913859828,0.0376918577177232,0.0286579651759757,10243.6351663183
ens_champion_segmented6,valid_2025_11,2025-11-02,6,53,66,5.474630377046225,10517.232284326485,2.0008883439004418e-11,True,5.5584777497006,54,65,0.08384737265437536,1,1,0,0,11,6,1,3.081919520274147,0.0963080386732926,0.3256361598088961,1.911240094366504,0.6786300840301897,2.059234600112956,0.3690999011998226,0.2290849555118325,0.7629495159466022,0.217332945279454,0.1198743139516044,0.1517669559203684,0.5585508261946135,0.0489175726747599,0.1444967411965971,1.0419290303272544,0.5773502691896258,0.0,0,0,1,0,0.0232087913859828,0.0376918577177232,0.0286579651759757,10517.232284326485
ens_champion_segmented6,valid_2025_11,2025-11-02,7,55,65,5.432047681551623,8793.12186885586,1724.1104154706427,False,5.5584777497006,54,65,0.12643006814897717,1,0,0,1,11,6,1,3.081919520274147,0.0963080386732926,0.3256361598088961,1.911240094366504,0.6786300840301897,2.059234600112956,0.3690999011998226,0.2290849555118325,0.7629495159466022,0.217332945279454,0.1198743139516044,0.1517669559203684,0.5585508261946135,0.0489175726747599,0.1444967411965971,1.0419290303272544,0.5773502691896258,0.0,0,0,1,0,0.0232087913859828,0.0376918577177232,0.0286579651759757,8793.12186885586
ens_champion_segmented6,valid_2025_11,2025-11-02,8,54,68,5.422859671157681,8381.2182263327,2136.014057993804,False,5.5584777497006,54,65,0.13561807854291885,0,3,1,0,11,6,1,3.081919520274147,0.0963080386732926,0.3256361598088961,1.911240094366504,0.6786300840301897,2.059234600112956,0.3690999011998226,0.2290849555118325,0.7629495159466022,0.217332945279454,0.1198743139516044,0.1517669559203684,0.5585508261946135,0.0489175726747599,0.1444967411965971,1.0419290303272544,0.5773502691896258,0.0,0,0,1,0,0.0232087913859828,0.0376918577177232,0.0286579651759757,8381.2182263327
ens_champion_segmented6,valid_2025_11,2025-11-02,9,55,67,5.40883889016564,9778.90182912486,738.3304552016416,False,5.5584777497006,54,65,0.14963885953496003,1,2,0,0,11,6,1,3.081919520274147,0.0963080386732926,0.3256361598088961,1.911240094366504,0.6786300840301897,2.059234600112956,0.3690999011998226,0.2290849555118325,0.7629495159466022,0.217332945279454,0.1198743139516044,0.1517669559203684,0.5585508261946135,0.0489175726747599,0.1444967411965971,1.0419290303272544,0.5773502691896258,0.0,0,0,1,0,0.0232087913859828,0.0376918577177232,0.0286579651759757,9778.90182912486
ens_champion_segmented6,valid_2025_11,2025-11-02,10,55,66,5.406394642059524,10052.498947133046,464.73333719345646,False,5.5584777497006,54,65,0.1520831076410758,1,1,0,0,11,6,1,3.081919520274147,0.0963080386732926,0.3256361598088961,1.911240094366504,0.6786300840301897,2.059234600112956,0.3690999011998226,0.2290849555118325,0.7629495159466022,0.217332945279454,0.1198743139516044,0.1517669559203684,0.5585508261946135,0.0489175726747599,0.1444967411965971,1.0419290303272544,0.5773502691896258,0.0,0,0,1,0,0.0232087913859828,0.0376918577177232,0.0286579651759757,10052.498947133046
ens_champion_segmented6,valid_2025_11,2025-11-03,1,48,85,14.329110413132524,9671.339985405595,3690.379731273184,False,14.329110413132524,48,85,0.0,0,0,1,1,11,0,0,3.08612447350322,0.0751398090505703,0.2807957927111206,1.296512976363932,0.8879363058562012,2.806382132540227,0.5710669837310075,0.2848199704628639,1.0319734632642386,0.4240539841849172,0.1541315385084475,0.1470129995460903,0.5340609831071471,0.0626892232967174,0.1771532375555566,0.2067486623351631,0.0,0.0,0,0,0,0,0.0199274251762453,0.0381972972839648,0.0245750360690079,9671.339985405595
ens_champion_segmented6,valid_2025_11,2025-11-03,2,49,85,14.309182987956278,9671.339985405595,3690.379731273184,False,14.329110413132524,48,85,0.01992742517624535,1,0,0,1,11,0,0,3.08612447350322,0.0751398090505703,0.2807957927111206,1.296512976363932,0.8879363058562012,2.806382132540227,0.5710669837310075,0.2848199704628639,1.0319734632642386,0.4240539841849172,0.1541315385084475,0.1470129995460903,0.5340609831071471,0.0626892232967174,0.1771532375555566,0.2067486623351631,0.0,0.0,0,0,0,0,0.0199274251762453,0.0381972972839648,0.0245750360690079,9671.339985405595
ens_champion_segmented6,valid_2025_11,2025-11-03,3,47,85,14.280233614862622,9671.339985405595,3690.379731273184,False,14.329110413132524,48,85,0.048876798269901656,1,0,0,1,11,0,0,3.08612447350322,0.0751398090505703,0.2807957927111206,1.296512976363932,0.8879363058562012,2.806382132540227,0.5710669837310075,0.2848199704628639,1.0319734632642386,0.4240539841849172,0.1541315385084475,0.1470129995460903,0.5340609831071471,0.0626892232967174,0.1771532375555566,0.2067486623351631,0.0,0.0,0,0,0,0,0.0199274251762453,0.0381972972839648,0.0245750360690079,9671.339985405595
ens_champion_segmented6,valid_2025_11,2025-11-03,4,50,85,14.273699651880438,9671.339985405595,3690.379731273184,False,14.329110413132524,48,85,0.05541076125208555,2,0,0,1,11,0,0,3.08612447350322,0.0751398090505703,0.2807957927111206,1.296512976363932,0.8879363058562012,2.806382132540227,0.5710669837310075,0.2848199704628639,1.0319734632642386,0.4240539841849172,0.1541315385084475,0.1470129995460903,0.5340609831071471,0.0626892232967174,0.1771532375555566,0.2067486623351631,0.0,0.0,0,0,0,0,0.0199274251762453,0.0381972972839648,0.0245750360690079,9671.339985405595
ens_champion_segmented6,valid_2025_11,2025-11-03,5,51,85,14.26233891141094,9671.339985405595,3690.379731273184,False,14.329110413132524,48,85,0.06677150172158441,3,0,0,1,11,0,0,3.08612447350322,0.0751398090505703,0.2807957927111206,1.296512976363932,0.8879363058562012,2.806382132540227,0.5710669837310075,0.2848199704628639,1.0319734632642386,0.4240539841849172,0.1541315385084475,0.1470129995460903,0.5340609831071471,0.0626892232967174,0.1771532375555566,0.2067486623351631,0.0,0.0,0,0,0,0,0.0199274251762453,0.0381972972839648,0.0245750360690079,9671.339985405595
ens_champion_segmented6,valid_2025_11,2025-11-03,6,54,85,14.22708115050468,9671.339985405595,3690.379731273184,False,14.329110413132524,48,85,0.10202926262784295,6,0,0,1,11,0,0,3.08612447350322,0.0751398090505703,0.2807957927111206,1.296512976363932,0.8879363058562012,2.806382132540227,0.5710669837310075,0.2848199704628639,1.0319734632642386,0.4240539841849172,0.1541315385084475,0.1470129995460903,0.5340609831071471,0.0626892232967174,0.1771532375555566,0.2067486623351631,0.0,0.0,0,0,0,0,0.0199274251762453,0.0381972972839648,0.0245750360690079,9671.339985405595
ens_champion_segmented6,valid_2025_11,2025-11-03,7,48,84,14.223821020145726,8239.727158618585,5121.992558060196,False,14.329110413132524,48,85,0.10528939298679774,0,1,1,0,11,0,0,3.08612447350322,0.0751398090505703,0.2807957927111206,1.296512976363932,0.8879363058562012,2.806382132540227,0.5710669837310075,0.2848199704628639,1.0319734632642386,0.4240539841849172,0.1541315385084475,0.1470129995460903,0.5340609831071471,0.0626892232967174,0.1771532375555566,0.2067486623351631,0.0,0.0,0,0,0,0,0.0199274251762453,0.0381972972839648,0.0245750360690079,8239.727158618585
ens_champion_segmented6,valid_2025_11,2025-11-03,8,48,86,14.218848100395446,11102.95281219261,2258.7669044861705,False,14.329110413132524,48,85,0.11026231273707765,0,1,1,0,11,0,0,3.08612447350322,0.0751398090505703,0.2807957927111206,1.296512976363932,0.8879363058562012,2.806382132540227,0.5710669837310075,0.2848199704628639,1.0319734632642386,0.4240539841849172,0.1541315385084475,0.1470129995460903,0.5340609831071471,0.0626892232967174,0.1771532375555566,0.2067486623351631,0.0,0.0,0,0,0,0,0.0199274251762453,0.0381972972839648,0.0245750360690079,11102.95281219261
ens_champion_segmented6,valid_2025_11,2025-11-03,9,49,84,14.20389359496948,8239.727158618585,5121.992558060196,False,14.329110413132524,48,85,0.1252168181630431,1,1,0,0,11,0,0,3.08612447350322,0.0751398090505703,0.2807957927111206,1.296512976363932,0.8879363058562012,2.806382132540227,0.5710669837310075,0.2848199704628639,1.0319734632642386,0.4240539841849172,0.1541315385084475,0.1470129995460903,0.5340609831071471,0.0626892232967174,0.1771532375555566,0.2067486623351631,0.0,0.0,0,0,0,0,0.0199274251762453,0.0381972972839648,0.0245750360690079,8239.727158618585
ens_champion_segmented6,valid_2025_11,2025-11-03,10,49,86,14.1989206752192,11102.95281219261,2258.7669044861705,False,14.329110413132524,48,85,0.130189737913323,1,1,0,0,11,0,0,3.08612447350322,0.0751398090505703,0.2807957927111206,1.296512976363932,0.8879363058562012,2.806382132540227,0.5710669837310075,0.2848199704628639,1.0319734632642386,0.4240539841849172,0.1541315385084475,0.1470129995460903,0.5340609831071471,0.0626892232967174,0.1771532375555566,0.2067486623351631,0.0,0.0,0,0,0,0,0.0199274251762453,0.0381972972839648,0.0245750360690079,11102.95281219261
ens_champion_segmented6,valid_2025_11,2025-11-04,1,49,67,8.687393935293613,6878.291992600669,445.3906572226706,False,8.687393935293613,49,67,0.0,0,0,1,1,11,1,0,3.0832578119102365,0.0772078613708977,0.2820510985776372,1.8505932027413152,0.669409610819448,2.00674177624679,0.3832562341670782,0.2239634231676132,0.8047910975658283,0.2428920279835988,0.0699767418864611,0.1403642061834794,0.524619441419975,0.0628224058821666,0.1869011999322759,0.3628611046071653,0.5773502691896258,0.5773502691896257,1,0,1,1,0.0224784602991547,0.0279438372464255,0.0169462373641601,6878.291992600669
ens_champion_segmented6,valid_2025_11,2025-11-04,2,50,67,8.664915474994459,7100.987321211983,222.69532861135667,False,8.687393935293613,49,67,0.02247846029915479,1,0,0,1,11,1,0,3.0832578119102365,0.0772078613708977,0.2820510985776372,1.8505932027413152,0.669409610819448,2.00674177624679,0.3832562341670782,0.2239634231676132,0.8047910975658283,0.2428920279835988,0.0699767418864611,0.1403642061834794,0.524619441419975,0.0628224058821666,0.1869011999322759,0.3628611046071653,0.5773502691896258,0.5773502691896257,1,0,1,1,0.0224784602991547,0.0279438372464255,0.0169462373641601,7100.987321211983
ens_champion_segmented6,valid_2025_11,2025-11-04,3,49,69,8.659279885294197,6814.664755854581,509.0178939687585,False,8.687393935293613,49,67,0.02811404999941658,0,2,1,0,11,1,0,3.0832578119102365,0.0772078613708977,0.2820510985776372,1.8505932027413152,0.669409610819448,2.00674177624679,0.3832562341670782,0.2239634231676132,0.8047910975658283,0.2428920279835988,0.0699767418864611,0.1403642061834794,0.524619441419975,0.0628224058821666,0.1869011999322759,0.3628611046071653,0.5773502691896258,0.5773502691896257,1,0,1,1,0.0224784602991547,0.0279438372464255,0.0169462373641601,6814.664755854581
ens_champion_segmented6,valid_2025_11,2025-11-04,4,49,68,8.648859769658628,6941.91922934676,381.7634204765791,False,8.687393935293613,49,67,0.03853416563498513,0,1,1,0,11,1,0,3.0832578119102365,0.0772078613708977,0.2820510985776372,1.8505932027413152,0.669409610819448,2.00674177624679,0.3832562341670782,0.2239634231676132,0.8047910975658283,0.2428920279835988,0.0699767418864611,0.1403642061834794,0.524619441419975,0.0628224058821666,0.1869011999322759,0.3628611046071653,0.5773502691896258,0.5773502691896257,1,0,1,1,0.0224784602991547,0.0279438372464255,0.0169462373641601,6941.91922934676
ens_champion_segmented6,valid_2025_11,2025-11-04,5,50,69,8.636801424995042,7037.360084465895,286.32256535744455,False,8.687393935293613,49,67,0.05059251029857137,1,2,0,0,11,1,0,3.0832578119102365,0.0772078613708977,0.2820510985776372,1.8505932027413152,0.669409610819448,2.00674177624679,0.3832562341670782,0.2239634231676132,0.8047910975658283,0.2428920279835988,0.0699767418864611,0.1403642061834794,0.524619441419975,0.0628224058821666,0.1869011999322759,0.3628611046071653,0.5773502691896258,0.5773502691896257,1,0,1,1,0.0224784602991547,0.0279438372464255,0.0169462373641601,7037.360084465895
ens_champion_segmented6,valid_2025_11,2025-11-04,6,50,68,8.626381309359473,7164.614557958074,159.06809186526516,False,8.687393935293613,49,67,0.06101262593413992,1,1,0,0,11,1,0,3.0832578119102365,0.0772078613708977,0.2820510985776372,1.8505932027413152,0.669409610819448,2.00674177624679,0.3832562341670782,0.2239634231676132,0.8047910975658283,0.2428920279835988,0.0699767418864611,0.1403642061834794,0.524619441419975,0.0628224058821666,0.1869011999322759,0.3628611046071653,0.5773502691896258,0.5773502691896257,1,0,1,1,0.0224784602991547,0.0279438372464255,0.0169462373641601,7164.614557958074
ens_champion_segmented6,valid_2025_11,2025-11-04,7,49,66,8.587704747139739,6751.037519108491,572.6451307148482,False,8.687393935293613,49,67,0.0996891881538744,0,1,1,0,11,1,0,3.0832578119102365,0.0772078613708977,0.2820510985776372,1.8505932027413152,0.669409610819448,2.00674177624679,0.3832562341670782,0.2239634231676132,0.8047910975658283,0.2428920279835988,0.0699767418864611,0.1403642061834794,0.524619441419975,0.0628224058821666,0.1869011999322759,0.3628611046071653,0.5773502691896258,0.5773502691896257,1,0,1,1,0.0224784602991547,0.0279438372464255,0.0169462373641601,6751.037519108491
ens_champion_segmented6,valid_2025_11,2025-11-04,8,50,66,8.565226286840584,6973.732847719805,349.94980210353424,False,8.687393935293613,49,67,0.12216764845302919,1,1,0,0,11,1,0,3.0832578119102365,0.0772078613708977,0.2820510985776372,1.8505932027413152,0.669409610819448,2.00674177624679,0.3832562341670782,0.2239634231676132,0.8047910975658283,0.2428920279835988,0.0699767418864611,0.1403642061834794,0.524619441419975,0.0628224058821666,0.1869011999322759,0.3628611046071653,0.5773502691896258,0.5773502691896257,1,0,1,1,0.0224784602991547,0.0279438372464255,0.0169462373641601,6973.732847719805
ens_champion_segmented6,valid_2025_11,2025-11-04,9,51,67,8.551726136078798,7260.055413077206,63.62723674613335,False,8.687393935293613,49,67,0.13566779921481498,2,0,0,1,11,1,0,3.0832578119102365,0.0772078613708977,0.2820510985776372,1.8505932027413152,0.669409610819448,2.00674177624679,0.3832562341670782,0.2239634231676132,0.8047910975658283,0.2428920279835988,0.0699767418864611,0.1403642061834794,0.524619441419975,0.0628224058821666,0.1869011999322759,0.3628611046071653,0.5773502691896258,0.5773502691896257,1,0,1,1,0.0224784602991547,0.0279438372464255,0.0169462373641601,7260.055413077206
ens_champion_segmented6,valid_2025_11,2025-11-04,10,51,69,8.523612086079382,7196.428176331118,127.25447349222122,False,8.687393935293613,49,67,0.16378184921423156,2,2,0,0,11,1,0,3.0832578119102365,0.0772078613708977,0.2820510985776372,1.8505932027413152,0.669409610819448,2.00674177624679,0.3832562341670782,0.2239634231676132,0.8047910975658283,0.2428920279835988,0.0699767418864611,0.1403642061834794,0.524619441419975,0.0628224058821666,0.1869011999322759,0.3628611046071653,0.5773502691896258,0.5773502691896257,1,0,1,1,0.0224784602991547,0.0279438372464255,0.0169462373641601,7196.428176331118
ens_champion_segmented6,valid_2025_11,2025-11-05,1,0,21,3.240572832787862,5631.010452028917,31.813618373025747,False,3.240572832787862,0,21,0.0,0,0,1,1,11,2,0,3.071188276844385,0.0771323628871172,0.2737127819559206,2.045997237577653,0.3407563322629864,1.1908413518969094,0.3207392876692002,0.1087923311641763,0.5570437741281162,0.2171447922129355,0.0615185031736686,0.1035944954562646,0.4128246899962227,0.0630269341288876,0.1743999298005247,0.2010737212832106,27.712812921102035,24.826061575153908,48,43,48,43,0.027617924796921,0.0727499377210314,0.0506981715076328,5631.010452028917
ens_champion_segmented6,valid_2025_11,2025-11-05,2,0,20,3.212954907990941,5599.196833655872,63.627236746070594,False,3.240572832787862,0,21,0.027617924796921045,0,1,1,0,11,2,0,3.071188276844385,0.0771323628871172,0.2737127819559206,2.045997237577653,0.3407563322629864,1.1908413518969094,0.3207392876692002,0.1087923311641763,0.5570437741281162,0.2171447922129355,0.0615185031736686,0.1035944954562646,0.4128246899962227,0.0630269341288876,0.1743999298005247,0.2010737212832106,27.712812921102035,24.826061575153908,48,43,48,43,0.027617924796921,0.0727499377210314,0.0506981715076328,5599.196833655872
ens_champion_segmented6,valid_2025_11,2025-11-05,3,0,19,3.1528136968089733,4263.024861987994,1399.7992084139487,False,3.240572832787862,0,21,0.08775913597888874,0,2,1,0,11,2,0,3.071188276844385,0.0771323628871172,0.2737127819559206,2.045997237577653,0.3407563322629864,1.1908413518969094,0.3207392876692002,0.1087923311641763,0.5570437741281162,0.2171447922129355,0.0615185031736686,0.1035944954562646,0.4128246899962227,0.0630269341288876,0.1743999298005247,0.2010737212832106,27.712812921102035,24.826061575153908,48,43,48,43,0.027617924796921,0.0727499377210314,0.0506981715076328,4263.024861987994
ens_champion_segmented6,valid_2025_11,2025-11-05,4,1,21,3.118028669578713,5503.7559785367375,159.06809186520513,False,3.240572832787862,0,21,0.12254416320914885,1,0,0,1,11,2,0,3.071188276844385,0.0771323628871172,0.2737127819559206,2.045997237577653,0.3407563322629864,1.1908413518969094,0.3207392876692002,0.1087923311641763,0.5570437741281162,0.2171447922129355,0.0615185031736686,0.1035944954562646,0.4128246899962227,0.0630269341288876,0.1743999298005247,0.2010737212832106,27.712812921102035,24.826061575153908,48,43,48,43,0.027617924796921,0.0727499377210314,0.0506981715076328,5503.7559785367375
ens_champion_segmented6,valid_2025_11,2025-11-05,5,0,22,3.1147443681676634,5662.824070401962,-1.9099388737231493e-11,True,3.240572832787862,0,21,0.1258284646201986,0,1,1,0,11,2,0,3.071188276844385,0.0771323628871172,0.2737127819559206,2.045997237577653,0.3407563322629864,1.1908413518969094,0.3207392876692002,0.1087923311641763,0.5570437741281162,0.2171447922129355,0.0615185031736686,0.1035944954562646,0.4128246899962227,0.0630269341288876,0.1743999298005247,0.2010737212832106,27.712812921102035,24.826061575153908,48,43,48,43,0.027617924796921,0.0727499377210314,0.0506981715076328,5662.824070401962
ens_champion_segmented6,valid_2025_11,2025-11-05,6,1,20,3.090410744781792,5471.942360163693,190.88171023825,False,3.240572832787862,0,21,0.1501620880060699,1,1,0,0,11,2,0,3.071188276844385,0.0771323628871172,0.2737127819559206,2.045997237577653,0.3407563322629864,1.1908413518969094,0.3207392876692002,0.1087923311641763,0.5570437741281162,0.2171447922129355,0.0615185031736686,0.1035944954562646,0.4128246899962227,0.0630269341288876,0.1743999298005247,0.2010737212832106,27.712812921102035,24.826061575153908,48,43,48,43,0.027617924796921,0.0727499377210314,0.0506981715076328,5471.942360163693
ens_champion_segmented6,valid_2025_11,2025-11-05,7,0,18,3.0891362600525945,2990.4801270662047,2672.343943335738,False,3.240572832787862,0,21,0.15143657273526756,0,3,1,0,11,2,0,3.071188276844385,0.0771323628871172,0.2737127819559206,2.045997237577653,0.3407563322629864,1.1908413518969094,0.3207392876692002,0.1087923311641763,0.5570437741281162,0.2171447922129355,0.0615185031736686,0.1035944954562646,0.4128246899962227,0.0630269341288876,0.1743999298005247,0.2010737212832106,27.712812921102035,24.826061575153908,48,43,48,43,0.027617924796921,0.0727499377210314,0.0506981715076328,2990.4801270662047
ens_champion_segmented6,valid_2025_11,2025-11-05,8,2,21,3.054665263244239,5408.315123417603,254.50894698433967,False,3.240572832787862,0,21,0.1859075695436232,2,0,0,1,11,2,0,3.071188276844385,0.0771323628871172,0.2737127819559206,2.045997237577653,0.3407563322629864,1.1908413518969094,0.3207392876692002,0.1087923311641763,0.5570437741281162,0.2171447922129355,0.0615185031736686,0.1035944954562646,0.4128246899962227,0.0630269341288876,0.1743999298005247,0.2010737212832106,27.712812921102035,24.826061575153908,48,43,48,43,0.027617924796921,0.0727499377210314,0.0506981715076328,5408.315123417603
ens_champion_segmented6,valid_2025_11,2025-11-05,9,1,19,3.0302695335998244,4135.770388495814,1527.053681906129,False,3.240572832787862,0,21,0.21030329918803758,1,2,0,0,11,2,0,3.071188276844385,0.0771323628871172,0.2737127819559206,2.045997237577653,0.3407563322629864,1.1908413518969094,0.3207392876692002,0.1087923311641763,0.5570437741281162,0.2171447922129355,0.0615185031736686,0.1035944954562646,0.4128246899962227,0.0630269341288876,0.1743999298005247,0.2010737212832106,27.712812921102035,24.826061575153908,48,43,48,43,0.027617924796921,0.0727499377210314,0.0506981715076328,4135.770388495814
ens_champion_segmented6,valid_2025_11,2025-11-05,10,2,20,3.0270473384473178,5376.501505044558,286.3225653573845,False,3.240572832787862,0,21,0.21352549434054424,2,1,0,0,11,2,0,3.071188276844385,0.0771323628871172,0.2737127819559206,2.045997237577653,0.3407563322629864,1.1908413518969094,0.3207392876692002,0.1087923311641763,0.5570437741281162,0.2171447922129355,0.0615185031736686,0.1035944954562646,0.4128246899962227,0.0630269341288876,0.1743999298005247,0.2010737212832106,27.712812921102035,24.826061575153908,48,43,48,43,0.027617924796921,0.0727499377210314,0.0506981715076328,5376.501505044558
ens_champion_segmented6,valid_2025_11,2025-11-06,1,50,64,2.029301238009808,890.7813144452508,31.81361837304837,False,2.029301238009808,50,64,0.0,0,0,1,1,11,3,0,3.051606995564151,0.0880824596224089,0.2993238267856162,1.708916777652912,0.2470084543390132,0.809576207420138,0.4235050229904688,0.0884327765187399,0.5699862211342231,0.3856822912302506,0.0585707941259605,0.0378227317602181,0.1485224559929203,0.0701094470966102,0.1973966387676801,0.3607353785241377,3.0,0.0,6,0,3,0,0.009710095138125,0.0104136475847282,0.0062177072215393,890.7813144452508
ens_champion_segmented6,valid_2025_11,2025-11-06,2,51,64,2.0195911428716826,922.5949328182955,3.524291969370097e-12,True,2.029301238009808,50,64,0.009710095138125485,1,0,0,1,11,3,0,3.051606995564151,0.0880824596224089,0.2993238267856162,1.708916777652912,0.2470084543390132,0.809576207420138,0.4235050229904688,0.0884327765187399,0.5699862211342231,0.3856822912302506,0.0585707941259605,0.0378227317602181,0.1485224559929203,0.0701094470966102,0.1973966387676801,0.3607353785241377,3.0,0.0,6,0,3,0,0.009710095138125,0.0104136475847282,0.0062177072215393,922.5949328182955
ens_champion_segmented6,valid_2025_11,2025-11-06,3,48,64,2.018199786843681,795.340459326118,127.2544734921812,False,2.029301238009808,50,64,0.011101451166127152,2,0,0,1,11,3,0,3.051606995564151,0.0880824596224089,0.2993238267856162,1.708916777652912,0.2470084543390132,0.809576207420138,0.4235050229904688,0.0884327765187399,0.5699862211342231,0.3856822912302506,0.0585707941259605,0.0378227317602181,0.1485224559929203,0.0701094470966102,0.1973966387676801,0.3607353785241377,3.0,0.0,6,0,3,0,0.009710095138125,0.0104136475847282,0.0062177072215393,795.340459326118
ens_champion_segmented6,valid_2025_11,2025-11-06,4,47,64,2.017513539572519,763.5268409530731,159.06809186522605,False,2.029301238009808,50,64,0.011787698437288885,3,0,0,1,11,3,0,3.051606995564151,0.0880824596224089,0.2993238267856162,1.708916777652912,0.2470084543390132,0.809576207420138,0.4235050229904688,0.0884327765187399,0.5699862211342231,0.3856822912302506,0.0585707941259605,0.0378227317602181,0.1485224559929203,0.0701094470966102,0.1973966387676801,0.3607353785241377,3.0,0.0,6,0,3,0,0.009710095138125,0.0104136475847282,0.0062177072215393,763.5268409530731
ens_champion_segmented6,valid_2025_11,2025-11-06,5,49,64,2.009832244827706,858.9676960722068,63.62723674609242,False,2.029301238009808,50,64,0.019468993182102157,1,0,0,1,11,3,0,3.051606995564151,0.0880824596224089,0.2993238267856162,1.708916777652912,0.2470084543390132,0.809576207420138,0.4235050229904688,0.0884327765187399,0.5699862211342231,0.3856822912302506,0.0585707941259605,0.0378227317602181,0.1485224559929203,0.0701094470966102,0.1973966387676801,0.3607353785241377,3.0,0.0,6,0,3,0,0.009710095138125,0.0104136475847282,0.0062177072215393,858.9676960722068
ens_champion_segmented6,valid_2025_11,2025-11-06,6,50,65,1.995987412407601,827.154077699161,95.44085511913818,False,2.029301238009808,50,64,0.03331382560220719,0,1,1,0,11,3,0,3.051606995564151,0.0880824596224089,0.2993238267856162,1.708916777652912,0.2470084543390132,0.809576207420138,0.4235050229904688,0.0884327765187399,0.5699862211342231,0.3856822912302506,0.0585707941259605,0.0378227317602181,0.1485224559929203,0.0701094470966102,0.1973966387676801,0.3607353785241377,3.0,0.0,6,0,3,0,0.009710095138125,0.0104136475847282,0.0062177072215393,827.154077699161
ens_champion_segmented6,valid_2025_11,2025-11-06,7,51,65,1.986277317269476,858.9676960722059,63.62723674609333,False,2.029301238009808,50,64,0.04302392074033201,1,1,0,0,11,3,0,3.051606995564151,0.0880824596224089,0.2993238267856162,1.708916777652912,0.2470084543390132,0.809576207420138,0.4235050229904688,0.0884327765187399,0.5699862211342231,0.3856822912302506,0.0585707941259605,0.0378227317602181,0.1485224559929203,0.0701094470966102,0.1973966387676801,0.3607353785241377,3.0,0.0,6,0,3,0,0.009710095138125,0.0104136475847282,0.0062177072215393,858.9676960722059
ens_champion_segmented6,valid_2025_11,2025-11-06,8,48,65,1.9848859612414744,731.7132225800283,190.8817102382709,False,2.029301238009808,50,64,0.04441527676833368,2,1,0,0,11,3,0,3.051606995564151,0.0880824596224089,0.2993238267856162,1.708916777652912,0.2470084543390132,0.809576207420138,0.4235050229904688,0.0884327765187399,0.5699862211342231,0.3856822912302506,0.0585707941259605,0.0378227317602181,0.1485224559929203,0.0701094470966102,0.1973966387676801,0.3607353785241377,3.0,0.0,6,0,3,0,0.009710095138125,0.0104136475847282,0.0062177072215393,731.7132225800283
ens_champion_segmented6,valid_2025_11,2025-11-06,9,47,65,1.9841997139703125,699.8996042069834,222.69532861131572,False,2.029301238009808,50,64,0.04510152403949563,3,1,0,0,11,3,0,3.051606995564151,0.0880824596224089,0.2993238267856162,1.708916777652912,0.2470084543390132,0.809576207420138,0.4235050229904688,0.0884327765187399,0.5699862211342231,0.3856822912302506,0.0585707941259605,0.0378227317602181,0.1485224559929203,0.0701094470966102,0.1973966387676801,0.3607353785241377,3.0,0.0,6,0,3,0,0.009710095138125,0.0104136475847282,0.0062177072215393,699.8996042069834
ens_champion_segmented6,valid_2025_11,2025-11-06,10,46,64,1.9833977151522504,699.8996042069834,222.69532861131572,False,2.029301238009808,50,64,0.04590352285755772,4,0,0,1,11,3,0,3.051606995564151,0.0880824596224089,0.2993238267856162,1.708916777652912,0.2470084543390132,0.809576207420138,0.4235050229904688,0.0884327765187399,0.5699862211342231,0.3856822912302506,0.0585707941259605,0.0378227317602181,0.1485224559929203,0.0701094470966102,0.1973966387676801,0.3607353785241377,3.0,0.0,6,0,3,0,0.009710095138125,0.0104136475847282,0.0062177072215393,699.8996042069834
ens_champion_segmented6,valid_2025_11,2025-11-07,1,47,80,4.562120157874862,2495.1770839781093,4298.617938223758,False,4.562120157874862,47,80,0.0,0,0,1,1,11,4,0,3.0743961589740585,0.0780380342791967,0.2892533283257474,0.957880163887095,0.4626821919771691,1.4118326900355551,0.6738945525534143,0.1541048678612941,0.9711064993868505,0.596097560218329,0.0539045367767809,0.077796992335085,0.2935430619752853,0.0696876070431074,0.2232711893993805,0.6030822272391031,2.0816659994661326,1.7320508075688772,3,0,1,3,0.0051739377270685,0.006754611941047,0.0042725182825787,2495.1770839781093
ens_champion_segmented6,valid_2025_11,2025-11-07,2,48,80,4.556946220147793,2916.087161862677,3877.7078603391897,False,4.562120157874862,47,80,0.005173937727068534,1,0,0,1,11,4,0,3.0743961589740585,0.0780380342791967,0.2892533283257474,0.957880163887095,0.4626821919771691,1.4118326900355551,0.6738945525534143,0.1541048678612941,0.9711064993868505,0.596097560218329,0.0539045367767809,0.077796992335085,0.2935430619752853,0.0696876070431074,0.2232711893993805,0.6030822272391031,2.0816659994661326,1.7320508075688772,3,0,1,3,0.0051739377270685,0.006754611941047,0.0042725182825787,2916.087161862677
ens_champion_segmented6,valid_2025_11,2025-11-07,3,46,80,4.5552608286288105,2540.7278227646348,4253.067199437232,False,4.562120157874862,47,80,0.00685932924605126,1,0,0,1,11,4,0,3.0743961589740585,0.0780380342791967,0.2892533283257474,0.957880163887095,0.4626821919771691,1.4118326900355551,0.6738945525534143,0.1541048678612941,0.9711064993868505,0.596097560218329,0.0539045367767809,0.077796992335085,0.2935430619752853,0.0696876070431074,0.2232711893993805,0.6030822272391031,2.0816659994661326,1.7320508075688772,3,0,1,3,0.0051739377270685,0.006754611941047,0.0042725182825787,2540.7278227646348
ens_champion_segmented6,valid_2025_11,2025-11-07,4,45,80,4.553402777643299,2544.0650713319674,4249.7299508699,False,4.562120157874862,47,80,0.008717380231562544,2,0,0,1,11,4,0,3.0743961589740585,0.0780380342791967,0.2892533283257474,0.957880163887095,0.4626821919771691,1.4118326900355551,0.6738945525534143,0.1541048678612941,0.9711064993868505,0.596097560218329,0.0539045367767809,0.077796992335085,0.2935430619752853,0.0696876070431074,0.2232711893993805,0.6030822272391031,2.0816659994661326,1.7320508075688772,3,0,1,3,0.0051739377270685,0.006754611941047,0.0042725182825787,2544.0650713319674
ens_champion_segmented6,valid_2025_11,2025-11-07,5,44,80,4.549097745374308,2629.051971453719,4164.743050748148,False,4.562120157874862,47,80,0.013022412500554026,3,0,0,1,11,4,0,3.0743961589740585,0.0780380342791967,0.2892533283257474,0.957880163887095,0.4626821919771691,1.4118326900355551,0.6738945525534143,0.1541048678612941,0.9711064993868505,0.596097560218329,0.0539045367767809,0.077796992335085,0.2935430619752853,0.0696876070431074,0.2232711893993805,0.6030822272391031,2.0816659994661326,1.7320508075688772,3,0,1,3,0.0051739377270685,0.006754611941047,0.0042725182825787,2629.051971453719
ens_champion_segmented6,valid_2025_11,2025-11-07,6,47,79,4.545194944748157,2622.431557470287,4171.36346473158,False,4.562120157874862,47,80,0.016925213126704364,0,1,1,0,11,4,0,3.0743961589740585,0.0780380342791967,0.2892533283257474,0.957880163887095,0.4626821919771691,1.4118326900355551,0.6738945525534143,0.1541048678612941,0.9711064993868505,0.596097560218329,0.0539045367767809,0.077796992335085,0.2935430619752853,0.0696876070431074,0.2232711893993805,0.6030822272391031,2.0816659994661326,1.7320508075688772,3,0,1,3,0.0051739377270685,0.006754611941047,0.0042725182825787,2622.431557470287
ens_champion_segmented6,valid_2025_11,2025-11-07,7,48,79,4.540021007021089,3043.341635354855,3750.453386847012,False,4.562120157874862,47,80,0.022099150853772898,1,1,0,0,11,4,0,3.0743961589740585,0.0780380342791967,0.2892533283257474,0.957880163887095,0.4626821919771691,1.4118326900355551,0.6738945525534143,0.1541048678612941,0.9711064993868505,0.596097560218329,0.0539045367767809,0.077796992335085,0.2935430619752853,0.0696876070431074,0.2232711893993805,0.6030822272391031,2.0816659994661326,1.7320508075688772,3,0,1,3,0.0051739377270685,0.006754611941047,0.0042725182825787,3043.341635354855
ens_champion_segmented6,valid_2025_11,2025-11-07,8,46,79,4.538335615502106,2667.9822962568123,4125.812725945055,False,4.562120157874862,47,80,0.023784542372755624,1,1,0,0,11,4,0,3.0743961589740585,0.0780380342791967,0.2892533283257474,0.957880163887095,0.4626821919771691,1.4118326900355551,0.6738945525534143,0.1541048678612941,0.9711064993868505,0.596097560218329,0.0539045367767809,0.077796992335085,0.2935430619752853,0.0696876070431074,0.2232711893993805,0.6030822272391031,2.0816659994661326,1.7320508075688772,3,0,1,3,0.0051739377270685,0.006754611941047,0.0042725182825787,2667.9822962568123
ens_champion_segmented6,valid_2025_11,2025-11-07,9,45,79,4.536477564516595,2671.319544824145,4122.475477377722,False,4.562120157874862,47,80,0.025642593358266907,2,1,0,0,11,4,0,3.0743961589740585,0.0780380342791967,0.2892533283257474,0.957880163887095,0.4626821919771691,1.4118326900355551,0.6738945525534143,0.1541048678612941,0.9711064993868505,0.596097560218329,0.0539045367767809,0.077796992335085,0.2935430619752853,0.0696876070431074,0.2232711893993805,0.6030822272391031,2.0816659994661326,1.7320508075688772,3,0,1,3,0.0051739377270685,0.006754611941047,0.0042725182825787,2671.319544824145
ens_champion_segmented6,valid_2025_11,2025-11-07,10,44,79,4.532172532247603,2756.3064449458966,4037.4885772559705,False,4.562120157874862,47,80,0.02994762562725839,3,1,0,0,11,4,0,3.0743961589740585,0.0780380342791967,0.2892533283257474,0.957880163887095,0.4626821919771691,1.4118326900355551,0.6738945525534143,0.1541048678612941,0.9711064993868505,0.596097560218329,0.0539045367767809,0.077796992335085,0.2935430619752853,0.0696876070431074,0.2232711893993805,0.6030822272391031,2.0816659994661326,1.7320508075688772,3,0,1,3,0.0051739377270685,0.006754611941047,0.0042725182825787,2756.3064449458966
ens_champion_segmented6,valid_2025_11,2025-11-08,1,50,82,4.973741114047423,7479.146258726855,558.4912519006357,False,4.973741114047423,50,82,0.0,0,0,1,1,11,5,1,3.0870351254429296,0.0829749376007055,0.2941623456808364,0.6271316204520554,0.6952979721082926,2.0347315906291232,0.7805060506789726,0.2309112379099612,1.2232871347698837,0.6415652433448541,0.0534972021098834,0.1389408073341186,0.5183826419037316,0.0692600136325298,0.2375118524975765,0.5790794962195901,0.5773502691896258,1.1547005383792517,0,2,1,2,0.0089876794068928,0.0203097956987932,0.0145532397847319,7479.146258726855
ens_champion_segmented6,valid_2025_11,2025-11-08,2,50,81,4.96475343464053,7410.6165433894785,627.0209672380124,False,4.973741114047423,50,82,0.008987679406892823,0,1,1,0,11,5,1,3.0870351254429296,0.0829749376007055,0.2941623456808364,0.6271316204520554,0.6952979721082926,2.0347315906291232,0.7805060506789726,0.2309112379099612,1.2232871347698837,0.6415652433448541,0.0534972021098834,0.1389408073341186,0.5183826419037316,0.0692600136325298,0.2375118524975765,0.5790794962195901,0.5773502691896258,1.1547005383792517,0,2,1,2,0.0089876794068928,0.0203097956987932,0.0145532397847319,7410.6165433894785
ens_champion_segmented6,valid_2025_11,2025-11-08,3,50,80,4.953234402447537,7390.558057005273,647.0794536222174,False,4.973741114047423,50,82,0.02050671159988582,0,2,1,0,11,5,1,3.0870351254429296,0.0829749376007055,0.2941623456808364,0.6271316204520554,0.6952979721082926,2.0347315906291232,0.7805060506789726,0.2309112379099612,1.2232871347698837,0.6415652433448541,0.0534972021098834,0.1389408073341186,0.5183826419037316,0.0692600136325298,0.2375118524975765,0.5790794962195901,0.5773502691896258,1.1547005383792517,0,2,1,2,0.0089876794068928,0.0203097956987932,0.0145532397847319,7390.558057005273
ens_champion_segmented6,valid_2025_11,2025-11-08,4,49,82,4.941191431341359,7483.142049194509,554.4954614329818,False,4.973741114047423,50,82,0.03254968270606362,1,0,0,1,11,5,1,3.0870351254429296,0.0829749376007055,0.2941623456808364,0.6271316204520554,0.6952979721082926,2.0347315906291232,0.7805060506789726,0.2309112379099612,1.2232871347698837,0.6415652433448541,0.0534972021098834,0.1389408073341186,0.5183826419037316,0.0692600136325298,0.2375118524975765,0.5790794962195901,0.5773502691896258,1.1547005383792517,0,2,1,2,0.0089876794068928,0.0203097956987932,0.0145532397847319,7483.142049194509
ens_champion_segmented6,valid_2025_11,2025-11-08,5,50,83,4.934236209266297,7646.285465573319,391.3520450541719,False,4.973741114047423,50,82,0.03950490478112556,0,1,1,0,11,5,1,3.0870351254429296,0.0829749376007055,0.2941623456808364,0.6271316204520554,0.6952979721082926,2.0347315906291232,0.7805060506789726,0.2309112379099612,1.2232871347698837,0.6415652433448541,0.0534972021098834,0.1389408073341186,0.5183826419037316,0.0692600136325298,0.2375118524975765,0.5790794962195901,0.5773502691896258,1.1547005383792517,0,2,1,2,0.0089876794068928,0.0203097956987932,0.0145532397847319,7646.285465573319
ens_champion_segmented6,valid_2025_11,2025-11-08,6,49,81,4.932203751934466,7414.612333857132,623.0251767703585,False,4.973741114047423,50,82,0.041537362112956444,1,1,0,0,11,5,1,3.0870351254429296,0.0829749376007055,0.2941623456808364,0.6271316204520554,0.6952979721082926,2.0347315906291232,0.7805060506789726,0.2309112379099612,1.2232871347698837,0.6415652433448541,0.0534972021098834,0.1389408073341186,0.5183826419037316,0.0692600136325298,0.2375118524975765,0.5790794962195901,0.5773502691896258,1.1547005383792517,0,2,1,2,0.0089876794068928,0.0203097956987932,0.0145532397847319,7414.612333857132
ens_champion_segmented6,valid_2025_11,2025-11-08,7,49,80,4.920684719741473,7394.553847472927,643.0836631545635,False,4.973741114047423,50,82,0.05305639430594944,1,2,0,0,11,5,1,3.0870351254429296,0.0829749376007055,0.2941623456808364,0.6271316204520554,0.6952979721082926,2.0347315906291232,0.7805060506789726,0.2309112379099612,1.2232871347698837,0.6415652433448541,0.0534972021098834,0.1389408073341186,0.5183826419037316,0.0692600136325298,0.2375118524975765,0.5790794962195901,0.5773502691896258,1.1547005383792517,0,2,1,2,0.0089876794068928,0.0203097956987932,0.0145532397847319,7394.553847472927
ens_champion_segmented6,valid_2025_11,2025-11-08,8,51,82,4.919973860158555,7477.581028702901,560.0564819245901,False,4.973741114047423,50,82,0.05376725388886783,1,0,0,1,11,5,1,3.0870351254429296,0.0829749376007055,0.2941623456808364,0.6271316204520554,0.6952979721082926,2.0347315906291232,0.7805060506789726,0.2309112379099612,1.2232871347698837,0.6415652433448541,0.0534972021098834,0.1389408073341186,0.5183826419037316,0.0692600136325298,0.2375118524975765,0.5790794962195901,0.5773502691896258,1.1547005383792517,0,2,1,2,0.0089876794068928,0.0203097956987932,0.0145532397847319,7477.581028702901
ens_champion_segmented6,valid_2025_11,2025-11-08,9,51,81,4.910986180751662,7409.051313365524,628.5861972619668,False,4.973741114047423,50,82,0.06275493329576065,1,1,0,0,11,5,1,3.0870351254429296,0.0829749376007055,0.2941623456808364,0.6271316204520554,0.6952979721082926,2.0347315906291232,0.7805060506789726,0.2309112379099612,1.2232871347698837,0.6415652433448541,0.0534972021098834,0.1389408073341186,0.5183826419037316,0.0692600136325298,0.2375118524975765,0.5790794962195901,0.5773502691896258,1.1547005383792517,0,2,1,2,0.0089876794068928,0.0203097956987932,0.0145532397847319,7409.051313365524
ens_champion_segmented6,valid_2025_11,2025-11-08,10,49,83,4.901686526560233,7650.281256040973,387.35625458651793,False,4.973741114047423,50,82,0.07205458748718918,1,1,0,0,11,5,1,3.0870351254429296,0.0829749376007055,0.2941623456808364,0.6271316204520554,0.6952979721082926,2.0347315906291232,0.7805060506789726,0.2309112379099612,1.2232871347698837,0.6415652433448541,0.0534972021098834,0.1389408073341186,0.5183826419037316,0.0692600136325298,0.2375118524975765,0.5790794962195901,0.5773502691896258,1.1547005383792517,0,2,1,2,0.0089876794068928,0.0203097956987932,0.0145532397847319,7650.281256040973
ens_champion_segmented6,valid_2025_11,2025-11-09,1,50,68,10.329650770309566,11733.937756279904,839.2337085953968,False,10.329650770309566,50,68,0.0,0,0,1,1,11,6,1,3.093452642922761,0.0779845865059195,0.2852068954487659,1.225191134296687,0.7501211669798129,2.4619233976155317,0.5945804920227351,0.2384730494049538,1.0361711666716995,0.4453271249005526,0.0890335382000252,0.1492533671221824,0.5502565734608496,0.0691780384505318,0.2007116324081231,0.4619590950658241,0.0,0.5773502691896257,0,0,0,1,0.0111369500723448,0.0217827244107802,0.0155294420186995,11733.937756279904
ens_champion_segmented6,valid_2025_11,2025-11-09,2,51,68,10.318513820237222,11750.954860747646,822.2166041276541,False,10.329650770309566,50,68,0.011136950072344831,1,0,0,1,11,6,1,3.093452642922761,0.0779845865059195,0.2852068954487659,1.225191134296687,0.7501211669798129,2.4619233976155317,0.5945804920227351,0.2384730494049538,1.0361711666716995,0.4453271249005526,0.0890335382000252,0.1492533671221824,0.5502565734608496,0.0691780384505318,0.2007116324081231,0.4619590950658241,0.0,0.5773502691896257,0,0,0,1,0.0111369500723448,0.0217827244107802,0.0155294420186995,11750.954860747646
ens_champion_segmented6,valid_2025_11,2025-11-09,3,49,68,10.304188686519788,11728.023604624355,845.1478602509451,False,10.329650770309566,50,68,0.02546208378977788,1,0,0,1,11,6,1,3.093452642922761,0.0779845865059195,0.2852068954487659,1.225191134296687,0.7501211669798129,2.4619233976155317,0.5945804920227351,0.2384730494049538,1.0361711666716995,0.4453271249005526,0.0890335382000252,0.1492533671221824,0.5502565734608496,0.0691780384505318,0.2007116324081231,0.4619590950658241,0.0,0.5773502691896257,0,0,0,1,0.0111369500723448,0.0217827244107802,0.0155294420186995,11728.023604624355
ens_champion_segmented6,valid_2025_11,2025-11-09,4,52,68,10.303271105280476,11730.994996580395,842.1764682949033,False,10.329650770309566,50,68,0.02637966502908995,2,0,0,1,11,6,1,3.093452642922761,0.0779845865059195,0.2852068954487659,1.225191134296687,0.7501211669798129,2.4619233976155317,0.5945804920227351,0.2384730494049538,1.0361711666716995,0.4453271249005526,0.0890335382000252,0.1492533671221824,0.5502565734608496,0.0691780384505318,0.2007116324081231,0.4619590950658241,0.0,0.5773502691896257,0,0,0,1,0.0111369500723448,0.0217827244107802,0.0155294420186995,11730.994996580395
ens_champion_segmented6,valid_2025_11,2025-11-09,5,53,68,10.283715847146876,11737.55178332708,835.6196815482199,False,10.329650770309566,50,68,0.04593492316269021,3,0,0,1,11,6,1,3.093452642922761,0.0779845865059195,0.2852068954487659,1.225191134296687,0.7501211669798129,2.4619233976155317,0.5945804920227351,0.2384730494049538,1.0361711666716995,0.4453271249005526,0.0890335382000252,0.1492533671221824,0.5502565734608496,0.0691780384505318,0.2007116324081231,0.4619590950658241,0.0,0.5773502691896257,0,0,0,1,0.0111369500723448,0.0217827244107802,0.0155294420186995,11737.55178332708
ens_champion_segmented6,valid_2025_11,2025-11-09,6,50,69,10.282540646959012,12217.29478566892,355.8766792063798,False,10.329650770309566,50,68,0.047110123350554645,0,1,1,0,11,6,1,3.093452642922761,0.0779845865059195,0.2852068954487659,1.225191134296687,0.7501211669798129,2.4619233976155317,0.5945804920227351,0.2384730494049538,1.0361711666716995,0.4453271249005526,0.0890335382000252,0.1492533671221824,0.5502565734608496,0.0691780384505318,0.2007116324081231,0.4619590950658241,0.0,0.5773502691896257,0,0,0,1,0.0111369500723448,0.0217827244107802,0.0155294420186995,12217.29478566892
ens_champion_segmented6,valid_2025_11,2025-11-09,7,51,69,10.271403696886669,12234.311890136663,338.8595747386371,False,10.329650770309566,50,68,0.0582470734228977,1,1,0,0,11,6,1,3.093452642922761,0.0779845865059195,0.2852068954487659,1.225191134296687,0.7501211669798129,2.4619233976155317,0.5945804920227351,0.2384730494049538,1.0361711666716995,0.4453271249005526,0.0890335382000252,0.1492533671221824,0.5502565734608496,0.0691780384505318,0.2007116324081231,0.4619590950658241,0.0,0.5773502691896257,0,0,0,1,0.0111369500723448,0.0217827244107802,0.0155294420186995,12234.311890136663
ens_champion_segmented6,valid_2025_11,2025-11-09,8,54,68,10.264866783451035,11743.729988015128,829.4414768601728,False,10.329650770309566,50,68,0.06478398685853115,4,0,0,1,11,6,1,3.093452642922761,0.0779845865059195,0.2852068954487659,1.225191134296687,0.7501211669798129,2.4619233976155317,0.5945804920227351,0.2384730494049538,1.0361711666716995,0.4453271249005526,0.0890335382000252,0.1492533671221824,0.5502565734608496,0.0691780384505318,0.2007116324081231,0.4619590950658241,0.0,0.5773502691896257,0,0,0,1,0.0111369500723448,0.0217827244107802,0.0155294420186995,11743.729988015128
ens_champion_segmented6,valid_2025_11,2025-11-09,9,50,67,10.261804523681846,11325.196387423024,1247.9750774522763,False,10.329650770309566,50,68,0.06784624662772032,0,1,1,0,11,6,1,3.093452642922761,0.0779845865059195,0.2852068954487659,1.225191134296687,0.7501211669798129,2.4619233976155317,0.5945804920227351,0.2384730494049538,1.0361711666716995,0.4453271249005526,0.0890335382000252,0.1492533671221824,0.5502565734608496,0.0691780384505318,0.2007116324081231,0.4619590950658241,0.0,0.5773502691896257,0,0,0,1,0.0111369500723448,0.0217827244107802,0.0155294420186995,11325.196387423024
ens_champion_segmented6,valid_2025_11,2025-11-09,10,49,69,10.257078563169234,12211.380634013372,361.790830861928,False,10.329650770309566,50,68,0.07257220714033252,1,1,0,0,11,6,1,3.093452642922761,0.0779845865059195,0.2852068954487659,1.225191134296687,0.7501211669798129,2.4619233976155317,0.5945804920227351,0.2384730494049538,1.0361711666716995,0.4453271249005526,0.0890335382000252,0.1492533671221824,0.5502565734608496,0.0691780384505318,0.2007116324081231,0.4619590950658241,0.0,0.5773502691896257,0,0,0,1,0.0111369500723448,0.0217827244107802,0.0155294420186995,12211.380634013372
ens_champion_segmented6,valid_2025_11,2025-11-10,1,52,77,9.687371030517326,10272.99595471478,882.1757306753461,False,9.687371030517326,52,77,0.0,0,0,1,1,11,0,0,3.0918715302496422,0.0740711896014985,0.2614753029778751,1.340376032618179,0.6448114465089132,2.0946720951111537,0.558182072803251,0.2079977086597854,0.9447513940466484,0.4398360961571481,0.0891620446696984,0.118345976646103,0.4496691679382045,0.06921283229626,0.1836694125835368,0.1347350069725413,1.5275252316519463,0.0,1,0,3,0,0.0002865214968075,0.0061002774686347,0.0079677538525244,10272.99595471478
ens_champion_segmented6,valid_2025_11,2025-11-10,2,51,77,9.68708450902052,10495.04864823496,660.1230371551683,False,9.687371030517326,52,77,0.00028652149680574723,1,0,0,1,11,0,0,3.0918715302496422,0.0740711896014985,0.2614753029778751,1.340376032618179,0.6448114465089132,2.0946720951111537,0.558182072803251,0.2079977086597854,0.9447513940466484,0.4398360961571481,0.0891620446696984,0.118345976646103,0.4496691679382045,0.06921283229626,0.1836694125835368,0.1347350069725413,1.5275252316519463,0.0,1,0,3,0,0.0002865214968075,0.0061002774686347,0.0079677538525244,10495.04864823496
ens_champion_segmented6,valid_2025_11,2025-11-10,3,49,77,9.683590819025628,10588.335721390236,566.8359639998907,False,9.687371030517326,52,77,0.003780211491697827,3,0,0,1,11,0,0,3.0918715302496422,0.0740711896014985,0.2614753029778751,1.340376032618179,0.6448114465089132,2.0946720951111537,0.558182072803251,0.2079977086597854,0.9447513940466484,0.4398360961571481,0.0891620446696984,0.118345976646103,0.4496691679382045,0.06921283229626,0.1836694125835368,0.1347350069725413,1.5275252316519463,0.0,1,0,3,0,0.0002865214968075,0.0061002774686347,0.0079677538525244,10588.335721390236
ens_champion_segmented6,valid_2025_11,2025-11-10,4,50,77,9.68251207831149,10572.482995354949,582.6886900351783,False,9.687371030517326,52,77,0.004858952205836431,2,0,0,1,11,0,0,3.0918715302496422,0.0740711896014985,0.2614753029778751,1.340376032618179,0.6448114465089132,2.0946720951111537,0.558182072803251,0.2079977086597854,0.9447513940466484,0.4398360961571481,0.0891620446696984,0.118345976646103,0.4496691679382045,0.06921283229626,0.1836694125835368,0.1347350069725413,1.5275252316519463,0.0,1,0,3,0,0.0002865214968075,0.0061002774686347,0.0079677538525244,10572.482995354949
ens_champion_segmented6,valid_2025_11,2025-11-10,5,52,76,9.665795328368496,10272.99595471478,882.1757306753461,False,9.687371030517326,52,77,0.02157570214883009,0,1,1,0,11,0,0,3.0918715302496422,0.0740711896014985,0.2614753029778751,1.340376032618179,0.6448114465089132,2.0946720951111537,0.558182072803251,0.2079977086597854,0.9447513940466484,0.4398360961571481,0.0891620446696984,0.118345976646103,0.4496691679382045,0.06921283229626,0.1836694125835368,0.1347350069725413,1.5275252316519463,0.0,1,0,3,0,0.0002865214968075,0.0061002774686347,0.0079677538525244,10272.99595471478
ens_champion_segmented6,valid_2025_11,2025-11-10,6,51,76,9.665508806871689,10495.04864823496,660.1230371551683,False,9.687371030517326,52,77,0.021862223645637613,1,1,0,0,11,0,0,3.0918715302496422,0.0740711896014985,0.2614753029778751,1.340376032618179,0.6448114465089132,2.0946720951111537,0.558182072803251,0.2079977086597854,0.9447513940466484,0.4398360961571481,0.0891620446696984,0.118345976646103,0.4496691679382045,0.06921283229626,0.1836694125835368,0.1347350069725413,1.5275252316519463,0.0,1,0,3,0,0.0002865214968075,0.0061002774686347,0.0079677538525244,10495.04864823496
ens_champion_segmented6,valid_2025_11,2025-11-10,7,52,78,9.66216770740946,10272.99595471478,882.1757306753461,False,9.687371030517326,52,77,0.025203323107866993,0,1,1,0,11,0,0,3.0918715302496422,0.0740711896014985,0.2614753029778751,1.340376032618179,0.6448114465089132,2.0946720951111537,0.558182072803251,0.2079977086597854,0.9447513940466484,0.4398360961571481,0.0891620446696984,0.118345976646103,0.4496691679382045,0.06921283229626,0.1836694125835368,0.1347350069725413,1.5275252316519463,0.0,1,0,3,0,0.0002865214968075,0.0061002774686347,0.0079677538525244,10272.99595471478
ens_champion_segmented6,valid_2025_11,2025-11-10,8,49,76,9.662015116876798,10588.335721390236,566.8359639998907,False,9.687371030517326,52,77,0.025355913640527916,3,1,0,0,11,0,0,3.0918715302496422,0.0740711896014985,0.2614753029778751,1.340376032618179,0.6448114465089132,2.0946720951111537,0.558182072803251,0.2079977086597854,0.9447513940466484,0.4398360961571481,0.0891620446696984,0.118345976646103,0.4496691679382045,0.06921283229626,0.1836694125835368,0.1347350069725413,1.5275252316519463,0.0,1,0,3,0,0.0002865214968075,0.0061002774686347,0.0079677538525244,10588.335721390236
ens_champion_segmented6,valid_2025_11,2025-11-10,9,51,78,9.661881185912652,10495.04864823496,660.1230371551683,False,9.687371030517326,52,77,0.025489844604674516,1,1,0,0,11,0,0,3.0918715302496422,0.0740711896014985,0.2614753029778751,1.340376032618179,0.6448114465089132,2.0946720951111537,0.558182072803251,0.2079977086597854,0.9447513940466484,0.4398360961571481,0.0891620446696984,0.118345976646103,0.4496691679382045,0.06921283229626,0.1836694125835368,0.1347350069725413,1.5275252316519463,0.0,1,0,3,0,0.0002865214968075,0.0061002774686347,0.0079677538525244,10495.04864823496
ens_champion_segmented6,valid_2025_11,2025-11-10,10,50,76,9.66093637616266,10572.482995354949,582.6886900351783,False,9.687371030517326,52,77,0.02643465435466652,2,1,0,0,11,0,0,3.0918715302496422,0.0740711896014985,0.2614753029778751,1.340376032618179,0.6448114465089132,2.0946720951111537,0.558182072803251,0.2079977086597854,0.9447513940466484,0.4398360961571481,0.0891620446696984,0.118345976646103,0.4496691679382045,0.06921283229626,0.1836694125835368,0.1347350069725413,1.5275252316519463,0.0,1,0,3,0,0.0002865214968075,0.0061002774686347,0.0079677538525244,10572.482995354949
ens_champion_segmented6,valid_2025_11,2025-11-11,1,49,72,4.638189794634172,7165.537152890892,320.3090538653296,False,4.638189794634172,49,72,0.0,0,0,1,1,11,1,0,3.079162581063119,0.0829508769918792,0.2957963471718874,1.2040088412908414,0.7055244425867386,2.162427755222487,0.5970879108495001,0.2357660081014135,1.0226314366011688,0.4545632154186934,0.1130078109775672,0.1425246954308068,0.533729711980486,0.0695376538326214,0.1876541920079044,0.6309382289444543,0.0,4.0,0,4,0,4,0.0023821212649366,0.0135772256621065,0.0133728092043584,7165.537152890892
ens_champion_segmented6,valid_2025_11,2025-11-11,2,49,71,4.635807673369236,7316.425963472406,169.42024328381558,False,4.638189794634172,49,72,0.002382121264936643,0,1,1,0,11,1,0,3.079162581063119,0.0829508769918792,0.2957963471718874,1.2040088412908414,0.7055244425867386,2.162427755222487,0.5970879108495001,0.2357660081014135,1.0226314366011688,0.4545632154186934,0.1130078109775672,0.1425246954308068,0.533729711980486,0.0695376538326214,0.1876541920079044,0.6309382289444543,0.0,4.0,0,4,0,4,0.0023821212649366,0.0135772256621065,0.0133728092043584,7316.425963472406
ens_champion_segmented6,valid_2025_11,2025-11-11,3,49,73,4.624632241936318,7045.679345670445,440.166861085776,False,4.638189794634172,49,72,0.013557552697854192,0,1,1,0,11,1,0,3.079162581063119,0.0829508769918792,0.2957963471718874,1.2040088412908414,0.7055244425867386,2.162427755222487,0.5970879108495001,0.2357660081014135,1.0226314366011688,0.4545632154186934,0.1130078109775672,0.1425246954308068,0.533729711980486,0.0695376538326214,0.1876541920079044,0.6309382289444543,0.0,4.0,0,4,0,4,0.0023821212649366,0.0135772256621065,0.0133728092043584,7045.679345670445
ens_champion_segmented6,valid_2025_11,2025-11-11,4,49,70,4.623988708662154,7386.415923893103,99.430282863118,False,4.638189794634172,49,72,0.014201085972018745,0,2,1,0,11,1,0,3.079162581063119,0.0829508769918792,0.2957963471718874,1.2040088412908414,0.7055244425867386,2.162427755222487,0.5970879108495001,0.2357660081014135,1.0226314366011688,0.4545632154186934,0.1130078109775672,0.1425246954308068,0.533729711980486,0.0695376538326214,0.1876541920079044,0.6309382289444543,0.0,4.0,0,4,0,4,0.0023821212649366,0.0135772256621065,0.0133728092043584,7386.415923893103
ens_champion_segmented6,valid_2025_11,2025-11-11,5,50,72,4.6004444262584485,7170.678233619976,315.1679731362456,False,4.638189794634172,49,72,0.03774536837572384,1,0,0,1,11,1,0,3.079162581063119,0.0829508769918792,0.2957963471718874,1.2040088412908414,0.7055244425867386,2.162427755222487,0.5970879108495001,0.2357660081014135,1.0226314366011688,0.4545632154186934,0.1130078109775672,0.1425246954308068,0.533729711980486,0.0695376538326214,0.1876541920079044,0.6309382289444543,0.0,4.0,0,4,0,4,0.0023821212649366,0.0135772256621065,0.0133728092043584,7170.678233619976
ens_champion_segmented6,valid_2025_11,2025-11-11,6,50,71,4.598062304993512,7321.56704420149,164.27916255473156,False,4.638189794634172,49,72,0.040127489640660485,1,1,0,0,11,1,0,3.079162581063119,0.0829508769918792,0.2957963471718874,1.2040088412908414,0.7055244425867386,2.162427755222487,0.5970879108495001,0.2357660081014135,1.0226314366011688,0.4545632154186934,0.1130078109775672,0.1425246954308068,0.533729711980486,0.0695376538326214,0.1876541920079044,0.6309382289444543,0.0,4.0,0,4,0,4,0.0023821212649366,0.0135772256621065,0.0133728092043584,7321.56704420149
ens_champion_segmented6,valid_2025_11,2025-11-11,7,49,74,4.59408039866058,6830.342506988818,655.5036997674033,False,4.638189794634172,49,72,0.044109395973592314,0,2,1,0,11,1,0,3.079162581063119,0.0829508769918792,0.2957963471718874,1.2040088412908414,0.7055244425867386,2.162427755222487,0.5970879108495001,0.2357660081014135,1.0226314366011688,0.4545632154186934,0.1130078109775672,0.1425246954308068,0.533729711980486,0.0695376538326214,0.1876541920079044,0.6309382289444543,0.0,4.0,0,4,0,4,0.0023821212649366,0.0135772256621065,0.0133728092043584,6830.342506988818
ens_champion_segmented6,valid_2025_11,2025-11-11,8,49,75,4.591593835275347,6680.688064800178,805.1581419560434,False,4.638189794634172,49,72,0.04659595935882521,0,3,1,0,11,1,0,3.079162581063119,0.0829508769918792,0.2957963471718874,1.2040088412908414,0.7055244425867386,2.162427755222487,0.5970879108495001,0.2357660081014135,1.0226314366011688,0.4545632154186934,0.1130078109775672,0.1425246954308068,0.533729711980486,0.0695376538326214,0.1876541920079044,0.6309382289444543,0.0,4.0,0,4,0,4,0.0023821212649366,0.0135772256621065,0.0133728092043584,6680.688064800178
ens_champion_segmented6,valid_2025_11,2025-11-11,9,49,76,4.588702805153723,6557.604356676705,928.2418500795166,False,4.638189794634172,49,72,0.049486989480449495,0,4,1,0,11,1,0,3.079162581063119,0.0829508769918792,0.2957963471718874,1.2040088412908414,0.7055244425867386,2.162427755222487,0.5970879108495001,0.2357660081014135,1.0226314366011688,0.4545632154186934,0.1130078109775672,0.1425246954308068,0.533729711980486,0.0695376538326214,0.1876541920079044,0.6309382289444543,0.0,4.0,0,4,0,4,0.0023821212649366,0.0135772256621065,0.0133728092043584,6557.604356676705
ens_champion_segmented6,valid_2025_11,2025-11-11,10,50,73,4.586886873560594,7050.8204263995285,435.0257803566929,False,4.638189794634172,49,72,0.051302921073578034,1,1,0,0,11,1,0,3.079162581063119,0.0829508769918792,0.2957963471718874,1.2040088412908414,0.7055244425867386,2.162427755222487,0.5970879108495001,0.2357660081014135,1.0226314366011688,0.4545632154186934,0.1130078109775672,0.1425246954308068,0.533729711980486,0.0695376538326214,0.1876541920079044,0.6309382289444543,0.0,4.0,0,4,0,4,0.0023821212649366,0.0135772256621065,0.0133728092043584,7050.8204263995285
ens_champion_segmented6,valid_2025_11,2025-11-12,1,50,69,10.488866797545272,10387.041413858473,96.46207226890692,False,10.488866797545272,50,69,0.0,0,0,1,1,11,2,0,3.0840416475682737,0.0783650905779984,0.2823316138550704,1.049359768044957,0.8239852988748304,2.524496537976276,0.6494623039948518,0.2645808438096458,1.0736279611792745,0.5056678452324012,0.1520646044256197,0.1437944587624507,0.5396994391969616,0.0693598679737952,0.2036972600829426,0.3297363870240208,0.5773502691896258,0.5773502691896257,0,1,1,1,0.0128999253968746,0.0275388449477684,0.0191570598416163,10387.041413858473
ens_champion_segmented6,valid_2025_11,2025-11-12,2,49,69,10.475966872148398,10393.51230383555,89.99118229182932,False,10.488866797545272,50,69,0.012899925396874679,1,0,0,1,11,2,0,3.0840416475682737,0.0783650905779984,0.2823316138550704,1.049359768044957,0.8239852988748304,2.524496537976276,0.6494623039948518,0.2645808438096458,1.0736279611792745,0.5056678452324012,0.1520646044256197,0.1437944587624507,0.5396994391969616,0.0693598679737952,0.2036972600829426,0.3297363870240208,0.5773502691896258,0.5773502691896257,0,1,1,1,0.0128999253968746,0.0275388449477684,0.0191570598416163,10393.51230383555
ens_champion_segmented6,valid_2025_11,2025-11-12,3,51,69,10.459290622841213,10387.913107001894,95.59037912548592,False,10.488866797545272,50,69,0.02957617470405971,1,0,0,1,11,2,0,3.0840416475682737,0.0783650905779984,0.2823316138550704,1.049359768044957,0.8239852988748304,2.524496537976276,0.6494623039948518,0.2645808438096458,1.0736279611792745,0.5056678452324012,0.1520646044256197,0.1437944587624507,0.5396994391969616,0.0693598679737952,0.2036972600829426,0.3297363870240208,0.5773502691896258,0.5773502691896257,0,1,1,1,0.0128999253968746,0.0275388449477684,0.0191570598416163,10387.913107001894
ens_champion_segmented6,valid_2025_11,2025-11-12,4,50,70,10.446381249596955,10355.227795485427,128.27569064195268,False,10.488866797545272,50,69,0.04248554794831705,0,1,1,0,11,2,0,3.0840416475682737,0.0783650905779984,0.2823316138550704,1.049359768044957,0.8239852988748304,2.524496537976276,0.6494623039948518,0.2645808438096458,1.0736279611792745,0.5056678452324012,0.1520646044256197,0.1437944587624507,0.5396994391969616,0.0693598679737952,0.2036972600829426,0.3297363870240208,0.5773502691896258,0.5773502691896257,0,1,1,1,0.0128999253968746,0.0275388449477684,0.0191570598416163,10355.227795485427
ens_champion_segmented6,valid_2025_11,2025-11-12,5,48,69,10.436134220855678,10400.043639687538,83.4598464398423,False,10.488866797545272,50,69,0.052732576689594524,2,0,0,1,11,2,0,3.0840416475682737,0.0783650905779984,0.2823316138550704,1.049359768044957,0.8239852988748304,2.524496537976276,0.6494623039948518,0.2645808438096458,1.0736279611792745,0.5056678452324012,0.1520646044256197,0.1437944587624507,0.5396994391969616,0.0693598679737952,0.2036972600829426,0.3297363870240208,0.5773502691896258,0.5773502691896257,0,1,1,1,0.0128999253968746,0.0275388449477684,0.0191570598416163,10400.043639687538
ens_champion_segmented6,valid_2025_11,2025-11-12,6,50,71,10.435574182528796,10132.532466874114,350.9710192532657,False,10.488866797545272,50,69,0.053292615016475864,0,2,1,0,11,2,0,3.0840416475682737,0.0783650905779984,0.2823316138550704,1.049359768044957,0.8239852988748304,2.524496537976276,0.6494623039948518,0.2645808438096458,1.0736279611792745,0.5056678452324012,0.1520646044256197,0.1437944587624507,0.5396994391969616,0.0693598679737952,0.2036972600829426,0.3297363870240208,0.5773502691896258,0.5773502691896257,0,1,1,1,0.0128999253968746,0.0275388449477684,0.0191570598416163,10132.532466874114
ens_champion_segmented6,valid_2025_11,2025-11-12,7,49,70,10.43348132420008,10361.698685462505,121.80480066487507,False,10.488866797545272,50,69,0.05538547334519173,1,1,0,0,11,2,0,3.0840416475682737,0.0783650905779984,0.2823316138550704,1.049359768044957,0.8239852988748304,2.524496537976276,0.6494623039948518,0.2645808438096458,1.0736279611792745,0.5056678452324012,0.1520646044256197,0.1437944587624507,0.5396994391969616,0.0693598679737952,0.2036972600829426,0.3297363870240208,0.5773502691896258,0.5773502691896257,0,1,1,1,0.0128999253968746,0.0275388449477684,0.0191570598416163,10361.698685462505
ens_champion_segmented6,valid_2025_11,2025-11-12,8,49,71,10.42267425713192,10139.003356851192,344.5001292761881,False,10.488866797545272,50,69,0.06619254041335232,1,2,0,0,11,2,0,3.0840416475682737,0.0783650905779984,0.2823316138550704,1.049359768044957,0.8239852988748304,2.524496537976276,0.6494623039948518,0.2645808438096458,1.0736279611792745,0.5056678452324012,0.1520646044256197,0.1437944587624507,0.5396994391969616,0.0693598679737952,0.2036972600829426,0.3297363870240208,0.5773502691896258,0.5773502691896257,0,1,1,1,0.0128999253968746,0.0275388449477684,0.0191570598416163,10139.003356851192
ens_champion_segmented6,valid_2025_11,2025-11-12,9,52,69,10.419183400446792,10381.381771149909,102.12171497747296,False,10.488866797545272,50,69,0.06968339709847982,2,0,0,1,11,2,0,3.0840416475682737,0.0783650905779984,0.2823316138550704,1.049359768044957,0.8239852988748304,2.524496537976276,0.6494623039948518,0.2645808438096458,1.0736279611792745,0.5056678452324012,0.1520646044256197,0.1437944587624507,0.5396994391969616,0.0693598679737952,0.2036972600829426,0.3297363870240208,0.5773502691896258,0.5773502691896257,0,1,1,1,0.0128999253968746,0.0275388449477684,0.0191570598416163,10381.381771149909
ens_champion_segmented6,valid_2025_11,2025-11-12,10,51,70,10.416805074892896,10356.09948862885,127.40399749852986,False,10.488866797545272,50,69,0.07206172265237676,1,1,0,0,11,2,0,3.0840416475682737,0.0783650905779984,0.2823316138550704,1.049359768044957,0.8239852988748304,2.524496537976276,0.6494623039948518,0.2645808438096458,1.0736279611792745,0.5056678452324012,0.1520646044256197,0.1437944587624507,0.5396994391969616,0.0693598679737952,0.2036972600829426,0.3297363870240208,0.5773502691896258,0.5773502691896257,0,1,1,1,0.0128999253968746,0.0275388449477684,0.0191570598416163,10356.09948862885
ens_champion_segmented6,valid_2025_11,2025-11-13,1,55,70,4.267648687285515,9146.45027723057,391.3075059884377,False,4.267648687285515,55,70,0.0,0,0,1,1,11,3,0,3.092173157223737,0.0764377151799704,0.270472830501562,1.2402769171882302,0.7043040297248636,2.1424186004831425,0.5861033100917132,0.2355176213092072,1.0171352420652673,0.4432836192790934,0.0960835358083023,0.1428196908126197,0.5318103851551536,0.0691745890580885,0.1771754643124785,0.3751198904204336,2.6457513110645907,0.5773502691896257,1,0,4,1,0.0031871373742546,0.010435440727301,0.0086992052889385,9146.45027723057
ens_champion_segmented6,valid_2025_11,2025-11-13,2,51,70,4.26446154991126,9146.45027723057,391.3075059884377,False,4.267648687285515,55,70,0.0031871373742546893,4,0,0,1,11,3,0,3.092173157223737,0.0764377151799704,0.270472830501562,1.2402769171882302,0.7043040297248636,2.1424186004831425,0.5861033100917132,0.2355176213092072,1.0171352420652673,0.4432836192790934,0.0960835358083023,0.1428196908126197,0.5318103851551536,0.0691745890580885,0.1771754643124785,0.3751198904204336,2.6457513110645907,0.5773502691896257,1,0,4,1,0.0031871373742546,0.010435440727301,0.0086992052889385,9146.45027723057
ens_champion_segmented6,valid_2025_11,2025-11-13,3,52,70,4.259970466975446,9146.45027723057,391.3075059884377,False,4.267648687285515,55,70,0.00767822031006915,3,0,0,1,11,3,0,3.092173157223737,0.0764377151799704,0.270472830501562,1.2402769171882302,0.7043040297248636,2.1424186004831425,0.5861033100917132,0.2355176213092072,1.0171352420652673,0.4432836192790934,0.0960835358083023,0.1428196908126197,0.5318103851551536,0.0691745890580885,0.1771754643124785,0.3751198904204336,2.6457513110645907,0.5773502691896257,1,0,4,1,0.0031871373742546,0.010435440727301,0.0086992052889385,9146.45027723057
ens_champion_segmented6,valid_2025_11,2025-11-13,4,54,70,4.247454153190887,9146.45027723057,391.3075059884377,False,4.267648687285515,55,70,0.020194534094628125,1,0,0,1,11,3,0,3.092173157223737,0.0764377151799704,0.270472830501562,1.2402769171882302,0.7043040297248636,2.1424186004831425,0.5861033100917132,0.2355176213092072,1.0171352420652673,0.4432836192790934,0.0960835358083023,0.1428196908126197,0.5318103851551536,0.0691745890580885,0.1771754643124785,0.3751198904204336,2.6457513110645907,0.5773502691896257,1,0,4,1,0.0031871373742546,0.010435440727301,0.0086992052889385,9146.45027723057
ens_champion_segmented6,valid_2025_11,2025-11-13,5,56,70,4.246531375427963,9146.45027723057,391.3075059884377,False,4.267648687285515,55,70,0.021117311857551613,1,0,0,1,11,3,0,3.092173157223737,0.0764377151799704,0.270472830501562,1.2402769171882302,0.7043040297248636,2.1424186004831425,0.5861033100917132,0.2355176213092072,1.0171352420652673,0.4432836192790934,0.0960835358083023,0.1428196908126197,0.5318103851551536,0.0691745890580885,0.1771754643124785,0.3751198904204336,2.6457513110645907,0.5773502691896257,1,0,4,1,0.0031871373742546,0.010435440727301,0.0086992052889385,9146.45027723057
ens_champion_segmented6,valid_2025_11,2025-11-13,6,53,70,4.239375164078979,9146.45027723057,391.3075059884377,False,4.267648687285515,55,70,0.02827352320653631,2,0,0,1,11,3,0,3.092173157223737,0.0764377151799704,0.270472830501562,1.2402769171882302,0.7043040297248636,2.1424186004831425,0.5861033100917132,0.2355176213092072,1.0171352420652673,0.4432836192790934,0.0960835358083023,0.1428196908126197,0.5318103851551536,0.0691745890580885,0.1771754643124785,0.3751198904204336,2.6457513110645907,0.5773502691896257,1,0,4,1,0.0031871373742546,0.010435440727301,0.0086992052889385,9146.45027723057
ens_champion_segmented6,valid_2025_11,2025-11-13,7,55,71,4.23432352638423,9324.644716461667,213.11306675733977,False,4.267648687285515,55,70,0.03332516090128479,0,1,1,0,11,3,0,3.092173157223737,0.0764377151799704,0.270472830501562,1.2402769171882302,0.7043040297248636,2.1424186004831425,0.5861033100917132,0.2355176213092072,1.0171352420652673,0.4432836192790934,0.0960835358083023,0.1428196908126197,0.5318103851551536,0.0691745890580885,0.1771754643124785,0.3751198904204336,2.6457513110645907,0.5773502691896257,1,0,4,1,0.0031871373742546,0.010435440727301,0.0086992052889385,9324.644716461667
ens_champion_segmented6,valid_2025_11,2025-11-13,8,51,71,4.231136389009976,9324.644716461667,213.11306675733977,False,4.267648687285515,55,70,0.03651229827553948,4,1,0,0,11,3,0,3.092173157223737,0.0764377151799704,0.270472830501562,1.2402769171882302,0.7043040297248636,2.1424186004831425,0.5861033100917132,0.2355176213092072,1.0171352420652673,0.4432836192790934,0.0960835358083023,0.1428196908126197,0.5318103851551536,0.0691745890580885,0.1771754643124785,0.3751198904204336,2.6457513110645907,0.5773502691896257,1,0,4,1,0.0031871373742546,0.010435440727301,0.0086992052889385,9324.644716461667
ens_champion_segmented6,valid_2025_11,2025-11-13,9,52,71,4.226645306074161,9324.644716461667,213.11306675733977,False,4.267648687285515,55,70,0.04100338121135394,3,1,0,0,11,3,0,3.092173157223737,0.0764377151799704,0.270472830501562,1.2402769171882302,0.7043040297248636,2.1424186004831425,0.5861033100917132,0.2355176213092072,1.0171352420652673,0.4432836192790934,0.0960835358083023,0.1428196908126197,0.5318103851551536,0.0691745890580885,0.1771754643124785,0.3751198904204336,2.6457513110645907,0.5773502691896257,1,0,4,1,0.0031871373742546,0.010435440727301,0.0086992052889385,9324.644716461667
ens_champion_segmented6,valid_2025_11,2025-11-13,10,55,72,4.219097111042927,9292.831098088622,244.92668513038552,False,4.267648687285515,55,70,0.04855157624258766,0,2,1,0,11,3,0,3.092173157223737,0.0764377151799704,0.270472830501562,1.2402769171882302,0.7043040297248636,2.1424186004831425,0.5861033100917132,0.2355176213092072,1.0171352420652673,0.4432836192790934,0.0960835358083023,0.1428196908126197,0.5318103851551536,0.0691745890580885,0.1771754643124785,0.3751198904204336,2.6457513110645907,0.5773502691896257,1,0,4,1,0.0031871373742546,0.010435440727301,0.0086992052889385,9292.831098088622
ens_champion_segmented6,valid_2025_11,2025-11-14,1,48,78,4.965328562736433,3593.341832511727,198.23065608244224,False,4.965328562736433,48,78,0.0,0,0,1,1,11,4,0,3.0798391780682213,0.0710053185182096,0.2632706007534517,0.7152516596880396,0.6046996951729158,1.8708019689378448,0.7542095876993992,0.2020804927274033,1.1604819600821796,0.6090706249436049,0.02526592047353,0.1451389627557941,0.5412769943951802,0.0694973837849565,0.200550956637407,0.888969345440226,1.1547005383792517,3.605551275463989,0,2,2,7,0.0008447822431278,0.0090696037652655,0.0113043021207438,3593.341832511727
ens_champion_segmented6,valid_2025_11,2025-11-14,2,48,80,4.964483780493305,3216.426807475242,575.1456811189264,False,4.965328562736433,48,78,0.0008447822431278951,0,2,1,0,11,4,0,3.0798391780682213,0.0710053185182096,0.2632706007534517,0.7152516596880396,0.6046996951729158,1.8708019689378448,0.7542095876993992,0.2020804927274033,1.1604819600821796,0.6090706249436049,0.02526592047353,0.1451389627557941,0.5412769943951802,0.0694973837849565,0.200550956637407,0.888969345440226,1.1547005383792517,3.605551275463989,0,2,2,7,0.0008447822431278,0.0090696037652655,0.0113043021207438,3216.426807475242
ens_champion_segmented6,valid_2025_11,2025-11-14,3,48,79,4.963616257906425,3583.7977469998136,207.77474159435545,False,4.965328562736433,48,78,0.001712304830007838,0,1,1,0,11,4,0,3.0798391780682213,0.0710053185182096,0.2632706007534517,0.7152516596880396,0.6046996951729158,1.8708019689378448,0.7542095876993992,0.2020804927274033,1.1604819600821796,0.6090706249436049,0.02526592047353,0.1451389627557941,0.5412769943951802,0.0694973837849565,0.200550956637407,0.888969345440226,1.1547005383792517,3.605551275463989,0,2,2,7,0.0008447822431278,0.0090696037652655,0.0113043021207438,3583.7977469998136
ens_champion_segmented6,valid_2025_11,2025-11-14,4,48,77,4.952027762679299,3326.107438178151,465.4650504160181,False,4.965328562736433,48,78,0.01330080005713441,0,1,1,0,11,4,0,3.0798391780682213,0.0710053185182096,0.2632706007534517,0.7152516596880396,0.6046996951729158,1.8708019689378448,0.7542095876993992,0.2020804927274033,1.1604819600821796,0.6090706249436049,0.02526592047353,0.1451389627557941,0.5412769943951802,0.0694973837849565,0.200550956637407,0.888969345440226,1.1547005383792517,3.605551275463989,0,2,2,7,0.0008447822431278,0.0090696037652655,0.0113043021207438,3326.107438178151
ens_champion_segmented6,valid_2025_11,2025-11-14,5,49,78,4.935838431040375,3593.341832511727,198.23065608244224,False,4.965328562736433,48,78,0.02949013169605763,1,0,0,1,11,4,0,3.0798391780682213,0.0710053185182096,0.2632706007534517,0.7152516596880396,0.6046996951729158,1.8708019689378448,0.7542095876993992,0.2020804927274033,1.1604819600821796,0.6090706249436049,0.02526592047353,0.1451389627557941,0.5412769943951802,0.0694973837849565,0.200550956637407,0.888969345440226,1.1547005383792517,3.605551275463989,0,2,2,7,0.0008447822431278,0.0090696037652655,0.0113043021207438,3593.341832511727
ens_champion_segmented6,valid_2025_11,2025-11-14,6,49,80,4.934993648797248,3216.426807475242,575.1456811189264,False,4.965328562736433,48,78,0.030334913939184638,1,2,0,0,11,4,0,3.0798391780682213,0.0710053185182096,0.2632706007534517,0.7152516596880396,0.6046996951729158,1.8708019689378448,0.7542095876993992,0.2020804927274033,1.1604819600821796,0.6090706249436049,0.02526592047353,0.1451389627557941,0.5412769943951802,0.0694973837849565,0.200550956637407,0.888969345440226,1.1547005383792517,3.605551275463989,0,2,2,7,0.0008447822431278,0.0090696037652655,0.0113043021207438,3216.426807475242
ens_champion_segmented6,valid_2025_11,2025-11-14,7,49,79,4.934126126210368,3583.7977469998136,207.77474159435545,False,4.965328562736433,48,78,0.03120243652606458,1,1,0,0,11,4,0,3.0798391780682213,0.0710053185182096,0.2632706007534517,0.7152516596880396,0.6046996951729158,1.8708019689378448,0.7542095876993992,0.2020804927274033,1.1604819600821796,0.6090706249436049,0.02526592047353,0.1451389627557941,0.5412769943951802,0.0694973837849565,0.200550956637407,0.888969345440226,1.1547005383792517,3.605551275463989,0,2,2,7,0.0008447822431278,0.0090696037652655,0.0113043021207438,3583.7977469998136
ens_champion_segmented6,valid_2025_11,2025-11-14,8,48,76,4.933578756950245,3264.8884923429014,526.6839962512677,False,4.965328562736433,48,78,0.03174980578618758,0,2,1,0,11,4,0,3.0798391780682213,0.0710053185182096,0.2632706007534517,0.7152516596880396,0.6046996951729158,1.8708019689378448,0.7542095876993992,0.2020804927274033,1.1604819600821796,0.6090706249436049,0.02526592047353,0.1451389627557941,0.5412769943951802,0.0694973837849565,0.200550956637407,0.888969345440226,1.1547005383792517,3.605551275463989,0,2,2,7,0.0008447822431278,0.0090696037652655,0.0113043021207438,3264.8884923429014
ens_champion_segmented6,valid_2025_11,2025-11-14,9,47,78,4.927827537695782,3593.341832511727,198.23065608244224,False,4.965328562736433,48,78,0.037501025040651115,1,0,0,1,11,4,0,3.0798391780682213,0.0710053185182096,0.2632706007534517,0.7152516596880396,0.6046996951729158,1.8708019689378448,0.7542095876993992,0.2020804927274033,1.1604819600821796,0.6090706249436049,0.02526592047353,0.1451389627557941,0.5412769943951802,0.0694973837849565,0.200550956637407,0.888969345440226,1.1547005383792517,3.605551275463989,0,2,2,7,0.0008447822431278,0.0090696037652655,0.0113043021207438,3593.341832511727
ens_champion_segmented6,valid_2025_11,2025-11-14,10,47,80,4.926982755452654,3216.426807475242,575.1456811189264,False,4.965328562736433,48,78,0.03834580728377901,1,2,0,0,11,4,0,3.0798391780682213,0.0710053185182096,0.2632706007534517,0.7152516596880396,0.6046996951729158,1.8708019689378448,0.7542095876993992,0.2020804927274033,1.1604819600821796,0.6090706249436049,0.02526592047353,0.1451389627557941,0.5412769943951802,0.0694973837849565,0.200550956637407,0.888969345440226,1.1547005383792517,3.605551275463989,0,2,2,7,0.0008447822431278,0.0090696037652655,0.0113043021207438,3216.426807475242
ens_champion_segmented6,valid_2025_11,2025-11-15,1,49,80,7.062999995374568,7619.412502133608,726.1840157067936,False,7.062999995374568,49,80,0.0,0,0,1,1,11,5,1,3.08612761468992,0.0791693368717326,0.2766020893134873,0.960437703488414,0.643730921879856,2.0163683592801203,0.6781675906965884,0.2089523430524027,1.076123805239555,0.5553469995575288,0.0803735101115115,0.1228205911390597,0.4748621682448575,0.0693458747014097,0.195612078325702,0.2963286176239719,0.0,0.0,0,0,0,0,0.0414235861122644,0.0470562270018604,0.0252434774589705,7619.412502133608
ens_champion_segmented6,valid_2025_11,2025-11-15,2,48,80,7.021576409262304,7619.412502133608,726.1840157067936,False,7.062999995374568,49,80,0.04142358611226449,1,0,0,1,11,5,1,3.08612761468992,0.0791693368717326,0.2766020893134873,0.960437703488414,0.643730921879856,2.0163683592801203,0.6781675906965884,0.2089523430524027,1.076123805239555,0.5553469995575288,0.0803735101115115,0.1228205911390597,0.4748621682448575,0.0693458747014097,0.195612078325702,0.2963286176239719,0.0,0.0,0,0,0,0,0.0414235861122644,0.0470562270018604,0.0252434774589705,7619.412502133608
ens_champion_segmented6,valid_2025_11,2025-11-15,3,49,81,7.000443565486478,7722.65723783965,622.9392800007518,False,7.062999995374568,49,80,0.06255642988809029,0,1,1,0,11,5,1,3.08612761468992,0.0791693368717326,0.2766020893134873,0.960437703488414,0.643730921879856,2.0163683592801203,0.6781675906965884,0.2089523430524027,1.076123805239555,0.5553469995575288,0.0803735101115115,0.1228205911390597,0.4748621682448575,0.0693458747014097,0.195612078325702,0.2963286176239719,0.0,0.0,0,0,0,0,0.0414235861122644,0.0470562270018604,0.0252434774589705,7722.65723783965
ens_champion_segmented6,valid_2025_11,2025-11-15,4,50,80,6.999398330220236,7619.412502133608,726.1840157067936,False,7.062999995374568,49,80,0.06360166515433185,1,0,0,1,11,5,1,3.08612761468992,0.0791693368717326,0.2766020893134873,0.960437703488414,0.643730921879856,2.0163683592801203,0.6781675906965884,0.2089523430524027,1.076123805239555,0.5553469995575288,0.0803735101115115,0.1228205911390597,0.4748621682448575,0.0693458747014097,0.195612078325702,0.2963286176239719,0.0,0.0,0,0,0,0,0.0414235861122644,0.0470562270018604,0.0252434774589705,7619.412502133608
ens_champion_segmented6,valid_2025_11,2025-11-15,5,49,79,6.995300541519949,7473.903374418976,871.6931434214266,False,7.062999995374568,49,80,0.06769945385461895,0,1,1,0,11,5,1,3.08612761468992,0.0791693368717326,0.2766020893134873,0.960437703488414,0.643730921879856,2.0163683592801203,0.6781675906965884,0.2089523430524027,1.076123805239555,0.5553469995575288,0.0803735101115115,0.1228205911390597,0.4748621682448575,0.0693458747014097,0.195612078325702,0.2963286176239719,0.0,0.0,0,0,0,0,0.0414235861122644,0.0470562270018604,0.0252434774589705,7473.903374418976
ens_champion_segmented6,valid_2025_11,2025-11-15,6,48,81,6.959019979374213,7722.65723783965,622.9392800007518,False,7.062999995374568,49,80,0.10398001600035478,1,1,0,0,11,5,1,3.08612761468992,0.0791693368717326,0.2766020893134873,0.960437703488414,0.643730921879856,2.0163683592801203,0.6781675906965884,0.2089523430524027,1.076123805239555,0.5553469995575288,0.0803735101115115,0.1228205911390597,0.4748621682448575,0.0693458747014097,0.195612078325702,0.2963286176239719,0.0,0.0,0,0,0,0,0.0414235861122644,0.0470562270018604,0.0252434774589705,7722.65723783965
ens_champion_segmented6,valid_2025_11,2025-11-15,7,48,79,6.953876955407685,7473.903374418976,871.6931434214266,False,7.062999995374568,49,80,0.10912303996688344,1,1,0,0,11,5,1,3.08612761468992,0.0791693368717326,0.2766020893134873,0.960437703488414,0.643730921879856,2.0163683592801203,0.6781675906965884,0.2089523430524027,1.076123805239555,0.5553469995575288,0.0803735101115115,0.1228205911390597,0.4748621682448575,0.0693458747014097,0.195612078325702,0.2963286176239719,0.0,0.0,0,0,0,0,0.0414235861122644,0.0470562270018604,0.0252434774589705,7473.903374418976
ens_champion_segmented6,valid_2025_11,2025-11-15,8,50,81,6.936841900332146,7722.65723783965,622.9392800007518,False,7.062999995374568,49,80,0.12615809504242215,1,1,0,0,11,5,1,3.08612761468992,0.0791693368717326,0.2766020893134873,0.960437703488414,0.643730921879856,2.0163683592801203,0.6781675906965884,0.2089523430524027,1.076123805239555,0.5553469995575288,0.0803735101115115,0.1228205911390597,0.4748621682448575,0.0693458747014097,0.195612078325702,0.2963286176239719,0.0,0.0,0,0,0,0,0.0414235861122644,0.0470562270018604,0.0252434774589705,7722.65723783965
ens_champion_segmented6,valid_2025_11,2025-11-15,9,50,79,6.931698876365617,7473.903374418976,871.6931434214266,False,7.062999995374568,49,80,0.1313011190089508,1,1,0,0,11,5,1,3.08612761468992,0.0791693368717326,0.2766020893134873,0.960437703488414,0.643730921879856,2.0163683592801203,0.6781675906965884,0.2089523430524027,1.076123805239555,0.5553469995575288,0.0803735101115115,0.1228205911390597,0.4748621682448575,0.0693458747014097,0.195612078325702,0.2963286176239719,0.0,0.0,0,0,0,0,0.0414235861122644,0.0470562270018604,0.0252434774589705,7473.903374418976
ens_champion_segmented6,valid_2025_11,2025-11-15,10,49,82,6.931532736922669,7830.823540308002,514.7729775323996,False,7.062999995374568,49,80,0.13146725845189877,0,2,1,0,11,5,1,3.08612761468992,0.0791693368717326,0.2766020893134873,0.960437703488414,0.643730921879856,2.0163683592801203,0.6781675906965884,0.2089523430524027,1.076123805239555,0.5553469995575288,0.0803735101115115,0.1228205911390597,0.4748621682448575,0.0693458747014097,0.195612078325702,0.2963286176239719,0.0,0.0,0,0,0,0,0.0414235861122644,0.0470562270018604,0.0252434774589705,7830.823540308002
ens_champion_segmented6,valid_2025_11,2025-11-16,1,47,82,5.550443861373708,9219.58660450836,426.3024861988033,False,5.550443861373708,47,82,0.0,0,0,1,1,11,6,1,3.074013153349167,0.0739194520487577,0.2645118808560949,0.9909461213671514,0.7652427241965759,2.17928461953167,0.6651799275873049,0.2536756439833483,1.1547650978535426,0.5206378580630787,0.0634716216057264,0.1445420695242261,0.5426913441382484,0.0697415680921173,0.2000056854675593,0.6367027755008012,0.0,4.163331998932265,0,2,0,6,0.0127910319910284,0.0211587241330208,0.0144226266645051,9219.58660450836
ens_champion_segmented6,valid_2025_11,2025-11-16,2,47,81,5.537652829382679,9365.929249024366,279.9598416827976,False,5.550443861373708,47,82,0.01279103199102849,0,1,1,0,11,6,1,3.074013153349167,0.0739194520487577,0.2645118808560949,0.9909461213671514,0.7652427241965759,2.17928461953167,0.6651799275873049,0.2536756439833483,1.1547650978535426,0.5206378580630787,0.0634716216057264,0.1445420695242261,0.5426913441382484,0.0697415680921173,0.2000056854675593,0.6367027755008012,0.0,4.163331998932265,0,2,0,6,0.0127910319910284,0.0211587241330208,0.0144226266645051,9365.929249024366
ens_champion_segmented6,valid_2025_11,2025-11-16,3,47,83,5.526922323363721,9041.43034161931,604.458749087853,False,5.550443861373708,47,82,0.023521538009987353,0,1,1,0,11,6,1,3.074013153349167,0.0739194520487577,0.2645118808560949,0.9909461213671514,0.7652427241965759,2.17928461953167,0.6651799275873049,0.2536756439833483,1.1547650978535426,0.5206378580630787,0.0634716216057264,0.1445420695242261,0.5426913441382484,0.0697415680921173,0.2000056854675593,0.6367027755008012,0.0,4.163331998932265,0,2,0,6,0.0127910319910284,0.0211587241330208,0.0144226266645051,9041.43034161931
ens_champion_segmented6,valid_2025_11,2025-11-16,4,47,80,5.524300934071384,9480.458275167328,165.43081553983575,False,5.550443861373708,47,82,0.026142927302323926,0,2,1,0,11,6,1,3.074013153349167,0.0739194520487577,0.2645118808560949,0.9909461213671514,0.7652427241965759,2.17928461953167,0.6651799275873049,0.2536756439833483,1.1547650978535426,0.5206378580630787,0.0634716216057264,0.1445420695242261,0.5426913441382484,0.0697415680921173,0.2000056854675593,0.6367027755008012,0.0,4.163331998932265,0,2,0,6,0.0127910319910284,0.0211587241330208,0.0144226266645051,9480.458275167328
ens_champion_segmented6,valid_2025_11,2025-11-16,5,47,84,5.507105738011944,8669.261908444085,976.6271822630788,False,5.550443861373708,47,82,0.04333812336176379,0,2,1,0,11,6,1,3.074013153349167,0.0739194520487577,0.2645118808560949,0.9909461213671514,0.7652427241965759,2.17928461953167,0.6651799275873049,0.2536756439833483,1.1547650978535426,0.5206378580630787,0.0634716216057264,0.1445420695242261,0.5426913441382484,0.0697415680921173,0.2000056854675593,0.6367027755008012,0.0,4.163331998932265,0,2,0,6,0.0127910319910284,0.0211587241330208,0.0144226266645051,8669.261908444085
ens_champion_segmented6,valid_2025_11,2025-11-16,6,48,82,5.496838142573001,9219.58660450836,426.3024861988033,False,5.550443861373708,47,82,0.05360571880070708,1,0,0,1,11,6,1,3.074013153349167,0.0739194520487577,0.2645118808560949,0.9909461213671514,0.7652427241965759,2.17928461953167,0.6651799275873049,0.2536756439833483,1.1547650978535426,0.5206378580630787,0.0634716216057264,0.1445420695242261,0.5426913441382484,0.0697415680921173,0.2000056854675593,0.6367027755008012,0.0,4.163331998932265,0,2,0,6,0.0127910319910284,0.0211587241330208,0.0144226266645051,9219.58660450836
ens_champion_segmented6,valid_2025_11,2025-11-16,7,48,81,5.484047110581972,9365.929249024366,279.9598416827976,False,5.550443861373708,47,82,0.06639675079173557,1,1,0,0,11,6,1,3.074013153349167,0.0739194520487577,0.2645118808560949,0.9909461213671514,0.7652427241965759,2.17928461953167,0.6651799275873049,0.2536756439833483,1.1547650978535426,0.5206378580630787,0.0634716216057264,0.1445420695242261,0.5426913441382484,0.0697415680921173,0.2000056854675593,0.6367027755008012,0.0,4.163331998932265,0,2,0,6,0.0127910319910284,0.0211587241330208,0.0144226266645051,9365.929249024366
ens_champion_segmented6,valid_2025_11,2025-11-16,8,48,83,5.4733166045630135,9041.43034161931,604.458749087853,False,5.550443861373708,47,82,0.07712725681069443,1,1,0,0,11,6,1,3.074013153349167,0.0739194520487577,0.2645118808560949,0.9909461213671514,0.7652427241965759,2.17928461953167,0.6651799275873049,0.2536756439833483,1.1547650978535426,0.5206378580630787,0.0634716216057264,0.1445420695242261,0.5426913441382484,0.0697415680921173,0.2000056854675593,0.6367027755008012,0.0,4.163331998932265,0,2,0,6,0.0127910319910284,0.0211587241330208,0.0144226266645051,9041.43034161931
ens_champion_segmented6,valid_2025_11,2025-11-16,9,48,80,5.470695215270677,9480.458275167328,165.43081553983575,False,5.550443861373708,47,82,0.079748646103031,1,2,0,0,11,6,1,3.074013153349167,0.0739194520487577,0.2645118808560949,0.9909461213671514,0.7652427241965759,2.17928461953167,0.6651799275873049,0.2536756439833483,1.1547650978535426,0.5206378580630787,0.0634716216057264,0.1445420695242261,0.5426913441382484,0.0697415680921173,0.2000056854675593,0.6367027755008012,0.0,4.163331998932265,0,2,0,6,0.0127910319910284,0.0211587241330208,0.0144226266645051,9480.458275167328
ens_champion_segmented6,valid_2025_11,2025-11-16,10,46,82,5.469010493680656,9219.58660450836,426.3024861988033,False,5.550443861373708,47,82,0.08143336769305165,1,0,0,1,11,6,1,3.074013153349167,0.0739194520487577,0.2645118808560949,0.9909461213671514,0.7652427241965759,2.17928461953167,0.6651799275873049,0.2536756439833483,1.1547650978535426,0.5206378580630787,0.0634716216057264,0.1445420695242261,0.5426913441382484,0.0697415680921173,0.2000056854675593,0.6367027755008012,0.0,4.163331998932265,0,2,0,6,0.0127910319910284,0.0211587241330208,0.0144226266645051,9219.58660450836
ens_champion_segmented6,valid_2025_11,2025-11-17,1,49,72,4.815870692333849,7271.756461914814,70.82665858389464,False,4.815870692333849,49,72,0.0,0,0,1,1,11,0,0,3.089313070207569,0.0764471112624382,0.2758517109463527,1.0631916841717977,0.6526676793468461,2.035931494728348,0.6421367844909309,0.2159679411508664,1.0593074532929,0.4942231542375719,0.0695456634119186,0.1479136302533589,0.5524600662614529,0.0692583880384219,0.2041009262323068,0.718869153079178,0.5773502691896258,5.686240703077327,1,8,0,3,0.0136910052476508,0.0143513709868514,0.0077197760389502,7271.756461914814
ens_champion_segmented6,valid_2025_11,2025-11-17,2,48,72,4.802179687086198,7271.756461914814,70.82665858389464,False,4.815870692333849,49,72,0.013691005247650878,1,0,0,1,11,0,0,3.089313070207569,0.0764471112624382,0.2758517109463527,1.0631916841717977,0.6526676793468461,2.035931494728348,0.6421367844909309,0.2159679411508664,1.0593074532929,0.4942231542375719,0.0695456634119186,0.1479136302533589,0.5524600662614529,0.0692583880384219,0.2041009262323068,0.718869153079178,0.5773502691896258,5.686240703077327,1,8,0,3,0.0136910052476508,0.0143513709868514,0.0077197760389502,7271.756461914814
ens_champion_segmented6,valid_2025_11,2025-11-17,3,49,80,4.799104495498316,7112.688370049589,229.89475044911975,False,4.815870692333849,49,72,0.016766196835533265,0,8,1,0,11,0,0,3.089313070207569,0.0764471112624382,0.2758517109463527,1.0631916841717977,0.6526676793468461,2.035931494728348,0.6421367844909309,0.2159679411508664,1.0593074532929,0.4942231542375719,0.0695456634119186,0.1479136302533589,0.5524600662614529,0.0692583880384219,0.2041009262323068,0.718869153079178,0.5773502691896258,5.686240703077327,1,8,0,3,0.0136910052476508,0.0143513709868514,0.0077197760389502,7112.688370049589
ens_champion_segmented6,valid_2025_11,2025-11-17,4,49,73,4.797010322898622,7303.570080287859,39.0130402108498,False,4.815870692333849,49,72,0.018860369435227398,0,1,1,0,11,0,0,3.089313070207569,0.0764471112624382,0.2758517109463527,1.0631916841717977,0.6526676793468461,2.035931494728348,0.6421367844909309,0.2159679411508664,1.0593074532929,0.4942231542375719,0.0695456634119186,0.1479136302533589,0.5524600662614529,0.0692583880384219,0.2041009262323068,0.718869153079178,0.5773502691896258,5.686240703077327,1,8,0,3,0.0136910052476508,0.0143513709868514,0.0077197760389502,7303.570080287859
ens_champion_segmented6,valid_2025_11,2025-11-17,5,49,71,4.793431408918004,7080.874751676544,261.70836882216463,False,4.815870692333849,49,72,0.02243928341584489,0,1,1,0,11,0,0,3.089313070207569,0.0764471112624382,0.2758517109463527,1.0631916841717977,0.6526676793468461,2.035931494728348,0.6421367844909309,0.2159679411508664,1.0593074532929,0.4942231542375719,0.0695456634119186,0.1479136302533589,0.5524600662614529,0.0692583880384219,0.2041009262323068,0.718869153079178,0.5773502691896258,5.686240703077327,1,8,0,3,0.0136910052476508,0.0143513709868514,0.0077197760389502,7080.874751676544
ens_champion_segmented6,valid_2025_11,2025-11-17,6,48,80,4.785413490250665,7112.688370049589,229.89475044911975,False,4.815870692333849,49,72,0.030457202083184143,1,8,0,0,11,0,0,3.089313070207569,0.0764471112624382,0.2758517109463527,1.0631916841717977,0.6526676793468461,2.035931494728348,0.6421367844909309,0.2159679411508664,1.0593074532929,0.4942231542375719,0.0695456634119186,0.1479136302533589,0.5524600662614529,0.0692583880384219,0.2041009262323068,0.718869153079178,0.5773502691896258,5.686240703077327,1,8,0,3,0.0136910052476508,0.0143513709868514,0.0077197760389502,7112.688370049589
ens_champion_segmented6,valid_2025_11,2025-11-17,7,48,73,4.783319317650971,7303.570080287859,39.0130402108498,False,4.815870692333849,49,72,0.032551374682878276,1,1,0,0,11,0,0,3.089313070207569,0.0764471112624382,0.2758517109463527,1.0631916841717977,0.6526676793468461,2.035931494728348,0.6421367844909309,0.2159679411508664,1.0593074532929,0.4942231542375719,0.0695456634119186,0.1479136302533589,0.5524600662614529,0.0692583880384219,0.2041009262323068,0.718869153079178,0.5773502691896258,5.686240703077327,1,8,0,3,0.0136910052476508,0.0143513709868514,0.0077197760389502,7303.570080287859
ens_champion_segmented6,valid_2025_11,2025-11-17,8,48,71,4.779740403670353,7080.874751676544,261.70836882216463,False,4.815870692333849,49,72,0.03613028866349666,1,1,0,0,11,0,0,3.089313070207569,0.0764471112624382,0.2758517109463527,1.0631916841717977,0.6526676793468461,2.035931494728348,0.6421367844909309,0.2159679411508664,1.0593074532929,0.4942231542375719,0.0695456634119186,0.1479136302533589,0.5524600662614529,0.0692583880384219,0.2041009262323068,0.718869153079178,0.5773502691896258,5.686240703077327,1,8,0,3,0.0136910052476508,0.0143513709868514,0.0077197760389502,7080.874751676544
ens_champion_segmented6,valid_2025_11,2025-11-17,9,49,78,4.77954855832326,7176.315606795679,166.2675137030301,False,4.815870692333849,49,72,0.03632213401058948,0,6,1,0,11,0,0,3.089313070207569,0.0764471112624382,0.2758517109463527,1.0631916841717977,0.6526676793468461,2.035931494728348,0.6421367844909309,0.2159679411508664,1.0593074532929,0.4942231542375719,0.0695456634119186,0.1479136302533589,0.5524600662614529,0.0692583880384219,0.2041009262323068,0.718869153079178,0.5773502691896258,5.686240703077327,1,8,0,3,0.0136910052476508,0.0143513709868514,0.0077197760389502,7176.315606795679
ens_champion_segmented6,valid_2025_11,2025-11-17,10,49,77,4.77507277729875,7208.129225168724,134.45389532998524,False,4.815870692333849,49,72,0.04079791503509966,0,5,1,0,11,0,0,3.089313070207569,0.0764471112624382,0.2758517109463527,1.0631916841717977,0.6526676793468461,2.035931494728348,0.6421367844909309,0.2159679411508664,1.0593074532929,0.4942231542375719,0.0695456634119186,0.1479136302533589,0.5524600662614529,0.0692583880384219,0.2041009262323068,0.718869153079178,0.5773502691896258,5.686240703077327,1,8,0,3,0.0136910052476508,0.0143513709868514,0.0077197760389502,7208.129225168724
ens_champion_segmented6,valid_2025_11,2025-11-18,1,49,68,8.900175891513092,9614.463598478267,489.9297229448857,False,8.900175891513092,49,68,0.0,0,0,1,1,11,1,0,3.1120952937863944,0.0718524178099828,0.2672469048110732,1.1100541865554312,0.6373503293684136,2.0401581586710784,0.634202123571853,0.2025209572815891,0.9941941249911878,0.4957159377587667,0.1067818114753804,0.1384861858130862,0.526076978528867,0.0687377259453494,0.1957779609379661,0.289983364971467,0.5773502691896258,0.0,1,0,0,0,0.0120052805894914,0.0128476129575449,0.0068146130420646,9614.463598478267
ens_champion_segmented6,valid_2025_11,2025-11-18,2,51,68,8.8881706109236,9614.463598478267,489.9297229448857,False,8.900175891513092,49,68,0.012005280589491463,2,0,0,1,11,1,0,3.1120952937863944,0.0718524178099828,0.2672469048110732,1.1100541865554312,0.6373503293684136,2.0401581586710784,0.634202123571853,0.2025209572815891,0.9941941249911878,0.4957159377587667,0.1067818114753804,0.1384861858130862,0.526076978528867,0.0687377259453494,0.1957779609379661,0.289983364971467,0.5773502691896258,0.0,1,0,0,0,0.0120052805894914,0.0128476129575449,0.0068146130420646,9614.463598478267
ens_champion_segmented6,valid_2025_11,2025-11-18,3,50,68,8.883965243271868,9614.463598478267,489.9297229448857,False,8.900175891513092,49,68,0.016210648241223424,1,0,0,1,11,1,0,3.1120952937863944,0.0718524178099828,0.2672469048110732,1.1100541865554312,0.6373503293684136,2.0401581586710784,0.634202123571853,0.2025209572815891,0.9941941249911878,0.4957159377587667,0.1067818114753804,0.1384861858130862,0.526076978528867,0.0687377259453494,0.1957779609379661,0.289983364971467,0.5773502691896258,0.0,1,0,0,0,0.0120052805894914,0.0128476129575449,0.0068146130420646,9614.463598478267
ens_champion_segmented6,valid_2025_11,2025-11-18,4,48,68,8.883111272216237,9614.463598478267,489.9297229448857,False,8.900175891513092,49,68,0.0170646192968551,1,0,0,1,11,1,0,3.1120952937863944,0.0718524178099828,0.2672469048110732,1.1100541865554312,0.6373503293684136,2.0401581586710784,0.634202123571853,0.2025209572815891,0.9941941249911878,0.4957159377587667,0.1067818114753804,0.1384861858130862,0.526076978528867,0.0687377259453494,0.1957779609379661,0.289983364971467,0.5773502691896258,0.0,1,0,0,0,0.0120052805894914,0.0128476129575449,0.0068146130420646,9614.463598478267
ens_champion_segmented6,valid_2025_11,2025-11-18,5,52,68,8.881218374852935,9614.463598478267,489.9297229448857,False,8.900175891513092,49,68,0.01895751666015677,3,0,0,1,11,1,0,3.1120952937863944,0.0718524178099828,0.2672469048110732,1.1100541865554312,0.6373503293684136,2.0401581586710784,0.634202123571853,0.2025209572815891,0.9941941249911878,0.4957159377587667,0.1067818114753804,0.1384861858130862,0.526076978528867,0.0687377259453494,0.1957779609379661,0.289983364971467,0.5773502691896258,0.0,1,0,0,0,0.0120052805894914,0.0128476129575449,0.0068146130420646,9614.463598478267
ens_champion_segmented6,valid_2025_11,2025-11-18,6,49,69,8.87657881337209,9092.720257160334,1011.6730642628208,False,8.900175891513092,49,68,0.02359707814100176,0,1,1,0,11,1,0,3.1120952937863944,0.0718524178099828,0.2672469048110732,1.1100541865554312,0.6373503293684136,2.0401581586710784,0.634202123571853,0.2025209572815891,0.9941941249911878,0.4957159377587667,0.1067818114753804,0.1384861858130862,0.526076978528867,0.0687377259453494,0.1957779609379661,0.289983364971467,0.5773502691896258,0.0,1,0,0,0,0.0120052805894914,0.0128476129575449,0.0068146130420646,9092.720257160334
ens_champion_segmented6,valid_2025_11,2025-11-18,7,51,69,8.864573532782599,9092.720257160334,1011.6730642628208,False,8.900175891513092,49,68,0.03560235873049322,2,1,0,0,11,1,0,3.1120952937863944,0.0718524178099828,0.2672469048110732,1.1100541865554312,0.6373503293684136,2.0401581586710784,0.634202123571853,0.2025209572815891,0.9941941249911878,0.4957159377587667,0.1067818114753804,0.1384861858130862,0.526076978528867,0.0687377259453494,0.1957779609379661,0.289983364971467,0.5773502691896258,0.0,1,0,0,0,0.0120052805894914,0.0128476129575449,0.0068146130420646,9092.720257160334
ens_champion_segmented6,valid_2025_11,2025-11-18,8,50,69,8.860368165130867,9092.720257160334,1011.6730642628208,False,8.900175891513092,49,68,0.039807726382225184,1,1,0,0,11,1,0,3.1120952937863944,0.0718524178099828,0.2672469048110732,1.1100541865554312,0.6373503293684136,2.0401581586710784,0.634202123571853,0.2025209572815891,0.9941941249911878,0.4957159377587667,0.1067818114753804,0.1384861858130862,0.526076978528867,0.0687377259453494,0.1957779609379661,0.289983364971467,0.5773502691896258,0.0,1,0,0,0,0.0120052805894914,0.0128476129575449,0.0068146130420646,9092.720257160334
ens_champion_segmented6,valid_2025_11,2025-11-18,9,48,69,8.859514194075235,9092.720257160334,1011.6730642628208,False,8.900175891513092,49,68,0.04066169743785686,1,1,0,0,11,1,0,3.1120952937863944,0.0718524178099828,0.2672469048110732,1.1100541865554312,0.6373503293684136,2.0401581586710784,0.634202123571853,0.2025209572815891,0.9941941249911878,0.4957159377587667,0.1067818114753804,0.1384861858130862,0.526076978528867,0.0687377259453494,0.1957779609379661,0.289983364971467,0.5773502691896258,0.0,1,0,0,0,0.0120052805894914,0.0128476129575449,0.0068146130420646,9092.720257160334
ens_champion_segmented6,valid_2025_11,2025-11-18,10,52,69,8.857621296711933,9092.720257160334,1011.6730642628208,False,8.900175891513092,49,68,0.04255459480115853,3,1,0,0,11,1,0,3.1120952937863944,0.0718524178099828,0.2672469048110732,1.1100541865554312,0.6373503293684136,2.0401581586710784,0.634202123571853,0.2025209572815891,0.9941941249911878,0.4957159377587667,0.1067818114753804,0.1384861858130862,0.526076978528867,0.0687377259453494,0.1957779609379661,0.289983364971467,0.5773502691896258,0.0,1,0,0,0,0.0120052805894914,0.0128476129575449,0.0068146130420646,9092.720257160334
ens_champion_segmented6,valid_2025_11,2025-11-19,1,47,82,8.41375773030482,7769.49006544661,2431.4448622913906,False,8.41375773030482,47,82,0.0,0,0,1,1,11,2,0,3.152530913570778,0.0894088777449913,0.3430421327736561,1.1838432481487295,0.7612594490955906,2.412067417357241,0.612358954803142,0.2443310619583915,1.0737341008660672,0.4763191066567633,0.0744198930495332,0.1360398481463786,0.5187749056591051,0.0677812532741299,0.191624112354714,0.1942125283262835,1.1547005383792517,1.1547005383792517,0,2,2,2,0.0013309418335474,0.0032343465683215,0.0030213357806879,7769.49006544661
ens_champion_segmented6,valid_2025_11,2025-11-19,2,47,85,8.412426788471272,8621.490579095122,1579.444348642879,False,8.41375773030482,47,82,0.0013309418335474277,0,3,1,0,11,2,0,3.152530913570778,0.0894088777449913,0.3430421327736561,1.1838432481487295,0.7612594490955906,2.412067417357241,0.612358954803142,0.2443310619583915,1.0737341008660672,0.4763191066567633,0.0744198930495332,0.1360398481463786,0.5187749056591051,0.0677812532741299,0.191624112354714,0.1942125283262835,1.1547005383792517,1.1547005383792517,0,2,2,2,0.0013309418335474,0.0032343465683215,0.0030213357806879,8621.490579095122
ens_champion_segmented6,valid_2025_11,2025-11-19,3,47,84,8.411117874259489,8282.793253810174,1918.1416739278263,False,8.41375773030482,47,82,0.0026398560453309017,0,2,1,0,11,2,0,3.152530913570778,0.0894088777449913,0.3430421327736561,1.1838432481487295,0.7612594490955906,2.412067417357241,0.612358954803142,0.2443310619583915,1.0737341008660672,0.4763191066567633,0.0744198930495332,0.1360398481463786,0.5187749056591051,0.0677812532741299,0.191624112354714,0.1942125283262835,1.1547005383792517,1.1547005383792517,0,2,2,2,0.0013309418335474,0.0032343465683215,0.0030213357806879,8282.793253810174
ens_champion_segmented6,valid_2025_11,2025-11-19,4,47,83,8.410375321416602,8131.646752919838,2069.2881748181626,False,8.41375773030482,47,82,0.003382408888217725,0,1,1,0,11,2,0,3.152530913570778,0.0894088777449913,0.3430421327736561,1.1838432481487295,0.7612594490955906,2.412067417357241,0.612358954803142,0.2443310619583915,1.0737341008660672,0.4763191066567633,0.0744198930495332,0.1360398481463786,0.5187749056591051,0.0677812532741299,0.191624112354714,0.1942125283262835,1.1547005383792517,1.1547005383792517,0,2,2,2,0.0013309418335474,0.0032343465683215,0.0030213357806879,8131.646752919838
ens_champion_segmented6,valid_2025_11,2025-11-19,5,49,82,8.404939204230299,7769.49006544661,2431.4448622913906,False,8.41375773030482,47,82,0.008818526074520605,2,0,0,1,11,2,0,3.152530913570778,0.0894088777449913,0.3430421327736561,1.1838432481487295,0.7612594490955906,2.412067417357241,0.612358954803142,0.2443310619583915,1.0737341008660672,0.4763191066567633,0.0744198930495332,0.1360398481463786,0.5187749056591051,0.0677812532741299,0.191624112354714,0.1942125283262835,1.1547005383792517,1.1547005383792517,0,2,2,2,0.0013309418335474,0.0032343465683215,0.0030213357806879,7769.49006544661
ens_champion_segmented6,valid_2025_11,2025-11-19,6,49,85,8.403608262396752,8621.490579095122,1579.444348642879,False,8.41375773030482,47,82,0.010149467908068033,2,3,0,0,11,2,0,3.152530913570778,0.0894088777449913,0.3430421327736561,1.1838432481487295,0.7612594490955906,2.412067417357241,0.612358954803142,0.2443310619583915,1.0737341008660672,0.4763191066567633,0.0744198930495332,0.1360398481463786,0.5187749056591051,0.0677812532741299,0.191624112354714,0.1942125283262835,1.1547005383792517,1.1547005383792517,0,2,2,2,0.0013309418335474,0.0032343465683215,0.0030213357806879,8621.490579095122
ens_champion_segmented6,valid_2025_11,2025-11-19,7,49,84,8.402299348184968,8282.793253810174,1918.1416739278263,False,8.41375773030482,47,82,0.011458382119851507,2,2,0,0,11,2,0,3.152530913570778,0.0894088777449913,0.3430421327736561,1.1838432481487295,0.7612594490955906,2.412067417357241,0.612358954803142,0.2443310619583915,1.0737341008660672,0.4763191066567633,0.0744198930495332,0.1360398481463786,0.5187749056591051,0.0677812532741299,0.191624112354714,0.1942125283262835,1.1547005383792517,1.1547005383792517,0,2,2,2,0.0013309418335474,0.0032343465683215,0.0030213357806879,8282.793253810174
ens_champion_segmented6,valid_2025_11,2025-11-19,8,48,82,8.401915667888474,7769.49006544661,2431.4448622913906,False,8.41375773030482,47,82,0.011842062416345556,1,0,0,1,11,2,0,3.152530913570778,0.0894088777449913,0.3430421327736561,1.1838432481487295,0.7612594490955906,2.412067417357241,0.612358954803142,0.2443310619583915,1.0737341008660672,0.4763191066567633,0.0744198930495332,0.1360398481463786,0.5187749056591051,0.0677812532741299,0.191624112354714,0.1942125283262835,1.1547005383792517,1.1547005383792517,0,2,2,2,0.0013309418335474,0.0032343465683215,0.0030213357806879,7769.49006544661
ens_champion_segmented6,valid_2025_11,2025-11-19,9,49,83,8.401556795342081,8131.646752919838,2069.2881748181626,False,8.41375773030482,47,82,0.01220093496273833,2,1,0,0,11,2,0,3.152530913570778,0.0894088777449913,0.3430421327736561,1.1838432481487295,0.7612594490955906,2.412067417357241,0.612358954803142,0.2443310619583915,1.0737341008660672,0.4763191066567633,0.0744198930495332,0.1360398481463786,0.5187749056591051,0.0677812532741299,0.191624112354714,0.1942125283262835,1.1547005383792517,1.1547005383792517,0,2,2,2,0.0013309418335474,0.0032343465683215,0.0030213357806879,8131.646752919838
ens_champion_segmented6,valid_2025_11,2025-11-19,10,48,85,8.400584726054927,8621.490579095122,1579.444348642879,False,8.41375773030482,47,82,0.013173004249892983,1,3,0,0,11,2,0,3.152530913570778,0.0894088777449913,0.3430421327736561,1.1838432481487295,0.7612594490955906,2.412067417357241,0.612358954803142,0.2443310619583915,1.0737341008660672,0.4763191066567633,0.0744198930495332,0.1360398481463786,0.5187749056591051,0.0677812532741299,0.191624112354714,0.1942125283262835,1.1547005383792517,1.1547005383792517,0,2,2,2,0.0013309418335474,0.0032343465683215,0.0030213357806879,8621.490579095122
ens_champion_segmented6,valid_2025_11,2025-11-20,1,54,68,6.859609777800294,8462.422487229898,222.69532861131847,False,6.859609777800294,54,68,0.0,0,0,1,1,11,3,0,3.1819102136273343,0.0886909402062751,0.3237076172765394,1.6075360726593582,0.6929921371441973,2.0772766414692976,0.4784550242366472,0.220494506048639,0.9003187927159304,0.3355190753256793,0.0829004555325773,0.1429359489109678,0.5427946255809327,0.0672956419420283,0.1804488779887874,0.7319908896718956,0.5773502691896258,0.0,1,0,0,0,0.0102197794162108,0.0603333944583521,0.045995236733154,8462.422487229898
ens_champion_segmented6,valid_2025_11,2025-11-20,2,55,68,6.849389998384083,8462.422487229898,222.69532861131847,False,6.859609777800294,54,68,0.010219779416210883,1,0,0,1,11,3,0,3.1819102136273343,0.0886909402062751,0.3237076172765394,1.6075360726593582,0.6929921371441973,2.0772766414692976,0.4784550242366472,0.220494506048639,0.9003187927159304,0.3355190753256793,0.0829004555325773,0.1429359489109678,0.5427946255809327,0.0672956419420283,0.1804488779887874,0.7319908896718956,0.5773502691896258,0.0,1,0,0,0,0.0102197794162108,0.0603333944583521,0.045995236733154,8462.422487229898
ens_champion_segmented6,valid_2025_11,2025-11-20,3,53,68,6.77678815872639,8462.422487229898,222.69532861131847,False,6.859609777800294,54,68,0.08282161907390417,1,0,0,1,11,3,0,3.1819102136273343,0.0886909402062751,0.3237076172765394,1.6075360726593582,0.6929921371441973,2.0772766414692976,0.4784550242366472,0.220494506048639,0.9003187927159304,0.3355190753256793,0.0829004555325773,0.1429359489109678,0.5427946255809327,0.0672956419420283,0.1804488779887874,0.7319908896718956,0.5773502691896258,0.0,1,0,0,0,0.0102197794162108,0.0603333944583521,0.045995236733154,8462.422487229898
ens_champion_segmented6,valid_2025_11,2025-11-20,4,54,67,6.760406880607576,8271.540776991627,413.57703884958937,False,6.859609777800294,54,68,0.09920289719271835,0,1,1,0,11,3,0,3.1819102136273343,0.0886909402062751,0.3237076172765394,1.6075360726593582,0.6929921371441973,2.0772766414692976,0.4784550242366472,0.220494506048639,0.9003187927159304,0.3355190753256793,0.0829004555325773,0.1429359489109678,0.5427946255809327,0.0672956419420283,0.1804488779887874,0.7319908896718956,0.5773502691896258,0.0,1,0,0,0,0.0102197794162108,0.0603333944583521,0.045995236733154,8271.540776991627
ens_champion_segmented6,valid_2025_11,2025-11-20,5,55,67,6.750187101191365,8271.540776991627,413.57703884958937,False,6.859609777800294,54,68,0.10942267660892924,1,1,0,0,11,3,0,3.1819102136273343,0.0886909402062751,0.3237076172765394,1.6075360726593582,0.6929921371441973,2.0772766414692976,0.4784550242366472,0.220494506048639,0.9003187927159304,0.3355190753256793,0.0829004555325773,0.1429359489109678,0.5427946255809327,0.0672956419420283,0.1804488779887874,0.7319908896718956,0.5773502691896258,0.0,1,0,0,0,0.0102197794162108,0.0603333944583521,0.045995236733154,8271.540776991627
ens_champion_segmented6,valid_2025_11,2025-11-20,6,54,69,6.745294979774556,8526.049723975988,159.06809186522878,False,6.859609777800294,54,68,0.11431479802573818,0,1,1,0,11,3,0,3.1819102136273343,0.0886909402062751,0.3237076172765394,1.6075360726593582,0.6929921371441973,2.0772766414692976,0.4784550242366472,0.220494506048639,0.9003187927159304,0.3355190753256793,0.0829004555325773,0.1429359489109678,0.5427946255809327,0.0672956419420283,0.1804488779887874,0.7319908896718956,0.5773502691896258,0.0,1,0,0,0,0.0102197794162108,0.0603333944583521,0.045995236733154,8526.049723975988
ens_champion_segmented6,valid_2025_11,2025-11-20,7,55,69,6.735075200358345,8526.049723975988,159.06809186522878,False,6.859609777800294,54,68,0.12453457744194907,1,1,0,0,11,3,0,3.1819102136273343,0.0886909402062751,0.3237076172765394,1.6075360726593582,0.6929921371441973,2.0772766414692976,0.4784550242366472,0.220494506048639,0.9003187927159304,0.3355190753256793,0.0829004555325773,0.1429359489109678,0.5427946255809327,0.0672956419420283,0.1804488779887874,0.7319908896718956,0.5773502691896258,0.0,1,0,0,0,0.0102197794162108,0.0603333944583521,0.045995236733154,8526.049723975988
ens_champion_segmented6,valid_2025_11,2025-11-20,8,56,68,6.695594181024852,8462.422487229898,222.69532861131847,False,6.859609777800294,54,68,0.16401559677544242,2,0,0,1,11,3,0,3.1819102136273343,0.0886909402062751,0.3237076172765394,1.6075360726593582,0.6929921371441973,2.0772766414692976,0.4784550242366472,0.220494506048639,0.9003187927159304,0.3355190753256793,0.0829004555325773,0.1429359489109678,0.5427946255809327,0.0672956419420283,0.1804488779887874,0.7319908896718956,0.5773502691896258,0.0,1,0,0,0,0.0102197794162108,0.0603333944583521,0.045995236733154,8462.422487229898
ens_champion_segmented6,valid_2025_11,2025-11-20,9,53,67,6.677585261533672,8271.540776991627,413.57703884958937,False,6.859609777800294,54,68,0.18202451626662253,1,1,0,0,11,3,0,3.1819102136273343,0.0886909402062751,0.3237076172765394,1.6075360726593582,0.6929921371441973,2.0772766414692976,0.4784550242366472,0.220494506048639,0.9003187927159304,0.3355190753256793,0.0829004555325773,0.1429359489109678,0.5427946255809327,0.0672956419420283,0.1804488779887874,0.7319908896718956,0.5773502691896258,0.0,1,0,0,0,0.0102197794162108,0.0603333944583521,0.045995236733154,8271.540776991627
ens_champion_segmented6,valid_2025_11,2025-11-20,10,53,69,6.662473360700652,8526.049723975988,159.06809186522878,False,6.859609777800294,54,68,0.19713641709964236,1,1,0,0,11,3,0,3.1819102136273343,0.0886909402062751,0.3237076172765394,1.6075360726593582,0.6929921371441973,2.0772766414692976,0.4784550242366472,0.220494506048639,0.9003187927159304,0.3355190753256793,0.0829004555325773,0.1429359489109678,0.5427946255809327,0.0672956419420283,0.1804488779887874,0.7319908896718956,0.5773502691896258,0.0,1,0,0,0,0.0102197794162108,0.0603333944583521,0.045995236733154,8526.049723975988
ens_champion_segmented6,valid_2025_11,2025-11-21,1,54,68,6.9263051365685975,6683.354046019838,420.0861051687116,False,6.9263051365685975,54,68,0.0,0,0,1,1,11,4,0,3.185090409483532,0.0841274586323454,0.3147521670444697,1.3602776345859189,0.5454648134992578,1.7549477567813452,0.5647158092230395,0.1684105384869801,0.904240210079954,0.4228154081839024,0.0548073529611717,0.141900401039137,0.5374410722816632,0.0672338890121395,0.1765330747615997,0.6578548474077005,1.1547005383792517,0.5773502691896257,2,0,0,1,0.0550930194520802,0.0756707265318761,0.0463929438802608,6683.354046019838
ens_champion_segmented6,valid_2025_11,2025-11-21,2,54,67,6.871212117116517,7103.440151188545,4.547473508864641e-12,False,6.9263051365685975,54,68,0.05509301945208023,0,1,1,0,11,4,0,3.185090409483532,0.0841274586323454,0.3147521670444697,1.3602776345859189,0.5454648134992578,1.7549477567813452,0.5647158092230395,0.1684105384869801,0.904240210079954,0.4228154081839024,0.0548073529611717,0.141900401039137,0.5374410722816632,0.0672338890121395,0.1765330747615997,0.6578548474077005,1.1547005383792517,0.5773502691896257,2,0,0,1,0.0550930194520802,0.0756707265318761,0.0463929438802608,7103.440151188545
ens_champion_segmented6,valid_2025_11,2025-11-21,3,55,68,6.847137708357991,6683.354046019838,420.0861051687116,False,6.9263051365685975,54,68,0.07916742821060652,1,0,0,1,11,4,0,3.185090409483532,0.0841274586323454,0.3147521670444697,1.3602776345859189,0.5454648134992578,1.7549477567813452,0.5647158092230395,0.1684105384869801,0.904240210079954,0.4228154081839024,0.0548073529611717,0.141900401039137,0.5374410722816632,0.0672338890121395,0.1765330747615997,0.6578548474077005,1.1547005383792517,0.5773502691896257,2,0,0,1,0.0550930194520802,0.0756707265318761,0.0463929438802608,6683.354046019838
ens_champion_segmented6,valid_2025_11,2025-11-21,4,53,68,6.816472399234588,6683.354046019838,420.0861051687116,False,6.9263051365685975,54,68,0.10983273733400978,1,0,0,1,11,4,0,3.185090409483532,0.0841274586323454,0.3147521670444697,1.3602776345859189,0.5454648134992578,1.7549477567813452,0.5647158092230395,0.1684105384869801,0.904240210079954,0.4228154081839024,0.0548073529611717,0.141900401039137,0.5374410722816632,0.0672338890121395,0.1765330747615997,0.6578548474077005,1.1547005383792517,0.5773502691896257,2,0,0,1,0.0550930194520802,0.0756707265318761,0.0463929438802608,6683.354046019838
ens_champion_segmented6,valid_2025_11,2025-11-21,5,55,67,6.792044688905911,7103.440151188545,4.547473508864641e-12,False,6.9263051365685975,54,68,0.13426044766268674,1,1,0,0,11,4,0,3.185090409483532,0.0841274586323454,0.3147521670444697,1.3602776345859189,0.5454648134992578,1.7549477567813452,0.5647158092230395,0.1684105384869801,0.904240210079954,0.4228154081839024,0.0548073529611717,0.141900401039137,0.5374410722816632,0.0672338890121395,0.1765330747615997,0.6578548474077005,1.1547005383792517,0.5773502691896257,2,0,0,1,0.0550930194520802,0.0756707265318761,0.0463929438802608,7103.440151188545
ens_champion_segmented6,valid_2025_11,2025-11-21,6,54,69,6.762632850645296,6371.688752266469,731.7513989220806,False,6.9263051365685975,54,68,0.16367228592330108,0,1,1,0,11,4,0,3.185090409483532,0.0841274586323454,0.3147521670444697,1.3602776345859189,0.5454648134992578,1.7549477567813452,0.5647158092230395,0.1684105384869801,0.904240210079954,0.4228154081839024,0.0548073529611717,0.141900401039137,0.5374410722816632,0.0672338890121395,0.1765330747615997,0.6578548474077005,1.1547005383792517,0.5773502691896257,2,0,0,1,0.0550930194520802,0.0756707265318761,0.0463929438802608,6371.688752266469
ens_champion_segmented6,valid_2025_11,2025-11-21,7,53,67,6.761379379782508,7103.440151188545,4.547473508864641e-12,False,6.9263051365685975,54,68,0.16492575678608912,1,1,0,0,11,4,0,3.185090409483532,0.0841274586323454,0.3147521670444697,1.3602776345859189,0.5454648134992578,1.7549477567813452,0.5647158092230395,0.1684105384869801,0.904240210079954,0.4228154081839024,0.0548073529611717,0.141900401039137,0.5374410722816632,0.0672338890121395,0.1765330747615997,0.6578548474077005,1.1547005383792517,0.5773502691896257,2,0,0,1,0.0550930194520802,0.0756707265318761,0.0463929438802608,7103.440151188545
ens_champion_segmented6,valid_2025_11,2025-11-21,8,52,68,6.706150888391974,6683.354046019838,420.0861051687116,False,6.9263051365685975,54,68,0.2201542481766232,2,0,0,1,11,4,0,3.185090409483532,0.0841274586323454,0.3147521670444697,1.3602776345859189,0.5454648134992578,1.7549477567813452,0.5647158092230395,0.1684105384869801,0.904240210079954,0.4228154081839024,0.0548073529611717,0.141900401039137,0.5374410722816632,0.0672338890121395,0.1765330747615997,0.6578548474077005,1.1547005383792517,0.5773502691896257,2,0,0,1,0.0550930194520802,0.0756707265318761,0.0463929438802608,6683.354046019838
ens_champion_segmented6,valid_2025_11,2025-11-21,9,56,68,6.696195146057264,6683.354046019838,420.0861051687116,False,6.9263051365685975,54,68,0.23010999051133307,2,0,0,1,11,4,0,3.185090409483532,0.0841274586323454,0.3147521670444697,1.3602776345859189,0.5454648134992578,1.7549477567813452,0.5647158092230395,0.1684105384869801,0.904240210079954,0.4228154081839024,0.0548073529611717,0.141900401039137,0.5374410722816632,0.0672338890121395,0.1765330747615997,0.6578548474077005,1.1547005383792517,0.5773502691896257,2,0,0,1,0.0550930194520802,0.0756707265318761,0.0463929438802608,6683.354046019838
ens_champion_segmented6,valid_2025_11,2025-11-21,10,55,69,6.68346542243469,6371.688752266469,731.7513989220806,False,6.9263051365685975,54,68,0.2428397141339076,1,1,0,0,11,4,0,3.185090409483532,0.0841274586323454,0.3147521670444697,1.3602776345859189,0.5454648134992578,1.7549477567813452,0.5647158092230395,0.1684105384869801,0.904240210079954,0.4228154081839024,0.0548073529611717,0.141900401039137,0.5374410722816632,0.0672338890121395,0.1765330747615997,0.6578548474077005,1.1547005383792517,0.5773502691896257,2,0,0,1,0.0550930194520802,0.0756707265318761,0.0463929438802608,6371.688752266469
ens_champion_segmented6,valid_2025_11,2025-11-22,1,48,72,3.9695188333785776,6122.938070207633,141.5865085692349,False,3.9695188333785776,48,72,0.0,0,0,1,1,11,5,1,3.171063842052458,0.0859500482294018,0.3105304121190921,0.7250271714963974,0.6427006022914689,1.867498901546062,0.7580533864955581,0.2070513668750981,1.1686295917206868,0.6336052075760893,0.0342450933919611,0.1244481789194687,0.4759600880983326,0.0675279053292224,0.2103232061088406,0.6047780745603615,0.0,9.237604307034012,0,0,0,16,0.0044393641944395,0.0050823801032091,0.0028000348384463,6122.938070207633
ens_champion_segmented6,valid_2025_11,2025-11-22,2,48,82,3.965079469184138,3994.08843907146,2270.436139705409,False,3.9695188333785776,48,72,0.004439364194439577,0,10,1,0,11,5,1,3.171063842052458,0.0859500482294018,0.3105304121190921,0.7250271714963974,0.6427006022914689,1.867498901546062,0.7580533864955581,0.2070513668750981,1.1686295917206868,0.6336052075760893,0.0342450933919611,0.1244481789194687,0.4759600880983326,0.0675279053292224,0.2103232061088406,0.6047780745603615,0.0,9.237604307034012,0,0,0,16,0.0044393641944395,0.0050823801032091,0.0028000348384463,3994.08843907146
ens_champion_segmented6,valid_2025_11,2025-11-22,3,48,81,3.963160856246292,4498.207035810727,1766.3175429661414,False,3.9695188333785776,48,72,0.006357977132285697,0,9,1,0,11,5,1,3.171063842052458,0.0859500482294018,0.3105304121190921,0.7250271714963974,0.6427006022914689,1.867498901546062,0.7580533864955581,0.2070513668750981,1.1686295917206868,0.6336052075760893,0.0342450933919611,0.1244481789194687,0.4759600880983326,0.0675279053292224,0.2103232061088406,0.6047780745603615,0.0,9.237604307034012,0,0,0,16,0.0044393641944395,0.0050823801032091,0.0028000348384463,4498.207035810727
ens_champion_segmented6,valid_2025_11,2025-11-22,4,48,83,3.9630569576032375,3492.9126020316994,2771.6119767451687,False,3.9695188333785776,48,72,0.006461875775340076,0,11,1,0,11,5,1,3.171063842052458,0.0859500482294018,0.3105304121190921,0.7250271714963974,0.6427006022914689,1.867498901546062,0.7580533864955581,0.2070513668750981,1.1686295917206868,0.6336052075760893,0.0342450933919611,0.1244481789194687,0.4759600880983326,0.0675279053292224,0.2103232061088406,0.6047780745603615,0.0,9.237604307034012,0,0,0,16,0.0044393641944395,0.0050823801032091,0.0028000348384463,3492.9126020316994
ens_champion_segmented6,valid_2025_11,2025-11-22,5,48,80,3.961366149964599,4366.221877266476,1898.3027015103928,False,3.9695188333785776,48,72,0.008152683413978679,0,8,1,0,11,5,1,3.171063842052458,0.0859500482294018,0.3105304121190921,0.7250271714963974,0.6427006022914689,1.867498901546062,0.7580533864955581,0.2070513668750981,1.1686295917206868,0.6336052075760893,0.0342450933919611,0.1244481789194687,0.4759600880983326,0.0675279053292224,0.2103232061088406,0.6047780745603615,0.0,9.237604307034012,0,0,0,16,0.0044393641944395,0.0050823801032091,0.0028000348384463,4366.221877266476
ens_champion_segmented6,valid_2025_11,2025-11-22,6,49,72,3.959452627082261,6122.938070207633,141.5865085692349,False,3.9695188333785776,48,72,0.010066206296316604,1,0,0,1,11,5,1,3.171063842052458,0.0859500482294018,0.3105304121190921,0.7250271714963974,0.6427006022914689,1.867498901546062,0.7580533864955581,0.2070513668750981,1.1686295917206868,0.6336052075760893,0.0342450933919611,0.1244481789194687,0.4759600880983326,0.0675279053292224,0.2103232061088406,0.6047780745603615,0.0,9.237604307034012,0,0,0,16,0.0044393641944395,0.0050823801032091,0.0028000348384463,6122.938070207633
ens_champion_segmented6,valid_2025_11,2025-11-22,7,48,84,3.9576990527452103,2946.186026205414,3318.3385525714543,False,3.9695188333785776,48,72,0.011819780633367305,0,12,1,0,11,5,1,3.171063842052458,0.0859500482294018,0.3105304121190921,0.7250271714963974,0.6427006022914689,1.867498901546062,0.7580533864955581,0.2070513668750981,1.1686295917206868,0.6336052075760893,0.0342450933919611,0.1244481789194687,0.4759600880983326,0.0675279053292224,0.2103232061088406,0.6047780745603615,0.0,9.237604307034012,0,0,0,16,0.0044393641944395,0.0050823801032091,0.0028000348384463,2946.186026205414
ens_champion_segmented6,valid_2025_11,2025-11-22,8,49,82,3.955013262887821,3994.08843907146,2270.436139705409,False,3.9695188333785776,48,72,0.014505570490756625,1,10,0,0,11,5,1,3.171063842052458,0.0859500482294018,0.3105304121190921,0.7250271714963974,0.6427006022914689,1.867498901546062,0.7580533864955581,0.2070513668750981,1.1686295917206868,0.6336052075760893,0.0342450933919611,0.1244481789194687,0.4759600880983326,0.0675279053292224,0.2103232061088406,0.6047780745603615,0.0,9.237604307034012,0,0,0,16,0.0044393641944395,0.0050823801032091,0.0028000348384463,3994.08843907146
ens_champion_segmented6,valid_2025_11,2025-11-22,9,49,81,3.953094649949975,4498.207035810727,1766.3175429661414,False,3.9695188333785776,48,72,0.016424183428602745,1,9,0,0,11,5,1,3.171063842052458,0.0859500482294018,0.3105304121190921,0.7250271714963974,0.6427006022914689,1.867498901546062,0.7580533864955581,0.2070513668750981,1.1686295917206868,0.6336052075760893,0.0342450933919611,0.1244481789194687,0.4759600880983326,0.0675279053292224,0.2103232061088406,0.6047780745603615,0.0,9.237604307034012,0,0,0,16,0.0044393641944395,0.0050823801032091,0.0028000348384463,4498.207035810727
ens_champion_segmented6,valid_2025_11,2025-11-22,10,49,83,3.952990751306921,3492.9126020316994,2771.6119767451687,False,3.9695188333785776,48,72,0.01652808207165668,1,11,0,0,11,5,1,3.171063842052458,0.0859500482294018,0.3105304121190921,0.7250271714963974,0.6427006022914689,1.867498901546062,0.7580533864955581,0.2070513668750981,1.1686295917206868,0.6336052075760893,0.0342450933919611,0.1244481789194687,0.4759600880983326,0.0675279053292224,0.2103232061088406,0.6047780745603615,0.0,9.237604307034012,0,0,0,16,0.0044393641944395,0.0050823801032091,0.0028000348384463,3492.9126020316994
ens_champion_segmented6,valid_2025_11,2025-11-23,1,40,80,4.874367233264714,5666.12950535092,603.5647864115717,False,4.874367233264714,40,80,0.0,0,0,1,1,11,6,1,3.206746700257387,0.0991144516549636,0.3802524843252342,0.96842353513183,0.6002315383098329,1.8720530670751985,0.686791213323643,0.1872339348324263,1.060733063576864,0.5642809067001461,0.0389666041588614,0.1225103066234969,0.4847644010537872,0.0667968132271838,0.1939027663379778,1.009914194969424,0.0,4.041451884327381,0,0,0,7,0.0070707526779827,0.0161484051985327,0.0114418776734851,5666.12950535092
ens_champion_segmented6,valid_2025_11,2025-11-23,2,40,79,4.867296480586731,5856.6612657870855,413.0330259754064,False,4.874367233264714,40,80,0.007070752677982739,0,1,1,0,11,6,1,3.206746700257387,0.0991144516549636,0.3802524843252342,0.96842353513183,0.6002315383098329,1.8720530670751985,0.686791213323643,0.1872339348324263,1.060733063576864,0.5642809067001461,0.0389666041588614,0.1225103066234969,0.4847644010537872,0.0667968132271838,0.1939027663379778,1.009914194969424,0.0,4.041451884327381,0,0,0,7,0.0070707526779827,0.0161484051985327,0.0114418776734851,5856.6612657870855
ens_champion_segmented6,valid_2025_11,2025-11-23,3,40,78,4.857880230427124,5854.60292467835,415.0913670841419,False,4.874367233264714,40,80,0.016487002837589415,0,2,1,0,11,6,1,3.206746700257387,0.0991144516549636,0.3802524843252342,0.96842353513183,0.6002315383098329,1.8720530670751985,0.686791213323643,0.1872339348324263,1.060733063576864,0.5642809067001461,0.0389666041588614,0.1225103066234969,0.4847644010537872,0.0667968132271838,0.1939027663379778,1.009914194969424,0.0,4.041451884327381,0,0,0,7,0.0070707526779827,0.0161484051985327,0.0114418776734851,5854.60292467835
ens_champion_segmented6,valid_2025_11,2025-11-23,4,40,81,4.846669685852081,3728.91238584662,2540.7819059158724,False,4.874367233264714,40,80,0.027697547412632417,0,1,1,0,11,6,1,3.206746700257387,0.0991144516549636,0.3802524843252342,0.96842353513183,0.6002315383098329,1.8720530670751985,0.686791213323643,0.1872339348324263,1.060733063576864,0.5642809067001461,0.0389666041588614,0.1225103066234969,0.4847644010537872,0.0667968132271838,0.1939027663379778,1.009914194969424,0.0,4.041451884327381,0,0,0,7,0.0070707526779827,0.0161484051985327,0.0114418776734851,3728.91238584662
ens_champion_segmented6,valid_2025_11,2025-11-23,5,40,77,4.844880510200255,6261.817239853322,7.877051909170403,False,4.874367233264714,40,80,0.02948672306445843,0,3,1,0,11,6,1,3.206746700257387,0.0991144516549636,0.3802524843252342,0.96842353513183,0.6002315383098329,1.8720530670751985,0.686791213323643,0.1872339348324263,1.060733063576864,0.5642809067001461,0.0389666041588614,0.1225103066234969,0.4847644010537872,0.0667968132271838,0.1939027663379778,1.009914194969424,0.0,4.041451884327381,0,0,0,7,0.0070707526779827,0.0161484051985327,0.0114418776734851,6261.817239853322
ens_champion_segmented6,valid_2025_11,2025-11-23,6,40,76,4.8248371480025405,6225.616523506634,44.077768255858246,False,4.874367233264714,40,80,0.049530085262173174,0,4,1,0,11,6,1,3.206746700257387,0.0991144516549636,0.3802524843252342,0.96842353513183,0.6002315383098329,1.8720530670751985,0.686791213323643,0.1872339348324263,1.060733063576864,0.5642809067001461,0.0389666041588614,0.1225103066234969,0.4847644010537872,0.0667968132271838,0.1939027663379778,1.009914194969424,0.0,4.041451884327381,0,0,0,7,0.0070707526779827,0.0161484051985327,0.0114418776734851,6225.616523506634
ens_champion_segmented6,valid_2025_11,2025-11-23,7,40,82,4.814982845994607,2581.1311180984003,3688.563173664092,False,4.874367233264714,40,80,0.05938438727010631,0,2,1,0,11,6,1,3.206746700257387,0.0991144516549636,0.3802524843252342,0.96842353513183,0.6002315383098329,1.8720530670751985,0.686791213323643,0.1872339348324263,1.060733063576864,0.5642809067001461,0.0389666041588614,0.1225103066234969,0.4847644010537872,0.0667968132271838,0.1939027663379778,1.009914194969424,0.0,4.041451884327381,0,0,0,7,0.0070707526779827,0.0161484051985327,0.0114418776734851,2581.1311180984003
ens_champion_segmented6,valid_2025_11,2025-11-23,8,40,75,4.812287925823476,6269.694291762487,4.547473508864641e-12,False,4.874367233264714,40,80,0.062079307441237574,0,5,1,0,11,6,1,3.206746700257387,0.0991144516549636,0.3802524843252342,0.96842353513183,0.6002315383098329,1.8720530670751985,0.686791213323643,0.1872339348324263,1.060733063576864,0.5642809067001461,0.0389666041588614,0.1225103066234969,0.4847644010537872,0.0667968132271838,0.1939027663379778,1.009914194969424,0.0,4.041451884327381,0,0,0,7,0.0070707526779827,0.0161484051985327,0.0114418776734851,6269.694291762487
ens_champion_segmented6,valid_2025_11,2025-11-23,9,41,80,4.810675882184402,5666.12950535092,603.5647864115717,False,4.874367233264714,40,80,0.06369135108031188,1,0,0,1,11,6,1,3.206746700257387,0.0991144516549636,0.3802524843252342,0.96842353513183,0.6002315383098329,1.8720530670751985,0.686791213323643,0.1872339348324263,1.060733063576864,0.5642809067001461,0.0389666041588614,0.1225103066234969,0.4847644010537872,0.0667968132271838,0.1939027663379778,1.009914194969424,0.0,4.041451884327381,0,0,0,7,0.0070707526779827,0.0161484051985327,0.0114418776734851,5666.12950535092
ens_champion_segmented6,valid_2025_11,2025-11-23,10,40,74,4.8063081983973,6129.714370921091,139.9799208414006,False,4.874367233264714,40,80,0.06805903486741371,0,6,1,0,11,6,1,3.206746700257387,0.0991144516549636,0.3802524843252342,0.96842353513183,0.6002315383098329,1.8720530670751985,0.686791213323643,0.1872339348324263,1.060733063576864,0.5642809067001461,0.0389666041588614,0.1225103066234969,0.4847644010537872,0.0667968132271838,0.1939027663379778,1.009914194969424,0.0,4.041451884327381,0,0,0,7,0.0070707526779827,0.0161484051985327,0.0114418776734851,6129.714370921091
ens_champion_segmented6,valid_2025_11,2025-11-24,1,42,70,6.667857934515519,9056.153684202356,961.02578381294,False,6.667857934515519,42,70,0.0,0,0,1,1,11,0,0,3.173740790578906,0.0907923099717123,0.3245702017546477,1.0557927796108142,0.5954788438733751,1.9826581371027208,0.6594204451400271,0.1812372945495404,1.0042774899643503,0.548016626880998,0.0754578478587607,0.111403818259029,0.4387592782955394,0.0674752297075397,0.1919620024597285,0.5657300710368384,0.0,0.5773502691896257,0,0,0,1,0.0148776281516891,0.0217982019057103,0.015290686054099,9056.153684202356
ens_champion_segmented6,valid_2025_11,2025-11-24,2,41,70,6.65298030636383,9056.153684202356,961.02578381294,False,6.667857934515519,42,70,0.014877628151689137,1,0,0,1,11,0,0,3.173740790578906,0.0907923099717123,0.3245702017546477,1.0557927796108142,0.5954788438733751,1.9826581371027208,0.6594204451400271,0.1812372945495404,1.0042774899643503,0.548016626880998,0.0754578478587607,0.111403818259029,0.4387592782955394,0.0674752297075397,0.1919620024597285,0.5657300710368384,0.0,0.5773502691896257,0,0,0,1,0.0148776281516891,0.0217982019057103,0.015290686054099,9056.153684202356
ens_champion_segmented6,valid_2025_11,2025-11-24,3,40,70,6.649661906405596,9056.153684202356,961.02578381294,False,6.667857934515519,42,70,0.018196028109922935,2,0,0,1,11,0,0,3.173740790578906,0.0907923099717123,0.3245702017546477,1.0557927796108142,0.5954788438733751,1.9826581371027208,0.6594204451400271,0.1812372945495404,1.0042774899643503,0.548016626880998,0.0754578478587607,0.111403818259029,0.4387592782955394,0.0674752297075397,0.1919620024597285,0.5657300710368384,0.0,0.5773502691896257,0,0,0,1,0.0148776281516891,0.0217982019057103,0.015290686054099,9056.153684202356
ens_champion_segmented6,valid_2025_11,2025-11-24,4,42,71,6.637338071957894,8438.969487765287,1578.2099802500088,False,6.667857934515519,42,70,0.030519862557625288,0,1,1,0,11,0,0,3.173740790578906,0.0907923099717123,0.3245702017546477,1.0557927796108142,0.5954788438733751,1.9826581371027208,0.6594204451400271,0.1812372945495404,1.0042774899643503,0.548016626880998,0.0754578478587607,0.111403818259029,0.4387592782955394,0.0674752297075397,0.1919620024597285,0.5657300710368384,0.0,0.5773502691896257,0,0,0,1,0.0148776281516891,0.0217982019057103,0.015290686054099,8438.969487765287
ens_champion_segmented6,valid_2025_11,2025-11-24,5,41,71,6.6224604438062045,8438.969487765287,1578.2099802500088,False,6.667857934515519,42,70,0.045397490709314425,1,1,0,0,11,0,0,3.173740790578906,0.0907923099717123,0.3245702017546477,1.0557927796108142,0.5954788438733751,1.9826581371027208,0.6594204451400271,0.1812372945495404,1.0042774899643503,0.548016626880998,0.0754578478587607,0.111403818259029,0.4387592782955394,0.0674752297075397,0.1919620024597285,0.5657300710368384,0.0,0.5773502691896257,0,0,0,1,0.0148776281516891,0.0217982019057103,0.015290686054099,8438.969487765287
ens_champion_segmented6,valid_2025_11,2025-11-24,6,40,71,6.619142043847971,8438.969487765287,1578.2099802500088,False,6.667857934515519,42,70,0.04871589066754822,2,1,0,0,11,0,0,3.173740790578906,0.0907923099717123,0.3245702017546477,1.0557927796108142,0.5954788438733751,1.9826581371027208,0.6594204451400271,0.1812372945495404,1.0042774899643503,0.548016626880998,0.0754578478587607,0.111403818259029,0.4387592782955394,0.0674752297075397,0.1919620024597285,0.5657300710368384,0.0,0.5773502691896257,0,0,0,1,0.0148776281516891,0.0217982019057103,0.015290686054099,8438.969487765287
ens_champion_segmented6,valid_2025_11,2025-11-24,7,46,70,6.589169033710785,9056.153684202356,961.02578381294,False,6.667857934515519,42,70,0.07868890080473356,4,0,0,1,11,0,0,3.173740790578906,0.0907923099717123,0.3245702017546477,1.0557927796108142,0.5954788438733751,1.9826581371027208,0.6594204451400271,0.1812372945495404,1.0042774899643503,0.548016626880998,0.0754578478587607,0.111403818259029,0.4387592782955394,0.0674752297075397,0.1919620024597285,0.5657300710368384,0.0,0.5773502691896257,0,0,0,1,0.0148776281516891,0.0217982019057103,0.015290686054099,9056.153684202356
ens_champion_segmented6,valid_2025_11,2025-11-24,8,43,70,6.586777330376556,9056.153684202356,961.02578381294,False,6.667857934515519,42,70,0.0810806041389629,1,0,0,1,11,0,0,3.173740790578906,0.0907923099717123,0.3245702017546477,1.0557927796108142,0.5954788438733751,1.9826581371027208,0.6594204451400271,0.1812372945495404,1.0042774899643503,0.548016626880998,0.0754578478587607,0.111403818259029,0.4387592782955394,0.0674752297075397,0.1919620024597285,0.5657300710368384,0.0,0.5773502691896257,0,0,0,1,0.0148776281516891,0.0217982019057103,0.015290686054099,9056.153684202356
ens_champion_segmented6,valid_2025_11,2025-11-24,9,55,70,6.58442498569563,9056.153684202356,961.02578381294,False,6.667857934515519,42,70,0.08343294881988861,13,0,0,1,11,0,0,3.173740790578906,0.0907923099717123,0.3245702017546477,1.0557927796108142,0.5954788438733751,1.9826581371027208,0.6594204451400271,0.1812372945495404,1.0042774899643503,0.548016626880998,0.0754578478587607,0.111403818259029,0.4387592782955394,0.0674752297075397,0.1919620024597285,0.5657300710368384,0.0,0.5773502691896257,0,0,0,1,0.0148776281516891,0.0217982019057103,0.015290686054099,9056.153684202356
ens_champion_segmented6,valid_2025_11,2025-11-24,10,56,70,6.572296919593999,9056.153684202356,961.02578381294,False,6.667857934515519,42,70,0.09556101492152003,14,0,0,1,11,0,0,3.173740790578906,0.0907923099717123,0.3245702017546477,1.0557927796108142,0.5954788438733751,1.9826581371027208,0.6594204451400271,0.1812372945495404,1.0042774899643503,0.548016626880998,0.0754578478587607,0.111403818259029,0.4387592782955394,0.0674752297075397,0.1919620024597285,0.5657300710368384,0.0,0.5773502691896257,0,0,0,1,0.0148776281516891,0.0217982019057103,0.015290686054099,9056.153684202356
ens_champion_segmented6,valid_2025_11,2025-11-25,1,54,77,4.3700057583777365,1542.2351405937634,22.994883360038784,False,4.3700057583777365,54,77,0.0,0,0,1,1,11,1,0,3.1174097433784005,0.0755779035665242,0.2699819287660521,0.7152420900262314,0.6581232089032188,1.941232342219508,0.7576428090511431,0.2155165839722296,1.1759016179570576,0.6238932021049539,0.0314387655809798,0.1337496069461893,0.5108821287728109,0.0686660411978598,0.2026614226893881,0.6808547599306979,2.8867513459481287,5.773502691896257,0,0,5,10,0.0023800199242796,0.0066134074845649,0.0047235988803582,1542.2351405937634
ens_champion_segmented6,valid_2025_11,2025-11-25,2,55,77,4.367625738453457,1542.2351405937634,22.994883360038784,False,4.3700057583777365,54,77,0.0023800199242796083,1,0,0,1,11,1,0,3.1174097433784005,0.0755779035665242,0.2699819287660521,0.7152420900262314,0.6581232089032188,1.941232342219508,0.7576428090511431,0.2155165839722296,1.1759016179570576,0.6238932021049539,0.0314387655809798,0.1337496069461893,0.5108821287728109,0.0686660411978598,0.2026614226893881,0.6808547599306979,2.8867513459481287,5.773502691896257,0,0,5,10,0.0023800199242796,0.0066134074845649,0.0047235988803582,1542.2351405937634
ens_champion_segmented6,valid_2025_11,2025-11-25,3,54,76,4.362110827004905,1565.2300239538,2.273736754432321e-12,False,4.3700057583777365,54,77,0.007894931372831593,0,1,1,0,11,1,0,3.1174097433784005,0.0755779035665242,0.2699819287660521,0.7152420900262314,0.6581232089032188,1.941232342219508,0.7576428090511431,0.2155165839722296,1.1759016179570576,0.6238932021049539,0.0314387655809798,0.1337496069461893,0.5108821287728109,0.0686660411978598,0.2026614226893881,0.6808547599306979,2.8867513459481287,5.773502691896257,0,0,5,10,0.0023800199242796,0.0066134074845649,0.0047235988803582,1565.2300239538
ens_champion_segmented6,valid_2025_11,2025-11-25,4,55,76,4.359730807080625,1565.2300239538,2.273736754432321e-12,False,4.3700057583777365,54,77,0.010274951297111201,1,1,0,0,11,1,0,3.1174097433784005,0.0755779035665242,0.2699819287660521,0.7152420900262314,0.6581232089032188,1.941232342219508,0.7576428090511431,0.2155165839722296,1.1759016179570576,0.6238932021049539,0.0314387655809798,0.1337496069461893,0.5108821287728109,0.0686660411978598,0.2026614226893881,0.6808547599306979,2.8867513459481287,5.773502691896257,0,0,5,10,0.0023800199242796,0.0066134074845649,0.0047235988803582,1565.2300239538
ens_champion_segmented6,valid_2025_11,2025-11-25,5,56,77,4.357488623549134,1542.2351405937634,22.994883360038784,False,4.3700057583777365,54,77,0.012517134828602394,2,0,0,1,11,1,0,3.1174097433784005,0.0755779035665242,0.2699819287660521,0.7152420900262314,0.6581232089032188,1.941232342219508,0.7576428090511431,0.2155165839722296,1.1759016179570576,0.6238932021049539,0.0314387655809798,0.1337496069461893,0.5108821287728109,0.0686660411978598,0.2026614226893881,0.6808547599306979,2.8867513459481287,5.773502691896257,0,0,5,10,0.0023800199242796,0.0066134074845649,0.0047235988803582,1542.2351405937634
ens_champion_segmented6,valid_2025_11,2025-11-25,6,56,76,4.349593692176303,1565.2300239538,2.273736754432321e-12,False,4.3700057583777365,54,77,0.0204120662014331,2,1,0,0,11,1,0,3.1174097433784005,0.0755779035665242,0.2699819287660521,0.7152420900262314,0.6581232089032188,1.941232342219508,0.7576428090511431,0.2155165839722296,1.1759016179570576,0.6238932021049539,0.0314387655809798,0.1337496069461893,0.5108821287728109,0.0686660411978598,0.2026614226893881,0.6808547599306979,2.8867513459481287,5.773502691896257,0,0,5,10,0.0023800199242796,0.0066134074845649,0.0047235988803582,1565.2300239538
ens_champion_segmented6,valid_2025_11,2025-11-25,7,54,79,4.348957133923364,1111.2401456849402,453.989878268862,False,4.3700057583777365,54,77,0.021048624454372167,0,2,1,0,11,1,0,3.1174097433784005,0.0755779035665242,0.2699819287660521,0.7152420900262314,0.6581232089032188,1.941232342219508,0.7576428090511431,0.2155165839722296,1.1759016179570576,0.6238932021049539,0.0314387655809798,0.1337496069461893,0.5108821287728109,0.0686660411978598,0.2026614226893881,0.6808547599306979,2.8867513459481287,5.773502691896257,0,0,5,10,0.0023800199242796,0.0066134074845649,0.0047235988803582,1111.2401456849402
ens_champion_segmented6,valid_2025_11,2025-11-25,8,57,77,4.347632016173648,1542.2351405937634,22.994883360038784,False,4.3700057583777365,54,77,0.022373742204088387,3,0,0,1,11,1,0,3.1174097433784005,0.0755779035665242,0.2699819287660521,0.7152420900262314,0.6581232089032188,1.941232342219508,0.7576428090511431,0.2155165839722296,1.1759016179570576,0.6238932021049539,0.0314387655809798,0.1337496069461893,0.5108821287728109,0.0686660411978598,0.2026614226893881,0.6808547599306979,2.8867513459481287,5.773502691896257,0,0,5,10,0.0023800199242796,0.0066134074845649,0.0047235988803582,1542.2351405937634
ens_champion_segmented6,valid_2025_11,2025-11-25,9,54,78,4.34757952565198,1371.2019468584376,194.02807709536452,False,4.3700057583777365,54,77,0.02242623272575628,0,1,1,0,11,1,0,3.1174097433784005,0.0755779035665242,0.2699819287660521,0.7152420900262314,0.6581232089032188,1.941232342219508,0.7576428090511431,0.2155165839722296,1.1759016179570576,0.6238932021049539,0.0314387655809798,0.1337496069461893,0.5108821287728109,0.0686660411978598,0.2026614226893881,0.6808547599306979,2.8867513459481287,5.773502691896257,0,0,5,10,0.0023800199242796,0.0066134074845649,0.0047235988803582,1371.2019468584376
ens_champion_segmented6,valid_2025_11,2025-11-25,10,54,80,4.34700956273576,907.7825121038072,657.447511849995,False,4.3700057583777365,54,77,0.022996195641976414,0,3,1,0,11,1,0,3.1174097433784005,0.0755779035665242,0.2699819287660521,0.7152420900262314,0.6581232089032188,1.941232342219508,0.7576428090511431,0.2155165839722296,1.1759016179570576,0.6238932021049539,0.0314387655809798,0.1337496069461893,0.5108821287728109,0.0686660411978598,0.2026614226893881,0.6808547599306979,2.8867513459481287,5.773502691896257,0,0,5,10,0.0023800199242796,0.0066134074845649,0.0047235988803582,907.7825121038072
ens_champion_segmented6,valid_2025_11,2025-11-26,1,48,80,5.622116510612521,7918.575043866373,4.547473508864641e-12,False,5.622116510612521,48,80,0.0,0,0,1,1,11,2,0,3.1281068720595777,0.0831978862441045,0.2930262588072292,1.047188017306048,0.4714756914603487,1.4545972440803212,0.6561375001058339,0.1527766806107212,0.9638284331857584,0.5741167735785583,0.0408971285184466,0.0820207265272757,0.3292116544024941,0.0684331861287118,0.2048951881918828,0.6685910493600805,0.0,0.5773502691896257,0,1,0,0,0.0227687687618995,0.0343217009274656,0.0217724867610678,7918.575043866373
ens_champion_segmented6,valid_2025_11,2025-11-26,2,48,81,5.599347741850622,7374.921663574922,543.6533802914555,False,5.622116510612521,48,80,0.022768768761899594,0,1,1,0,11,2,0,3.1281068720595777,0.0831978862441045,0.2930262588072292,1.047188017306048,0.4714756914603487,1.4545972440803212,0.6561375001058339,0.1527766806107212,0.9638284331857584,0.5741167735785583,0.0408971285184466,0.0820207265272757,0.3292116544024941,0.0684331861287118,0.2048951881918828,0.6685910493600805,0.0,0.5773502691896257,0,1,0,0,0.0227687687618995,0.0343217009274656,0.0217724867610678,7374.921663574922
ens_champion_segmented6,valid_2025_11,2025-11-26,3,48,79,5.583975379399401,7693.910452277767,224.66459158861016,False,5.622116510612521,48,80,0.038141131213119905,0,1,1,0,11,2,0,3.1281068720595777,0.0831978862441045,0.2930262588072292,1.047188017306048,0.4714756914603487,1.4545972440803212,0.6561375001058339,0.1527766806107212,0.9638284331857584,0.5741167735785583,0.0408971285184466,0.0820207265272757,0.3292116544024941,0.0684331861287118,0.2048951881918828,0.6685910493600805,0.0,0.5773502691896257,0,1,0,0,0.0227687687618995,0.0343217009274656,0.0217724867610678,7693.910452277767
ens_champion_segmented6,valid_2025_11,2025-11-26,4,49,80,5.575707242211283,7918.575043866373,4.547473508864641e-12,False,5.622116510612521,48,80,0.046409268401237824,1,0,0,1,11,2,0,3.1281068720595777,0.0831978862441045,0.2930262588072292,1.047188017306048,0.4714756914603487,1.4545972440803212,0.6561375001058339,0.1527766806107212,0.9638284331857584,0.5741167735785583,0.0408971285184466,0.0820207265272757,0.3292116544024941,0.0684331861287118,0.2048951881918828,0.6685910493600805,0.0,0.5773502691896257,0,1,0,0,0.0227687687618995,0.0343217009274656,0.0217724867610678,7918.575043866373
ens_champion_segmented6,valid_2025_11,2025-11-26,5,48,82,5.557827174351452,6633.664355482982,1284.9106883833956,False,5.622116510612521,48,80,0.06428933626106925,0,2,1,0,11,2,0,3.1281068720595777,0.0831978862441045,0.2930262588072292,1.047188017306048,0.4714756914603487,1.4545972440803212,0.6561375001058339,0.1527766806107212,0.9638284331857584,0.5741167735785583,0.0408971285184466,0.0820207265272757,0.3292116544024941,0.0684331861287118,0.2048951881918828,0.6685910493600805,0.0,0.5773502691896257,0,1,0,0,0.0227687687618995,0.0343217009274656,0.0217724867610678,6633.664355482982
ens_champion_segmented6,valid_2025_11,2025-11-26,6,49,81,5.552938473449384,7374.921663574922,543.6533802914555,False,5.622116510612521,48,80,0.06917803716313742,1,1,0,0,11,2,0,3.1281068720595777,0.0831978862441045,0.2930262588072292,1.047188017306048,0.4714756914603487,1.4545972440803212,0.6561375001058339,0.1527766806107212,0.9638284331857584,0.5741167735785583,0.0408971285184466,0.0820207265272757,0.3292116544024941,0.0684331861287118,0.2048951881918828,0.6685910493600805,0.0,0.5773502691896257,0,1,0,0,0.0227687687618995,0.0343217009274656,0.0217724867610678,7374.921663574922
ens_champion_segmented6,valid_2025_11,2025-11-26,7,47,80,5.551245547796633,7918.575043866373,4.547473508864641e-12,False,5.622116510612521,48,80,0.07087096281588856,1,0,0,1,11,2,0,3.1281068720595777,0.0831978862441045,0.2930262588072292,1.047188017306048,0.4714756914603487,1.4545972440803212,0.6561375001058339,0.1527766806107212,0.9638284331857584,0.5741167735785583,0.0408971285184466,0.0820207265272757,0.3292116544024941,0.0684331861287118,0.2048951881918828,0.6685910493600805,0.0,0.5773502691896257,0,1,0,0,0.0227687687618995,0.0343217009274656,0.0217724867610678,7918.575043866373
ens_champion_segmented6,valid_2025_11,2025-11-26,8,49,79,5.537566110998164,7693.910452277767,224.66459158861016,False,5.622116510612521,48,80,0.08455039961435684,1,1,0,0,11,2,0,3.1281068720595777,0.0831978862441045,0.2930262588072292,1.047188017306048,0.4714756914603487,1.4545972440803212,0.6561375001058339,0.1527766806107212,0.9638284331857584,0.5741167735785583,0.0408971285184466,0.0820207265272757,0.3292116544024941,0.0684331861287118,0.2048951881918828,0.6685910493600805,0.0,0.5773502691896257,0,1,0,0,0.0227687687618995,0.0343217009274656,0.0217724867610678,7693.910452277767
ens_champion_segmented6,valid_2025_11,2025-11-26,9,47,81,5.528476779034733,7374.921663574922,543.6533802914555,False,5.622116510612521,48,80,0.09363973157778815,1,1,0,0,11,2,0,3.1281068720595777,0.0831978862441045,0.2930262588072292,1.047188017306048,0.4714756914603487,1.4545972440803212,0.6561375001058339,0.1527766806107212,0.9638284331857584,0.5741167735785583,0.0408971285184466,0.0820207265272757,0.3292116544024941,0.0684331861287118,0.2048951881918828,0.6685910493600805,0.0,0.5773502691896257,0,1,0,0,0.0227687687618995,0.0343217009274656,0.0217724867610678,7374.921663574922
ens_champion_segmented6,valid_2025_11,2025-11-26,10,47,79,5.513104416583513,7693.910452277767,224.66459158861016,False,5.622116510612521,48,80,0.10901209402900847,1,1,0,0,11,2,0,3.1281068720595777,0.0831978862441045,0.2930262588072292,1.047188017306048,0.4714756914603487,1.4545972440803212,0.6561375001058339,0.1527766806107212,0.9638284331857584,0.5741167735785583,0.0408971285184466,0.0820207265272757,0.3292116544024941,0.0684331861287118,0.2048951881918828,0.6685910493600805,0.0,0.5773502691896257,0,1,0,0,0.0227687687618995,0.0343217009274656,0.0217724867610678,7693.910452277767
ens_champion_segmented6,valid_2025_11,2025-11-27,1,49,78,4.616131027747782,1665.6974307758755,1570.1006889267146,False,4.616131027747782,49,78,0.0,0,0,1,1,11,3,0,3.1318168327053457,0.0801553654282584,0.2716159302571044,0.8832189408487944,0.6454517471498442,1.859694265239664,0.709080551851188,0.2101178369114726,1.1288426938364116,0.5780667042100255,0.0234446413607728,0.1310138476411623,0.512237558918835,0.0683070862023182,0.2134629834139377,0.7993995955134048,0.5773502691896258,3.605551275463989,1,2,1,5,0.0066853944325497,0.0067749614112173,0.0035833336231834,1665.6974307758755
ens_champion_segmented6,valid_2025_11,2025-11-27,2,48,78,4.609445633315232,1665.6974307758755,1570.1006889267146,False,4.616131027747782,49,78,0.006685394432549785,1,0,0,1,11,3,0,3.1318168327053457,0.0801553654282584,0.2716159302571044,0.8832189408487944,0.6454517471498442,1.859694265239664,0.709080551851188,0.2101178369114726,1.1288426938364116,0.5780667042100255,0.0234446413607728,0.1310138476411623,0.512237558918835,0.0683070862023182,0.2134629834139377,0.7993995955134048,0.5773502691896258,3.605551275463989,1,2,1,5,0.0066853944325497,0.0067749614112173,0.0035833336231834,1665.6974307758755
ens_champion_segmented6,valid_2025_11,2025-11-27,3,49,80,4.60837469158689,1746.0268171678133,1489.7713025347769,False,4.616131027747782,49,78,0.007756336160891664,0,2,1,0,11,3,0,3.1318168327053457,0.0801553654282584,0.2716159302571044,0.8832189408487944,0.6454517471498442,1.859694265239664,0.709080551851188,0.2101178369114726,1.1288426938364116,0.5780667042100255,0.0234446413607728,0.1310138476411623,0.512237558918835,0.0683070862023182,0.2134629834139377,0.7993995955134048,0.5773502691896258,3.605551275463989,1,2,1,5,0.0066853944325497,0.0067749614112173,0.0035833336231834,1746.0268171678133
ens_champion_segmented6,valid_2025_11,2025-11-27,4,49,77,4.606525011305221,1960.9914365144764,1274.8066831881138,False,4.616131027747782,49,78,0.009606016442560872,0,1,1,0,11,3,0,3.1318168327053457,0.0801553654282584,0.2716159302571044,0.8832189408487944,0.6454517471498442,1.859694265239664,0.709080551851188,0.2101178369114726,1.1288426938364116,0.5780667042100255,0.0234446413607728,0.1310138476411623,0.512237558918835,0.0683070862023182,0.2134629834139377,0.7993995955134048,0.5773502691896258,3.605551275463989,1,2,1,5,0.0066853944325497,0.0067749614112173,0.0035833336231834,1960.9914365144764
ens_champion_segmented6,valid_2025_11,2025-11-27,5,49,79,4.606303967727699,1761.13828589501,1474.6598338075803,False,4.616131027747782,49,78,0.009827060020082712,0,1,1,0,11,3,0,3.1318168327053457,0.0801553654282584,0.2716159302571044,0.8832189408487944,0.6454517471498442,1.859694265239664,0.709080551851188,0.2101178369114726,1.1288426938364116,0.5780667042100255,0.0234446413607728,0.1310138476411623,0.512237558918835,0.0683070862023182,0.2134629834139377,0.7993995955134048,0.5773502691896258,3.605551275463989,1,2,1,5,0.0066853944325497,0.0067749614112173,0.0035833336231834,1761.13828589501
ens_champion_segmented6,valid_2025_11,2025-11-27,6,48,80,4.601689297154341,1746.0268171678133,1489.7713025347769,False,4.616131027747782,49,78,0.014441730593441449,1,2,0,0,11,3,0,3.1318168327053457,0.0801553654282584,0.2716159302571044,0.8832189408487944,0.6454517471498442,1.859694265239664,0.709080551851188,0.2101178369114726,1.1288426938364116,0.5780667042100255,0.0234446413607728,0.1310138476411623,0.512237558918835,0.0683070862023182,0.2134629834139377,0.7993995955134048,0.5773502691896258,3.605551275463989,1,2,1,5,0.0066853944325497,0.0067749614112173,0.0035833336231834,1746.0268171678133
ens_champion_segmented6,valid_2025_11,2025-11-27,7,48,77,4.599839616872671,1960.9914365144764,1274.8066831881138,False,4.616131027747782,49,78,0.016291410875110657,1,1,0,0,11,3,0,3.1318168327053457,0.0801553654282584,0.2716159302571044,0.8832189408487944,0.6454517471498442,1.859694265239664,0.709080551851188,0.2101178369114726,1.1288426938364116,0.5780667042100255,0.0234446413607728,0.1310138476411623,0.512237558918835,0.0683070862023182,0.2134629834139377,0.7993995955134048,0.5773502691896258,3.605551275463989,1,2,1,5,0.0066853944325497,0.0067749614112173,0.0035833336231834,1960.9914365144764
ens_champion_segmented6,valid_2025_11,2025-11-27,8,48,79,4.59961857329515,1761.13828589501,1474.6598338075803,False,4.616131027747782,49,78,0.016512454452632497,1,1,0,0,11,3,0,3.1318168327053457,0.0801553654282584,0.2716159302571044,0.8832189408487944,0.6454517471498442,1.859694265239664,0.709080551851188,0.2101178369114726,1.1288426938364116,0.5780667042100255,0.0234446413607728,0.1310138476411623,0.512237558918835,0.0683070862023182,0.2134629834139377,0.7993995955134048,0.5773502691896258,3.605551275463989,1,2,1,5,0.0066853944325497,0.0067749614112173,0.0035833336231834,1761.13828589501
ens_champion_segmented6,valid_2025_11,2025-11-27,9,50,78,4.594837736518075,1665.6974307758755,1570.1006889267146,False,4.616131027747782,49,78,0.021293291229707023,1,0,0,1,11,3,0,3.1318168327053457,0.0801553654282584,0.2716159302571044,0.8832189408487944,0.6454517471498442,1.859694265239664,0.709080551851188,0.2101178369114726,1.1288426938364116,0.5780667042100255,0.0234446413607728,0.1310138476411623,0.512237558918835,0.0683070862023182,0.2134629834139377,0.7993995955134048,0.5773502691896258,3.605551275463989,1,2,1,5,0.0066853944325497,0.0067749614112173,0.0035833336231834,1665.6974307758755
ens_champion_segmented6,valid_2025_11,2025-11-27,10,49,76,4.593642697314484,2026.015291107143,1209.7828285954472,False,4.616131027747782,49,78,0.022488330433297676,0,2,1,0,11,3,0,3.1318168327053457,0.0801553654282584,0.2716159302571044,0.8832189408487944,0.6454517471498442,1.859694265239664,0.709080551851188,0.2101178369114726,1.1288426938364116,0.5780667042100255,0.0234446413607728,0.1310138476411623,0.512237558918835,0.0683070862023182,0.2134629834139377,0.7993995955134048,0.5773502691896258,3.605551275463989,1,2,1,5,0.0066853944325497,0.0067749614112173,0.0035833336231834,2026.015291107143
ens_champion_segmented6,valid_2025_11,2025-11-28,1,56,72,4.02084575647323,3017.814387972324,3387.278663585843,False,4.02084575647323,56,72,0.0,0,0,1,1,11,4,0,3.1602451567510585,0.0854434392665774,0.3191211924904986,0.8317264388450081,0.5829338005231555,1.7957360806965896,0.7275597576353926,0.1882045655500349,1.109332097629801,0.5975719582299587,0.0418786984425717,0.1299877994054339,0.5080190016212602,0.0677460700238715,0.2235756253787636,0.7927856689129194,9.237604307034012,6.557438524302,16,8,16,13,0.0025184580255377,0.0053608416191757,0.0042891397026318,3017.814387972324
ens_champion_segmented6,valid_2025_11,2025-11-28,2,56,84,4.0183272984476925,6366.080011347302,39.01304021086435,False,4.02084575647323,56,72,0.00251845802553774,0,12,1,0,11,4,0,3.1602451567510585,0.0854434392665774,0.3191211924904986,0.8317264388450081,0.5829338005231555,1.7957360806965896,0.7275597576353926,0.1882045655500349,1.109332097629801,0.5975719582299587,0.0418786984425717,0.1299877994054339,0.5080190016212602,0.0677460700238715,0.2235756253787636,0.7927856689129194,9.237604307034012,6.557438524302,16,8,16,13,0.0025184580255377,0.0053608416191757,0.0042891397026318,6366.080011347302
ens_champion_segmented6,valid_2025_11,2025-11-28,3,56,80,4.017204554338791,6098.928332421496,306.164719136671,False,4.02084575647323,56,72,0.00364120213443897,0,8,1,0,11,4,0,3.1602451567510585,0.0854434392665774,0.3191211924904986,0.8317264388450081,0.5829338005231555,1.7957360806965896,0.7275597576353926,0.1882045655500349,1.109332097629801,0.5975719582299587,0.0418786984425717,0.1299877994054339,0.5080190016212602,0.0677460700238715,0.2235756253787636,0.7927856689129194,9.237604307034012,6.557438524302,16,8,16,13,0.0025184580255377,0.0053608416191757,0.0042891397026318,6098.928332421496
ens_champion_segmented6,valid_2025_11,2025-11-28,4,55,72,4.011743533267307,3017.814387972324,3387.278663585843,False,4.02084575647323,56,72,0.009102223205923465,1,0,0,1,11,4,0,3.1602451567510585,0.0854434392665774,0.3191211924904986,0.8317264388450081,0.5829338005231555,1.7957360806965896,0.7275597576353926,0.1882045655500349,1.109332097629801,0.5975719582299587,0.0418786984425717,0.1299877994054339,0.5080190016212602,0.0677460700238715,0.2235756253787636,0.7927856689129194,9.237604307034012,6.557438524302,16,8,16,13,0.0025184580255377,0.0053608416191757,0.0042891397026318,3017.814387972324
ens_champion_segmented6,valid_2025_11,2025-11-28,5,56,81,4.009303431743257,6098.928332421496,306.164719136671,False,4.02084575647323,56,72,0.011542324729973075,0,9,1,0,11,4,0,3.1602451567510585,0.0854434392665774,0.3191211924904986,0.8317264388450081,0.5829338005231555,1.7957360806965896,0.7275597576353926,0.1882045655500349,1.109332097629801,0.5975719582299587,0.0418786984425717,0.1299877994054339,0.5080190016212602,0.0677460700238715,0.2235756253787636,0.7927856689129194,9.237604307034012,6.557438524302,16,8,16,13,0.0025184580255377,0.0053608416191757,0.0042891397026318,6098.928332421496
ens_champion_segmented6,valid_2025_11,2025-11-28,6,55,84,4.009225075241769,6366.080011347302,39.01304021086435,False,4.02084575647323,56,72,0.011620681231461205,1,12,0,0,11,4,0,3.1602451567510585,0.0854434392665774,0.3191211924904986,0.8317264388450081,0.5829338005231555,1.7957360806965896,0.7275597576353926,0.1882045655500349,1.109332097629801,0.5975719582299587,0.0418786984425717,0.1299877994054339,0.5080190016212602,0.0677460700238715,0.2235756253787636,0.7927856689129194,9.237604307034012,6.557438524302,16,8,16,13,0.0025184580255377,0.0053608416191757,0.0042891397026318,6366.080011347302
ens_champion_segmented6,valid_2025_11,2025-11-28,7,55,80,4.008102331132868,6098.928332421496,306.164719136671,False,4.02084575647323,56,72,0.012743425340362435,1,8,0,0,11,4,0,3.1602451567510585,0.0854434392665774,0.3191211924904986,0.8317264388450081,0.5829338005231555,1.7957360806965896,0.7275597576353926,0.1882045655500349,1.109332097629801,0.5975719582299587,0.0418786984425717,0.1299877994054339,0.5080190016212602,0.0677460700238715,0.2235756253787636,0.7927856689129194,9.237604307034012,6.557438524302,16,8,16,13,0.0025184580255377,0.0053608416191757,0.0042891397026318,6098.928332421496
ens_champion_segmented6,valid_2025_11,2025-11-28,8,56,85,4.007213698278912,5907.738030085008,497.35502147315856,False,4.02084575647323,56,72,0.01363205819431812,0,13,1,0,11,4,0,3.1602451567510585,0.0854434392665774,0.3191211924904986,0.8317264388450081,0.5829338005231555,1.7957360806965896,0.7275597576353926,0.1882045655500349,1.109332097629801,0.5975719582299587,0.0418786984425717,0.1299877994054339,0.5080190016212602,0.0677460700238715,0.2235756253787636,0.7927856689129194,9.237604307034012,6.557438524302,16,8,16,13,0.0025184580255377,0.0053608416191757,0.0042891397026318,5907.738030085008
ens_champion_segmented6,valid_2025_11,2025-11-28,9,56,83,4.00620735411753,6035.218380267636,369.8746712905304,False,4.02084575647323,56,72,0.014638402355700464,0,11,1,0,11,4,0,3.1602451567510585,0.0854434392665774,0.3191211924904986,0.8317264388450081,0.5829338005231555,1.7957360806965896,0.7275597576353926,0.1882045655500349,1.109332097629801,0.5975719582299587,0.0418786984425717,0.1299877994054339,0.5080190016212602,0.0677460700238715,0.2235756253787636,0.7927856689129194,9.237604307034012,6.557438524302,16,8,16,13,0.0025184580255377,0.0053608416191757,0.0042891397026318,6035.218380267636
ens_champion_segmented6,valid_2025_11,2025-11-28,10,56,82,4.002289817607531,5710.824457803211,694.2685937549559,False,4.02084575647323,56,72,0.018555938865699062,0,10,1,0,11,4,0,3.1602451567510585,0.0854434392665774,0.3191211924904986,0.8317264388450081,0.5829338005231555,1.7957360806965896,0.7275597576353926,0.1882045655500349,1.109332097629801,0.5975719582299587,0.0418786984425717,0.1299877994054339,0.5080190016212602,0.0677460700238715,0.2235756253787636,0.7927856689129194,9.237604307034012,6.557438524302,16,8,16,13,0.0025184580255377,0.0053608416191757,0.0042891397026318,5710.824457803211
ens_champion_segmented6,valid_2025_11,2025-11-29,1,49,80,4.687270494147306,3601.772441380584,2199.510858904549,False,4.687270494147306,49,80,0.0,0,0,1,1,11,5,1,3.20047272770468,0.0778619654295017,0.3091558872596671,1.0344976960871668,0.5871280277870201,1.9260599721513127,0.6671513052763216,0.1861262821147399,1.0533279962368949,0.5364166916704781,0.0677659956042047,0.1307346136058434,0.5104142051784086,0.0669418604866613,0.2173528492607755,0.9222251235947944,0.0,4.618802153517006,0,0,0,8,0.0066507475756054,0.0087778321268512,0.0056101889846408,3601.772441380584
ens_champion_segmented6,valid_2025_11,2025-11-29,2,50,80,4.6806197465717005,3601.772441380584,2199.510858904549,False,4.687270494147306,49,80,0.006650747575605465,1,0,0,1,11,5,1,3.20047272770468,0.0778619654295017,0.3091558872596671,1.0344976960871668,0.5871280277870201,1.9260599721513127,0.6671513052763216,0.1861262821147399,1.0533279962368949,0.5364166916704781,0.0677659956042047,0.1307346136058434,0.5104142051784086,0.0669418604866613,0.2173528492607755,0.9222251235947944,0.0,4.618802153517006,0,0,0,8,0.0066507475756054,0.0087778321268512,0.0056101889846408,3601.772441380584
ens_champion_segmented6,valid_2025_11,2025-11-29,3,49,81,4.679712823136988,3132.422948161217,2668.860352123916,False,4.687270494147306,49,80,0.00755767101031779,0,1,1,0,11,5,1,3.20047272770468,0.0778619654295017,0.3091558872596671,1.0344976960871668,0.5871280277870201,1.9260599721513127,0.6671513052763216,0.1861262821147399,1.0533279962368949,0.5364166916704781,0.0677659956042047,0.1307346136058434,0.5104142051784086,0.0669418604866613,0.2173528492607755,0.9222251235947944,0.0,4.618802153517006,0,0,0,8,0.0066507475756054,0.0087778321268512,0.0056101889846408,3132.422948161217
ens_champion_segmented6,valid_2025_11,2025-11-29,4,50,81,4.673062075561383,3132.422948161217,2668.860352123916,False,4.687270494147306,49,80,0.014208418585923255,1,1,0,0,11,5,1,3.20047272770468,0.0778619654295017,0.3091558872596671,1.0344976960871668,0.5871280277870201,1.9260599721513127,0.6671513052763216,0.1861262821147399,1.0533279962368949,0.5364166916704781,0.0677659956042047,0.1307346136058434,0.5104142051784086,0.0669418604866613,0.2173528492607755,0.9222251235947944,0.0,4.618802153517006,0,0,0,8,0.0066507475756054,0.0087778321268512,0.0056101889846408,3132.422948161217
ens_champion_segmented6,valid_2025_11,2025-11-29,5,49,82,4.671798170684898,2860.0442917367204,2941.2390085484126,False,4.687270494147306,49,80,0.0154723234624079,0,2,1,0,11,5,1,3.20047272770468,0.0778619654295017,0.3091558872596671,1.0344976960871668,0.5871280277870201,1.9260599721513127,0.6671513052763216,0.1861262821147399,1.0533279962368949,0.5364166916704781,0.0677659956042047,0.1307346136058434,0.5104142051784086,0.0669418604866613,0.2173528492607755,0.9222251235947944,0.0,4.618802153517006,0,0,0,8,0.0066507475756054,0.0087778321268512,0.0056101889846408,2860.0442917367204
ens_champion_segmented6,valid_2025_11,2025-11-29,6,50,82,4.665147423109293,2860.0442917367204,2941.2390085484126,False,4.687270494147306,49,80,0.022123071038013364,1,2,0,0,11,5,1,3.20047272770468,0.0778619654295017,0.3091558872596671,1.0344976960871668,0.5871280277870201,1.9260599721513127,0.6671513052763216,0.1861262821147399,1.0533279962368949,0.5364166916704781,0.0677659956042047,0.1307346136058434,0.5104142051784086,0.0669418604866613,0.2173528492607755,0.9222251235947944,0.0,4.618802153517006,0,0,0,8,0.0066507475756054,0.0087778321268512,0.0056101889846408,2860.0442917367204
ens_champion_segmented6,valid_2025_11,2025-11-29,7,49,79,4.64499519134462,4012.187206563884,1789.096093721249,False,4.687270494147306,49,80,0.0422753028026861,0,1,1,0,11,5,1,3.20047272770468,0.0778619654295017,0.3091558872596671,1.0344976960871668,0.5871280277870201,1.9260599721513127,0.6671513052763216,0.1861262821147399,1.0533279962368949,0.5364166916704781,0.0677659956042047,0.1307346136058434,0.5104142051784086,0.0669418604866613,0.2173528492607755,0.9222251235947944,0.0,4.618802153517006,0,0,0,8,0.0066507475756054,0.0087778321268512,0.0056101889846408,4012.187206563884
ens_champion_segmented6,valid_2025_11,2025-11-29,8,48,80,4.642961616478949,3601.772441380584,2199.510858904549,False,4.687270494147306,49,80,0.04430887766835667,1,0,0,1,11,5,1,3.20047272770468,0.0778619654295017,0.3091558872596671,1.0344976960871668,0.5871280277870201,1.9260599721513127,0.6671513052763216,0.1861262821147399,1.0533279962368949,0.5364166916704781,0.0677659956042047,0.1307346136058434,0.5104142051784086,0.0669418604866613,0.2173528492607755,0.9222251235947944,0.0,4.618802153517006,0,0,0,8,0.0066507475756054,0.0087778321268512,0.0056101889846408,3601.772441380584
ens_champion_segmented6,valid_2025_11,2025-11-29,9,50,79,4.6383444437690144,4012.187206563884,1789.096093721249,False,4.687270494147306,49,80,0.04892605037829156,1,1,0,0,11,5,1,3.20047272770468,0.0778619654295017,0.3091558872596671,1.0344976960871668,0.5871280277870201,1.9260599721513127,0.6671513052763216,0.1861262821147399,1.0533279962368949,0.5364166916704781,0.0677659956042047,0.1307346136058434,0.5104142051784086,0.0669418604866613,0.2173528492607755,0.9222251235947944,0.0,4.618802153517006,0,0,0,8,0.0066507475756054,0.0087778321268512,0.0056101889846408,4012.187206563884
ens_champion_segmented6,valid_2025_11,2025-11-29,10,48,81,4.635403945468632,3132.422948161217,2668.860352123916,False,4.687270494147306,49,80,0.051866548678673574,1,1,0,0,11,5,1,3.20047272770468,0.0778619654295017,0.3091558872596671,1.0344976960871668,0.5871280277870201,1.9260599721513127,0.6671513052763216,0.1861262821147399,1.0533279962368949,0.5364166916704781,0.0677659956042047,0.1307346136058434,0.5104142051784086,0.0669418604866613,0.2173528492607755,0.9222251235947944,0.0,4.618802153517006,0,0,0,8,0.0066507475756054,0.0087778321268512,0.0056101889846408,3132.422948161217
ens_champion_segmented6,valid_2025_11,2025-11-30,1,49,80,9.553210507400806,9162.32209143688,1654.3081553983284,False,9.553210507400806,49,80,0.0,0,0,1,1,11,6,1,3.176155559592148,0.0864819645823634,0.3083844702467244,1.1338132607574074,0.8032033486281933,2.391856992906338,0.6394926525531521,0.245441032420132,1.0233030020133398,0.51512528077949,0.153485874401183,0.124367371773662,0.4830367320299948,0.0678109796846114,0.2134550313901295,0.2695720317666683,0.5773502691896258,1.1547005383792517,1,0,0,2,0.0173369870157209,0.0236949008633597,0.0156171110505691,9162.32209143688
ens_champion_segmented6,valid_2025_11,2025-11-30,2,48,80,9.535873520385085,9162.32209143688,1654.3081553983284,False,9.553210507400806,49,80,0.01733698701572095,1,0,0,1,11,6,1,3.176155559592148,0.0864819645823634,0.3083844702467244,1.1338132607574074,0.8032033486281933,2.391856992906338,0.6394926525531521,0.245441032420132,1.0233030020133398,0.51512528077949,0.153485874401183,0.124367371773662,0.4830367320299948,0.0678109796846114,0.2134550313901295,0.2695720317666683,0.5773502691896258,1.1547005383792517,1,0,0,2,0.0173369870157209,0.0236949008633597,0.0156171110505691,9162.32209143688
ens_champion_segmented6,valid_2025_11,2025-11-30,3,50,80,9.53171916344309,9162.32209143688,1654.3081553983284,False,9.553210507400806,49,80,0.02149134395771668,1,0,0,1,11,6,1,3.176155559592148,0.0864819645823634,0.3083844702467244,1.1338132607574074,0.8032033486281933,2.391856992906338,0.6394926525531521,0.245441032420132,1.0233030020133398,0.51512528077949,0.153485874401183,0.124367371773662,0.4830367320299948,0.0678109796846114,0.2134550313901295,0.2695720317666683,0.5773502691896258,1.1547005383792517,1,0,0,2,0.0173369870157209,0.0236949008633597,0.0156171110505691,9162.32209143688
ens_champion_segmented6,valid_2025_11,2025-11-30,4,51,80,9.520188412364128,9162.32209143688,1654.3081553983284,False,9.553210507400806,49,80,0.03302209503667797,2,0,0,1,11,6,1,3.176155559592148,0.0864819645823634,0.3083844702467244,1.1338132607574074,0.8032033486281933,2.391856992906338,0.6394926525531521,0.245441032420132,1.0233030020133398,0.51512528077949,0.153485874401183,0.124367371773662,0.4830367320299948,0.0678109796846114,0.2134550313901295,0.2695720317666683,0.5773502691896258,1.1547005383792517,1,0,0,2,0.0173369870157209,0.0236949008633597,0.0156171110505691,9162.32209143688
ens_champion_segmented6,valid_2025_11,2025-11-30,5,52,80,9.506586429094122,9162.32209143688,1654.3081553983284,False,9.553210507400806,49,80,0.04662407830668336,3,0,0,1,11,6,1,3.176155559592148,0.0864819645823634,0.3083844702467244,1.1338132607574074,0.8032033486281933,2.391856992906338,0.6394926525531521,0.245441032420132,1.0233030020133398,0.51512528077949,0.153485874401183,0.124367371773662,0.4830367320299948,0.0678109796846114,0.2134550313901295,0.2695720317666683,0.5773502691896258,1.1547005383792517,1,0,0,2,0.0173369870157209,0.0236949008633597,0.0156171110505691,9162.32209143688
ens_champion_segmented6,valid_2025_11,2025-11-30,6,49,79,9.496372894989475,9130.508473063834,1686.121773771374,False,9.553210507400806,49,80,0.05683761241133034,0,1,1,0,11,6,1,3.176155559592148,0.0864819645823634,0.3083844702467244,1.1338132607574074,0.8032033486281933,2.391856992906338,0.6394926525531521,0.245441032420132,1.0233030020133398,0.51512528077949,0.153485874401183,0.124367371773662,0.4830367320299948,0.0678109796846114,0.2134550313901295,0.2695720317666683,0.5773502691896258,1.1547005383792517,1,0,0,2,0.0173369870157209,0.0236949008633597,0.0156171110505691,9130.508473063834
ens_champion_segmented6,valid_2025_11,2025-11-30,7,53,80,9.48721787368392,9162.32209143688,1654.3081553983284,False,9.553210507400806,49,80,0.06599263371688657,4,0,0,1,11,6,1,3.176155559592148,0.0864819645823634,0.3083844702467244,1.1338132607574074,0.8032033486281933,2.391856992906338,0.6394926525531521,0.245441032420132,1.0233030020133398,0.51512528077949,0.153485874401183,0.124367371773662,0.4830367320299948,0.0678109796846114,0.2134550313901295,0.2695720317666683,0.5773502691896258,1.1547005383792517,1,0,0,2,0.0173369870157209,0.0236949008633597,0.0156171110505691,9162.32209143688
ens_champion_segmented6,valid_2025_11,2025-11-30,8,48,79,9.479035907973756,9130.508473063834,1686.121773771374,False,9.553210507400806,49,80,0.07417459942704951,1,1,0,0,11,6,1,3.176155559592148,0.0864819645823634,0.3083844702467244,1.1338132607574074,0.8032033486281933,2.391856992906338,0.6394926525531521,0.245441032420132,1.0233030020133398,0.51512528077949,0.153485874401183,0.124367371773662,0.4830367320299948,0.0678109796846114,0.2134550313901295,0.2695720317666683,0.5773502691896258,1.1547005383792517,1,0,0,2,0.0173369870157209,0.0236949008633597,0.0156171110505691,9130.508473063834
ens_champion_segmented6,valid_2025_11,2025-11-30,9,50,79,9.47488155103176,9130.508473063834,1686.121773771374,False,9.553210507400806,49,80,0.07832895636904524,1,1,0,0,11,6,1,3.176155559592148,0.0864819645823634,0.3083844702467244,1.1338132607574074,0.8032033486281933,2.391856992906338,0.6394926525531521,0.245441032420132,1.0233030020133398,0.51512528077949,0.153485874401183,0.124367371773662,0.4830367320299948,0.0678109796846114,0.2134550313901295,0.2695720317666683,0.5773502691896258,1.1547005383792517,1,0,0,2,0.0173369870157209,0.0236949008633597,0.0156171110505691,9130.508473063834
ens_champion_segmented6,valid_2025_11,2025-11-30,10,51,79,9.4633507999528,9130.508473063834,1686.121773771374,False,9.553210507400806,49,80,0.08985970744800653,2,1,0,0,11,6,1,3.176155559592148,0.0864819645823634,0.3083844702467244,1.1338132607574074,0.8032033486281933,2.391856992906338,0.6394926525531521,0.245441032420132,1.0233030020133398,0.51512528077949,0.153485874401183,0.124367371773662,0.4830367320299948,0.0678109796846114,0.2134550313901295,0.2695720317666683,0.5773502691896258,1.1547005383792517,1,0,0,2,0.0173369870157209,0.0236949008633597,0.0156171110505691,9130.508473063834
ens_champion_segmented6,valid_2025_12,2025-12-01,1,54,70,4.112957924388496,2712.1873189861567,4890.736184744694,False,4.112957924388496,54,70,0.0,0,0,1,1,12,0,0,3.1576199282288884,0.0946012620443389,0.3265057571689405,2.0588853658976363,0.5060415726266781,1.6165807910344032,0.3369721571314835,0.1613615354027766,0.6593927435545406,0.238926277061032,0.0621123626525573,0.0980458800704514,0.3853876541968739,0.0677784226614676,0.1844382290171277,0.1056296667301314,1.1547005383792517,10.392304845413264,0,0,2,18,0.0440004188231313,0.0505668965300198,0.0273169347018862,2712.1873189861567
ens_champion_segmented6,valid_2025_12,2025-12-01,2,54,69,4.068957505565365,2712.1873189861567,4890.736184744694,False,4.112957924388496,54,70,0.044000418823131326,0,1,1,0,12,0,0,3.1576199282288884,0.0946012620443389,0.3265057571689405,2.0588853658976363,0.5060415726266781,1.6165807910344032,0.3369721571314835,0.1613615354027766,0.6593927435545406,0.238926277061032,0.0621123626525573,0.0980458800704514,0.3853876541968739,0.0677784226614676,0.1844382290171277,0.1056296667301314,1.1547005383792517,10.392304845413264,0,0,2,18,0.0440004188231313,0.0505668965300198,0.0273169347018862,2712.1873189861567
ens_champion_segmented6,valid_2025_12,2025-12-01,3,54,71,4.048000992642173,3507.527778312273,4095.395725418577,False,4.112957924388496,54,70,0.06495693174632322,0,1,1,0,12,0,0,3.1576199282288884,0.0946012620443389,0.3265057571689405,2.0588853658976363,0.5060415726266781,1.6165807910344032,0.3369721571314835,0.1613615354027766,0.6593927435545406,0.238926277061032,0.0621123626525573,0.0980458800704514,0.3853876541968739,0.0677784226614676,0.1844382290171277,0.1056296667301314,1.1547005383792517,10.392304845413264,0,0,2,18,0.0440004188231313,0.0505668965300198,0.0273169347018862,3507.527778312273
ens_champion_segmented6,valid_2025_12,2025-12-01,4,53,70,4.043297002365691,2247.7084907397043,5355.215012991146,False,4.112957924388496,54,70,0.0696609220228055,1,0,0,1,12,0,0,3.1576199282288884,0.0946012620443389,0.3265057571689405,2.0588853658976363,0.5060415726266781,1.6165807910344032,0.3369721571314835,0.1613615354027766,0.6593927435545406,0.238926277061032,0.0621123626525573,0.0980458800704514,0.3853876541968739,0.0677784226614676,0.1844382290171277,0.1056296667301314,1.1547005383792517,10.392304845413264,0,0,2,18,0.0440004188231313,0.0505668965300198,0.0273169347018862,2247.7084907397043
ens_champion_segmented6,valid_2025_12,2025-12-01,5,54,68,4.038741714330655,2712.1873189861567,4890.736184744694,False,4.112957924388496,54,70,0.07421621005784118,0,2,1,0,12,0,0,3.1576199282288884,0.0946012620443389,0.3265057571689405,2.0588853658976363,0.5060415726266781,1.6165807910344032,0.3369721571314835,0.1613615354027766,0.6593927435545406,0.238926277061032,0.0621123626525573,0.0980458800704514,0.3853876541968739,0.0677784226614676,0.1844382290171277,0.1056296667301314,1.1547005383792517,10.392304845413264,0,0,2,18,0.0440004188231313,0.0505668965300198,0.0273169347018862,2712.1873189861567
ens_champion_segmented6,valid_2025_12,2025-12-01,6,55,70,4.033485522605147,2934.8826475974724,4668.040856133377,False,4.112957924388496,54,70,0.0794724017833488,1,0,0,1,12,0,0,3.1576199282288884,0.0946012620443389,0.3265057571689405,2.0588853658976363,0.5060415726266781,1.6165807910344032,0.3369721571314835,0.1613615354027766,0.6593927435545406,0.238926277061032,0.0621123626525573,0.0980458800704514,0.3853876541968739,0.0677784226614676,0.1844382290171277,0.1056296667301314,1.1547005383792517,10.392304845413264,0,0,2,18,0.0440004188231313,0.0505668965300198,0.0273169347018862,2934.8826475974724
ens_champion_segmented6,valid_2025_12,2025-12-01,7,53,69,3.9992965835425593,2247.7084907397043,5355.215012991146,False,4.112957924388496,54,70,0.11366134084593682,1,1,0,0,12,0,0,3.1576199282288884,0.0946012620443389,0.3265057571689405,2.0588853658976363,0.5060415726266781,1.6165807910344032,0.3369721571314835,0.1613615354027766,0.6593927435545406,0.238926277061032,0.0621123626525573,0.0980458800704514,0.3853876541968739,0.0677784226614676,0.1844382290171277,0.1056296667301314,1.1547005383792517,10.392304845413264,0,0,2,18,0.0440004188231313,0.0505668965300198,0.0273169347018862,2247.7084907397043
ens_champion_segmented6,valid_2025_12,2025-12-01,8,55,69,3.989485103782016,2934.8826475974724,4668.040856133377,False,4.112957924388496,54,70,0.12347282060648013,1,1,0,0,12,0,0,3.1576199282288884,0.0946012620443389,0.3265057571689405,2.0588853658976363,0.5060415726266781,1.6165807910344032,0.3369721571314835,0.1613615354027766,0.6593927435545406,0.238926277061032,0.0621123626525573,0.0980458800704514,0.3853876541968739,0.0677784226614676,0.1844382290171277,0.1056296667301314,1.1547005383792517,10.392304845413264,0,0,2,18,0.0440004188231313,0.0505668965300198,0.0273169347018862,2934.8826475974724
ens_champion_segmented6,valid_2025_12,2025-12-01,9,54,72,3.982154836781959,3571.1550150583626,4031.768488672488,False,4.112957924388496,54,70,0.13080308760653736,0,2,1,0,12,0,0,3.1576199282288884,0.0946012620443389,0.3265057571689405,2.0588853658976363,0.5060415726266781,1.6165807910344032,0.3369721571314835,0.1613615354027766,0.6593927435545406,0.238926277061032,0.0621123626525573,0.0980458800704514,0.3853876541968739,0.0677784226614676,0.1844382290171277,0.1056296667301314,1.1547005383792517,10.392304845413264,0,0,2,18,0.0440004188231313,0.0505668965300198,0.0273169347018862,3571.1550150583626
ens_champion_segmented6,valid_2025_12,2025-12-01,10,53,71,3.978340070619368,3043.0489500658205,4559.874553665029,False,4.112957924388496,54,70,0.13461785376912827,1,1,0,0,12,0,0,3.1576199282288884,0.0946012620443389,0.3265057571689405,2.0588853658976363,0.5060415726266781,1.6165807910344032,0.3369721571314835,0.1613615354027766,0.6593927435545406,0.238926277061032,0.0621123626525573,0.0980458800704514,0.3853876541968739,0.0677784226614676,0.1844382290171277,0.1056296667301314,1.1547005383792517,10.392304845413264,0,0,2,18,0.0440004188231313,0.0505668965300198,0.0273169347018862,3043.0489500658205
ens_champion_segmented6,valid_2025_12,2025-12-02,1,52,70,5.773402738683771,6280.00826683903,833.5168013737512,False,5.773402738683771,52,70,0.0,0,0,1,1,12,1,0,3.205999828331219,0.0764390700999455,0.320972593321561,1.450825402056555,0.77745008522524,2.4095820519991795,0.541968753181083,0.2428848180875204,1.01112832761063,0.414741381420468,0.1078371088138173,0.1272273717606148,0.4955300967439878,0.066949628467161,0.207672711531188,0.0801881597899575,2.309401076758503,0.0,4,0,4,0,0.000538820019436,0.0088448953549775,0.0093428976801301,6280.00826683903
ens_champion_segmented6,valid_2025_12,2025-12-02,2,53,70,5.772863918664335,6280.00826683903,833.5168013737512,False,5.773402738683771,52,70,0.0005388200194360593,1,0,0,1,12,1,0,3.205999828331219,0.0764390700999455,0.320972593321561,1.450825402056555,0.77745008522524,2.4095820519991795,0.541968753181083,0.2428848180875204,1.01112832761063,0.414741381420468,0.1078371088138173,0.1272273717606148,0.4955300967439878,0.066949628467161,0.207672711531188,0.0801881597899575,2.309401076758503,0.0,4,0,4,0,0.000538820019436,0.0088448953549775,0.0093428976801301,6280.00826683903
ens_champion_segmented6,valid_2025_12,2025-12-02,3,51,70,5.7654428419520585,6280.00826683903,833.5168013737512,False,5.773402738683771,52,70,0.00795989673171249,1,0,0,1,12,1,0,3.205999828331219,0.0764390700999455,0.320972593321561,1.450825402056555,0.77745008522524,2.4095820519991795,0.541968753181083,0.2428848180875204,1.01112832761063,0.414741381420468,0.1078371088138173,0.1272273717606148,0.4955300967439878,0.066949628467161,0.207672711531188,0.0801881597899575,2.309401076758503,0.0,4,0,4,0,0.000538820019436,0.0088448953549775,0.0093428976801301,6280.00826683903
ens_champion_segmented6,valid_2025_12,2025-12-02,4,54,70,5.763470631234512,6280.00826683903,833.5168013737512,False,5.773402738683771,52,70,0.00993210744925932,2,0,0,1,12,1,0,3.205999828331219,0.0764390700999455,0.320972593321561,1.450825402056555,0.77745008522524,2.4095820519991795,0.541968753181083,0.2428848180875204,1.01112832761063,0.414741381420468,0.1078371088138173,0.1272273717606148,0.4955300967439878,0.066949628467161,0.207672711531188,0.0801881597899575,2.309401076758503,0.0,4,0,4,0,0.000538820019436,0.0088448953549775,0.0093428976801301,6280.00826683903
ens_champion_segmented6,valid_2025_12,2025-12-02,5,52,71,5.747609086109293,6566.330832196431,547.1942360163494,False,5.773402738683771,52,70,0.025793652574478187,0,1,1,0,12,1,0,3.205999828331219,0.0764390700999455,0.320972593321561,1.450825402056555,0.77745008522524,2.4095820519991795,0.541968753181083,0.2428848180875204,1.01112832761063,0.414741381420468,0.1078371088138173,0.1272273717606148,0.4955300967439878,0.066949628467161,0.207672711531188,0.0801881597899575,2.309401076758503,0.0,4,0,4,0,0.000538820019436,0.0088448953549775,0.0093428976801301,6566.330832196431
ens_champion_segmented6,valid_2025_12,2025-12-02,6,53,71,5.747070266089857,6566.330832196431,547.1942360163494,False,5.773402738683771,52,70,0.026332472593914247,1,1,0,0,12,1,0,3.205999828331219,0.0764390700999455,0.320972593321561,1.450825402056555,0.77745008522524,2.4095820519991795,0.541968753181083,0.2428848180875204,1.01112832761063,0.414741381420468,0.1078371088138173,0.1272273717606148,0.4955300967439878,0.066949628467161,0.207672711531188,0.0801881597899575,2.309401076758503,0.0,4,0,4,0,0.000538820019436,0.0088448953549775,0.0093428976801301,6566.330832196431
ens_champion_segmented6,valid_2025_12,2025-12-02,7,55,70,5.742402726197071,6280.00826683903,833.5168013737512,False,5.773402738683771,52,70,0.031000012486700257,3,0,0,1,12,1,0,3.205999828331219,0.0764390700999455,0.320972593321561,1.450825402056555,0.77745008522524,2.4095820519991795,0.541968753181083,0.2428848180875204,1.01112832761063,0.414741381420468,0.1078371088138173,0.1272273717606148,0.4955300967439878,0.066949628467161,0.207672711531188,0.0801881597899575,2.309401076758503,0.0,4,0,4,0,0.000538820019436,0.0088448953549775,0.0093428976801301,6280.00826683903
ens_champion_segmented6,valid_2025_12,2025-12-02,8,50,70,5.739909663798002,6280.00826683903,833.5168013737512,False,5.773402738683771,52,70,0.03349307488576869,2,0,0,1,12,1,0,3.205999828331219,0.0764390700999455,0.320972593321561,1.450825402056555,0.77745008522524,2.4095820519991795,0.541968753181083,0.2428848180875204,1.01112832761063,0.414741381420468,0.1078371088138173,0.1272273717606148,0.4955300967439878,0.066949628467161,0.207672711531188,0.0801881597899575,2.309401076758503,0.0,4,0,4,0,0.000538820019436,0.0088448953549775,0.0093428976801301,6280.00826683903
ens_champion_segmented6,valid_2025_12,2025-12-02,9,51,71,5.73964918937758,6566.330832196431,547.1942360163494,False,5.773402738683771,52,70,0.03375354930619068,1,1,0,0,12,1,0,3.205999828331219,0.0764390700999455,0.320972593321561,1.450825402056555,0.77745008522524,2.4095820519991795,0.541968753181083,0.2428848180875204,1.01112832761063,0.414741381420468,0.1078371088138173,0.1272273717606148,0.4955300967439878,0.066949628467161,0.207672711531188,0.0801881597899575,2.309401076758503,0.0,4,0,4,0,0.000538820019436,0.0088448953549775,0.0093428976801301,6566.330832196431
ens_champion_segmented6,valid_2025_12,2025-12-02,10,54,71,5.7376769786600335,6566.330832196431,547.1942360163494,False,5.773402738683771,52,70,0.03572576002373751,2,1,0,0,12,1,0,3.205999828331219,0.0764390700999455,0.320972593321561,1.450825402056555,0.77745008522524,2.4095820519991795,0.541968753181083,0.2428848180875204,1.01112832761063,0.414741381420468,0.1078371088138173,0.1272273717606148,0.4955300967439878,0.066949628467161,0.207672711531188,0.0801881597899575,2.309401076758503,0.0,4,0,4,0,0.000538820019436,0.0088448953549775,0.0093428976801301,6566.330832196431
ens_champion_segmented6,valid_2025_12,2025-12-03,1,48,69,7.103016346976046,8099.747237777187,907.4675572819116,False,7.103016346976046,48,69,0.0,0,0,1,1,12,2,0,3.1691676610482014,0.0935539032487472,0.3239390423804225,1.180487416125466,0.6355583795455688,1.8950756571823757,0.6121922042189781,0.2042832900381729,1.0289275902000408,0.4751901634318916,0.0264283380063066,0.1370020407870864,0.5363058654306451,0.067508958165975,0.2346482886089322,0.206599944703777,0.0,0.0,0,0,0,0,0.0061124505848439,0.0154450399798165,0.0113748518219264,8099.747237777187
ens_champion_segmented6,valid_2025_12,2025-12-03,2,47,69,7.096903896391202,8099.747237777187,907.4675572819116,False,7.103016346976046,48,69,0.006112450584843998,1,0,0,1,12,2,0,3.1691676610482014,0.0935539032487472,0.3239390423804225,1.180487416125466,0.6355583795455688,1.8950756571823757,0.6121922042189781,0.2042832900381729,1.0289275902000408,0.4751901634318916,0.0264283380063066,0.1370020407870864,0.5363058654306451,0.067508958165975,0.2346482886089322,0.206599944703777,0.0,0.0,0,0,0,0,0.0061124505848439,0.0154450399798165,0.0113748518219264,8099.747237777187
ens_champion_segmented6,valid_2025_12,2025-12-03,3,49,69,7.087330738702327,8099.747237777187,907.4675572819116,False,7.103016346976046,48,69,0.0156856082737189,1,0,0,1,12,2,0,3.1691676610482014,0.0935539032487472,0.3239390423804225,1.180487416125466,0.6355583795455688,1.8950756571823757,0.6121922042189781,0.2042832900381729,1.0289275902000408,0.4751901634318916,0.0264283380063066,0.1370020407870864,0.5363058654306451,0.067508958165975,0.2346482886089322,0.206599944703777,0.0,0.0,0,0,0,0,0.0061124505848439,0.0154450399798165,0.0113748518219264,8099.747237777187
ens_champion_segmented6,valid_2025_12,2025-12-03,4,46,69,7.078480686831583,8099.747237777187,907.4675572819116,False,7.103016346976046,48,69,0.024535660144463733,2,0,0,1,12,2,0,3.1691676610482014,0.0935539032487472,0.3239390423804225,1.180487416125466,0.6355583795455688,1.8950756571823757,0.6121922042189781,0.2042832900381729,1.0289275902000408,0.4751901634318916,0.0264283380063066,0.1370020407870864,0.5363058654306451,0.067508958165975,0.2346482886089322,0.206599944703777,0.0,0.0,0,0,0,0,0.0061124505848439,0.0154450399798165,0.0113748518219264,8099.747237777187
ens_champion_segmented6,valid_2025_12,2025-12-03,5,48,68,7.072124866079996,8036.120001031098,971.0947940280012,False,7.103016346976046,48,69,0.030891480896050538,0,1,1,0,12,2,0,3.1691676610482014,0.0935539032487472,0.3239390423804225,1.180487416125466,0.6355583795455688,1.8950756571823757,0.6121922042189781,0.2042832900381729,1.0289275902000408,0.4751901634318916,0.0264283380063066,0.1370020407870864,0.5363058654306451,0.067508958165975,0.2346482886089322,0.206599944703777,0.0,0.0,0,0,0,0,0.0061124505848439,0.0154450399798165,0.0113748518219264,8036.120001031098
ens_champion_segmented6,valid_2025_12,2025-12-03,6,50,69,7.071595599113996,8099.747237777187,907.4675572819116,False,7.103016346976046,48,69,0.03142074786205029,2,0,0,1,12,2,0,3.1691676610482014,0.0935539032487472,0.3239390423804225,1.180487416125466,0.6355583795455688,1.8950756571823757,0.6121922042189781,0.2042832900381729,1.0289275902000408,0.4751901634318916,0.0264283380063066,0.1370020407870864,0.5363058654306451,0.067508958165975,0.2346482886089322,0.206599944703777,0.0,0.0,0,0,0,0,0.0061124505848439,0.0154450399798165,0.0113748518219264,8099.747237777187
ens_champion_segmented6,valid_2025_12,2025-12-03,7,48,70,7.067310586221339,8258.81532964241,748.399465416689,False,7.103016346976046,48,69,0.03570576075470733,0,1,1,0,12,2,0,3.1691676610482014,0.0935539032487472,0.3239390423804225,1.180487416125466,0.6355583795455688,1.8950756571823757,0.6121922042189781,0.2042832900381729,1.0289275902000408,0.4751901634318916,0.0264283380063066,0.1370020407870864,0.5363058654306451,0.067508958165975,0.2346482886089322,0.206599944703777,0.0,0.0,0,0,0,0,0.0061124505848439,0.0154450399798165,0.0113748518219264,8258.81532964241
ens_champion_segmented6,valid_2025_12,2025-12-03,8,47,68,7.066012415495152,8036.120001031098,971.0947940280012,False,7.103016346976046,48,69,0.037003931480894536,1,1,0,0,12,2,0,3.1691676610482014,0.0935539032487472,0.3239390423804225,1.180487416125466,0.6355583795455688,1.8950756571823757,0.6121922042189781,0.2042832900381729,1.0289275902000408,0.4751901634318916,0.0264283380063066,0.1370020407870864,0.5363058654306451,0.067508958165975,0.2346482886089322,0.206599944703777,0.0,0.0,0,0,0,0,0.0061124505848439,0.0154450399798165,0.0113748518219264,8036.120001031098
ens_champion_segmented6,valid_2025_12,2025-12-03,9,45,69,7.063341112219808,8099.747237777187,907.4675572819116,False,7.103016346976046,48,69,0.03967523475623835,3,0,0,1,12,2,0,3.1691676610482014,0.0935539032487472,0.3239390423804225,1.180487416125466,0.6355583795455688,1.8950756571823757,0.6121922042189781,0.2042832900381729,1.0289275902000408,0.4751901634318916,0.0264283380063066,0.1370020407870864,0.5363058654306451,0.067508958165975,0.2346482886089322,0.206599944703777,0.0,0.0,0,0,0,0,0.0061124505848439,0.0154450399798165,0.0113748518219264,8099.747237777187
ens_champion_segmented6,valid_2025_12,2025-12-03,10,47,70,7.061198135636495,8258.81532964241,748.399465416689,False,7.103016346976046,48,69,0.041818211339551326,1,1,0,0,12,2,0,3.1691676610482014,0.0935539032487472,0.3239390423804225,1.180487416125466,0.6355583795455688,1.8950756571823757,0.6121922042189781,0.2042832900381729,1.0289275902000408,0.4751901634318916,0.0264283380063066,0.1370020407870864,0.5363058654306451,0.067508958165975,0.2346482886089322,0.206599944703777,0.0,0.0,0,0,0,0,0.0061124505848439,0.0154450399798165,0.0113748518219264,8258.81532964241
ens_champion_segmented6,valid_2025_12,2025-12-04,1,50,65,6.638984576734153,11492.100173493527,406.1930980252055,False,6.638984576734153,50,65,0.0,0,0,1,1,12,3,0,3.20784158644962,0.0817076464421067,0.3283781966458106,1.9052175628515395,0.5119658203456288,1.6736397023289968,0.3982751377118418,0.1545049872537405,0.7054874013975456,0.264576904862594,0.0937481144261543,0.1336982328492477,0.5349193102773945,0.0668958330650247,0.1955026288645684,0.4270284161448976,2.309401076758503,0.5773502691896257,4,1,4,1,0.0130360087438035,0.0356640592599619,0.0256468149594594,11492.100173493527
ens_champion_segmented6,valid_2025_12,2025-12-04,2,50,64,6.625948567990349,11186.34585003387,711.9474214848633,False,6.638984576734153,50,65,0.013036008743803507,0,1,1,0,12,3,0,3.20784158644962,0.0817076464421067,0.3283781966458106,1.9052175628515395,0.5119658203456288,1.6736397023289968,0.3982751377118418,0.1545049872537405,0.7054874013975456,0.264576904862594,0.0937481144261543,0.1336982328492477,0.5349193102773945,0.0668958330650247,0.1955026288645684,0.4270284161448976,2.309401076758503,0.5773502691896257,4,1,4,1,0.0130360087438035,0.0356640592599619,0.0256468149594594,11186.34585003387
ens_champion_segmented6,valid_2025_12,2025-12-04,3,50,66,6.597727356034653,11492.100173493527,406.1930980252055,False,6.638984576734153,50,65,0.04125722069949944,0,1,1,0,12,3,0,3.20784158644962,0.0817076464421067,0.3283781966458106,1.9052175628515395,0.5119658203456288,1.6736397023289968,0.3982751377118418,0.1545049872537405,0.7054874013975456,0.264576904862594,0.0937481144261543,0.1336982328492477,0.5349193102773945,0.0668958330650247,0.1955026288645684,0.4270284161448976,2.309401076758503,0.5773502691896257,4,1,4,1,0.0130360087438035,0.0356640592599619,0.0256468149594594,11492.100173493527
ens_champion_segmented6,valid_2025_12,2025-12-04,4,51,65,6.583489047677801,10537.691622302187,1360.6016492165454,False,6.638984576734153,50,65,0.055495529056351245,1,0,0,1,12,3,0,3.20784158644962,0.0817076464421067,0.3283781966458106,1.9052175628515395,0.5119658203456288,1.6736397023289968,0.3982751377118418,0.1545049872537405,0.7054874013975456,0.264576904862594,0.0937481144261543,0.1336982328492477,0.5349193102773945,0.0668958330650247,0.1955026288645684,0.4270284161448976,2.309401076758503,0.5773502691896257,4,1,4,1,0.0130360087438035,0.0356640592599619,0.0256468149594594,10537.691622302187
ens_champion_segmented6,valid_2025_12,2025-12-04,5,51,64,6.570453038933998,10231.93729884253,1666.3559726762032,False,6.638984576734153,50,65,0.06853153780015475,1,1,0,0,12,3,0,3.20784158644962,0.0817076464421067,0.3283781966458106,1.9052175628515395,0.5119658203456288,1.6736397023289968,0.3982751377118418,0.1545049872537405,0.7054874013975456,0.264576904862594,0.0937481144261543,0.1336982328492477,0.5349193102773945,0.0668958330650247,0.1955026288645684,0.4270284161448976,2.309401076758503,0.5773502691896257,4,1,4,1,0.0130360087438035,0.0356640592599619,0.0256468149594594,10231.93729884253
ens_champion_segmented6,valid_2025_12,2025-12-04,6,51,66,6.542231826978302,10537.691622302187,1360.6016492165454,False,6.638984576734153,50,65,0.09675274975585069,1,1,0,0,12,3,0,3.20784158644962,0.0817076464421067,0.3283781966458106,1.9052175628515395,0.5119658203456288,1.6736397023289968,0.3982751377118418,0.1545049872537405,0.7054874013975456,0.264576904862594,0.0937481144261543,0.1336982328492477,0.5349193102773945,0.0668958330650247,0.1955026288645684,0.4270284161448976,2.309401076758503,0.5773502691896257,4,1,4,1,0.0130360087438035,0.0356640592599619,0.0256468149594594,10537.691622302187
ens_champion_segmented6,valid_2025_12,2025-12-04,7,49,65,6.444687870480465,11834.666034772636,63.62723674609515,False,6.638984576734153,50,65,0.194296706253688,1,0,0,1,12,3,0,3.20784158644962,0.0817076464421067,0.3283781966458106,1.9052175628515395,0.5119658203456288,1.6736397023289968,0.3982751377118418,0.1545049872537405,0.7054874013975456,0.264576904862594,0.0937481144261543,0.1336982328492477,0.5349193102773945,0.0668958330650247,0.1955026288645684,0.4270284161448976,2.309401076758503,0.5773502691896257,4,1,4,1,0.0130360087438035,0.0356640592599619,0.0256468149594594,11834.666034772636
ens_champion_segmented6,valid_2025_12,2025-12-04,8,49,64,6.431651861736661,11528.91171131298,369.381560205753,False,6.638984576734153,50,65,0.2073327149974915,1,1,0,0,12,3,0,3.20784158644962,0.0817076464421067,0.3283781966458106,1.9052175628515395,0.5119658203456288,1.6736397023289968,0.3982751377118418,0.1545049872537405,0.7054874013975456,0.264576904862594,0.0937481144261543,0.1336982328492477,0.5349193102773945,0.0668958330650247,0.1955026288645684,0.4270284161448976,2.309401076758503,0.5773502691896257,4,1,4,1,0.0130360087438035,0.0356640592599619,0.0256468149594594,11528.91171131298
ens_champion_segmented6,valid_2025_12,2025-12-04,9,50,67,6.409408858553455,11555.727410239617,342.5658612791158,False,6.638984576734153,50,65,0.22957571818069766,0,2,1,0,12,3,0,3.20784158644962,0.0817076464421067,0.3283781966458106,1.9052175628515395,0.5119658203456288,1.6736397023289968,0.3982751377118418,0.1545049872537405,0.7054874013975456,0.264576904862594,0.0937481144261543,0.1336982328492477,0.5349193102773945,0.0668958330650247,0.1955026288645684,0.4270284161448976,2.309401076758503,0.5773502691896257,4,1,4,1,0.0130360087438035,0.0356640592599619,0.0256468149594594,11555.727410239617
ens_champion_segmented6,valid_2025_12,2025-12-04,10,49,66,6.403430649780965,11834.666034772636,63.62723674609515,False,6.638984576734153,50,65,0.23555392695318744,1,1,0,0,12,3,0,3.20784158644962,0.0817076464421067,0.3283781966458106,1.9052175628515395,0.5119658203456288,1.6736397023289968,0.3982751377118418,0.1545049872537405,0.7054874013975456,0.264576904862594,0.0937481144261543,0.1336982328492477,0.5349193102773945,0.0668958330650247,0.1955026288645684,0.4270284161448976,2.309401076758503,0.5773502691896257,4,1,4,1,0.0130360087438035,0.0356640592599619,0.0256468149594594,11834.666034772636
ens_champion_segmented6,valid_2025_12,2025-12-05,1,32,72,3.836017818323987,3407.200351411042,1190.9523478804413,False,3.836017818323987,32,72,0.0,0,0,1,1,12,4,0,3.200932290624038,0.0835864820686864,0.3149625535025446,0.7695965053175226,0.657962642293497,2.0743375426499853,0.7525539137810558,0.2063639848535706,1.1648877554945614,0.6303371589685861,0.0427382359117178,0.1222167548124697,0.4934187452057646,0.0669319447652462,0.2274112604982681,0.7775450439105859,0.5773502691896258,0.0,1,0,1,0,0.0118026945896008,0.0174888619700523,0.0114716401684781,3407.200351411042
ens_champion_segmented6,valid_2025_12,2025-12-05,2,32,73,3.824215123734386,3251.568130330108,1346.5845689613757,False,3.836017818323987,32,72,0.011802694589600815,0,1,1,0,12,4,0,3.200932290624038,0.0835864820686864,0.3149625535025446,0.7695965053175226,0.657962642293497,2.0743375426499853,0.7525539137810558,0.2063639848535706,1.1648877554945614,0.6303371589685861,0.0427382359117178,0.1222167548124697,0.4934187452057646,0.0669319447652462,0.2274112604982681,0.7775450439105859,0.5773502691896258,0.0,1,0,1,0,0.0118026945896008,0.0174888619700523,0.0114716401684781,3251.568130330108
ens_champion_segmented6,valid_2025_12,2025-12-05,3,34,72,3.8201481783157054,3581.3735492797878,1016.779150011696,False,3.836017818323987,32,72,0.015869640008281394,2,0,0,1,12,4,0,3.200932290624038,0.0835864820686864,0.3149625535025446,0.7695965053175226,0.657962642293497,2.0743375426499853,0.7525539137810558,0.2063639848535706,1.1648877554945614,0.6303371589685861,0.0427382359117178,0.1222167548124697,0.4934187452057646,0.0669319447652462,0.2274112604982681,0.7775450439105859,0.5773502691896258,0.0,1,0,1,0,0.0118026945896008,0.0174888619700523,0.0114716401684781,3581.3735492797878
ens_champion_segmented6,valid_2025_12,2025-12-05,4,34,73,3.8083454837261055,3425.7413281988524,1172.4113710926308,False,3.836017818323987,32,72,0.02767233459788132,2,1,0,0,12,4,0,3.200932290624038,0.0835864820686864,0.3149625535025446,0.7695965053175226,0.657962642293497,2.0743375426499853,0.7525539137810558,0.2063639848535706,1.1648877554945614,0.6303371589685861,0.0427382359117178,0.1222167548124697,0.4934187452057646,0.0669319447652462,0.2274112604982681,0.7775450439105859,0.5773502691896258,0.0,1,0,1,0,0.0118026945896008,0.0174888619700523,0.0114716401684781,3425.7413281988524
ens_champion_segmented6,valid_2025_12,2025-12-05,5,32,74,3.803918177669486,3488.8213707089258,1109.3313285825575,False,3.836017818323987,32,72,0.03209964065450066,0,2,1,0,12,4,0,3.200932290624038,0.0835864820686864,0.3149625535025446,0.7695965053175226,0.657962642293497,2.0743375426499853,0.7525539137810558,0.2063639848535706,1.1648877554945614,0.6303371589685861,0.0427382359117178,0.1222167548124697,0.4934187452057646,0.0669319447652462,0.2274112604982681,0.7775450439105859,0.5773502691896258,0.0,1,0,1,0,0.0118026945896008,0.0174888619700523,0.0114716401684781,3488.8213707089258
ens_champion_segmented6,valid_2025_12,2025-12-05,6,35,72,3.799643596686812,3632.4248626830126,965.7278366084706,False,3.836017818323987,32,72,0.03637422163717474,3,0,0,1,12,4,0,3.200932290624038,0.0835864820686864,0.3149625535025446,0.7695965053175226,0.657962642293497,2.0743375426499853,0.7525539137810558,0.2063639848535706,1.1648877554945614,0.6303371589685861,0.0427382359117178,0.1222167548124697,0.4934187452057646,0.0669319447652462,0.2274112604982681,0.7775450439105859,0.5773502691896258,0.0,1,0,1,0,0.0118026945896008,0.0174888619700523,0.0114716401684781,3632.4248626830126
ens_champion_segmented6,valid_2025_12,2025-12-05,7,33,72,3.7978262524720248,3530.341324047586,1067.8113752438971,False,3.836017818323987,32,72,0.03819156585196204,1,0,0,1,12,4,0,3.200932290624038,0.0835864820686864,0.3149625535025446,0.7695965053175226,0.657962642293497,2.0743375426499853,0.7525539137810558,0.2063639848535706,1.1648877554945614,0.6303371589685861,0.0427382359117178,0.1222167548124697,0.4934187452057646,0.0669319447652462,0.2274112604982681,0.7775450439105859,0.5773502691896258,0.0,1,0,1,0,0.0118026945896008,0.0174888619700523,0.0114716401684781,3530.341324047586
ens_champion_segmented6,valid_2025_12,2025-12-05,8,32,75,3.790489858075488,3091.5678994465534,1506.58479984493,False,3.836017818323987,32,72,0.04552796024849881,0,3,1,0,12,4,0,3.200932290624038,0.0835864820686864,0.3149625535025446,0.7695965053175226,0.657962642293497,2.0743375426499853,0.7525539137810558,0.2063639848535706,1.1648877554945614,0.6303371589685861,0.0427382359117178,0.1222167548124697,0.4934187452057646,0.0669319447652462,0.2274112604982681,0.7775450439105859,0.5773502691896258,0.0,1,0,1,0,0.0118026945896008,0.0174888619700523,0.0114716401684781,3091.5678994465534
ens_champion_segmented6,valid_2025_12,2025-12-05,9,31,72,3.789062265505984,3359.5181001935225,1238.6345990979607,False,3.836017818323987,32,72,0.04695555281800301,1,0,0,1,12,4,0,3.200932290624038,0.0835864820686864,0.3149625535025446,0.7695965053175226,0.657962642293497,2.0743375426499853,0.7525539137810558,0.2063639848535706,1.1648877554945614,0.6303371589685861,0.0427382359117178,0.1222167548124697,0.4934187452057646,0.0669319447652462,0.2274112604982681,0.7775450439105859,0.5773502691896258,0.0,1,0,1,0,0.0118026945896008,0.0174888619700523,0.0114716401684781,3359.5181001935225
ens_champion_segmented6,valid_2025_12,2025-12-05,10,34,74,3.7880485376612056,3662.994568577671,935.1581307138122,False,3.836017818323987,32,72,0.047969280662781166,2,2,0,0,12,4,0,3.200932290624038,0.0835864820686864,0.3149625535025446,0.7695965053175226,0.657962642293497,2.0743375426499853,0.7525539137810558,0.2063639848535706,1.1648877554945614,0.6303371589685861,0.0427382359117178,0.1222167548124697,0.4934187452057646,0.0669319447652462,0.2274112604982681,0.7775450439105859,0.5773502691896258,0.0,1,0,1,0,0.0118026945896008,0.0174888619700523,0.0114716401684781,3662.994568577671
ens_champion_segmented6,valid_2025_12,2025-12-06,1,48,71,4.188349912100579,437.4531594385513,944.810382528194,False,4.188349912100579,48,71,0.0,0,0,1,1,12,5,1,3.181027540164513,0.0891219560850262,0.3409172295470957,0.69242685476671,0.6374464890261377,1.960260394776028,0.770212717362415,0.2042462323614044,1.1916102934454702,0.6441614829489773,0.0257826037425777,0.1260512344134375,0.5023699606911053,0.0673694032754321,0.2509960072753485,0.7207400874686484,13.856406460551018,0.5773502691896257,24,1,24,0,0.0020842141296126,0.0080308061497396,0.0057728441032386,437.4531594385513
ens_champion_segmented6,valid_2025_12,2025-12-06,2,31,71,4.186265697970966,365.9170571649228,1016.3464848018224,False,4.188349912100579,48,71,0.0020842141296126826,17,0,0,1,12,5,1,3.181027540164513,0.0891219560850262,0.3409172295470957,0.69242685476671,0.6374464890261377,1.960260394776028,0.770212717362415,0.2042462323614044,1.1916102934454702,0.6441614829489773,0.0257826037425777,0.1260512344134375,0.5023699606911053,0.0673694032754321,0.2509960072753485,0.7207400874686484,13.856406460551018,0.5773502691896257,24,1,24,0,0.0020842141296126,0.0080308061497396,0.0057728441032386,365.9170571649228
ens_champion_segmented6,valid_2025_12,2025-12-06,3,48,70,4.176329803075264,472.4481396489006,909.8154023178448,False,4.188349912100579,48,71,0.012020109025314696,0,1,1,0,12,5,1,3.181027540164513,0.0891219560850262,0.3409172295470957,0.69242685476671,0.6374464890261377,1.960260394776028,0.770212717362415,0.2042462323614044,1.1916102934454702,0.6441614829489773,0.0257826037425777,0.1260512344134375,0.5023699606911053,0.0673694032754321,0.2509960072753485,0.7207400874686484,13.856406460551018,0.5773502691896257,24,1,24,0,0.0020842141296126,0.0080308061497396,0.0057728441032386,472.4481396489006
ens_champion_segmented6,valid_2025_12,2025-12-06,4,29,71,4.176024086162924,330.9220769545735,1051.3414650121715,False,4.188349912100579,48,71,0.012325825937654855,19,0,0,1,12,5,1,3.181027540164513,0.0891219560850262,0.3409172295470957,0.69242685476671,0.6374464890261377,1.960260394776028,0.770212717362415,0.2042462323614044,1.1916102934454702,0.6441614829489773,0.0257826037425777,0.1260512344134375,0.5023699606911053,0.0673694032754321,0.2509960072753485,0.7207400874686484,13.856406460551018,0.5773502691896257,24,1,24,0,0.0020842141296126,0.0080308061497396,0.0057728441032386,330.9220769545735
ens_champion_segmented6,valid_2025_12,2025-12-06,5,47,71,4.174626030444463,437.4531594385513,944.810382528194,False,4.188349912100579,48,71,0.013723881656115822,1,0,0,1,12,5,1,3.181027540164513,0.0891219560850262,0.3409172295470957,0.69242685476671,0.6374464890261377,1.960260394776028,0.770212717362415,0.2042462323614044,1.1916102934454702,0.6441614829489773,0.0257826037425777,0.1260512344134375,0.5023699606911053,0.0673694032754321,0.2509960072753485,0.7207400874686484,13.856406460551018,0.5773502691896257,24,1,24,0,0.0020842141296126,0.0080308061497396,0.0057728441032386,437.4531594385513
ens_champion_segmented6,valid_2025_12,2025-12-06,6,31,70,4.1742455889456505,400.9120373752721,981.3515045914731,False,4.188349912100579,48,71,0.014104323154928267,17,1,0,0,12,5,1,3.181027540164513,0.0891219560850262,0.3409172295470957,0.69242685476671,0.6374464890261377,1.960260394776028,0.770212717362415,0.2042462323614044,1.1916102934454702,0.6441614829489773,0.0257826037425777,0.1260512344134375,0.5023699606911053,0.0673694032754321,0.2509960072753485,0.7207400874686484,13.856406460551018,0.5773502691896257,24,1,24,0,0.0020842141296126,0.0080308061497396,0.0057728441032386,400.9120373752721
ens_champion_segmented6,valid_2025_12,2025-12-06,7,49,71,4.169174460145436,437.4531594385513,944.810382528194,False,4.188349912100579,48,71,0.019175451955142364,1,0,0,1,12,5,1,3.181027540164513,0.0891219560850262,0.3409172295470957,0.69242685476671,0.6374464890261377,1.960260394776028,0.770212717362415,0.2042462323614044,1.1916102934454702,0.6441614829489773,0.0257826037425777,0.1260512344134375,0.5023699606911053,0.0673694032754321,0.2509960072753485,0.7207400874686484,13.856406460551018,0.5773502691896257,24,1,24,0,0.0020842141296126,0.0080308061497396,0.0057728441032386,437.4531594385513
ens_champion_segmented6,valid_2025_12,2025-12-06,8,48,72,4.166458255586345,36.47113210285835,1345.792409863887,False,4.188349912100579,48,71,0.021891656514233304,0,1,1,0,12,5,1,3.181027540164513,0.0891219560850262,0.3409172295470957,0.69242685476671,0.6374464890261377,1.960260394776028,0.770212717362415,0.2042462323614044,1.1916102934454702,0.6441614829489773,0.0257826037425777,0.1260512344134375,0.5023699606911053,0.0673694032754321,0.2509960072753485,0.7207400874686484,13.856406460551018,0.5773502691896257,24,1,24,0,0.0020842141296126,0.0080308061497396,0.0057728441032386,36.47113210285835
ens_champion_segmented6,valid_2025_12,2025-12-06,9,31,72,4.164374041456732,-35.06497017077015,1417.3285121375156,False,4.188349912100579,48,71,0.023975870643846875,17,1,0,0,12,5,1,3.181027540164513,0.0891219560850262,0.3409172295470957,0.69242685476671,0.6374464890261377,1.960260394776028,0.770212717362415,0.2042462323614044,1.1916102934454702,0.6441614829489773,0.0257826037425777,0.1260512344134375,0.5023699606911053,0.0673694032754321,0.2509960072753485,0.7207400874686484,13.856406460551018,0.5773502691896257,24,1,24,0,0.0020842141296126,0.0080308061497396,0.0057728441032386,-35.06497017077015
ens_champion_segmented6,valid_2025_12,2025-12-06,10,29,70,4.164003977137608,365.9170571649228,1016.3464848018224,False,4.188349912100579,48,71,0.02434593496297044,19,1,0,0,12,5,1,3.181027540164513,0.0891219560850262,0.3409172295470957,0.69242685476671,0.6374464890261377,1.960260394776028,0.770212717362415,0.2042462323614044,1.1916102934454702,0.6441614829489773,0.0257826037425777,0.1260512344134375,0.5023699606911053,0.0673694032754321,0.2509960072753485,0.7207400874686484,13.856406460551018,0.5773502691896257,24,1,24,0,0.0020842141296126,0.0080308061497396,0.0057728441032386,365.9170571649228
ens_champion_segmented6,valid_2025_12,2025-12-07,1,48,69,10.303160691911131,10021.28978750909,4994.73808456802,False,10.303160691911131,48,69,0.0,0,0,1,1,12,6,1,3.18910776812082,0.0813396667794517,0.3124799932972566,1.4070366312152305,0.7418605086849784,2.419278763851868,0.5539084390316357,0.2286571451790591,0.9582934844192637,0.4258490341026461,0.1273353122469018,0.1280594049289895,0.5156215297450425,0.0671693414100125,0.2117607209966593,0.0418275365979813,0.5773502691896258,8.082903768654761,0,0,1,14,0.0081542529170146,0.011182915402335,0.0073560935690731,10021.28978750909
ens_champion_segmented6,valid_2025_12,2025-12-07,2,49,69,10.295006438994116,10021.28978750909,4994.73808456802,False,10.303160691911131,48,69,0.00815425291701466,1,0,0,1,12,6,1,3.18910776812082,0.0813396667794517,0.3124799932972566,1.4070366312152305,0.7418605086849784,2.419278763851868,0.5539084390316357,0.2286571451790591,0.9582934844192637,0.4258490341026461,0.1273353122469018,0.1280594049289895,0.5156215297450425,0.0671693414100125,0.2117607209966593,0.0418275365979813,0.5773502691896258,8.082903768654761,0,0,1,14,0.0081542529170146,0.011182915402335,0.0073560935690731,10021.28978750909
ens_champion_segmented6,valid_2025_12,2025-12-07,3,47,69,10.292428433513088,10021.28978750909,4994.73808456802,False,10.303160691911131,48,69,0.01073225839804337,1,0,0,1,12,6,1,3.18910776812082,0.0813396667794517,0.3124799932972566,1.4070366312152305,0.7418605086849784,2.419278763851868,0.5539084390316357,0.2286571451790591,0.9582934844192637,0.4258490341026461,0.1273353122469018,0.1280594049289895,0.5156215297450425,0.0671693414100125,0.2117607209966593,0.0418275365979813,0.5773502691896258,8.082903768654761,0,0,1,14,0.0081542529170146,0.011182915402335,0.0073560935690731,10021.28978750909
ens_champion_segmented6,valid_2025_12,2025-12-07,4,50,69,10.288430606201072,10021.28978750909,4994.73808456802,False,10.303160691911131,48,69,0.014730085710059626,2,0,0,1,12,6,1,3.18910776812082,0.0813396667794517,0.3124799932972566,1.4070366312152305,0.7418605086849784,2.419278763851868,0.5539084390316357,0.2286571451790591,0.9582934844192637,0.4258490341026461,0.1273353122469018,0.1280594049289895,0.5156215297450425,0.0671693414100125,0.2117607209966593,0.0418275365979813,0.5773502691896258,8.082903768654761,0,0,1,14,0.0081542529170146,0.011182915402335,0.0073560935690731,10021.28978750909
ens_champion_segmented6,valid_2025_12,2025-12-07,5,51,69,10.28086271192457,10021.28978750909,4994.73808456802,False,10.303160691911131,48,69,0.022297979986561245,3,0,0,1,12,6,1,3.18910776812082,0.0813396667794517,0.3124799932972566,1.4070366312152305,0.7418605086849784,2.419278763851868,0.5539084390316357,0.2286571451790591,0.9582934844192637,0.4258490341026461,0.1273353122469018,0.1280594049289895,0.5156215297450425,0.0671693414100125,0.2117607209966593,0.0418275365979813,0.5773502691896258,8.082903768654761,0,0,1,14,0.0081542529170146,0.011182915402335,0.0073560935690731,10021.28978750909
ens_champion_segmented6,valid_2025_12,2025-12-07,6,46,69,10.279062226024664,10021.28978750909,4994.73808456802,False,10.303160691911131,48,69,0.02409846588646758,2,0,0,1,12,6,1,3.18910776812082,0.0813396667794517,0.3124799932972566,1.4070366312152305,0.7418605086849784,2.419278763851868,0.5539084390316357,0.2286571451790591,0.9582934844192637,0.4258490341026461,0.1273353122469018,0.1280594049289895,0.5156215297450425,0.0671693414100125,0.2117607209966593,0.0418275365979813,0.5773502691896258,8.082903768654761,0,0,1,14,0.0081542529170146,0.011182915402335,0.0073560935690731,10021.28978750909
ens_champion_segmented6,valid_2025_12,2025-12-07,7,45,69,10.274473047319471,10021.28978750909,4994.73808456802,False,10.303160691911131,48,69,0.028687644591659733,3,0,0,1,12,6,1,3.18910776812082,0.0813396667794517,0.3124799932972566,1.4070366312152305,0.7418605086849784,2.419278763851868,0.5539084390316357,0.2286571451790591,0.9582934844192637,0.4258490341026461,0.1273353122469018,0.1280594049289895,0.5156215297450425,0.0671693414100125,0.2117607209966593,0.0418275365979813,0.5773502691896258,8.082903768654761,0,0,1,14,0.0081542529170146,0.011182915402335,0.0073560935690731,10021.28978750909
ens_champion_segmented6,valid_2025_12,2025-12-07,8,52,69,10.27412913944868,10021.28978750909,4994.73808456802,False,10.303160691911131,48,69,0.029031552462450705,4,0,0,1,12,6,1,3.18910776812082,0.0813396667794517,0.3124799932972566,1.4070366312152305,0.7418605086849784,2.419278763851868,0.5539084390316357,0.2286571451790591,0.9582934844192637,0.4258490341026461,0.1273353122469018,0.1280594049289895,0.5156215297450425,0.0671693414100125,0.2117607209966593,0.0418275365979813,0.5773502691896258,8.082903768654761,0,0,1,14,0.0081542529170146,0.011182915402335,0.0073560935690731,10021.28978750909
ens_champion_segmented6,valid_2025_12,2025-12-07,9,44,69,10.270182801453714,10021.28978750909,4994.73808456802,False,10.303160691911131,48,69,0.03297789045741695,4,0,0,1,12,6,1,3.18910776812082,0.0813396667794517,0.3124799932972566,1.4070366312152305,0.7418605086849784,2.419278763851868,0.5539084390316357,0.2286571451790591,0.9582934844192637,0.4258490341026461,0.1273353122469018,0.1280594049289895,0.5156215297450425,0.0671693414100125,0.2117607209966593,0.0418275365979813,0.5773502691896258,8.082903768654761,0,0,1,14,0.0081542529170146,0.011182915402335,0.0073560935690731,10021.28978750909
ens_champion_segmented6,valid_2025_12,2025-12-07,10,53,69,10.261525782381732,10021.28978750909,4994.73808456802,False,10.303160691911131,48,69,0.04163490952939952,5,0,0,1,12,6,1,3.18910776812082,0.0813396667794517,0.3124799932972566,1.4070366312152305,0.7418605086849784,2.419278763851868,0.5539084390316357,0.2286571451790591,0.9582934844192637,0.4258490341026461,0.1273353122469018,0.1280594049289895,0.5156215297450425,0.0671693414100125,0.2117607209966593,0.0418275365979813,0.5773502691896258,8.082903768654761,0,0,1,14,0.0081542529170146,0.011182915402335,0.0073560935690731,10021.28978750909
ens_champion_segmented6,valid_2025_12,2025-12-08,1,48,70,7.109363175433614,6304.841977341028,1611.009820792617,False,7.109363175433614,48,70,0.0,0,0,1,1,12,0,0,3.2159397118650337,0.0865015892689132,0.311750653575928,1.2626841122953654,0.7242030740179277,2.238413733573725,0.5970013038882361,0.2307867374919947,1.0506077357954482,0.471614748409902,0.0572103090359384,0.125386555478334,0.4990413591446732,0.0665665946650751,0.2066876885039836,0.4351588440945848,0.0,1.0,0,2,0,1,0.0080342311703951,0.0135374732979069,0.0104668952669017,6304.841977341028
ens_champion_segmented6,valid_2025_12,2025-12-08,2,49,70,7.101328944263219,6304.841977341028,1611.009820792617,False,7.109363175433614,48,70,0.008034231170395145,1,0,0,1,12,0,0,3.2159397118650337,0.0865015892689132,0.311750653575928,1.2626841122953654,0.7242030740179277,2.238413733573725,0.5970013038882361,0.2307867374919947,1.0506077357954482,0.471614748409902,0.0572103090359384,0.125386555478334,0.4990413591446732,0.0665665946650751,0.2066876885039836,0.4351588440945848,0.0,1.0,0,2,0,1,0.0080342311703951,0.0135374732979069,0.0104668952669017,6304.841977341028
ens_champion_segmented6,valid_2025_12,2025-12-08,3,48,69,7.098989948368764,6954.259731913664,961.5920662199806,False,7.109363175433614,48,70,0.010373227064849999,0,1,1,0,12,0,0,3.2159397118650337,0.0865015892689132,0.311750653575928,1.2626841122953654,0.7242030740179277,2.238413733573725,0.5970013038882361,0.2307867374919947,1.0506077357954482,0.471614748409902,0.0572103090359384,0.125386555478334,0.4990413591446732,0.0665665946650751,0.2066876885039836,0.4351588440945848,0.0,1.0,0,2,0,1,0.0080342311703951,0.0135374732979069,0.0104668952669017,6954.259731913664
ens_champion_segmented6,valid_2025_12,2025-12-08,4,49,69,7.090955717198369,6954.259731913664,961.5920662199806,False,7.109363175433614,48,70,0.018407458235245144,1,1,0,0,12,0,0,3.2159397118650337,0.0865015892689132,0.311750653575928,1.2626841122953654,0.7242030740179277,2.238413733573725,0.5970013038882361,0.2307867374919947,1.0506077357954482,0.471614748409902,0.0572103090359384,0.125386555478334,0.4990413591446732,0.0665665946650751,0.2066876885039836,0.4351588440945848,0.0,1.0,0,2,0,1,0.0080342311703951,0.0135374732979069,0.0104668952669017,6954.259731913664
ens_champion_segmented6,valid_2025_12,2025-12-08,5,50,70,7.078490725414564,6304.841977341028,1611.009820792617,False,7.109363175433614,48,70,0.030872450019050035,2,0,0,1,12,0,0,3.2159397118650337,0.0865015892689132,0.311750653575928,1.2626841122953654,0.7242030740179277,2.238413733573725,0.5970013038882361,0.2307867374919947,1.0506077357954482,0.471614748409902,0.0572103090359384,0.125386555478334,0.4990413591446732,0.0665665946650751,0.2066876885039836,0.4351588440945848,0.0,1.0,0,2,0,1,0.0080342311703951,0.0135374732979069,0.0104668952669017,6304.841977341028
ens_champion_segmented6,valid_2025_12,2025-12-08,6,47,70,7.075483674299193,6304.841977341028,1611.009820792617,False,7.109363175433614,48,70,0.03387950113442173,1,0,0,1,12,0,0,3.2159397118650337,0.0865015892689132,0.311750653575928,1.2626841122953654,0.7242030740179277,2.238413733573725,0.5970013038882361,0.2307867374919947,1.0506077357954482,0.471614748409902,0.0572103090359384,0.125386555478334,0.4990413591446732,0.0665665946650751,0.2066876885039836,0.4351588440945848,0.0,1.0,0,2,0,1,0.0080342311703951,0.0135374732979069,0.0104668952669017,6304.841977341028
ens_champion_segmented6,valid_2025_12,2025-12-08,7,48,71,7.070289879816034,6468.201726324775,1447.6500718088691,False,7.109363175433614,48,70,0.03907329561758033,0,1,1,0,12,0,0,3.2159397118650337,0.0865015892689132,0.311750653575928,1.2626841122953654,0.7242030740179277,2.238413733573725,0.5970013038882361,0.2307867374919947,1.0506077357954482,0.471614748409902,0.0572103090359384,0.125386555478334,0.4990413591446732,0.0665665946650751,0.2066876885039836,0.4351588440945848,0.0,1.0,0,2,0,1,0.0080342311703951,0.0135374732979069,0.0104668952669017,6468.201726324775
ens_champion_segmented6,valid_2025_12,2025-12-08,8,50,69,7.068117498349714,6954.259731913664,961.5920662199806,False,7.109363175433614,48,70,0.041245677083900034,2,1,0,0,12,0,0,3.2159397118650337,0.0865015892689132,0.311750653575928,1.2626841122953654,0.7242030740179277,2.238413733573725,0.5970013038882361,0.2307867374919947,1.0506077357954482,0.471614748409902,0.0572103090359384,0.125386555478334,0.4990413591446732,0.0665665946650751,0.2066876885039836,0.4351588440945848,0.0,1.0,0,2,0,1,0.0080342311703951,0.0135374732979069,0.0104668952669017,6954.259731913664
ens_champion_segmented6,valid_2025_12,2025-12-08,9,47,69,7.065110447234343,6954.259731913664,961.5920662199806,False,7.109363175433614,48,70,0.04425272819927173,1,1,0,0,12,0,0,3.2159397118650337,0.0865015892689132,0.311750653575928,1.2626841122953654,0.7242030740179277,2.238413733573725,0.5970013038882361,0.2307867374919947,1.0506077357954482,0.471614748409902,0.0572103090359384,0.125386555478334,0.4990413591446732,0.0665665946650751,0.2066876885039836,0.4351588440945848,0.0,1.0,0,2,0,1,0.0080342311703951,0.0135374732979069,0.0104668952669017,6954.259731913664
ens_champion_segmented6,valid_2025_12,2025-12-08,10,49,71,7.062255648645639,6468.201726324775,1447.6500718088691,False,7.109363175433614,48,70,0.04710752678797547,1,1,0,0,12,0,0,3.2159397118650337,0.0865015892689132,0.311750653575928,1.2626841122953654,0.7242030740179277,2.238413733573725,0.5970013038882361,0.2307867374919947,1.0506077357954482,0.471614748409902,0.0572103090359384,0.125386555478334,0.4990413591446732,0.0665665946650751,0.2066876885039836,0.4351588440945848,0.0,1.0,0,2,0,1,0.0080342311703951,0.0135374732979069,0.0104668952669017,6468.201726324775
ens_champion_segmented6,valid_2025_12,2025-12-09,1,51,70,10.39465360481012,10021.28978750909,572.6451307147981,False,10.39465360481012,51,70,0.0,0,0,1,1,12,1,0,3.2121537052807745,0.0870219696797931,0.3291987038323043,1.6313144688120846,0.6022336484357296,1.88285360654459,0.4818774814538256,0.1870462524949527,0.8631263770408452,0.3586346332423178,0.0440884378706515,0.1232428482115077,0.4951074337730074,0.0666673761964265,0.2071458756331737,0.0893663288796937,0.5773502691896258,0.5773502691896257,0,1,1,0,0.0041347758358298,0.0109208858016067,0.0079360409367124,10021.28978750909
ens_champion_segmented6,valid_2025_12,2025-12-09,2,51,71,10.39051882897429,9957.662550763,636.2723674608878,False,10.39465360481012,51,70,0.004134775835829885,0,1,1,0,12,1,0,3.2121537052807745,0.0870219696797931,0.3291987038323043,1.6313144688120846,0.6022336484357296,1.88285360654459,0.4818774814538256,0.1870462524949527,0.8631263770408452,0.3586346332423178,0.0440884378706515,0.1232428482115077,0.4951074337730074,0.0666673761964265,0.2071458756331737,0.0893663288796937,0.5773502691896258,0.5773502691896257,0,1,1,0,0.0041347758358298,0.0109208858016067,0.0079360409367124,9957.662550763
ens_champion_segmented6,valid_2025_12,2025-12-09,3,52,70,10.382365092765273,10021.28978750909,572.6451307147981,False,10.39465360481012,51,70,0.012288512044847266,1,0,0,1,12,1,0,3.2121537052807745,0.0870219696797931,0.3291987038323043,1.6313144688120846,0.6022336484357296,1.88285360654459,0.4818774814538256,0.1870462524949527,0.8631263770408452,0.3586346332423178,0.0440884378706515,0.1232428482115077,0.4951074337730074,0.0666673761964265,0.2071458756331737,0.0893663288796937,0.5773502691896258,0.5773502691896257,0,1,1,0,0.0041347758358298,0.0109208858016067,0.0079360409367124,10021.28978750909
ens_champion_segmented6,valid_2025_12,2025-12-09,4,52,71,10.378230316929445,9957.662550763,636.2723674608878,False,10.39465360481012,51,70,0.016423287880675375,1,1,0,0,12,1,0,3.2121537052807745,0.0870219696797931,0.3291987038323043,1.6313144688120846,0.6022336484357296,1.88285360654459,0.4818774814538256,0.1870462524949527,0.8631263770408452,0.3586346332423178,0.0440884378706515,0.1232428482115077,0.4951074337730074,0.0666673761964265,0.2071458756331737,0.0893663288796937,0.5773502691896258,0.5773502691896257,0,1,1,0,0.0041347758358298,0.0109208858016067,0.0079360409367124,9957.662550763
ens_champion_segmented6,valid_2025_12,2025-12-09,5,50,70,10.37289575156344,10021.28978750909,572.6451307147981,False,10.39465360481012,51,70,0.02175785324667956,1,0,0,1,12,1,0,3.2121537052807745,0.0870219696797931,0.3291987038323043,1.6313144688120846,0.6022336484357296,1.88285360654459,0.4818774814538256,0.1870462524949527,0.8631263770408452,0.3586346332423178,0.0440884378706515,0.1232428482115077,0.4951074337730074,0.0666673761964265,0.2071458756331737,0.0893663288796937,0.5773502691896258,0.5773502691896257,0,1,1,0,0.0041347758358298,0.0109208858016067,0.0079360409367124,10021.28978750909
ens_champion_segmented6,valid_2025_12,2025-12-09,6,50,71,10.36876097572761,9957.662550763,636.2723674608878,False,10.39465360481012,51,70,0.025892629082509444,1,1,0,0,12,1,0,3.2121537052807745,0.0870219696797931,0.3291987038323043,1.6313144688120846,0.6022336484357296,1.88285360654459,0.4818774814538256,0.1870462524949527,0.8631263770408452,0.3586346332423178,0.0440884378706515,0.1232428482115077,0.4951074337730074,0.0666673761964265,0.2071458756331737,0.0893663288796937,0.5773502691896258,0.5773502691896257,0,1,1,0,0.0041347758358298,0.0109208858016067,0.0079360409367124,9957.662550763
ens_champion_segmented6,valid_2025_12,2025-12-09,7,51,69,10.367949919054428,10212.171497747358,381.76342047652906,False,10.39465360481012,51,70,0.02670368575569171,0,1,1,0,12,1,0,3.2121537052807745,0.0870219696797931,0.3291987038323043,1.6313144688120846,0.6022336484357296,1.88285360654459,0.4818774814538256,0.1870462524949527,0.8631263770408452,0.3586346332423178,0.0440884378706515,0.1232428482115077,0.4951074337730074,0.0666673761964265,0.2071458756331737,0.0893663288796937,0.5773502691896258,0.5773502691896257,0,1,1,0,0.0041347758358298,0.0109208858016067,0.0079360409367124,10212.171497747358
ens_champion_segmented6,valid_2025_12,2025-12-09,8,51,72,10.362774366657472,9925.848932389956,668.0859858339318,False,10.39465360481012,51,70,0.031879238152647815,0,2,1,0,12,1,0,3.2121537052807745,0.0870219696797931,0.3291987038323043,1.6313144688120846,0.6022336484357296,1.88285360654459,0.4818774814538256,0.1870462524949527,0.8631263770408452,0.3586346332423178,0.0440884378706515,0.1232428482115077,0.4951074337730074,0.0666673761964265,0.2071458756331737,0.0893663288796937,0.5773502691896258,0.5773502691896257,0,1,1,0,0.0041347758358298,0.0109208858016067,0.0079360409367124,9925.848932389956
ens_champion_segmented6,valid_2025_12,2025-12-09,9,52,69,10.35566140700958,10212.171497747358,381.76342047652906,False,10.39465360481012,51,70,0.03899219780054075,1,1,0,0,12,1,0,3.2121537052807745,0.0870219696797931,0.3291987038323043,1.6313144688120846,0.6022336484357296,1.88285360654459,0.4818774814538256,0.1870462524949527,0.8631263770408452,0.3586346332423178,0.0440884378706515,0.1232428482115077,0.4951074337730074,0.0666673761964265,0.2071458756331737,0.0893663288796937,0.5773502691896258,0.5773502691896257,0,1,1,0,0.0041347758358298,0.0109208858016067,0.0079360409367124,10212.171497747358
ens_champion_segmented6,valid_2025_12,2025-12-09,10,52,72,10.350485854612623,9925.848932389956,668.0859858339318,False,10.39465360481012,51,70,0.04416775019749686,1,2,0,0,12,1,0,3.2121537052807745,0.0870219696797931,0.3291987038323043,1.6313144688120846,0.6022336484357296,1.88285360654459,0.4818774814538256,0.1870462524949527,0.8631263770408452,0.3586346332423178,0.0440884378706515,0.1232428482115077,0.4951074337730074,0.0666673761964265,0.2071458756331737,0.0893663288796937,0.5773502691896258,0.5773502691896257,0,1,1,0,0.0041347758358298,0.0109208858016067,0.0079360409367124,9925.848932389956
ens_champion_segmented6,valid_2025_12,2025-12-10,1,50,88,16.592875456793884,4094.027739828541,3347.1775976266395,False,16.592875456793884,50,88,0.0,0,0,1,1,12,2,0,3.204253985983462,0.0857913449992379,0.3313656843504797,2.009220574333123,0.6697674796001126,2.173020012098383,0.3657354700519264,0.2040891094274447,0.776542496002024,0.2613915375127174,0.0788351947125717,0.1043439325392089,0.4374192499164265,0.0668479255302865,0.1897599471219141,0.8194433484049883,1.0,0.0,1,0,2,0,0.058145839942675,0.122444840769198,0.0945394552347844,4094.027739828541
ens_champion_segmented6,valid_2025_12,2025-12-10,2,49,88,16.53472961685121,3242.2944605743646,4198.910876880816,False,16.592875456793884,50,88,0.05814583994267508,1,0,0,1,12,2,0,3.204253985983462,0.0857913449992379,0.3313656843504797,2.009220574333123,0.6697674796001126,2.173020012098383,0.3657354700519264,0.2040891094274447,0.776542496002024,0.2613915375127174,0.0788351947125717,0.1043439325392089,0.4374192499164265,0.0668479255302865,0.1897599471219141,0.8194433484049883,1.0,0.0,1,0,2,0,0.058145839942675,0.122444840769198,0.0945394552347844,3242.2944605743646
ens_champion_segmented6,valid_2025_12,2025-12-10,3,51,88,16.504381108125116,5212.995413416295,2228.209924038885,False,16.592875456793884,50,88,0.08849434866876749,1,0,0,1,12,2,0,3.204253985983462,0.0857913449992379,0.3313656843504797,2.009220574333123,0.6697674796001126,2.173020012098383,0.3657354700519264,0.2040891094274447,0.776542496002024,0.2613915375127174,0.0788351947125717,0.1043439325392089,0.4374192499164265,0.0668479255302865,0.1897599471219141,0.8194433484049883,1.0,0.0,1,0,2,0,0.058145839942675,0.122444840769198,0.0945394552347844,5212.995413416295
ens_champion_segmented6,valid_2025_12,2025-12-10,4,50,87,16.365366065266677,4094.027739828541,3347.1775976266395,False,16.592875456793884,50,88,0.22750939152720662,0,1,1,0,12,2,0,3.204253985983462,0.0857913449992379,0.3313656843504797,2.009220574333123,0.6697674796001126,2.173020012098383,0.3657354700519264,0.2040891094274447,0.776542496002024,0.2613915375127174,0.0788351947125717,0.1043439325392089,0.4374192499164265,0.0668479255302865,0.1897599471219141,0.8194433484049883,1.0,0.0,1,0,2,0,0.058145839942675,0.122444840769198,0.0945394552347844,4094.027739828541
ens_champion_segmented6,valid_2025_12,2025-12-10,5,52,88,16.354800833086543,5562.945215519786,1878.2601219353944,False,16.592875456793884,50,88,0.238074623707341,2,0,0,1,12,2,0,3.204253985983462,0.0857913449992379,0.3313656843504797,2.009220574333123,0.6697674796001126,2.173020012098383,0.3657354700519264,0.2040891094274447,0.776542496002024,0.2613915375127174,0.0788351947125717,0.1043439325392089,0.4374192499164265,0.0668479255302865,0.1897599471219141,0.8194433484049883,1.0,0.0,1,0,2,0,0.058145839942675,0.122444840769198,0.0945394552347844,5562.945215519786
ens_champion_segmented6,valid_2025_12,2025-12-10,6,49,87,16.307220225324002,3242.2944605743646,4198.910876880816,False,16.592875456793884,50,88,0.2856552314698817,1,1,0,0,12,2,0,3.204253985983462,0.0857913449992379,0.3313656843504797,2.009220574333123,0.6697674796001126,2.173020012098383,0.3657354700519264,0.2040891094274447,0.776542496002024,0.2613915375127174,0.0788351947125717,0.1043439325392089,0.4374192499164265,0.0668479255302865,0.1897599471219141,0.8194433484049883,1.0,0.0,1,0,2,0,0.058145839942675,0.122444840769198,0.0945394552347844,3242.2944605743646
ens_champion_segmented6,valid_2025_12,2025-12-10,7,51,87,16.27687171659791,5212.995413416295,2228.209924038885,False,16.592875456793884,50,88,0.3160037401959741,1,1,0,0,12,2,0,3.204253985983462,0.0857913449992379,0.3313656843504797,2.009220574333123,0.6697674796001126,2.173020012098383,0.3657354700519264,0.2040891094274447,0.776542496002024,0.2613915375127174,0.0788351947125717,0.1043439325392089,0.4374192499164265,0.0668479255302865,0.1897599471219141,0.8194433484049883,1.0,0.0,1,0,2,0,0.058145839942675,0.122444840769198,0.0945394552347844,5212.995413416295
ens_champion_segmented6,valid_2025_12,2025-12-10,8,50,86,16.16763940983163,4094.027739828541,3347.1775976266395,False,16.592875456793884,50,88,0.4252360469622545,0,2,1,0,12,2,0,3.204253985983462,0.0857913449992379,0.3313656843504797,2.009220574333123,0.6697674796001126,2.173020012098383,0.3657354700519264,0.2040891094274447,0.776542496002024,0.2613915375127174,0.0788351947125717,0.1043439325392089,0.4374192499164265,0.0668479255302865,0.1897599471219141,0.8194433484049883,1.0,0.0,1,0,2,0,0.058145839942675,0.122444840769198,0.0945394552347844,4094.027739828541
ens_champion_segmented6,valid_2025_12,2025-12-10,9,52,87,16.127291441559336,5562.945215519786,1878.2601219353944,False,16.592875456793884,50,88,0.4655840152345476,2,1,0,0,12,2,0,3.204253985983462,0.0857913449992379,0.3313656843504797,2.009220574333123,0.6697674796001126,2.173020012098383,0.3657354700519264,0.2040891094274447,0.776542496002024,0.2613915375127174,0.0788351947125717,0.1043439325392089,0.4374192499164265,0.0668479255302865,0.1897599471219141,0.8194433484049883,1.0,0.0,1,0,2,0,0.058145839942675,0.122444840769198,0.0945394552347844,5562.945215519786
ens_champion_segmented6,valid_2025_12,2025-12-10,10,49,86,16.109493569888954,3242.2944605743646,4198.910876880816,False,16.592875456793884,50,88,0.48338188690492956,1,2,0,0,12,2,0,3.204253985983462,0.0857913449992379,0.3313656843504797,2.009220574333123,0.6697674796001126,2.173020012098383,0.3657354700519264,0.2040891094274447,0.776542496002024,0.2613915375127174,0.0788351947125717,0.1043439325392089,0.4374192499164265,0.0668479255302865,0.1897599471219141,0.8194433484049883,1.0,0.0,1,0,2,0,0.058145839942675,0.122444840769198,0.0945394552347844,3242.2944605743646
ens_champion_segmented6,valid_2025_12,2025-12-11,1,53,65,3.458740910820353,2088.882182374116,23680.148699792084,False,3.458740910820353,53,65,0.0,0,0,1,1,12,3,0,3.190235015841153,0.0902112090305965,0.3390588158340981,2.1224447073907804,0.5776266314024314,1.8151554520651303,0.3249361485050807,0.1803073163872264,0.6786719678481679,0.2152438981596084,0.0677350059730683,0.1096922503454723,0.4613405505792293,0.0671164952365885,0.1820725226595256,0.3088847643612892,0.5773502691896258,0.5773502691896257,1,1,1,1,0.0080223951656961,0.0193335201680158,0.0170309887909546,2088.882182374116
ens_champion_segmented6,valid_2025_12,2025-12-11,2,54,65,3.450718515654657,2088.882182374116,23680.148699792084,False,3.458740910820353,53,65,0.008022395165696139,1,0,0,1,12,3,0,3.190235015841153,0.0902112090305965,0.3390588158340981,2.1224447073907804,0.5776266314024314,1.8151554520651303,0.3249361485050807,0.1803073163872264,0.6786719678481679,0.2152438981596084,0.0677350059730683,0.1096922503454723,0.4613405505792293,0.0671164952365885,0.1820725226595256,0.3088847643612892,0.5773502691896258,0.5773502691896257,1,1,1,1,0.0080223951656961,0.0193335201680158,0.0170309887909546,2088.882182374116
ens_champion_segmented6,valid_2025_12,2025-12-11,3,53,66,3.443231463880778,4474.903560352472,21294.12732181373,False,3.458740910820353,53,65,0.0155094469395749,0,1,1,0,12,3,0,3.190235015841153,0.0902112090305965,0.3390588158340981,2.1224447073907804,0.5776266314024314,1.8151554520651303,0.3249361485050807,0.1803073163872264,0.6786719678481679,0.2152438981596084,0.0677350059730683,0.1096922503454723,0.4613405505792293,0.0671164952365885,0.1820725226595256,0.3088847643612892,0.5773502691896258,0.5773502691896257,1,1,1,1,0.0080223951656961,0.0193335201680158,0.0170309887909546,4474.903560352472
ens_champion_segmented6,valid_2025_12,2025-12-11,4,54,66,3.435209068715082,4474.903560352472,21294.12732181373,False,3.458740910820353,53,65,0.02353184210527104,1,1,0,0,12,3,0,3.190235015841153,0.0902112090305965,0.3390588158340981,2.1224447073907804,0.5776266314024314,1.8151554520651303,0.3249361485050807,0.1803073163872264,0.6786719678481679,0.2152438981596084,0.0677350059730683,0.1096922503454723,0.4613405505792293,0.0671164952365885,0.1820725226595256,0.3088847643612892,0.5773502691896258,0.5773502691896257,1,1,1,1,0.0080223951656961,0.0193335201680158,0.0170309887909546,4474.903560352472
ens_champion_segmented6,valid_2025_12,2025-12-11,5,52,65,3.409136994190817,1983.7858940787623,23785.24498808744,False,3.458740910820353,53,65,0.049603916629536116,1,0,0,1,12,3,0,3.190235015841153,0.0902112090305965,0.3390588158340981,2.1224447073907804,0.5776266314024314,1.8151554520651303,0.3249361485050807,0.1803073163872264,0.6786719678481679,0.2152438981596084,0.0677350059730683,0.1096922503454723,0.4613405505792293,0.0671164952365885,0.1820725226595256,0.3088847643612892,0.5773502691896258,0.5773502691896257,1,1,1,1,0.0080223951656961,0.0193335201680158,0.0170309887909546,1983.7858940787623
ens_champion_segmented6,valid_2025_12,2025-12-11,6,53,64,3.404720240753363,3698.336317228288,22070.694564937912,False,3.458740910820353,53,65,0.05402067006698985,0,1,1,0,12,3,0,3.190235015841153,0.0902112090305965,0.3390588158340981,2.1224447073907804,0.5776266314024314,1.8151554520651303,0.3249361485050807,0.1803073163872264,0.6786719678481679,0.2152438981596084,0.0677350059730683,0.1096922503454723,0.4613405505792293,0.0671164952365885,0.1820725226595256,0.3088847643612892,0.5773502691896258,0.5773502691896257,1,1,1,1,0.0080223951656961,0.0193335201680158,0.0170309887909546,3698.336317228288
ens_champion_segmented6,valid_2025_12,2025-12-11,7,54,64,3.396697845587667,3698.336317228288,22070.694564937912,False,3.458740910820353,53,65,0.06204306523268599,1,1,0,0,12,3,0,3.190235015841153,0.0902112090305965,0.3390588158340981,2.1224447073907804,0.5776266314024314,1.8151554520651303,0.3249361485050807,0.1803073163872264,0.6786719678481679,0.2152438981596084,0.0677350059730683,0.1096922503454723,0.4613405505792293,0.0671164952365885,0.1820725226595256,0.3088847643612892,0.5773502691896258,0.5773502691896257,1,1,1,1,0.0080223951656961,0.0193335201680158,0.0170309887909546,3698.336317228288
ens_champion_segmented6,valid_2025_12,2025-12-11,8,52,66,3.393627547251242,4369.807272057118,21399.22361010908,False,3.458740910820353,53,65,0.06511336356911102,1,1,0,0,12,3,0,3.190235015841153,0.0902112090305965,0.3390588158340981,2.1224447073907804,0.5776266314024314,1.8151554520651303,0.3249361485050807,0.1803073163872264,0.6786719678481679,0.2152438981596084,0.0677350059730683,0.1096922503454723,0.4613405505792293,0.0671164952365885,0.1820725226595256,0.3088847643612892,0.5773502691896258,0.5773502691896257,1,1,1,1,0.0080223951656961,0.0193335201680158,0.0170309887909546,4369.807272057118
ens_champion_segmented6,valid_2025_12,2025-12-11,9,52,64,3.355116324123827,3593.240028932934,22175.790853233266,False,3.458740910820353,53,65,0.10362458669652597,1,1,0,0,12,3,0,3.190235015841153,0.0902112090305965,0.3390588158340981,2.1224447073907804,0.5776266314024314,1.8151554520651303,0.3249361485050807,0.1803073163872264,0.6786719678481679,0.2152438981596084,0.0677350059730683,0.1096922503454723,0.4613405505792293,0.0671164952365885,0.1820725226595256,0.3088847643612892,0.5773502691896258,0.5773502691896257,1,1,1,1,0.0080223951656961,0.0193335201680158,0.0170309887909546,3593.240028932934
ens_champion_segmented6,valid_2025_12,2025-12-11,10,55,65,3.351535716744124,1929.8140905088917,23839.21679165731,False,3.458740910820353,53,65,0.10720519407622886,2,0,0,1,12,3,0,3.190235015841153,0.0902112090305965,0.3390588158340981,2.1224447073907804,0.5776266314024314,1.8151554520651303,0.3249361485050807,0.1803073163872264,0.6786719678481679,0.2152438981596084,0.0677350059730683,0.1096922503454723,0.4613405505792293,0.0671164952365885,0.1820725226595256,0.3088847643612892,0.5773502691896258,0.5773502691896257,1,1,1,1,0.0080223951656961,0.0193335201680158,0.0170309887909546,1929.8140905088917
ens_champion_segmented6,valid_2025_12,2025-12-12,1,53,69,4.069034503464387,-11244.29753726221,20712.03036508032,False,4.069034503464387,53,69,0.0,0,0,1,1,12,4,0,3.186572465199306,0.084218869981976,0.338469733751487,1.7356494964228188,0.3689802264033538,1.1607420626282738,0.4437528584051651,0.117691875068773,0.6620577607408321,0.3905901125355291,0.0672492540675908,0.053162745869636,0.2283006344956314,0.0672298329265614,0.2132438289948444,0.4752043129964561,1.5275252316519463,0.5773502691896257,1,1,3,1,0.0195104461449204,0.0414411574831419,0.0282760644619762,-11244.29753726221
ens_champion_segmented6,valid_2025_12,2025-12-12,2,53,68,4.049524057319466,-10239.801625304346,19707.53445312245,False,4.069034503464387,53,69,0.01951044614492048,0,1,1,0,12,4,0,3.186572465199306,0.084218869981976,0.338469733751487,1.7356494964228188,0.3689802264033538,1.1607420626282738,0.4437528584051651,0.117691875068773,0.6620577607408321,0.3905901125355291,0.0672492540675908,0.053162745869636,0.2283006344956314,0.0672298329265614,0.2132438289948444,0.4752043129964561,1.5275252316519463,0.5773502691896257,1,1,3,1,0.0195104461449204,0.0414411574831419,0.0282760644619762,-10239.801625304346
ens_champion_segmented6,valid_2025_12,2025-12-12,3,54,69,4.022937289017065,-9666.342065959192,19134.074893777302,False,4.069034503464387,53,69,0.04609721444732173,1,0,0,1,12,4,0,3.186572465199306,0.084218869981976,0.338469733751487,1.7356494964228188,0.3689802264033538,1.1607420626282738,0.4437528584051651,0.117691875068773,0.6620577607408321,0.3905901125355291,0.0672492540675908,0.053162745869636,0.2283006344956314,0.0672298329265614,0.2132438289948444,0.4752043129964561,1.5275252316519463,0.5773502691896257,1,1,3,1,0.0195104461449204,0.0414411574831419,0.0282760644619762,-9666.342065959192
ens_champion_segmented6,valid_2025_12,2025-12-12,4,54,68,4.003426842872145,-8661.84615400133,18129.57898181944,False,4.069034503464387,53,69,0.06560766059224221,1,1,0,0,12,4,0,3.186572465199306,0.084218869981976,0.338469733751487,1.7356494964228188,0.3689802264033538,1.1607420626282738,0.4437528584051651,0.117691875068773,0.6620577607408321,0.3905901125355291,0.0672492540675908,0.053162745869636,0.2283006344956314,0.0672298329265614,0.2132438289948444,0.4752043129964561,1.5275252316519463,0.5773502691896257,1,1,3,1,0.0195104461449204,0.0414411574831419,0.0282760644619762,-8661.84615400133
ens_champion_segmented6,valid_2025_12,2025-12-12,5,52,69,3.9930440372331617,-11244.29753726221,20712.03036508032,False,4.069034503464387,53,69,0.07599046623122518,1,0,0,1,12,4,0,3.186572465199306,0.084218869981976,0.338469733751487,1.7356494964228188,0.3689802264033538,1.1607420626282738,0.4437528584051651,0.117691875068773,0.6620577607408321,0.3905901125355291,0.0672492540675908,0.053162745869636,0.2283006344956314,0.0672298329265614,0.2132438289948444,0.4752043129964561,1.5275252316519463,0.5773502691896257,1,1,3,1,0.0195104461449204,0.0414411574831419,0.0282760644619762,-11244.29753726221
ens_champion_segmented6,valid_2025_12,2025-12-12,6,53,67,3.99302718078723,-9078.566378346166,18546.29920616428,False,4.069034503464387,53,69,0.07600732267715671,0,2,1,0,12,4,0,3.186572465199306,0.084218869981976,0.338469733751487,1.7356494964228188,0.3689802264033538,1.1607420626282738,0.4437528584051651,0.117691875068773,0.6620577607408321,0.3905901125355291,0.0672492540675908,0.053162745869636,0.2283006344956314,0.0672298329265614,0.2132438289948444,0.4752043129964561,1.5275252316519463,0.5773502691896257,1,1,3,1,0.0195104461449204,0.0414411574831419,0.0282760644619762,-9078.566378346166
ens_champion_segmented6,valid_2025_12,2025-12-12,7,52,68,3.973533591088241,-10239.801625304346,19707.53445312245,False,4.069034503464387,53,69,0.09550091237614611,1,1,0,0,12,4,0,3.186572465199306,0.084218869981976,0.338469733751487,1.7356494964228188,0.3689802264033538,1.1607420626282738,0.4437528584051651,0.117691875068773,0.6620577607408321,0.3905901125355291,0.0672492540675908,0.053162745869636,0.2283006344956314,0.0672298329265614,0.2132438289948444,0.4752043129964561,1.5275252316519463,0.5773502691896257,1,1,3,1,0.0195104461449204,0.0414411574831419,0.0282760644619762,-10239.801625304346
ens_champion_segmented6,valid_2025_12,2025-12-12,8,53,70,3.958987549162181,-12164.815040800746,21632.547868618854,False,4.069034503464387,53,69,0.11004695430220579,0,1,1,0,12,4,0,3.186572465199306,0.084218869981976,0.338469733751487,1.7356494964228188,0.3689802264033538,1.1607420626282738,0.4437528584051651,0.117691875068773,0.6620577607408321,0.3905901125355291,0.0672492540675908,0.053162745869636,0.2283006344956314,0.0672298329265614,0.2132438289948444,0.4752043129964561,1.5275252316519463,0.5773502691896257,1,1,3,1,0.0195104461449204,0.0414411574831419,0.0282760644619762,-12164.815040800746
ens_champion_segmented6,valid_2025_12,2025-12-12,9,54,67,3.946929966339909,-7500.6109070431485,16968.343734861257,False,4.069034503464387,53,69,0.122104537124478,1,2,0,0,12,4,0,3.186572465199306,0.084218869981976,0.338469733751487,1.7356494964228188,0.3689802264033538,1.1607420626282738,0.4437528584051651,0.117691875068773,0.6620577607408321,0.3905901125355291,0.0672492540675908,0.053162745869636,0.2283006344956314,0.0672298329265614,0.2132438289948444,0.4752043129964561,1.5275252316519463,0.5773502691896257,1,1,3,1,0.0195104461449204,0.0414411574831419,0.0282760644619762,-7500.6109070431485
ens_champion_segmented6,valid_2025_12,2025-12-12,10,52,67,3.917036714556005,-9078.566378346166,18546.29920616428,False,4.069034503464387,53,69,0.1519977889083819,1,2,0,0,12,4,0,3.186572465199306,0.084218869981976,0.338469733751487,1.7356494964228188,0.3689802264033538,1.1607420626282738,0.4437528584051651,0.117691875068773,0.6620577607408321,0.3905901125355291,0.0672492540675908,0.053162745869636,0.2283006344956314,0.0672298329265614,0.2132438289948444,0.4752043129964561,1.5275252316519463,0.5773502691896257,1,1,3,1,0.0195104461449204,0.0414411574831419,0.0282760644619762,-9078.566378346166
ens_champion_segmented6,valid_2025_12,2025-12-13,1,48,68,6.944680332872965,3713.209183817685,1112.3536223279998,False,6.944680332872965,48,68,0.0,0,0,1,1,12,5,1,3.1544951049196435,0.0829368620532082,0.3856524034158339,1.1369240217773546,0.6395582167919728,1.9648159628815505,0.6290025887001698,0.2030454048130004,1.0545729570701987,0.4852535976355474,0.0259569366920269,0.1437489910646224,0.5788434094972441,0.0679193836165011,0.2356308543157242,0.2623966254276255,0.0,0.0,0,0,0,0,0.0237400999737609,0.0323537043511565,0.020661903827661,3713.209183817685
ens_champion_segmented6,valid_2025_12,2025-12-13,2,47,68,6.920940232899204,3713.209183817685,1112.3536223279998,False,6.944680332872965,48,68,0.02374009997376092,1,0,0,1,12,5,1,3.1544951049196435,0.0829368620532082,0.3856524034158339,1.1369240217773546,0.6395582167919728,1.9648159628815505,0.6290025887001698,0.2030454048130004,1.0545729570701987,0.4852535976355474,0.0259569366920269,0.1437489910646224,0.5788434094972441,0.0679193836165011,0.2356308543157242,0.2623966254276255,0.0,0.0,0,0,0,0,0.0237400999737609,0.0323537043511565,0.020661903827661,3713.209183817685
ens_champion_segmented6,valid_2025_12,2025-12-13,3,49,68,6.91382334790611,3713.209183817685,1112.3536223279998,False,6.944680332872965,48,68,0.03085698496685474,1,0,0,1,12,5,1,3.1544951049196435,0.0829368620532082,0.3856524034158339,1.1369240217773546,0.6395582167919728,1.9648159628815505,0.6290025887001698,0.2030454048130004,1.0545729570701987,0.4852535976355474,0.0259569366920269,0.1437489910646224,0.5788434094972441,0.0679193836165011,0.2356308543157242,0.2623966254276255,0.0,0.0,0,0,0,0,0.0237400999737609,0.0323537043511565,0.020661903827661,3713.209183817685
ens_champion_segmented6,valid_2025_12,2025-12-13,4,46,68,6.898503324629955,3713.209183817685,1112.3536223279998,False,6.944680332872965,48,68,0.046177008243009965,2,0,0,1,12,5,1,3.1544951049196435,0.0829368620532082,0.3856524034158339,1.1369240217773546,0.6395582167919728,1.9648159628815505,0.6290025887001698,0.2030454048130004,1.0545729570701987,0.4852535976355474,0.0259569366920269,0.1437489910646224,0.5788434094972441,0.0679193836165011,0.2356308543157242,0.2623966254276255,0.0,0.0,0,0,0,0,0.0237400999737609,0.0323537043511565,0.020661903827661,3713.209183817685
ens_champion_segmented6,valid_2025_12,2025-12-13,5,50,68,6.883685904300808,3713.209183817685,1112.3536223279998,False,6.944680332872965,48,68,0.06099442857215642,2,0,0,1,12,5,1,3.1544951049196435,0.0829368620532082,0.3856524034158339,1.1369240217773546,0.6395582167919728,1.9648159628815505,0.6290025887001698,0.2030454048130004,1.0545729570701987,0.4852535976355474,0.0259569366920269,0.1437489910646224,0.5788434094972441,0.0679193836165011,0.2356308543157242,0.2623966254276255,0.0,0.0,0,0,0,0,0.0237400999737609,0.0323537043511565,0.020661903827661,3713.209183817685
ens_champion_segmented6,valid_2025_12,2025-12-13,6,48,69,6.86921938288363,3713.209183817685,1112.3536223279998,False,6.944680332872965,48,68,0.07546094998933484,0,1,1,0,12,5,1,3.1544951049196435,0.0829368620532082,0.3856524034158339,1.1369240217773546,0.6395582167919728,1.9648159628815505,0.6290025887001698,0.2030454048130004,1.0545729570701987,0.4852535976355474,0.0259569366920269,0.1437489910646224,0.5788434094972441,0.0679193836165011,0.2356308543157242,0.2623966254276255,0.0,0.0,0,0,0,0,0.0237400999737609,0.0323537043511565,0.020661903827661,3713.209183817685
ens_champion_segmented6,valid_2025_12,2025-12-13,7,45,68,6.860463799647361,3699.227098542732,1126.3357076029529,False,6.944680332872965,48,68,0.08421653322560374,3,0,0,1,12,5,1,3.1544951049196435,0.0829368620532082,0.3856524034158339,1.1369240217773546,0.6395582167919728,1.9648159628815505,0.6290025887001698,0.2030454048130004,1.0545729570701987,0.4852535976355474,0.0259569366920269,0.1437489910646224,0.5788434094972441,0.0679193836165011,0.2356308543157242,0.2623966254276255,0.0,0.0,0,0,0,0,0.0237400999737609,0.0323537043511565,0.020661903827661,3699.227098542732
ens_champion_segmented6,valid_2025_12,2025-12-13,8,47,69,6.845479282909869,3713.209183817685,1112.3536223279998,False,6.944680332872965,48,68,0.09920104996309576,1,1,0,0,12,5,1,3.1544951049196435,0.0829368620532082,0.3856524034158339,1.1369240217773546,0.6395582167919728,1.9648159628815505,0.6290025887001698,0.2030454048130004,1.0545729570701987,0.4852535976355474,0.0259569366920269,0.1437489910646224,0.5788434094972441,0.0679193836165011,0.2356308543157242,0.2623966254276255,0.0,0.0,0,0,0,0,0.0237400999737609,0.0323537043511565,0.020661903827661,3713.209183817685
ens_champion_segmented6,valid_2025_12,2025-12-13,9,49,69,6.838362397916775,3713.209183817685,1112.3536223279998,False,6.944680332872965,48,68,0.10631793495618957,1,1,0,0,12,5,1,3.1544951049196435,0.0829368620532082,0.3856524034158339,1.1369240217773546,0.6395582167919728,1.9648159628815505,0.6290025887001698,0.2030454048130004,1.0545729570701987,0.4852535976355474,0.0259569366920269,0.1437489910646224,0.5788434094972441,0.0679193836165011,0.2356308543157242,0.2623966254276255,0.0,0.0,0,0,0,0,0.0237400999737609,0.0323537043511565,0.020661903827661,3713.209183817685
ens_champion_segmented6,valid_2025_12,2025-12-13,10,46,69,6.82304237464062,3713.209183817685,1112.3536223279998,False,6.944680332872965,48,68,0.1216379582323448,2,1,0,0,12,5,1,3.1544951049196435,0.0829368620532082,0.3856524034158339,1.1369240217773546,0.6395582167919728,1.9648159628815505,0.6290025887001698,0.2030454048130004,1.0545729570701987,0.4852535976355474,0.0259569366920269,0.1437489910646224,0.5788434094972441,0.0679193836165011,0.2356308543157242,0.2623966254276255,0.0,0.0,0,0,0,0,0.0237400999737609,0.0323537043511565,0.020661903827661,3713.209183817685
ens_champion_segmented6,valid_2025_12,2025-12-14,1,56,67,6.981144243499839,3106.9179703115483,875.0176665414133,False,6.981144243499839,56,67,0.0,0,0,1,1,12,6,1,3.17765156802094,0.070908885007386,0.2783272582697051,1.1130046009519496,0.6774244854577667,2.125110807865484,0.6409581175784804,0.2046400881679871,1.0567673403454003,0.4982130829174596,0.0429892564044484,0.1427450346610208,0.5754054323855851,0.0653018245726911,0.2280984471673219,0.2199941538895279,19.60442127004348,0.0,39,0,23,0,0.0196101237041448,0.0399418477457329,0.026734215536551,3106.9179703115483
ens_champion_segmented6,valid_2025_12,2025-12-14,2,55,67,6.961534119795695,3106.9179703115483,875.0176665414133,False,6.981144243499839,56,67,0.019610123704144833,1,0,0,1,12,6,1,3.17765156802094,0.070908885007386,0.2783272582697051,1.1130046009519496,0.6774244854577667,2.125110807865484,0.6409581175784804,0.2046400881679871,1.0567673403454003,0.4982130829174596,0.0429892564044484,0.1427450346610208,0.5754054323855851,0.0653018245726911,0.2280984471673219,0.2199941538895279,19.60442127004348,0.0,39,0,23,0,0.0196101237041448,0.0399418477457329,0.026734215536551,3106.9179703115483
ens_champion_segmented6,valid_2025_12,2025-12-14,3,54,67,6.931491150675658,3106.9179703115483,875.0176665414133,False,6.981144243499839,56,67,0.0496530928241814,2,0,0,1,12,6,1,3.17765156802094,0.070908885007386,0.2783272582697051,1.1130046009519496,0.6774244854577667,2.125110807865484,0.6409581175784804,0.2046400881679871,1.0567673403454003,0.4982130829174596,0.0429892564044484,0.1427450346610208,0.5754054323855851,0.0653018245726911,0.2280984471673219,0.2199941538895279,19.60442127004348,0.0,39,0,23,0,0.0196101237041448,0.0399418477457329,0.026734215536551,3106.9179703115483
ens_champion_segmented6,valid_2025_12,2025-12-14,4,56,68,6.92572629425174,2664.708674926226,1317.2269619267354,False,6.981144243499839,56,67,0.05541794924809906,0,1,1,0,12,6,1,3.17765156802094,0.070908885007386,0.2783272582697051,1.1130046009519496,0.6774244854577667,2.125110807865484,0.6409581175784804,0.2046400881679871,1.0567673403454003,0.4982130829174596,0.0429892564044484,0.1427450346610208,0.5754054323855851,0.0653018245726911,0.2280984471673219,0.2199941538895279,19.60442127004348,0.0,39,0,23,0,0.0196101237041448,0.0399418477457329,0.026734215536551,2664.708674926226
ens_champion_segmented6,valid_2025_12,2025-12-14,5,55,68,6.906116170547596,2664.708674926226,1317.2269619267354,False,6.981144243499839,56,67,0.07502807295224301,1,1,0,0,12,6,1,3.17765156802094,0.070908885007386,0.2783272582697051,1.1130046009519496,0.6774244854577667,2.125110807865484,0.6409581175784804,0.2046400881679871,1.0567673403454003,0.4982130829174596,0.0429892564044484,0.1427450346610208,0.5754054323855851,0.0653018245726911,0.2280984471673219,0.2199941538895279,19.60442127004348,0.0,39,0,23,0,0.0196101237041448,0.0399418477457329,0.026734215536551,2664.708674926226
ens_champion_segmented6,valid_2025_12,2025-12-14,6,53,67,6.889114019729265,3106.9179703115483,875.0176665414133,False,6.981144243499839,56,67,0.09203022377057479,3,0,0,1,12,6,1,3.17765156802094,0.070908885007386,0.2783272582697051,1.1130046009519496,0.6774244854577667,2.125110807865484,0.6409581175784804,0.2046400881679871,1.0567673403454003,0.4982130829174596,0.0429892564044484,0.1427450346610208,0.5754054323855851,0.0653018245726911,0.2280984471673219,0.2199941538895279,19.60442127004348,0.0,39,0,23,0,0.0196101237041448,0.0399418477457329,0.026734215536551,3106.9179703115483
ens_champion_segmented6,valid_2025_12,2025-12-14,7,57,67,6.876764104761475,3106.9179703115483,875.0176665414133,False,6.981144243499839,56,67,0.10438013873836471,1,0,0,1,12,6,1,3.17765156802094,0.070908885007386,0.2783272582697051,1.1130046009519496,0.6774244854577667,2.125110807865484,0.6409581175784804,0.2046400881679871,1.0567673403454003,0.4982130829174596,0.0429892564044484,0.1427450346610208,0.5754054323855851,0.0653018245726911,0.2280984471673219,0.2199941538895279,19.60442127004348,0.0,39,0,23,0,0.0196101237041448,0.0399418477457329,0.026734215536551,3106.9179703115483
ens_champion_segmented6,valid_2025_12,2025-12-14,8,54,68,6.876073201427559,2664.708674926226,1317.2269619267354,False,6.981144243499839,56,67,0.10507104207228046,2,1,0,0,12,6,1,3.17765156802094,0.070908885007386,0.2783272582697051,1.1130046009519496,0.6774244854577667,2.125110807865484,0.6409581175784804,0.2046400881679871,1.0567673403454003,0.4982130829174596,0.0429892564044484,0.1427450346610208,0.5754054323855851,0.0653018245726911,0.2280984471673219,0.2199941538895279,19.60442127004348,0.0,39,0,23,0,0.0196101237041448,0.0399418477457329,0.026734215536551,2664.708674926226
ens_champion_segmented6,valid_2025_12,2025-12-14,9,50,67,6.8543731496195255,3106.9179703115483,875.0176665414133,False,6.981144243499839,56,67,0.12677109388031393,6,0,0,1,12,6,1,3.17765156802094,0.070908885007386,0.2783272582697051,1.1130046009519496,0.6774244854577667,2.125110807865484,0.6409581175784804,0.2046400881679871,1.0567673403454003,0.4982130829174596,0.0429892564044484,0.1427450346610208,0.5754054323855851,0.0653018245726911,0.2280984471673219,0.2199941538895279,19.60442127004348,0.0,39,0,23,0,0.0196101237041448,0.0399418477457329,0.026734215536551,3106.9179703115483
ens_champion_segmented6,valid_2025_12,2025-12-14,10,51,67,6.851116980900683,3106.9179703115483,875.0176665414133,False,6.981144243499839,56,67,0.13002726259915676,5,0,0,1,12,6,1,3.17765156802094,0.070908885007386,0.2783272582697051,1.1130046009519496,0.6774244854577667,2.125110807865484,0.6409581175784804,0.2046400881679871,1.0567673403454003,0.4982130829174596,0.0429892564044484,0.1427450346610208,0.5754054323855851,0.0653018245726911,0.2280984471673219,0.2199941538895279,19.60442127004348,0.0,39,0,23,0,0.0196101237041448,0.0399418477457329,0.026734215536551,3106.9179703115483
ens_champion_segmented6,valid_2025_12,2025-12-15,1,47,78,13.195292666257458,11961.920508264817,2.182787284255028e-11,False,13.195292666257458,47,78,0.0,0,0,1,1,12,0,0,3.207381439123434,0.0804400870173812,0.3060702192078959,1.7643116489454949,0.7543462200813302,2.321402775826093,0.4480884828699243,0.2233746597449499,0.8329939217853196,0.3200511163199824,0.1372278954890659,0.1280373665499417,0.5310496637548608,0.0556389106861633,0.198207655718999,0.3602672206166883,0.0,1.1547005383792517,0,0,0,2,0.0386708097932793,0.0587104801318982,0.0344197782590844,11961.920508264817
ens_champion_segmented6,valid_2025_12,2025-12-15,2,46,78,13.15662185646418,11961.920508264817,2.182787284255028e-11,False,13.195292666257458,47,78,0.03867080979327753,1,0,0,1,12,0,0,3.207381439123434,0.0804400870173812,0.3060702192078959,1.7643116489454949,0.7543462200813302,2.321402775826093,0.4480884828699243,0.2233746597449499,0.8329939217853196,0.3200511163199824,0.1372278954890659,0.1280373665499417,0.5310496637548608,0.0556389106861633,0.198207655718999,0.3602672206166883,0.0,1.1547005383792517,0,0,0,2,0.0386708097932793,0.0587104801318982,0.0344197782590844,11961.920508264817
ens_champion_segmented6,valid_2025_12,2025-12-15,3,47,79,13.112019256663828,11961.920508264817,2.182787284255028e-11,False,13.195292666257458,47,78,0.08327340959363028,0,1,1,0,12,0,0,3.207381439123434,0.0804400870173812,0.3060702192078959,1.7643116489454949,0.7543462200813302,2.321402775826093,0.4480884828699243,0.2233746597449499,0.8329939217853196,0.3200511163199824,0.1372278954890659,0.1280373665499417,0.5310496637548608,0.0556389106861633,0.198207655718999,0.3602672206166883,0.0,1.1547005383792517,0,0,0,2,0.0386708097932793,0.0587104801318982,0.0344197782590844,11961.920508264817
ens_champion_segmented6,valid_2025_12,2025-12-15,4,45,78,13.110836137930423,11961.920508264817,2.182787284255028e-11,False,13.195292666257458,47,78,0.08445652832703487,2,0,0,1,12,0,0,3.207381439123434,0.0804400870173812,0.3060702192078959,1.7643116489454949,0.7543462200813302,2.321402775826093,0.4480884828699243,0.2233746597449499,0.8329939217853196,0.3200511163199824,0.1372278954890659,0.1280373665499417,0.5310496637548608,0.0556389106861633,0.198207655718999,0.3602672206166883,0.0,1.1547005383792517,0,0,0,2,0.0386708097932793,0.0587104801318982,0.0344197782590844,11961.920508264817
ens_champion_segmented6,valid_2025_12,2025-12-15,5,48,78,13.108141013311911,11961.920508264817,2.182787284255028e-11,False,13.195292666257458,47,78,0.08715165294554694,1,0,0,1,12,0,0,3.207381439123434,0.0804400870173812,0.3060702192078959,1.7643116489454949,0.7543462200813302,2.321402775826093,0.4480884828699243,0.2233746597449499,0.8329939217853196,0.3200511163199824,0.1372278954890659,0.1280373665499417,0.5310496637548608,0.0556389106861633,0.198207655718999,0.3602672206166883,0.0,1.1547005383792517,0,0,0,2,0.0386708097932793,0.0587104801318982,0.0344197782590844,11961.920508264817
ens_champion_segmented6,valid_2025_12,2025-12-15,6,44,78,13.07618697846019,11961.920508264817,2.182787284255028e-11,False,13.195292666257458,47,78,0.11910568779726916,3,0,0,1,12,0,0,3.207381439123434,0.0804400870173812,0.3060702192078959,1.7643116489454949,0.7543462200813302,2.321402775826093,0.4480884828699243,0.2233746597449499,0.8329939217853196,0.3200511163199824,0.1372278954890659,0.1280373665499417,0.5310496637548608,0.0556389106861633,0.198207655718999,0.3602672206166883,0.0,1.1547005383792517,0,0,0,2,0.0386708097932793,0.0587104801318982,0.0344197782590844,11961.920508264817
ens_champion_segmented6,valid_2025_12,2025-12-15,7,46,79,13.073348446870549,11961.920508264817,2.182787284255028e-11,False,13.195292666257458,47,78,0.12194421938690958,1,1,0,0,12,0,0,3.207381439123434,0.0804400870173812,0.3060702192078959,1.7643116489454949,0.7543462200813302,2.321402775826093,0.4480884828699243,0.2233746597449499,0.8329939217853196,0.3200511163199824,0.1372278954890659,0.1280373665499417,0.5310496637548608,0.0556389106861633,0.198207655718999,0.3602672206166883,0.0,1.1547005383792517,0,0,0,2,0.0386708097932793,0.0587104801318982,0.0344197782590844,11961.920508264817
ens_champion_segmented6,valid_2025_12,2025-12-15,8,47,77,13.068647099666125,11961.920508264817,2.182787284255028e-11,False,13.195292666257458,47,78,0.12664556659133375,0,1,1,0,12,0,0,3.207381439123434,0.0804400870173812,0.3060702192078959,1.7643116489454949,0.7543462200813302,2.321402775826093,0.4480884828699243,0.2233746597449499,0.8329939217853196,0.3200511163199824,0.1372278954890659,0.1280373665499417,0.5310496637548608,0.0556389106861633,0.198207655718999,0.3602672206166883,0.0,1.1547005383792517,0,0,0,2,0.0386708097932793,0.0587104801318982,0.0344197782590844,11961.920508264817
ens_champion_segmented6,valid_2025_12,2025-12-15,9,49,78,13.032310199127268,11802.852416399592,159.06809186524697,False,13.195292666257458,47,78,0.16298246713019005,2,0,0,1,12,0,0,3.207381439123434,0.0804400870173812,0.3060702192078959,1.7643116489454949,0.7543462200813302,2.321402775826093,0.4480884828699243,0.2233746597449499,0.8329939217853196,0.3200511163199824,0.1372278954890659,0.1280373665499417,0.5310496637548608,0.0556389106861633,0.198207655718999,0.3602672206166883,0.0,1.1547005383792517,0,0,0,2,0.0386708097932793,0.0587104801318982,0.0344197782590844,11802.852416399592
ens_champion_segmented6,valid_2025_12,2025-12-15,10,46,77,13.029976289872844,11961.920508264817,2.182787284255028e-11,False,13.195292666257458,47,78,0.16531637638461483,1,1,0,0,12,0,0,3.207381439123434,0.0804400870173812,0.3060702192078959,1.7643116489454949,0.7543462200813302,2.321402775826093,0.4480884828699243,0.2233746597449499,0.8329939217853196,0.3200511163199824,0.1372278954890659,0.1280373665499417,0.5310496637548608,0.0556389106861633,0.198207655718999,0.3602672206166883,0.0,1.1547005383792517,0,0,0,2,0.0386708097932793,0.0587104801318982,0.0344197782590844,11961.920508264817
ens_champion_segmented6,valid_2025_12,2025-12-16,1,52,66,8.57522752588659,9480.458275167328,95.44085511913,False,8.57522752588659,52,66,0.0,0,0,1,1,12,1,0,3.175652093109837,0.0767555551588364,0.2831801725693075,2.157730928681554,0.6377064241877277,1.835942335411159,0.3111326814645532,0.1993247246859565,0.7162627350098026,0.1753347791806906,0.0168526803986007,0.1357979022838625,0.5515098898807228,0.0546977071556303,0.2023430895362229,0.4149538422288545,0.5773502691896258,12.701705922171769,0,0,1,22,0.0335364377517919,0.0410167080736805,0.0249353718424229,9480.458275167328
ens_champion_segmented6,valid_2025_12,2025-12-16,2,52,67,8.541691088134797,9416.831038421238,159.06809186521969,False,8.57522752588659,52,66,0.03353643775179194,0,1,1,0,12,1,0,3.175652093109837,0.0767555551588364,0.2831801725693075,2.157730928681554,0.6377064241877277,1.835942335411159,0.3111326814645532,0.1993247246859565,0.7162627350098026,0.1753347791806906,0.0168526803986007,0.1357979022838625,0.5515098898807228,0.0546977071556303,0.2023430895362229,0.4149538422288545,0.5773502691896258,12.701705922171769,0,0,1,22,0.0335364377517919,0.0410167080736805,0.0249353718424229,9416.831038421238
ens_champion_segmented6,valid_2025_12,2025-12-16,3,51,66,8.53280476688576,9480.458275167328,95.44085511913,False,8.57522752588659,52,66,0.04242275900082859,1,0,0,1,12,1,0,3.175652093109837,0.0767555551588364,0.2831801725693075,2.157730928681554,0.6377064241877277,1.835942335411159,0.3111326814645532,0.1993247246859565,0.7162627350098026,0.1753347791806906,0.0168526803986007,0.1357979022838625,0.5515098898807228,0.0546977071556303,0.2023430895362229,0.4149538422288545,0.5773502691896258,12.701705922171769,0,0,1,22,0.0335364377517919,0.0410167080736805,0.0249353718424229,9480.458275167328
ens_champion_segmented6,valid_2025_12,2025-12-16,4,52,65,8.522062379023424,9512.271893540372,63.627236746086055,False,8.57522752588659,52,66,0.05316514686316509,0,1,1,0,12,1,0,3.175652093109837,0.0767555551588364,0.2831801725693075,2.157730928681554,0.6377064241877277,1.835942335411159,0.3111326814645532,0.1993247246859565,0.7162627350098026,0.1753347791806906,0.0168526803986007,0.1357979022838625,0.5515098898807228,0.0546977071556303,0.2023430895362229,0.4149538422288545,0.5773502691896258,12.701705922171769,0,0,1,22,0.0335364377517919,0.0410167080736805,0.0249353718424229,9512.271893540372
ens_champion_segmented6,valid_2025_12,2025-12-16,5,51,67,8.499268329133969,9416.831038421238,159.06809186521969,False,8.57522752588659,52,66,0.07595919675262053,1,1,0,0,12,1,0,3.175652093109837,0.0767555551588364,0.2831801725693075,2.157730928681554,0.6377064241877277,1.835942335411159,0.3111326814645532,0.1993247246859565,0.7162627350098026,0.1753347791806906,0.0168526803986007,0.1357979022838625,0.5515098898807228,0.0546977071556303,0.2023430895362229,0.4149538422288545,0.5773502691896258,12.701705922171769,0,0,1,22,0.0335364377517919,0.0410167080736805,0.0249353718424229,9416.831038421238
ens_champion_segmented6,valid_2025_12,2025-12-16,6,51,65,8.479639620022596,9512.271893540372,63.627236746086055,False,8.57522752588659,52,66,0.09558790586399368,1,1,0,0,12,1,0,3.175652093109837,0.0767555551588364,0.2831801725693075,2.157730928681554,0.6377064241877277,1.835942335411159,0.3111326814645532,0.1993247246859565,0.7162627350098026,0.1753347791806906,0.0168526803986007,0.1357979022838625,0.5515098898807228,0.0546977071556303,0.2023430895362229,0.4149538422288545,0.5773502691896258,12.701705922171769,0,0,1,22,0.0335364377517919,0.0410167080736805,0.0249353718424229,9512.271893540372
ens_champion_segmented6,valid_2025_12,2025-12-16,7,53,66,8.46540849984386,9480.458275167328,95.44085511913,False,8.57522752588659,52,66,0.10981902604272875,1,0,0,1,12,1,0,3.175652093109837,0.0767555551588364,0.2831801725693075,2.157730928681554,0.6377064241877277,1.835942335411159,0.3111326814645532,0.1993247246859565,0.7162627350098026,0.1753347791806906,0.0168526803986007,0.1357979022838625,0.5515098898807228,0.0546977071556303,0.2023430895362229,0.4149538422288545,0.5773502691896258,12.701705922171769,0,0,1,22,0.0335364377517919,0.0410167080736805,0.0249353718424229,9480.458275167328
ens_champion_segmented6,valid_2025_12,2025-12-16,8,53,67,8.431872062092069,9416.831038421238,159.06809186521969,False,8.57522752588659,52,66,0.1433554637945207,1,1,0,0,12,1,0,3.175652093109837,0.0767555551588364,0.2831801725693075,2.157730928681554,0.6377064241877277,1.835942335411159,0.3111326814645532,0.1993247246859565,0.7162627350098026,0.1753347791806906,0.0168526803986007,0.1357979022838625,0.5515098898807228,0.0546977071556303,0.2023430895362229,0.4149538422288545,0.5773502691896258,12.701705922171769,0,0,1,22,0.0335364377517919,0.0410167080736805,0.0249353718424229,9416.831038421238
ens_champion_segmented6,valid_2025_12,2025-12-16,9,53,65,8.412243352980695,9512.271893540372,63.627236746086055,False,8.57522752588659,52,66,0.16298417290589384,1,1,0,0,12,1,0,3.175652093109837,0.0767555551588364,0.2831801725693075,2.157730928681554,0.6377064241877277,1.835942335411159,0.3111326814645532,0.1993247246859565,0.7162627350098026,0.1753347791806906,0.0168526803986007,0.1357979022838625,0.5515098898807228,0.0546977071556303,0.2023430895362229,0.4149538422288545,0.5773502691896258,12.701705922171769,0,0,1,22,0.0335364377517919,0.0410167080736805,0.0249353718424229,9512.271893540372
ens_champion_segmented6,valid_2025_12,2025-12-16,10,52,68,8.407639291283232,9257.762946556017,318.136183730443,False,8.57522752588659,52,66,0.16758823460335748,0,2,1,0,12,1,0,3.175652093109837,0.0767555551588364,0.2831801725693075,2.157730928681554,0.6377064241877277,1.835942335411159,0.3111326814645532,0.1993247246859565,0.7162627350098026,0.1753347791806906,0.0168526803986007,0.1357979022838625,0.5515098898807228,0.0546977071556303,0.2023430895362229,0.4149538422288545,0.5773502691896258,12.701705922171769,0,0,1,22,0.0335364377517919,0.0410167080736805,0.0249353718424229,9257.762946556017
ens_champion_segmented6,valid_2025_12,2025-12-17,1,42,68,6.727469353951108,6971.299105914267,394.05302125403705,False,6.727469353951108,42,68,0.0,0,0,1,1,12,2,0,3.163219641403805,0.0730859070818594,0.2695401172040941,1.3554700191205702,0.803714489351256,2.567409765118082,0.5616595981962006,0.2579158479812836,1.0395133886094874,0.4249387408716663,0.096371624464504,0.1367208573245342,0.5509288206243487,0.0676718984372329,0.2289068480243407,0.3255167658504121,3.4641016151377544,0.5773502691896257,0,0,6,1,0.008343372700267,0.008389198035438,0.0046224277889001,6971.299105914267
ens_champion_segmented6,valid_2025_12,2025-12-17,2,44,68,6.719125981250841,6971.299105914267,394.05302125403705,False,6.727469353951108,42,68,0.008343372700267082,2,0,0,1,12,2,0,3.163219641403805,0.0730859070818594,0.2695401172040941,1.3554700191205702,0.803714489351256,2.567409765118082,0.5616595981962006,0.2579158479812836,1.0395133886094874,0.4249387408716663,0.096371624464504,0.1367208573245342,0.5509288206243487,0.0676718984372329,0.2289068480243407,0.3255167658504121,3.4641016151377544,0.5773502691896257,0,0,6,1,0.008343372700267,0.008389198035438,0.0046224277889001,6971.299105914267
ens_champion_segmented6,valid_2025_12,2025-12-17,3,43,68,6.718255546141528,6971.299105914267,394.05302125403705,False,6.727469353951108,42,68,0.009213807809580032,1,0,0,1,12,2,0,3.163219641403805,0.0730859070818594,0.2695401172040941,1.3554700191205702,0.803714489351256,2.567409765118082,0.5616595981962006,0.2579158479812836,1.0395133886094874,0.4249387408716663,0.096371624464504,0.1367208573245342,0.5509288206243487,0.0676718984372329,0.2289068480243407,0.3255167658504121,3.4641016151377544,0.5773502691896257,0,0,6,1,0.008343372700267,0.008389198035438,0.0046224277889001,6971.299105914267
ens_champion_segmented6,valid_2025_12,2025-12-17,4,45,68,6.7171207918578375,6971.299105914267,394.05302125403705,False,6.727469353951108,42,68,0.010348562093270175,3,0,0,1,12,2,0,3.163219641403805,0.0730859070818594,0.2695401172040941,1.3554700191205702,0.803714489351256,2.567409765118082,0.5616595981962006,0.2579158479812836,1.0395133886094874,0.4249387408716663,0.096371624464504,0.1367208573245342,0.5509288206243487,0.0676718984372329,0.2289068480243407,0.3255167658504121,3.4641016151377544,0.5773502691896257,0,0,6,1,0.008343372700267,0.008389198035438,0.0046224277889001,6971.299105914267
ens_champion_segmented6,valid_2025_12,2025-12-17,5,42,69,6.713429106377035,6873.443597160619,491.9085300076849,False,6.727469353951108,42,68,0.01404024757407285,0,1,1,0,12,2,0,3.163219641403805,0.0730859070818594,0.2695401172040941,1.3554700191205702,0.803714489351256,2.567409765118082,0.5616595981962006,0.2579158479812836,1.0395133886094874,0.4249387408716663,0.096371624464504,0.1367208573245342,0.5509288206243487,0.0676718984372329,0.2289068480243407,0.3255167658504121,3.4641016151377544,0.5773502691896257,0,0,6,1,0.008343372700267,0.008389198035438,0.0046224277889001,6873.443597160619
ens_champion_segmented6,valid_2025_12,2025-12-17,6,41,68,6.711527766938929,6971.299105914267,394.05302125403705,False,6.727469353951108,42,68,0.01594158701217907,1,0,0,1,12,2,0,3.163219641403805,0.0730859070818594,0.2695401172040941,1.3554700191205702,0.803714489351256,2.567409765118082,0.5616595981962006,0.2579158479812836,1.0395133886094874,0.4249387408716663,0.096371624464504,0.1367208573245342,0.5509288206243487,0.0676718984372329,0.2289068480243407,0.3255167658504121,3.4641016151377544,0.5773502691896257,0,0,6,1,0.008343372700267,0.008389198035438,0.0046224277889001,6971.299105914267
ens_champion_segmented6,valid_2025_12,2025-12-17,7,47,68,6.707081997668432,6971.299105914267,394.05302125403705,False,6.727469353951108,42,68,0.02038735628267574,5,0,0,1,12,2,0,3.163219641403805,0.0730859070818594,0.2695401172040941,1.3554700191205702,0.803714489351256,2.567409765118082,0.5616595981962006,0.2579158479812836,1.0395133886094874,0.4249387408716663,0.096371624464504,0.1367208573245342,0.5509288206243487,0.0676718984372329,0.2289068480243407,0.3255167658504121,3.4641016151377544,0.5773502691896257,0,0,6,1,0.008343372700267,0.008389198035438,0.0046224277889001,6971.299105914267
ens_champion_segmented6,valid_2025_12,2025-12-17,8,48,68,6.705392610690701,6971.299105914267,394.05302125403705,False,6.727469353951108,42,68,0.022076743260406317,6,0,0,1,12,2,0,3.163219641403805,0.0730859070818594,0.2695401172040941,1.3554700191205702,0.803714489351256,2.567409765118082,0.5616595981962006,0.2579158479812836,1.0395133886094874,0.4249387408716663,0.096371624464504,0.1367208573245342,0.5509288206243487,0.0676718984372329,0.2289068480243407,0.3255167658504121,3.4641016151377544,0.5773502691896257,0,0,6,1,0.008343372700267,0.008389198035438,0.0046224277889001,6971.299105914267
ens_champion_segmented6,valid_2025_12,2025-12-17,9,44,69,6.705085733676768,6873.443597160619,491.9085300076849,False,6.727469353951108,42,68,0.022383620274339933,2,1,0,0,12,2,0,3.163219641403805,0.0730859070818594,0.2695401172040941,1.3554700191205702,0.803714489351256,2.567409765118082,0.5616595981962006,0.2579158479812836,1.0395133886094874,0.4249387408716663,0.096371624464504,0.1367208573245342,0.5509288206243487,0.0676718984372329,0.2289068480243407,0.3255167658504121,3.4641016151377544,0.5773502691896257,0,0,6,1,0.008343372700267,0.008389198035438,0.0046224277889001,6873.443597160619
ens_champion_segmented6,valid_2025_12,2025-12-17,10,46,68,6.704965604506171,6971.299105914267,394.05302125403705,False,6.727469353951108,42,68,0.022503749444936716,4,0,0,1,12,2,0,3.163219641403805,0.0730859070818594,0.2695401172040941,1.3554700191205702,0.803714489351256,2.567409765118082,0.5616595981962006,0.2579158479812836,1.0395133886094874,0.4249387408716663,0.096371624464504,0.1367208573245342,0.5509288206243487,0.0676718984372329,0.2289068480243407,0.3255167658504121,3.4641016151377544,0.5773502691896257,0,0,6,1,0.008343372700267,0.008389198035438,0.0046224277889001,6971.299105914267
ens_champion_segmented6,valid_2025_12,2025-12-18,1,48,79,4.175978974004645,0.0,4304.280762294158,False,4.175978974004645,48,79,0.0,0,0,1,1,12,3,0,3.121741220685732,0.0721210278592592,0.2668611963046028,0.904119308695734,0.597647569119343,1.786879512099815,0.7020859414132277,0.1950824681269806,1.1109329247610062,0.5779934482909673,0.041018807224904,0.1240924931222603,0.5313225217622617,0.066451259927927,0.2452324198541799,0.8183290271938437,0.0,0.0,0,0,0,0,0.0021979988231812,0.004333615394108,0.0029624992205545,0.0
ens_champion_segmented6,valid_2025_12,2025-12-18,2,47,79,4.173780975181463,0.0,4304.280762294158,False,4.175978974004645,48,79,0.0021979988231812797,1,0,0,1,12,3,0,3.121741220685732,0.0721210278592592,0.2668611963046028,0.904119308695734,0.597647569119343,1.786879512099815,0.7020859414132277,0.1950824681269806,1.1109329247610062,0.5779934482909673,0.041018807224904,0.1240924931222603,0.5313225217622617,0.066451259927927,0.2452324198541799,0.8183290271938437,0.0,0.0,0,0,0,0,0.0021979988231812,0.004333615394108,0.0029624992205545,0.0
ens_champion_segmented6,valid_2025_12,2025-12-18,3,48,78,4.171422114365221,0.0,4304.280762294158,False,4.175978974004645,48,79,0.004556859639423649,0,1,1,0,12,3,0,3.121741220685732,0.0721210278592592,0.2668611963046028,0.904119308695734,0.597647569119343,1.786879512099815,0.7020859414132277,0.1950824681269806,1.1109329247610062,0.5779934482909673,0.041018807224904,0.1240924931222603,0.5313225217622617,0.066451259927927,0.2452324198541799,0.8183290271938437,0.0,0.0,0,0,0,0,0.0021979988231812,0.004333615394108,0.0029624992205545,0.0
ens_champion_segmented6,valid_2025_12,2025-12-18,4,47,78,4.16922411554204,0.0,4304.280762294158,False,4.175978974004645,48,79,0.006754858462604929,1,1,0,0,12,3,0,3.121741220685732,0.0721210278592592,0.2668611963046028,0.904119308695734,0.597647569119343,1.786879512099815,0.7020859414132277,0.1950824681269806,1.1109329247610062,0.5779934482909673,0.041018807224904,0.1240924931222603,0.5313225217622617,0.066451259927927,0.2452324198541799,0.8183290271938437,0.0,0.0,0,0,0,0,0.0021979988231812,0.004333615394108,0.0029624992205545,0.0
ens_champion_segmented6,valid_2025_12,2025-12-18,5,48,77,4.167820613959314,0.0,4304.280762294158,False,4.175978974004645,48,79,0.008158360045330326,0,2,1,0,12,3,0,3.121741220685732,0.0721210278592592,0.2668611963046028,0.904119308695734,0.597647569119343,1.786879512099815,0.7020859414132277,0.1950824681269806,1.1109329247610062,0.5779934482909673,0.041018807224904,0.1240924931222603,0.5313225217622617,0.066451259927927,0.2452324198541799,0.8183290271938437,0.0,0.0,0,0,0,0,0.0021979988231812,0.004333615394108,0.0029624992205545,0.0
ens_champion_segmented6,valid_2025_12,2025-12-18,6,47,77,4.165622615136133,0.0,4304.280762294158,False,4.175978974004645,48,79,0.010356358868511606,1,2,0,0,12,3,0,3.121741220685732,0.0721210278592592,0.2668611963046028,0.904119308695734,0.597647569119343,1.786879512099815,0.7020859414132277,0.1950824681269806,1.1109329247610062,0.5779934482909673,0.041018807224904,0.1240924931222603,0.5313225217622617,0.066451259927927,0.2452324198541799,0.8183290271938437,0.0,0.0,0,0,0,0,0.0021979988231812,0.004333615394108,0.0029624992205545,0.0
ens_champion_segmented6,valid_2025_12,2025-12-18,7,46,79,4.162102304720289,0.0,4304.280762294158,False,4.175978974004645,48,79,0.013876669284355714,2,0,0,1,12,3,0,3.121741220685732,0.0721210278592592,0.2668611963046028,0.904119308695734,0.597647569119343,1.786879512099815,0.7020859414132277,0.1950824681269806,1.1109329247610062,0.5779934482909673,0.041018807224904,0.1240924931222603,0.5313225217622617,0.066451259927927,0.2452324198541799,0.8183290271938437,0.0,0.0,0,0,0,0,0.0021979988231812,0.004333615394108,0.0029624992205545,0.0
ens_champion_segmented6,valid_2025_12,2025-12-18,8,49,79,4.160866706891031,0.0,4304.280762294158,False,4.175978974004645,48,79,0.015112267113613242,1,0,0,1,12,3,0,3.121741220685732,0.0721210278592592,0.2668611963046028,0.904119308695734,0.597647569119343,1.786879512099815,0.7020859414132277,0.1950824681269806,1.1109329247610062,0.5779934482909673,0.041018807224904,0.1240924931222603,0.5313225217622617,0.066451259927927,0.2452324198541799,0.8183290271938437,0.0,0.0,0,0,0,0,0.0021979988231812,0.004333615394108,0.0029624992205545,0.0
ens_champion_segmented6,valid_2025_12,2025-12-18,9,48,76,4.159105446074851,0.0,4304.280762294158,False,4.175978974004645,48,79,0.016873527929793575,0,3,1,0,12,3,0,3.121741220685732,0.0721210278592592,0.2668611963046028,0.904119308695734,0.597647569119343,1.786879512099815,0.7020859414132277,0.1950824681269806,1.1109329247610062,0.5779934482909673,0.041018807224904,0.1240924931222603,0.5313225217622617,0.066451259927927,0.2452324198541799,0.8183290271938437,0.0,0.0,0,0,0,0,0.0021979988231812,0.004333615394108,0.0029624992205545,0.0
ens_champion_segmented6,valid_2025_12,2025-12-18,10,46,78,4.157545445080865,0.0,4304.280762294158,False,4.175978974004645,48,79,0.018433528923779363,2,1,0,0,12,3,0,3.121741220685732,0.0721210278592592,0.2668611963046028,0.904119308695734,0.597647569119343,1.786879512099815,0.7020859414132277,0.1950824681269806,1.1109329247610062,0.5779934482909673,0.041018807224904,0.1240924931222603,0.5313225217622617,0.066451259927927,0.2452324198541799,0.8183290271938437,0.0,0.0,0,0,0,0,0.0021979988231812,0.004333615394108,0.0029624992205545,0.0
ens_champion_segmented6,valid_2025_12,2025-12-19,1,17,68,9.394119386726064,8844.185907706433,5.4569682106375694e-12,False,9.394119386726064,17,68,0.0,0,0,1,1,12,4,0,3.157858512316414,0.0779104470605603,0.2816513643072937,1.5049520813120651,0.5253890960248331,1.5673251134698225,0.5191053710955218,0.1592960545221395,0.7562705273331837,0.414676186071458,0.1386691145826611,0.1044291850240637,0.4336615939568261,0.0656261960162652,0.2280823255616698,0.2122885040011273,1.7320508075688772,0.0,0,0,3,0,0.0035469210310239,0.0167111770230476,0.015026094278113,8844.185907706433
ens_champion_segmented6,valid_2025_12,2025-12-19,2,17,69,9.39057246569504,8844.185907706433,5.4569682106375694e-12,False,9.394119386726064,17,68,0.003546921031023942,0,1,1,0,12,4,0,3.157858512316414,0.0779104470605603,0.2816513643072937,1.5049520813120651,0.5253890960248331,1.5673251134698225,0.5191053710955218,0.1592960545221395,0.7562705273331837,0.414676186071458,0.1386691145826611,0.1044291850240637,0.4336615939568261,0.0656261960162652,0.2280823255616698,0.2122885040011273,1.7320508075688772,0.0,0,0,3,0,0.0035469210310239,0.0167111770230476,0.015026094278113,8844.185907706433
ens_champion_segmented6,valid_2025_12,2025-12-19,3,16,68,9.377103043602348,8844.185907706433,5.4569682106375694e-12,False,9.394119386726064,17,68,0.017016343123716027,1,0,0,1,12,4,0,3.157858512316414,0.0779104470605603,0.2816513643072937,1.5049520813120651,0.5253890960248331,1.5673251134698225,0.5191053710955218,0.1592960545221395,0.7562705273331837,0.414676186071458,0.1386691145826611,0.1044291850240637,0.4336615939568261,0.0656261960162652,0.2280823255616698,0.2122885040011273,1.7320508075688772,0.0,0,0,3,0,0.0035469210310239,0.0167111770230476,0.015026094278113,8844.185907706433
ens_champion_segmented6,valid_2025_12,2025-12-19,4,16,69,9.373556122571324,8844.185907706433,5.4569682106375694e-12,False,9.394119386726064,17,68,0.02056326415473997,1,1,0,0,12,4,0,3.157858512316414,0.0779104470605603,0.2816513643072937,1.5049520813120651,0.5253890960248331,1.5673251134698225,0.5191053710955218,0.1592960545221395,0.7562705273331837,0.414676186071458,0.1386691145826611,0.1044291850240637,0.4336615939568261,0.0656261960162652,0.2280823255616698,0.2122885040011273,1.7320508075688772,0.0,0,0,3,0,0.0035469210310239,0.0167111770230476,0.015026094278113,8844.185907706433
ens_champion_segmented6,valid_2025_12,2025-12-19,5,15,68,9.351690029920317,8844.185907706433,5.4569682106375694e-12,False,9.394119386726064,17,68,0.042429356805747886,2,0,0,1,12,4,0,3.157858512316414,0.0779104470605603,0.2816513643072937,1.5049520813120651,0.5253890960248331,1.5673251134698225,0.5191053710955218,0.1592960545221395,0.7562705273331837,0.414676186071458,0.1386691145826611,0.1044291850240637,0.4336615939568261,0.0656261960162652,0.2280823255616698,0.2122885040011273,1.7320508075688772,0.0,0,0,3,0,0.0035469210310239,0.0167111770230476,0.015026094278113,8844.185907706433
ens_champion_segmented6,valid_2025_12,2025-12-19,6,17,67,9.351010661863375,8812.372289333387,31.813618373051213,False,9.394119386726064,17,68,0.04310872486268913,0,1,1,0,12,4,0,3.157858512316414,0.0779104470605603,0.2816513643072937,1.5049520813120651,0.5253890960248331,1.5673251134698225,0.5191053710955218,0.1592960545221395,0.7562705273331837,0.414676186071458,0.1386691145826611,0.1044291850240637,0.4336615939568261,0.0656261960162652,0.2280823255616698,0.2122885040011273,1.7320508075688772,0.0,0,0,3,0,0.0035469210310239,0.0167111770230476,0.015026094278113,8812.372289333387
ens_champion_segmented6,valid_2025_12,2025-12-19,7,15,69,9.34814310888929,8844.185907706433,5.4569682106375694e-12,False,9.394119386726064,17,68,0.045976277836773605,2,1,0,0,12,4,0,3.157858512316414,0.0779104470605603,0.2816513643072937,1.5049520813120651,0.5253890960248331,1.5673251134698225,0.5191053710955218,0.1592960545221395,0.7562705273331837,0.414676186071458,0.1386691145826611,0.1044291850240637,0.4336615939568261,0.0656261960162652,0.2280823255616698,0.2122885040011273,1.7320508075688772,0.0,0,0,3,0,0.0035469210310239,0.0167111770230476,0.015026094278113,8844.185907706433
ens_champion_segmented6,valid_2025_12,2025-12-19,8,16,67,9.33399431873966,8812.372289333387,31.813618373051213,False,9.394119386726064,17,68,0.060125067986405156,1,1,0,0,12,4,0,3.157858512316414,0.0779104470605603,0.2816513643072937,1.5049520813120651,0.5253890960248331,1.5673251134698225,0.5191053710955218,0.1592960545221395,0.7562705273331837,0.414676186071458,0.1386691145826611,0.1044291850240637,0.4336615939568261,0.0656261960162652,0.2280823255616698,0.2122885040011273,1.7320508075688772,0.0,0,0,3,0,0.0035469210310239,0.0167111770230476,0.015026094278113,8812.372289333387
ens_champion_segmented6,valid_2025_12,2025-12-19,9,14,68,9.33042904387879,8844.185907706433,5.4569682106375694e-12,False,9.394119386726064,17,68,0.06369034284727526,3,0,0,1,12,4,0,3.157858512316414,0.0779104470605603,0.2816513643072937,1.5049520813120651,0.5253890960248331,1.5673251134698225,0.5191053710955218,0.1592960545221395,0.7562705273331837,0.414676186071458,0.1386691145826611,0.1044291850240637,0.4336615939568261,0.0656261960162652,0.2280823255616698,0.2122885040011273,1.7320508075688772,0.0,0,0,3,0,0.0035469210310239,0.0167111770230476,0.015026094278113,8844.185907706433
ens_champion_segmented6,valid_2025_12,2025-12-19,10,14,69,9.326882122847763,8844.185907706433,5.4569682106375694e-12,False,9.394119386726064,17,68,0.06723726387830098,3,1,0,0,12,4,0,3.157858512316414,0.0779104470605603,0.2816513643072937,1.5049520813120651,0.5253890960248331,1.5673251134698225,0.5191053710955218,0.1592960545221395,0.7562705273331837,0.414676186071458,0.1386691145826611,0.1044291850240637,0.4336615939568261,0.0656261960162652,0.2280823255616698,0.2122885040011273,1.7320508075688772,0.0,0,0,3,0,0.0035469210310239,0.0167111770230476,0.015026094278113,8844.185907706433
ens_champion_segmented6,valid_2025_12,2025-12-20,1,48,68,7.967676278282973,8969.184795655963,286.32256535739,False,7.967676278282973,48,68,0.0,0,0,1,1,12,5,1,3.175750638711206,0.0765144859825374,0.2745613406701577,1.3909052933728214,0.7670702871739467,2.301270895652872,0.5579894786896045,0.2417473140356143,1.0563496906767451,0.4141340289629334,0.0334150292582371,0.143855449726671,0.5757617640661253,0.0653224165007966,0.2295637464280872,0.3197210983146191,0.0,0.5773502691896257,0,1,0,0,0.0087657542284453,0.0207355511092446,0.0162972777407453,8969.184795655963
ens_champion_segmented6,valid_2025_12,2025-12-20,2,47,68,7.958910524054527,8969.184795655963,286.32256535739,False,7.967676278282973,48,68,0.008765754228445388,1,0,0,1,12,5,1,3.175750638711206,0.0765144859825374,0.2745613406701577,1.3909052933728214,0.7670702871739467,2.301270895652872,0.5579894786896045,0.2417473140356143,1.0563496906767451,0.4141340289629334,0.0334150292582371,0.143855449726671,0.5757617640661253,0.0653224165007966,0.2295637464280872,0.3197210983146191,0.0,0.5773502691896257,0,1,0,0,0.0087657542284453,0.0207355511092446,0.0162972777407453,8969.184795655963
ens_champion_segmented6,valid_2025_12,2025-12-20,3,49,68,7.946498254023094,8969.184795655963,286.32256535739,False,7.967676278282973,48,68,0.02117802425987847,1,0,0,1,12,5,1,3.175750638711206,0.0765144859825374,0.2745613406701577,1.3909052933728214,0.7670702871739467,2.301270895652872,0.5579894786896045,0.2417473140356143,1.0563496906767451,0.4141340289629334,0.0334150292582371,0.143855449726671,0.5757617640661253,0.0653224165007966,0.2295637464280872,0.3197210983146191,0.0,0.5773502691896257,0,1,0,0,0.0087657542284453,0.0207355511092446,0.0162972777407453,8969.184795655963
ens_champion_segmented6,valid_2025_12,2025-12-20,4,46,68,7.941628829085307,8969.184795655963,286.32256535739,False,7.967676278282973,48,68,0.026047449197665884,2,0,0,1,12,5,1,3.175750638711206,0.0765144859825374,0.2745613406701577,1.3909052933728214,0.7670702871739467,2.301270895652872,0.5579894786896045,0.2417473140356143,1.0563496906767451,0.4141340289629334,0.0334150292582371,0.143855449726671,0.5757617640661253,0.0653224165007966,0.2295637464280872,0.3197210983146191,0.0,0.5773502691896257,0,1,0,0,0.0087657542284453,0.0207355511092446,0.0162972777407453,8969.184795655963
ens_champion_segmented6,valid_2025_12,2025-12-20,5,50,68,7.919989750422737,8969.184795655963,286.32256535739,False,7.967676278282973,48,68,0.04768652786023608,2,0,0,1,12,5,1,3.175750638711206,0.0765144859825374,0.2745613406701577,1.3909052933728214,0.7670702871739467,2.301270895652872,0.5579894786896045,0.2417473140356143,1.0563496906767451,0.4141340289629334,0.0334150292582371,0.143855449726671,0.5757617640661253,0.0653224165007966,0.2295637464280872,0.3197210983146191,0.0,0.5773502691896257,0,1,0,0,0.0087657542284453,0.0207355511092446,0.0162972777407453,8969.184795655963
ens_champion_segmented6,valid_2025_12,2025-12-20,6,48,67,7.915065255690514,9252.211470149918,3.2958908634354884,False,7.967676278282973,48,68,0.05261102259245831,0,1,1,0,12,5,1,3.175750638711206,0.0765144859825374,0.2745613406701577,1.3909052933728214,0.7670702871739467,2.301270895652872,0.5579894786896045,0.2417473140356143,1.0563496906767451,0.4141340289629334,0.0334150292582371,0.143855449726671,0.5757617640661253,0.0653224165007966,0.2295637464280872,0.3197210983146191,0.0,0.5773502691896257,0,1,0,0,0.0087657542284453,0.0207355511092446,0.0162972777407453,9252.211470149918
ens_champion_segmented6,valid_2025_12,2025-12-20,7,47,67,7.906299501462069,9252.211470149918,3.2958908634354884,False,7.967676278282973,48,68,0.0613767768209037,1,1,0,0,12,5,1,3.175750638711206,0.0765144859825374,0.2745613406701577,1.3909052933728214,0.7670702871739467,2.301270895652872,0.5579894786896045,0.2417473140356143,1.0563496906767451,0.4141340289629334,0.0334150292582371,0.143855449726671,0.5757617640661253,0.0653224165007966,0.2295637464280872,0.3197210983146191,0.0,0.5773502691896257,0,1,0,0,0.0087657542284453,0.0207355511092446,0.0162972777407453,9252.211470149918
ens_champion_segmented6,valid_2025_12,2025-12-20,8,45,68,7.903768906988656,8969.184795655963,286.32256535739,False,7.967676278282973,48,68,0.06390737129431656,3,0,0,1,12,5,1,3.175750638711206,0.0765144859825374,0.2745613406701577,1.3909052933728214,0.7670702871739467,2.301270895652872,0.5579894786896045,0.2417473140356143,1.0563496906767451,0.4141340289629334,0.0334150292582371,0.143855449726671,0.5757617640661253,0.0653224165007966,0.2295637464280872,0.3197210983146191,0.0,0.5773502691896257,0,1,0,0,0.0087657542284453,0.0207355511092446,0.0162972777407453,8969.184795655963
ens_champion_segmented6,valid_2025_12,2025-12-20,9,51,68,7.898982962441089,8969.184795655963,286.32256535739,False,7.967676278282973,48,68,0.06869331584188387,3,0,0,1,12,5,1,3.175750638711206,0.0765144859825374,0.2745613406701577,1.3909052933728214,0.7670702871739467,2.301270895652872,0.5579894786896045,0.2417473140356143,1.0563496906767451,0.4141340289629334,0.0334150292582371,0.143855449726671,0.5757617640661253,0.0653224165007966,0.2295637464280872,0.3197210983146191,0.0,0.5773502691896257,0,1,0,0,0.0087657542284453,0.0207355511092446,0.0162972777407453,8969.184795655963
ens_champion_segmented6,valid_2025_12,2025-12-20,10,49,67,7.893887231430636,9252.211470149918,3.2958908634354884,False,7.967676278282973,48,68,0.07378904685233678,1,1,0,0,12,5,1,3.175750638711206,0.0765144859825374,0.2745613406701577,1.3909052933728214,0.7670702871739467,2.301270895652872,0.5579894786896045,0.2417473140356143,1.0563496906767451,0.4141340289629334,0.0334150292582371,0.143855449726671,0.5757617640661253,0.0653224165007966,0.2295637464280872,0.3197210983146191,0.0,0.5773502691896257,0,1,0,0,0.0087657542284453,0.0207355511092446,0.0162972777407453,9252.211470149918
ens_champion_segmented6,valid_2025_12,2025-12-21,1,48,68,5.901462472174458,5987.322977807017,1018.0357879374296,False,5.901462472174458,48,68,0.0,0,0,1,1,12,6,1,3.1588460868048585,0.0746806286355161,0.292219777384608,1.172417846288685,0.6552511977217419,1.8992932043785904,0.6204289390644668,0.2103115844341156,1.0478016547078637,0.4774163924282431,0.0298915644850388,0.1430125466362238,0.5798250109825743,0.0574026418227393,0.2371985337585627,0.1706062583759168,0.0,0.0,0,0,0,0,0.0028333211146147,0.0147981060919724,0.0148161740053346,5987.322977807017
ens_champion_segmented6,valid_2025_12,2025-12-21,2,47,68,5.898629151059843,5987.322977807017,1018.0357879374296,False,5.901462472174458,48,68,0.002833321114614762,1,0,0,1,12,6,1,3.1588460868048585,0.0746806286355161,0.292219777384608,1.172417846288685,0.6552511977217419,1.8992932043785904,0.6204289390644668,0.2103115844341156,1.0478016547078637,0.4774163924282431,0.0298915644850388,0.1430125466362238,0.5798250109825743,0.0574026418227393,0.2371985337585627,0.1706062583759168,0.0,0.0,0,0,0,0,0.0028333211146147,0.0147981060919724,0.0148161740053346,5987.322977807017
ens_champion_segmented6,valid_2025_12,2025-12-21,3,46,68,5.8904915005221845,5987.322977807017,1018.0357879374296,False,5.901462472174458,48,68,0.010970971652273676,2,0,0,1,12,6,1,3.1588460868048585,0.0746806286355161,0.292219777384608,1.172417846288685,0.6552511977217419,1.8992932043785904,0.6204289390644668,0.2103115844341156,1.0478016547078637,0.4774163924282431,0.0298915644850388,0.1430125466362238,0.5798250109825743,0.0574026418227393,0.2371985337585627,0.1706062583759168,0.0,0.0,0,0,0,0,0.0028333211146147,0.0147981060919724,0.0148161740053346,5987.322977807017
ens_champion_segmented6,valid_2025_12,2025-12-21,4,45,68,5.882615091386832,5987.322977807017,1018.0357879374296,False,5.901462472174458,48,68,0.018847380787626378,3,0,0,1,12,6,1,3.1588460868048585,0.0746806286355161,0.292219777384608,1.172417846288685,0.6552511977217419,1.8992932043785904,0.6204289390644668,0.2103115844341156,1.0478016547078637,0.4774163924282431,0.0298915644850388,0.1430125466362238,0.5798250109825743,0.0574026418227393,0.2371985337585627,0.1706062583759168,0.0,0.0,0,0,0,0,0.0028333211146147,0.0147981060919724,0.0148161740053346,5987.322977807017
ens_champion_segmented6,valid_2025_12,2025-12-21,5,49,68,5.86012361526911,5987.322977807017,1018.0357879374296,False,5.901462472174458,48,68,0.04133885690534811,1,0,0,1,12,6,1,3.1588460868048585,0.0746806286355161,0.292219777384608,1.172417846288685,0.6552511977217419,1.8992932043785904,0.6204289390644668,0.2103115844341156,1.0478016547078637,0.4774163924282431,0.0298915644850388,0.1430125466362238,0.5798250109825743,0.0574026418227393,0.2371985337585627,0.1706062583759168,0.0,0.0,0,0,0,0,0.0028333211146147,0.0147981060919724,0.0148161740053346,5987.322977807017
ens_champion_segmented6,valid_2025_12,2025-12-21,6,44,68,5.832485259631863,5987.322977807017,1018.0357879374296,False,5.901462472174458,48,68,0.06897721254259537,4,0,0,1,12,6,1,3.1588460868048585,0.0746806286355161,0.292219777384608,1.172417846288685,0.6552511977217419,1.8992932043785904,0.6204289390644668,0.2103115844341156,1.0478016547078637,0.4774163924282431,0.0298915644850388,0.1430125466362238,0.5798250109825743,0.0574026418227393,0.2371985337585627,0.1706062583759168,0.0,0.0,0,0,0,0,0.0028333211146147,0.0147981060919724,0.0148161740053346,5987.322977807017
ens_champion_segmented6,valid_2025_12,2025-12-21,7,50,68,5.831442966797237,5987.322977807017,1018.0357879374296,False,5.901462472174458,48,68,0.07001950537722124,2,0,0,1,12,6,1,3.1588460868048585,0.0746806286355161,0.292219777384608,1.172417846288685,0.6552511977217419,1.8992932043785904,0.6204289390644668,0.2103115844341156,1.0478016547078637,0.4774163924282431,0.0298915644850388,0.1430125466362238,0.5798250109825743,0.0574026418227393,0.2371985337585627,0.1706062583759168,0.0,0.0,0,0,0,0,0.0028333211146147,0.0147981060919724,0.0148161740053346,5987.322977807017
ens_champion_segmented6,valid_2025_12,2025-12-21,8,48,67,5.82259331073881,5923.695741060928,1081.663024683519,False,5.901462472174458,48,68,0.07886916143564804,0,1,1,0,12,6,1,3.1588460868048585,0.0746806286355161,0.292219777384608,1.172417846288685,0.6552511977217419,1.8992932043785904,0.6204289390644668,0.2103115844341156,1.0478016547078637,0.4774163924282431,0.0298915644850388,0.1430125466362238,0.5798250109825743,0.0574026418227393,0.2371985337585627,0.1706062583759168,0.0,0.0,0,0,0,0,0.0028333211146147,0.0147981060919724,0.0148161740053346,5923.695741060928
ens_champion_segmented6,valid_2025_12,2025-12-21,9,47,67,5.819759989624195,5923.695741060928,1081.663024683519,False,5.901462472174458,48,68,0.0817024825502628,1,1,0,0,12,6,1,3.1588460868048585,0.0746806286355161,0.292219777384608,1.172417846288685,0.6552511977217419,1.8992932043785904,0.6204289390644668,0.2103115844341156,1.0478016547078637,0.4774163924282431,0.0298915644850388,0.1430125466362238,0.5798250109825743,0.0574026418227393,0.2371985337585627,0.1706062583759168,0.0,0.0,0,0,0,0,0.0028333211146147,0.0147981060919724,0.0148161740053346,5923.695741060928
ens_champion_segmented6,valid_2025_12,2025-12-21,10,46,67,5.8116223390865365,5923.695741060928,1081.663024683519,False,5.901462472174458,48,68,0.08984013308792171,2,1,0,0,12,6,1,3.1588460868048585,0.0746806286355161,0.292219777384608,1.172417846288685,0.6552511977217419,1.8992932043785904,0.6204289390644668,0.2103115844341156,1.0478016547078637,0.4774163924282431,0.0298915644850388,0.1430125466362238,0.5798250109825743,0.0574026418227393,0.2371985337585627,0.1706062583759168,0.0,0.0,0,0,0,0,0.0028333211146147,0.0147981060919724,0.0148161740053346,5923.695741060928
ens_champion_segmented6,valid_2025_12,2025-12-22,1,49,70,3.93843613197058,2085.427223418804,2662.930293659172,False,3.93843613197058,49,70,0.0,0,0,1,1,12,0,0,3.1799500400754126,0.0855856975224854,0.336302753233312,1.1029141815243313,0.4785366605352487,1.562328435090535,0.6420228008479619,0.1536778273432864,0.9553804636690671,0.539432727696719,0.0724828259618908,0.1025900731512429,0.4416510105323085,0.067354604733981,0.2234494689370898,0.5644464961510153,0.0,0.5773502691896257,0,0,0,1,0.0207116907498345,0.0220332867814874,0.0127377165582842,2085.427223418804
ens_champion_segmented6,valid_2025_12,2025-12-22,2,50,70,3.917724441220745,2329.9371501485134,2418.4203669294625,False,3.93843613197058,49,70,0.020711690749835032,1,0,0,1,12,0,0,3.1799500400754126,0.0855856975224854,0.336302753233312,1.1029141815243313,0.4785366605352487,1.562328435090535,0.6420228008479619,0.1536778273432864,0.9553804636690671,0.539432727696719,0.0724828259618908,0.1025900731512429,0.4416510105323085,0.067354604733981,0.2234494689370898,0.5644464961510153,0.0,0.5773502691896257,0,0,0,1,0.0207116907498345,0.0220332867814874,0.0127377165582842,2329.9371501485134
ens_champion_segmented6,valid_2025_12,2025-12-22,3,49,69,3.916124830796543,2320.847999379335,2427.509517698641,False,3.93843613197058,49,70,0.022311301174037013,0,1,1,0,12,0,0,3.1799500400754126,0.0855856975224854,0.336302753233312,1.1029141815243313,0.4785366605352487,1.562328435090535,0.6420228008479619,0.1536778273432864,0.9553804636690671,0.539432727696719,0.0724828259618908,0.1025900731512429,0.4416510105323085,0.067354604733981,0.2234494689370898,0.5644464961510153,0.0,0.5773502691896257,0,0,0,1,0.0207116907498345,0.0220332867814874,0.0127377165582842,2320.847999379335
ens_champion_segmented6,valid_2025_12,2025-12-22,4,49,71,3.910235004664633,2899.8558537687486,1848.5016633092275,False,3.93843613197058,49,70,0.02820112730594726,0,1,1,0,12,0,0,3.1799500400754126,0.0855856975224854,0.336302753233312,1.1029141815243313,0.4785366605352487,1.562328435090535,0.6420228008479619,0.1536778273432864,0.9553804636690671,0.539432727696719,0.0724828259618908,0.1025900731512429,0.4416510105323085,0.067354604733981,0.2234494689370898,0.5644464961510153,0.0,0.5773502691896257,0,0,0,1,0.0207116907498345,0.0220332867814874,0.0127377165582842,2899.8558537687486
ens_champion_segmented6,valid_2025_12,2025-12-22,5,48,70,3.89949381729296,2107.696756279935,2640.660760798041,False,3.93843613197058,49,70,0.038942314677619994,1,0,0,1,12,0,0,3.1799500400754126,0.0855856975224854,0.336302753233312,1.1029141815243313,0.4785366605352487,1.562328435090535,0.6420228008479619,0.1536778273432864,0.9553804636690671,0.539432727696719,0.0724828259618908,0.1025900731512429,0.4416510105323085,0.067354604733981,0.2234494689370898,0.5644464961510153,0.0,0.5773502691896257,0,0,0,1,0.0207116907498345,0.0220332867814874,0.0127377165582842,2107.696756279935
ens_champion_segmented6,valid_2025_12,2025-12-22,6,50,69,3.895413140046708,2565.3579261090445,2182.9995909689314,False,3.93843613197058,49,70,0.043022991923872045,1,1,0,0,12,0,0,3.1799500400754126,0.0855856975224854,0.336302753233312,1.1029141815243313,0.4785366605352487,1.562328435090535,0.6420228008479619,0.1536778273432864,0.9553804636690671,0.539432727696719,0.0724828259618908,0.1025900731512429,0.4416510105323085,0.067354604733981,0.2234494689370898,0.5644464961510153,0.0,0.5773502691896257,0,0,0,1,0.0207116907498345,0.0220332867814874,0.0127377165582842,2565.3579261090445
ens_champion_segmented6,valid_2025_12,2025-12-22,7,50,71,3.889523313914799,3144.365780498458,1603.9917365795177,False,3.93843613197058,49,70,0.04891281805578096,1,1,0,0,12,0,0,3.1799500400754126,0.0855856975224854,0.336302753233312,1.1029141815243313,0.4785366605352487,1.562328435090535,0.6420228008479619,0.1536778273432864,0.9553804636690671,0.539432727696719,0.0724828259618908,0.1025900731512429,0.4416510105323085,0.067354604733981,0.2234494689370898,0.5644464961510153,0.0,0.5773502691896257,0,0,0,1,0.0207116907498345,0.0220332867814874,0.0127377165582842,3144.365780498458
ens_champion_segmented6,valid_2025_12,2025-12-22,8,51,70,3.888341798897647,2845.317767791838,1903.039749286138,False,3.93843613197058,49,70,0.05009433307293287,2,0,0,1,12,0,0,3.1799500400754126,0.0855856975224854,0.336302753233312,1.1029141815243313,0.4785366605352487,1.562328435090535,0.6420228008479619,0.1536778273432864,0.9553804636690671,0.539432727696719,0.0724828259618908,0.1025900731512429,0.4416510105323085,0.067354604733981,0.2234494689370898,0.5644464961510153,0.0,0.5773502691896257,0,0,0,1,0.0207116907498345,0.0220332867814874,0.0127377165582842,2845.317767791838
ens_champion_segmented6,valid_2025_12,2025-12-22,9,48,69,3.877182516118923,2343.117532240466,2405.23998483751,False,3.93843613197058,49,70,0.061253615851657006,1,1,0,0,12,0,0,3.1799500400754126,0.0855856975224854,0.336302753233312,1.1029141815243313,0.4785366605352487,1.562328435090535,0.6420228008479619,0.1536778273432864,0.9553804636690671,0.539432727696719,0.0724828259618908,0.1025900731512429,0.4416510105323085,0.067354604733981,0.2234494689370898,0.5644464961510153,0.0,0.5773502691896257,0,0,0,1,0.0207116907498345,0.0220332867814874,0.0127377165582842,2343.117532240466
ens_champion_segmented6,valid_2025_12,2025-12-22,10,48,71,3.8712926899870137,2922.12538662988,1826.232130448096,False,3.93843613197058,49,70,0.06714344198356637,1,1,0,0,12,0,0,3.1799500400754126,0.0855856975224854,0.336302753233312,1.1029141815243313,0.4785366605352487,1.562328435090535,0.6420228008479619,0.1536778273432864,0.9553804636690671,0.539432727696719,0.0724828259618908,0.1025900731512429,0.4416510105323085,0.067354604733981,0.2234494689370898,0.5644464961510153,0.0,0.5773502691896257,0,0,0,1,0.0207116907498345,0.0220332867814874,0.0127377165582842,2922.12538662988
ens_champion_segmented6,valid_2025_12,2025-12-23,1,13,69,10.495235541328164,8829.761613136094,1605.1052132225832,False,10.495235541328164,13,69,0.0,0,0,1,1,12,1,0,3.170326831991513,0.0745766191071655,0.2968833438719436,1.4254874432324922,0.5533383548677113,1.843500819561611,0.5444298988297446,0.1727438217584191,0.857163698033727,0.3986627186288415,0.1406551531710496,0.1457671802009029,0.588214556214902,0.0675699197491949,0.206633092288431,0.3043638440762668,4.041451884327381,0.0,0,0,7,0,0.0109869178783359,0.0329353816355109,0.0229389060093093,8829.761613136094
ens_champion_segmented6,valid_2025_12,2025-12-23,2,12,69,10.48424862344983,9088.657658094096,1346.2091682645823,False,10.495235541328164,13,69,0.010986917878334168,1,0,0,1,12,1,0,3.170326831991513,0.0745766191071655,0.2968833438719436,1.4254874432324922,0.5533383548677113,1.843500819561611,0.5444298988297446,0.1727438217584191,0.857163698033727,0.3986627186288415,0.1406551531710496,0.1457671802009029,0.588214556214902,0.0675699197491949,0.206633092288431,0.3043638440762668,4.041451884327381,0.0,0,0,7,0,0.0109869178783359,0.0329353816355109,0.0229389060093093,9088.657658094096
ens_champion_segmented6,valid_2025_12,2025-12-23,3,13,68,10.449596990870528,8997.788419935168,1437.0784064235086,False,10.495235541328164,13,69,0.04563855045763532,0,1,1,0,12,1,0,3.170326831991513,0.0745766191071655,0.2968833438719436,1.4254874432324922,0.5533383548677113,1.843500819561611,0.5444298988297446,0.1727438217584191,0.857163698033727,0.3986627186288415,0.1406551531710496,0.1457671802009029,0.588214556214902,0.0675699197491949,0.206633092288431,0.3043638440762668,4.041451884327381,0.0,0,0,7,0,0.0109869178783359,0.0329353816355109,0.0229389060093093,8997.788419935168
ens_champion_segmented6,valid_2025_12,2025-12-23,4,11,69,10.443809569822564,9112.676939965742,1322.1898863929346,False,10.495235541328164,13,69,0.05142597150559958,2,0,0,1,12,1,0,3.170326831991513,0.0745766191071655,0.2968833438719436,1.4254874432324922,0.5533383548677113,1.843500819561611,0.5444298988297446,0.1727438217584191,0.857163698033727,0.3986627186288415,0.1406551531710496,0.1457671802009029,0.588214556214902,0.0675699197491949,0.206633092288431,0.3043638440762668,4.041451884327381,0.0,0,0,7,0,0.0109869178783359,0.0329353816355109,0.0229389060093093,9112.676939965742
ens_champion_segmented6,valid_2025_12,2025-12-23,5,12,68,10.43861007299219,9256.68446489317,1178.1823614655077,False,10.495235541328164,13,69,0.05662546833597304,1,1,0,0,12,1,0,3.170326831991513,0.0745766191071655,0.2968833438719436,1.4254874432324922,0.5533383548677113,1.843500819561611,0.5444298988297446,0.1727438217584191,0.857163698033727,0.3986627186288415,0.1406551531710496,0.1457671802009029,0.588214556214902,0.0675699197491949,0.206633092288431,0.3043638440762668,4.041451884327381,0.0,0,0,7,0,0.0109869178783359,0.0329353816355109,0.0229389060093093,9256.68446489317
ens_champion_segmented6,valid_2025_12,2025-12-23,6,11,68,10.398171019364923,9280.70374676482,1154.163079593858,False,10.495235541328164,13,69,0.09706452196324022,2,1,0,0,12,1,0,3.170326831991513,0.0745766191071655,0.2968833438719436,1.4254874432324922,0.5533383548677113,1.843500819561611,0.5444298988297446,0.1727438217584191,0.857163698033727,0.3986627186288415,0.1406551531710496,0.1457671802009029,0.588214556214902,0.0675699197491949,0.206633092288431,0.3043638440762668,4.041451884327381,0.0,0,0,7,0,0.0109869178783359,0.0329353816355109,0.0229389060093093,9280.70374676482
ens_champion_segmented6,valid_2025_12,2025-12-23,7,10,69,10.39747950405798,9062.185546245884,1372.6812801127926,False,10.495235541328164,13,69,0.09775603727018378,3,0,0,1,12,1,0,3.170326831991513,0.0745766191071655,0.2968833438719436,1.4254874432324922,0.5533383548677113,1.843500819561611,0.5444298988297446,0.1727438217584191,0.857163698033727,0.3986627186288415,0.1406551531710496,0.1457671802009029,0.588214556214902,0.0675699197491949,0.206633092288431,0.3043638440762668,4.041451884327381,0.0,0,0,7,0,0.0109869178783359,0.0329353816355109,0.0229389060093093,9062.185546245884
ens_champion_segmented6,valid_2025_12,2025-12-23,8,13,70,10.385576968851348,8861.575231509141,1573.2915948495356,False,10.495235541328164,13,69,0.10965857247681576,0,1,1,0,12,1,0,3.170326831991513,0.0745766191071655,0.2968833438719436,1.4254874432324922,0.5533383548677113,1.843500819561611,0.5444298988297446,0.1727438217584191,0.857163698033727,0.3986627186288415,0.1406551531710496,0.1457671802009029,0.588214556214902,0.0675699197491949,0.206633092288431,0.3043638440762668,4.041451884327381,0.0,0,0,7,0,0.0109869178783359,0.0329353816355109,0.0229389060093093,8861.575231509141
ens_champion_segmented6,valid_2025_12,2025-12-23,9,12,70,10.374590050973012,9120.47127646714,1314.3955498915366,False,10.495235541328164,13,69,0.12064549035515171,1,1,0,0,12,1,0,3.170326831991513,0.0745766191071655,0.2968833438719436,1.4254874432324922,0.5533383548677113,1.843500819561611,0.5444298988297446,0.1727438217584191,0.857163698033727,0.3986627186288415,0.1406551531710496,0.1457671802009029,0.588214556214902,0.0675699197491949,0.206633092288431,0.3043638440762668,4.041451884327381,0.0,0,0,7,0,0.0109869178783359,0.0329353816355109,0.0229389060093093,9120.47127646714
ens_champion_segmented6,valid_2025_12,2025-12-23,10,13,67,10.361730819733909,9252.297366919527,1182.5694594391498,False,10.495235541328164,13,69,0.13350472159425486,0,2,1,0,12,1,0,3.170326831991513,0.0745766191071655,0.2968833438719436,1.4254874432324922,0.5533383548677113,1.843500819561611,0.5444298988297446,0.1727438217584191,0.857163698033727,0.3986627186288415,0.1406551531710496,0.1457671802009029,0.588214556214902,0.0675699197491949,0.206633092288431,0.3043638440762668,4.041451884327381,0.0,0,0,7,0,0.0109869178783359,0.0329353816355109,0.0229389060093093,9252.297366919527
ens_champion_segmented6,valid_2025_12,2025-12-24,1,48,75,9.598680973793808,8058.854012720475,1766.648404597222,False,9.598680973793808,48,75,0.0,0,0,1,1,12,2,0,3.2025323234682133,0.0768020530572597,0.3013786011928179,1.4484300791805147,0.7684064758489575,2.384733307435911,0.5457989158580756,0.2343683332756715,1.007503903112563,0.4011281592967761,0.0699053305130133,0.1446707565612996,0.5817630769508312,0.0668866145802286,0.2030681081965032,0.3902944249375538,0.0,7.505553499465135,0,0,0,13,0.016122829001917,0.0262647431030345,0.0188210203727738,8058.854012720475
ens_champion_segmented6,valid_2025_12,2025-12-24,2,47,75,9.582558144791893,8058.854012720475,1766.648404597222,False,9.598680973793808,48,75,0.016122829001915306,1,0,0,1,12,2,0,3.2025323234682133,0.0768020530572597,0.3013786011928179,1.4484300791805147,0.7684064758489575,2.384733307435911,0.5457989158580756,0.2343683332756715,1.007503903112563,0.4011281592967761,0.0699053305130133,0.1446707565612996,0.5817630769508312,0.0668866145802286,0.2030681081965032,0.3902944249375538,0.0,7.505553499465135,0,0,0,13,0.016122829001917,0.0262647431030345,0.0188210203727738,8058.854012720475
ens_champion_segmented6,valid_2025_12,2025-12-24,3,49,75,9.577530730926329,8058.854012720475,1766.648404597222,False,9.598680973793808,48,75,0.021150242867479463,1,0,0,1,12,2,0,3.2025323234682133,0.0768020530572597,0.3013786011928179,1.4484300791805147,0.7684064758489575,2.384733307435911,0.5457989158580756,0.2343683332756715,1.007503903112563,0.4011281592967761,0.0699053305130133,0.1446707565612996,0.5817630769508312,0.0668866145802286,0.2030681081965032,0.3902944249375538,0.0,7.505553499465135,0,0,0,13,0.016122829001917,0.0262647431030345,0.0188210203727738,8058.854012720475
ens_champion_segmented6,valid_2025_12,2025-12-24,4,50,75,9.55837493456777,8058.854012720475,1766.648404597222,False,9.598680973793808,48,75,0.04030603922603859,2,0,0,1,12,2,0,3.2025323234682133,0.0768020530572597,0.3013786011928179,1.4484300791805147,0.7684064758489575,2.384733307435911,0.5457989158580756,0.2343683332756715,1.007503903112563,0.4011281592967761,0.0699053305130133,0.1446707565612996,0.5817630769508312,0.0668866145802286,0.2030681081965032,0.3902944249375538,0.0,7.505553499465135,0,0,0,13,0.016122829001917,0.0262647431030345,0.0188210203727738,8058.854012720475
ens_champion_segmented6,valid_2025_12,2025-12-24,5,46,75,9.544936369374064,8058.854012720475,1766.648404597222,False,9.598680973793808,48,75,0.05374460441974449,2,0,0,1,12,2,0,3.2025323234682133,0.0768020530572597,0.3013786011928179,1.4484300791805147,0.7684064758489575,2.384733307435911,0.5457989158580756,0.2343683332756715,1.007503903112563,0.4011281592967761,0.0699053305130133,0.1446707565612996,0.5817630769508312,0.0668866145802286,0.2030681081965032,0.3902944249375538,0.0,7.505553499465135,0,0,0,13,0.016122829001917,0.0262647431030345,0.0188210203727738,8058.854012720475
ens_champion_segmented6,valid_2025_12,2025-12-24,6,48,76,9.534764185890076,8249.735722958743,1575.7666943589538,False,9.598680973793808,48,75,0.06391678790373234,0,1,1,0,12,2,0,3.2025323234682133,0.0768020530572597,0.3013786011928179,1.4484300791805147,0.7684064758489575,2.384733307435911,0.5457989158580756,0.2343683332756715,1.007503903112563,0.4011281592967761,0.0699053305130133,0.1446707565612996,0.5817630769508312,0.0668866145802286,0.2030681081965032,0.3902944249375538,0.0,7.505553499465135,0,0,0,13,0.016122829001917,0.0262647431030345,0.0188210203727738,8249.735722958743
ens_champion_segmented6,valid_2025_12,2025-12-24,7,51,75,9.533677295695208,8058.854012720475,1766.648404597222,False,9.598680973793808,48,75,0.0650036780986003,3,0,0,1,12,2,0,3.2025323234682133,0.0768020530572597,0.3013786011928179,1.4484300791805147,0.7684064758489575,2.384733307435911,0.5457989158580756,0.2343683332756715,1.007503903112563,0.4011281592967761,0.0699053305130133,0.1446707565612996,0.5817630769508312,0.0668866145802286,0.2030681081965032,0.3902944249375538,0.0,7.505553499465135,0,0,0,13,0.016122829001917,0.0262647431030345,0.0188210203727738,8058.854012720475
ens_champion_segmented6,valid_2025_12,2025-12-24,8,48,74,9.53082183798578,8154.29486783961,1671.2075494780877,False,9.598680973793808,48,75,0.06785913580802827,0,1,1,0,12,2,0,3.2025323234682133,0.0768020530572597,0.3013786011928179,1.4484300791805147,0.7684064758489575,2.384733307435911,0.5457989158580756,0.2343683332756715,1.007503903112563,0.4011281592967761,0.0699053305130133,0.1446707565612996,0.5817630769508312,0.0668866145802286,0.2030681081965032,0.3902944249375538,0.0,7.505553499465135,0,0,0,13,0.016122829001917,0.0262647431030345,0.0188210203727738,8154.29486783961
ens_champion_segmented6,valid_2025_12,2025-12-24,9,45,75,9.52727705147655,8023.859032510126,1801.6433848075712,False,9.598680973793808,48,75,0.07140392231725734,3,0,0,1,12,2,0,3.2025323234682133,0.0768020530572597,0.3013786011928179,1.4484300791805147,0.7684064758489575,2.384733307435911,0.5457989158580756,0.2343683332756715,1.007503903112563,0.4011281592967761,0.0699053305130133,0.1446707565612996,0.5817630769508312,0.0668866145802286,0.2030681081965032,0.3902944249375538,0.0,7.505553499465135,0,0,0,13,0.016122829001917,0.0262647431030345,0.0188210203727738,8023.859032510126
ens_champion_segmented6,valid_2025_12,2025-12-24,10,47,76,9.51864135688816,8249.735722958743,1575.7666943589538,False,9.598680973793808,48,75,0.08003961690564765,1,1,0,0,12,2,0,3.2025323234682133,0.0768020530572597,0.3013786011928179,1.4484300791805147,0.7684064758489575,2.384733307435911,0.5457989158580756,0.2343683332756715,1.007503903112563,0.4011281592967761,0.0699053305130133,0.1446707565612996,0.5817630769508312,0.0668866145802286,0.2030681081965032,0.3902944249375538,0.0,7.505553499465135,0,0,0,13,0.016122829001917,0.0262647431030345,0.0188210203727738,8249.735722958743
ens_champion_segmented6,valid_2025_12,2025-12-25,1,48,69,11.202753792994862,11001.750510786114,93.57975844430985,False,11.202753792994862,48,69,0.0,0,0,1,1,12,3,0,3.181338006291881,0.0711528519764714,0.2706201010222142,1.6034913418672636,0.8071287737955942,2.5729667727640435,0.4877944246174322,0.2527376526229206,0.9847255014378388,0.3404978596694865,0.0671384231877658,0.1472965649479456,0.5876607693453658,0.0673230572590202,0.2063774247665053,0.1448447285469109,0.0,0.0,0,0,0,0,0.0122275961530533,0.0161704192465421,0.0093887196227377,11001.750510786114
ens_champion_segmented6,valid_2025_12,2025-12-25,2,47,69,11.190526196841809,10632.171706146455,463.15856308396906,False,11.202753792994862,48,69,0.012227596153053355,1,0,0,1,12,3,0,3.181338006291881,0.0711528519764714,0.2706201010222142,1.6034913418672636,0.8071287737955942,2.5729667727640435,0.4877944246174322,0.2527376526229206,0.9847255014378388,0.3404978596694865,0.0671384231877658,0.1472965649479456,0.5876607693453658,0.0673230572590202,0.2063774247665053,0.1448447285469109,0.0,0.0,0,0,0,0,0.0122275961530533,0.0161704192465421,0.0093887196227377,10632.171706146455
ens_champion_segmented6,valid_2025_12,2025-12-25,3,49,69,11.183832858544385,11024.39226298221,70.93800624821415,False,11.202753792994862,48,69,0.01892093445047749,1,0,0,1,12,3,0,3.181338006291881,0.0711528519764714,0.2706201010222142,1.6034913418672636,0.8071287737955942,2.5729667727640435,0.4877944246174322,0.2527376526229206,0.9847255014378388,0.3404978596694865,0.0671384231877658,0.1472965649479456,0.5876607693453658,0.0673230572590202,0.2063774247665053,0.1448447285469109,0.0,0.0,0,0,0,0,0.0122275961530533,0.0161704192465421,0.0093887196227377,11024.39226298221
ens_champion_segmented6,valid_2025_12,2025-12-25,4,48,68,11.179547380583568,10969.93689241307,125.39337681735378,False,11.202753792994862,48,69,0.023206412411294508,0,1,1,0,12,3,0,3.181338006291881,0.0711528519764714,0.2706201010222142,1.6034913418672636,0.8071287737955942,2.5729667727640435,0.4877944246174322,0.2527376526229206,0.9847255014378388,0.3404978596694865,0.0671384231877658,0.1472965649479456,0.5876607693453658,0.0673230572590202,0.2063774247665053,0.1448447285469109,0.0,0.0,0,0,0,0,0.0122275961530533,0.0161704192465421,0.0093887196227377,10969.93689241307
ens_champion_segmented6,valid_2025_12,2025-12-25,5,46,69,11.176256639776977,10617.219305511124,478.11096371930034,False,11.202753792994862,48,69,0.026497153217885483,2,0,0,1,12,3,0,3.181338006291881,0.0711528519764714,0.2706201010222142,1.6034913418672636,0.8071287737955942,2.5729667727640435,0.4877944246174322,0.2527376526229206,0.9847255014378388,0.3404978596694865,0.0671384231877658,0.1472965649479456,0.5876607693453658,0.0673230572590202,0.2063774247665053,0.1448447285469109,0.0,0.0,0,0,0,0,0.0122275961530533,0.0161704192465421,0.0093887196227377,10617.219305511124
ens_champion_segmented6,valid_2025_12,2025-12-25,6,45,69,11.169392327563653,10594.644361913612,500.6859073168125,False,11.202753792994862,48,69,0.033361465431209325,3,0,0,1,12,3,0,3.181338006291881,0.0711528519764714,0.2706201010222142,1.6034913418672636,0.8071287737955942,2.5729667727640435,0.4877944246174322,0.2527376526229206,0.9847255014378388,0.3404978596694865,0.0671384231877658,0.1472965649479456,0.5876607693453658,0.0673230572590202,0.2063774247665053,0.1448447285469109,0.0,0.0,0,0,0,0,0.0122275961530533,0.0161704192465421,0.0093887196227377,10594.644361913612
ens_champion_segmented6,valid_2025_12,2025-12-25,7,47,68,11.167319784430514,10600.35808777341,494.9721814570148,False,11.202753792994862,48,69,0.03543400856434786,1,1,0,0,12,3,0,3.181338006291881,0.0711528519764714,0.2706201010222142,1.6034913418672636,0.8071287737955942,2.5729667727640435,0.4877944246174322,0.2527376526229206,0.9847255014378388,0.3404978596694865,0.0671384231877658,0.1472965649479456,0.5876607693453658,0.0673230572590202,0.2063774247665053,0.1448447285469109,0.0,0.0,0,0,0,0,0.0122275961530533,0.0161704192465421,0.0093887196227377,10600.35808777341
ens_champion_segmented6,valid_2025_12,2025-12-25,8,44,69,11.16165840342996,10570.31012522007,525.0201440103538,False,11.202753792994862,48,69,0.04109538956490155,4,0,0,1,12,3,0,3.181338006291881,0.0711528519764714,0.2706201010222142,1.6034913418672636,0.8071287737955942,2.5729667727640435,0.4877944246174322,0.2527376526229206,0.9847255014378388,0.3404978596694865,0.0671384231877658,0.1472965649479456,0.5876607693453658,0.0673230572590202,0.2063774247665053,0.1448447285469109,0.0,0.0,0,0,0,0,0.0122275961530533,0.0161704192465421,0.0093887196227377,10570.31012522007
ens_champion_segmented6,valid_2025_12,2025-12-25,9,49,68,11.16062644613309,10992.578644609168,102.75162462125628,False,11.202753792994862,48,69,0.042127346861772,1,1,0,0,12,3,0,3.181338006291881,0.0711528519764714,0.2706201010222142,1.6034913418672636,0.8071287737955942,2.5729667727640435,0.4877944246174322,0.2527376526229206,0.9847255014378388,0.3404978596694865,0.0671384231877658,0.1472965649479456,0.5876607693453658,0.0673230572590202,0.2063774247665053,0.1448447285469109,0.0,0.0,0,0,0,0,0.0122275961530533,0.0161704192465421,0.0093887196227377,10992.578644609168
ens_champion_segmented6,valid_2025_12,2025-12-25,10,42,69,11.159903870209476,10547.852892010536,547.4773772198878,False,11.202753792994862,48,69,0.04284992278538624,6,0,0,1,12,3,0,3.181338006291881,0.0711528519764714,0.2706201010222142,1.6034913418672636,0.8071287737955942,2.5729667727640435,0.4877944246174322,0.2527376526229206,0.9847255014378388,0.3404978596694865,0.0671384231877658,0.1472965649479456,0.5876607693453658,0.0673230572590202,0.2063774247665053,0.1448447285469109,0.0,0.0,0,0,0,0,0.0122275961530533,0.0161704192465421,0.0093887196227377,10547.852892010536
ens_champion_segmented6,valid_2025_12,2025-12-26,1,50,68,10.07207425649031,4423.5054785089815,2923.114790161283,False,10.07207425649031,50,68,0.0,0,0,1,1,12,4,0,3.18767947783322,0.0720023464337897,0.2838043190615975,1.754228943688006,0.6480710270911327,2.0463989223057832,0.442165433659378,0.202350265029085,0.8598964124839488,0.3244270122845352,0.0499912673027165,0.1177384213748427,0.4891243145457629,0.0671926920128377,0.2048307628280687,0.1254669469353631,0.0,11.547005383792516,0,0,0,20,0.0051255687525113,0.0142642913784296,0.0119808508409839,4423.5054785089815
ens_champion_segmented6,valid_2025_12,2025-12-26,2,50,69,10.0669486877378,4070.759259350498,3275.8610093197663,False,10.07207425649031,50,68,0.005125568752511356,0,1,1,0,12,4,0,3.18767947783322,0.0720023464337897,0.2838043190615975,1.754228943688006,0.6480710270911327,2.0463989223057832,0.442165433659378,0.202350265029085,0.8598964124839488,0.3244270122845352,0.0499912673027165,0.1177384213748427,0.4891243145457629,0.0671926920128377,0.2048307628280687,0.1254669469353631,0.0,11.547005383792516,0,0,0,20,0.0051255687525113,0.0142642913784296,0.0119808508409839,4070.759259350498
ens_champion_segmented6,valid_2025_12,2025-12-26,3,49,68,10.05883027134513,4797.767247773153,2548.8530208971115,False,10.07207425649031,50,68,0.013243985145180659,1,0,0,1,12,4,0,3.18767947783322,0.0720023464337897,0.2838043190615975,1.754228943688006,0.6480710270911327,2.0463989223057832,0.442165433659378,0.202350265029085,0.8598964124839488,0.3244270122845352,0.0499912673027165,0.1177384213748427,0.4891243145457629,0.0671926920128377,0.2048307628280687,0.1254669469353631,0.0,11.547005383792516,0,0,0,20,0.0051255687525113,0.0142642913784296,0.0119808508409839,4797.767247773153
ens_champion_segmented6,valid_2025_12,2025-12-26,4,49,69,10.05370470259262,4445.02102861467,2901.5992400555942,False,10.07207425649031,50,68,0.01836955389769024,1,1,0,0,12,4,0,3.18767947783322,0.0720023464337897,0.2838043190615975,1.754228943688006,0.6480710270911327,2.0463989223057832,0.442165433659378,0.202350265029085,0.8598964124839488,0.3244270122845352,0.0499912673027165,0.1177384213748427,0.4891243145457629,0.0671926920128377,0.2048307628280687,0.1254669469353631,0.0,11.547005383792516,0,0,0,20,0.0051255687525113,0.0142642913784296,0.0119808508409839,4445.02102861467
ens_champion_segmented6,valid_2025_12,2025-12-26,5,48,68,10.037491907393544,4916.960150369603,2429.660118300661,False,10.07207425649031,50,68,0.03458234909676605,2,0,0,1,12,4,0,3.18767947783322,0.0720023464337897,0.2838043190615975,1.754228943688006,0.6480710270911327,2.0463989223057832,0.442165433659378,0.202350265029085,0.8598964124839488,0.3244270122845352,0.0499912673027165,0.1177384213748427,0.4891243145457629,0.0671926920128377,0.2048307628280687,0.1254669469353631,0.0,11.547005383792516,0,0,0,20,0.0051255687525113,0.0142642913784296,0.0119808508409839,4916.960150369603
ens_champion_segmented6,valid_2025_12,2025-12-26,6,48,69,10.032366338641031,4564.21393121112,2782.406337459144,False,10.07207425649031,50,68,0.039707917849279184,2,1,0,0,12,4,0,3.18767947783322,0.0720023464337897,0.2838043190615975,1.754228943688006,0.6480710270911327,2.0463989223057832,0.442165433659378,0.202350265029085,0.8598964124839488,0.3244270122845352,0.0499912673027165,0.1177384213748427,0.4891243145457629,0.0671926920128377,0.2048307628280687,0.1254669469353631,0.0,11.547005383792516,0,0,0,20,0.0051255687525113,0.0142642913784296,0.0119808508409839,4564.21393121112
ens_champion_segmented6,valid_2025_12,2025-12-26,7,51,68,10.026928697743609,4358.678868350227,2987.941400320037,False,10.07207425649031,50,68,0.04514555874670201,1,0,0,1,12,4,0,3.18767947783322,0.0720023464337897,0.2838043190615975,1.754228943688006,0.6480710270911327,2.0463989223057832,0.442165433659378,0.202350265029085,0.8598964124839488,0.3244270122845352,0.0499912673027165,0.1177384213748427,0.4891243145457629,0.0671926920128377,0.2048307628280687,0.1254669469353631,0.0,11.547005383792516,0,0,0,20,0.0051255687525113,0.0142642913784296,0.0119808508409839,4358.678868350227
ens_champion_segmented6,valid_2025_12,2025-12-26,8,50,67,10.02303218592374,4479.192036109157,2867.4282325611075,False,10.07207425649031,50,68,0.04904207056657128,0,1,1,0,12,4,0,3.18767947783322,0.0720023464337897,0.2838043190615975,1.754228943688006,0.6480710270911327,2.0463989223057832,0.442165433659378,0.202350265029085,0.8598964124839488,0.3244270122845352,0.0499912673027165,0.1177384213748427,0.4891243145457629,0.0671926920128377,0.2048307628280687,0.1254669469353631,0.0,11.547005383792516,0,0,0,20,0.0051255687525113,0.0142642913784296,0.0119808508409839,4479.192036109157
ens_champion_segmented6,valid_2025_12,2025-12-26,9,51,69,10.021803128991095,4005.932649191745,3340.68761947852,False,10.07207425649031,50,68,0.05027112749921514,1,1,0,0,12,4,0,3.18767947783322,0.0720023464337897,0.2838043190615975,1.754228943688006,0.6480710270911327,2.0463989223057832,0.442165433659378,0.202350265029085,0.8598964124839488,0.3244270122845352,0.0499912673027165,0.1177384213748427,0.4891243145457629,0.0671926920128377,0.2048307628280687,0.1254669469353631,0.0,11.547005383792516,0,0,0,20,0.0051255687525113,0.0142642913784296,0.0119808508409839,4005.932649191745
ens_champion_segmented6,valid_2025_12,2025-12-26,10,49,67,10.00978820077856,4853.453805373329,2493.166463296936,False,10.07207425649031,50,68,0.062286055711750166,1,1,0,0,12,4,0,3.18767947783322,0.0720023464337897,0.2838043190615975,1.754228943688006,0.6480710270911327,2.0463989223057832,0.442165433659378,0.202350265029085,0.8598964124839488,0.3244270122845352,0.0499912673027165,0.1177384213748427,0.4891243145457629,0.0671926920128377,0.2048307628280687,0.1254669469353631,0.0,11.547005383792516,0,0,0,20,0.0051255687525113,0.0142642913784296,0.0119808508409839,4853.453805373329
ens_champion_segmented6,valid_2025_12,2025-12-27,1,50,68,6.105449912323273,1990.2885976742127,5421.291898351956,False,6.105449912323273,50,68,0.0,0,0,1,1,12,5,1,3.212906786529489,0.0615951788330876,0.2505983230953847,1.5079672479851245,0.8333435044544886,2.429443936217872,0.5236533235957238,0.261371951061451,0.974245457431932,0.3804918398870121,0.151540228126698,0.1431614837087116,0.5764709042557955,0.0667300785589634,0.2062798027390858,0.1006249439857657,0.5773502691896258,0.5773502691896257,1,1,1,1,0.0064097901008537,0.0093339378986145,0.0057835175401073,1990.2885976742127
ens_champion_segmented6,valid_2025_12,2025-12-27,2,51,68,6.099040122222419,1999.8326831861268,5411.747812840042,False,6.105449912323273,50,68,0.006409790100853741,1,0,0,1,12,5,1,3.212906786529489,0.0615951788330876,0.2505983230953847,1.5079672479851245,0.8333435044544886,2.429443936217872,0.5236533235957238,0.261371951061451,0.974245457431932,0.3804918398870121,0.151540228126698,0.1431614837087116,0.5764709042557955,0.0667300785589634,0.2062798027390858,0.1006249439857657,0.5773502691896258,0.5773502691896257,1,1,1,1,0.0064097901008537,0.0093339378986145,0.0057835175401073,1999.8326831861268
ens_champion_segmented6,valid_2025_12,2025-12-27,3,50,69,6.094838451840744,2381.0425467029727,5030.537949323196,False,6.105449912323273,50,68,0.010611460482529367,0,1,1,0,12,5,1,3.212906786529489,0.0615951788330876,0.2505983230953847,1.5079672479851245,0.8333435044544886,2.429443936217872,0.5236533235957238,0.261371951061451,0.974245457431932,0.3804918398870121,0.151540228126698,0.1431614837087116,0.5764709042557955,0.0667300785589634,0.2062798027390858,0.1006249439857657,0.5773502691896258,0.5773502691896257,1,1,1,1,0.0064097901008537,0.0093339378986145,0.0057835175401073,2381.0425467029727
ens_champion_segmented6,valid_2025_12,2025-12-27,4,49,68,6.092822723996967,1958.4749793011683,5453.105516725,False,6.105449912323273,50,68,0.012627188326305827,1,0,0,1,12,5,1,3.212906786529489,0.0615951788330876,0.2505983230953847,1.5079672479851245,0.8333435044544886,2.429443936217872,0.5236533235957238,0.261371951061451,0.974245457431932,0.3804918398870121,0.151540228126698,0.1431614837087116,0.5764709042557955,0.0667300785589634,0.2062798027390858,0.1006249439857657,0.5773502691896258,0.5773502691896257,1,1,1,1,0.0064097901008537,0.0093339378986145,0.0057835175401073,1958.4749793011683
ens_champion_segmented6,valid_2025_12,2025-12-27,5,51,69,6.08842866173989,2390.586632214886,5020.993863811283,False,6.105449912323273,50,68,0.017021250583383107,1,1,0,0,12,5,1,3.212906786529489,0.0615951788330876,0.2505983230953847,1.5079672479851245,0.8333435044544886,2.429443936217872,0.5236533235957238,0.261371951061451,0.974245457431932,0.3804918398870121,0.151540228126698,0.1431614837087116,0.5764709042557955,0.0667300785589634,0.2062798027390858,0.1006249439857657,0.5773502691896258,0.5773502691896257,1,1,1,1,0.0064097901008537,0.0093339378986145,0.0057835175401073,2390.586632214886
ens_champion_segmented6,valid_2025_12,2025-12-27,6,52,68,6.087599516159507,2001.1911246906557,5410.389371335513,False,6.105449912323273,50,68,0.017850396163765936,2,0,0,1,12,5,1,3.212906786529489,0.0615951788330876,0.2505983230953847,1.5079672479851245,0.8333435044544886,2.429443936217872,0.5236533235957238,0.261371951061451,0.974245457431932,0.3804918398870121,0.151540228126698,0.1431614837087116,0.5764709042557955,0.0667300785589634,0.2062798027390858,0.1006249439857657,0.5773502691896258,0.5773502691896257,1,1,1,1,0.0064097901008537,0.0093339378986145,0.0057835175401073,2001.1911246906557
ens_champion_segmented6,valid_2025_12,2025-12-27,7,49,69,6.082211263514438,2349.228928329928,5062.351567696241,False,6.105449912323273,50,68,0.023238648808835194,1,1,0,0,12,5,1,3.212906786529489,0.0615951788330876,0.2505983230953847,1.5079672479851245,0.8333435044544886,2.429443936217872,0.5236533235957238,0.261371951061451,0.974245457431932,0.3804918398870121,0.151540228126698,0.1431614837087116,0.5764709042557955,0.0667300785589634,0.2062798027390858,0.1006249439857657,0.5773502691896258,0.5773502691896257,1,1,1,1,0.0064097901008537,0.0093339378986145,0.0057835175401073,2349.228928329928
ens_champion_segmented6,valid_2025_12,2025-12-27,8,52,69,6.076988055676978,2391.9450737194147,5019.635422306754,False,6.105449912323273,50,68,0.028461856646295303,2,1,0,0,12,5,1,3.212906786529489,0.0615951788330876,0.2505983230953847,1.5079672479851245,0.8333435044544886,2.429443936217872,0.5236533235957238,0.261371951061451,0.974245457431932,0.3804918398870121,0.151540228126698,0.1431614837087116,0.5764709042557955,0.0667300785589634,0.2062798027390858,0.1006249439857657,0.5773502691896258,0.5773502691896257,1,1,1,1,0.0064097901008537,0.0093339378986145,0.0057835175401073,2391.9450737194147
ens_champion_segmented6,valid_2025_12,2025-12-27,9,53,68,6.068569347787658,1991.5865933038333,5419.993902722335,False,6.105449912323273,50,68,0.036880564535614724,3,0,0,1,12,5,1,3.212906786529489,0.0615951788330876,0.2505983230953847,1.5079672479851245,0.8333435044544886,2.429443936217872,0.5236533235957238,0.261371951061451,0.974245457431932,0.3804918398870121,0.151540228126698,0.1431614837087116,0.5764709042557955,0.0667300785589634,0.2062798027390858,0.1006249439857657,0.5773502691896258,0.5773502691896257,1,1,1,1,0.0064097901008537,0.0093339378986145,0.0057835175401073,1991.5865933038333
ens_champion_segmented6,valid_2025_12,2025-12-27,10,53,69,6.057957887305129,2382.340542332592,5029.239953693576,False,6.105449912323273,50,68,0.04749202501814409,3,1,0,0,12,5,1,3.212906786529489,0.0615951788330876,0.2505983230953847,1.5079672479851245,0.8333435044544886,2.429443936217872,0.5236533235957238,0.261371951061451,0.974245457431932,0.3804918398870121,0.151540228126698,0.1431614837087116,0.5764709042557955,0.0667300785589634,0.2062798027390858,0.1006249439857657,0.5773502691896258,0.5773502691896257,1,1,1,1,0.0064097901008537,0.0093339378986145,0.0057835175401073,2382.340542332592
ens_champion_segmented6,valid_2025_12,2025-12-28,1,48,69,9.95012029639124,11713.774284955069,175.41392898529193,False,9.95012029639124,48,69,0.0,0,0,1,1,12,6,1,3.177203912390702,0.068793115228649,0.2918130302323289,1.198974139942308,0.8223180728914136,2.581382932375247,0.6174953603489471,0.2555642936706503,1.0541108775035963,0.4802485638505673,0.1518308559240916,0.1372467964983799,0.5601735493846081,0.0674605511750939,0.2416452953089138,0.4687042451979297,9.451631252505218,8.717797887081348,4,14,18,16,0.0017115436232764,0.0059866347934942,0.0043941106913994,11713.774284955069
ens_champion_segmented6,valid_2025_12,2025-12-28,2,44,69,9.948408752767964,11681.155782037184,208.0324319031752,False,9.95012029639124,48,69,0.0017115436232764125,4,0,0,1,12,6,1,3.177203912390702,0.068793115228649,0.2918130302323289,1.198974139942308,0.8223180728914136,2.581382932375247,0.6174953603489471,0.2555642936706503,1.0541108775035963,0.4802485638505673,0.1518308559240916,0.1372467964983799,0.5601735493846081,0.0674605511750939,0.2416452953089138,0.4687042451979297,9.451631252505218,8.717797887081348,4,14,18,16,0.0017115436232764,0.0059866347934942,0.0043941106913994,11681.155782037184
ens_champion_segmented6,valid_2025_12,2025-12-28,3,43,69,9.942303958069877,11671.61169652527,217.57651741508928,False,9.95012029639124,48,69,0.007816338321363858,5,0,0,1,12,6,1,3.177203912390702,0.068793115228649,0.2918130302323289,1.198974139942308,0.8223180728914136,2.581382932375247,0.6174953603489471,0.2555642936706503,1.0541108775035963,0.4802485638505673,0.1518308559240916,0.1372467964983799,0.5601735493846081,0.0674605511750939,0.2416452953089138,0.4687042451979297,9.451631252505218,8.717797887081348,4,14,18,16,0.0017115436232764,0.0059866347934942,0.0043941106913994,11671.61169652527
ens_champion_segmented6,valid_2025_12,2025-12-28,4,47,69,9.941245717960523,11709.788038572924,179.4001753674347,False,9.95012029639124,48,69,0.00887457843071715,1,0,0,1,12,6,1,3.177203912390702,0.068793115228649,0.2918130302323289,1.198974139942308,0.8223180728914136,2.581382932375247,0.6174953603489471,0.2555642936706503,1.0541108775035963,0.4802485638505673,0.1518308559240916,0.1372467964983799,0.5601735493846081,0.0674605511750939,0.2416452953089138,0.4687042451979297,9.451631252505218,8.717797887081348,4,14,18,16,0.0017115436232764,0.0059866347934942,0.0043941106913994,11709.788038572924
ens_champion_segmented6,valid_2025_12,2025-12-28,5,45,69,9.938589582799125,11690.699867549096,198.4883463912629,False,9.95012029639124,48,69,0.01153071359211566,3,0,0,1,12,6,1,3.177203912390702,0.068793115228649,0.2918130302323289,1.198974139942308,0.8223180728914136,2.581382932375247,0.6174953603489471,0.2555642936706503,1.0541108775035963,0.4802485638505673,0.1518308559240916,0.1372467964983799,0.5601735493846081,0.0674605511750939,0.2416452953089138,0.4687042451979297,9.451631252505218,8.717797887081348,4,14,18,16,0.0017115436232764,0.0059866347934942,0.0043941106913994,11690.699867549096
ens_champion_segmented6,valid_2025_12,2025-12-28,6,48,68,9.936880980076737,11710.592923117762,178.59529082259724,False,9.95012029639124,48,69,0.013239316314503924,0,1,1,0,12,6,1,3.177203912390702,0.068793115228649,0.2918130302323289,1.198974139942308,0.8223180728914136,2.581382932375247,0.6174953603489471,0.2555642936706503,1.0541108775035963,0.4802485638505673,0.1518308559240916,0.1372467964983799,0.5601735493846081,0.0674605511750939,0.2416452953089138,0.4687042451979297,9.451631252505218,8.717797887081348,4,14,18,16,0.0017115436232764,0.0059866347934942,0.0043941106913994,11710.592923117762
ens_champion_segmented6,valid_2025_12,2025-12-28,7,44,68,9.93516943645346,11677.974420199878,211.21379374048047,False,9.95012029639124,48,69,0.014950859937780336,4,1,0,0,12,6,1,3.177203912390702,0.068793115228649,0.2918130302323289,1.198974139942308,0.8223180728914136,2.581382932375247,0.6174953603489471,0.2555642936706503,1.0541108775035963,0.4802485638505673,0.1518308559240916,0.1372467964983799,0.5601735493846081,0.0674605511750939,0.2416452953089138,0.4687042451979297,9.451631252505218,8.717797887081348,4,14,18,16,0.0017115436232764,0.0059866347934942,0.0043941106913994,11677.974420199878
ens_champion_segmented6,valid_2025_12,2025-12-28,8,48,70,9.931289263282576,11713.774284955069,175.41392898529193,False,9.95012029639124,48,69,0.01883103310866474,0,1,1,0,12,6,1,3.177203912390702,0.068793115228649,0.2918130302323289,1.198974139942308,0.8223180728914136,2.581382932375247,0.6174953603489471,0.2555642936706503,1.0541108775035963,0.4802485638505673,0.1518308559240916,0.1372467964983799,0.5601735493846081,0.0674605511750939,0.2416452953089138,0.4687042451979297,9.451631252505218,8.717797887081348,4,14,18,16,0.0017115436232764,0.0059866347934942,0.0043941106913994,11713.774284955069
ens_champion_segmented6,valid_2025_12,2025-12-28,9,46,69,9.93005543809801,11700.24395306101,188.9442608793488,False,9.95012029639124,48,69,0.020064858293229904,2,0,0,1,12,6,1,3.177203912390702,0.068793115228649,0.2918130302323289,1.198974139942308,0.8223180728914136,2.581382932375247,0.6174953603489471,0.2555642936706503,1.0541108775035963,0.4802485638505673,0.1518308559240916,0.1372467964983799,0.5601735493846081,0.0674605511750939,0.2416452953089138,0.4687042451979297,9.451631252505218,8.717797887081348,4,14,18,16,0.0017115436232764,0.0059866347934942,0.0043941106913994,11700.24395306101
ens_champion_segmented6,valid_2025_12,2025-12-28,10,44,70,9.9295777196593,11681.155782037184,208.0324319031752,False,9.95012029639124,48,69,0.020542576731941153,4,1,0,0,12,6,1,3.177203912390702,0.068793115228649,0.2918130302323289,1.198974139942308,0.8223180728914136,2.581382932375247,0.6174953603489471,0.2555642936706503,1.0541108775035963,0.4802485638505673,0.1518308559240916,0.1372467964983799,0.5601735493846081,0.0674605511750939,0.2416452953089138,0.4687042451979297,9.451631252505218,8.717797887081348,4,14,18,16,0.0017115436232764,0.0059866347934942,0.0043941106913994,11681.155782037184
ens_champion_segmented6,valid_2025_12,2025-12-29,1,52,83,12.450146011989233,10856.397269801511,1531.8257246620906,False,12.450146011989233,52,83,0.0,0,0,1,1,12,0,0,3.2163631876627634,0.065136431765265,0.2584106735719134,1.8897027815177416,0.7899709162960724,2.4294292091658063,0.4080625071813069,0.2420122164143555,0.8865637851301666,0.2624751824650764,0.0650394042954149,0.1455873247162304,0.5900700076588424,0.0517390172188331,0.2073518801183504,0.6379876956645241,1.0,0.0,1,0,1,0,0.0121512597191326,0.0173679787661349,0.0122122838821,10856.397269801511
ens_champion_segmented6,valid_2025_12,2025-12-29,2,53,83,12.4379947522701,10854.580712192412,1533.642282271192,False,12.450146011989233,52,83,0.012151259719132668,1,0,0,1,12,0,0,3.2163631876627634,0.065136431765265,0.2584106735719134,1.8897027815177416,0.7899709162960724,2.4294292091658063,0.4080625071813069,0.2420122164143555,0.8865637851301666,0.2624751824650764,0.0650394042954149,0.1455873247162304,0.5900700076588424,0.0517390172188331,0.2073518801183504,0.6379876956645241,1.0,0.0,1,0,1,0,0.0121512597191326,0.0173679787661349,0.0122122838821,10854.580712192412
ens_champion_segmented6,valid_2025_12,2025-12-29,3,51,83,12.437620380433778,10851.851103736006,1536.371890727598,False,12.450146011989233,52,83,0.012525631555455163,1,0,0,1,12,0,0,3.2163631876627634,0.065136431765265,0.2584106735719134,1.8897027815177416,0.7899709162960724,2.4294292091658063,0.4080625071813069,0.2420122164143555,0.8865637851301666,0.2624751824650764,0.0650394042954149,0.1455873247162304,0.5900700076588424,0.0517390172188331,0.2073518801183504,0.6379876956645241,1.0,0.0,1,0,1,0,0.0121512597191326,0.0173679787661349,0.0122122838821,10851.851103736006
ens_champion_segmented6,valid_2025_12,2025-12-29,4,50,83,12.422002947214745,10851.602957512696,1536.620036950908,False,12.450146011989233,52,83,0.028143064774488025,2,0,0,1,12,0,0,3.2163631876627634,0.065136431765265,0.2584106735719134,1.8897027815177416,0.7899709162960724,2.4294292091658063,0.4080625071813069,0.2420122164143555,0.8865637851301666,0.2624751824650764,0.0650394042954149,0.1455873247162304,0.5900700076588424,0.0517390172188331,0.2073518801183504,0.6379876956645241,1.0,0.0,1,0,1,0,0.0121512597191326,0.0173679787661349,0.0122122838821,10851.602957512696
ens_champion_segmented6,valid_2025_12,2025-12-29,5,52,84,12.41612607420764,10888.210888174555,1500.0121062890466,False,12.450146011989233,52,83,0.03401993778159351,0,1,1,0,12,0,0,3.2163631876627634,0.065136431765265,0.2584106735719134,1.8897027815177416,0.7899709162960724,2.4294292091658063,0.4080625071813069,0.2420122164143555,0.8865637851301666,0.2624751824650764,0.0650394042954149,0.1455873247162304,0.5900700076588424,0.0517390172188331,0.2073518801183504,0.6379876956645241,1.0,0.0,1,0,1,0,0.0121512597191326,0.0173679787661349,0.0122122838821,10888.210888174555
ens_champion_segmented6,valid_2025_12,2025-12-29,6,53,84,12.403974814488508,10886.394330565456,1501.828663898148,False,12.450146011989233,52,83,0.046171197500724404,1,1,0,0,12,0,0,3.2163631876627634,0.065136431765265,0.2584106735719134,1.8897027815177416,0.7899709162960724,2.4294292091658063,0.4080625071813069,0.2420122164143555,0.8865637851301666,0.2624751824650764,0.0650394042954149,0.1455873247162304,0.5900700076588424,0.0517390172188331,0.2073518801183504,0.6379876956645241,1.0,0.0,1,0,1,0,0.0121512597191326,0.0173679787661349,0.0122122838821,10886.394330565456
ens_champion_segmented6,valid_2025_12,2025-12-29,7,51,84,12.403600442652184,10883.66472210905,1504.558272354554,False,12.450146011989233,52,83,0.046545569337048676,1,1,0,0,12,0,0,3.2163631876627634,0.065136431765265,0.2584106735719134,1.8897027815177416,0.7899709162960724,2.4294292091658063,0.4080625071813069,0.2420122164143555,0.8865637851301666,0.2624751824650764,0.0650394042954149,0.1455873247162304,0.5900700076588424,0.0517390172188331,0.2073518801183504,0.6379876956645241,1.0,0.0,1,0,1,0,0.0121512597191326,0.0173679787661349,0.0122122838821,10883.66472210905
ens_champion_segmented6,valid_2025_12,2025-12-29,8,52,85,12.396000019558912,10983.65174329369,1404.571251169913,False,12.450146011989233,52,83,0.054145992430321144,0,2,1,0,12,0,0,3.2163631876627634,0.065136431765265,0.2584106735719134,1.8897027815177416,0.7899709162960724,2.4294292091658063,0.4080625071813069,0.2420122164143555,0.8865637851301666,0.2624751824650764,0.0650394042954149,0.1455873247162304,0.5900700076588424,0.0517390172188331,0.2073518801183504,0.6379876956645241,1.0,0.0,1,0,1,0,0.0121512597191326,0.0173679787661349,0.0122122838821,10983.65174329369
ens_champion_segmented6,valid_2025_12,2025-12-29,9,49,83,12.39578309299629,10809.551716747204,1578.6712777163991,False,12.450146011989233,52,83,0.05436291899294332,3,0,0,1,12,0,0,3.2163631876627634,0.065136431765265,0.2584106735719134,1.8897027815177416,0.7899709162960724,2.4294292091658063,0.4080625071813069,0.2420122164143555,0.8865637851301666,0.2624751824650764,0.0650394042954149,0.1455873247162304,0.5900700076588424,0.0517390172188331,0.2073518801183504,0.6379876956645241,1.0,0.0,1,0,1,0,0.0121512597191326,0.0173679787661349,0.0122122838821,10809.551716747204
ens_champion_segmented6,valid_2025_12,2025-12-29,10,50,84,12.38798300943315,10883.41657588574,1504.806418577864,False,12.450146011989233,52,83,0.06216300255608331,2,1,0,0,12,0,0,3.2163631876627634,0.065136431765265,0.2584106735719134,1.8897027815177416,0.7899709162960724,2.4294292091658063,0.4080625071813069,0.2420122164143555,0.8865637851301666,0.2624751824650764,0.0650394042954149,0.1455873247162304,0.5900700076588424,0.0517390172188331,0.2073518801183504,0.6379876956645241,1.0,0.0,1,0,1,0,0.0121512597191326,0.0173679787661349,0.0122122838821,10883.41657588574
ens_champion_segmented6,valid_2025_12,2025-12-30,1,51,68,11.895717019838642,7380.759462546374,24178.34996351397,False,11.895717019838642,51,68,0.0,0,0,1,1,12,1,0,3.1796462946265662,0.075193302956129,0.3255169408159872,2.2321739049899425,0.6911860174236639,2.054994611694545,0.292341574408767,0.2131831943761987,0.7394420754682303,0.1519247649283091,0.0087550538695724,0.1404168094804579,0.5808604591320969,0.0582437531160704,0.1978439932486566,0.6276016607321468,0.5773502691896258,0.0,0,0,1,0,0.0197973033828304,0.0563215614762331,0.0444413316575781,7380.759462546374
ens_champion_segmented6,valid_2025_12,2025-12-30,2,52,68,11.875919716455812,7317.132225800284,24241.977200260066,False,11.895717019838642,51,68,0.019797303382830478,1,0,0,1,12,1,0,3.1796462946265662,0.075193302956129,0.3255169408159872,2.2321739049899425,0.6911860174236639,2.054994611694545,0.292341574408767,0.2131831943761987,0.7394420754682303,0.1519247649283091,0.0087550538695724,0.1404168094804579,0.5808604591320969,0.0582437531160704,0.1978439932486566,0.6276016607321468,0.5773502691896258,0.0,0,0,1,0,0.0197973033828304,0.0563215614762331,0.0444413316575781,7317.132225800284
ens_champion_segmented6,valid_2025_12,2025-12-30,3,50,68,11.84859811255329,7667.082027903777,23892.02739815657,False,11.895717019838642,51,68,0.04711890728535195,1,0,0,1,12,1,0,3.1796462946265662,0.075193302956129,0.3255169408159872,2.2321739049899425,0.6911860174236639,2.054994611694545,0.292341574408767,0.2131831943761987,0.7394420754682303,0.1519247649283091,0.0087550538695724,0.1404168094804579,0.5808604591320969,0.0582437531160704,0.1978439932486566,0.6276016607321468,0.5773502691896258,0.0,0,0,1,0,0.0197973033828304,0.0563215614762331,0.0444413316575781,7667.082027903777
ens_champion_segmented6,valid_2025_12,2025-12-30,4,51,69,11.794591580736949,7317.132225800287,24241.97720026006,False,11.895717019838642,51,68,0.10112543910169336,0,1,1,0,12,1,0,3.1796462946265662,0.075193302956129,0.3255169408159872,2.2321739049899425,0.6911860174236639,2.054994611694545,0.292341574408767,0.2131831943761987,0.7394420754682303,0.1519247649283091,0.0087550538695724,0.1404168094804579,0.5808604591320969,0.0582437531160704,0.1978439932486566,0.6276016607321468,0.5773502691896258,0.0,0,0,1,0,0.0197973033828304,0.0563215614762331,0.0444413316575781,7317.132225800287
ens_champion_segmented6,valid_2025_12,2025-12-30,5,51,67,11.782150862227354,8812.372289333387,22746.73713672696,False,11.895717019838642,51,68,0.11356615761128808,0,1,1,0,12,1,0,3.1796462946265662,0.075193302956129,0.3255169408159872,2.2321739049899425,0.6911860174236639,2.054994611694545,0.292341574408767,0.2131831943761987,0.7394420754682303,0.1519247649283091,0.0087550538695724,0.1404168094804579,0.5808604591320969,0.0582437531160704,0.1978439932486566,0.6276016607321468,0.5773502691896258,0.0,0,0,1,0,0.0197973033828304,0.0563215614762331,0.0444413316575781,8812.372289333387
ens_champion_segmented6,valid_2025_12,2025-12-30,6,52,69,11.774794277354118,7253.504989054198,24305.60443700615,False,11.895717019838642,51,68,0.12092274248452384,1,1,0,0,12,1,0,3.1796462946265662,0.075193302956129,0.3255169408159872,2.2321739049899425,0.6911860174236639,2.054994611694545,0.292341574408767,0.2131831943761987,0.7394420754682303,0.1519247649283091,0.0087550538695724,0.1404168094804579,0.5808604591320969,0.0582437531160704,0.1978439932486566,0.6276016607321468,0.5773502691896258,0.0,0,0,1,0,0.0197973033828304,0.0563215614762331,0.0444413316575781,7253.504989054198
ens_champion_segmented6,valid_2025_12,2025-12-30,7,52,67,11.762353558844524,8748.745052587297,22810.36437347305,False,11.895717019838642,51,68,0.13336346099411855,1,1,0,0,12,1,0,3.1796462946265662,0.075193302956129,0.3255169408159872,2.2321739049899425,0.6911860174236639,2.054994611694545,0.292341574408767,0.2131831943761987,0.7394420754682303,0.1519247649283091,0.0087550538695724,0.1404168094804579,0.5808604591320969,0.0582437531160704,0.1978439932486566,0.6276016607321468,0.5773502691896258,0.0,0,0,1,0,0.0197973033828304,0.0563215614762331,0.0444413316575781,8748.745052587297
ens_champion_segmented6,valid_2025_12,2025-12-30,8,50,69,11.747472673451597,7603.454791157691,23955.65463490265,False,11.895717019838642,51,68,0.1482443463870453,1,1,0,0,12,1,0,3.1796462946265662,0.075193302956129,0.3255169408159872,2.2321739049899425,0.6911860174236639,2.054994611694545,0.292341574408767,0.2131831943761987,0.7394420754682303,0.1519247649283091,0.0087550538695724,0.1404168094804579,0.5808604591320969,0.0582437531160704,0.1978439932486566,0.6276016607321468,0.5773502691896258,0.0,0,0,1,0,0.0197973033828304,0.0563215614762331,0.0444413316575781,7603.454791157691
ens_champion_segmented6,valid_2025_12,2025-12-30,9,50,67,11.735031954942002,9098.694854690792,22460.414571369554,False,11.895717019838642,51,68,0.16068506489664003,1,1,0,0,12,1,0,3.1796462946265662,0.075193302956129,0.3255169408159872,2.2321739049899425,0.6911860174236639,2.054994611694545,0.292341574408767,0.2131831943761987,0.7394420754682303,0.1519247649283091,0.0087550538695724,0.1404168094804579,0.5808604591320969,0.0582437531160704,0.1978439932486566,0.6276016607321468,0.5773502691896258,0.0,0,0,1,0,0.0197973033828304,0.0563215614762331,0.0444413316575781,9098.694854690792
ens_champion_segmented6,valid_2025_12,2025-12-30,10,51,70,11.696030463482757,3594.938876154054,27964.17054990629,False,11.895717019838642,51,68,0.1996865563558856,0,2,1,0,12,1,0,3.1796462946265662,0.075193302956129,0.3255169408159872,2.2321739049899425,0.6911860174236639,2.054994611694545,0.292341574408767,0.2131831943761987,0.7394420754682303,0.1519247649283091,0.0087550538695724,0.1404168094804579,0.5808604591320969,0.0582437531160704,0.1978439932486566,0.6276016607321468,0.5773502691896258,0.0,0,0,1,0,0.0197973033828304,0.0563215614762331,0.0444413316575781,3594.938876154054
ens_champion_segmented6,valid_2025_12,2025-12-31,1,54,66,7.233702557338645,2799.5984168279338,19776.503196393387,False,7.233702557338645,54,66,0.0,0,0,1,1,12,2,0,3.180959968125028,0.077812865091728,0.295761282762208,2.4239972499708635,0.491983832929208,1.6030045528948065,0.2303343122010965,0.150796821304263,0.5507669635216935,0.1214671007577627,0.0245979525949493,0.1088672114433337,0.4550982247556266,0.0453581195237863,0.1929911829875559,0.3885243906302164,0.5773502691896258,0.0,0,0,1,0,0.0181147731811108,0.0409101615671803,0.0273750464850742,2799.5984168279338
ens_champion_segmented6,valid_2025_12,2025-12-31,2,55,66,7.215587784157535,2735.9711800818477,19840.13043313947,False,7.233702557338645,54,66,0.01811477318110999,1,0,0,1,12,2,0,3.180959968125028,0.077812865091728,0.295761282762208,2.4239972499708635,0.491983832929208,1.6030045528948065,0.2303343122010965,0.150796821304263,0.5507669635216935,0.1214671007577627,0.0245979525949493,0.1088672114433337,0.4550982247556266,0.0453581195237863,0.1929911829875559,0.3885243906302164,0.5773502691896258,0.0,0,0,1,0,0.0181147731811108,0.0409101615671803,0.0273750464850742,2735.9711800818477
ens_champion_segmented6,valid_2025_12,2025-12-31,3,54,67,7.183091938472586,3054.107363812289,19521.99424940903,False,7.233702557338645,54,66,0.050610618866058665,0,1,1,0,12,2,0,3.180959968125028,0.077812865091728,0.295761282762208,2.4239972499708635,0.491983832929208,1.6030045528948065,0.2303343122010965,0.150796821304263,0.5507669635216935,0.1214671007577627,0.0245979525949493,0.1088672114433337,0.4550982247556266,0.0453581195237863,0.1929911829875559,0.3885243906302164,0.5773502691896258,0.0,0,0,1,0,0.0181147731811108,0.0409101615671803,0.0273750464850742,3054.107363812289
ens_champion_segmented6,valid_2025_12,2025-12-31,4,54,68,7.166602533597086,3054.1073638122925,19521.99424940903,False,7.233702557338645,54,66,0.06710002374155888,0,2,1,0,12,2,0,3.180959968125028,0.077812865091728,0.295761282762208,2.4239972499708635,0.491983832929208,1.6030045528948065,0.2303343122010965,0.150796821304263,0.5507669635216935,0.1214671007577627,0.0245979525949493,0.1088672114433337,0.4550982247556266,0.0453581195237863,0.1929911829875559,0.3885243906302164,0.5773502691896258,0.0,0,0,1,0,0.0181147731811108,0.0409101615671803,0.0273750464850742,3054.1073638122925
ens_champion_segmented6,valid_2025_12,2025-12-31,5,55,67,7.164977165291475,2990.480127066203,19585.62148615512,False,7.233702557338645,54,66,0.06872539204716954,1,1,0,0,12,2,0,3.180959968125028,0.077812865091728,0.295761282762208,2.4239972499708635,0.491983832929208,1.6030045528948065,0.2303343122010965,0.150796821304263,0.5507669635216935,0.1214671007577627,0.0245979525949493,0.1088672114433337,0.4550982247556266,0.0453581195237863,0.1929911829875559,0.3885243906302164,0.5773502691896258,0.0,0,0,1,0,0.0181147731811108,0.0409101615671803,0.0273750464850742,2990.480127066203
ens_champion_segmented6,valid_2025_12,2025-12-31,6,53,66,7.155994588698093,2608.716706589668,19967.38490663165,False,7.233702557338645,54,66,0.07770796864055196,1,0,0,1,12,2,0,3.180959968125028,0.077812865091728,0.295761282762208,2.4239972499708635,0.491983832929208,1.6030045528948065,0.2303343122010965,0.150796821304263,0.5507669635216935,0.1214671007577627,0.0245979525949493,0.1088672114433337,0.4550982247556266,0.0453581195237863,0.1929911829875559,0.3885243906302164,0.5773502691896258,0.0,0,0,1,0,0.0181147731811108,0.0409101615671803,0.0273750464850742,2608.716706589668
ens_champion_segmented6,valid_2025_12,2025-12-31,7,55,68,7.148487760415975,2990.4801270662065,19585.621486155116,False,7.233702557338645,54,66,0.08521479692266976,1,2,0,0,12,2,0,3.180959968125028,0.077812865091728,0.295761282762208,2.4239972499708635,0.491983832929208,1.6030045528948065,0.2303343122010965,0.150796821304263,0.5507669635216935,0.1214671007577627,0.0245979525949493,0.1088672114433337,0.4550982247556266,0.0453581195237863,0.1929911829875559,0.3885243906302164,0.5773502691896258,0.0,0,0,1,0,0.0181147731811108,0.0409101615671803,0.0273750464850742,2990.4801270662065
ens_champion_segmented6,valid_2025_12,2025-12-31,8,53,67,7.105383969832033,2863.2256535740235,19712.875959647296,False,7.233702557338645,54,66,0.12831858750661151,1,1,0,0,12,2,0,3.180959968125028,0.077812865091728,0.295761282762208,2.4239972499708635,0.491983832929208,1.6030045528948065,0.2303343122010965,0.150796821304263,0.5507669635216935,0.1214671007577627,0.0245979525949493,0.1088672114433337,0.4550982247556266,0.0453581195237863,0.1929911829875559,0.3885243906302164,0.5773502691896258,0.0,0,0,1,0,0.0181147731811108,0.0409101615671803,0.0273750464850742,2863.2256535740235
ens_champion_segmented6,valid_2025_12,2025-12-31,9,53,68,7.088894564956533,2863.225653574026,19712.87595964729,False,7.233702557338645,54,66,0.14480799238211173,1,2,0,0,12,2,0,3.180959968125028,0.077812865091728,0.295761282762208,2.4239972499708635,0.491983832929208,1.6030045528948065,0.2303343122010965,0.150796821304263,0.5507669635216935,0.1214671007577627,0.0245979525949493,0.1088672114433337,0.4550982247556266,0.0453581195237863,0.1929911829875559,0.3885243906302164,0.5773502691896258,0.0,0,0,1,0,0.0181147731811108,0.0409101615671803,0.0273750464850742,2863.225653574026
ens_champion_segmented6,valid_2025_12,2025-12-31,10,52,66,7.079983871034415,2672.343943335754,19903.757669885566,False,7.233702557338645,54,66,0.1537186863042299,2,0,0,1,12,2,0,3.180959968125028,0.077812865091728,0.295761282762208,2.4239972499708635,0.491983832929208,1.6030045528948065,0.2303343122010965,0.150796821304263,0.5507669635216935,0.1214671007577627,0.0245979525949493,0.1088672114433337,0.4550982247556266,0.0453581195237863,0.1929911829875559,0.3885243906302164,0.5773502691896258,0.0,0,0,1,0,0.0181147731811108,0.0409101615671803,0.0273750464850742,2672.343943335754
