target_hour,valid_date,fold,bid_space_fct,mh_bid_space_fct,spatial_raw_bid_space_fct,spatial_resid_bid_space_fct,spatial_raw_pred_error,spatial_resid_pred_error
2025-09-01 00:00:00,2025-09-01,valid_2025_09,1.0834117148099363,1.27142423502587,1.0994162465285058,1.2307458004895568,0.016004531718569418,0.14733408567962059
2025-09-01 01:00:00,2025-09-01,valid_2025_09,0.9597405938036494,1.1477531140195834,0.9715745587019915,1.1255136204414469,0.011833964898342056,0.1657730266377976
2025-09-01 02:00:00,2025-09-01,valid_2025_09,0.9359378205811113,1.1239503407970453,0.9486368793636959,1.0927293918300303,0.01269905878258457,0.15679157124891885
2025-09-01 03:00:00,2025-09-01,valid_2025_09,0.9154488093953062,1.1034613296112399,0.9274405492755347,1.0813749912104118,0.011991739880228513,0.16592618181510574
2025-09-01 04:00:00,2025-09-01,valid_2025_09,0.918038491372164,1.1060510115880977,0.9307375501547486,1.0938176399472297,0.01269905878258457,0.1757791485750657
2025-09-01 05:00:00,2025-09-01,valid_2025_09,0.9434668506274313,1.1314793708433653,0.9472762145390599,1.1034228482232158,0.0038093639116286177,0.15995599759578455
2025-09-01 06:00:00,2025-09-01,valid_2025_09,0.9911612853510454,1.1791738055669794,1.0178981275208652,1.2032437467143937,0.026736842169819763,0.2120824613633483
2025-09-01 07:00:00,2025-09-01,valid_2025_09,0.8052589019783858,0.9932714221943195,0.8657417490591455,0.999447203738959,0.060482847080759745,0.19418830176057325
2025-09-01 08:00:00,2025-09-01,valid_2025_09,0.40967187469018973,0.5976843949061237,0.5920358000351567,0.6548722389460429,0.18236392534496684,0.24520036425585312
2025-09-01 09:00:00,2025-09-01,valid_2025_09,-0.020626288349699262,0.16738623186623447,0.3128926204102582,0.2219654798076116,0.33351890875995743,0.24259176815731096
2025-09-01 10:00:00,2025-09-01,valid_2025_09,-0.30475828431974866,-0.11674576410381465,0.15644427719100118,-0.06636864001193732,0.4612025615107498,0.23838964430781145
2025-09-01 11:00:00,2025-09-01,valid_2025_09,-0.4464849464801026,-0.25847242626416866,0.06967692151254434,-0.20215531961339783,0.5161618679926469,0.24432962686670473
2025-09-01 12:00:00,2025-09-01,valid_2025_09,-0.5325245923745638,-0.3445120721586299,-0.0012683403101372281,-0.3221973656161865,0.5312562520644267,0.2103272267583772
2025-09-01 13:00:00,2025-09-01,valid_2025_09,-0.5385700472473566,-0.35055752703142257,-0.02023075819303899,-0.3423112646525757,0.5183392890543175,0.19625878259478086
2025-09-01 14:00:00,2025-09-01,valid_2025_09,-0.4178106748208314,-0.22979815460489744,0.061984563496110145,-0.21138170431772746,0.47979523831694143,0.20642897050310405
2025-09-01 15:00:00,2025-09-01,valid_2025_09,-0.230706458806417,-0.04269393859048298,0.23364855552863184,0.013105941516557085,0.4643550143350488,0.2438124003229739
2025-09-01 16:00:00,2025-09-01,valid_2025_09,-0.02190070431948965,0.16611181589644408,0.31472639974466743,0.18400207014186254,0.336627104064157,0.20590277446135213
2025-09-01 17:00:00,2025-09-01,valid_2025_09,0.38369019905018487,0.5717027192661186,0.5591083012857903,0.605011280890764,0.1754181022356054,0.22132108184057916
2025-09-01 18:00:00,2025-09-01,valid_2025_09,0.8392692755026396,1.0272817957185734,0.9185972662165021,1.0231907164178466,0.0793279907138625,0.183921440915207
2025-09-01 19:00:00,2025-09-01,valid_2025_09,0.9991908598455363,1.18720338006147,1.0841586859757528,1.235518930339574,0.08496782613021642,0.23632807049403762
2025-09-01 20:00:00,2025-09-01,valid_2025_09,0.9177325543977132,1.105745074613647,0.9483724097500276,1.14445208193671,0.030639855352314404,0.2267195275389971
2025-09-01 21:00:00,2025-09-01,valid_2025_09,0.7292017428754998,0.9172142630914335,0.8200846601534437,0.9980571758279415,0.09088291727794402,0.26885543295244174
2025-09-01 22:00:00,2025-09-01,valid_2025_09,0.62564234000687,0.8136548602228038,0.8148323574814478,0.9192121336924801,0.18919001747457773,0.2935697936856101
2025-09-01 23:00:00,2025-09-01,valid_2025_09,0.5762057300883434,0.7642182503042771,0.7796204041550288,0.8909718394587556,0.20341467406668529,0.31476610937041216
2025-09-02 00:00:00,2025-09-02,valid_2025_09,0.503398340474527,0.6914108606904605,0.6797124799286451,0.8065513439602796,0.1763141394541183,0.3031530034857527
2025-09-02 01:00:00,2025-09-02,valid_2025_09,0.4624922001427596,0.6505047203586933,0.6402130888666298,0.7649644781316385,0.17772088872387024,0.3024722779888788
2025-09-02 02:00:00,2025-09-02,valid_2025_09,0.43774444107936583,0.6257569612952996,0.6172827545923503,0.7405833791396754,0.17953831351298452,0.3028389380603096
2025-09-02 03:00:00,2025-09-02,valid_2025_09,0.41843517195721835,0.6064476921731521,0.6533036480050607,0.7444880994215601,0.23486847604784225,0.3260529274643418
2025-09-02 04:00:00,2025-09-02,valid_2025_09,0.4220855523268723,0.610098072542806,0.6285907303796048,0.7418846661573557,0.2065051780527324,0.3197991138304833
2025-09-02 05:00:00,2025-09-02,valid_2025_09,0.449751546885818,0.6377640671017517,0.6055088088876293,0.7354890624739183,0.15575726200181136,0.28573751558810023
2025-09-02 06:00:00,2025-09-02,valid_2025_09,0.48281816182355675,0.6708306820394905,0.6451783636526238,0.7724818857461624,0.16236020182906713,0.28966372392260564
2025-09-02 07:00:00,2025-09-02,valid_2025_09,0.3839538834109725,0.5719664036269063,0.5862375415516583,0.6834959781387469,0.20228365814068566,0.29954209472777427
2025-09-02 08:00:00,2025-09-02,valid_2025_09,0.24066264729073206,0.4286751675066657,0.46764264056170657,0.5381315167038988,0.22697999327097454,0.29746886941316675
2025-09-02 09:00:00,2025-09-02,valid_2025_09,0.031119488268251727,0.21913200848418546,0.3507067567219162,0.3394604049935366,0.3195872684536645,0.30834091672528485
2025-09-02 10:00:00,2025-09-02,valid_2025_09,-0.1512647075592451,0.036747812656688916,0.21663309809052045,0.19169191676943775,0.36789780564976543,0.34295662432868285
2025-09-02 11:00:00,2025-09-02,valid_2025_09,-0.3955719495920337,-0.20755942937609972,0.04462516804428074,-0.045168037373794045,0.4401971176363145,0.3504039122182395
2025-09-02 12:00:00,2025-09-02,valid_2025_09,-0.584429561412457,-0.39641704119652316,0.0063074841403639725,-0.18483733742700859,0.5907370455528211,0.3995922239854487
2025-09-02 13:00:00,2025-09-02,valid_2025_09,-0.6324402771113782,-0.44442775689544417,-0.02700130494538522,-0.22785302875078045,0.605438972165993,0.4045872483605979
2025-09-02 14:00:00,2025-09-02,valid_2025_09,-0.6161456706114006,-0.4281331503954666,-0.015538878657462618,-0.20735632174237306,0.600606791953938,0.40878934886902757
2025-09-02 15:00:00,2025-09-02,valid_2025_09,-0.5157771290235789,-0.3277646088076449,0.011749252664479348,-0.16312516986586534,0.5275263816880582,0.3526519591577134
2025-09-02 16:00:00,2025-09-02,valid_2025_09,-0.3089570720567856,-0.12094455184085162,0.12898536261179339,0.034603099086931266,0.43794243466857885,0.3435601711437169
2025-09-02 17:00:00,2025-09-02,valid_2025_09,0.06881723511437154,0.2568297553303053,0.3555318269182497,0.3296645948622656,0.28671459180387804,0.2608473597478939
2025-09-02 18:00:00,2025-09-02,valid_2025_09,0.6290076467258319,0.8170201669417656,0.7765068538329454,0.8599701391987966,0.14749920710711345,0.2309624924729648
2025-09-02 19:00:00,2025-09-02,valid_2025_09,0.9151788134407759,1.1031913336567096,1.0022912609129593,1.1470914173561344,0.08711244747218348,0.2319126039153584
2025-09-02 20:00:00,2025-09-02,valid_2025_09,0.9680068530634756,1.1560193732794095,0.9919103352918879,1.1641047288171784,0.02390348222841236,0.19609787575370258
2025-09-02 21:00:00,2025-09-02,valid_2025_09,0.9726698935846655,1.1606824138005996,0.9964485685247643,1.1671685454803735,0.02377867494009887,0.19449865189570784
2025-09-02 22:00:00,2025-09-02,valid_2025_09,1.0465462217275525,1.2345587419434865,1.0648591380083547,1.2220097595290498,0.018312916280802154,0.17546353780149732
2025-09-02 23:00:00,2025-09-02,valid_2025_09,1.0719579253882219,1.2599704456041558,1.0854481339000748,1.2589780412574285,0.013490208511852845,0.18702011586920655
2025-09-03 00:00:00,2025-09-03,valid_2025_09,1.045147502425449,1.233160022641383,1.0593601156107642,1.2242529398035467,0.014212613185314976,0.17910543737809748
2025-09-03 01:00:00,2025-09-03,valid_2025_09,1.0665932460293512,1.2546057662452852,1.0838549950795016,1.2389283981377572,0.017261749050150214,0.17233515210840594
2025-09-03 02:00:00,2025-09-03,valid_2025_09,1.0979075170933705,1.2859200373093043,1.1123302340063659,1.2519646540593785,0.014422716912995287,0.15405713696600792
2025-09-03 03:00:00,2025-09-03,valid_2025_09,1.1767139012371555,1.3647264214530894,1.1756119339401496,1.32034299383601,-0.0011019672970059066,0.1436290925988547
2025-09-03 04:00:00,2025-09-03,valid_2025_09,1.2622977098057862,1.45031023002172,1.2695296529351967,1.393364966247469,0.007231943129410477,0.1310672564416826
2025-09-03 05:00:00,2025-09-03,valid_2025_09,1.3459447357057857,1.5339572559217194,1.3491445586622213,1.4850956947076375,0.0031998229564354566,0.13915095900185181
2025-09-03 06:00:00,2025-09-03,valid_2025_09,1.4151964188560826,1.6032089390720161,1.425783126154037,1.5499632207854583,0.010586707297954807,0.13476680192937585
2025-09-03 07:00:00,2025-09-03,valid_2025_09,1.2828827974741122,1.4708953176900461,1.2756237194432332,1.4366588684437611,-0.007259078030878996,0.15377607096964915
2025-09-03 08:00:00,2025-09-03,valid_2025_09,0.8664655822939326,1.054478102509866,0.9332371300555066,0.9725974283620694,0.06677154776157405,0.10613184606813698
2025-09-03 09:00:00,2025-09-03,valid_2025_09,0.41179239486553976,0.5998049150814735,0.6119343028210535,0.5611946543550466,0.20014190795551376,0.1494022594895069
2025-09-03 10:00:00,2025-09-03,valid_2025_09,0.11063803057262067,0.2986505507885545,0.4586538324731295,0.3002739166019347,0.34801580190050874,0.18963588602931386
2025-09-03 11:00:00,2025-09-03,valid_2025_09,-0.053595599550577244,0.1344169206653565,0.3416720108683351,0.14817552528145295,0.39526761041891223,0.20177112483203025
2025-09-03 12:00:00,2025-09-03,valid_2025_09,-0.1564768567360112,0.03153566347992254,0.2877131157591629,0.07226647743993919,0.44418997249517406,0.22874333417595033
2025-09-03 13:00:00,2025-09-03,valid_2025_09,-0.1887950218491461,-0.0007825016332123624,0.252616823691042,0.030825481999190663,0.4414118455401881,0.21962050384833665
2025-09-03 14:00:00,2025-09-03,valid_2025_09,-0.07881199444933307,0.10920052576660066,0.3610894430846693,0.12534746863995738,0.4399014375340023,0.20415946308929053
2025-09-03 15:00:00,2025-09-03,valid_2025_09,0.10585857621129635,0.2938710964272301,0.5188086896718032,0.29121259912233943,0.412950113460507,0.1853540229110431
2025-09-03 16:00:00,2025-09-03,valid_2025_09,0.3317808469610809,0.5197933671770146,0.6235576875203047,0.510044040122218,0.29177684055922376,0.17826319316113715
2025-09-03 17:00:00,2025-09-03,valid_2025_09,0.7735110594886828,0.9615235797046168,0.8489478059701944,0.8241454332079655,0.07543674648151129,0.050634373719282616
2025-09-03 18:00:00,2025-09-03,valid_2025_09,1.3149323692091046,1.5029448894250383,1.3189919664931622,1.457235675434109,0.0040595972840578465,0.1423033062250047
2025-09-03 19:00:00,2025-09-03,valid_2025_09,1.50989346750034,1.6979059877162739,1.5192532473401104,1.6582934792830637,0.009359779839770228,0.1484000117827235
2025-09-03 20:00:00,2025-09-03,valid_2025_09,1.4807675662443998,1.6687800864603335,1.4867170730258417,1.6272715792122638,0.005949506781441655,0.14650401296786383
2025-09-03 21:00:00,2025-09-03,valid_2025_09,1.4233772962783386,1.6113898164942726,1.4322248826176995,1.605030377193502,0.008847586339360837,0.18165308091516316
2025-09-03 22:00:00,2025-09-03,valid_2025_09,1.3481746568393351,1.536187177055269,1.3690653934717312,1.5198009089239508,0.020890736632396184,0.17162625208461538
2025-09-03 23:00:00,2025-09-03,valid_2025_09,1.2853951624276276,1.4734076826435616,1.2956823001562014,1.4376794011455623,0.010287137728573944,0.15228423871793434
2025-09-04 00:00:00,2025-09-04,valid_2025_09,1.3056602873576306,1.4936728075735646,1.3224758452072454,1.4524119671145757,0.016815557849614908,0.146751679756945
2025-09-04 01:00:00,2025-09-04,valid_2025_09,1.3256364815518773,1.5136490017678115,1.336433720441459,1.4782589531553252,0.01079723888958169,0.15262247160344786
2025-09-04 02:00:00,2025-09-04,valid_2025_09,1.3070067606893123,1.4950192809052463,1.3274384412582907,1.4686137848499716,0.020431680568978233,0.16160702416065956
2025-09-04 03:00:00,2025-09-04,valid_2025_09,1.3291150463141026,1.5171275665300366,1.3347217707601011,1.4824819193885452,0.005606724445998227,0.1533668730744427
2025-09-04 04:00:00,2025-09-04,valid_2025_09,1.3538752532429326,1.5418877734588663,1.3522812836115936,1.508455288844314,-0.0015939696313389145,0.1545800356013815
2025-09-04 05:00:00,2025-09-04,valid_2025_09,1.3952887755827585,1.5833012957986925,1.4072688734971213,1.556090602367503,0.011980097914362546,0.16080182678474447
2025-09-04 06:00:00,2025-09-04,valid_2025_09,1.4221281266835168,1.6101406468994508,1.4341082245978796,1.5847646647787434,0.011980097914362546,0.1626365380952265
2025-09-04 07:00:00,2025-09-04,valid_2025_09,1.2834629381322542,1.4714754583481882,1.2954430360466165,1.4375624440506574,0.011980097914362546,0.1540995059184033
2025-09-04 08:00:00,2025-09-04,valid_2025_09,0.8757050542444047,1.0637175744603382,0.9477451675120496,1.0465360318217487,0.07204011326764509,0.17083097757734406
2025-09-04 09:00:00,2025-09-04,valid_2025_09,0.3873426832844197,0.5753552035003534,0.5823643240260911,0.6082247925083643,0.19502164074167147,0.22088210922394447
2025-09-04 10:00:00,2025-09-04,valid_2025_09,0.055890039197936225,0.24390255941386996,0.42554427953921226,0.270891524491333,0.36965424034127614,0.21500148529339672
2025-09-04 11:00:00,2025-09-04,valid_2025_09,-0.0702357658079431,0.11777675440799062,0.3681985664844466,0.16390512697263948,0.4384343322923898,0.2341408927805826
2025-09-04 12:00:00,2025-09-04,valid_2025_09,-0.09522581994222035,0.09278670027371339,0.35119160466046173,0.14784005426933045,0.446417424602682,0.2430658742115508
2025-09-04 13:00:00,2025-09-04,valid_2025_09,-0.13139423256018123,0.0566182876557525,0.3155800866883224,0.12562373183235243,0.44697431924850367,0.25701796439253366
2025-09-04 14:00:00,2025-09-04,valid_2025_09,-0.008280285023696932,0.1797322351922368,0.4056580735940096,0.21109128489517937,0.41393835861770656,0.2193715699188763
2025-09-04 15:00:00,2025-09-04,valid_2025_09,0.210215694400128,0.3982282146160616,0.5507835761699631,0.40502366105161314,0.3405678817698349,0.19480796665148523
2025-09-04 16:00:00,2025-09-04,valid_2025_09,0.4767183571157608,0.6647308773316946,0.710092579260995,0.6871885115101793,0.2333742221452341,0.21047015439441857
2025-09-04 17:00:00,2025-09-04,valid_2025_09,0.8485199680642093,1.036532488280143,0.9570644375812973,1.0559960679282352,0.10854446951708818,0.207476099864026
2025-09-04 18:00:00,2025-09-04,valid_2025_09,1.1710462653786555,1.3590587855945895,1.2144159276060615,1.385296026969375,0.0433696622274059,0.21424976159071935
2025-09-04 19:00:00,2025-09-04,valid_2025_09,1.2918361438416017,1.4798486640575352,1.3302441860928593,1.4718372540063305,0.03840804225125797,0.18000111016472883
2025-09-04 20:00:00,2025-09-04,valid_2025_09,1.1624251542928765,1.3504376745088105,1.2047852023577899,1.3405737132408984,0.04236004806491336,0.17814855894802203
2025-09-04 21:00:00,2025-09-04,valid_2025_09,1.027802366211482,1.2158148864274159,1.0601122656202222,1.1968167229584314,0.03230989940874037,0.16901435674694956
2025-09-04 22:00:00,2025-09-04,valid_2025_09,0.9565425443188574,1.1445550645347913,0.9882155359206121,1.1759330286653729,0.03167299160175457,0.21939048434651548
2025-09-04 23:00:00,2025-09-04,valid_2025_09,0.8562474626693135,1.044259982885247,0.9170223952851744,1.0951103060748164,0.060774932615861095,0.23886284340550298
2025-09-05 00:00:00,2025-09-05,valid_2025_09,0.7761130140089287,0.9641255342248625,0.8579971265675039,1.013452849808709,0.08188411255857518,0.23733983579978016
2025-09-05 01:00:00,2025-09-05,valid_2025_09,0.7314160603467419,0.9194285805626756,0.81738346966381,0.9653845830164358,0.08596740931706809,0.23396852266969398
2025-09-05 02:00:00,2025-09-05,valid_2025_09,0.7112284277621296,0.8992409479780633,0.7968586618894306,0.929130908709724,0.08563023412730086,0.21790248094759454
2025-09-05 03:00:00,2025-09-05,valid_2025_09,0.7127326909373676,0.9007452111533013,0.7881759934131874,0.939416309921088,0.07544330247581978,0.2266836189837205
2025-09-05 04:00:00,2025-09-05,valid_2025_09,0.7424483755641123,0.930460895780046,0.8202227170216398,0.9685921264141373,0.07777434145752762,0.22614375085002505
2025-09-05 05:00:00,2025-09-05,valid_2025_09,0.7853963164715003,0.973408836687434,0.8643394324308131,0.9992015302652215,0.07894311595931279,0.21380521379372114
2025-09-05 06:00:00,2025-09-05,valid_2025_09,0.8432103398285339,1.0312228600444677,0.9069006649789834,1.0603725935412909,0.06369032515044937,0.21716225371275685
2025-09-05 07:00:00,2025-09-05,valid_2025_09,0.7725641451052959,0.9605766653212297,0.8334439876118506,0.9898254536266599,0.06087984250655456,0.21726130852136397
2025-09-05 08:00:00,2025-09-05,valid_2025_09,0.44369872848699266,0.6317112487029266,0.6117948273912102,0.7160417295597583,0.16809609890421723,0.2723430010727653
2025-09-05 09:00:00,2025-09-05,valid_2025_09,-0.023839766174750587,0.16417275404118314,0.267988244200018,0.3187007908527555,0.29182801037476847,0.3425405570275061
2025-09-05 10:00:00,2025-09-05,valid_2025_09,-0.3187568732739316,-0.1307443530579976,0.1473610761038574,0.04241563623958233,0.46611794937778883,0.361172509513514
2025-09-05 11:00:00,2025-09-05,valid_2025_09,-0.5381841634188369,-0.35017164320290295,0.07548505803905237,-0.13934055703161963,0.6136692214578893,0.39884360638721694
2025-09-05 12:00:00,2025-09-05,valid_2025_09,-0.7022296729841055,-0.5142171527681716,-0.006069132506364094,-0.2665648791952229,0.6961605404777415,0.4356647937888828
2025-09-05 13:00:00,2025-09-05,valid_2025_09,-0.7939057474124509,-0.605893227196517,-0.09963530203530424,-0.3639450531631929,0.6942704453771464,0.42996069424925776
2025-09-05 14:00:00,2025-09-05,valid_2025_09,-0.7682096713892828,-0.5801971511733488,-0.07723404615338514,-0.33897967221812947,0.6909756252358976,0.42922999917115334
2025-09-05 15:00:00,2025-09-05,valid_2025_09,-0.6015318765893961,-0.41351935637346215,0.016013288445781648,-0.176555300901707,0.6175451650351776,0.424976575687689
2025-09-05 16:00:00,2025-09-05,valid_2025_09,-0.308544714598958,-0.12053219438302398,0.17155260328355104,0.08412721095691911,0.48009731788250903,0.39267192555587704
2025-09-05 17:00:00,2025-09-05,valid_2025_09,0.2383215719784998,0.4263340921944334,0.41370952692171215,0.5405899707320503,0.17538795494321247,0.3022683987535506
2025-09-05 18:00:00,2025-09-05,valid_2025_09,0.8621384588174693,1.0501509790334032,0.9096504611332464,1.0892071453728174,0.0475120023157768,0.2270686865553479
2025-09-05 19:00:00,2025-09-05,valid_2025_09,1.3108317618191694,1.498844282035103,1.327971238768133,1.5494619205556979,0.017139476948963988,0.23863015873652868
2025-09-05 20:00:00,2025-09-05,valid_2025_09,1.4375131623964164,1.6255256826123494,1.4524797069292896,1.6582961519737909,0.01496654453287395,0.22078298957737486
2025-09-05 21:00:00,2025-09-05,valid_2025_09,1.4734243775693798,1.6614368977853138,1.5048184618965372,1.7032700173801496,0.03139408432715733,0.22984563981076975
2025-09-05 22:00:00,2025-09-05,valid_2025_09,1.465674617064129,1.6536871372800626,1.4819179275779617,1.669927429991358,0.016243310513832963,0.20425281292722935
2025-09-05 23:00:00,2025-09-05,valid_2025_09,1.4901886718370105,1.678201192052944,1.502089631206548,1.6873862369625756,0.011900959369537561,0.1971975651255653
2025-09-06 00:00:00,2025-09-06,valid_2025_09,1.4953727694860333,1.6833852897019677,1.5022922283660285,1.6886670127651229,0.006919458879995039,0.19329424327908945
2025-09-06 01:00:00,2025-09-06,valid_2025_09,1.460427052833586,1.6484395730495205,1.4673465117135813,1.6487494781356506,0.006919458879995039,0.18832242530206375
2025-09-06 02:00:00,2025-09-06,valid_2025_09,1.3991661980050856,1.5871787182210195,1.4027671971883053,1.561563982162071,0.0036009991832196137,0.1623977841569855
2025-09-06 03:00:00,2025-09-06,valid_2025_09,1.33299141680414,1.5210039370200734,1.3409075686491976,1.5099546635500354,0.007916151845057619,0.1769632467458955
2025-09-06 04:00:00,2025-09-06,valid_2025_09,1.265319034665795,1.4533315548817287,1.2691528645119756,1.4338778816174838,0.003833829846180673,0.16855884695168885
2025-09-06 05:00:00,2025-09-06,valid_2025_09,1.2184759638091922,1.4064884840251262,1.214097846404607,1.357496778651261,-0.0043781174045851474,0.13902081484206913
2025-09-06 06:00:00,2025-09-06,valid_2025_09,1.1244908980034705,1.3125034182194044,1.1255589040388525,1.2701149863496757,0.0010680060353820485,0.14562408834620516
2025-09-06 07:00:00,2025-09-06,valid_2025_09,0.8396898730967417,1.0277023933126752,0.876725023615373,0.9838580694633114,0.03703515051863143,0.14416819636657008
2025-09-06 08:00:00,2025-09-06,valid_2025_09,0.2952922962827491,0.48330481649868284,0.477324872232717,0.5097823542871596,0.18203257594996808,0.21449005800441048
2025-09-06 09:00:00,2025-09-06,valid_2025_09,-0.28574495881529305,-0.0977324385993591,0.17428189527095184,0.019744512622046018,0.46002685408624494,0.30548947143733896
2025-09-06 10:00:00,2025-09-06,valid_2025_09,-0.6909115828278496,-0.5028990626119156,-0.08603803442848335,-0.33107152073702895,0.6048735483993664,0.35984006209082053
2025-09-06 11:00:00,2025-09-06,valid_2025_09,-0.9467550156450989,-0.7587424954291649,-0.1439394937986348,-0.5466372480553118,0.8028155218464639,0.400117767589787
2025-09-06 12:00:00,2025-09-06,valid_2025_09,-1.1386004658142883,-0.9505879455983542,-0.20961990208868408,-0.5915710067460468,0.928980563725604,0.5470294590682415
2025-09-06 13:00:00,2025-09-06,valid_2025_09,-1.237084646025949,-1.049072125810015,-0.2999559364912981,-0.6481009925865254,0.9371287095346509,0.5889836534394236
2025-09-06 14:00:00,2025-09-06,valid_2025_09,-1.2122003110868556,-1.0241877908709216,-0.28087023711770753,-0.6259373756086491,0.931330073969148,0.5862629354782063
2025-09-06 15:00:00,2025-09-06,valid_2025_09,-1.0750125614374264,-0.8870000412214926,-0.14202958076177652,-0.48684466384598946,0.93298298067565,0.588167897591437
2025-09-06 16:00:00,2025-09-06,valid_2025_09,-0.761432422286485,-0.573419902070551,-0.16579995631050082,-0.3260696759178572,0.5956324659759841,0.43536274636862804
2025-09-06 17:00:00,2025-09-06,valid_2025_09,-0.18046459471960763,0.007547925496326324,0.16676674192944263,0.1682424278182829,0.34723133664905015,0.34870702253789054
2025-09-06 18:00:00,2025-09-06,valid_2025_09,0.49371582970775774,0.6817283499236915,0.6440111919117146,0.7665175375283486,0.15029536220395678,0.272801707820591
2025-09-06 19:00:00,2025-09-06,valid_2025_09,0.8309213161682615,1.0189338363841953,0.8925443529354055,1.089286840022945,0.06162303676714395,0.25836552385468364
2025-09-06 20:00:00,2025-09-06,valid_2025_09,1.011039123876142,1.1990516440920758,1.0718158489265837,1.26890834776139,0.06077672505044169,0.257869223885248
2025-09-06 21:00:00,2025-09-06,valid_2025_09,1.1527815650208517,1.3407940852367854,1.2008558288058768,1.3553540221219293,0.04807426378502502,0.2025724571010779
2025-09-06 22:00:00,2025-09-06,valid_2025_09,1.2693072606227087,1.4573197808386424,1.3079057764806652,1.4285412659579755,0.03859851585795622,0.15923400533526694
2025-09-06 23:00:00,2025-09-06,valid_2025_09,1.3680547745510603,1.5560672947669942,1.4147058251868827,1.5233829701161208,0.04665105063582252,0.1553281955650606
2025-09-07 00:00:00,2025-09-07,valid_2025_09,1.4385575558387114,1.6265700760546453,1.4861152167506817,1.6078629026943343,0.047557660911970494,0.16930534685562315
2025-09-07 01:00:00,2025-09-07,valid_2025_09,1.567740626724521,1.755753146940455,1.6110658629407155,1.7334445107570657,0.043325236216194406,0.16570388403254477
2025-09-07 02:00:00,2025-09-07,valid_2025_09,1.6503853364738403,1.8383978566897743,1.6951970457552719,1.807838154187892,0.0448117092814314,0.15745281771405184
2025-09-07 03:00:00,2025-09-07,valid_2025_09,1.6649833515114896,1.852995871727423,1.699956932134481,1.8151327502863266,0.0349735806229914,0.15014939877483713
2025-09-07 04:00:00,2025-09-07,valid_2025_09,1.6981537571018779,1.8861662773178114,1.738015394041733,1.8807648970769846,0.03986163693985563,0.18261113997510672
2025-09-07 05:00:00,2025-09-07,valid_2025_09,1.7809608150680125,1.968973335283946,1.8184547806770128,1.9594765925426456,0.03749396560900069,0.1785157774746331
2025-09-07 06:00:00,2025-09-07,valid_2025_09,1.819982068057474,2.007994588273408,1.844928051721076,1.9975651832230767,0.024945983663601543,0.17758311516560255
2025-09-07 07:00:00,2025-09-07,valid_2025_09,1.6212504937934331,1.8092630140093666,1.663134427299573,1.7958797011132486,0.041883933506140204,0.17462920731981582
2025-09-07 08:00:00,2025-09-07,valid_2025_09,1.1908606373222326,1.3788731575381665,1.254077243240146,1.3156919133100815,0.06321660591791324,0.12483127598784846
2025-09-07 09:00:00,2025-09-07,valid_2025_09,0.634923363282812,0.8229358834987457,0.7970893286415208,0.811869750696175,0.16216596535870884,0.17694638741336297
2025-09-07 10:00:00,2025-09-07,valid_2025_09,0.2931286468834938,0.48114116709942745,0.5957843885534859,0.5022118242462901,0.30265574166999226,0.2090831773627963
2025-09-07 11:00:00,2025-09-07,valid_2025_09,0.08045774251762683,0.26847026273356056,0.44471578361584085,0.3138133253307097,0.36425804109821397,0.23335558281308288
2025-09-07 12:00:00,2025-09-07,valid_2025_09,-0.09809163414530175,0.08992088607063198,0.3112896630126665,0.1353781722695071,0.4093812971579681,0.2334698064148088
2025-09-07 13:00:00,2025-09-07,valid_2025_09,-0.17869840040406598,0.009314119811867916,0.26931809758788094,0.046392781876065325,0.448016497991947,0.22509118228013142
2025-09-07 14:00:00,2025-09-07,valid_2025_09,-0.13698858380245071,0.05102393641348324,0.26092471134157447,0.06633405623333033,0.3979132951440252,0.20332264003578113
2025-09-07 15:00:00,2025-09-07,valid_2025_09,0.028059592557595048,0.21607211277352878,0.3935643732965979,0.24033232328880505,0.36550478073900305,0.21227273073120995
2025-09-07 16:00:00,2025-09-07,valid_2025_09,0.29043026523662974,0.47844278545256336,0.540492403044253,0.4985939520895567,0.25006213780762326,0.20816368685292708
2025-09-07 17:00:00,2025-09-07,valid_2025_09,0.7560109385839343,0.944023458799868,0.8335104734884559,0.926516226690378,0.07749953490452159,0.17050528810644383
2025-09-07 18:00:00,2025-09-07,valid_2025_09,1.4100438791757703,1.5980563993917043,1.4279834849860955,1.6091186911350706,0.01793960581032531,0.1990748119592998
2025-09-07 19:00:00,2025-09-07,valid_2025_09,1.7442113851816665,1.9322239053976005,1.7499778551156244,1.9260192468547044,0.005766469933957853,0.18180786167303747
2025-09-07 20:00:00,2025-09-07,valid_2025_09,1.8399028604844272,2.0279153807003603,1.8408429489353564,2.015391455313173,0.0009400884509291969,0.17548859482874582
2025-09-07 21:00:00,2025-09-07,valid_2025_09,1.9074374394927323,2.095449959708666,1.9200753960684254,2.073696819959322,0.012637956575692956,0.16625938046658995
2025-09-07 22:00:00,2025-09-07,valid_2025_09,1.967122149106153,2.1551346693220865,1.987872040146343,2.151326339932035,0.020749891040190212,0.18420419082588196
2025-09-07 23:00:00,2025-09-07,valid_2025_09,1.9382264456997569,2.126238965915691,1.9348683466666312,2.094518389334754,-0.0033580990331259983,0.15629194363499693
2025-09-08 00:00:00,2025-09-08,valid_2025_09,1.8098524860672947,1.9978650062832286,1.8159296275541879,1.978833524720939,0.0060771414868928736,0.1689810386536441
2025-09-08 01:00:00,2025-09-08,valid_2025_09,1.7090319642387082,1.8970444844546417,1.7142957714235656,1.8792609808016276,0.0052638071848574225,0.17022901656291978
2025-09-08 02:00:00,2025-09-08,valid_2025_09,1.6512547585118365,1.83926727872777,1.6538852017078753,1.8135587254042045,0.0026304431960388905,0.16230396689236837
2025-09-08 03:00:00,2025-09-08,valid_2025_09,1.5958838478992008,1.7838963681151347,1.5843498947737085,1.738531776871839,-0.011533953125492442,0.1426479289726382
2025-09-08 04:00:00,2025-09-08,valid_2025_09,1.5803313796300837,1.7683438998460177,1.5589371272582226,1.7178330781724471,-0.02139425237186104,0.13750169854236366
2025-09-08 05:00:00,2025-09-08,valid_2025_09,1.5576127979548264,1.7456253181707604,1.5184378159201624,1.601148873832873,-0.039174982034664046,0.04353607587804667
2025-09-08 06:00:00,2025-09-08,valid_2025_09,1.568627931611454,1.756640451827388,1.5659411352510606,1.7083478995127979,-0.002686796360393391,0.13971996790134383
2025-09-08 07:00:00,2025-09-08,valid_2025_09,1.3610105099685554,1.5490230301844894,1.3595818541843954,1.5025120752107768,-0.0014286557841602008,0.14150156524222113
2025-09-08 08:00:00,2025-09-08,valid_2025_09,0.8632938311163992,1.0513063513323329,0.937973948268218,0.9877570235872856,0.07468011715181909,0.12446319247088641
2025-09-08 09:00:00,2025-09-08,valid_2025_09,0.38162122355706307,0.5696337437729967,0.6359685591468415,0.5432892408151143,0.25434733558977846,0.16166801725805133
2025-09-08 10:00:00,2025-09-08,valid_2025_09,0.06453850052326515,0.2525510207391989,0.43942971854820556,0.23496182776732633,0.3748912180249405,0.1704233272440612
2025-09-08 11:00:00,2025-09-08,valid_2025_09,-0.12226346027971435,0.06574905993621938,0.30374420708422734,0.051490164870046984,0.4260076673639418,0.17375362514976148
2025-09-08 12:00:00,2025-09-08,valid_2025_09,-0.2387281438087302,-0.050715623592796244,0.2328894349924827,-0.028387035331354116,0.47161757880121297,0.2103411084773762
2025-09-08 13:00:00,2025-09-08,valid_2025_09,-0.30150851483067964,-0.1134959946147458,0.16981570911158372,-0.06746149662565215,0.4713242239422635,0.23404701820502755
2025-09-08 14:00:00,2025-09-08,valid_2025_09,-0.2537439512877063,-0.06573143107177237,0.2132273191793409,-0.02193746400483476,0.4669712704670472,0.23180648728287173
2025-09-08 15:00:00,2025-09-08,valid_2025_09,-0.04745950317876335,0.14055301703717038,0.38449420475428064,0.16512416720668888,0.43195370793304366,0.2125836703854523
2025-09-08 16:00:00,2025-09-08,valid_2025_09,0.2401491290109803,0.428161649226914,0.5643249736469265,0.45148198118001126,0.3241758446359462,0.21133285216903108
2025-09-08 17:00:00,2025-09-08,valid_2025_09,0.8066472772796344,0.9946597974955681,0.9409919946373294,0.9612657759484878,0.13434471735769501,0.15461849866885358
2025-09-08 18:00:00,2025-09-08,valid_2025_09,1.3740551716574154,1.5620676918733494,1.3979085370197806,1.53667664866703,0.023853365362365344,0.16262147700961443
2025-09-08 19:00:00,2025-09-08,valid_2025_09,1.628792147027237,1.816804667243171,1.6553518969324947,1.7982386507563402,0.026559749905257814,0.1694465037291029
2025-09-08 20:00:00,2025-09-08,valid_2025_09,1.6240081342926544,1.8120206545085884,1.6574978410225178,1.7854072825611607,0.03348970672986309,0.16139914826850604
2025-09-08 21:00:00,2025-09-08,valid_2025_09,1.5110490151213178,1.6990615353372518,1.5497956541432907,1.7030184811370446,0.038746639021972826,0.19196946601572643
2025-09-08 22:00:00,2025-09-08,valid_2025_09,1.4646172497902523,1.6526297700061863,1.4970846588329951,1.6574736500611642,0.03246740904274303,0.19285640027091183
2025-09-08 23:00:00,2025-09-08,valid_2025_09,1.3736494764374272,1.5616619966533607,1.4241381672397373,1.5799431864183036,0.050488690802310145,0.2062937099808766
2025-09-09 00:00:00,2025-09-09,valid_2025_09,1.3018998047415835,1.4899123249575175,1.3334626136998173,1.4778672568123257,0.031562808958233886,0.17596745207074224
2025-09-09 01:00:00,2025-09-09,valid_2025_09,1.2033695148311945,1.3913820350471284,1.2411416367955486,1.4023030779644352,0.03777212196435385,0.19893356313324076
2025-09-09 02:00:00,2025-09-09,valid_2025_09,1.1410167542852832,1.329029274501217,1.1689947003062775,1.3084828648143567,0.02797794602099456,0.16746611052907362
2025-09-09 03:00:00,2025-09-09,valid_2025_09,1.1091616147019616,1.2971741349178951,1.132898804615138,1.2546219354488475,0.02373718991317658,0.14546032074688595
2025-09-09 04:00:00,2025-09-09,valid_2025_09,1.139515296262819,1.327527816478753,1.1659163422429222,1.2761272130572432,0.02640104598010311,0.1366119167944242
2025-09-09 05:00:00,2025-09-09,valid_2025_09,1.1241469161445177,1.3121594363604516,1.1453832195885947,1.2707951861175073,0.021236303444076964,0.14664826997298985
2025-09-09 06:00:00,2025-09-09,valid_2025_09,1.138808573085735,1.3268210933016689,1.1615015283838506,1.2791815141170573,0.022692955298115623,0.14037294103132233
2025-09-09 07:00:00,2025-09-09,valid_2025_09,1.0099638737533283,1.1979763939692623,1.0449026223587867,1.1748946908894822,0.03493874860545849,0.1649308171361539
2025-09-09 08:00:00,2025-09-09,valid_2025_09,0.5384099782171704,0.7264224984331041,0.6835371117142047,0.6951945340202467,0.14512713349703427,0.1567845558030763
2025-09-09 09:00:00,2025-09-09,valid_2025_09,0.10521391703934346,0.2932264372552772,0.4015152519370234,0.29290928548713946,0.29630133489767996,0.18769536844779594
2025-09-09 10:00:00,2025-09-09,valid_2025_09,-0.2206042270557872,-0.03259170683985346,0.17339687286269256,-0.024701949446445215,0.39400109991847976,0.19590227760934187
2025-09-09 11:00:00,2025-09-09,valid_2025_09,-0.37932695923175225,-0.19131443901581824,0.0857240639530511,-0.16707174081351506,0.4650510231848033,0.21225521841823702
2025-09-09 12:00:00,2025-09-09,valid_2025_09,-0.4775549939307062,-0.2895424737147723,-0.006122574217021892,-0.2710543277857678,0.4714324197136843,0.2065006661449383
2025-09-09 13:00:00,2025-09-09,valid_2025_09,-0.5031975967291136,-0.3151850765131796,-0.04504925400983972,-0.31558986807039413,0.4581483427192739,0.18760772865871933
2025-09-09 14:00:00,2025-09-09,valid_2025_09,-0.3304455942404972,-0.1424330740245633,0.12869827528334132,-0.1179351615368035,0.4591438695238386,0.2125104327036936
2025-09-09 15:00:00,2025-09-09,valid_2025_09,-0.10760075140620717,0.08041176880972656,0.3117969874105865,0.0762241511407602,0.4193977388167938,0.1838249025469674
2025-09-09 16:00:00,2025-09-09,valid_2025_09,0.21691317197090565,0.4049256921868394,0.5455083013487747,0.4058172868782737,0.32859512937786894,0.18890411490736805
2025-09-09 17:00:00,2025-09-09,valid_2025_09,0.782286103332954,0.9702986235488877,1.0091865537262896,0.9317538898140003,0.2269004503933356,0.1494677864810464
2025-09-09 18:00:00,2025-09-09,valid_2025_09,1.3799670311293304,1.5679795513452643,1.475487187535176,1.5381824851251724,0.09552015640584545,0.15821545399584167
2025-09-09 19:00:00,2025-09-09,valid_2025_09,1.733579680844882,1.9215922010608155,1.7861400396998492,1.8829693902931188,0.05256035885496722,0.14938970944823693
2025-09-09 20:00:00,2025-09-09,valid_2025_09,1.6797608963266968,1.8677734165426307,1.7221920076352384,1.8506892544471207,0.042431111308541714,0.1709283581204242
2025-09-09 21:00:00,2025-09-09,valid_2025_09,1.6526923993086848,1.840704919524618,1.7087166880501243,1.8289444583358527,0.05602428874143967,0.1762520590271687
2025-09-09 22:00:00,2025-09-09,valid_2025_09,1.6184514772907899,1.8064639975067238,1.668170194909072,1.7879167591733336,0.049718717618282116,0.1694652818825437
2025-09-09 23:00:00,2025-09-09,valid_2025_09,1.5688270974584322,1.7568396176743657,1.6112582087669738,1.7280832292999406,0.042431111308541714,0.15925613184150875
2025-09-10 00:00:00,2025-09-10,valid_2025_09,1.5457747026030284,1.733787222818962,1.5890843323102821,1.7164621206743296,0.04330962970725404,0.1706874180713015
2025-09-10 01:00:00,2025-09-10,valid_2025_09,1.4597350567085674,1.647747576924501,1.499990743824473,1.6305329443476277,0.04025568711590592,0.17079788763906056
2025-09-10 02:00:00,2025-09-10,valid_2025_09,1.3532107826795114,1.5412233028954454,1.3984504591836184,1.5399654567308316,0.045239676504106596,0.18675467405132012
2025-09-10 03:00:00,2025-09-10,valid_2025_09,1.2547835821335798,1.4427961023495137,1.3036169807546991,1.443947613179768,0.048833398621119586,0.1891640310461883
2025-09-10 04:00:00,2025-09-10,valid_2025_09,1.1631190789604284,1.3511315991763624,1.2059811007263064,1.3439618088295462,0.042862021765878035,0.18084272986911795
2025-09-10 05:00:00,2025-09-10,valid_2025_09,1.1017914264314883,1.2898039466474223,1.141764754718451,1.2730324557934187,0.039973328286962505,0.17124102936193014
2025-09-10 06:00:00,2025-09-10,valid_2025_09,1.0568069446099315,1.2448194648258655,1.0938102393467957,1.227360714858746,0.03700329473686389,0.1705537702488142
2025-09-10 07:00:00,2025-09-10,valid_2025_09,0.8510076126089006,1.0390201328248343,0.9307674010654334,1.0316006082452536,0.07975978845653275,0.18059299563635306
2025-09-10 08:00:00,2025-09-10,valid_2025_09,0.35467475068473475,0.5426872709006685,0.5518404557497716,0.5885446922025648,0.19716570506503683,0.23386994151783003
2025-09-10 09:00:00,2025-09-10,valid_2025_09,-0.13270704405857092,0.05530547615736281,0.29129265561786855,0.12622967342905156,0.4239996996764394,0.25893671748762254
2025-09-10 10:00:00,2025-09-10,valid_2025_09,-0.47779167869604056,-0.2897791584801066,0.06875881628064173,-0.17716001906899503,0.5465504949766823,0.30063165962704563
2025-09-10 11:00:00,2025-09-10,valid_2025_09,-0.7042087082664,-0.5161961880504661,-0.09333419857281777,-0.359926319478359,0.6108745096935823,0.34428238878804085
2025-09-10 12:00:00,2025-09-10,valid_2025_09,-0.8139987060909288,-0.6259861858749949,-0.08526268776450796,-0.42706429162193005,0.728736018326421,0.3869344144689989
2025-09-10 13:00:00,2025-09-10,valid_2025_09,-0.8480039952757792,-0.6599914750598452,-0.10789601846530839,-0.44536143063294875,0.7401079768104706,0.4026425646428302
2025-09-10 14:00:00,2025-09-10,valid_2025_09,-0.7367021954279314,-0.5486896752119974,-0.052869965048935263,-0.35068117896445106,0.683832230378996,0.3860210164634804
2025-09-10 15:00:00,2025-09-10,valid_2025_09,-0.5202052379999175,-0.33219271778398346,0.040073769928217096,-0.17919761242763294,0.5602790079281345,0.34100762557228426
2025-09-10 16:00:00,2025-09-10,valid_2025_09,-0.2571210045839112,-0.06910848436797723,0.19403496367393647,0.07528949074734448,0.45115596825784765,0.33241049533125566
2025-09-10 17:00:00,2025-09-10,valid_2025_09,0.16784561496425388,0.3558581351801876,0.5261017292124895,0.4893731511099585,0.3582561142482357,0.3215275361457046
2025-09-10 18:00:00,2025-09-10,valid_2025_09,0.5976588372182787,0.7856713574342122,0.8200502055659338,0.8623172933553622,0.22239136834765516,0.2646584561370837
2025-09-10 19:00:00,2025-09-10,valid_2025_09,0.7417810998479164,0.9297936200638499,0.9573233793990787,1.0572880395342368,0.21554227955116234,0.3155069396863205
2025-09-10 20:00:00,2025-09-10,valid_2025_09,0.6522334350870991,0.8402459553030328,0.8824383416270689,0.9550022167144638,0.23020490653996978,0.30276878162736476
2025-09-10 21:00:00,2025-09-10,valid_2025_09,0.5585734163591045,0.7465859365750382,0.8477210339151546,0.9161543787558621,0.28914761755605006,0.35758096239675763
2025-09-10 22:00:00,2025-09-10,valid_2025_09,0.4819480384973668,0.6699605587133005,0.7763731799057468,0.8457868534694403,0.29442514140838,0.3638388149720736
2025-09-10 23:00:00,2025-09-10,valid_2025_09,0.42625330806134376,0.6142658282772775,0.7373203884470252,0.8151224678305569,0.31106708038568137,0.388869159769213
2025-09-11 00:00:00,2025-09-11,valid_2025_09,0.3961138700436265,0.5841263902595603,0.6741885276851464,0.7568428709122678,0.27807465764151984,0.36072900086864124
2025-09-11 01:00:00,2025-09-11,valid_2025_09,0.4165702713284295,0.6045827915443632,0.657512820798691,0.7456176943864444,0.24094254947026156,0.3290474230580148
2025-09-11 02:00:00,2025-09-11,valid_2025_09,0.4357464710158446,0.6237589912317785,0.6760901467618858,0.7790814923065639,0.24034367574604099,0.343335021290719
2025-09-11 03:00:00,2025-09-11,valid_2025_09,0.48195943443051226,0.669971954646446,0.7182500472749065,0.8205271564204766,0.2362906128443942,0.3385677219899643
2025-09-11 04:00:00,2025-09-11,valid_2025_09,0.529668596206192,0.717681116422126,0.7003384084251443,0.8411638185665518,0.1706698122189524,0.3114952223603595
2025-09-11 05:00:00,2025-09-11,valid_2025_09,0.5929935175104601,0.7810060377263937,0.7556890534377674,0.8963647567858155,0.1626955359273074,0.3033712392753554
2025-09-11 06:00:00,2025-09-11,valid_2025_09,0.6713933298240138,0.8594058500399475,0.8199564972190296,0.9485589614403993,0.14856316739501588,0.27716563161638547
2025-09-11 07:00:00,2025-09-11,valid_2025_09,0.6019053125524794,0.7899178327684131,0.7570969938560905,0.8653727627023606,0.15519168130361125,0.2634674501498813
2025-09-11 08:00:00,2025-09-11,valid_2025_09,0.2979670094530792,0.48597952966901303,0.5208413634940534,0.5367152592722135,0.22287435404097422,0.23874824981913434
2025-09-11 09:00:00,2025-09-11,valid_2025_09,-0.0017032537001673287,0.1863092665157664,0.36634336064389417,0.2768079542365516,0.3680466143440615,0.27851120793671885
2025-09-11 10:00:00,2025-09-11,valid_2025_09,-0.1614673988436049,0.026545121372329117,0.30431128986675815,0.1439400322414266,0.465778688710363,0.3054074310850313
2025-09-11 11:00:00,2025-09-11,valid_2025_09,-0.1941132408651921,-0.006100720649258151,0.2855810629589385,0.06289128719322912,0.47969430382413053,0.257004528058421
2025-09-11 12:00:00,2025-09-11,valid_2025_09,-0.1786657905030642,0.009346729712869761,0.29518595633349265,0.10255602388256357,0.47385174683655695,0.28122181438562777
2025-09-11 13:00:00,2025-09-11,valid_2025_09,-0.09131105392358474,0.09670146629234921,0.38882447323462344,0.18734397417214554,0.4801355271582082,0.27865502809573034
2025-09-11 14:00:00,2025-09-11,valid_2025_09,0.11732726800712356,0.3053397882230573,0.5320585315180518,0.3482092830594934,0.41473126351092815,0.23088201505236985
2025-09-11 15:00:00,2025-09-11,valid_2025_09,0.38689894317992957,0.5749114633958634,0.6787379967741356,0.5841722275939003,0.291839053594206,0.1972732844139707
2025-09-11 16:00:00,2025-09-11,valid_2025_09,0.6348137870025643,0.822826307218498,0.8492784283292083,0.8542340341879286,0.21446464132664392,0.2194202471853644
2025-09-11 17:00:00,2025-09-11,valid_2025_09,0.9460051632441094,1.1340176834600433,1.1223768841666204,1.1961349963814274,0.17637172092251108,0.2501298331373182
2025-09-11 18:00:00,2025-09-11,valid_2025_09,1.3317110398847034,1.5197235601006378,1.4109114214463867,1.4884641647136099,0.07920038156168309,0.15675312482890588
2025-09-11 19:00:00,2025-09-11,valid_2025_09,1.4650246982307247,1.6530372184466586,1.501615206630863,1.625230530541595,0.03659050840013824,0.1602058323108705
2025-09-11 20:00:00,2025-09-11,valid_2025_09,1.4824615278760023,1.670474048091936,1.5398624756706527,1.7170261408912657,0.05740094779465057,0.23456461301526352
2025-09-11 21:00:00,2025-09-11,valid_2025_09,1.367126619626852,1.5551391398427854,1.4137417945756172,1.603719542478688,0.04661517494876555,0.23659292285183706
2025-09-11 22:00:00,2025-09-11,valid_2025_09,1.305773545400894,1.493786065616828,1.392344485384887,1.582685753727258,0.08657093998399283,0.2769122083263637
2025-09-11 23:00:00,2025-09-11,valid_2025_09,1.279205242186956,1.46721776240289,1.3072856526639454,1.523069423618146,0.02808041047698933,0.24386418143118974
2025-09-12 00:00:00,2025-09-12,valid_2025_09,1.216445909810814,1.404458430026748,1.2293337461336873,1.4616723195554195,0.012887836322873238,0.2452264097446055
2025-09-12 01:00:00,2025-09-12,valid_2025_09,1.1972250030010578,1.3852375232169918,1.2182590853193942,1.3863782868145085,0.021034082318336464,0.18915328381345078
2025-09-12 02:00:00,2025-09-12,valid_2025_09,1.196537740571345,1.384550260787279,1.2184779168932929,1.3647441457509972,0.021940176321947752,0.16820640517965216
2025-09-12 03:00:00,2025-09-12,valid_2025_09,1.186057339162326,1.3740698593782597,1.19005345761925,1.37399216038304,0.00399611845692412,0.18793482122071425
2025-09-12 04:00:00,2025-09-12,valid_2025_09,1.244380322425854,1.432392842641788,1.260059607258849,1.4077652128368032,0.015679284832994664,0.16338489041094914
2025-09-12 05:00:00,2025-09-12,valid_2025_09,1.288641951441874,1.476654471657808,1.3078429566169951,1.4516313071464533,0.019201005175121105,0.1629893557045793
2025-09-12 06:00:00,2025-09-12,valid_2025_09,1.363077732241193,1.5510902524571273,1.3725332239071704,1.5055034832623555,0.009455491665977218,0.1424257510211626
2025-09-12 07:00:00,2025-09-12,valid_2025_09,1.2545100797380813,1.4425225999540152,1.2676981731298227,1.3937127672663854,0.013188093391741228,0.139202687528304
2025-09-12 08:00:00,2025-09-12,valid_2025_09,0.8883278910848232,1.0763404113007566,0.9420420907327306,1.0183374068394206,0.05371419964790765,0.13000951575459752
2025-09-12 09:00:00,2025-09-12,valid_2025_09,0.5032598360562942,0.6912723562722279,0.6905467421018673,0.6792674928282166,0.18728690604557313,0.17600765677192243
2025-09-12 10:00:00,2025-09-12,valid_2025_09,0.2783554851194965,0.4663680053354302,0.593576456762273,0.43006246919856417,0.31522097164277657,0.15170698407906777
2025-09-12 11:00:00,2025-09-12,valid_2025_09,0.120795313446446,0.30880783366237974,0.504898046648568,0.31303668085077574,0.3841027332021221,0.19224136740432984
2025-09-12 12:00:00,2025-09-12,valid_2025_09,0.005388172513356104,0.19340069272928984,0.42868863344177055,0.20718045281049047,0.42330046092841445,0.20179228029713428
2025-09-12 13:00:00,2025-09-12,valid_2025_09,-0.04292655161748382,0.14508596859845013,0.3773635860933323,0.16890199016894625,0.42029013771081614,0.21182854178643007
2025-09-12 14:00:00,2025-09-12,valid_2025_09,0.07891560977993584,0.26692812999586957,0.4948672050167666,0.29093479504961894,0.4159515952368308,0.21201918526968302
2025-09-12 15:00:00,2025-09-12,valid_2025_09,0.2942554416885347,0.4822679619044685,0.6158834171704695,0.49597680795380916,0.3216279754819347,0.20172136626527426
2025-09-12 16:00:00,2025-09-12,valid_2025_09,0.5629531364500862,0.7509656566660199,0.7800930444019509,0.7648688549448814,0.21713990795186472,0.20191571849479537
2025-09-12 17:00:00,2025-09-12,valid_2025_09,0.9084489012910452,1.0964614215069788,0.9707942033657865,1.074299818887575,0.06234530207474126,0.16585091759652976
2025-09-12 18:00:00,2025-09-12,valid_2025_09,1.218803465395596,1.4068159856115299,1.2342900580294265,1.3761412461999056,0.01548659263383056,0.1573377808043097
2025-09-12 19:00:00,2025-09-12,valid_2025_09,1.2940437990750047,1.4820563192909386,1.3123453506706584,1.4511496089042102,0.018301551595653578,0.1571058098292058
2025-09-12 20:00:00,2025-09-12,valid_2025_09,1.197623334695014,1.385635854910948,1.2095157549645117,1.3597971101917214,0.011892420269497644,0.16217377549670758
2025-09-12 21:00:00,2025-09-12,valid_2025_09,1.0838505458970715,1.2718630661130055,1.167151278933019,1.3065556690428712,0.08330073303594741,0.22270512314579952
2025-09-12 22:00:00,2025-09-12,valid_2025_09,0.9737198973325092,1.1617324175484427,1.0296258267464253,1.2007527009143115,0.055905929413916304,0.22703280358180228
2025-09-12 23:00:00,2025-09-12,valid_2025_09,0.8701873187372839,1.0581998389532177,0.9554490376352274,1.1114611356922988,0.08526171889794337,0.2412738169550147
2025-09-13 00:00:00,2025-09-13,valid_2025_09,0.721536487597576,0.9095490078135098,0.8610515743508578,0.9947805958994671,0.13951508675328178,0.273244108301891
2025-09-13 01:00:00,2025-09-13,valid_2025_09,0.6540078695389158,0.8420203897548495,0.7971707471614826,0.9688811579897028,0.14316287762256683,0.3148732884507871
2025-09-13 02:00:00,2025-09-13,valid_2025_09,0.6108367436639197,0.7988492638798534,0.7621329540330004,0.9344857696402302,0.15129621036908072,0.3236490259763105
2025-09-13 03:00:00,2025-09-13,valid_2025_09,0.5881297332438562,0.7761422534597899,0.7508656686550528,0.8895894819876207,0.1627359354111966,0.30145974874376447
2025-09-13 04:00:00,2025-09-13,valid_2025_09,0.5963959925036819,0.7844085127196154,0.7553465605353324,0.8938480060528999,0.15895056803165072,0.29745201354921796
2025-09-13 05:00:00,2025-09-13,valid_2025_09,0.5822443474012489,0.7702568676171824,0.7278883876071083,0.8599188455349949,0.1456440402058597,0.27767449813374606
2025-09-13 06:00:00,2025-09-13,valid_2025_09,0.6207917048938965,0.8088042251098302,0.7706680730609967,0.8850645008269313,0.1498763681671003,0.26427279593303477
2025-09-13 07:00:00,2025-09-13,valid_2025_09,0.4912788532350526,0.6792913734509863,0.6719858156362329,0.7459389236684598,0.18070696240118042,0.25466007043340716
2025-09-13 08:00:00,2025-09-13,valid_2025_09,0.04726945407830219,0.23528197429423592,0.3348509709140802,0.3851055402617719,0.28758151683577815,0.33783608618346966
2025-09-13 09:00:00,2025-09-13,valid_2025_09,-0.4748220738403088,-0.2868095536243748,0.015034845237229755,-0.09964106755381485,0.48985691907753864,0.3751810062864941
2025-09-13 10:00:00,2025-09-13,valid_2025_09,-0.8789464082751506,-0.6909338880592166,-0.1491507526739495,-0.3899301074919692,0.7297956556012011,0.48901630078318137
2025-09-13 11:00:00,2025-09-13,valid_2025_09,-1.181938848923454,-0.9939263287075198,-0.1851921807379261,-0.5301409341694944,0.9967466681855276,0.6517979147539593
2025-09-13 12:00:00,2025-09-13,valid_2025_09,-1.3775965017129668,-1.1895839814970328,-0.3670789285179641,-0.6606658425409444,1.0105175731950027,0.7169306591720223
2025-09-13 13:00:00,2025-09-13,valid_2025_09,-1.4740692120633803,-1.2860566918474463,-0.45949533042437496,-0.7265434409088352,1.0145738816390053,0.7475257711545452
2025-09-13 14:00:00,2025-09-13,valid_2025_09,-1.4254348758383144,-1.2374223556223805,-0.432802594044262,-0.7237275418236956,0.9926322817940524,0.701707334014619
2025-09-13 15:00:00,2025-09-13,valid_2025_09,-1.2613281788781556,-1.0733156586622217,-0.28285621859595433,-0.5895364029419675,0.9784719602822013,0.6717917759361878
2025-09-13 16:00:00,2025-09-13,valid_2025_09,-0.9902652143616933,-0.8022526941457594,-0.1462075968809251,-0.4019880262154226,0.8440576174807681,0.5882771881462705
2025-09-13 17:00:00,2025-09-13,valid_2025_09,-0.4646109670976262,-0.2765984468816923,0.07907754144268309,0.02335016080602481,0.5436885085403094,0.4879611279036512
2025-09-13 18:00:00,2025-09-13,valid_2025_09,0.18592815571377397,0.3739406759297077,0.5416999424909037,0.6717609398943352,0.3557717867771298,0.4858327841805611
2025-09-13 19:00:00,2025-09-13,valid_2025_09,0.5056417614058026,0.6936542816217361,0.7436725002994256,0.8794575974607493,0.2380307388936229,0.3738158360549465
2025-09-13 20:00:00,2025-09-13,valid_2025_09,0.625218761937945,0.8132312821538785,0.8092595275252097,0.9322947977710769,0.18404076558726484,0.3070760358331321
2025-09-13 21:00:00,2025-09-13,valid_2025_09,0.7314697088935512,0.919482229109485,0.904766673920916,1.051613416985398,0.17329696502736472,0.32014370809184667
2025-09-13 22:00:00,2025-09-13,valid_2025_09,0.8033750665683702,0.9913875867843037,0.9267835337252536,1.097283921864499,0.12340846715688353,0.29390885529612887
2025-09-13 23:00:00,2025-09-13,valid_2025_09,0.8319630797798311,1.0199755999957647,0.9791649528382099,1.0800093906519885,0.14720187305837892,0.24804631087215748
2025-09-14 00:00:00,2025-09-14,valid_2025_09,0.9571179512816936,1.1451304714976274,1.0912955886771618,1.2020367884729135,0.13417763739546815,0.24491883719121982
2025-09-14 01:00:00,2025-09-14,valid_2025_09,1.0036447411629899,1.1916572613789236,1.0959177719648303,1.2724313296687508,0.0922730308018405,0.2687865885057611
2025-09-14 02:00:00,2025-09-14,valid_2025_09,1.0186319711480782,1.206644491364012,1.075007577258439,1.2412783609094615,0.05637560611036094,0.2226463897613833
2025-09-14 03:00:00,2025-09-14,valid_2025_09,1.0445133625764007,1.2325258827923342,1.0858834704645326,1.3039271513415174,0.041370107888131974,0.2594137887651167
2025-09-14 04:00:00,2025-09-14,valid_2025_09,1.0917822906885575,1.2797948109044914,1.1270359502072091,1.2856649104189088,0.035253659518651684,0.19388261973035129
2025-09-14 05:00:00,2025-09-14,valid_2025_09,1.1878337021566745,1.3758462223726085,1.2269608640618963,1.3832958234137114,0.03912716190522143,0.19546212125703638
2025-09-14 06:00:00,2025-09-14,valid_2025_09,1.2310381392208665,1.4190506594368004,1.2490578291155117,1.4180353872788636,0.018019689894645172,0.186997248057997
2025-09-14 07:00:00,2025-09-14,valid_2025_09,1.0794234888530232,1.2674360090689571,1.0883957283724475,1.252762473770146,0.00897223951942424,0.1733389849171226
2025-09-14 08:00:00,2025-09-14,valid_2025_09,0.6547500077697762,0.8427625279857099,0.7479516336863908,0.8005377129228078,0.0932016259166146,0.14578770515303174
2025-09-14 09:00:00,2025-09-14,valid_2025_09,0.202816052025524,0.39082857224145784,0.4867856405872698,0.42028481620623126,0.283969588561746,0.2174687641807074
2025-09-14 10:00:00,2025-09-14,valid_2025_09,-0.04252225897388229,0.14549026124205144,0.35043741934634864,0.2069066891197857,0.39295967832023093,0.2494289480936679
2025-09-14 11:00:00,2025-09-14,valid_2025_09,-0.1477700131685663,0.04024250704736765,0.30895476673580446,0.09474132831720172,0.4567247799043707,0.24251134148576803
2025-09-14 12:00:00,2025-09-14,valid_2025_09,-0.169717879119075,0.018294641096858966,0.2870069007852958,0.06787250404449696,0.4567247799043707,0.23759038316357184
2025-09-14 13:00:00,2025-09-14,valid_2025_09,-0.1274994532550625,0.06051306696087144,0.32195545268164005,0.09324209414688378,0.44945490593670256,0.22074154740194618
2025-09-14 14:00:00,2025-09-14,valid_2025_09,0.029448669147037032,0.21746118936297076,0.43163436185142856,0.2137927428760238,0.40218569270439153,0.18434407372898687
2025-09-14 15:00:00,2025-09-14,valid_2025_09,0.30702502308346147,0.4950375432993952,0.6395669574808491,0.4861041933025827,0.33254193439738766,0.17907917021912126
2025-09-14 16:00:00,2025-09-14,valid_2025_09,0.6355262958072455,0.8235388160231792,0.7404474718260211,0.6646571641867839,0.10492117601877564,0.029130868379538405
2025-09-14 17:00:00,2025-09-14,valid_2025_09,1.1286314788204403,1.3166439990363743,1.0991667036144788,1.1507196079594963,-0.029464775205961878,0.022088129139055612
2025-09-14 18:00:00,2025-09-14,valid_2025_09,1.6273055913788876,1.8153181115948216,1.5800003717129758,1.6667791278454513,-0.047305219665911724,0.03947353646656354
2025-09-14 19:00:00,2025-09-14,valid_2025_09,1.715243975057477,1.903256495273411,1.6580515847785375,1.7415707302206829,-0.057192390278939985,0.026326755163205706
2025-09-14 20:00:00,2025-09-14,valid_2025_09,1.620793429213264,1.808805949429198,1.5985103694647504,1.7412097439097254,-0.02228305974851345,0.12041631469646125
2025-09-14 21:00:00,2025-09-14,valid_2025_09,1.5283306847537652,1.7163432049696992,1.5297086085857377,1.669194841268086,0.0013779238319724817,0.14086415651432055
2025-09-14 22:00:00,2025-09-14,valid_2025_09,1.4356749107189832,1.6236874309349174,1.4419945847411253,1.6022664359127758,0.006319674022141951,0.1665915251937926
2025-09-14 23:00:00,2025-09-14,valid_2025_09,1.3038020489666808,1.491814569182615,1.307741563192746,1.4448275098580166,0.003939514226065224,0.1410254608913355
2025-09-15 00:00:00,2025-09-15,valid_2025_09,1.1044831458405129,1.2924956660564466,1.129946745078077,1.294873685338313,0.025463599237564076,0.19039053949780008
2025-09-15 01:00:00,2025-09-15,valid_2025_09,0.984741517904927,1.1727540381208608,1.0632360707395858,1.2293370728765056,0.07849455283465884,0.24459555497157862
2025-09-15 02:00:00,2025-09-15,valid_2025_09,0.9337722426393229,1.1217847628552566,1.022756261089805,1.1775771747199266,0.08898401845048219,0.24380493208060383
2025-09-15 03:00:00,2025-09-15,valid_2025_09,0.8887107944385205,1.0767233146544544,0.9859849981517578,1.1348526345271406,0.09727420371323732,0.24614184008862003
2025-09-15 04:00:00,2025-09-15,valid_2025_09,0.9195899161784211,1.107602436394355,1.0192249954168047,1.1719655003647385,0.09963507923838359,0.25237558418631745
2025-09-15 05:00:00,2025-09-15,valid_2025_09,0.9132199401940473,1.1012324604099808,1.0559694214986304,1.2039093503059224,0.14274948130458312,0.29068941011187527
2025-09-15 06:00:00,2025-09-15,valid_2025_09,0.9136426416527301,1.1016551618686639,1.102041957544493,1.2137322552496117,0.18839931589176284,0.3000896135968815
2025-09-15 07:00:00,2025-09-15,valid_2025_09,0.7386473935548855,0.9266599137708192,0.8538375374589827,0.9616354049938004,0.11519014390409722,0.22298801143891497
2025-09-15 08:00:00,2025-09-15,valid_2025_09,0.32846463041566987,0.5164771506316036,0.5592007338876438,0.5688215214975963,0.23073610347197387,0.24035689108192643
2025-09-15 09:00:00,2025-09-15,valid_2025_09,-0.10025826401938076,0.08775425619655297,0.26821060056776,0.23352322021175898,0.3684688645871408,0.33378148423113985
2025-09-15 10:00:00,2025-09-15,valid_2025_09,-0.4169700055987725,-0.22895748538283855,0.1111796580249137,-0.06859710234991556,0.5281496636236861,0.34837290324885706
2025-09-15 11:00:00,2025-09-15,valid_2025_09,-0.6472511331157801,-0.45923861289984613,0.05307580005964352,-0.1698108828086481,0.7003269331754235,0.477440250307132
2025-09-15 12:00:00,2025-09-15,valid_2025_09,-0.7905635832038769,-0.6025510629879429,-0.04554665294613969,-0.3061047017979699,0.7450169302577372,0.4844588814059071
2025-09-15 13:00:00,2025-09-15,valid_2025_09,-0.853596943941662,-0.665584423725728,-0.06752960173823719,-0.35241078893799505,0.7860673422034247,0.501186155003667
2025-09-15 14:00:00,2025-09-15,valid_2025_09,-0.7549893370079301,-0.5669768167919962,-0.018440221109126242,-0.2648625774453462,0.7365491158988041,0.4901267595625838
2025-09-15 15:00:00,2025-09-15,valid_2025_09,-0.5429685267975164,-0.35495600658158244,0.0604170243317963,-0.14428907595858043,0.6033855511293127,0.39867945083893597
2025-09-15 16:00:00,2025-09-15,valid_2025_09,-0.24254911253147354,-0.054536592315539534,0.18036813234442317,0.07226600802430327,0.42291724487589666,0.3148151205557766
2025-09-15 17:00:00,2025-09-15,valid_2025_09,0.29075899407737205,0.4787715142933058,0.5240697004616648,0.5381099228215109,0.23331070638429283,0.247350928744139
2025-09-15 18:00:00,2025-09-15,valid_2025_09,0.870827068891881,1.0588395891078148,0.968868269072715,1.1119885515840071,0.09804120018083394,0.24116148269212598
2025-09-15 19:00:00,2025-09-15,valid_2025_09,1.1663755106873366,1.3543880309032705,1.1729681479340102,1.368256804719875,0.006592637246673622,0.20188129403253832
2025-09-15 20:00:00,2025-09-15,valid_2025_09,1.2808052312006188,1.4688177514165528,1.278844941066404,1.4550103350501085,-0.0019602901342148597,0.17420510384948956
2025-09-15 21:00:00,2025-09-15,valid_2025_09,1.3314473555239161,1.5194598757398496,1.3365035005971093,1.4842039281910477,0.005056145073193191,0.1527565726671316
2025-09-15 22:00:00,2025-09-15,valid_2025_09,1.3410502700807132,1.5290627902966472,1.3521065767749751,1.4883072187150506,0.01105630669426197,0.14725694863433728
2025-09-15 23:00:00,2025-09-15,valid_2025_09,1.3304792271726726,1.5184917473886066,1.3376541385905854,1.475007405902239,0.007174911417912354,0.14452817872956653
2025-09-16 00:00:00,2025-09-16,valid_2025_09,1.3556354866088287,1.5436480068247627,1.3741576443898853,1.4988924321891157,0.018522157781056453,0.1432569455802869
2025-09-16 01:00:00,2025-09-16,valid_2025_09,1.3576222360612533,1.5456347562771873,1.3718092618702968,1.5167138486941725,0.014187025809043392,0.1590916126329189
2025-09-16 02:00:00,2025-09-16,valid_2025_09,1.332448795064354,1.520461315280288,1.3523503119880798,1.512705733240839,0.019901516923725743,0.18025693817648517
2025-09-16 03:00:00,2025-09-16,valid_2025_09,1.2989729784656598,1.4869854986815936,1.3811760787198584,1.513819589556741,0.08220310025419841,0.21484661109108139
2025-09-16 04:00:00,2025-09-16,valid_2025_09,1.2992810193046913,1.4872935395206255,1.4098892349120216,1.5305184463403567,0.11060821560733036,0.23123742703566494
2025-09-16 05:00:00,2025-09-16,valid_2025_09,1.3271414460153088,1.5151539662312428,1.4283569870352717,1.6013786759593516,0.10121554101996248,0.27423722994404265
2025-09-16 06:00:00,2025-09-16,valid_2025_09,1.3749321325434927,1.5629446527594264,1.453601534328679,1.5797062364750083,0.07866940178518618,0.20477410393151552
2025-09-16 07:00:00,2025-09-16,valid_2025_09,1.366329079628698,1.5543415998446317,1.4426642578796303,1.5841357582285056,0.07633517825093233,0.21780667859980718
2025-09-16 08:00:00,2025-09-16,valid_2025_09,1.2031377390832148,1.3911502592991485,1.2655792657664047,1.3919153923317453,0.06244152668318985,0.18877765324853069
2025-09-16 09:00:00,2025-09-16,valid_2025_09,0.9366746991505197,1.1246872193664534,0.9925749492662104,1.068695469451587,0.055900250115690574,0.1320207703010673
2025-09-16 10:00:00,2025-09-16,valid_2025_09,0.7817362933891837,0.9697488136051174,0.9029717205956304,0.8860187810164791,0.1212354272064466,0.10428248762729538
2025-09-16 11:00:00,2025-09-16,valid_2025_09,0.7417141268254293,0.929726647041363,0.9197737713663403,0.8410506665374609,0.17805964454091103,0.09933653971203169
2025-09-16 12:00:00,2025-09-16,valid_2025_09,0.7401872471059482,0.9281997673218819,0.914747576604995,0.8488229792448484,0.17456032949904668,0.10863573213890011
2025-09-16 13:00:00,2025-09-16,valid_2025_09,0.7692323248975774,0.9572448451135112,0.9345630294772342,0.8846009663782586,0.16533070457965676,0.11536864148068117
2025-09-16 14:00:00,2025-09-16,valid_2025_09,0.8929891783855293,1.081001698601463,1.0312810587964552,1.0222391442598955,0.138291880410926,0.12924996587436619
2025-09-16 15:00:00,2025-09-16,valid_2025_09,1.0443184044585836,1.2323309246745175,1.1291024979604307,1.163680554524579,0.08478409350184699,0.11936215006599535
2025-09-16 16:00:00,2025-09-16,valid_2025_09,1.1714011172046093,1.359413637420543,1.1890733155388733,1.339982496128762,0.017672198334263933,0.16858137892415276
2025-09-16 17:00:00,2025-09-16,valid_2025_09,1.3642802661711415,1.5522927863870752,1.384689760071073,1.5293055608750834,0.02040949389993187,0.16502529470394184
2025-09-16 18:00:00,2025-09-16,valid_2025_09,1.6510319241883253,1.8390444444042593,1.6678924597406366,1.813014600248975,0.016860535552310988,0.16198267606064973
2025-09-16 19:00:00,2025-09-16,valid_2025_09,1.7848650617637443,1.9728775819796778,1.8050754173264973,1.950555756749465,0.020210355562753298,0.16569069498572064
2025-09-16 20:00:00,2025-09-16,valid_2025_09,1.8000156918979373,1.9880282121138713,1.822548229660331,1.9545857202935615,0.022532537762393747,0.15457002839562423
2025-09-16 21:00:00,2025-09-16,valid_2025_09,1.7925222522274415,1.9805347724433755,1.8071831245823495,1.9611694032049516,0.01466087235490759,0.16864715097750976
2025-09-16 22:00:00,2025-09-16,valid_2025_09,1.8567995228985972,2.044812043114531,1.868631051209536,2.0346836874679326,0.011831528310939319,0.17788416456933587
2025-09-16 23:00:00,2025-09-16,valid_2025_09,1.8945516195797198,2.082564139795654,1.9071570229082733,2.0535703252460253,0.01260540332855332,0.15901870566630535
2025-09-17 00:00:00,2025-09-17,valid_2025_09,1.9028638132162248,2.0908763334321585,1.9522706902804787,2.051513117057892,0.0494068770642539,0.14864930384166752
2025-09-17 01:00:00,2025-09-17,valid_2025_09,1.9126695753830159,2.10068209559895,1.963298022917116,2.068189307556125,0.05062844753410028,0.15551973217310897
2025-09-17 02:00:00,2025-09-17,valid_2025_09,1.888514404843201,2.076526925059135,1.9491101208796406,2.054481904983067,0.0605957160364395,0.165967500139866
2025-09-17 03:00:00,2025-09-17,valid_2025_09,1.9279527489857968,2.115965269201731,1.9863902642252134,2.0911413819561973,0.05843751523941675,0.1631886329704004
2025-09-17 04:00:00,2025-09-17,valid_2025_09,1.945761612017771,2.1337741322337047,2.020111315854983,2.1402866927089317,0.07434970383721168,0.1945250806911602
2025-09-17 05:00:00,2025-09-17,valid_2025_09,1.979109268199088,2.1671217884150216,2.024442935188218,2.169082486219053,0.045333666989130245,0.1899732180199651
2025-09-17 06:00:00,2025-09-17,valid_2025_09,2.004776942050416,2.19278946226635,2.059967117295992,2.188445187358444,0.055190175245575755,0.1836682453080281
2025-09-17 07:00:00,2025-09-17,valid_2025_09,1.9056985954167407,2.093711115632675,1.9452058622669879,2.075119611775662,0.03950726685024755,0.16942101635892132
2025-09-17 08:00:00,2025-09-17,valid_2025_09,1.4224736864409055,1.6104862066568395,1.4723649437034507,1.568589616360201,0.04989125726254555,0.1461159299192952
2025-09-17 09:00:00,2025-09-17,valid_2025_09,0.9036580509965745,1.091670571212508,1.0816729049849334,1.035902587955253,0.17801485398835876,0.13224453695867866
2025-09-17 10:00:00,2025-09-17,valid_2025_09,0.5804048684694781,0.7684173886854119,0.8644623874444036,0.7234295375058405,0.2840575189749256,0.14302466903636235
2025-09-17 11:00:00,2025-09-17,valid_2025_09,0.3868770279238799,0.5748895481398136,0.7252485753763073,0.5437321894538335,0.3383715474524274,0.15685516152995366
2025-09-17 12:00:00,2025-09-17,valid_2025_09,0.30800086560483364,0.49601338582076737,0.6724491092355009,0.5086791745209329,0.3644482436306673,0.2006783089160994
2025-09-17 13:00:00,2025-09-17,valid_2025_09,0.30714915109372565,0.4951616713096594,0.6778030205964036,0.5177580280397502,0.370653869502678,0.2106088769460247
2025-09-17 14:00:00,2025-09-17,valid_2025_09,0.4354336964815063,0.62344621669744,0.7952268604215412,0.6664036609579026,0.3597931639400349,0.23096996447639628
2025-09-17 15:00:00,2025-09-17,valid_2025_09,0.6377108085302604,0.8257233287461941,0.9443424490983124,0.8364760937393964,0.306631640568052,0.19876528520913586
2025-09-17 16:00:00,2025-09-17,valid_2025_09,0.9366669849803902,1.1246795051963239,1.1234505660720178,1.116153610270997,0.18678358109162765,0.1794866252906068
2025-09-17 17:00:00,2025-09-17,valid_2025_09,1.4275585518105358,1.61557107202647,1.475747942250019,1.5917980618330596,0.04818939043948304,0.1642395100225234
2025-09-17 18:00:00,2025-09-17,valid_2025_09,1.9176296114541886,2.1056421316701224,1.9420159652140752,2.099993851756609,0.02438635375988644,0.18236424030242016
2025-09-17 19:00:00,2025-09-17,valid_2025_09,2.06578603441742,2.2537985546333537,2.0947083337888777,2.2359528928482346,0.028922299371457582,0.17016685843081447
2025-09-17 20:00:00,2025-09-17,valid_2025_09,2.0536714561953007,2.2416839764112346,2.06876820063716,2.210972427818593,0.015096744441859567,0.1573009716232919
2025-09-17 21:00:00,2025-09-17,valid_2025_09,2.0391041225161213,2.2271166427320552,2.063750537643728,2.214407661518762,0.024646415127606583,0.17530353900264098
2025-09-17 22:00:00,2025-09-17,valid_2025_09,2.0231696275035493,2.2111821477194833,2.046921007663878,2.2122946673031443,0.023751380160328548,0.18912503979959497
2025-09-17 23:00:00,2025-09-17,valid_2025_09,2.0044792452122393,2.1924917654281733,2.0297630517447547,2.1924144752816357,0.025283806532515232,0.18793523006939628
2025-09-18 00:00:00,2025-09-18,valid_2025_09,1.9502607264237106,2.1382732466396446,1.9793647999664103,2.1363853386260363,0.029104073542699754,0.18612461220232576
2025-09-18 01:00:00,2025-09-18,valid_2025_09,1.9248323671684437,2.1128448873843775,1.9550801570859802,2.109174974509381,0.030247789917536304,0.1843426073409375
2025-09-18 02:00:00,2025-09-18,valid_2025_09,1.8881704229842484,2.0761829432001817,1.9177583932376512,2.0558530797331827,0.029587970253402988,0.1676826567489344
2025-09-18 03:00:00,2025-09-18,valid_2025_09,1.8802483209054237,2.068260841121358,1.8959446911784725,2.0442228768782913,0.015696370273048644,0.16397455597286764
2025-09-18 04:00:00,2025-09-18,valid_2025_09,1.8524299714864219,2.0404424917023554,1.8676039461085083,2.020397996224964,0.015173974622086335,0.16796802473854203
2025-09-18 05:00:00,2025-09-18,valid_2025_09,1.8290534061635337,2.017065926379468,1.845516021334838,2.0021891559144396,0.01646261517130439,0.1731357497509053
2025-09-18 06:00:00,2025-09-18,valid_2025_09,1.8394873472297284,2.0274998674456626,1.8626709657351859,2.0195305911240986,0.023183618505457377,0.18004324389437038
2025-09-18 07:00:00,2025-09-18,valid_2025_09,1.681942954541034,1.869955474756968,1.7004330615072103,1.8535046234006183,0.018490106966176666,0.17156166885958468
2025-09-18 08:00:00,2025-09-18,valid_2025_09,1.244111027759518,1.4321235479754515,1.2695350855629561,1.3768190516147043,0.025424057803438503,0.1327080238551864
2025-09-18 09:00:00,2025-09-18,valid_2025_09,0.745764416787475,0.9337769370034087,0.8955389518377151,0.8795779332910713,0.1497745350502401,0.1338135165035963
2025-09-18 10:00:00,2025-09-18,valid_2025_09,0.4880404796791291,0.6760529998950628,0.7542941274697363,0.6497766398878015,0.26625364779060723,0.16173616020867232
2025-09-18 11:00:00,2025-09-18,valid_2025_09,0.3809763890630624,0.5689889092789961,0.7395898830075738,0.5552287070959625,0.35861349394451136,0.17425231803290006
2025-09-18 12:00:00,2025-09-18,valid_2025_09,0.37327466679907195,0.5612871870150057,0.7491809010464895,0.5738568270987375,0.37590623424741754,0.20058216029966566
2025-09-18 13:00:00,2025-09-18,valid_2025_09,0.4272806952649445,0.6152932154808782,0.7789453879474094,0.6445257265532595,0.351664692682465,0.21724503128831502
2025-09-18 14:00:00,2025-09-18,valid_2025_09,0.5857958461356081,0.7738083663515418,0.8646616143803123,0.7527770221724954,0.27886576824470416,0.16698117603688734
2025-09-18 15:00:00,2025-09-18,valid_2025_09,0.837764661683305,1.0257771818992387,1.028179562194136,0.9764729962383418,0.19041490051083104,0.13870833455503687
2025-09-18 16:00:00,2025-09-18,valid_2025_09,1.1070251402202074,1.2950376604361413,1.1805145764774607,1.256648991410538,0.07348943625725325,0.14962385119033042
2025-09-18 17:00:00,2025-09-18,valid_2025_09,1.4433080820620507,1.6313206022779845,1.470801609239634,1.5989508570710953,0.0274935271775832,0.15564277500904444
2025-09-18 18:00:00,2025-09-18,valid_2025_09,1.801633037794391,1.989645558010325,1.7993346416376723,1.9465643462644273,-0.0022983961567188396,0.14493130847003632
2025-09-18 19:00:00,2025-09-18,valid_2025_09,1.90865101871173,2.096663538927664,1.9283428321876352,2.0822325313625814,0.019691813475905002,0.1735815126508508
2025-09-18 20:00:00,2025-09-18,valid_2025_09,1.8397755766772914,2.027788096893225,1.855324224854124,1.9966167827619568,0.015548648176832727,0.15684120608466526
2025-09-18 21:00:00,2025-09-18,valid_2025_09,1.781051982533178,1.969064502749112,1.8050116129315343,1.9260589533488153,0.02395963039835579,0.14500697081563702
2025-09-18 22:00:00,2025-09-18,valid_2025_09,1.7013866956743016,1.889399215890235,1.7119386648789332,1.83332239834156,0.010551969204631593,0.13193570266725882
2025-09-18 23:00:00,2025-09-18,valid_2025_09,1.6787191327151274,1.866731652931061,1.6827239722081893,1.823848218658434,0.004004839493062038,0.14512908594330648
2025-09-19 00:00:00,2025-09-19,valid_2025_09,1.5381650244144454,1.7261775446303793,1.5463542767240273,1.6866514355860605,0.008189252309581792,0.14848641117161487
2025-09-19 01:00:00,2025-09-19,valid_2025_09,1.523000719160477,1.711013239376411,1.5442091924363592,1.6884338912260137,0.02120847327588201,0.1654331720655366
2025-09-19 02:00:00,2025-09-19,valid_2025_09,1.5164948685885966,1.7045073888045303,1.524684120898178,1.6928464828456402,0.008189252309581792,0.17635161425704352
2025-09-19 03:00:00,2025-09-19,valid_2025_09,1.501125611860053,1.6891381320759868,1.526260073433057,1.6730028158330188,0.025134461573003784,0.17187720397296596
2025-09-19 04:00:00,2025-09-19,valid_2025_09,1.5442774523097256,1.7322899725256595,1.5506206363623514,1.7049635792905276,0.0063431840526257,0.1606861269808021
2025-09-19 05:00:00,2025-09-19,valid_2025_09,1.5938006713201598,1.7818131915360933,1.6032193854415207,1.7579703351336584,0.009418714121361053,0.16416966381349865
2025-09-19 06:00:00,2025-09-19,valid_2025_09,1.6763561421468451,1.864368662362779,1.685532622570947,1.8514723559503992,0.009176480424101687,0.1751162138035541
2025-09-19 07:00:00,2025-09-19,valid_2025_09,1.59981456822424,1.787827088440174,1.6069838276488828,1.7707264415429784,0.007169259424642384,0.17091187331873764
2025-09-19 08:00:00,2025-09-19,valid_2025_09,1.1942990533353761,1.38231157355131,1.2161238908580372,1.3644987014083076,0.021824837522661067,0.1701996480729318
2025-09-19 09:00:00,2025-09-19,valid_2025_09,0.7653289548120875,0.9533414750280212,0.9137198104422125,0.8892859315921432,0.148390855630125,0.1239569767800557
2025-09-19 10:00:00,2025-09-19,valid_2025_09,0.4771105525380226,0.6651230727539563,0.69361213046781,0.6007668575779417,0.21650157792978744,0.12365630503991919
2025-09-19 11:00:00,2025-09-19,valid_2025_09,0.31736639410810275,0.5053789143240365,0.6500019577491928,0.472367832054717,0.3326355636410901,0.15500143794661425
2025-09-19 12:00:00,2025-09-19,valid_2025_09,0.25630154932970817,0.4443140695456419,0.5945746953555121,0.43795049444191714,0.33827314602580383,0.18164894511220894
2025-09-19 13:00:00,2025-09-19,valid_2025_09,0.27236841248881993,0.46038093270475366,0.6217745597786488,0.46980401338179134,0.3494061472898288,0.19743560089297135
2025-09-19 14:00:00,2025-09-19,valid_2025_09,0.4111964752230418,0.5992089954389755,0.7306916130527769,0.6013139768103789,0.3194951378297351,0.19011750158733715
2025-09-19 15:00:00,2025-09-19,valid_2025_09,0.6232898687614914,0.8113023889774251,0.8216543545172048,0.7537372938544764,0.19836448575571347,0.13044742509298507
2025-09-19 16:00:00,2025-09-19,valid_2025_09,0.8846543682047812,1.0726668884207151,0.9984854289130782,1.0426901773277746,0.11383106070829703,0.15803580912299336
2025-09-19 17:00:00,2025-09-19,valid_2025_09,1.304283833955673,1.492296354171607,1.3476003480533458,1.4821179801172384,0.04331651409767294,0.17783414616156493
2025-09-19 18:00:00,2025-09-19,valid_2025_09,1.6679519044349316,1.8559644246508655,1.7069392742734022,1.8648319409020166,0.03898736983847024,0.19688003646708474
2025-09-19 19:00:00,2025-09-19,valid_2025_09,1.7470800045375228,1.9350925247534567,1.7554945647849318,1.9325083476474223,0.00841456024740876,0.1854283431098994
2025-09-19 20:00:00,2025-09-19,valid_2025_09,1.7683651531450941,1.956377673361028,1.7523902855654674,1.8637996085099449,-0.015974867579627194,0.0954344553648507
2025-09-19 21:00:00,2025-09-19,valid_2025_09,1.7480209579712644,1.9360334781871984,1.7091994705821394,1.8285472630826631,-0.03882148738912508,0.08052630511139856
2025-09-19 22:00:00,2025-09-19,valid_2025_09,1.727252308118269,1.9152648283342029,1.6865085309756938,1.7736999266988216,-0.040743777142574975,0.04644761858055285
2025-09-19 23:00:00,2025-09-19,valid_2025_09,1.693842061965674,1.881854582181608,1.644270474588775,1.7359294359359128,-0.04957158737689916,0.042087373970238456
2025-09-20 00:00:00,2025-09-20,valid_2025_09,1.7131734216659196,1.9011859418818535,1.7123893045257124,1.8766248418972775,-0.0007841171402072544,0.16345142023135795
2025-09-20 01:00:00,2025-09-20,valid_2025_09,1.7502777033782189,1.9382902235941528,1.747777440323869,1.9000821274519453,-0.002500263054350081,0.1498044240737261
2025-09-20 02:00:00,2025-09-20,valid_2025_09,1.7365356105808392,1.9245481307967731,1.7327817084485577,1.8844535757964271,-0.0037539021322812787,0.14791796521558812
2025-09-20 03:00:00,2025-09-20,valid_2025_09,1.7018050140817746,1.8898175342977086,1.7057117743362462,1.8670549429065226,0.003906760254471643,0.165249928824748
2025-09-20 04:00:00,2025-09-20,valid_2025_09,1.6755629851999014,1.863575505415835,1.6818260420809086,1.8717528563762058,0.00626305688100725,0.19618987117630438
2025-09-20 05:00:00,2025-09-20,valid_2025_09,1.648584253070668,1.836596773286602,1.655712099634346,1.839571626188945,0.007127846563677753,0.1909873731182769
2025-09-20 06:00:00,2025-09-20,valid_2025_09,1.6223090883216482,1.8103216085375822,1.6317880964772207,1.8070647636302413,0.00947900815557257,0.18475567530859277
2025-09-20 07:00:00,2025-09-20,valid_2025_09,1.564967908529138,1.7529804287450719,1.5780491168535842,1.7307353891358699,0.013081208324446569,0.16576748060673183
2025-09-20 08:00:00,2025-09-20,valid_2025_09,1.2843048346086525,1.4723173548245865,1.3007748984290908,1.4573175133527787,0.016470063820438,0.17301267874412624
2025-09-20 09:00:00,2025-09-20,valid_2025_09,0.9503378970261211,1.138350417242055,0.9676839164970596,1.092687234383399,0.01734601947093861,0.14234933735727784
2025-09-20 10:00:00,2025-09-20,valid_2025_09,0.7130786013388528,0.9010911215547865,0.8462941634981833,0.8645583586089907,0.1332155621593306,0.1514797572701379
2025-09-20 11:00:00,2025-09-20,valid_2025_09,0.5890573622019203,0.777069882417854,0.7814867091778276,0.7441375327373286,0.19242934697590722,0.1550801705354084
2025-09-20 12:00:00,2025-09-20,valid_2025_09,0.5282157023911336,0.7162282226070673,0.7477342766590023,0.691901132098008,0.21951857426786864,0.1636854297068745
2025-09-20 13:00:00,2025-09-20,valid_2025_09,0.5408094357715192,0.7288219559874527,0.7159977749986681,0.6595278347053277,0.17518833922714896,0.11871839893380849
2025-09-20 14:00:00,2025-09-20,valid_2025_09,0.676321807926475,0.8643343281424087,0.7957051450527806,0.7933997959452923,0.1193833371263056,0.1170779880188174
2025-09-20 15:00:00,2025-09-20,valid_2025_09,0.8352615887983544,1.023274109014288,0.9331210171955314,0.9251819561375921,0.09785942839717705,0.08992036733923779
2025-09-20 16:00:00,2025-09-20,valid_2025_09,1.0220097257324763,1.21002224594841,1.0316483481528207,1.1101197738501494,0.009638622420344424,0.08811004811767305
2025-09-20 17:00:00,2025-09-20,valid_2025_09,1.203428247717407,1.391440767933341,1.2293092135813086,1.3409329432917476,0.025880965863901376,0.13750469557434075
2025-09-20 18:00:00,2025-09-20,valid_2025_09,1.4239872416847086,1.611999761900643,1.4479557353865404,1.5657063338294552,0.023968493701831878,0.1417190921447461
2025-09-20 19:00:00,2025-09-20,valid_2025_09,1.4915484696443704,1.6795609898603043,1.5006877630616877,1.6430673106530858,0.009139293417316913,0.15151884100871496
2025-09-20 20:00:00,2025-09-20,valid_2025_09,1.433286673775732,1.6212991939916654,1.4364023059577486,1.5927467639136967,0.003115632182016966,0.15946009013796475
2025-09-20 21:00:00,2025-09-20,valid_2025_09,1.4113049706698835,1.5993174908858165,1.4204265227886812,1.586716425389083,0.009121552118797569,0.17541145471920008
2025-09-20 22:00:00,2025-09-20,valid_2025_09,1.4395400605979223,1.6275525808138562,1.4593484264567835,1.613888563594907,0.01980836585886103,0.17434850299698423
2025-09-20 23:00:00,2025-09-20,valid_2025_09,1.426604449223165,1.6146169694390986,1.445631184305547,1.5826052425640502,0.019026735082381917,0.15600079334088535
2025-09-21 00:00:00,2025-09-21,valid_2025_09,1.4943380187564,1.6823505389723339,1.5124433388673673,1.6639751136486174,0.018105320110967063,0.16963709489221748
2025-09-21 01:00:00,2025-09-21,valid_2025_09,1.5173365897429458,1.7053491099588798,1.5475281854870975,1.7024911450706033,0.030191595744151558,0.1851545553276577
2025-09-21 02:00:00,2025-09-21,valid_2025_09,1.5324381297035883,1.7204506499195222,1.56107328333196,1.7073672759913667,0.02863515362837156,0.17492914628777848
2025-09-21 03:00:00,2025-09-21,valid_2025_09,1.5367123059214354,1.7247248261373693,1.578215250595842,1.7336548333994348,0.04150294467440651,0.19694252747799906
2025-09-21 04:00:00,2025-09-21,valid_2025_09,1.555229995995075,1.743242516211009,1.589447336638079,1.729201503587313,0.03421734064300388,0.17397150759223812
2025-09-21 05:00:00,2025-09-21,valid_2025_09,1.558859688363019,1.746872208578953,1.5970953183568786,1.727479782281006,0.03823562999385943,0.16862009391798674
2025-09-21 06:00:00,2025-09-21,valid_2025_09,1.5595297692319887,1.7475422894479227,1.5879356455662732,1.7354010736379184,0.028405876334284243,0.17587130440592968
2025-09-21 07:00:00,2025-09-21,valid_2025_09,1.4623228101428931,1.6503353303588266,1.4962763257796206,1.6477386750067131,0.03395351563672762,0.1854158648638203
2025-09-21 08:00:00,2025-09-21,valid_2025_09,1.2110074198695688,1.3990199400855028,1.2420837727260547,1.3936109340091054,0.03107635285648584,0.18260351413953682
2025-09-21 09:00:00,2025-09-21,valid_2025_09,0.9353832769420343,1.123395797157968,1.0291787160200145,1.1034160971831617,0.09379543907798021,0.1680328202411274
2025-09-21 10:00:00,2025-09-21,valid_2025_09,0.7149605082063367,0.9029730284222705,0.8860471287209514,0.8934548747852086,0.17108662051461465,0.1784943665788718
2025-09-21 11:00:00,2025-09-21,valid_2025_09,0.5695512064194236,0.7575637266353573,0.8013356510486022,0.7529879177446074,0.23178444462917866,0.1834367113251838
2025-09-21 12:00:00,2025-09-21,valid_2025_09,0.521861154747019,0.7098736749629527,0.7999028679964909,0.7196413539122669,0.27804171324947186,0.197780199165248
2025-09-21 13:00:00,2025-09-21,valid_2025_09,0.5205632456227423,0.708575765838676,0.8002718863124294,0.7080770857361918,0.2797086406896872,0.18751384011344957
2025-09-21 14:00:00,2025-09-21,valid_2025_09,0.6132393570151389,0.8012518772310726,0.8898285581471439,0.7823722896507623,0.27658920113200497,0.1691329326356235
2025-09-21 15:00:00,2025-09-21,valid_2025_09,0.7406839344690543,0.9286964546849881,0.9840366840444938,0.8984579018920349,0.24335274957543945,0.1577739674229805
2025-09-21 16:00:00,2025-09-21,valid_2025_09,0.8033499955154497,0.9913625157313835,0.9441426842464549,0.9927113713476554,0.14079268873100517,0.18936137583220577
2025-09-21 17:00:00,2025-09-21,valid_2025_09,0.85927562508921,1.0472881453051437,1.0179577543624005,1.0734913077010557,0.15868212927319067,0.2142156826118458
2025-09-21 18:00:00,2025-09-21,valid_2025_09,0.9214069538879975,1.1094194741039312,1.0705966183743127,1.1957289640705104,0.1491896644863151,0.274322010182513
2025-09-21 19:00:00,2025-09-21,valid_2025_09,0.9145816665439391,1.1025941867598728,1.021519490765853,1.1983960460667737,0.10693782422191393,0.2838143795228344
2025-09-21 20:00:00,2025-09-21,valid_2025_09,0.8561564705261957,1.0441689907421297,0.9695345595367346,1.142385038617014,0.11337808901053895,0.28622856809081815
2025-09-21 21:00:00,2025-09-21,valid_2025_09,0.865886844212177,1.0538993644281107,0.9819994898824087,1.1366723284718503,0.11611264567023177,0.2707854842596734
2025-09-21 22:00:00,2025-09-21,valid_2025_09,0.8387773218348404,1.0267898420507742,0.9520597826771859,1.101594594423904,0.1132824608423455,0.26281727258906357
2025-09-21 23:00:00,2025-09-21,valid_2025_09,0.8158394122770396,1.003851932492973,0.9510482988595683,1.0972230636666045,0.13520888658252894,0.2813836513895648
2025-09-22 00:00:00,2025-09-22,valid_2025_09,0.8534777249487527,1.0414902451646864,0.9053991517776429,1.0888844696466,0.051921426828890005,0.2354067446978474
2025-09-22 01:00:00,2025-09-22,valid_2025_09,0.8989522318955759,1.0869647521115096,0.9580336681869887,1.1331965885795765,0.05908143629141267,0.23424435668400045
2025-09-22 02:00:00,2025-09-22,valid_2025_09,0.9350664700005824,1.1230789902165161,0.988632573310934,1.1506054760625366,0.053566103310351554,0.21553900606195425
2025-09-22 03:00:00,2025-09-22,valid_2025_09,0.9990604202415296,1.1870729404574636,1.0198997212005,1.1936841895286645,0.02083930095897042,0.194623769287135
2025-09-22 04:00:00,2025-09-22,valid_2025_09,1.0608637214877683,1.2488762417037023,1.0649158488010315,1.2253659826378163,0.004052127313263282,0.16450226115004796
2025-09-22 05:00:00,2025-09-22,valid_2025_09,1.1051881157971137,1.2932006360130477,1.103340012232041,1.2439945886603687,-0.0018481035650724995,0.13880647286325487
2025-09-22 06:00:00,2025-09-22,valid_2025_09,1.1599808142941388,1.3479933345100727,1.1785686448960193,1.3295279403165727,0.018587830601880503,0.169547126022434
2025-09-22 07:00:00,2025-09-22,valid_2025_09,1.089492409414457,1.2775049296303909,1.1097767202334492,1.2421577381328777,0.020284310818992245,0.15266532871842062
2025-09-22 08:00:00,2025-09-22,valid_2025_09,0.7190227200676732,0.9070352402836069,0.8106726259094682,0.8809978005290763,0.09164990584179503,0.16197508046140316
2025-09-22 09:00:00,2025-09-22,valid_2025_09,0.3221023686014254,0.5101148888173591,0.5660033672751023,0.5280944399532875,0.24390099867367712,0.2059920713518621
2025-09-22 10:00:00,2025-09-22,valid_2025_09,0.08703249465452745,0.2750450148704612,0.4533810486174237,0.33302226169531635,0.3663485539628961,0.24598976704078884
2025-09-22 11:00:00,2025-09-22,valid_2025_09,-0.06052678141186674,0.12748573880406722,0.41413501077116066,0.2037384112712507,0.47466179218302745,0.2642651926831174
2025-09-22 12:00:00,2025-09-22,valid_2025_09,-0.12597345014582323,0.06203907007011067,0.34895636958191434,0.1431349964690588,0.4749298197277377,0.2691084466148822
2025-09-22 13:00:00,2025-09-22,valid_2025_09,-0.1218730180779366,0.06613950213799735,0.3564886003153058,0.14566953734246213,0.4783616183932424,0.2675425554203987
2025-09-22 14:00:00,2025-09-22,valid_2025_09,0.010327169938721736,0.19833969015465547,0.43531549783099466,0.2673207666576043,0.4249883278922729,0.2569935967188826
2025-09-22 15:00:00,2025-09-22,valid_2025_09,0.24446327865586182,0.43247579887179555,0.5134121899826369,0.4452069793352449,0.26894891132677506,0.20074370067938319
2025-09-22 16:00:00,2025-09-22,valid_2025_09,0.5056456184908678,0.6936581387068017,0.6787227845037758,0.7327092193226945,0.17307716601290793,0.2270636008318266
2025-09-22 17:00:00,2025-09-22,valid_2025_09,0.9112342426739132,1.0992467628898468,0.9769940158335221,1.0869196467682718,0.06575977315960882,0.17568540409435868
2025-09-22 18:00:00,2025-09-22,valid_2025_09,1.2008340073672912,1.3888465275832247,1.2226872321315354,1.3639864363735317,0.021853224764244263,0.16315242900624088
2025-09-22 19:00:00,2025-09-22,valid_2025_09,1.237895335177733,1.425907855393667,1.2520761597073125,1.3863262833696877,0.014180824529579384,0.14843094819195446
2025-09-22 20:00:00,2025-09-22,valid_2025_09,1.189221025525633,1.377233545741567,1.1759008202255345,1.3081862273542892,-0.013320205300098807,0.11896520182865601
2025-09-22 21:00:00,2025-09-22,valid_2025_09,1.1482989308874612,1.3363114511033949,1.1349787255873625,1.2823567817915924,-0.013320205300098807,0.1340578509041313
2025-09-22 22:00:00,2025-09-22,valid_2025_09,1.0894922340924083,1.2775047543083422,1.101905661656703,1.2941815476646725,0.01241342756429463,0.20468931357226414
2025-09-22 23:00:00,2025-09-22,valid_2025_09,1.052451944927774,1.2404644651437076,1.0942915025239552,1.2462843656949285,0.04183955759618124,0.19383242076715462
2025-09-23 00:00:00,2025-09-23,valid_2025_09,1.0803293778770855,1.2683418980930194,1.0962756927587372,1.2787010304093567,0.015946314881651557,0.19837165253227107
2025-09-23 01:00:00,2025-09-23,valid_2025_09,1.0831147192599533,1.2711272394758872,1.0864334261060422,1.2861212028302222,0.003318706846088885,0.20300648357026893
2025-09-23 02:00:00,2025-09-23,valid_2025_09,1.0475013762472147,1.2355138964631487,1.08621806227015,1.2431428250627363,0.0387166860229354,0.1956414488155216
2025-09-23 03:00:00,2025-09-23,valid_2025_09,1.022886160652408,1.2108986808683417,1.0581320924662334,1.2187149764293002,0.03524593181382535,0.1958288157768921
2025-09-23 04:00:00,2025-09-23,valid_2025_09,1.0139545542189197,1.2019670744348536,1.0519672263211906,1.2082192092889064,0.0380126721022709,0.19426465506998683
2025-09-23 05:00:00,2025-09-23,valid_2025_09,1.0188888179489783,1.2069013381649123,1.0289622270046688,1.2219619577835594,0.010073409055690272,0.203073139834581
2025-09-23 06:00:00,2025-09-23,valid_2025_09,1.0647616565897575,1.2527741768056913,1.0649917706900602,1.2520819959217218,0.0002301141003027945,0.1873203393319643
2025-09-23 07:00:00,2025-09-23,valid_2025_09,0.971344458898791,1.1593569791147247,1.0190523888791239,1.18194757574219,0.04770792998033293,0.21060311684339894
2025-09-23 08:00:00,2025-09-23,valid_2025_09,0.5572525400464883,0.745265060262422,0.7020602171954369,0.783971968594966,0.14480767714894857,0.22671942854847776
2025-09-23 09:00:00,2025-09-23,valid_2025_09,0.02962364055133626,0.21763616076727,0.3749288970971173,0.31196064294450354,0.345305256545781,0.28233700239316734
2025-09-23 10:00:00,2025-09-23,valid_2025_09,-0.41407649051204354,-0.22606397029610958,0.10961749268752241,-0.06741376522097209,0.5236939831995658,0.3466627252910716
2025-09-23 11:00:00,2025-09-23,valid_2025_09,-0.6952067976915045,-0.5071942774755706,-0.017087072615475818,-0.25466720121843867,0.6781197250760288,0.44053959647306573
2025-09-23 12:00:00,2025-09-23,valid_2025_09,-0.8586954844310678,-0.6706829642151338,-0.08781000371041092,-0.37512309895635915,0.7708854807206571,0.4835723854747088
2025-09-23 13:00:00,2025-09-23,valid_2025_09,-0.9070827918899432,-0.7190702716740093,-0.0945239613041563,-0.4241598207866012,0.8125588305857872,0.48292297110334226
2025-09-23 14:00:00,2025-09-23,valid_2025_09,-0.7942185219467893,-0.6062060017308554,-0.015562714697331281,-0.29229697996460013,0.7786558072494578,0.501921541982189
2025-09-23 15:00:00,2025-09-23,valid_2025_09,-0.6054592657955158,-0.41744674557958183,-0.006991547879896087,-0.16035268548872694,0.5984677179156196,0.44510658030678885
2025-09-23 16:00:00,2025-09-23,valid_2025_09,-0.2700057725646345,-0.08199325234870047,0.1549820251179409,0.12153857579459426,0.42498779768257533,0.3915443483592287
2025-09-23 17:00:00,2025-09-23,valid_2025_09,0.24391872837354367,0.4319312485894775,0.4676358181102531,0.5642647874871738,0.22371708973670942,0.32034605911363
2025-09-23 18:00:00,2025-09-23,valid_2025_09,0.8197781974163048,1.0077907176322383,0.9023613907758341,1.1033591552348059,0.08258319335952961,0.2835809578185014
2025-09-23 19:00:00,2025-09-23,valid_2025_09,1.04950109953122,1.237513619747154,1.0892735307458556,1.2794670207694452,0.03977243121463601,0.22996592123822532
2025-09-23 20:00:00,2025-09-23,valid_2025_09,1.1612817038932373,1.3492942241091712,1.1792577236259087,1.3517250485038166,0.017976019732671444,0.19044334461057946
2025-09-23 21:00:00,2025-09-23,valid_2025_09,1.2879138389748852,1.4759263591908192,1.3189035842433996,1.4717530052595902,0.030989745268514574,0.1838391662847048
2025-09-23 22:00:00,2025-09-23,valid_2025_09,1.3336481731974317,1.5216606934133656,1.3587344283555836,1.5033990124746763,0.02508625515815175,0.16975083927724455
2025-09-23 23:00:00,2025-09-23,valid_2025_09,1.3352595581442397,1.5232720783601736,1.3603458133023916,1.5050103974214843,0.02508625515815175,0.16975083927724455
2025-09-24 00:00:00,2025-09-24,valid_2025_09,1.3075525382259694,1.4955650584419033,1.3425737557772708,1.4883896154369443,0.03502121755130125,0.18083707721097483
2025-09-24 01:00:00,2025-09-24,valid_2025_09,1.2954170966800913,1.4834296168960248,1.3574277106289923,1.4820269384236349,0.06201061394890095,0.1866098417435435
2025-09-24 02:00:00,2025-09-24,valid_2025_09,1.2907475692431107,1.4787600894590445,1.358957568477435,1.4736444765969972,0.06820999923432448,0.1828969073538863
2025-09-24 03:00:00,2025-09-24,valid_2025_09,1.2863098175541094,1.4743223377700434,1.3483204315030104,1.471292152310082,0.06201061394890095,0.18498233475597214
2025-09-24 04:00:00,2025-09-24,valid_2025_09,1.292995022581499,1.481007542797433,1.3335884422709288,1.4607740552188722,0.04059341968942954,0.16777903263737318
2025-09-24 05:00:00,2025-09-24,valid_2025_09,1.326008690260622,1.514021210476556,1.3619436173398134,1.508881398248939,0.03593492707919146,0.18287270798831687
2025-09-24 06:00:00,2025-09-24,valid_2025_09,1.3898977979166283,1.5779103181325622,1.424425170347809,1.5653257001535805,0.03452737243118029,0.17542790223695193
2025-09-24 07:00:00,2025-09-24,valid_2025_09,1.27333616129485,1.461348681510784,1.2903151668805677,1.4540986193684344,0.016979005585717747,0.1807624580735844
2025-09-24 08:00:00,2025-09-24,valid_2025_09,0.8137704367839176,1.0017829569998513,0.9009139387226963,0.9950827014899797,0.08714350193877864,0.181312264706062
2025-09-24 09:00:00,2025-09-24,valid_2025_09,0.29650657678993975,0.4845190970058736,0.5729033565148715,0.5420707402002097,0.27639677972493154,0.24556416341027004
2025-09-24 10:00:00,2025-09-24,valid_2025_09,-0.03794477561230991,0.15006774460362404,0.3504433854278344,0.22868132001026864,0.3883881610401442,0.2666260956225786
2025-09-24 11:00:00,2025-09-24,valid_2025_09,-0.20693910063765392,-0.018926580421719907,0.24319102777075752,0.08286202182469016,0.4501301284084114,0.28980112246234396
2025-09-24 12:00:00,2025-09-24,valid_2025_09,-0.2751542798378326,-0.08714175962189863,0.19826596671397723,0.005324566949918896,0.47342024655180986,0.2804788467877515
2025-09-24 13:00:00,2025-09-24,valid_2025_09,-0.22834294227198926,-0.040330422056055304,0.22596099989071539,0.046018592506731903,0.4543039421627046,0.27436153477872116
2025-09-24 14:00:00,2025-09-24,valid_2025_09,-0.034581397435879846,0.1534311227800541,0.40357435082079485,0.20994768528310648,0.4381557482566747,0.24452908271898638
2025-09-24 15:00:00,2025-09-24,valid_2025_09,0.24183379857401754,0.4298463187899513,0.5879622825737056,0.42048063944589487,0.3461284839996881,0.17864684087187738
2025-09-24 16:00:00,2025-09-24,valid_2025_09,0.668947762570937,0.8569602827868708,0.8615223656666657,0.842329376357966,0.1925746030957287,0.1733816137870289
2025-09-24 17:00:00,2025-09-24,valid_2025_09,1.2300738679546879,1.4180863881706214,1.2594287240633448,1.3796652225266703,0.029354856108657207,0.1495913545719828
2025-09-24 18:00:00,2025-09-24,valid_2025_09,1.7146180753447027,1.9026305955606366,1.7357345672332287,1.8862551393360505,0.021116491888525993,0.17163706399134787
2025-09-24 19:00:00,2025-09-24,valid_2025_09,1.9089317093112124,2.096944229527146,1.8980851668523298,2.061323453872967,-0.010846542458882462,0.152391744561755
2025-09-24 20:00:00,2025-09-24,valid_2025_09,1.8854353990292694,2.0734479192452033,1.8853471121588479,2.0412532257171616,-8.828687042147375e-05,0.15581782668789204
2025-09-24 21:00:00,2025-09-24,valid_2025_09,1.832146613063386,2.0201591332793196,1.8320583261929646,1.9784519230824982,-8.828687042147375e-05,0.14630531001911218
2025-09-24 22:00:00,2025-09-24,valid_2025_09,1.8140169106828465,2.0020294308987805,1.8020346177639688,1.9537162120176048,-0.011982292918877785,0.1396993013347581
2025-09-24 23:00:00,2025-09-24,valid_2025_09,1.750600295947267,1.938612816163201,1.7386180030283893,1.8752979961816867,-0.011982292918877785,0.12469770023441941
2025-09-25 00:00:00,2025-09-25,valid_2025_09,1.688451259621592,1.8764637798375259,1.6293785891432933,1.7237739166950647,-0.05907267047829891,0.03532265707347276
2025-09-25 01:00:00,2025-09-25,valid_2025_09,1.6756678277848422,1.8636803480007762,1.6189124224298213,1.7078848883287834,-0.05675540535502094,0.03221706054394102
2025-09-25 02:00:00,2025-09-25,valid_2025_09,1.6710487930977997,1.8590613133137337,1.6150087225652037,1.7066719662913963,-0.056040070532596215,0.03562317319359712
2025-09-25 03:00:00,2025-09-25,valid_2025_09,1.6667954802037115,1.8548080004196454,1.6168703981812733,1.6992686195804971,-0.049925082022438116,0.03247313937678575
2025-09-25 04:00:00,2025-09-25,valid_2025_09,1.6912595681928,1.8792720884087335,1.6364038673326773,1.7187294782353768,-0.054855700860122716,0.027469910042576956
2025-09-25 05:00:00,2025-09-25,valid_2025_09,1.7234813061793175,1.9114938263952514,1.6655415311518231,1.7620821795452049,-0.057939775027494436,0.03860087336588708
2025-09-25 06:00:00,2025-09-25,valid_2025_09,1.7494458002585793,1.9374583204745133,1.6926903949035583,1.8241681067577689,-0.05675540535502094,0.07472230649918966
2025-09-25 07:00:00,2025-09-25,valid_2025_09,1.6852796837661077,1.8732922039820412,1.6302908338382625,1.7507484796138528,-0.0549888499278451,0.06546879584774531
2025-09-25 08:00:00,2025-09-25,valid_2025_09,1.505239543725667,1.6932520639416007,1.4792861297408677,1.642497369894698,-0.025953413984798952,0.13725782616903104
2025-09-25 09:00:00,2025-09-25,valid_2025_09,1.2793281429428816,1.4673406631588155,1.2827584219248274,1.398237421102238,0.0034302789819456916,0.11890927815935629
2025-09-25 10:00:00,2025-09-25,valid_2025_09,1.0901651201141527,1.2781776403300866,1.1722216786574235,1.2457120874241094,0.08205655854327093,0.15554696730995676
2025-09-25 11:00:00,2025-09-25,valid_2025_09,1.0148979621613388,1.2029104823772725,1.1697101454098353,1.1498774516925192,0.15481218324849647,0.1349794895311804
2025-09-25 12:00:00,2025-09-25,valid_2025_09,0.9310105697329887,1.1190230899489224,1.106606510387677,1.0521203235418746,0.17559594065468836,0.12110975380888582
2025-09-25 13:00:00,2025-09-25,valid_2025_09,0.908967503910201,1.0969800241261347,1.0834341395526437,1.038399734936995,0.17446663564244277,0.12943223102679388
2025-09-25 14:00:00,2025-09-25,valid_2025_09,0.9763148389708193,1.164327359186753,1.115019741230479,1.0704281363662873,0.13870490225965987,0.09411329739546793
2025-09-25 15:00:00,2025-09-25,valid_2025_09,1.135227970891342,1.3232404911072757,1.229096263168162,1.2313152549351774,0.09386829227682,0.09608728404383533
2025-09-25 16:00:00,2025-09-25,valid_2025_09,1.3426092337350504,1.5306217539509839,1.3695919790084212,1.4782481086149475,0.026982745273371175,0.13563887487989718
2025-09-25 17:00:00,2025-09-25,valid_2025_09,1.5724895750494257,1.7605020952653592,1.5775400714019205,1.6992745359769306,0.005050496352494955,0.12678496092750527
2025-09-25 18:00:00,2025-09-25,valid_2025_09,1.677803250334306,1.86581577055024,1.6779136289794097,1.8239841104502816,0.0001103786451032891,0.14618086011597553
2025-09-25 19:00:00,2025-09-25,valid_2025_09,1.7064235228026723,1.8944360430186058,1.717609674378254,1.8599135899846475,0.01118615157558176,0.15349006718197555
2025-09-25 20:00:00,2025-09-25,valid_2025_09,1.6654663637548215,1.8534788839707554,1.692876319628675,1.834003500902717,0.027409955873853347,0.16853713714789584
2025-09-25 21:00:00,2025-09-25,valid_2025_09,1.6191224347700017,1.8071349549859357,1.663446106576382,1.7738739962109284,0.04432367180638013,0.15475156144092678
2025-09-25 22:00:00,2025-09-25,valid_2025_09,1.5885154128492123,1.7765279330651462,1.6144774003649296,1.7437139028649917,0.025961987515717162,0.1551984900157793
2025-09-25 23:00:00,2025-09-25,valid_2025_09,1.5545883172979462,1.7426008375138802,1.5838782995293144,1.7360330635497572,0.02928998223136804,0.18144474625181117
2025-09-26 00:00:00,2025-09-26,valid_2025_09,1.6242886495700881,1.8123011697860216,1.6341773698643463,1.798670456239522,0.009888720294258276,0.1743818066694338
2025-09-26 01:00:00,2025-09-26,valid_2025_09,1.6293619436845244,1.8173744639004583,1.6360782263099891,1.7967341061987077,0.0067162826254648965,0.16737216251418335
2025-09-26 02:00:00,2025-09-26,valid_2025_09,1.6559623308333193,1.8439748510492533,1.6635848059869562,1.8207273508557724,0.0076224751536368126,0.16476502002245305
2025-09-26 03:00:00,2025-09-26,valid_2025_09,1.7093194923980781,1.8973320126140116,1.7158249380641428,1.8669876718436131,0.006505445666065005,0.15766817944553504
2025-09-26 04:00:00,2025-09-26,valid_2025_09,1.7403988319172465,1.92841135213318,1.7466457528962938,1.899364493018013,0.006246920979047394,0.15896566110076665
2025-09-26 05:00:00,2025-09-26,valid_2025_09,1.7726575628559753,1.9606700830719088,1.7789044838350225,1.9320468346681587,0.006246920979047394,0.15938927181218351
2025-09-26 06:00:00,2025-09-26,valid_2025_09,1.8223753893401282,2.010387909556062,1.8272172073608628,1.9831163613411138,0.004841818020734508,0.16074097200098544
2025-09-26 07:00:00,2025-09-26,valid_2025_09,1.760307877766957,1.948320397982891,1.7703967610027846,1.9219251105276411,0.010088883235827547,0.16161723276068402
2025-09-26 08:00:00,2025-09-26,valid_2025_09,1.4094246417008354,1.597437161916769,1.4217180107601808,1.5557714048441884,0.012293369059345471,0.1463467631433536
2025-09-26 09:00:00,2025-09-26,valid_2025_09,0.9803198958443784,1.168332416060312,1.1116797736171535,1.1332477802887824,0.13135987777277536,0.15292788444440408
2025-09-26 10:00:00,2025-09-26,valid_2025_09,0.6846520597339655,0.8726645799498992,0.9327177820644096,0.8630667453537865,0.24806572233044416,0.17841468561982102
2025-09-26 11:00:00,2025-09-26,valid_2025_09,0.4538842382106101,0.6418967584265438,0.8095107490021338,0.6574281580741954,0.3556265107915238,0.20354391986358536
2025-09-26 12:00:00,2025-09-26,valid_2025_09,0.2928386642154459,0.48085118443137964,0.6822709835655107,0.49999932576797357,0.38943231935006484,0.20716066155252766
2025-09-26 13:00:00,2025-09-26,valid_2025_09,0.2632008225781898,0.4512133427941235,0.6590223557703947,0.47092555889106047,0.39582153319220503,0.20772473631287072
2025-09-26 14:00:00,2025-09-26,valid_2025_09,0.4117419021156019,0.5997544223315355,0.7794247578542551,0.6349309665816744,0.3676828557386533,0.22318906446607248
2025-09-26 15:00:00,2025-09-26,valid_2025_09,0.6481209057978731,0.8361334260138068,0.9370095407175411,0.831984344509561,0.2888886349196679,0.183863438711688
2025-09-26 16:00:00,2025-09-26,valid_2025_09,1.0133847575616328,1.2013972777775668,1.1757446331376533,1.1668190721876424,0.16235987557602047,0.15343431462600934
2025-09-26 17:00:00,2025-09-26,valid_2025_09,1.3258605431297266,1.5138730633456607,1.3753405463708068,1.4938987132076387,0.049480003241080026,0.1680381700779119
2025-09-26 18:00:00,2025-09-26,valid_2025_09,1.630374954480157,1.8183874746960909,1.695445374842047,1.8520820519328258,0.06507042036189022,0.22170709745266912
2025-09-26 19:00:00,2025-09-26,valid_2025_09,1.6816491147879222,1.8696616350038562,1.7103828580153115,1.850707630234249,0.02873374322738904,0.1690585154463265
2025-09-26 20:00:00,2025-09-26,valid_2025_09,1.6154553988057494,1.8034679190216834,1.637306991747981,1.7795665459083503,0.021851592942231553,0.1641111471026011
2025-09-26 21:00:00,2025-09-26,valid_2025_09,1.592643195156648,1.780655715372582,1.6217483273073818,1.7675758859162802,0.02910513215073367,0.17493269075963197
2025-09-26 22:00:00,2025-09-26,valid_2025_09,1.6000326688524453,1.7880451890683793,1.629783977056152,1.7726996766839511,0.029751308203706642,0.17266700783150576
2025-09-26 23:00:00,2025-09-26,valid_2025_09,1.560896053955139,1.748908574171073,1.5766592238166002,1.7360209539500246,0.015763169861461205,0.1751248999948854
2025-09-27 00:00:00,2025-09-27,valid_2025_09,1.4054835773749401,1.593496097590874,1.4280112637778721,1.5747667261121991,0.02252768640293193,0.16928314873725922
2025-09-27 01:00:00,2025-09-27,valid_2025_09,1.3560085719278159,1.5440210921437496,1.3734465101207745,1.5216837768653335,0.017437938192958694,0.16567520493751803
2025-09-27 02:00:00,2025-09-27,valid_2025_09,1.3444080379515944,1.5324205581675283,1.3534390042777762,1.507276883844574,0.00903096632618165,0.16286884589297973
2025-09-27 03:00:00,2025-09-27,valid_2025_09,1.3912267390434705,1.579239259259404,1.3982195045733588,1.5475113330586536,0.006992765529887997,0.15628459401518385
2025-09-27 04:00:00,2025-09-27,valid_2025_09,1.4222895982900896,1.6103021185060236,1.4292823638199779,1.5754537442283305,0.006992765529887997,0.15316414593824074
2025-09-27 05:00:00,2025-09-27,valid_2025_09,1.4792305178461114,1.6672430380620453,1.485268510221932,1.6269349376812616,0.006037992375820615,0.14770441983515037
2025-09-27 06:00:00,2025-09-27,valid_2025_09,1.55895032986204,1.746962850077974,1.5729036061628474,1.7247791704967483,0.013953276300807662,0.16582884063470835
2025-09-27 07:00:00,2025-09-27,valid_2025_09,1.5494685628406848,1.7374810830566187,1.574822566229881,1.711230571956067,0.02535400338919615,0.16176200911538227
2025-09-27 08:00:00,2025-09-27,valid_2025_09,1.239803365030427,1.427815885246361,1.2642373422973163,1.3884846630038608,0.024433977266889152,0.14868129797343405
2025-09-27 09:00:00,2025-09-27,valid_2025_09,0.84490289888375,1.0329154190996839,0.9665861797007472,0.976416827430085,0.12168328081699727,0.1315139285463348
2025-09-27 10:00:00,2025-09-27,valid_2025_09,0.5242304569090429,0.7122429771249766,0.7314957414130735,0.6782803818950712,0.2072652845040307,0.15404992498602843
2025-09-27 11:00:00,2025-09-27,valid_2025_09,0.32763956485591783,0.5156520850718516,0.6515382279609478,0.49425645707769705,0.3238986631050301,0.16661689222177917
2025-09-27 12:00:00,2025-09-27,valid_2025_09,0.15869976498762517,0.3467122852035589,0.5304171171994787,0.3397389611000101,0.37171735221185365,0.181039196112385
2025-09-27 13:00:00,2025-09-27,valid_2025_09,0.047958294406450386,0.23597081462238412,0.4203683632674855,0.24333747500348413,0.37241006886103517,0.1953791805970338
2025-09-27 14:00:00,2025-09-27,valid_2025_09,0.06276652058012633,0.25077904079606006,0.42747326606756464,0.2616347244646512,0.36470674548743837,0.19886820388452484
2025-09-27 15:00:00,2025-09-27,valid_2025_09,0.20295578369809564,0.39096830391402915,0.48576833920427076,0.38709309062243114,0.28281255550617534,0.18413730692433547
2025-09-27 16:00:00,2025-09-27,valid_2025_09,0.39211249493308276,0.5801250151490165,0.5589919421793532,0.5816293608085534,0.16687944724627057,0.18951686587547079
2025-09-27 17:00:00,2025-09-27,valid_2025_09,0.8352252971343361,1.02323781735027,0.8578308031882389,1.0012378671214726,0.022605506053902488,0.16601256998713643
2025-09-27 18:00:00,2025-09-27,valid_2025_09,1.32883225185004,1.5168447720659737,1.3433333458330876,1.4980940243758996,0.014501093983047277,0.16926177252585986
2025-09-27 19:00:00,2025-09-27,valid_2025_09,1.543540573740317,1.731553093956251,1.564137780639116,1.7231168082816486,0.020597206898798962,0.1795762345413313
2025-09-27 20:00:00,2025-09-27,valid_2025_09,1.602172474453119,1.790184994669053,1.6132227421830723,1.7798538910030501,0.011050267729953461,0.1776814165499313
2025-09-27 21:00:00,2025-09-27,valid_2025_09,1.6774959107834675,1.8655084309994014,1.6934991186209503,1.8761319293079286,0.01600320783748261,0.19863601852446106
2025-09-27 22:00:00,2025-09-27,valid_2025_09,1.6927585717065865,1.8807710919225205,1.7104790104084717,1.875708905415471,0.01772043870188482,0.18295033370888414
2025-09-27 23:00:00,2025-09-27,valid_2025_09,1.6722918264209279,1.8603043466368618,1.692183065889188,1.850064822294201,0.01989123946826016,0.1777729958732732
2025-09-28 00:00:00,2025-09-28,valid_2025_09,1.6795918858720427,1.8676044060879766,1.6903132003399852,1.8657140934984926,0.010721314467942455,0.18612220762644996
2025-09-28 01:00:00,2025-09-28,valid_2025_09,1.647665740859121,1.835678261075055,1.6560556514792086,1.827580587457271,0.00838991062008757,0.17991484659814985
2025-09-28 02:00:00,2025-09-28,valid_2025_09,1.640118126675671,1.828130646891605,1.6530224214249536,1.8514087219969402,0.012904294749282464,0.21129059532126881
2025-09-28 03:00:00,2025-09-28,valid_2025_09,1.6728137601590027,1.8608262803749367,1.6876883534257507,1.8822637768904158,0.014874593266748065,0.20945001673141334
2025-09-28 04:00:00,2025-09-28,valid_2025_09,1.700958208588021,1.888970728803955,1.7182454962592772,1.9016998631142559,0.017287287671256046,0.2007416545262346
2025-09-28 05:00:00,2025-09-28,valid_2025_09,1.7362971725950205,1.9243096928109544,1.766567445160152,1.9462111816601193,0.030270272565131633,0.20991400906509902
2025-09-28 06:00:00,2025-09-28,valid_2025_09,1.75115641748478,1.9391689377007135,1.7792587182264241,1.9761255107798528,0.02810230074164439,0.22496909329507297
2025-09-28 07:00:00,2025-09-28,valid_2025_09,1.6353865352335577,1.8233990554494917,1.6475867499031918,1.8659830749789614,0.012200214669633698,0.23059653974540342
2025-09-28 08:00:00,2025-09-28,valid_2025_09,1.2499071746794914,1.4379196948954256,1.2964035980796937,1.4490690423345876,0.04649642340020232,0.19916186765509575
2025-09-28 09:00:00,2025-09-28,valid_2025_09,0.7565745989695276,0.9445871191854611,0.9444587085218734,0.93004845777798,0.18788410955234586,0.1734738588084525
2025-09-28 10:00:00,2025-09-28,valid_2025_09,0.4598213440574943,0.647833864273428,0.797966093051695,0.6749427928727856,0.3381447489942007,0.21512144881529133
2025-09-28 11:00:00,2025-09-28,valid_2025_09,0.3011669874804045,0.4891795076963382,0.6640035331858328,0.5187989244362493,0.36283654570542834,0.2176319369558448
2025-09-28 12:00:00,2025-09-28,valid_2025_09,0.23724369202496087,0.4252562122408946,0.6123783074375069,0.46087549560420227,0.37513461541254606,0.22363180357924162
2025-09-28 13:00:00,2025-09-28,valid_2025_09,0.2266947396950182,0.4147072599109519,0.5950390134231911,0.4302364792598544,0.36834427372817297,0.20354173956483623
2025-09-28 14:00:00,2025-09-28,valid_2025_09,0.3550125962719939,0.5430251164879277,0.7128817376221016,0.5392566447392909,0.3578691413501075,0.18424404846729692
2025-09-28 15:00:00,2025-09-28,valid_2025_09,0.5287735771491306,0.7167860973650642,0.8229175611117385,0.7157258516529834,0.2941439839626078,0.18695227450385277
2025-09-28 16:00:00,2025-09-28,valid_2025_09,0.7739460334907534,0.9619585537066871,0.9445700315300404,0.9436434555117349,0.17062399803928704,0.16969742202098148
2025-09-28 17:00:00,2025-09-28,valid_2025_09,1.3776652279559385,1.5656777481718724,1.4180864561509159,1.5711802974088909,0.04042122819497734,0.19351506945295252
2025-09-28 18:00:00,2025-09-28,valid_2025_09,1.954764749847006,2.142777270062939,1.989397705069677,2.1527085876653036,0.03463295522267141,0.19794383781829822
2025-09-28 19:00:00,2025-09-28,valid_2025_09,2.0761212691703674,2.2641337893863014,2.0958672043938957,2.262615336526647,0.019745935223528223,0.1864940673562794
2025-09-28 20:00:00,2025-09-28,valid_2025_09,2.063810505576093,2.251823025792027,2.0698855233024336,2.267301666372033,0.006075017726340469,0.20349116079594015
2025-09-28 21:00:00,2025-09-28,valid_2025_09,2.041643136420993,2.2296556566369268,2.0149810516680646,2.1654295410531024,-0.02666208475292831,0.12378640463210966
2025-09-28 22:00:00,2025-09-28,valid_2025_09,1.9416338297103346,2.1296463499262686,1.913715204289118,2.055484067706625,-0.02791862542121698,0.11385023799629036
2025-09-28 23:00:00,2025-09-28,valid_2025_09,1.8322263845954059,2.0202389048113396,1.7759305956064033,1.8624251089735024,-0.05629578898900282,0.030198724378096425
2025-09-29 00:00:00,2025-09-29,valid_2025_09,1.7666901262947188,1.9547026465106527,1.709517160311318,1.807480823305935,-0.0571729659834007,0.04079069701121604
2025-09-30 00:00:00,2025-09-30,valid_2025_09,1.1960105471718183,1.3840230673877523,1.2218714090241414,1.3542028281006107,0.025860861852322965,0.15819228092879198
2025-09-30 01:00:00,2025-09-30,valid_2025_09,1.2518625414852529,1.4398750617011866,1.2779808436814066,1.410590066411936,0.026118302196153725,0.15872752492668285
2025-09-30 02:00:00,2025-09-30,valid_2025_09,1.2393876764536804,1.4274001966696144,1.2919936240545407,1.405974086716332,0.05260594760086051,0.1665864102626517
2025-09-30 03:00:00,2025-09-30,valid_2025_09,1.2232955669195997,1.4113080871355337,1.2575593281858863,1.3857511881967992,0.034263761266286684,0.1624556212771995
2025-09-30 04:00:00,2025-09-30,valid_2025_09,1.186655713313502,1.374668233529436,1.2238857481948604,1.3522428876236545,0.03723003488135838,0.16558717431015235
2025-09-30 05:00:00,2025-09-30,valid_2025_09,1.2067018610050582,1.3947143812209921,1.24298012803265,1.3722890353152106,0.03627826702759152,0.16558717431015235
2025-09-30 06:00:00,2025-09-30,valid_2025_09,1.2732758505102015,1.4612883707261355,1.2974098607279798,1.434335845361803,0.024134010217778328,0.16105999485160127
2025-09-30 07:00:00,2025-09-30,valid_2025_09,1.198785193909734,1.386797714125668,1.2216448506017552,1.3570816501692158,0.022859656692021117,0.15829645625948197
2025-09-30 08:00:00,2025-09-30,valid_2025_09,0.7697118306999406,0.9577243509158744,0.8503984818220673,0.9054444657021437,0.08068665112212663,0.135732635002203
2025-09-30 09:00:00,2025-09-30,valid_2025_09,0.2649254655682619,0.45293798578419564,0.5406903394426156,0.42401556815605257,0.2757648738743537,0.15909010258779066
2025-09-30 10:00:00,2025-09-30,valid_2025_09,-0.08358881897993187,0.10442370123600209,0.3483848766168971,0.16548695951403247,0.43197369559682897,0.24907577849396423
2025-09-30 11:00:00,2025-09-30,valid_2025_09,-0.3348556450458512,-0.14684312482991724,0.17007672875948365,-0.03507374490491311,0.5049323738053348,0.2997819001409379
2025-09-30 12:00:00,2025-09-30,valid_2025_09,-0.4675567281547761,-0.27954420793884216,0.10317361156239924,-0.13646563871920092,0.5707303397171756,0.33109108943557497
2025-09-30 13:00:00,2025-09-30,valid_2025_09,-0.5353753288814838,-0.3473628086655498,0.08502651991809995,-0.19143603624796074,0.6204018487995838,0.34393929263352285
2025-09-30 14:00:00,2025-09-30,valid_2025_09,-0.41474324026209414,-0.22673072004616018,0.1326966906378978,-0.08858438133817642,0.5474399308999921,0.3261588589239178
2025-09-30 15:00:00,2025-09-30,valid_2025_09,-0.12355838892916765,0.06445413128676625,0.35359406329393284,0.178238663230463,0.4771524522231006,0.30179705215963065
2025-09-30 16:00:00,2025-09-30,valid_2025_09,0.268139644681507,0.4561521648974408,0.485541111768261,0.4609540734114891,0.21740146708675395,0.19281442872998197
2025-09-30 17:00:00,2025-09-30,valid_2025_09,0.6801287508853473,0.8681412711012813,0.7248667509124032,0.8678202237462889,0.04473800002705556,0.18769147286094154
2025-09-30 18:00:00,2025-09-30,valid_2025_09,1.2183614785115895,1.4063739987275232,1.249730327781417,1.353254573419459,0.03136884926982753,0.13489309490786958
2025-09-30 19:00:00,2025-09-30,valid_2025_09,1.4415867701908982,1.6295992904068322,1.4616903135206774,1.5830228779471769,0.02010354332977922,0.1414361077562785
2025-09-30 20:00:00,2025-09-30,valid_2025_09,1.5152304459755643,1.7032429661914983,1.5259422674232979,1.6565855922982653,0.01071182144773352,0.14135514632270071
2025-09-30 21:00:00,2025-09-30,valid_2025_09,1.5486377116533356,1.7366502318692691,1.5536085193919233,1.6914850442009208,0.004970807738587712,0.14284733254758541
2025-09-30 22:00:00,2025-09-30,valid_2025_09,1.511769588740226,1.69978210895616,1.5133903292402597,1.63729947303937,0.001620740500033444,0.12552988429914402
2025-09-30 23:00:00,2025-09-30,valid_2025_09,1.5342499077517129,1.7222624279676468,1.548546220588085,1.6703562563380974,0.01429631283637225,0.13610634858638443
2025-10-01 00:00:00,2025-10-01,valid_2025_10,1.5001325877779375,1.6934771955334316,1.5027906201752714,1.6390473624888287,0.002658032397333854,0.13891477471089142
2025-10-01 01:00:00,2025-10-01,valid_2025_10,1.5259804926950167,1.7193251004505103,1.517526659199582,1.6615238684772426,-0.008453833495434646,0.13554337578222594
2025-10-01 02:00:00,2025-10-01,valid_2025_10,1.5932666403607445,1.7866112481162386,1.5830212079399784,1.7397978577430029,-0.010245432420766327,0.14653121738225833
2025-10-01 03:00:00,2025-10-01,valid_2025_10,1.6511646429789615,1.8445092507344552,1.6441989233800618,1.791243637194895,-0.006965719598899453,0.14007899421593392
2025-10-01 04:00:00,2025-10-01,valid_2025_10,1.6996171702398397,1.8929617779953338,1.6725405154933293,1.822388113707311,-0.02707665474651069,0.12277094346747129
2025-10-01 05:00:00,2025-10-01,valid_2025_10,1.7574294403763908,1.950774048131885,1.7401270924632841,1.8858908142744701,-0.017302347913106683,0.1284613738980792
2025-10-01 06:00:00,2025-10-01,valid_2025_10,1.865156598979492,2.0585012067349857,1.868464017762817,2.0223197897602283,0.003307418783324984,0.15716319078073657
2025-10-01 07:00:00,2025-10-01,valid_2025_10,1.8454831859628253,2.038827793718319,1.8726875204189364,2.029875127889334,0.02720433445611097,0.18439194192650876
2025-10-01 08:00:00,2025-10-01,valid_2025_10,1.60485910952274,1.7982037172782341,1.6067608829027726,1.7207308554307423,0.00190177338003243,0.11587174590800206
2025-10-01 09:00:00,2025-10-01,valid_2025_10,1.310530207895928,1.5038748156514217,1.3375700045687735,1.4300366631101409,0.027039796672845517,0.11950645521421283
2025-10-01 10:00:00,2025-10-01,valid_2025_10,1.0389002518749522,1.232244859630446,1.0691303364674902,1.0941825222593233,0.03023008459253805,0.055282270384371085
2025-10-01 11:00:00,2025-10-01,valid_2025_10,0.8093758143188217,1.0027204220743156,0.9965933834611431,0.9000414484361525,0.18721756914232146,0.09066563411733082
2025-10-01 12:00:00,2025-10-01,valid_2025_10,0.614004988400485,0.8073495961559789,0.8815980189270491,0.8072503552328336,0.26759303052656425,0.1932453668323486
2025-10-01 13:00:00,2025-10-01,valid_2025_10,0.49663301327102033,0.6899776210265143,0.8040178117100116,0.6952119383141788,0.3073847984389912,0.19857892504315855
2025-10-01 14:00:00,2025-10-01,valid_2025_10,0.48732306185709273,0.6806676696125866,0.7873433995112988,0.6985996738140536,0.3000203376542061,0.2112766119569608
2025-10-01 15:00:00,2025-10-01,valid_2025_10,0.5832759423340116,0.7766205500895055,0.8198256026301792,0.7756781246780772,0.23654966029616772,0.19240218234406567
2025-10-01 16:00:00,2025-10-01,valid_2025_10,0.7576163625810967,0.9509609703365905,0.997267764543108,1.0049086298919314,0.23965140196201126,0.24729226731083462
2025-10-01 17:00:00,2025-10-01,valid_2025_10,1.0652553634780408,1.2585999712335347,1.2598252092391826,1.3212170434371795,0.19456984576114167,0.25596167995913854
2025-10-01 18:00:00,2025-10-01,valid_2025_10,1.2004409353347865,1.3937855430902801,1.2989291518973705,1.4539644048873686,0.0984882165625841,0.2535234695525819
2025-10-01 19:00:00,2025-10-01,valid_2025_10,1.1875475765736927,1.3808921843291868,1.258454938580842,1.4256086275501256,0.0709073620071494,0.23806105097643293
2025-10-01 20:00:00,2025-10-01,valid_2025_10,1.1095418882249328,1.302886495980427,1.169991856636707,1.3408087094529875,0.0604499684117743,0.23126682122805456
2025-10-01 21:00:00,2025-10-01,valid_2025_10,1.0698801837926808,1.2632247915481747,1.1282062449361159,1.2970021790940305,0.058326061143435096,0.2271219953013495
2025-10-01 22:00:00,2025-10-01,valid_2025_10,0.9690123250110266,1.1623569327665204,1.0410679390745483,1.2121260568142618,0.0720556140635216,0.24311373180323506
2025-10-01 23:00:00,2025-10-01,valid_2025_10,0.9011391991272684,1.0944838068827623,0.9717840130885302,1.1482770967930773,0.0706448139612618,0.2471378976658089
2025-10-02 00:00:00,2025-10-02,valid_2025_10,0.8413305368256319,1.0346751445811257,0.9128464034849999,1.084009983604809,0.07151586665936795,0.24267944677917702
2025-10-02 01:00:00,2025-10-02,valid_2025_10,0.825642544613105,1.018987152368599,0.8908538641725785,1.0731784384700265,0.06521131955947347,0.24753589385692137
2025-10-02 02:00:00,2025-10-02,valid_2025_10,0.8354686441375099,1.0288132518930038,0.9077854620245043,1.0883741558880689,0.0723168178869944,0.2529055117505589
2025-10-02 03:00:00,2025-10-02,valid_2025_10,0.85534280089959,1.048687408655084,0.9325820918521626,1.1089113094967369,0.0772392909525726,0.2535685085971468
2025-10-02 04:00:00,2025-10-02,valid_2025_10,0.9402945734837532,1.1336391812392468,1.0098374229913603,1.165657308960664,0.06954284950760711,0.22536273547691085
2025-10-02 05:00:00,2025-10-02,valid_2025_10,1.0094407127609148,1.2027853205164085,0.9779725105676392,1.1242388405706825,-0.031468202193275494,0.11479812780976772
2025-10-02 06:00:00,2025-10-02,valid_2025_10,1.1169087453764865,1.3102533531319804,1.0964898490620414,1.222803641723449,-0.020418896314445177,0.1058948963469625
2025-10-02 07:00:00,2025-10-02,valid_2025_10,1.1004318039461771,1.293776411701671,1.1076684236092122,1.2607663954178558,0.0072366196630352,0.16033459147167858
2025-10-02 08:00:00,2025-10-02,valid_2025_10,0.6685778330488217,0.8619224408043156,0.8483402761404488,0.8974454446903044,0.17976244309162706,0.2288676116414827
2025-10-02 09:00:00,2025-10-02,valid_2025_10,0.18319663819976373,0.3765412459552576,0.5432422911952233,0.4236023685100173,0.36004565299545965,0.2404057303102537
2025-10-02 10:00:00,2025-10-02,valid_2025_10,-0.20160071958604248,-0.008256111830548307,0.3017640684581736,0.09716741851284982,0.5033647880442161,0.2987681380988922
2025-10-02 11:00:00,2025-10-02,valid_2025_10,-0.44781792001405835,-0.25447331225856423,0.16626994464247524,-0.09470431649467226,0.6140878646565333,0.3531136035193861
2025-10-02 12:00:00,2025-10-02,valid_2025_10,-0.5961337107192813,-0.40278910296378717,0.11142715272737236,-0.21246860866285827,0.7075608634466539,0.38366510205642307
2025-10-02 13:00:00,2025-10-02,valid_2025_10,-0.6442548793086914,-0.4509102715531973,0.08394550771776366,-0.24906329778352954,0.7282003870264552,0.395191581525162
2025-10-02 14:00:00,2025-10-02,valid_2025_10,-0.5272105810876792,-0.3338659733321851,0.10089156224994189,-0.15281075739224653,0.6281021433376209,0.3743998236954327
2025-10-02 15:00:00,2025-10-02,valid_2025_10,-0.24284032245385923,-0.049495714698365,0.3162734832804224,0.10123598157074087,0.5591138057342814,0.3440763040246001
2025-10-02 16:00:00,2025-10-02,valid_2025_10,0.08366543471508103,0.2770100424705749,0.45382466031217294,0.3854999162251619,0.3701592255970918,0.30183448151008085
2025-10-02 17:00:00,2025-10-02,valid_2025_10,0.5218008439623705,0.7151454517178644,0.691448443063635,0.789830259976295,0.1696475991012646,0.2680294160139245
2025-10-02 18:00:00,2025-10-02,valid_2025_10,0.8026764082055119,0.9960210159610058,0.8811488948753735,1.0293997596289026,0.07847248666986166,0.22672335142339073
2025-10-02 19:00:00,2025-10-02,valid_2025_10,0.8494958105855813,1.042840418341075,0.9609640793514128,1.0781722636655702,0.11146826876583152,0.22867645307998896
2025-10-02 20:00:00,2025-10-02,valid_2025_10,0.8099587601297388,1.0033033678852328,0.9239592777384867,1.0613262266397752,0.11400051760874791,0.2513674665100364
2025-10-02 21:00:00,2025-10-02,valid_2025_10,0.7844292400525472,0.9777738478080411,0.8631834163396632,1.0248595050094795,0.07875417628711598,0.2404302649569323
2025-10-02 22:00:00,2025-10-02,valid_2025_10,0.7102680135810162,0.9036126213365101,0.8291801951776003,0.9737659132886733,0.11891218159658401,0.2634978997076572
2025-10-02 23:00:00,2025-10-02,valid_2025_10,0.672160539107795,0.8655051468632887,0.8006526134718895,0.9508368042204446,0.12849207436409465,0.2786762651126494
2025-10-03 00:00:00,2025-10-03,valid_2025_10,0.6706694250861862,0.8640140328416801,0.7934855005658943,0.9428965614418303,0.12281607547970805,0.272227136355644
2025-10-03 01:00:00,2025-10-03,valid_2025_10,0.7225924522950655,0.9159370600505594,0.8343641839315374,0.9591824613042848,0.11177173163647182,0.23659000900921934
2025-10-03 02:00:00,2025-10-03,valid_2025_10,0.7606208565244597,0.9539654642799535,0.8277097274921517,1.0009001515797205,0.06708887096769205,0.2402792950552608
2025-10-03 03:00:00,2025-10-03,valid_2025_10,0.773950591864012,0.9672951996195059,0.8375988561262772,1.0027598228772678,0.06364826426226505,0.22880923101325584
2025-10-03 04:00:00,2025-10-03,valid_2025_10,0.7990681051274725,0.9924127128829664,0.8590970608474954,1.0383410041863188,0.06002895572002283,0.2392728990588462
2025-10-03 05:00:00,2025-10-03,valid_2025_10,0.8278060186903118,1.0211506264458057,0.8934288452910022,1.0762854208843533,0.06562282660069038,0.24847940219404152
2025-10-03 06:00:00,2025-10-03,valid_2025_10,0.8839255544495989,1.0772701622050929,0.9595776196493021,1.150709886824425,0.07565206519970319,0.26678433237482607
2025-10-03 07:00:00,2025-10-03,valid_2025_10,0.6804599342347678,0.8738045419902617,0.7840750517967353,0.9310563984216774,0.10361511756196742,0.25059646418690973
2025-10-03 08:00:00,2025-10-03,valid_2025_10,0.2732655354104623,0.46661014316595617,0.47459858319581816,0.5532508909945857,0.20133304778535593,0.2799853555841234
2025-10-03 09:00:00,2025-10-03,valid_2025_10,-0.13010842065724415,0.06323618709824996,0.3064615651013808,0.2014237422365116,0.4365699857586249,0.3315321628937557
2025-10-03 10:00:00,2025-10-03,valid_2025_10,-0.3980662563745645,-0.20472164861907038,0.1389667723084569,-0.04375035047539266,0.5370330286830214,0.35431590589917195
2025-10-03 11:00:00,2025-10-03,valid_2025_10,-0.46042375061578267,-0.2670791428602885,0.1463929698512375,-0.0924722027926107,0.60681672046702,0.36795154782317185
2025-10-03 12:00:00,2025-10-03,valid_2025_10,-0.48916815109441303,-0.2958235433389189,0.12791003777702925,-0.1250015936025053,0.6170781888714422,0.36416655749190774
2025-10-03 13:00:00,2025-10-03,valid_2025_10,-0.4267265022699647,-0.2333818945144706,0.18308338266047786,-0.085310705047831,0.6098098849304425,0.3414157972221338
2025-10-03 14:00:00,2025-10-03,valid_2025_10,-0.17439003638678102,0.018954571368713147,0.30983701228491767,0.09111991198190994,0.48422704867169863,0.26550994836869113
2025-10-03 15:00:00,2025-10-03,valid_2025_10,0.19385148504693683,0.3871960928024307,0.5359832973237433,0.41497726480319086,0.3421318122768064,0.22112577975625397
2025-10-03 16:00:00,2025-10-03,valid_2025_10,0.6624056203350386,0.8557502280905325,0.8976201898138738,0.8952950830549551,0.23521456947883518,0.2328894627199165
2025-10-03 17:00:00,2025-10-03,valid_2025_10,1.1333553560924232,1.326699963847917,1.1843295095669508,1.337767402034984,0.050974153474527606,0.20441204594256063
2025-10-03 18:00:00,2025-10-03,valid_2025_10,1.398117246189532,1.591461853945026,1.4346033248877155,1.6063884453000123,0.0364860786981836,0.20827119911048028
2025-10-03 19:00:00,2025-10-03,valid_2025_10,1.4704773892578904,1.663821997013384,1.4667942740841096,1.6123332803657358,-0.0036831151737806663,0.14185589110784563
2025-10-03 20:00:00,2025-10-03,valid_2025_10,1.3762680865522703,1.569612694307764,1.3731036840228241,1.5302114079315197,-0.0031644025294459864,0.1539433213792494
2025-10-03 21:00:00,2025-10-03,valid_2025_10,1.344598087052056,1.5379426948075492,1.335582869726298,1.4948998977085222,-0.009015217325757732,0.1503018106564669
2025-10-03 22:00:00,2025-10-03,valid_2025_10,1.3376102761691342,1.5309548839246279,1.3637235505559253,1.541804484897826,0.02611327438679108,0.20419420872869212
2025-10-03 23:00:00,2025-10-03,valid_2025_10,1.3697478595724215,1.5630924673279152,1.3936550474057166,1.5726766002858668,0.02390718783329541,0.20292874071344563
2025-10-04 00:00:00,2025-10-04,valid_2025_10,1.406617735706015,1.5999623434615085,1.4220190594276945,1.5852098136946575,0.015401323721679513,0.1785920779886428
2025-10-04 01:00:00,2025-10-04,valid_2025_10,1.4811709822777595,1.6745155900332536,1.497209860337504,1.6619691394959328,0.016038878059744563,0.1807981572181731
2025-10-04 02:00:00,2025-10-04,valid_2025_10,1.5606996932609356,1.7540443010164293,1.5716513599365858,1.7310688300566064,0.010951666675650461,0.17036913679567076
2025-10-04 03:00:00,2025-10-04,valid_2025_10,1.6449038926307378,1.8382485003862319,1.6562909617876318,1.8216070597843512,0.01138706915689379,0.1767031671536134
2025-10-04 04:00:00,2025-10-04,valid_2025_10,1.783870284461145,1.977214892216639,1.7982039969575065,1.9595630744076822,0.014333712496361617,0.17569278994653725
2025-10-04 05:00:00,2025-10-04,valid_2025_10,1.9024530336568328,2.095797641412327,1.9161439149201174,2.075610170798856,0.01369088126328449,0.17315713714202327
2025-10-04 06:00:00,2025-10-04,valid_2025_10,1.99307840304914,2.186423010804634,2.0057762978977296,2.171102587024712,0.012697894848589589,0.1780241839755716
2025-10-04 07:00:00,2025-10-04,valid_2025_10,1.9672704715590963,2.1606150793145904,1.9888890722767143,2.1068712489530323,0.021618600717618022,0.1396007773939359
2025-10-04 08:00:00,2025-10-04,valid_2025_10,1.7122643768449866,1.9056089846004802,1.692607204599236,1.81414495249836,-0.019657172245750112,0.10188057565337359
2025-10-04 09:00:00,2025-10-04,valid_2025_10,1.3722016669617723,1.5655462747172662,1.379557891122419,1.460953270958627,0.007356224160646981,0.08875160399685499
2025-10-04 10:00:00,2025-10-04,valid_2025_10,1.1326619573910175,1.3260065651465114,1.2280631456419284,1.2040463537135961,0.09540118825091087,0.07138439632257869
2025-10-04 11:00:00,2025-10-04,valid_2025_10,1.000411977912615,1.1937565856681087,1.0996243929853917,1.04052397303844,0.09921241507277664,0.04011199512582511
2025-10-04 12:00:00,2025-10-04,valid_2025_10,0.9643538428630951,1.157698450618589,1.0825119067665827,1.0101967922131634,0.1181580639034875,0.04584294935006836
2025-10-04 13:00:00,2025-10-04,valid_2025_10,0.9897073396036975,1.1830519473591914,1.1010475485408915,1.0152222530915096,0.11134020893719408,0.025514913487812124
2025-10-04 14:00:00,2025-10-04,valid_2025_10,1.1141612735560722,1.307505881311566,1.2207619181614633,1.1482125401202365,0.10660064460539105,0.034051266564164295
2025-10-04 15:00:00,2025-10-04,valid_2025_10,1.2834303282312525,1.4767749359867464,1.3273083410239332,1.3028065811160392,0.04387801279268068,0.0193762528847867
2025-10-04 16:00:00,2025-10-04,valid_2025_10,1.5062853397443492,1.6996299474998433,1.5133250322256937,1.5963208533600515,0.007039692481344716,0.09003551361570249
2025-10-04 17:00:00,2025-10-04,valid_2025_10,1.7813037449946751,1.9746483527501693,1.7846622062671678,1.8747124105507362,0.0033584612724927953,0.09340866555606098
2025-10-04 18:00:00,2025-10-04,valid_2025_10,1.9911619577381232,2.184506565493617,2.0253737308609088,2.149224659445078,0.03421177312278533,0.15806270170695463
2025-10-04 19:00:00,2025-10-04,valid_2025_10,2.007844376609153,2.201188984364647,2.0289884329946792,2.183399024858879,0.02114405638552594,0.17555464824972639
2025-10-04 20:00:00,2025-10-04,valid_2025_10,1.9597251365622745,2.1530697443177687,1.9783124932536054,2.147028351772074,0.018587356691330582,0.1873032152097993
2025-10-04 21:00:00,2025-10-04,valid_2025_10,1.9950902235544852,2.188434831309979,2.0168269006534763,2.184026775450109,0.021736677098991384,0.1889365518956237
2025-10-04 22:00:00,2025-10-04,valid_2025_10,1.9695280935762927,2.162872701331786,1.9980013463042992,2.175317304513499,0.028473252728006573,0.20578921093720692
2025-10-04 23:00:00,2025-10-04,valid_2025_10,1.9542996204526109,2.147644228208105,1.9894799858781553,2.161559247764315,0.03518036542554458,0.20725962731170422
2025-10-05 00:00:00,2025-10-05,valid_2025_10,1.8802292108021494,2.073573818557643,1.8654416309489603,2.0399605042996116,-0.014787579853188888,0.15973129349746243
2025-10-05 01:00:00,2025-10-05,valid_2025_10,1.8590986962412628,2.0524433039967565,1.8652169410341086,2.03086909253198,0.006118244792845742,0.17177039629071736
2025-10-05 02:00:00,2025-10-05,valid_2025_10,1.829306571201418,2.0226511789569117,1.8239350376070536,1.9655164894008776,-0.005371533594364347,0.1362099181994594
2025-10-05 03:00:00,2025-10-05,valid_2025_10,1.8146526284303304,2.0079972361858243,1.8255673153869953,2.001060229020995,0.010914686956665212,0.1864076005906642
2025-10-05 04:00:00,2025-10-05,valid_2025_10,1.8199398154438104,2.013284423199304,1.804813554510575,1.947358532521776,-0.015126260933235337,0.12741871707796557
2025-10-05 05:00:00,2025-10-05,valid_2025_10,1.8857863937701582,2.0791310015256523,1.8694300940242599,2.00841367301858,-0.01635629974589846,0.1226272792484218
2025-10-05 06:00:00,2025-10-05,valid_2025_10,1.9298655125337976,2.1232101202892917,1.9121427910530402,2.067643205317023,-0.017722721480757448,0.13777769278322538
2025-10-05 07:00:00,2025-10-05,valid_2025_10,1.9320493239686187,2.125393931724113,1.9297188470633655,2.0709839155661616,-0.002330476905253476,0.13893459159754262
2025-10-05 08:00:00,2025-10-05,valid_2025_10,1.784410977658398,1.9777555854138922,1.810218751336644,1.954481659456154,0.025807773678245983,0.17007068179775578
2025-10-05 09:00:00,2025-10-05,valid_2025_10,1.6204573368464894,1.813801944601983,1.6748844678975225,1.8042031658063022,0.054427131051033396,0.1837458289598132
2025-10-05 10:00:00,2025-10-05,valid_2025_10,1.468294805077408,1.6616394128329022,1.538516637715698,1.6570863088739722,0.07022183263829011,0.18879150379656431
2025-10-05 11:00:00,2025-10-05,valid_2025_10,1.3940867676189557,1.5874313753744493,1.491738840031518,1.5293241470626726,0.09765207241256227,0.13523737944371694
2025-10-05 12:00:00,2025-10-05,valid_2025_10,1.3864795439390503,1.5798241516945444,1.508163258422956,1.5181458482121402,0.12168371448390623,0.13166630427309023
2025-10-05 13:00:00,2025-10-05,valid_2025_10,1.3808851926967807,1.5742298004522748,1.4903776664576645,1.505682371804453,0.10949247376088381,0.1247971791076721
2025-10-05 14:00:00,2025-10-05,valid_2025_10,1.459594448425754,1.652939056181248,1.5623149545705903,1.5846782919436961,0.10272050614483637,0.12508384351794227
2025-10-05 15:00:00,2025-10-05,valid_2025_10,1.5325754068674826,1.7259200146229767,1.5986980815702612,1.6915559369662125,0.06612267470277836,0.1589805300987297
2025-10-05 16:00:00,2025-10-05,valid_2025_10,1.6787031784087227,1.8720477861642169,1.7407813136412347,1.8544686283798268,0.06207813523251191,0.17576544997110408
2025-10-05 17:00:00,2025-10-05,valid_2025_10,1.7792954309302982,1.9726400386857919,1.8183991493734448,1.9725223040457671,0.03910371844314675,0.1932268731154691
2025-10-05 18:00:00,2025-10-05,valid_2025_10,1.8904238372722824,2.083768445027776,1.931020877108125,2.0945187304388075,0.040597039835842626,0.20409489316652513
2025-10-05 19:00:00,2025-10-05,valid_2025_10,1.907671845071438,2.101016452826932,1.9148384548435635,2.0881931451374456,0.007166609772125566,0.18052130006600767
2025-10-05 20:00:00,2025-10-05,valid_2025_10,1.8893033540609838,2.0826479618164777,1.9027639642981817,2.0844227188707123,0.013460610237198233,0.195119364809729
2025-10-05 21:00:00,2025-10-05,valid_2025_10,1.9334617183904972,2.1268063261459913,1.9476945810742414,2.112093817727817,0.014232862683744428,0.17863209933731963
2025-10-05 22:00:00,2025-10-05,valid_2025_10,1.8873029294887844,2.0806475372442783,1.9019258516146935,2.080288842277665,0.014622922125909446,0.1929859127888809
2025-10-05 23:00:00,2025-10-05,valid_2025_10,1.9014622887613464,2.0948068965168405,1.9150692588446074,2.0971442526158426,0.013606970083260877,0.19568196385449604
2025-10-06 00:00:00,2025-10-06,valid_2025_10,1.866690666902957,2.060035274658451,1.8816322644637715,2.048348239690497,0.014941597560814575,0.18165757278754013
2025-10-06 01:00:00,2025-10-06,valid_2025_10,1.8604890000850434,2.0538336078405375,1.869041783959621,2.0342671857362182,0.008552783874577795,0.173778185651175
2025-10-06 02:00:00,2025-10-06,valid_2025_10,1.8991324340602116,2.0924770418157057,1.919573975764434,2.079699713349526,0.020441541704222268,0.18056727928931438
2025-10-06 03:00:00,2025-10-06,valid_2025_10,1.9014158284185219,2.094760436174016,1.92143011482041,2.095987210439408,0.020014286401887987,0.19457138202088609
2025-10-06 04:00:00,2025-10-06,valid_2025_10,1.9079832170293893,2.1013278247848834,1.919400201592527,2.0837821305878395,0.011416984563137712,0.1757989135584499
2025-10-06 05:00:00,2025-10-06,valid_2025_10,1.9526133729911375,2.1459579807466316,1.937871896189216,2.0691785975875856,-0.014741476801921482,0.11656522459644805
2025-10-06 06:00:00,2025-10-06,valid_2025_10,1.9996794534933002,2.1930240612487943,1.987206837497911,2.0817530381601004,-0.012472615995389551,0.08207358466680016
2025-10-06 07:00:00,2025-10-06,valid_2025_10,1.974018792523908,2.1673634002794024,1.9886889367953449,2.1079143362597117,0.014670144271436694,0.13389554373580356
2025-10-06 08:00:00,2025-10-06,valid_2025_10,1.6498022153408756,1.8431468230963697,1.6267088593629437,1.7220724146199138,-0.023093355977931895,0.07227019927903813
2025-10-06 09:00:00,2025-10-06,valid_2025_10,1.3444599332779192,1.5378045410334134,1.3520531125079513,1.430108842174018,0.0075931792300319755,0.08564890889609862
2025-10-06 10:00:00,2025-10-06,valid_2025_10,1.0562203170359985,1.2495649247914924,1.1506345862778906,1.1393634685194989,0.09441426924189213,0.0831431514835004
2025-10-06 11:00:00,2025-10-06,valid_2025_10,0.8643515490343727,1.0576961567898666,0.9965114772000139,0.9513782589410358,0.1321599281656412,0.08702670990666297
2025-10-06 12:00:00,2025-10-06,valid_2025_10,0.7477818475983681,0.941126455353862,0.9890332885091392,0.8750433357081954,0.24125144091077105,0.12726148810982735
2025-10-06 13:00:00,2025-10-06,valid_2025_10,0.7185802072175212,0.9119248149730151,0.9387269529047374,0.809084404532067,0.22014674568721615,0.09050419731454568
2025-10-06 14:00:00,2025-10-06,valid_2025_10,0.8148016810725831,1.008146288828077,0.9666590138989115,0.8787828450562809,0.1518573328263284,0.06398116398369791
2025-10-06 15:00:00,2025-10-06,valid_2025_10,1.0393869458812999,1.2327315536367938,1.1734927337133485,1.1617283579090907,0.13410578783204863,0.12234141202779086
2025-10-06 16:00:00,2025-10-06,valid_2025_10,1.3137715619266743,1.5071161696821678,1.3812239778667963,1.4966299693948009,0.06745241594012186,0.18285840746812698
2025-10-06 17:00:00,2025-10-06,valid_2025_10,1.5508776261436439,1.7442222338991376,1.5937367948244772,1.7390490486265326,0.04285916868083322,0.188171422482889
2025-10-06 18:00:00,2025-10-06,valid_2025_10,1.8198937057450821,2.013238313500576,1.8501607940726343,2.011030674270753,0.030267088327552375,0.19113696852567075
2025-10-06 19:00:00,2025-10-06,valid_2025_10,1.9574606769851917,2.1508052847406858,1.974118147487657,2.1461334272649197,0.016657470502465164,0.18867275027972796
2025-10-06 20:00:00,2025-10-06,valid_2025_10,1.837077370352476,2.0304219781079698,1.853723109093981,2.027755217259347,0.01664573874150532,0.190677846906871
2025-10-06 21:00:00,2025-10-06,valid_2025_10,1.8240020273051463,2.0173466350606404,1.8407958248841774,2.015788199662691,0.016793797579031274,0.19178617235754492
2025-10-06 22:00:00,2025-10-06,valid_2025_10,1.7993398254013702,1.9926844331568643,1.8174782071282078,1.9940347321503609,0.018138381726837415,0.1946949067489906
2025-10-06 23:00:00,2025-10-06,valid_2025_10,1.8093158252771544,2.0026604330326485,1.8301906230015432,1.9989843337548128,0.020874797724388612,0.18966850847765832
2025-10-07 00:00:00,2025-10-07,valid_2025_10,1.7950118253146656,1.9883564330701597,1.8099366227056497,1.966948602951141,0.014924797390984233,0.17193677763647533
2025-10-07 01:00:00,2025-10-07,valid_2025_10,1.7488435690223394,1.942188176777833,1.761968569739905,1.9288581924173034,0.013125000717565515,0.1800146233949638
2025-10-07 02:00:00,2025-10-07,valid_2025_10,1.7504882651583427,1.9438328729138368,1.7492089133463375,1.908120863596579,-0.0012793518120051556,0.15763259843823646
2025-10-07 03:00:00,2025-10-07,valid_2025_10,1.7638109876159587,1.9571555953714528,1.7652727793445888,1.922779591072561,0.0014617917286302348,0.15896860345660216
2025-10-07 04:00:00,2025-10-07,valid_2025_10,1.7679189585319266,1.9612635662874207,1.7713382443089785,1.9467219138482608,0.0034192857770517227,0.17880295531633394
2025-10-07 05:00:00,2025-10-07,valid_2025_10,1.810295524883592,2.0036401326390854,1.8204650462374399,1.9933062327673319,0.01016952135384794,0.18301070788374
2025-10-07 06:00:00,2025-10-07,valid_2025_10,1.8432418688961298,2.0365864766516237,1.8515108448207955,2.0237800216489514,0.008268975924665255,0.18053815275282153
2025-10-07 07:00:00,2025-10-07,valid_2025_10,1.8452878772009118,2.038632484956406,1.8855135745876033,2.0346008787830656,0.04022569738669116,0.18931300158215378
2025-10-07 08:00:00,2025-10-07,valid_2025_10,1.5170527433465932,1.7103973511020873,1.5704714224598804,1.702944354896335,0.053418679113287085,0.18589161154974163
2025-10-07 09:00:00,2025-10-07,valid_2025_10,1.1717870010331288,1.365131608788623,1.2869730341050478,1.3447796939186683,0.11518603307191898,0.17299269288553942
2025-10-07 10:00:00,2025-10-07,valid_2025_10,0.8649094237923689,1.0582540315478628,1.08683659122762,1.0496226619075555,0.22192716743525118,0.1847132381151866
2025-10-07 11:00:00,2025-10-07,valid_2025_10,0.6871484703810768,0.8804930781365707,1.0133501236794373,0.92357290766129,0.32620165329836054,0.236424437280213
2025-10-07 12:00:00,2025-10-07,valid_2025_10,0.5373559420622136,0.7307005498177075,0.9115549497779596,0.7832227401354566,0.37419900771574605,0.2458667980732429
2025-10-07 13:00:00,2025-10-07,valid_2025_10,0.564124813699517,0.7574694214550108,0.897430540354833,0.7936914551609158,0.33330572665531605,0.22956664146139882
2025-10-07 14:00:00,2025-10-07,valid_2025_10,0.7449365460749487,0.9382811538304426,0.9265023753135254,0.8798110312942681,0.18156582923857661,0.13487448521931933
2025-10-07 15:00:00,2025-10-07,valid_2025_10,0.9868267983485494,1.1801714061040434,1.1370222514012487,1.0990781905736817,0.15019545305269952,0.1122513922251322
2025-10-07 16:00:00,2025-10-07,valid_2025_10,1.2752554117586414,1.4686000195141349,1.3417858981986357,1.4192078521079399,0.06653048643999442,0.14395244034929836
2025-10-07 17:00:00,2025-10-07,valid_2025_10,1.497248189437726,1.6905927971932198,1.5334494720273055,1.6800482259038072,0.03620128258957957,0.18280003646608145
2025-10-07 18:00:00,2025-10-07,valid_2025_10,1.6520705320030238,1.845415139758518,1.6801202626219205,1.820437131133709,0.02804973061889681,0.1683665991306854
2025-10-07 19:00:00,2025-10-07,valid_2025_10,1.6252059345272962,1.81855054228279,1.6467105747817379,1.7917945439016436,0.02150464025444203,0.16658860937434736
2025-10-07 20:00:00,2025-10-07,valid_2025_10,1.613851903351119,1.807196511106613,1.6284976238367481,1.7960366622293378,0.014645720485629076,0.18218475887821883
2025-10-07 21:00:00,2025-10-07,valid_2025_10,1.6666352358514778,1.8599798436069714,1.6878151026869195,1.8374952842516188,0.021179866835441808,0.17086004840014118
2025-10-07 22:00:00,2025-10-07,valid_2025_10,1.6948552480833545,1.8881998558388486,1.7219175438149612,1.8713349512197952,0.027062295731606578,0.1764797031364403
2025-10-07 23:00:00,2025-10-07,valid_2025_10,1.7040209094514518,1.897365517206946,1.7271388138583732,1.8713926859322938,0.02311790440692128,0.16737177648084214
2025-10-08 00:00:00,2025-10-08,valid_2025_10,1.7374967260501464,1.9308413338056405,1.7796036723677418,1.916296293764864,0.04210694631759524,0.17879956771471775
2025-10-08 01:00:00,2025-10-08,valid_2025_10,1.7504986091591972,1.9438432169146913,1.7877445258715916,1.9374536066505748,0.037245916712393974,0.1869549974913775
2025-10-08 02:00:00,2025-10-08,valid_2025_10,1.721628678093916,1.9149732858494102,1.7469287449370072,1.9189791280809638,0.02530006684309102,0.1973504499870475
2025-10-08 03:00:00,2025-10-08,valid_2025_10,1.706637415701715,1.8999820234572087,1.7253713510193633,1.8826177686168202,0.018733935317648682,0.17598035291510553
2025-10-08 04:00:00,2025-10-08,valid_2025_10,1.6864555687447,1.8798001765001937,1.7143383420551543,1.853616273074948,0.027882773310454273,0.16716070433024802
2025-10-08 05:00:00,2025-10-08,valid_2025_10,1.6432053726258768,1.836549980381371,1.6748600565150489,1.811439588412222,0.03165468388917227,0.16823421578634534
2025-10-08 06:00:00,2025-10-08,valid_2025_10,1.5971382771554754,1.790482884910969,1.6209813397413384,1.772950108665573,0.02384306258586346,0.17581183151009777
2025-10-08 07:00:00,2025-10-08,valid_2025_10,1.6100773949712004,1.8034220027266945,1.647514667303524,1.7865994060308952,0.037437272332323406,0.17652201105969478
2025-10-08 08:00:00,2025-10-08,valid_2025_10,1.5544100147747275,1.7477546225302212,1.5923216612786217,1.73235015014777,0.037911646503893955,0.17794013537304254
2025-10-08 09:00:00,2025-10-08,valid_2025_10,1.4675682705088555,1.660912878264349,1.513078446240051,1.6609410145492918,0.04551017573119571,0.19337274404043656
2025-10-08 10:00:00,2025-10-08,valid_2025_10,1.4684008749166877,1.6617454826721818,1.5659188757071878,1.643435144653681,0.09751800079050023,0.17503426973699335
2025-10-08 11:00:00,2025-10-08,valid_2025_10,1.426919678266181,1.620264286021675,1.5165508908269978,1.552741771633156,0.08963121256081677,0.12582209336697475
2025-10-08 12:00:00,2025-10-08,valid_2025_10,1.362422729068386,1.55576733682388,1.45410961102303,1.4771371654515166,0.09168688195464426,0.11471443638313053
2025-10-08 13:00:00,2025-10-08,valid_2025_10,1.289334648855087,1.4826792566105809,1.388078910066484,1.3978589724605843,0.09874426121139711,0.10852432360549723
2025-10-08 14:00:00,2025-10-08,valid_2025_10,1.2552262703057797,1.4485708780612734,1.3527946400863389,1.3752010242541808,0.09756836978055915,0.11997475394840103
2025-10-08 15:00:00,2025-10-08,valid_2025_10,1.260527483083131,1.4538720908386251,1.3867511033147415,1.4391028777627275,0.12622362023161035,0.17857539467959624
2025-10-08 16:00:00,2025-10-08,valid_2025_10,1.3043462486049022,1.4976908563603963,1.4317401067930187,1.5158124921128286,0.12739385818811616,0.21146624350792634
2025-10-08 17:00:00,2025-10-08,valid_2025_10,1.3139696758413617,1.5073142835968558,1.429668272372163,1.5342233311482167,0.11569859653080108,0.22025365530685487
2025-10-08 18:00:00,2025-10-08,valid_2025_10,1.4366221757464666,1.6299667835019611,1.529091463258355,1.6314634828958225,0.09246928751188846,0.194841307149356
2025-10-08 19:00:00,2025-10-08,valid_2025_10,1.5678151385950891,1.7611597463505833,1.6443424932621333,1.7515682036529983,0.07652735466704405,0.18375306505790875
2025-10-08 20:00:00,2025-10-08,valid_2025_10,1.6322652768059631,1.8256098845614572,1.7015481764168963,1.797286195787884,0.06928289961093322,0.16502091898192087
2025-10-08 21:00:00,2025-10-08,valid_2025_10,1.7364198980288983,1.929764505784392,1.7982246618450735,1.8886135595613431,0.06180476381617511,0.152193661532445
2025-10-08 22:00:00,2025-10-08,valid_2025_10,1.7590469615948925,1.9523915693503866,1.8253480783223799,1.900819692732011,0.0663011167274873,0.14177273113711858
2025-10-08 23:00:00,2025-10-08,valid_2025_10,1.8195483213097416,2.0128929290652358,1.8575190970284834,1.9568780071268508,0.03797077571874147,0.13732968581710878
2025-10-09 00:00:00,2025-10-09,valid_2025_10,1.792018026016255,1.9853626337717487,1.8209540957688701,1.9634151579485812,0.028936069752615236,0.17139713193232647
2025-10-09 01:00:00,2025-10-09,valid_2025_10,1.7881765446138482,1.9815211523693428,1.8155630323773817,1.955048182026994,0.02738648776353289,0.1668716374131455
2025-10-09 02:00:00,2025-10-09,valid_2025_10,1.7961524705615304,1.989497078317024,1.826583795075115,1.97348880393359,0.030431324513584584,0.17733633337205978
2025-10-09 03:00:00,2025-10-09,valid_2025_10,1.750569965232895,1.943914572988389,1.77343911618805,1.9262048786782593,0.0228691509551552,0.17563491344536447
2025-10-09 04:00:00,2025-10-09,valid_2025_10,1.7454707234552957,1.9388153312107899,1.770729891723192,1.9245419459452404,0.025259168267895964,0.17907122248994453
2025-10-09 05:00:00,2025-10-09,valid_2025_10,1.7575684707607684,1.950913078516262,1.780156300661947,1.9346429293958731,0.022587829901178524,0.17707445863510485
2025-10-09 06:00:00,2025-10-09,valid_2025_10,1.8090915883772563,2.00243619613275,1.8374966317110948,1.9884609697874516,0.028405043333838843,0.17936938141019554
2025-10-09 07:00:00,2025-10-09,valid_2025_10,1.8360047500603893,2.029349357815883,1.8750773699526624,2.0127462448591147,0.039072619892273064,0.17674149479872547
2025-10-09 08:00:00,2025-10-09,valid_2025_10,1.745865548708284,1.939210156463778,1.7922279367999514,1.908553777640007,0.046362388091667345,0.1626882289317233
2025-10-09 09:00:00,2025-10-09,valid_2025_10,1.6002698795839259,1.79361448733942,1.656792726798056,1.7773618384759524,0.05652284721412991,0.17709195889202656
2025-10-09 10:00:00,2025-10-09,valid_2025_10,1.3951581606567032,1.5885027684121977,1.4538311786255398,1.5617505830399583,0.05867301796883685,0.16659242238325495
2025-10-09 11:00:00,2025-10-09,valid_2025_10,1.4027545143696074,1.5960991221251009,1.4752722115524601,1.5397235061817165,0.0725176971828528,0.13696899181210956
2025-10-09 12:00:00,2025-10-09,valid_2025_10,1.3794789345465959,1.5728235423020895,1.4863581691494412,1.5133035280986895,0.10687923460284547,0.13382459355209336
2025-10-09 13:00:00,2025-10-09,valid_2025_10,1.38827659493511,1.5816212026906036,1.4674880135524204,1.5220492242166075,0.0792114186173105,0.13377262928149797
2025-10-09 14:00:00,2025-10-09,valid_2025_10,1.397413328165222,1.5907579359207151,1.4748133657584124,1.5421664289097503,0.07740003759319018,0.144753100744529
2025-10-09 15:00:00,2025-10-09,valid_2025_10,1.5279795146908282,1.7213241224463223,1.5971923859418136,1.6706983463771687,0.06921287125098528,0.14271883168634056
2025-10-09 16:00:00,2025-10-09,valid_2025_10,1.6345642748265807,1.8279088825820748,1.6826204380561367,1.8178067488056429,0.048056163229556026,0.18324247397906226
2025-10-09 17:00:00,2025-10-09,valid_2025_10,1.8206065651938603,2.0139511729493544,1.8701378103881594,2.0140740128150405,0.049531245194298815,0.19346744762118007
2025-10-09 18:00:00,2025-10-09,valid_2025_10,2.0332497686760798,2.2265943764315743,2.0676639207269876,2.2240752679695257,0.03441415205090731,0.19082549929344608
2025-10-09 19:00:00,2025-10-09,valid_2025_10,2.038900222973837,2.232244830729331,2.056123363333958,2.2266528276615123,0.017223140360120993,0.18775260468767488
2025-10-09 20:00:00,2025-10-09,valid_2025_10,1.970526377319859,2.163870985075353,1.984117256152774,2.156026018522319,0.013590878832914871,0.18549964120245999
2025-10-09 21:00:00,2025-10-09,valid_2025_10,2.0206197436316766,2.2139643513871703,2.0347396817909593,2.1963602032369542,0.014119938159282875,0.1757404596052779
2025-10-09 22:00:00,2025-10-09,valid_2025_10,2.0100690380812503,2.2034136458367444,2.0302709831423225,2.1951233540117028,0.020201945061072323,0.18505431593045232
2025-10-09 23:00:00,2025-10-09,valid_2025_10,2.0415090150539696,2.2348536228094638,2.0613947500467553,2.2245662356839775,0.01988573499278558,0.18305722063000765
2025-10-10 00:00:00,2025-10-10,valid_2025_10,2.032214316658253,2.2255589244137473,2.0522349271686475,2.2072329180408947,0.020020610510394457,0.17501860138264155
2025-10-10 01:00:00,2025-10-10,valid_2025_10,2.0431040950502775,2.236448702805771,2.0572703330518833,2.2181747496530444,0.014166238001606012,0.1750706546027671
2025-10-10 02:00:00,2025-10-10,valid_2025_10,2.0525544794249697,2.2458990871804634,2.071214058244011,2.229713456381151,0.018659578819040887,0.17715897695618174
2025-10-10 03:00:00,2025-10-10,valid_2025_10,2.0440892296402144,2.237433837395708,2.0596716751273085,2.231420539939282,0.015582445487094282,0.18733131029906774
2025-10-10 04:00:00,2025-10-10,valid_2025_10,2.056355812078293,2.2497004198337867,2.0695059814117394,2.2346293802294053,0.013150169333446437,0.17827356815111248
2025-10-10 05:00:00,2025-10-10,valid_2025_10,2.065243763321731,2.258588371077225,2.087145385514721,2.2645306804663137,0.021901622192989918,0.19928691714458277
2025-10-10 06:00:00,2025-10-10,valid_2025_10,2.1149896413336275,2.308334249089121,2.1347653445621404,2.3000990967305164,0.01977570322851284,0.18510945539688858
2025-10-10 07:00:00,2025-10-10,valid_2025_10,2.1478628760519842,2.3412074838074783,2.1908859160170193,2.330974600127198,0.043023039965034975,0.18311172407521364
2025-10-10 08:00:00,2025-10-10,valid_2025_10,2.00625210176562,2.1995967095211135,2.05042654731274,2.1951758099628167,0.04417444554712058,0.1889237081971974
2025-10-10 09:00:00,2025-10-10,valid_2025_10,1.8183093203937273,2.011653928149221,1.8645198489387393,2.005142937903819,0.046210528545012286,0.1868336175100915
2025-10-10 10:00:00,2025-10-10,valid_2025_10,1.7074333778014326,1.9007779855569267,1.7650664768554185,1.8978890200532723,0.057633099053985594,0.19045564225183967
2025-10-10 11:00:00,2025-10-10,valid_2025_10,1.6474194133811246,1.8407640211366187,1.7044672930092686,1.7808762014982178,0.05704787962814368,0.13345678811709297
2025-10-10 12:00:00,2025-10-10,valid_2025_10,1.5676894326863895,1.7610340404418832,1.627221690445845,1.6989243228376232,0.05953225775945564,0.13123489015123374
2025-10-10 13:00:00,2025-10-10,valid_2025_10,1.593192654456322,1.786537262211816,1.6552674899881838,1.7202214160193867,0.062074835531862035,0.12702876156306475
2025-10-10 14:00:00,2025-10-10,valid_2025_10,1.6746807646523716,1.8680253724078657,1.72863444358534,1.8061717636847954,0.05395367893296811,0.13149099903242367
2025-10-10 15:00:00,2025-10-10,valid_2025_10,1.7898310587845623,1.9831756665400564,1.8444137453373168,1.9446593960855225,0.05458268655275446,0.15482833730096027
2025-10-10 16:00:00,2025-10-10,valid_2025_10,1.8698466390961346,2.0631912468516287,1.9126582154411333,2.0582834275680075,0.042811576344998915,0.18843678847187276
2025-10-10 17:00:00,2025-10-10,valid_2025_10,2.0007597879555172,2.1941043957110113,2.0355133973757042,2.1834831435311592,0.03475360942018683,0.1827233555756421
2025-10-10 18:00:00,2025-10-10,valid_2025_10,2.151271837960997,2.3446164457164915,2.176804294422179,2.322542737575061,0.02553245646118171,0.1712708996140636
2025-10-10 19:00:00,2025-10-10,valid_2025_10,2.10722532909836,2.3005699368538535,2.099965257027558,2.259710525891965,-0.007260072070801723,0.15248519679360545
2025-10-10 20:00:00,2025-10-10,valid_2025_10,2.060362446850288,2.253707054605782,2.0458389732784408,2.2200894831029037,-0.014523473571847254,0.15972703625261547
2025-10-10 21:00:00,2025-10-10,valid_2025_10,1.99201051645236,2.1853551242078537,1.9850315014277506,2.166313644967779,-0.006979015024609179,0.17430312851541857
2025-10-10 22:00:00,2025-10-10,valid_2025_10,1.9186038760771258,2.1119484838326192,1.9109991576755465,2.092445064676916,-0.007604718401579184,0.17384118859979025
2025-10-10 23:00:00,2025-10-10,valid_2025_10,1.8332279994578922,2.026572607213386,1.82897971681372,2.0089210937289073,-0.004248282644171804,0.1756930942710152
2025-10-11 00:00:00,2025-10-11,valid_2025_10,1.699676604414246,1.89302121216974,1.70329850398439,1.8555178331495772,0.0036218995701439486,0.15584122873533113
2025-10-11 01:00:00,2025-10-11,valid_2025_10,1.7142900477921545,1.9076346555476482,1.7196196696540638,1.88547022683554,0.005329621861909214,0.17118017904338587
2025-10-11 02:00:00,2025-10-11,valid_2025_10,1.7257289348397546,1.9190735425952488,1.747055790332162,1.913582999902372,0.021326855492406937,0.18785406506261682
2025-10-11 03:00:00,2025-10-11,valid_2025_10,1.753386338618329,1.9467309463738232,1.77770773842023,1.9469191023632175,0.024321399801900918,0.19353276374488854
2025-10-11 04:00:00,2025-10-11,valid_2025_10,1.7908445955463397,1.9841892033018338,1.8116182447492495,1.9810547232904927,0.020773649202909694,0.19021012774415277
2025-10-11 05:00:00,2025-10-11,valid_2025_10,1.8540536289766176,2.0473982367321115,1.8736632518967078,2.037676546671264,0.019609622920089928,0.18362291769464653
2025-10-11 06:00:00,2025-10-11,valid_2025_10,1.9080340604234243,2.101378668178918,1.917962662768153,2.0877305252247864,0.009928602344728733,0.1796964648013623
2025-10-11 07:00:00,2025-10-11,valid_2025_10,1.889493403161444,2.082838010916938,1.9246818978860123,2.0892314763431235,0.03518849472456797,0.19973807318167938
2025-10-11 08:00:00,2025-10-11,valid_2025_10,1.6006256080201207,1.7939702157756148,1.6598128559206093,1.7779771940488163,0.059187247900488495,0.17735158602869552
2025-10-11 09:00:00,2025-10-11,valid_2025_10,1.1885341137400172,1.3818787214955113,1.2758713755916142,1.3610087123549097,0.0873372618515971,0.1724745986148927
2025-10-11 10:00:00,2025-10-11,valid_2025_10,0.9649711517954979,1.1583157595509919,1.15199275872116,1.1272251688728767,0.18702160692566236,0.16225401707737877
2025-10-11 11:00:00,2025-10-11,valid_2025_10,0.8469282191868214,1.0402728269423154,1.0661883531148884,1.0128356841207848,0.2192601339280668,0.1659074649339637
2025-10-11 12:00:00,2025-10-11,valid_2025_10,0.8364094222492033,1.0297540300046972,1.0385709336593345,1.0015449637004867,0.20216151141013106,0.1651355414512833
2025-10-11 13:00:00,2025-10-11,valid_2025_10,0.8921241393987431,1.085468747154237,1.084405047318026,1.0506262555533061,0.1922809079192828,0.158502116154563
2025-10-11 14:00:00,2025-10-11,valid_2025_10,1.0450242510254264,1.2383688587809205,1.1622550626511647,1.153625439770996,0.11723081162573805,0.10860118874556937
2025-10-11 15:00:00,2025-10-11,valid_2025_10,1.3200177605448804,1.5133623683003745,1.4474107322053946,1.4535968002084996,0.12739297166051414,0.13357903966361925
2025-10-11 16:00:00,2025-10-11,valid_2025_10,1.4656137803133353,1.6589583880688294,1.5220190959570161,1.636937046663826,0.056405315643680724,0.17132326635049053
2025-10-11 17:00:00,2025-10-11,valid_2025_10,1.7019868230459614,1.8953314308014555,1.7419681973974193,1.8862198121179556,0.039981374351457835,0.18423298907199415
2025-10-11 18:00:00,2025-10-11,valid_2025_10,1.9786804304687111,2.1720250382242052,2.016179429076306,2.1435298410837764,0.03749899860759503,0.16484941061506533
2025-10-11 19:00:00,2025-10-11,valid_2025_10,1.9469932494077535,2.1403378571632476,1.9598499519595918,2.123472483746174,0.012856702551838118,0.17647923433842005
2025-10-11 20:00:00,2025-10-11,valid_2025_10,1.9238093630160527,2.1171539707715463,1.9386381709387575,2.1036563766272485,0.014828807922704799,0.1798470136111961
2025-10-11 21:00:00,2025-10-11,valid_2025_10,1.9235698730979442,2.116914480853438,1.9504435087510616,2.1064427844456697,0.02687363565311758,0.18287291134772546
2025-10-11 22:00:00,2025-10-11,valid_2025_10,1.8716291383621773,2.0649737461176714,1.8947008124373,2.055713874454803,0.0230716740751225,0.18408473609262588
2025-10-11 23:00:00,2025-10-11,valid_2025_10,1.8722055972573033,2.065550205012797,1.8887216874691726,2.0293548142088738,0.01651609021186925,0.15714921695157058
2025-10-12 00:00:00,2025-10-12,valid_2025_10,1.772012553039926,1.96535716079542,1.770231436792506,1.9126369412563764,-0.0017811162474199965,0.14062438821645018
2025-10-12 01:00:00,2025-10-12,valid_2025_10,1.745729498798728,1.939074106554222,1.750137184853398,1.884393824192252,0.00440768605467003,0.13866432539352408
2025-10-12 02:00:00,2025-10-12,valid_2025_10,1.7333198535691592,1.9266644613246529,1.7446178519632634,1.8880845358558984,0.011297998394104105,0.15476468228673934
2025-10-12 03:00:00,2025-10-12,valid_2025_10,1.6770968778013184,1.8704414855568126,1.6904772568612305,1.8282702359003826,0.013380379059911969,0.15117335809906407
2025-10-12 04:00:00,2025-10-12,valid_2025_10,1.6669874578467052,1.8603320656021989,1.686823761820861,1.8506169890323192,0.019836303974155905,0.18362953118561412
2025-10-12 05:00:00,2025-10-12,valid_2025_10,1.6678004261851171,1.8611450339406113,1.6842074682995842,1.8444468420788858,0.01640704211446706,0.17664641589376864
2025-10-12 06:00:00,2025-10-12,valid_2025_10,1.671227796909212,1.864572404664706,1.6778246766358618,1.8579612502680374,0.006596879726649615,0.1867334533588255
2025-10-12 07:00:00,2025-10-12,valid_2025_10,1.5504149512579264,1.74375955901342,1.5689703977263505,1.7108339160930066,0.01855544646842431,0.16041896483508045
2025-10-12 08:00:00,2025-10-12,valid_2025_10,1.1957701806434675,1.3891147883989616,1.226313408144552,1.3687080671078038,0.030543227501084274,0.1729378864643362
2025-10-12 09:00:00,2025-10-12,valid_2025_10,0.8539538996321967,1.0472985073876906,0.9116311394655829,1.048249261915411,0.05767723983338624,0.19429536228321412
2025-10-12 10:00:00,2025-10-12,valid_2025_10,0.4985664648207315,0.6919110725762254,0.6901291237831653,0.6942450317851749,0.19156265896243377,0.19567856696444338
2025-10-12 11:00:00,2025-10-12,valid_2025_10,0.13264042168018042,0.3259850294356743,0.4481818819035319,0.34245705856794006,0.31554146022335144,0.20981663688775973
2025-10-12 12:00:00,2025-10-12,valid_2025_10,-0.025269517479420522,0.16807509027607337,0.3832729975568233,0.25656080067237863,0.4085425150362439,0.2818303181517991
2025-10-12 13:00:00,2025-10-12,valid_2025_10,-0.1185315551575562,0.07481305259793769,0.32554030187112926,0.1678938214713287,0.4440718570286852,0.286425376628885
2025-10-12 14:00:00,2025-10-12,valid_2025_10,-0.06159589526298537,0.13174871249250852,0.3631940497393863,0.18638194976591138,0.42478994500237155,0.24797784502889664
2025-10-12 15:00:00,2025-10-12,valid_2025_10,0.07046947009845561,0.2638140778539495,0.41874925557393905,0.30178300594568963,0.3482797854754835,0.23131353584723396
2025-10-12 16:00:00,2025-10-12,valid_2025_10,0.3403930166223925,0.5337376243778863,0.5626293165193151,0.5752998122144385,0.22223629989692276,0.23490679559204616
2025-10-12 17:00:00,2025-10-12,valid_2025_10,0.7412079720717101,0.934552579827204,0.824246952082135,0.9531522680697958,0.08303898001042496,0.21194429599808567
2025-10-12 18:00:00,2025-10-12,valid_2025_10,1.1456336851077447,1.3389782928632388,1.1779562441729496,1.3536119930905641,0.032322559065205016,0.2079783079828196
2025-10-12 19:00:00,2025-10-12,valid_2025_10,1.1866415122275815,1.3799861199830752,1.2127129286601397,1.3887712875517302,0.026071416432558194,0.20212977532414866
2025-10-12 20:00:00,2025-10-12,valid_2025_10,1.1438734517418483,1.337218059497342,1.1742069520397453,1.3572066199975021,0.03033350029789701,0.2133331682556539
2025-10-12 21:00:00,2025-10-12,valid_2025_10,1.113837629054733,1.3071822368102268,1.125283834568715,1.3145632845745667,0.011446205513982212,0.2007256555198338
2025-10-12 22:00:00,2025-10-12,valid_2025_10,1.0379754280696631,1.2313200358251568,1.0775141067222775,1.2379161580306528,0.03953867865261433,0.19994072996098985
2025-10-12 23:00:00,2025-10-12,valid_2025_10,0.9984220726633195,1.1917666804188134,1.0521317192436004,1.235337725237758,0.05370964658028088,0.23691565257443842
2025-10-13 00:00:00,2025-10-13,valid_2025_10,0.8983778768650307,1.0917224846205245,0.9571173877342595,1.1365750882363646,0.0587395108692288,0.23819721137133368
2025-10-13 01:00:00,2025-10-13,valid_2025_10,0.8771653115854955,1.070509919340989,0.9308350752279636,1.1321942996861432,0.053669763642468046,0.2550289881006481
2025-10-13 02:00:00,2025-10-13,valid_2025_10,0.8811163692681483,1.0744609770236424,0.9328060492710202,1.174127163730579,0.05168968000287184,0.2930107944624306
2025-10-13 03:00:00,2025-10-13,valid_2025_10,0.8978843452987953,1.0912289530542894,0.9544584339453689,1.2047958484211851,0.05657408864657358,0.3069115031223899
2025-10-13 04:00:00,2025-10-13,valid_2025_10,0.916807905914472,1.1101525136699661,0.9706736296401848,1.2134911393554455,0.053865723725712744,0.2966832334409735
2025-10-13 05:00:00,2025-10-13,valid_2025_10,0.9626483099762984,1.155992917731792,1.0119444583720891,1.263076268193424,0.04929614839579081,0.3004279582171259
2025-10-13 06:00:00,2025-10-13,valid_2025_10,1.0128991154875757,1.2062437232430696,1.0666762251649111,1.3067074442040474,0.053777109677335365,0.29380832871647156
2025-10-13 07:00:00,2025-10-13,valid_2025_10,0.9617829203454156,1.1551275281009095,1.0086919871199467,1.1947421216614997,0.046909066774531105,0.2329592013160842
2025-10-13 08:00:00,2025-10-13,valid_2025_10,0.5890172134528374,0.7823618212083313,0.7463967051280592,0.8130356518199461,0.15737949167522175,0.2240184383671086
2025-10-13 09:00:00,2025-10-13,valid_2025_10,0.06500292862946644,0.25834753638496033,0.43544595256629526,0.33717818444469927,0.3704430239368288,0.27217525581523294
2025-10-13 10:00:00,2025-10-13,valid_2025_10,-0.30200940992294656,-0.10866480216745245,0.22322995401482526,0.029413525728838152,0.525239363937772,0.331422935651785
2025-10-13 11:00:00,2025-10-13,valid_2025_10,-0.5430556618555693,-0.3497110541000752,0.14608107970556183,-0.13465221780328562,0.689136741561131,0.4084034440522838
2025-10-13 12:00:00,2025-10-13,valid_2025_10,-0.6619839708086458,-0.4686393630531517,0.08890571615773524,-0.2273203303821264,0.7508896869663809,0.4346636404265196
2025-10-13 13:00:00,2025-10-13,valid_2025_10,-0.736684487901043,-0.5433398801455489,0.014205199065338014,-0.2970294519565311,0.7508896869663809,0.439655035944512
2025-10-13 14:00:00,2025-10-13,valid_2025_10,-0.5885534866348294,-0.39520887887933526,0.037868348574906285,-0.1905299931809541,0.6264218352097357,0.3980234934538755
2025-10-13 15:00:00,2025-10-13,valid_2025_10,-0.2886255000704407,-0.09528089231494652,0.22493796873755711,0.04844190871051357,0.5135634688079977,0.3370674087809541
2025-10-13 16:00:00,2025-10-13,valid_2025_10,0.08190712989171722,0.2752517376472111,0.39136882979366083,0.3194913383271033,0.3094616999019437,0.23758420843538608
2025-10-13 17:00:00,2025-10-13,valid_2025_10,0.5898131755525551,0.783157783308049,0.7098864236849636,0.7956851453696059,0.12007324813240845,0.2058719698170508
2025-10-13 18:00:00,2025-10-13,valid_2025_10,1.101268440761123,1.294613048516617,1.1217497396421554,1.3165107482969578,0.02048129888103233,0.21524230753583448
2025-10-13 19:00:00,2025-10-13,valid_2025_10,1.0763309832413646,1.2696755909968584,1.116822535068701,1.2924473263297462,0.040491551827336617,0.21611634308838165
2025-10-13 20:00:00,2025-10-13,valid_2025_10,0.975713133700724,1.1690577414562178,1.0352900866964845,1.2303272788627995,0.0595769529957604,0.2546141451620754
2025-10-13 21:00:00,2025-10-13,valid_2025_10,0.8146312680415421,1.0079758757970358,0.873337421240629,1.0671212885879946,0.0587061531990869,0.2524900205464527
2025-10-13 22:00:00,2025-10-13,valid_2025_10,0.7544870393392755,0.9478316470947692,0.8387890472759851,1.0010936415501468,0.08430200793670979,0.24660660221087133
2025-10-13 23:00:00,2025-10-13,valid_2025_10,0.7014572040388727,0.8948018117943666,0.790358899264914,0.9694444958368091,0.08890169522604124,0.26798729179793657
2025-10-14 00:00:00,2025-10-14,valid_2025_10,0.5594452929057779,0.7527899006612718,0.6892989698959154,0.8577566858159206,0.1298536769901375,0.2983113929101426
2025-10-14 01:00:00,2025-10-14,valid_2025_10,0.5791479847045264,0.7724925924600201,0.7146832621660681,0.8954686269220582,0.13553527746154193,0.3163206422175317
2025-10-14 02:00:00,2025-10-14,valid_2025_10,0.5802637342205189,0.7736083419760126,0.718361535512872,0.8970104671375688,0.1380978012923531,0.31674673291705
2025-10-14 03:00:00,2025-10-14,valid_2025_10,0.6093184547248099,0.8026630624803036,0.7280724164072218,0.9035972905673365,0.1187539616824118,0.2942788358425269
2025-10-14 04:00:00,2025-10-14,valid_2025_10,0.6291571964331137,0.8225018041886079,0.7218241415325284,0.9283494826420344,0.09266694509941434,0.2991922862089205
2025-10-14 05:00:00,2025-10-14,valid_2025_10,0.6641704120741934,0.8575150198296875,0.7454856057231711,0.9364838883532252,0.08131519364897774,0.2723134762790319
2025-10-14 06:00:00,2025-10-14,valid_2025_10,0.6983166601859544,0.8916612679414483,0.7853163103986326,0.9713464435772766,0.08699965021267815,0.27302978339132217
2025-10-14 07:00:00,2025-10-14,valid_2025_10,0.5892023535359434,0.7825469612914373,0.7376080578111983,0.868683278177746,0.14840570427525487,0.27948092464180274
2025-10-14 08:00:00,2025-10-14,valid_2025_10,0.20735128277343295,0.40069589052892685,0.4453450002999102,0.49148520722167244,0.23799371752647736,0.2841339244482396
2025-10-14 09:00:00,2025-10-14,valid_2025_10,-0.2204003275135033,-0.027055719758009134,0.1723681635047979,0.12549153562627213,0.3927684910183011,0.34589186313977544
2025-10-14 10:00:00,2025-10-14,valid_2025_10,-0.44425870710957005,-0.25091409935407594,0.14959864830488534,-0.027771021328227286,0.5938573554144555,0.4164876857813429
2025-10-14 11:00:00,2025-10-14,valid_2025_10,-0.5947165826020961,-0.40137197484660203,0.10395975255870904,-0.10669872767935318,0.6986763351608053,0.4880178549227429
2025-10-14 12:00:00,2025-10-14,valid_2025_10,-0.6869778820279879,-0.4936332742724938,0.06074767718579177,-0.1844956628533907,0.7477255592137798,0.502482219174597
2025-10-14 13:00:00,2025-10-14,valid_2025_10,-0.6458340049985949,-0.4524893972431007,0.0651651499532695,-0.14871972630285213,0.7109991549518645,0.4971142786957427
2025-10-14 14:00:00,2025-10-14,valid_2025_10,-0.37080087269620354,-0.17745626494070943,0.1704003470380686,0.012680690101548153,0.5412012197342722,0.3834815627977518
2025-10-14 15:00:00,2025-10-14,valid_2025_10,-0.0036221535198625032,0.1897224542356316,0.3881133408340848,0.28406459856978994,0.3917354943539472,0.28768675208965244
2025-10-14 16:00:00,2025-10-14,valid_2025_10,0.2886640709210879,0.4820086786765817,0.5783686087401981,0.5647523848704533,0.28970453781911,0.27608831394936534
2025-10-14 17:00:00,2025-10-14,valid_2025_10,0.5359256647913988,0.7292702725468927,0.6804637162136729,0.774300179476243,0.1445380514222741,0.23837451468484422
2025-10-14 18:00:00,2025-10-14,valid_2025_10,0.951465393119356,1.1448100008748499,1.0099000218922483,1.1564784397261474,0.05843462877289226,0.2050130466067914
2025-10-14 19:00:00,2025-10-14,valid_2025_10,1.0478171312563758,1.2411617390118697,1.1005336416726224,1.247717917477727,0.052716510416246545,0.19990078622135138
2025-10-14 20:00:00,2025-10-14,valid_2025_10,1.0617929283442675,1.2551375360997616,1.0831751816534139,1.2515672301620742,0.0213822533091463,0.1897743018178067
2025-10-14 21:00:00,2025-10-14,valid_2025_10,1.1142841743119978,1.3076287820674917,1.121752928293781,1.2975783538175156,0.0074687539817833454,0.18329417950551785
2025-10-14 22:00:00,2025-10-14,valid_2025_10,1.1365325422534571,1.3298771500089512,1.1465912405436867,1.3181193528370292,0.010058698290229802,0.18158681058357212
2025-10-14 23:00:00,2025-10-14,valid_2025_10,1.203065506399276,1.39641011415477,1.2307264651115366,1.4079753653111817,0.027660958712260528,0.20490985891190583
2025-10-15 00:00:00,2025-10-15,valid_2025_10,1.3170847979972624,1.5104294057527565,1.3558376016278495,1.532644863677036,0.03875280363058742,0.2155600656797736
2025-10-15 01:00:00,2025-10-15,valid_2025_10,1.4177515623894064,1.6110961701449005,1.43859932443868,1.6211829407097882,0.020847762049274132,0.20343137832038208
2025-10-15 02:00:00,2025-10-15,valid_2025_10,1.5182943740933335,1.7116389818488271,1.5206581616661923,1.693449312102851,0.002363787572858949,0.17515493800951765
2025-10-15 03:00:00,2025-10-15,valid_2025_10,1.6345576125887418,1.8279022203442359,1.628936814510481,1.7991762770685804,-0.005620798078261262,0.16461866447983825
2025-10-15 04:00:00,2025-10-15,valid_2025_10,1.7190114705554598,1.9123560783109539,1.7252672610388775,1.8960778761967665,0.006255790483417377,0.1770664056413064
2025-10-15 05:00:00,2025-10-15,valid_2025_10,1.8141569929995147,2.0075016007550084,1.8170483511006084,1.9878787149218669,0.002891358101093846,0.17372172192235213
2025-10-15 06:00:00,2025-10-15,valid_2025_10,1.9273599851401695,2.1207045928956636,1.9396067317904326,2.1131328991722143,0.01224674665026294,0.1857729140320446
2025-10-15 07:00:00,2025-10-15,valid_2025_10,1.974311755666778,2.167656363422272,2.00465748715976,2.1428000072701336,0.030345731492981965,0.16848825160335562
2025-10-15 08:00:00,2025-10-15,valid_2025_10,1.7619657230565897,1.9553103308120834,1.8034193828521605,1.9343024450121948,0.04145365979557104,0.1723367219556051
2025-10-15 09:00:00,2025-10-15,valid_2025_10,1.409451290652192,1.6027958984076855,1.5184705026451966,1.589824357056638,0.10901921199300466,0.18037306640444614
2025-10-15 10:00:00,2025-10-15,valid_2025_10,1.1176719222531548,1.3110165300086487,1.284185306832129,1.2957107894948772,0.1665133845789742,0.17803886724172238
2025-10-15 11:00:00,2025-10-15,valid_2025_10,0.9416478843753227,1.1349924921308165,1.1732279984022542,1.0902360043412307,0.23158011402693152,0.148588119965908
2025-10-15 12:00:00,2025-10-15,valid_2025_10,0.8960790541664616,1.0894236619219555,1.17316843213967,1.0340996485648426,0.27708937797320854,0.13802059439838102
2025-10-15 13:00:00,2025-10-15,valid_2025_10,0.8938533407620736,1.0871979485175673,1.1783587319579851,1.0232024147760845,0.28450539119591134,0.12934907401401083
2025-10-15 14:00:00,2025-10-15,valid_2025_10,0.9641133010126957,1.1574579087681895,1.2140365254255074,1.0791233576919361,0.24992322441281184,0.11501005667924043
2025-10-15 15:00:00,2025-10-15,valid_2025_10,1.1583199885296833,1.3516645962851772,1.301943258201303,1.2837003447064619,0.14362326967161976,0.12538035617677842
2025-10-15 16:00:00,2025-10-15,valid_2025_10,1.4290959508529215,1.6224405586084154,1.49834871491695,1.6146611193592257,0.06925276406402879,0.18556516850630395
2025-10-15 17:00:00,2025-10-15,valid_2025_10,1.6338512400557543,1.827195847811248,1.667157301552351,1.8126004975752572,0.033306061496597,0.1787492575195032
2025-10-15 18:00:00,2025-10-15,valid_2025_10,2.003935220896066,2.1972798286515602,2.033192530274797,2.181992593603318,0.029257309378730594,0.178057372707252
2025-10-15 19:00:00,2025-10-15,valid_2025_10,2.062714041485424,2.2560586492409183,2.057183417011723,2.2071893479771396,-0.0055306244737008195,0.1444753064917155
2025-10-15 20:00:00,2025-10-15,valid_2025_10,2.019167375782764,2.2125119835382576,2.001907590624188,2.168358070259022,-0.017259785158576135,0.14919069447625813
2025-10-15 21:00:00,2025-10-15,valid_2025_10,2.01134906435659,2.2046936721120836,2.0067885029061623,2.158315149473128,-0.004560561450427729,0.14696608511653814
2025-10-15 22:00:00,2025-10-15,valid_2025_10,1.921713387927478,2.115057995682972,1.9151076836171053,2.0641524712761568,-0.006605704310372769,0.14243908334867908
2025-10-15 23:00:00,2025-10-15,valid_2025_10,1.8671026737166874,2.060447281472181,1.86913352490112,2.0277095790408617,0.002030851184432678,0.16060690532417463
2025-10-16 00:00:00,2025-10-16,valid_2025_10,1.699155196642316,1.89249980439781,1.7169041216005416,1.875819562197293,0.01774892495822577,0.1766643655549771
2025-10-16 01:00:00,2025-10-16,valid_2025_10,1.570181810926388,1.7635264186818818,1.5776019857884038,1.7305718490014974,0.007420174862016077,0.1603900380751095
2025-10-16 02:00:00,2025-10-16,valid_2025_10,1.4919567946950847,1.6853014024505784,1.5110598092351986,1.6795736676332165,0.019103014540114108,0.18761687293813198
2025-10-16 03:00:00,2025-10-16,valid_2025_10,1.3851276356238686,1.5784722433793623,1.4107954879713256,1.5785923364853705,0.025667852347456988,0.1934647008615021
2025-10-16 04:00:00,2025-10-16,valid_2025_10,1.3285308732488477,1.5218754810043418,1.3501912911420662,1.5345581557214567,0.021660417893218393,0.20602728247260915
2025-10-16 05:00:00,2025-10-16,valid_2025_10,1.300882410894741,1.494227018650235,1.3138149736860263,1.4929137281621006,0.012932562791285407,0.19203131726735945
2025-10-16 06:00:00,2025-10-16,valid_2025_10,1.3770807042465858,1.5704253120020801,1.3877683655083075,1.5567659410547317,0.01068766126172166,0.1796852368081455
2025-10-16 07:00:00,2025-10-16,valid_2025_10,1.4595024043503457,1.652847012105839,1.4965065678120206,1.6516985383799607,0.03700416346167488,0.1921961340296154
2025-10-16 08:00:00,2025-10-16,valid_2025_10,1.2783540536419935,1.4716986613974874,1.341605904665807,1.4619850313770817,0.06325185102381363,0.18363097773508796
2025-10-16 09:00:00,2025-10-16,valid_2025_10,0.9834483424759579,1.1767929502314518,1.0775893803667864,1.1712172087992887,0.09414103789082845,0.1877688663233307
2025-10-16 10:00:00,2025-10-16,valid_2025_10,0.7606380380852027,0.9539826458406966,0.955426531022993,0.9726064823038754,0.1947884929377903,0.21196844421867278
2025-10-16 11:00:00,2025-10-16,valid_2025_10,0.6397834657863986,0.8331280735418924,0.8659754890560925,0.815892854492511,0.22619202326969395,0.1761093887061125
2025-10-16 12:00:00,2025-10-16,valid_2025_10,0.5776705458026926,0.7710151535581865,0.8444168935471946,0.7366402034154133,0.26674634774450207,0.15896965761272075
2025-10-16 13:00:00,2025-10-16,valid_2025_10,0.5517095581643987,0.7450541659198926,0.7704608214827287,0.717011470191788,0.21875126331833,0.16530191202738934
2025-10-16 14:00:00,2025-10-16,valid_2025_10,0.6074861639970233,0.8008307717525172,0.8220932133853216,0.7581194720549675,0.21460704938829828,0.15063330805794434
2025-10-16 15:00:00,2025-10-16,valid_2025_10,0.6669450588121089,0.8602896665676028,0.8622167173349415,0.8185831438893545,0.19527165852283268,0.15163808507724566
2025-10-16 16:00:00,2025-10-16,valid_2025_10,0.7307319537139005,0.9240765614693942,0.8292218252965278,0.9220034230464333,0.0984898715826275,0.1912714693325327
2025-10-16 17:00:00,2025-10-16,valid_2025_10,0.9116755282697262,1.10502013602522,1.0179226323709938,1.0959050384012927,0.10624710410126764,0.1842295101315665
2025-10-16 18:00:00,2025-10-16,valid_2025_10,1.107918406056785,1.301263013812279,1.1494114901609185,1.2753010497163042,0.041493084104133396,0.16738264365951916
2025-10-16 19:00:00,2025-10-16,valid_2025_10,1.1481360567045011,1.3414806644599948,1.1928873315144082,1.2993759891679004,0.04475127480990736,0.15123993246339917
2025-10-16 20:00:00,2025-10-16,valid_2025_10,1.1423609484303356,1.3357055561858295,1.160644225793221,1.3389559354998737,0.018283277362885292,0.19659498706953807
2025-10-16 21:00:00,2025-10-16,valid_2025_10,1.2188755227574868,1.412220130512981,1.230909212496607,1.3947819918058504,0.01203368973912025,0.17590646904836377
2025-10-16 22:00:00,2025-10-16,valid_2025_10,1.235272692655776,1.42861730041127,1.257163264214153,1.4214251460843657,0.021890571558377318,0.1861524534285897
2025-10-16 23:00:00,2025-10-16,valid_2025_10,1.2590798489295247,1.4524244566850188,1.3012546536442207,1.4609822154410184,0.042174804714695605,0.2019023665114933
2025-10-17 00:00:00,2025-10-17,valid_2025_10,1.1557750136751657,1.3491196214306596,1.1765108558206938,1.347385419784085,0.02073584214552824,0.19161040610891933
2025-10-17 01:00:00,2025-10-17,valid_2025_10,1.1610492268570645,1.3543938346125586,1.1818003172859708,1.3651643259999884,0.02075109042890628,0.2041150991429238
2025-10-17 02:00:00,2025-10-17,valid_2025_10,1.1863231273876946,1.3796677351431887,1.2068295903981616,1.446939437830186,0.02050646301046701,0.2606163104424914
2025-10-17 03:00:00,2025-10-17,valid_2025_10,1.1782397290243458,1.3715843367798395,1.2088013132232351,1.4399526251705956,0.030561584198889356,0.2617128961462501
2025-10-17 04:00:00,2025-10-17,valid_2025_10,1.1445393248816564,1.3378839326371506,1.1698282341175148,1.4332042747307654,0.02528890923585802,0.2886649498491086
2025-10-17 05:00:00,2025-10-17,valid_2025_10,1.1693978874796365,1.3627424952351306,1.234325226253131,1.4519606724582856,0.06492733877349463,0.28256278497864945
2025-10-17 06:00:00,2025-10-17,valid_2025_10,1.1970696676661787,1.3904142754216728,1.2708887443180101,1.46730899490426,0.07381907665183148,0.27023932723808103
2025-10-17 07:00:00,2025-10-17,valid_2025_10,1.2276731831460008,1.4210177909014945,1.2867138986417501,1.4941036128409477,0.05904071549574945,0.2664304296949475
2025-10-17 08:00:00,2025-10-17,valid_2025_10,1.0326123266092277,1.2259569343647214,1.1182206299968425,1.2821037844371304,0.08560830338761474,0.2494914578279027
2025-10-17 09:00:00,2025-10-17,valid_2025_10,0.7104249268143306,0.9037695345698245,0.8906205638867875,0.8896833782171905,0.1801956370724568,0.17925845140285993
2025-10-17 10:00:00,2025-10-17,valid_2025_10,0.32757189054523683,0.5209164983007306,0.623769585573785,0.53866974174469,0.29619769502854826,0.21109785119945315
2025-10-17 11:00:00,2025-10-17,valid_2025_10,0.08943125092068238,0.2827758586761763,0.4526036872517558,0.32925093814457373,0.3631724363310734,0.2398196872238913
2025-10-17 12:00:00,2025-10-17,valid_2025_10,0.04692073852404255,0.24026534627953644,0.4516869670461847,0.3150195954489,0.4047662285221423,0.2680988569248574
2025-10-17 13:00:00,2025-10-17,valid_2025_10,0.01482698563285445,0.20817159338834834,0.3862397049090872,0.2845657263047634,0.37141271927623276,0.26973874067190895
2025-10-17 14:00:00,2025-10-17,valid_2025_10,0.2021698149551363,0.3955144227106302,0.5675703928952768,0.4289165982670323,0.3654005779401403,0.2267467833118959
2025-10-17 15:00:00,2025-10-17,valid_2025_10,0.4945370381824451,0.687881645937939,0.7778446901109185,0.6750720306665418,0.28330765192847335,0.1805349924840967
2025-10-17 16:00:00,2025-10-17,valid_2025_10,0.9466352706860445,1.139979878441538,1.0975813976422062,1.0873823187946958,0.15094612695616177,0.1407470481086517
2025-10-17 17:00:00,2025-10-17,valid_2025_10,1.3477750978910406,1.5411197056465342,1.4392895398898569,1.525616968524087,0.09151444199881653,0.1778418706330463
2025-10-17 18:00:00,2025-10-17,valid_2025_10,1.7439065001395067,1.9372511078950008,1.8223122300589396,1.9186277016801445,0.07840572991943294,0.17472120154063786
2025-10-17 19:00:00,2025-10-17,valid_2025_10,1.7681142672938397,1.9614588750493338,1.8401715649711212,1.9322711262619894,0.07205729767728143,0.16415685896814972
2025-10-17 20:00:00,2025-10-17,valid_2025_10,1.7618254654178727,1.9551700731733668,1.8237834932016188,1.9135918645820058,0.061958027783745866,0.151766399164133
2025-10-17 21:00:00,2025-10-17,valid_2025_10,1.7687519135838559,1.96209652133935,1.8157346835101331,1.9172260440282873,0.04698276992627721,0.14847413044443136
2025-10-17 22:00:00,2025-10-17,valid_2025_10,1.8692868357956054,2.062631443551099,1.893074111796249,2.0147236432019167,0.02378727600064358,0.1454368074063112
2025-10-17 23:00:00,2025-10-17,valid_2025_10,2.015147065890994,2.2084916736464875,2.0275629054153796,2.1697790844504334,0.012415839524385795,0.15463201855943992
2025-10-18 00:00:00,2025-10-18,valid_2025_10,2.034926022780795,2.2282706305362887,2.0520654677894563,2.2105529929931134,0.01713944500866131,0.17562697021231863
2025-10-18 01:00:00,2025-10-18,valid_2025_10,2.041817757181195,2.2351623649366896,2.0647262182198443,2.2112296927973,0.022908461038649047,0.1694119356161044
2025-10-18 02:00:00,2025-10-18,valid_2025_10,2.06517608901105,2.2585206967665443,2.100269813054606,2.247134184787515,0.035093724043555555,0.18195809577646482
2025-10-18 03:00:00,2025-10-18,valid_2025_10,2.0802259089674155,2.2735705167229097,2.096735321820109,2.2608673572537072,0.01650941285269348,0.18064144828629183
2025-10-18 04:00:00,2025-10-18,valid_2025_10,2.0925082703898497,2.2858528781453433,2.110514552441503,2.267756512970319,0.018006282051653603,0.17524824258046956
2025-10-18 05:00:00,2025-10-18,valid_2025_10,2.1167484721231364,2.310093079878631,2.1432255226992654,2.304682478241693,0.02647705057612864,0.1879340061185563
2025-10-18 06:00:00,2025-10-18,valid_2025_10,2.1609227907590545,2.3542673985145486,2.179490615044298,2.3447909868751307,0.01856782428524331,0.1838681961160759
2025-10-18 07:00:00,2025-10-18,valid_2025_10,2.1396926932746796,2.3330373010301733,2.1722056939956875,2.3122342567250413,0.0325130007210077,0.17254156345036192
2025-10-18 08:00:00,2025-10-18,valid_2025_10,1.8633053734704779,2.0566499812259718,1.934512466571279,2.064333008464483,0.07120709310080105,0.20102763499400464
2025-10-18 09:00:00,2025-10-18,valid_2025_10,1.5102844356682634,1.703629043423757,1.6034713724920746,1.6754656506121959,0.09318693682381139,0.16518121494393292
2025-10-18 10:00:00,2025-10-18,valid_2025_10,1.226208016787555,1.4195526245430492,1.398876088560851,1.3708035027438847,0.1726680717732959,0.14459548595632968
2025-10-18 11:00:00,2025-10-18,valid_2025_10,0.9863706103786232,1.179715218134117,1.2563100213180487,1.1403568615382516,0.2699394109394256,0.15398625115962827
2025-10-18 12:00:00,2025-10-18,valid_2025_10,0.8348974449038356,1.0282420526593294,1.1867345072783138,1.0485328421718898,0.3518370623744782,0.2136353972680542
2025-10-18 13:00:00,2025-10-18,valid_2025_10,0.7796792397953531,0.973023847550847,1.1269013602803588,1.0017325953646503,0.3472221204850056,0.22205335556929712
2025-10-18 14:00:00,2025-10-18,valid_2025_10,0.8389472088997366,1.0322918166552304,1.1402037778355,1.001165791088824,0.30125656893576336,0.16221858218908755
2025-10-18 15:00:00,2025-10-18,valid_2025_10,0.9847751797382195,1.1781197874937135,1.1685079668402474,1.1237448723211574,0.18373278710202792,0.13896969258293773
2025-10-18 16:00:00,2025-10-18,valid_2025_10,1.2136663540555435,1.4070109618110371,1.2994674250327192,1.3676174937142513,0.08580107097717582,0.15395113965870771
2025-10-18 17:00:00,2025-10-18,valid_2025_10,1.6090561440392936,1.8024007517947873,1.6487904043671486,1.8046843357212468,0.03973426032785521,0.19562819168195336
2025-10-18 18:00:00,2025-10-18,valid_2025_10,1.9224704285324525,2.1158150362879464,1.9406344532887585,2.077649353450358,0.01816402475630595,0.1551789249179052
2025-10-18 19:00:00,2025-10-18,valid_2025_10,1.8868676048426167,2.080212212598111,1.888101372749672,2.014331104438082,0.0012337679070549626,0.12746349959546477
2025-10-18 20:00:00,2025-10-18,valid_2025_10,1.8454155116521438,2.038760119407638,1.8386485554334215,1.936312162053492,-0.006766956218722504,0.09089665040134805
2025-10-18 21:00:00,2025-10-18,valid_2025_10,1.8314656622274157,2.02481026998291,1.798940440078031,1.9188087082494811,-0.03252522214938495,0.08734304602206527
2025-10-18 22:00:00,2025-10-18,valid_2025_10,1.771872821367354,1.9652174291228481,1.7704804875461504,1.894645377049777,-0.0013923338212039706,0.12277255568242271
2025-10-18 23:00:00,2025-10-18,valid_2025_10,1.7236226157503243,1.9169672235058184,1.7285412210280136,1.8762331588627656,0.004918605277689133,0.15261054311244115
2025-10-19 00:00:00,2025-10-19,valid_2025_10,1.5438030308467654,1.7371476386022597,1.6349572038582125,1.7624654796739527,0.09115417301144677,0.21866244882718708
2025-10-19 01:00:00,2025-10-19,valid_2025_10,1.482560584833346,1.6759051925888406,1.57125935919245,1.696854150091767,0.08869877435910338,0.21429356525842033
2025-10-19 02:00:00,2025-10-19,valid_2025_10,1.4822914654890584,1.6756360732445525,1.570087251231779,1.7575972720831392,0.08779578574272061,0.27530580659408077
2025-10-19 03:00:00,2025-10-19,valid_2025_10,1.5085201698952535,1.7018647776507472,1.5972095549233194,1.7843922389369442,0.08868938502806607,0.27587206904169087
2025-10-19 04:00:00,2025-10-19,valid_2025_10,1.5836852904159004,1.7770298981713946,1.673274275115573,1.8116571675771047,0.08958898469967227,0.2279718771612042
2025-10-19 05:00:00,2025-10-19,valid_2025_10,1.7261251626691299,1.919469770424624,1.8018619001649148,1.922380310683574,0.07573673749578491,0.19625514801444408
2025-10-19 06:00:00,2025-10-19,valid_2025_10,1.856565993930133,2.049910601685627,1.9299083600493034,2.0467598342105244,0.07334236611917026,0.19019384028039127
2025-10-19 07:00:00,2025-10-19,valid_2025_10,1.8644616223796495,2.0578062301351436,1.9420601221671032,2.024670875423421,0.07759849978745358,0.1602092530437711
2025-10-19 08:00:00,2025-10-19,valid_2025_10,1.4953270104314018,1.6886716181868962,1.5768173857472836,1.6600902608629902,0.08149037531588128,0.16476325043158768
2025-10-19 09:00:00,2025-10-19,valid_2025_10,0.9184590889662663,1.1118036967217602,1.1251357207936434,1.053965684656845,0.20667663182737714,0.13550659569057888
2025-10-19 10:00:00,2025-10-19,valid_2025_10,0.5435977576292099,0.7369423653847038,0.8908204719170425,0.7214298179187968,0.3472227142878325,0.1778320602895868
2025-10-19 11:00:00,2025-10-19,valid_2025_10,0.36871927401559723,0.5620638817710911,0.7438347681946854,0.5798576654902955,0.37511549417908824,0.21113839147469818
2025-10-19 12:00:00,2025-10-19,valid_2025_10,0.29552424735277705,0.48886885510827094,0.696138597815699,0.5189824212898504,0.4006143504629219,0.22345817393707343
2025-10-19 13:00:00,2025-10-19,valid_2025_10,0.2837056127483503,0.4770502205038442,0.6821791597362958,0.4714219608692111,0.39847354698794546,0.18771634812086085
2025-10-19 14:00:00,2025-10-19,valid_2025_10,0.47525284011321806,0.6685974478687122,0.8221047438919606,0.5531794999642361,0.34685190377874237,0.07792665985101778
2025-10-19 15:00:00,2025-10-19,valid_2025_10,0.7515779205902403,0.9449225283457342,0.9833170042833174,0.844021089096037,0.231739083693077,0.09244316850579662
2025-10-19 16:00:00,2025-10-19,valid_2025_10,1.1207968624437659,1.3141414701992595,1.1842576887358651,1.2222732024172807,0.06346082629209927,0.10147633997351486
2025-10-19 17:00:00,2025-10-19,valid_2025_10,1.7857758598051612,1.9791204675606553,1.8274885620977595,1.969975314828022,0.04171270229259841,0.18419945502286084
2025-10-19 18:00:00,2025-10-19,valid_2025_10,2.18630328709511,2.379647894850604,2.219161400534056,2.3729303595783624,0.032858113438945964,0.18662707248325247
2025-10-19 19:00:00,2025-10-19,valid_2025_10,2.2605001039424653,2.45384471169796,2.2711874104804113,2.440216093133101,0.010687306537945444,0.17971598919063558
2025-10-19 20:00:00,2025-10-19,valid_2025_10,2.318652498852904,2.5119971066083986,2.3288708605571653,2.500432673145128,0.010218361704260737,0.18178017429222387
2025-10-19 21:00:00,2025-10-19,valid_2025_10,2.2853425369119926,2.4786871446674867,2.30144302542142,2.4683793676917,0.016100488509427344,0.18303683077970692
2025-10-19 22:00:00,2025-10-19,valid_2025_10,2.2743963048203852,2.4677409125758794,2.2927051617430965,2.4522494792378313,0.01830885692271118,0.1778531744174459
2025-10-19 23:00:00,2025-10-19,valid_2025_10,2.252047477345195,2.4453920851006887,2.28113807852823,2.4445291017407755,0.029090601183035362,0.19248162439558092
2025-10-20 00:00:00,2025-10-20,valid_2025_10,2.128216637952819,2.3215612457083132,2.151776075835264,2.3130753660199024,0.023559437882444873,0.18485872806708295
2025-10-20 01:00:00,2025-10-20,valid_2025_10,2.0438532461630734,2.237197853918567,2.0702265648714353,2.2233301237656966,0.02637331870836218,0.17947687760262332
2025-10-20 02:00:00,2025-10-20,valid_2025_10,2.0326975042236333,2.226042111979127,2.0671713814236705,2.2153889448010715,0.034473877200037514,0.18269144057743833
2025-10-20 03:00:00,2025-10-20,valid_2025_10,2.083850341673908,2.2771949494294015,2.1156743000013103,2.2417188649156135,0.031823958327402646,0.15786852324170605
2025-10-20 04:00:00,2025-10-20,valid_2025_10,2.093453957518898,2.2867985652743923,2.125277915846301,2.2683101121161346,0.031823958327402646,0.1748561545972363
2025-10-20 05:00:00,2025-10-20,valid_2025_10,2.090731030785259,2.2840756385407532,2.1242576254805807,2.260856563675647,0.033526594695321446,0.17012553289038804
2025-10-20 06:00:00,2025-10-20,valid_2025_10,2.1098181668720892,2.3031627746275833,2.142181800488113,2.2950125079968653,0.032363633616023485,0.18519434112477617
2025-10-20 07:00:00,2025-10-20,valid_2025_10,2.162725101416567,2.3560697091720613,2.2104099404279176,2.3427800840045823,0.04768483901135042,0.1800549825880152
2025-10-20 08:00:00,2025-10-20,valid_2025_10,1.711302209443389,1.9046468171988826,1.781733204820996,1.9008496794934773,0.07043099537760698,0.18954747005008846
2025-10-20 09:00:00,2025-10-20,valid_2025_10,1.1328285133369933,1.3261731210924874,1.3048355694623397,1.3095456484679286,0.1720070561253467,0.17671713513093543
2025-10-20 10:00:00,2025-10-20,valid_2025_10,0.7285754925186284,0.9219201002741223,1.0601084142850254,0.9359547027428218,0.33153292176639687,0.20737921022419345
2025-10-20 11:00:00,2025-10-20,valid_2025_10,0.5304019683346328,0.7237465760901267,0.9158557594489678,0.7740316469347075,0.38545379111433503,0.24362967860007465
2025-10-20 12:00:00,2025-10-20,valid_2025_10,0.47780780832449354,0.6711524160799874,0.8803690387627529,0.7327170782962463,0.40256123043825925,0.2549092699717527
2025-10-20 13:00:00,2025-10-20,valid_2025_10,0.4653808062121335,0.6587254139676274,0.8719584982540286,0.7101069552631206,0.4065776920418951,0.24472614905098716
2025-10-20 14:00:00,2025-10-20,valid_2025_10,0.6052399379129729,0.7985845456684668,0.9476967741010398,0.7592103615455883,0.3424568361880668,0.15397042363261532
2025-10-20 15:00:00,2025-10-20,valid_2025_10,0.9006770502076966,1.0940216579631905,1.0887734310690744,1.0193029007431695,0.18809638086137773,0.11862585053547299
2025-10-20 16:00:00,2025-10-20,valid_2025_10,1.2199856619679306,1.4133302697234247,1.3293849514162122,1.3879289911501393,0.10939928944828146,0.16794332918220867
2025-10-20 17:00:00,2025-10-20,valid_2025_10,1.8847227149025403,2.0780673226580344,1.9205909597246502,2.0754341083936816,0.03586824482210986,0.19071139349114105
2025-10-20 18:00:00,2025-10-20,valid_2025_10,2.2531206236034276,2.4464652313589212,2.2744311690482317,2.444059288691641,0.02131054544480427,0.19093866508821355
2025-10-20 19:00:00,2025-10-20,valid_2025_10,2.2704347278148274,2.4637793355703215,2.2770691483727217,2.4512613161384955,0.0066344205578943325,0.180826588323668
2025-10-20 20:00:00,2025-10-20,valid_2025_10,2.320183586301547,2.513528194057041,2.327027289325827,2.5012897738764424,0.0068437030242798355,0.18110618757489516
2025-10-20 21:00:00,2025-10-20,valid_2025_10,2.3560732368625583,2.549417844618052,2.370313952852668,2.5398087041685833,0.014240715990110156,0.18373546730602527
2025-10-20 22:00:00,2025-10-20,valid_2025_10,2.3300282699630825,2.5233728777185767,2.352267553849189,2.5229896855610034,0.022239283886106395,0.1929614155979208
2025-10-20 23:00:00,2025-10-20,valid_2025_10,2.3872262116420537,2.5805708193975474,2.4079355290614703,2.574852996482213,0.020709317419416784,0.1876267848401595
2025-10-21 00:00:00,2025-10-21,valid_2025_10,2.1773431031677326,2.3706877109232267,2.2062911752387366,2.3676052047955944,0.02894807207100381,0.1902621016278617
2025-10-21 01:00:00,2025-10-21,valid_2025_10,2.148112008682755,2.3414566164382493,2.174295177408916,2.329838863428541,0.02618316872616056,0.18172685474578587
2025-10-21 02:00:00,2025-10-21,valid_2025_10,2.1435082270139234,2.336852834769417,2.165443600020756,2.3337874383588053,0.021935373006832657,0.1902792113448822
2025-10-21 03:00:00,2025-10-21,valid_2025_10,2.1382419033242024,2.3315865110796965,2.1641873800835967,2.327364983899541,0.02594547675939393,0.18912308057533858
2025-10-21 04:00:00,2025-10-21,valid_2025_10,2.1081093028663727,2.3014539106218668,2.1300700662782828,2.3036150666539905,0.02196076341190997,0.1955057637876178
2025-10-21 05:00:00,2025-10-21,valid_2025_10,2.0863115125892917,2.2796561203447854,2.1103845773539835,2.2810699148012863,0.024073064764692082,0.19475840221199467
2025-10-21 06:00:00,2025-10-21,valid_2025_10,2.0171622175152586,2.2105068252707527,2.0425973282639873,2.195430256269565,0.025435110748728822,0.17826803875430647
2025-10-21 07:00:00,2025-10-21,valid_2025_10,1.9818060719475161,2.17515067970301,2.0272031841308267,2.167264872441232,0.04539711218331065,0.185458800493716
2025-10-21 08:00:00,2025-10-21,valid_2025_10,1.8530930394734557,2.0464376472289496,1.9126931262718674,2.0364018689769336,0.059600086798411736,0.18330882950347832
2025-10-21 09:00:00,2025-10-21,valid_2025_10,1.437932006770034,1.6312766145255286,1.5504420846701612,1.6052200286999108,0.11251007790012685,0.16728802192987613
2025-10-21 10:00:00,2025-10-21,valid_2025_10,1.204159866625364,1.3975044743808576,1.3391639324909745,1.3618447139035605,0.13500406586561076,0.15768484727819648
2025-10-21 11:00:00,2025-10-21,valid_2025_10,1.0476754710412712,1.2410200787967651,1.2834886155277105,1.1937099171037993,0.23581314448643959,0.146034446062528
2025-10-21 12:00:00,2025-10-21,valid_2025_10,1.037930720947322,1.2312753287028162,1.2923267603578519,1.177856229033854,0.2543960394105296,0.13992550808653187
2025-10-21 13:00:00,2025-10-21,valid_2025_10,1.0648931481260548,1.2582377558815487,1.2921611733608611,1.2121773224112615,0.22726802523480638,0.14728417428520674
2025-10-21 14:00:00,2025-10-21,valid_2025_10,1.251731575915101,1.4450761836705952,1.3887595274725466,1.3329629082837648,0.1370279515574455,0.08123133236866384
2025-10-21 15:00:00,2025-10-21,valid_2025_10,1.4529662230640925,1.6463108308195862,1.5592562520328128,1.5290834326393696,0.10629002896872078,0.0761172095752776
2025-10-21 16:00:00,2025-10-21,valid_2025_10,1.5218620024561447,1.7152066102116388,1.5712046198519003,1.6491086297669413,0.04934261739575546,0.12724662731079664
2025-10-21 17:00:00,2025-10-21,valid_2025_10,1.7880326052121154,1.9813772129676095,1.8195494577984972,1.9473684493122922,0.03151685258638182,0.1593358441001768
2025-10-21 18:00:00,2025-10-21,valid_2025_10,2.032707497580391,2.226052105335885,2.0629423695949143,2.2318880815021176,0.030234872014523087,0.19918058392172672
2025-10-21 19:00:00,2025-10-21,valid_2025_10,2.033795020246592,2.2271396280020856,2.051044521168105,2.2077135444452,0.017249500921513474,0.17391852419860826
2025-10-21 20:00:00,2025-10-21,valid_2025_10,2.0545847087453963,2.2479293165008905,2.0734543450094343,2.238033445122526,0.018869636264037995,0.18344873637712986
2025-10-21 21:00:00,2025-10-21,valid_2025_10,2.2115389674191896,2.4048835751746838,2.22924208407735,2.3926734305494493,0.017703116658160302,0.18113446313025947
2025-10-21 22:00:00,2025-10-21,valid_2025_10,2.129928131789262,2.323272739544756,2.1824658246874526,2.33512579761175,0.0525376928981904,0.20519766582248788
2025-10-21 23:00:00,2025-10-21,valid_2025_10,2.1317627017036784,2.325107309459172,2.1808878190077046,2.330619116309941,0.04912511730402615,0.1988564146062621
2025-10-22 00:00:00,2025-10-22,valid_2025_10,2.037989074288322,2.2313336820438163,2.090466934707584,2.233918184849908,0.05247786041926165,0.19592911056158552
2025-10-22 01:00:00,2025-10-22,valid_2025_10,1.9976241531199534,2.1909687608754473,2.0555185986180846,2.1752943444140502,0.05789444549813114,0.17767019129409653
2025-10-22 02:00:00,2025-10-22,valid_2025_10,1.994493427301745,2.187838035057239,2.0655664143821957,2.1973489851535355,0.0710729870804506,0.20285555785179066
2025-10-22 03:00:00,2025-10-22,valid_2025_10,2.0015892365664785,2.1949338443219726,2.0358655161296677,2.1883942452596417,0.03427627956318885,0.18680500869316305
2025-10-22 04:00:00,2025-10-22,valid_2025_10,2.059026843485607,2.2523714512411006,2.1074043082038996,2.261776514546046,0.04837746471829267,0.20274967106043917
2025-10-22 05:00:00,2025-10-22,valid_2025_10,2.0735780475363335,2.2669226552918276,2.094457789532909,2.250032089344077,0.02087974199657543,0.1764540418077433
2025-10-22 06:00:00,2025-10-22,valid_2025_10,2.162734218163083,2.356078825918577,2.206789795430476,2.3357885112516983,0.04405557726739258,0.17305429308861497
2025-10-22 07:00:00,2025-10-22,valid_2025_10,2.1695272462502366,2.3628718540057307,2.231629661854422,2.359038799197416,0.06210241560418504,0.1895115529471797
2025-10-22 08:00:00,2025-10-22,valid_2025_10,1.9789819843919527,2.172326592147447,2.04034988062673,2.1589300372545144,0.0613678962347772,0.1799480528625617
2025-10-22 09:00:00,2025-10-22,valid_2025_10,1.6963652968861904,1.889709904641684,1.76908037510779,1.8677270014644427,0.07271507822159948,0.17136170457825264
2025-10-22 10:00:00,2025-10-22,valid_2025_10,1.4534671181563596,1.646811725911853,1.5739972963078808,1.6029959604388362,0.12053017815152102,0.14952884228247665
2025-10-22 11:00:00,2025-10-22,valid_2025_10,1.2710331308671194,1.4643777386226133,1.4041785930864552,1.3530494115469478,0.13314546221933565,0.08201628067982837
2025-10-22 12:00:00,2025-10-22,valid_2025_10,1.138442150004587,1.3317867577600808,1.345532481542299,1.240429608141562,0.20709033153771217,0.10198745813697513
2025-10-22 13:00:00,2025-10-22,valid_2025_10,1.0738677084614006,1.2672123162168945,1.2972348571625554,1.1673866665583768,0.22336714870115482,0.09351895809697626
2025-10-22 14:00:00,2025-10-22,valid_2025_10,1.1245694422811523,1.3179140500366464,1.3315740924966692,1.2637007263780435,0.20700465021551673,0.13913128409689116
2025-10-22 15:00:00,2025-10-22,valid_2025_10,1.2418463928603867,1.4351910006158803,1.3645555273136551,1.3631584651661237,0.12270913445326856,0.12131207230573697
2025-10-22 16:00:00,2025-10-22,valid_2025_10,1.4107818096774691,1.6041264174329637,1.466165574250005,1.596903335920814,0.05538376457253573,0.18612152624334483
2025-10-22 17:00:00,2025-10-22,valid_2025_10,1.648788853901146,1.8421334616566396,1.6860734257143957,1.8325926351621495,0.0372845718132498,0.18380378126100358
2025-10-22 18:00:00,2025-10-22,valid_2025_10,1.956570216301388,2.149914824056882,1.9833813065916805,2.143796540252568,0.026811090290292633,0.18722632395117994
2025-10-22 19:00:00,2025-10-22,valid_2025_10,1.991051855491731,2.1843964632472246,2.00140274504252,2.162987299701527,0.010350889550789036,0.171935444209796
2025-10-22 20:00:00,2025-10-22,valid_2025_10,1.9774400269763097,2.1707846347318034,1.988021303218488,2.157751648292102,0.010581276242178179,0.18031162131579226
2025-10-22 21:00:00,2025-10-22,valid_2025_10,1.9665783001120283,2.159922907867522,1.9838288800181112,2.1568619122801906,0.017250579906082905,0.1902836121681625
2025-10-22 22:00:00,2025-10-22,valid_2025_10,1.9865310011517896,2.1798756089072833,1.9828132403048975,2.160192673864147,-0.0037177608468920067,0.17366167271235747
2025-10-22 23:00:00,2025-10-22,valid_2025_10,2.0007606645657585,2.194105272321252,1.99781758366091,2.1487121490224874,-0.0029430809048486745,0.1479514844567288
2025-10-23 00:00:00,2025-10-23,valid_2025_10,2.0364956810800843,2.2298402888355784,2.063279721363082,2.2282694467598145,0.02678404028299744,0.19177376567972998
2025-10-23 01:00:00,2025-10-23,valid_2025_10,2.068440234908088,2.261784842663582,2.0952242751910855,2.259553407088782,0.02678404028299744,0.19111317218069424
2025-10-23 02:00:00,2025-10-23,valid_2025_10,2.068144641934492,2.2614892496899857,2.072872988057551,2.2392797626639944,0.004728346123059217,0.17113512072950252
2025-10-23 03:00:00,2025-10-23,valid_2025_10,2.046514985501822,2.239859593257316,2.057932643192725,2.2042456520462745,0.011417657690902881,0.1577306665444524
2025-10-23 04:00:00,2025-10-23,valid_2025_10,2.083858406488133,2.2772030142436273,2.072544917608569,2.1769304653197494,-0.011313488879564413,0.09307205883161634
2025-10-23 05:00:00,2025-10-23,valid_2025_10,2.0327984897235085,2.2261430974790026,2.0354208726298744,2.1528388199425086,0.0026223829063654115,0.12004033021899989
2025-10-23 06:00:00,2025-10-23,valid_2025_10,2.0170363362845096,2.2103809440400037,2.038114555465159,2.186336764250687,0.02107821918064895,0.169300427966177
2025-10-23 07:00:00,2025-10-23,valid_2025_10,2.0235421868563903,2.2168867946118844,2.0464674281581887,2.177296604959929,0.022925241301798262,0.15375441810353832
2025-10-23 08:00:00,2025-10-23,valid_2025_10,1.8195688339894045,2.012913441744898,1.8584962237941767,1.9865274939839725,0.03892738980477224,0.16695865999456802
2025-10-23 09:00:00,2025-10-23,valid_2025_10,1.3668532925534023,1.5601979003088962,1.4403413022066829,1.4834762524299197,0.07348800965328074,0.1166229598765173
2025-10-23 10:00:00,2025-10-23,valid_2025_10,1.016598235386684,1.209942843142178,1.1652264580995204,1.1387832583244983,0.14862822271283635,0.12218502293781422
2025-10-23 11:00:00,2025-10-23,valid_2025_10,0.7665183395884063,0.9598629473439002,1.0242402777875017,0.9353984439680456,0.25772193819909534,0.16888010437963938
2025-10-23 12:00:00,2025-10-23,valid_2025_10,0.7171325730639154,0.9104771808194093,1.0973707681784841,0.970741875390149,0.3802381951145685,0.2536093023262336
2025-10-23 13:00:00,2025-10-23,valid_2025_10,0.6838552210240053,0.8771998287794992,1.060797458802968,0.9273763659472202,0.37694223777896263,0.2435211449232149
2025-10-23 14:00:00,2025-10-23,valid_2025_10,0.8386176034487514,1.0319622112042452,1.1480390944473553,1.0231966742184375,0.30942149099860394,0.18457907076968608
2025-10-23 15:00:00,2025-10-23,valid_2025_10,1.120398180105713,1.3137427878612067,1.300531194624439,1.2750096378505444,0.18013301451872576,0.1546114577448314
2025-10-23 16:00:00,2025-10-23,valid_2025_10,1.4167129545747077,1.6100575623302016,1.5140962066685504,1.6044874893217618,0.09738325209384255,0.1877745347470535
2025-10-23 17:00:00,2025-10-23,valid_2025_10,1.7976676037037687,1.9910122114592628,1.8225792319393161,1.973038677539338,0.02491162823554749,0.17537107383556896
2025-10-23 18:00:00,2025-10-23,valid_2025_10,2.2005846705133556,2.3939292782688493,2.222057766526951,2.371920652799117,0.021473096013595948,0.17133598228576172
2025-10-23 19:00:00,2025-10-23,valid_2025_10,2.25798773898895,2.451332346744444,2.2604690548951,2.3995319614026016,0.0024813159061502356,0.14154422241365178
2025-10-23 20:00:00,2025-10-23,valid_2025_10,2.1076958934762553,2.301040501231749,2.110677302069563,2.2422403442444443,0.002981408593307949,0.1345444507681896
2025-10-23 21:00:00,2025-10-23,valid_2025_10,2.055477799259925,2.2488224070154192,2.115389543999214,2.285497846426243,0.059911744739288945,0.2300200471663179
2025-10-23 22:00:00,2025-10-23,valid_2025_10,1.9748650720515162,2.1682096798070103,2.0289178594483497,2.1855826986736027,0.054052787396833155,0.21071762662208648
2025-10-23 23:00:00,2025-10-23,valid_2025_10,1.9768071143815997,2.170151722137094,1.9863986262999136,2.128732438420156,0.009591511918313976,0.15192532403855621
2025-10-24 00:00:00,2025-10-24,valid_2025_10,2.023758008297966,2.21710261605346,2.038342922359969,2.189277893626895,0.014584914062003157,0.16551988532892858
2025-10-24 01:00:00,2025-10-24,valid_2025_10,1.99446555109605,2.187810158851544,2.0107448984042073,2.168036258407915,0.016279347308157287,0.17357070731186472
2025-10-24 02:00:00,2025-10-24,valid_2025_10,1.9552244442579,2.148569052013394,1.9631624421836547,2.127630888112453,0.0079379979257545,0.17240644385455264
2025-10-24 03:00:00,2025-10-24,valid_2025_10,1.9476529862758685,2.1409975940313624,1.9679254659821808,2.1217722342971452,0.020272479706312192,0.17411924802127712
2025-10-24 04:00:00,2025-10-24,valid_2025_10,1.9638639641587605,2.157208571914255,1.9801475704741691,2.137847067436543,0.01628360631540838,0.17398310327778188
2025-10-24 05:00:00,2025-10-24,valid_2025_10,2.041048969998979,2.2343935777544726,2.0689792135715113,2.2222529218607265,0.02793024357253259,0.18120395186174795
2025-10-24 06:00:00,2025-10-24,valid_2025_10,2.116316127951792,2.3096607357072862,2.1435720489982035,2.2964420111294004,0.02725592104641108,0.18012588317760822
2025-10-24 07:00:00,2025-10-24,valid_2025_10,2.081681081969103,2.2750256897245977,2.1225518083713,2.263610346942552,0.04087072640219681,0.18192926497344827
2025-10-24 08:00:00,2025-10-24,valid_2025_10,1.7959380516963421,1.9892826594518358,1.8413450896897123,1.961394162113167,0.04540703799337051,0.1654561104168249
2025-10-24 09:00:00,2025-10-24,valid_2025_10,1.3294886575992353,1.5228332653547294,1.4397597155085127,1.4986660524789135,0.11027105790927758,0.1691773948796785
2025-10-24 10:00:00,2025-10-24,valid_2025_10,0.967410056810735,1.160754664566229,1.1910188085507967,1.113942991213427,0.22360875174006203,0.14653293440269202
2025-10-24 11:00:00,2025-10-24,valid_2025_10,0.7081367987607136,0.9014814065162075,1.0239652443051033,0.8760871729556069,0.3158284455443896,0.16795037419489336
2025-10-24 12:00:00,2025-10-24,valid_2025_10,0.6335688251369035,0.8269134328923974,1.0000987220407658,0.8058242959615302,0.3665298969038623,0.1722554708246266
2025-10-24 13:00:00,2025-10-24,valid_2025_10,0.5807239545975588,0.7740685623530527,0.9477006167544041,0.7643363500389865,0.36697666215684527,0.18361239544142766
2025-10-24 14:00:00,2025-10-24,valid_2025_10,0.7229043502191614,0.9162489579746553,1.0484499954673796,0.8818898380522626,0.3255456452482181,0.15898548783310115
2025-10-24 15:00:00,2025-10-24,valid_2025_10,0.9753565286542862,1.1687011364097801,1.19063788455539,1.0846068737664685,0.21528135590110387,0.1092503451121822
2025-10-24 16:00:00,2025-10-24,valid_2025_10,1.376519849013767,1.5698644567692606,1.4447768675390114,1.519311457547123,0.06825701852524439,0.14279160853335604
2025-10-24 17:00:00,2025-10-24,valid_2025_10,1.834340417854965,2.027685025610459,1.8740866823153328,2.0068195058827434,0.03974626446036772,0.17247908802777828
2025-10-24 18:00:00,2025-10-24,valid_2025_10,2.176212626599675,2.3695572343551685,2.1994919754112967,2.355299758889748,0.023279348811621938,0.17908713229007361
2025-10-24 19:00:00,2025-10-24,valid_2025_10,2.2431784608829832,2.4365230686384773,2.255391965006007,2.395289300109094,0.01221350412302351,0.1521108392261106
2025-10-24 20:00:00,2025-10-24,valid_2025_10,2.199644067723711,2.3929886754792045,2.208752590502775,2.361800808007187,0.009108522779064649,0.16215674028347649
2025-10-24 21:00:00,2025-10-24,valid_2025_10,2.239376777585563,2.4327213853410576,2.2529557968710128,2.408839828670488,0.013579019285449101,0.16946305108492435
2025-10-24 22:00:00,2025-10-24,valid_2025_10,2.2087797490215317,2.402124356777026,2.22034261031027,2.3859623895111994,0.011562861288738105,0.1771826404896677
2025-10-24 23:00:00,2025-10-24,valid_2025_10,2.1796568282404163,2.37300143599591,2.188991034726082,2.361604792256846,0.009334206485665906,0.1819479640164303
2025-10-25 00:00:00,2025-10-25,valid_2025_10,2.092012108992889,2.285356716748383,2.0878207700179816,2.2337431217368784,-0.00419133897490738,0.1417310127439893
2025-10-25 01:00:00,2025-10-25,valid_2025_10,2.045713062452459,2.239057670207953,2.0489616581705983,2.215385062863397,0.003248595718139561,0.16967200041093833
2025-10-25 02:00:00,2025-10-25,valid_2025_10,1.9961072667572302,2.189451874512724,1.99479940126076,2.1616615904599943,-0.0013078654964701606,0.16555432370276435
2025-10-25 03:00:00,2025-10-25,valid_2025_10,1.947316192620899,2.140660800376393,1.9316898020816873,2.099323047409922,-0.01562639053921185,0.15200685478902234
2025-10-25 04:00:00,2025-10-25,valid_2025_10,1.8890349360048888,2.082379543760383,1.8854298378950927,2.064932610055067,-0.003605098109796498,0.17589767405017817
2025-10-25 05:00:00,2025-10-25,valid_2025_10,1.8617732340895448,2.055117841845038,1.8593693546413366,2.0200651228716273,-0.002403879448208087,0.15829188878208295
2025-10-25 06:00:00,2025-10-25,valid_2025_10,1.8333956073361588,2.026740215091653,1.8336761475252248,2.005083167233007,0.0002805401890655227,0.1716875598968477
2025-10-25 07:00:00,2025-10-25,valid_2025_10,1.726654109289141,1.919998717044635,1.7275295569627322,1.8874041649164675,0.0008754476735910839,0.16075005562732636
2025-10-25 08:00:00,2025-10-25,valid_2025_10,1.3910216122468468,1.584366220002341,1.4196201857169286,1.539475189384166,0.028598573470081566,0.14845357713731924
2025-10-25 09:00:00,2025-10-25,valid_2025_10,0.7221895622278508,0.9155341699833447,0.8614593876954114,0.8821313790078328,0.13926982546756062,0.15994181677998193
2025-10-25 10:00:00,2025-10-25,valid_2025_10,0.2520156265346182,0.44536023429011207,0.5712116700637592,0.4745927472935859,0.31919604352914094,0.22257712075896768
2025-10-25 11:00:00,2025-10-25,valid_2025_10,-0.08690275633871414,0.10644185141677998,0.34234131624308106,0.16357718630319562,0.4292440725817952,0.2504799426419096
2025-10-25 12:00:00,2025-10-25,valid_2025_10,-0.26536903035070397,-0.0720244225952098,0.24669447450769066,0.05639391387444981,0.5120635048583945,0.32176294422515384
2025-10-25 13:00:00,2025-10-25,valid_2025_10,-0.400309151339695,-0.20696454358420086,0.22193635055594385,-0.012909850750724927,0.6222455018956388,0.3873993005889699
2025-10-25 14:00:00,2025-10-25,valid_2025_10,-0.3441065129294689,-0.1507619051739748,0.20881733119893153,-0.004143093146927179,0.5529238441284003,0.3399634197825414
2025-10-25 15:00:00,2025-10-25,valid_2025_10,-0.12321265384973079,0.07013195390576332,0.35863284603717216,0.20332035457641473,0.4818454998869031,0.3265330084261455
2025-10-25 16:00:00,2025-10-25,valid_2025_10,0.26711541327477684,0.4604600210302706,0.48984999906647564,0.5732741540788259,0.2227345857916989,0.30615874080404915
2025-10-25 17:00:00,2025-10-25,valid_2025_10,0.8543373289520384,1.0476819367075323,0.9100928353859201,1.1349932585074018,0.05575550643388166,0.28065592955536334
2025-10-25 18:00:00,2025-10-25,valid_2025_10,1.2499034929164752,1.4432481006719693,1.2617315466667292,1.5233759994570846,0.011828053750254225,0.2734725065406093
2025-10-25 19:00:00,2025-10-25,valid_2025_10,1.3007756397672683,1.4941202475227624,1.3104550148123337,1.5767221218047824,0.009679375045065245,0.275946482037514
2025-10-25 20:00:00,2025-10-25,valid_2025_10,1.3403945656197118,1.533739173375206,1.3679977944952482,1.6313380218946962,0.02760322887553651,0.29094345627498447
2025-10-25 21:00:00,2025-10-25,valid_2025_10,1.4321349832398185,1.6254795909953121,1.5140388167440846,1.7493456387884532,0.08190383350426626,0.31721065554863465
2025-10-25 22:00:00,2025-10-25,valid_2025_10,1.4986384932815071,1.6919831010370008,1.6324299394248685,1.8138881947779038,0.13379144614336158,0.3152497014963969
2025-10-25 23:00:00,2025-10-25,valid_2025_10,1.6492483729899923,1.8425929807454864,1.7764901347064512,1.9473604252846424,0.1272417617164589,0.2981120522946498
2025-10-26 00:00:00,2025-10-26,valid_2025_10,1.5476492459444784,1.7409938536999725,1.6332522658622217,1.790979944635449,0.08560301991774306,0.2433306986909708
2025-10-26 01:00:00,2025-10-26,valid_2025_10,1.5748080338174146,1.7681526415729087,1.6281036444014179,1.827007322829064,0.05329561058400295,0.2521992890116493
2025-10-26 02:00:00,2025-10-26,valid_2025_10,1.5646488224010568,1.757993430156551,1.613540724934689,1.8036008454976675,0.04889190253363197,0.23895202309661032
2025-10-26 03:00:00,2025-10-26,valid_2025_10,1.5744691362978651,1.7678137440533588,1.5824087190656524,1.787761343500181,0.007939582767787359,0.21329220720231598
2025-10-26 04:00:00,2025-10-26,valid_2025_10,1.5500814887218772,1.743426096477371,1.5730408565666791,1.7766259083373996,0.022959367844801765,0.22654441961552252
2025-10-26 05:00:00,2025-10-26,valid_2025_10,1.5464863347974678,1.7398309425529614,1.5530834270023854,1.746736885484529,0.006597092204917847,0.20025055068706152
2025-10-26 06:00:00,2025-10-26,valid_2025_10,1.559499438517616,1.75284404627311,1.5740084201439684,1.7580689863935597,0.014508981626352311,0.19856954787594386
2025-10-26 07:00:00,2025-10-26,valid_2025_10,1.6512230252210776,1.8445676329765712,1.6705994927619345,1.8340816032906506,0.019376467540856902,0.18285857806957298
2025-10-26 08:00:00,2025-10-26,valid_2025_10,1.2125029169423864,1.4058475246978805,1.2442967322249132,1.3810642731204716,0.03179381528252684,0.1685613561780851
2025-10-26 09:00:00,2025-10-26,valid_2025_10,0.5131643045363323,0.7065089122918262,0.7683693171961641,0.7179280715163052,0.2552050126598318,0.20476376697997298
2025-10-26 10:00:00,2025-10-26,valid_2025_10,0.046129334797582744,0.23947394255307664,0.43405108503739287,0.35107345055141137,0.3879217502398101,0.3049441157538285
2025-10-26 11:00:00,2025-10-26,valid_2025_10,-0.22209656833173508,-0.028751960576240965,0.23601753282623505,0.06290025306580915,0.4581141011579702,0.28499682139754445
2025-10-26 12:00:00,2025-10-26,valid_2025_10,-0.315298996513416,-0.12195438875792186,0.21127892226573375,-0.0026695419732408743,0.5265779187791496,0.31262945454017516
2025-10-26 13:00:00,2025-10-26,valid_2025_10,-0.3762342782980453,-0.18288967054255117,0.16421772225978293,-0.012589391556288021,0.540452000557828,0.3636448867417574
2025-10-26 14:00:00,2025-10-26,valid_2025_10,-0.21466694588685475,-0.02132233813136064,0.2999515791641426,0.15171282495323035,0.5146185250509974,0.36637977084008516
2025-10-26 15:00:00,2025-10-26,valid_2025_10,0.1410969053625154,0.3344415131180093,0.5211097343922223,0.42708336490317234,0.38001282902970684,0.2859864595406568
2025-10-26 16:00:00,2025-10-26,valid_2025_10,0.6190795097692602,0.8124241175247541,0.7879287953812318,0.8558715040920396,0.16884928561197174,0.2367919943227793
2025-10-26 17:00:00,2025-10-26,valid_2025_10,1.1844252662138066,1.3777698739693007,1.1926839570697538,1.3761904477199551,0.008258690855947113,0.19176518150614816
2025-10-26 18:00:00,2025-10-26,valid_2025_10,1.599314199098118,1.792658806853612,1.5994147657161146,1.8068754247319891,0.00010056661799644182,0.2075612256338711
2025-10-26 19:00:00,2025-10-26,valid_2025_10,1.5779235066174127,1.7712681143729068,1.5759169104540867,1.777856812974938,-0.002006596163326351,0.19993330635752515
2025-10-26 20:00:00,2025-10-26,valid_2025_10,1.5181204546213247,1.7114650623768188,1.5267059075749905,1.7711232951115052,0.00858545295366564,0.25300284049018057
2025-10-26 21:00:00,2025-10-26,valid_2025_10,1.4864657081393207,1.6798103158948143,1.5059933937099748,1.7482389753280951,0.019527685570654346,0.2617732671887747
2025-10-26 22:00:00,2025-10-26,valid_2025_10,1.4228416874204886,1.6161862951759827,1.4430541088808377,1.6260105824953333,0.020212421460349437,0.20316889507484454
2025-10-26 23:00:00,2025-10-26,valid_2025_10,1.3316251320809893,1.5249697398364837,1.3431878641946746,1.5153098380123469,0.011562732113685378,0.18368470593135747
2025-10-27 00:00:00,2025-10-27,valid_2025_10,1.1605043259306493,1.3538489336861435,1.173343554997668,1.3610404936267197,0.012839229067018416,0.2005361676960706
2025-10-27 01:00:00,2025-10-27,valid_2025_10,1.0529633593429446,1.2463079670984385,1.065036432980073,1.2895698694195483,0.012073073637128503,0.2366065100766035
2025-10-27 02:00:00,2025-10-27,valid_2025_10,1.0169374835503304,1.2102820913058243,1.0407707194721691,1.3137945403479143,0.023833235921838683,0.29685705679758384
2025-10-27 03:00:00,2025-10-27,valid_2025_10,1.0027008072544255,1.1960454150099191,1.0275117207104305,1.282526122364005,0.02481091345600498,0.27982531510957953
2025-10-27 04:00:00,2025-10-27,valid_2025_10,1.0111920047023428,1.2045366124578367,1.0463780132789107,1.3071818838050269,0.03518600857656785,0.29598987910268404
2025-10-27 05:00:00,2025-10-27,valid_2025_10,1.0645249718244232,1.257869579579917,1.0920856909480503,1.2809920352601394,0.027560719123627155,0.21646706343571603
2025-10-27 06:00:00,2025-10-27,valid_2025_10,1.1652822023935392,1.3586268101490333,1.1933903432520991,1.3643675846179306,0.028108140858560164,0.19908538222439148
2025-10-27 07:00:00,2025-10-27,valid_2025_10,1.1423530589381574,1.3356976666936515,1.1769843802894808,1.32864766627566,0.03463132135132332,0.18629460733750283
2025-10-27 08:00:00,2025-10-27,valid_2025_10,0.8075566727446644,1.0009012805001583,0.8935366831547324,0.9769168253421023,0.08598001041006813,0.16936015259743803
2025-10-27 09:00:00,2025-10-27,valid_2025_10,0.2830679664583341,0.4764125742138279,0.5754044547175643,0.5019451587305985,0.29233648825923025,0.21887719227226432
2025-10-27 10:00:00,2025-10-27,valid_2025_10,-0.03798825548031193,0.15535635227518219,0.3754448544535318,0.24766987788586037,0.41343310993384386,0.28565813336617235
2025-10-27 11:00:00,2025-10-27,valid_2025_10,-0.24268779227175452,-0.04934318451626052,0.23942768487207433,0.06543164124965706,0.48211547714382896,0.30811943352141175
2025-10-27 12:00:00,2025-10-27,valid_2025_10,-0.29308166057452323,-0.09973705281902912,0.2269484676291016,0.001408828509784632,0.5200301282036247,0.29449048908430786
2025-10-27 13:00:00,2025-10-27,valid_2025_10,-0.3092121656372017,-0.1158675578817076,0.2007536999066084,-0.02017479722415727,0.5099658655438101,0.28903736841304445
2025-10-27 14:00:00,2025-10-27,valid_2025_10,-0.11061681660476452,0.08272779115072959,0.3224234261436987,0.14095751487257413,0.4330402427484632,0.25157433147733843
2025-10-27 15:00:00,2025-10-27,valid_2025_10,0.2695269680504647,0.4628715758059587,0.5791005533495202,0.4642895737785522,0.3095735852990554,0.19476260572808735
2025-10-27 16:00:00,2025-10-27,valid_2025_10,0.8850828552910615,1.0784274630465553,0.994503908392929,1.0526494858583282,0.10942105310186764,0.1675666305672667
2025-10-27 17:00:00,2025-10-27,valid_2025_10,1.5901303042369876,1.7834749119924818,1.5937617158395943,1.763446916868545,0.003631411602606526,0.1733166126315572
2025-10-27 18:00:00,2025-10-27,valid_2025_10,1.9879325256066673,2.1812771333621614,1.9948325657866288,2.1729878041949338,0.006900040179961457,0.1850552785882663
2025-10-27 19:00:00,2025-10-27,valid_2025_10,1.9790443990411815,2.1723890067966756,1.9881167002463602,2.145846143964435,0.00907230120517861,0.1668017449232538
2025-10-27 20:00:00,2025-10-27,valid_2025_10,1.912445864449263,2.105790472204757,1.909308437215843,2.0808429394506267,-0.0031374272334197995,0.16839707500136392
2025-10-27 21:00:00,2025-10-27,valid_2025_10,1.8291964689550255,2.0225410767105196,1.8255608283158327,1.9894613916141966,-0.003635640639192975,0.1602649226591712
2025-10-27 22:00:00,2025-10-27,valid_2025_10,1.722250545399577,1.915595153155071,1.72027301177659,1.8953864858376908,-0.001977533622987198,0.17313594043811348
2025-10-27 23:00:00,2025-10-27,valid_2025_10,1.665385890934607,1.8587304986901012,1.6644239476675233,1.8454486965677224,-0.000961943267083851,0.18006280563311522
2025-10-28 00:00:00,2025-10-28,valid_2025_10,1.6414274317330926,1.8347720394885862,1.6303699437037538,1.7969343984602637,-0.011057488029338796,0.15550696672717115
2025-10-28 01:00:00,2025-10-28,valid_2025_10,1.5974482465370383,1.7907928542925324,1.6153933997315213,1.7740080483094736,0.01794515319448293,0.17655980177243502
2025-10-28 02:00:00,2025-10-28,valid_2025_10,1.6168614816338853,1.8102060893893794,1.6363802383078645,1.7901717234059333,0.01951875667397898,0.17331024177204765
2025-10-28 03:00:00,2025-10-28,valid_2025_10,1.5428736486682182,1.7362182564237123,1.5507757043733272,1.7114670596829924,0.00790205570510917,0.16859341101477418
2025-10-28 04:00:00,2025-10-28,valid_2025_10,1.4903392734765832,1.6836838812320765,1.5016229097721125,1.6795613485192376,0.011283636295529942,0.189222075042655
2025-10-28 05:00:00,2025-10-28,valid_2025_10,1.417617090378286,1.6109616981337802,1.4278674769512647,1.6015941113723278,0.010250386572978295,0.18397702099404167
2025-10-28 06:00:00,2025-10-28,valid_2025_10,1.420773062571464,1.6141176703269577,1.4235523490789959,1.6040088911296002,0.002779286507531651,0.18323582855813636
2025-10-28 07:00:00,2025-10-28,valid_2025_10,1.3267666074758382,1.5201112152313319,1.3392173862505317,1.5089446409183718,0.012450778774693735,0.1821780334425339
2025-10-28 08:00:00,2025-10-28,valid_2025_10,1.0007030125129524,1.1940476202684462,1.0584245133492642,1.1785085353803273,0.057721500836311945,0.177805522867375
2025-10-28 09:00:00,2025-10-28,valid_2025_10,0.34593950494544967,0.5392841127009436,0.6527030098319964,0.5632124271221426,0.30676350488654697,0.21727292217669314
2025-10-28 10:00:00,2025-10-28,valid_2025_10,-0.11821825465707236,0.07512635309842175,0.35240457990838603,0.1640463330306453,0.4706228345654584,0.28226458768771756
2025-10-28 11:00:00,2025-10-28,valid_2025_10,-0.429985739149647,-0.23664113139415288,0.18532740329590647,-0.059586222479342865,0.6153131424455535,0.37039951667030413
2025-10-28 12:00:00,2025-10-28,valid_2025_10,-0.6493208098970957,-0.4559762021416016,0.0944205560728546,-0.21531033726893573,0.7437413659699504,0.4340104726281601
2025-10-28 13:00:00,2025-10-28,valid_2025_10,-0.6594389959541285,-0.46609438819863436,0.08596670386747429,-0.22545410717658299,0.7454056998216029,0.43398488877754554
2025-10-28 14:00:00,2025-10-28,valid_2025_10,-0.5503611562901842,-0.35701654853469006,0.144882290292615,-0.13722401285952984,0.6952434465827992,0.41313714343065433
2025-10-28 15:00:00,2025-10-28,valid_2025_10,-0.17473612211031475,0.018608485645179473,0.3357505877544872,0.17313293132338348,0.5104867098648019,0.34786905343369795
2025-10-28 16:00:00,2025-10-28,valid_2025_10,0.24486266228210773,0.4382072700376016,0.5068789483949865,0.5203642902272416,0.26201628611287864,0.27550162794513394
2025-10-28 17:00:00,2025-10-28,valid_2025_10,0.6561467985293475,0.8494914062848414,0.785840232513129,0.9084801269063149,0.12969343398378144,0.2523333283769672
2025-10-28 18:00:00,2025-10-28,valid_2025_10,0.9315901844249856,1.1249347921804795,1.0085234329851764,1.1889559852053448,0.07693324856019083,0.25736580078035926
2025-10-28 19:00:00,2025-10-28,valid_2025_10,0.8820275179536632,1.075372125709157,0.943822262102872,1.1446319579661663,0.061794744149208825,0.26260444001250294
2025-10-28 20:00:00,2025-10-28,valid_2025_10,0.8785100316966928,1.0718546394521868,0.921576983285214,1.1391236472908632,0.04306695158852118,0.2606136155941703
2025-10-28 21:00:00,2025-10-28,valid_2025_10,0.9857773205668511,1.179121928322345,1.0831845312767752,1.2713525478901815,0.09740721070992403,0.28557522732333024
2025-10-28 22:00:00,2025-10-28,valid_2025_10,0.9049612197823025,1.0983058275377964,1.0030998480021136,1.189437339090589,0.09813862821981109,0.28447611930828665
2025-10-28 23:00:00,2025-10-28,valid_2025_10,0.9014645968490917,1.0948092046045856,0.9935145274852326,1.1922750075079758,0.09204993063614086,0.2908104106588839
2025-10-29 00:00:00,2025-10-29,valid_2025_10,0.7807758792080703,0.9741204869635645,0.9119216744301071,1.0884729141633527,0.13114579522203676,0.3076970349552822
2025-10-29 01:00:00,2025-10-29,valid_2025_10,0.6864519158827992,0.8797965236382931,0.8215117323588704,1.0078427242020123,0.13505981647607115,0.3213908083192132
2025-10-29 02:00:00,2025-10-29,valid_2025_10,0.7076218779045748,0.9009664856600686,0.7764762309496674,0.9908980614820558,0.0688543530450927,0.28327618357748113
2025-10-29 03:00:00,2025-10-29,valid_2025_10,0.767445442580325,0.9607900503358189,0.8571899509103718,1.0268774244213315,0.08974450833004684,0.25943198184100646
2025-10-29 04:00:00,2025-10-29,valid_2025_10,0.8558983964709572,1.0492430042264511,0.9077525140866145,1.104678135566445,0.05185411761565727,0.24877973909548773
2025-10-29 05:00:00,2025-10-29,valid_2025_10,0.984476255645704,1.1778208634011977,1.037104958539544,1.2331165475548111,0.05262870289384022,0.2486402919091073
2025-10-29 06:00:00,2025-10-29,valid_2025_10,1.1600672480639984,1.353411855819492,1.1882669489439355,1.3499916149437765,0.028199700879937353,0.189924366879778
2025-10-29 07:00:00,2025-10-29,valid_2025_10,1.3124298222902988,1.505774430045793,1.3430978431179268,1.4935897063521142,0.030668020827628,0.18115988406181469
2025-10-29 08:00:00,2025-10-29,valid_2025_10,1.1302775775328309,1.323622185288325,1.1885003228863416,1.3058126424769338,0.058222745353510734,0.17553506494410295
2025-10-29 09:00:00,2025-10-29,valid_2025_10,0.6861624591808974,0.8795070669363912,0.8310954314987834,0.8799418466763306,0.1449329723178861,0.1937793874954333
2025-10-29 10:00:00,2025-10-29,valid_2025_10,0.3700966040277963,0.5634412117832901,0.664019224967737,0.5671076156783812,0.29392262093994065,0.19701101165058477
2025-10-29 11:00:00,2025-10-29,valid_2025_10,0.1324621191569616,0.3258067269124555,0.49295640631374527,0.3294378350268542,0.36049428715678383,0.19697571586989263
2025-10-29 12:00:00,2025-10-29,valid_2025_10,0.0323921510175581,0.22573675877305222,0.4618560389250923,0.2633136217327906,0.4294638879075344,0.23092147071523272
2025-10-29 13:00:00,2025-10-29,valid_2025_10,0.03278434643982031,0.22612895419531442,0.4611111305418333,0.25090434519413174,0.4283267841020129,0.2181199987543113
2025-10-29 14:00:00,2025-10-29,valid_2025_10,0.13276542630068744,0.32611003405618133,0.5117754496726661,0.3409651576845689,0.37901002337197864,0.20819973138388137
2025-10-29 15:00:00,2025-10-29,valid_2025_10,0.5228745161867476,0.7162191239422415,0.776109033919939,0.7060312178832602,0.2532345177331915,0.18315670169651257
2025-10-29 16:00:00,2025-10-29,valid_2025_10,0.9920838299697055,1.1854284377251993,1.0691542704036139,1.1504192449415733,0.0770704404339084,0.15833541497186787
2025-10-29 17:00:00,2025-10-29,valid_2025_10,1.4094563749915952,1.6028009827470888,1.4224035359806062,1.5682839533862256,0.01294716098901123,0.15882757839463033
2025-10-29 18:00:00,2025-10-29,valid_2025_10,1.7713812183436515,1.9647258260991451,1.7588440813607802,1.9132323516775562,-0.012537136982871037,0.1418511333339048
2025-10-29 19:00:00,2025-10-29,valid_2025_10,1.852764310632713,2.046108918388207,1.8395521954672631,1.9991898432345554,-0.01321211516545027,0.14642553260184207
2025-10-29 20:00:00,2025-10-29,valid_2025_10,1.9327069569721527,2.126051564727647,1.9332171779582157,2.102205272791168,0.0005102209860631072,0.16949831581901517
2025-10-29 21:00:00,2025-10-29,valid_2025_10,2.119070262010046,2.31241486976554,2.1344514481895653,2.302086784473853,0.015381186179519274,0.18301652246380726
2025-10-29 22:00:00,2025-10-29,valid_2025_10,2.274206255719924,2.4675508634754175,2.3439465960726835,2.461360215162606,0.06974034035276007,0.1871539594426823
2025-10-29 23:00:00,2025-10-29,valid_2025_10,2.284866011584452,2.4782106193399462,2.3504214861074955,2.4397142268867134,0.06555547452304304,0.15484821530226112
2025-10-30 00:00:00,2025-10-30,valid_2025_10,2.25392587777171,2.4472704855272047,2.2965688394201162,2.433160719508388,0.04264296164840609,0.17923484173667784
2025-10-30 01:00:00,2025-10-30,valid_2025_10,2.2403864572622765,2.43373106501777,2.309647928612084,2.4207095115647395,0.06926147134980785,0.1803230543024631
2025-10-30 02:00:00,2025-10-30,valid_2025_10,2.2188965325021783,2.412241140257672,2.290526995369248,2.4089523090219176,0.07163046286706937,0.1900557765197392
2025-10-30 03:00:00,2025-10-30,valid_2025_10,2.158458113402703,2.3518027211581973,2.1888427644589443,2.335952667684394,0.03038465105624093,0.17749455428169073
2025-10-30 04:00:00,2025-10-30,valid_2025_10,2.161940535249994,2.355285143005488,2.205495165512244,2.347805074464008,0.04355463026224974,0.18586453921401358
2025-10-30 05:00:00,2025-10-30,valid_2025_10,2.184762381611757,2.3781069893672506,2.2152973796832947,2.366583129480043,0.030534998071537745,0.18182074786828628
2025-10-30 06:00:00,2025-10-30,valid_2025_10,2.235388200984554,2.4287328087400475,2.2706662279826455,2.4352288182959674,0.03527802699809249,0.1998406173114143
2025-10-30 07:00:00,2025-10-30,valid_2025_10,2.26398761012916,2.4573322178846535,2.3051819168605077,2.463167089116906,0.04119430673134823,0.19917947898774602
2025-10-30 08:00:00,2025-10-30,valid_2025_10,1.9392015869329358,2.13254619468843,1.9868012582380885,2.127042035091359,0.0475996713051526,0.18784044815842302
2025-10-30 09:00:00,2025-10-30,valid_2025_10,1.3349059335726243,1.5282505413281184,1.470814504232482,1.5172458371449815,0.1359085706598574,0.1823399035723569
2025-10-30 10:00:00,2025-10-30,valid_2025_10,0.9016930414781518,1.0950376492336455,1.1811015026334717,1.0796250366902047,0.2794084611553201,0.17793199521205277
2025-10-30 11:00:00,2025-10-30,valid_2025_10,0.667205236731929,0.8605498444874227,1.0469911441651287,0.8779614933659337,0.3797859074331999,0.2107562566340047
2025-10-30 12:00:00,2025-10-30,valid_2025_10,0.5724342021832475,0.7657788099387414,0.9458497858835379,0.7201875522335296,0.37341558370029027,0.14775335005028212
2025-10-30 13:00:00,2025-10-30,valid_2025_10,0.5444736665829965,0.7378182743384903,0.9274925140390365,0.6593167936594538,0.3830188474560401,0.1148431270764574
2025-10-30 14:00:00,2025-10-30,valid_2025_10,0.6501579726781863,0.8435025804336802,1.0590214436407444,0.8853719260442998,0.40886347096255804,0.23521395336611345
2025-10-30 15:00:00,2025-10-30,valid_2025_10,0.9303806376131012,1.123725245368595,1.166255681077264,1.0482798837876393,0.23587504346416277,0.11789924617453805
2025-10-30 16:00:00,2025-10-30,valid_2025_10,1.305847355983269,1.4991919637387632,1.397095718483913,1.4731200739203443,0.09124836250064346,0.1672727179370751
2025-10-30 17:00:00,2025-10-30,valid_2025_10,1.8275172343754877,2.020861842130982,1.8584009457955686,2.028880739765429,0.03088371142008088,0.20136350538994124
2025-10-30 18:00:00,2025-10-30,valid_2025_10,2.1803668825364193,2.3737114902919134,2.1812553418063145,2.3381881793755537,0.0008884592698954079,0.15782129683913435
2025-10-30 19:00:00,2025-10-30,valid_2025_10,2.143160914036051,2.3365055217915445,2.132413508747406,2.3206584660898257,-0.01074740528864447,0.1774975520537744
2025-10-30 20:00:00,2025-10-30,valid_2025_10,2.106827348048501,2.3001719558039952,2.1084453532530105,2.2728568819606596,0.0016180052045092611,0.16602953391215844
2025-10-30 21:00:00,2025-10-30,valid_2025_10,2.0512644597928715,2.244609067548365,2.0502194418557522,2.2117556640764153,-0.001045017937119194,0.16049120428354385
2025-10-30 22:00:00,2025-10-30,valid_2025_10,1.9425330564965577,2.135877664252052,1.9295939497290218,2.1051103221595304,-0.012939106767535806,0.16257726566297262
2025-10-30 23:00:00,2025-10-30,valid_2025_10,1.8430356901672162,2.0363802979227104,1.8367769523217814,2.0168640867442713,-0.006258737845434747,0.1738283965770551
2025-10-31 00:00:00,2025-10-31,valid_2025_10,1.662843195266719,1.8561878030222132,1.6644190606281872,1.8549836238637913,0.0015758653614681584,0.19214042859707192
2025-10-31 01:00:00,2025-10-31,valid_2025_10,1.4746134117016019,1.6679580194570955,1.4683316996609155,1.7093405503138062,-0.006281712040686436,0.2347271386122043
2025-10-31 02:00:00,2025-10-31,valid_2025_10,1.381833684978603,1.5751782927340972,1.3772795570390288,1.6172319714698533,-0.004554127939574359,0.23539828649125036
2025-10-31 03:00:00,2025-10-31,valid_2025_10,1.3328253868243085,1.5261699945798026,1.3328315226083125,1.5827108550460827,6.1357840038719834e-06,0.24988546822177388
2025-10-31 04:00:00,2025-10-31,valid_2025_10,1.3276672368384481,1.521011844593942,1.3413516714760971,1.5787487402132312,0.013684434637648835,0.25108150337478263
2025-10-31 05:00:00,2025-10-31,valid_2025_10,1.309945508864527,1.5032901166200212,1.3261497601099543,1.5636679621117866,0.01620425124542732,0.2537224532472592
2025-10-31 06:00:00,2025-10-31,valid_2025_10,1.2931031962853599,1.4864478040408535,1.3212800704289855,1.5517595630556733,0.02817687414362575,0.2586563667703137
2025-10-31 07:00:00,2025-10-31,valid_2025_10,1.242670757131944,1.4360153648874383,1.27926807548774,1.497341624916857,0.03659731835579563,0.25467086778491277
2025-10-31 08:00:00,2025-10-31,valid_2025_10,0.9717170182516324,1.1650616260071263,1.0639808276591203,1.2624295030906516,0.09226380940748793,0.2907124848390193
2025-10-31 09:00:00,2025-10-31,valid_2025_10,0.37360988255560557,0.5669544903110996,0.607952326861772,0.6586117117908808,0.23434244430616635,0.2850018292352751
2025-10-31 10:00:00,2025-10-31,valid_2025_10,-0.06464912873580297,0.12869547901969114,0.4332697533103258,0.29208639507296164,0.4979188820461289,0.3567355238087646
2025-10-31 11:00:00,2025-10-31,valid_2025_10,-0.3872310031395909,-0.1938863953840968,0.2512206363636118,0.03744216195387984,0.6384516395032026,0.42467316509347064
2025-10-31 12:00:00,2025-10-31,valid_2025_10,-0.49278136318980714,-0.29943675543431303,0.20523699075577395,-0.007547148768509371,0.698018353945581,0.48523421442129794
2025-10-31 13:00:00,2025-10-31,valid_2025_10,-0.5542299879321401,-0.3608853801766459,0.2698170335737816,-0.009570421694582554,0.8240470215059218,0.5446595662375573
2025-10-31 14:00:00,2025-10-31,valid_2025_10,-0.44116550020971856,-0.2478208924542244,0.3208261508682688,0.13476914153090314,0.7619916510779874,0.5759346417406217
2025-10-31 15:00:00,2025-10-31,valid_2025_10,-0.12650923432572148,0.06683537342977264,0.5073663245128812,0.4014533570610299,0.6338755588386027,0.5279625913867514
2025-10-31 16:00:00,2025-10-31,valid_2025_10,0.29601357118984983,0.48935817894534395,0.6186353810341111,0.7013449283381802,0.3226218098442613,0.40533135714833024
2025-10-31 17:00:00,2025-10-31,valid_2025_10,0.8880473758073899,1.081391983562884,0.9962982363984474,1.2424874693314436,0.10825086059105758,0.35444009352405376
2025-10-31 18:00:00,2025-10-31,valid_2025_10,1.1325423877540113,1.3258869955095052,1.1675067611923298,1.3840109527194797,0.03496437343831858,0.2514685649654685
2025-10-31 19:00:00,2025-10-31,valid_2025_10,1.0981931167102075,1.2915377244657011,1.1687824781381386,1.4386384748778527,0.07058936142793093,0.34044535816764526
2025-10-31 20:00:00,2025-10-31,valid_2025_10,0.9557457056088973,1.149090313364391,1.0203665161466935,1.2768266543437066,0.06462081053779627,0.3210809487348094
2025-10-31 21:00:00,2025-10-31,valid_2025_10,0.9198737625747739,1.1132183703302678,1.0279987151566718,1.223923659591206,0.10812495258189783,0.30404989701643215
2025-10-31 22:00:00,2025-10-31,valid_2025_10,0.8082884669746697,1.0016330747301636,0.9262234733453478,1.1344872959248378,0.11793500637067807,0.32619882895016805
2025-10-31 23:00:00,2025-10-31,valid_2025_10,0.8239301741664203,1.0172747819219143,0.9952011287251242,1.1315090399995897,0.17127095455870392,0.30757886583316957
2025-11-01 00:00:00,2025-11-01,valid_2025_11,0.6084555196026045,0.7953963990511841,0.8541721645834031,0.9671082273227394,0.2457166449807985,0.358652707720135
2025-11-01 01:00:00,2025-11-01,valid_2025_11,0.5433125086564696,0.7302533881050493,0.7948500609867941,0.9086767957400503,0.2515375523303246,0.3653642870835807
2025-11-01 02:00:00,2025-11-01,valid_2025_11,0.5637280599039967,0.7506689393525763,0.8167023112479912,0.9273412948958624,0.2529742513439946,0.3636132349918658
2025-11-01 03:00:00,2025-11-01,valid_2025_11,0.5944604370893894,0.7814013165379691,0.8275665604986603,0.9309557796151585,0.23310612340927087,0.3364953425257692
2025-11-01 04:00:00,2025-11-01,valid_2025_11,0.6374693900696192,0.8244102695181988,0.8442173930453042,0.9493825722452917,0.20674800297568502,0.31191318217567243
2025-11-01 05:00:00,2025-11-01,valid_2025_11,0.7453965911299398,0.9323374705785195,0.9178923930489007,1.0336790628569255,0.17249580191896094,0.28828247172698557
2025-11-01 06:00:00,2025-11-01,valid_2025_11,0.8458392939442334,1.032780173392813,1.0023215604580624,1.1369705000165498,0.15648226651382904,0.29113120607231646
2025-11-01 07:00:00,2025-11-01,valid_2025_11,0.875472051242086,1.0624129306906656,1.0532409130707578,1.1590165885994814,0.17776886182867158,0.2835445373573955
2025-11-01 08:00:00,2025-11-01,valid_2025_11,0.6713456422268498,0.8582865216754294,0.8809883513659569,0.9380903198763715,0.20964270913910718,0.26674467764952164
2025-11-01 09:00:00,2025-11-01,valid_2025_11,0.1458865284026475,0.3328274078512271,0.5152887800668959,0.4157934954460971,0.3694022516642486,0.26990696704344974
2025-11-01 10:00:00,2025-11-01,valid_2025_11,-0.24352951342610418,-0.05658863397752456,0.2777957646569744,0.07112506671472452,0.5213252780830786,0.3146545801408286
2025-11-01 11:00:00,2025-11-01,valid_2025_11,-0.41556374744858726,-0.22862286800000764,0.19072515378268606,-0.06961466365759528,0.6062889012312734,0.34594908379099204
2025-11-01 12:00:00,2025-11-01,valid_2025_11,-0.49176361869886814,-0.30482273925028847,0.15095753965235148,-0.13494466131048477,0.6427211583512195,0.3568189573883832
2025-11-01 13:00:00,2025-11-01,valid_2025_11,-0.49540277845742475,-0.30846189900884513,0.1453096918049831,-0.13193335054582545,0.6407124702624079,0.36346942791159925
2025-11-01 14:00:00,2025-11-01,valid_2025_11,-0.29280079465299247,-0.10585991520441285,0.27782815514455494,0.04700883787793586,0.5706289497975473,0.3398096325309282
2025-11-01 15:00:00,2025-11-01,valid_2025_11,0.07559115309824938,0.262532032546829,0.4837263839796606,0.33646749543477394,0.40813523088141124,0.2608763423365245
2025-11-01 16:00:00,2025-11-01,valid_2025_11,0.5729336946991282,0.7598745741477079,0.7897697950165022,0.768176934621546,0.21683610031737405,0.19524323992241766
2025-11-01 17:00:00,2025-11-01,valid_2025_11,1.2567114233777423,1.4436523028263224,1.3172081092699315,1.4500966997548774,0.06049668589218926,0.19338527637713446
2025-11-01 18:00:00,2025-11-01,valid_2025_11,1.682330942234134,1.8692718216827136,1.7313833538248773,1.868024934278943,0.049052411590743285,0.1856939920448092
2025-11-01 19:00:00,2025-11-01,valid_2025_11,1.7403564039815345,1.927297283430114,1.7832226010170118,1.9233939299879108,0.04286619703547735,0.1830375260063761
2025-11-01 20:00:00,2025-11-01,valid_2025_11,1.7719315542535672,1.9588724337021468,1.8112943046469507,1.946407695792592,0.03936275039338377,0.174476141539025
2025-11-01 21:00:00,2025-11-01,valid_2025_11,1.8430709298989438,2.0300118093475232,1.888871224862126,2.0138779353001315,0.045800294963182164,0.17080700540118732
2025-11-01 22:00:00,2025-11-01,valid_2025_11,1.9558734864810625,2.142814365929642,1.9991718504731915,2.1382337440225103,0.04329836399212894,0.18236025754144813
2025-11-01 23:00:00,2025-11-01,valid_2025_11,1.983148512872085,2.170089392320665,2.023735823851492,2.168654702747088,0.04058731097940711,0.1855061898750029
2025-11-02 00:00:00,2025-11-02,valid_2025_11,2.1331561613443304,2.32009704079291,2.1708225213939167,2.3129599806633165,0.03766636004958655,0.17980381931898604
2025-11-02 01:00:00,2025-11-02,valid_2025_11,2.195263120378391,2.3822039998269706,2.2291350366839437,2.3692655227677735,0.03387191630555309,0.17400240238938247
2025-11-02 02:00:00,2025-11-02,valid_2025_11,2.198087032611906,2.385027912060486,2.2218516404289312,2.363856940313248,0.023764607817025676,0.16576990770134217
2025-11-02 03:00:00,2025-11-02,valid_2025_11,2.1761531924252684,2.363094071873848,2.1836822903838087,2.332067186805253,0.007529097958539975,0.15591399437998454
2025-11-02 04:00:00,2025-11-02,valid_2025_11,2.143992992477738,2.3309338719263177,2.151522090436278,2.294016473077714,0.007529097958539975,0.15002348059997586
2025-11-02 05:00:00,2025-11-02,valid_2025_11,2.1044708443960096,2.2914117238445892,2.1098965383571198,2.240379913062852,0.005425693961110296,0.13590906866684244
2025-11-02 06:00:00,2025-11-02,valid_2025_11,2.0792278005458966,2.2661686799944762,2.0879970629218354,2.203618605578649,0.008769262375938947,0.12439080503275246
2025-11-02 07:00:00,2025-11-02,valid_2025_11,1.96106249314744,2.14800337259602,1.9859534518697688,2.0735903376337648,0.0248909587223288,0.11252784448632436
2025-11-02 08:00:00,2025-11-02,valid_2025_11,1.4746966896745897,1.6616375691231697,1.5219125300534317,1.5860240588995316,0.04721584037884149,0.11132736922494167
2025-11-02 09:00:00,2025-11-02,valid_2025_11,0.8302131904147896,1.0171540698633692,0.9812338710867752,0.9185884788797556,0.15102068067198557,0.08837528846496599
2025-11-02 10:00:00,2025-11-02,valid_2025_11,0.44589516310929844,0.632836042557878,0.7993205695091891,0.614728589703916,0.3534254063998906,0.16883342659461753
2025-11-02 11:00:00,2025-11-02,valid_2025_11,0.1637711305595292,0.3507120100081088,0.6273020566839378,0.370500934179001,0.4635309261244087,0.20672980361947174
2025-11-02 12:00:00,2025-11-02,valid_2025_11,0.003057265879930493,0.18999814532851012,0.5247383593684699,0.22977017951445322,0.5216810934885391,0.22671291363452284
2025-11-02 13:00:00,2025-11-02,valid_2025_11,-0.0009169343131112395,0.18602394513546838,0.5207641591754277,0.22258978536377572,0.5216810934885391,0.2235067196768868
2025-11-02 14:00:00,2025-11-02,valid_2025_11,0.1924985247994639,0.3794394042480435,0.6439639406098956,0.38763580219396715,0.4514654158104316,0.19513727739450315
2025-11-02 15:00:00,2025-11-02,valid_2025_11,0.7182981140416523,0.9052389934902318,1.0222533194186822,0.9088085210888639,0.3039552053770301,0.19051040704721176
2025-11-02 16:00:00,2025-11-02,valid_2025_11,0.9699127790515889,1.1568536585001685,1.1467601989238934,1.1430115013229982,0.17684741987230446,0.1730987222714094
2025-11-02 17:00:00,2025-11-02,valid_2025_11,1.4893285418675792,1.6762694213161593,1.5487768410833807,1.6683846041333643,0.05944829921580175,0.17905606226578522
2025-11-02 18:00:00,2025-11-02,valid_2025_11,1.7323976595945956,1.9193385390431752,1.7740911864872988,1.9092414727495148,0.041693526892703066,0.1768438131549193
2025-11-02 19:00:00,2025-11-02,valid_2025_11,1.462501112666112,1.6494419921146917,1.5049669714539071,1.6552314294354327,0.04246585878779515,0.19273031676932062
2025-11-02 20:00:00,2025-11-02,valid_2025_11,1.4707014508357403,1.65764233028432,1.5541763512150983,1.7002071688456986,0.08347490037935826,0.22950571800995848
2025-11-02 21:00:00,2025-11-02,valid_2025_11,1.5055800191436512,1.6925208985922309,1.5961214200030742,1.7444638515769966,0.09054140085942267,0.23888383243334543
2025-11-02 22:00:00,2025-11-02,valid_2025_11,1.2219313860610297,1.4088722655096093,1.3516315201775546,1.4955922762282279,0.1297001341165248,0.27366089016719825
2025-11-02 23:00:00,2025-11-02,valid_2025_11,0.901013668540617,1.0879545479891966,1.1068768969968565,1.2027168472776752,0.2058632284562393,0.3017031787370581
2025-11-03 00:00:00,2025-11-03,valid_2025_11,0.7426575347678482,0.9295984142164279,0.9769086603973801,1.0763172505636125,0.234251125629532,0.33365971579576437
2025-11-03 01:00:00,2025-11-03,valid_2025_11,0.7570684811798591,0.9440093606284388,1.0129297925010394,1.1168144169524827,0.2558613113211803,0.3597459357726237
2025-11-03 02:00:00,2025-11-03,valid_2025_11,0.46838231968067334,0.655323199129253,0.7241834624526413,0.830250408473399,0.25580114277196786,0.3618680887927257
2025-11-03 03:00:00,2025-11-03,valid_2025_11,0.44334685713586197,0.6302877365844416,0.6986707646637714,0.807282483662542,0.2553239075279093,0.36393562652667993
2025-11-03 04:00:00,2025-11-03,valid_2025_11,0.4466271326613527,0.6335680121099323,0.6994006913106461,0.8059670656445408,0.25277355864929346,0.3593399329831881
2025-11-03 05:00:00,2025-11-03,valid_2025_11,0.5932233647159068,0.7801642441644864,0.8485825420510958,0.955350532003984,0.25535917733518915,0.36212716728807726
2025-11-03 06:00:00,2025-11-03,valid_2025_11,0.7673868850161603,0.9543277644647399,1.0227460623513493,1.1288859448173127,0.25535917733518915,0.3614990598011525
2025-11-03 07:00:00,2025-11-03,valid_2025_11,0.6509371038612586,0.8378779833098382,0.9062962811964477,1.0125847018868928,0.25535917733518915,0.36164759802563406
2025-11-03 08:00:00,2025-11-03,valid_2025_11,0.3292414824121124,0.516182361860692,0.6637628576196526,0.6747873748544011,0.3345213752075401,0.3455458924422887
2025-11-03 09:00:00,2025-11-03,valid_2025_11,-0.21345196409147055,-0.02651108464289098,0.3529198025386907,0.1979061815895543,0.5663717666301614,0.4113581456810248
2025-11-03 10:00:00,2025-11-03,valid_2025_11,-0.6213685144331187,-0.43442763498453907,0.1490426560871847,-0.11833955229236448,0.7704111705203032,0.5030289621407542
2025-11-03 11:00:00,2025-11-03,valid_2025_11,-0.8106483017460799,-0.6237074222975003,0.15227003367860914,-0.20119862587217235,0.962918335424689,0.6094496758739076
2025-11-03 12:00:00,2025-11-03,valid_2025_11,-0.9804498094822397,-0.7935089300336601,-0.017531474057550622,-0.374248522005003,0.962918335424689,0.6062012874772368
2025-11-03 13:00:00,2025-11-03,valid_2025_11,-0.7502547650909948,-0.5633138856424151,0.2035765639349864,-0.14604059142964876,0.9538313290259813,0.604214173661346
2025-11-03 14:00:00,2025-11-03,valid_2025_11,-0.6640901145760271,-0.4771492351274475,0.12546841246058804,-0.16946952513507835,0.7895585270366153,0.49462058944094883
2025-11-03 15:00:00,2025-11-03,valid_2025_11,-0.13730521542185403,0.04963566402672559,0.43678406596869224,0.22241940834263574,0.5740892813905463,0.3597246237644897
2025-11-03 16:00:00,2025-11-03,valid_2025_11,0.4309007449202261,0.6178416243688057,0.7070073696218714,0.661066568554257,0.27610662470164526,0.23016582363403087
2025-11-03 17:00:00,2025-11-03,valid_2025_11,0.9913069779732627,1.1782478574218422,1.0758966526968412,1.1929286050712373,0.08458967472357871,0.20162162709797457
2025-11-03 18:00:00,2025-11-03,valid_2025_11,1.4736326601628738,1.6605735396114534,1.5451365790805178,1.6612347562618572,0.07150391891764372,0.18760209609898332
2025-11-03 19:00:00,2025-11-03,valid_2025_11,1.7399093327581243,1.926850212206704,1.8098137134479606,1.9236877534012733,0.06990438068983629,0.18377842064314887
2025-11-03 20:00:00,2025-11-03,valid_2025_11,1.8589046147336883,2.045845494182268,1.9275745858508668,2.037368950099276,0.06866997111717849,0.1784643353655876
2025-11-03 21:00:00,2025-11-03,valid_2025_11,1.9765579817508288,2.1634988611994084,2.041314778632084,2.149760779617357,0.06475679688125496,0.17320279786652798
2025-11-03 22:00:00,2025-11-03,valid_2025_11,2.0072386389319448,2.1941795183805244,2.0710166580699316,2.17957154357809,0.06377801913798681,0.17233290464614537
2025-11-03 23:00:00,2025-11-03,valid_2025_11,1.847033558836791,2.0339744382853704,1.9108115779747779,2.020732481677898,0.06377801913798681,0.17369892284110697
2025-11-04 00:00:00,2025-11-04,valid_2025_11,1.8344982076985223,2.021439087147102,1.8932016799093425,2.003425463124495,0.058703472210820576,0.16892725542597314
2025-11-04 01:00:00,2025-11-04,valid_2025_11,1.8643932467807756,2.051334126229355,1.9223364940059513,2.0387135337210522,0.05794324722517583,0.1743202869402766
2025-11-04 02:00:00,2025-11-04,valid_2025_11,1.8502519456791977,2.0371928251277773,1.8944910488516062,2.0195470500425796,0.04423910317240835,0.16929510436338213
2025-11-04 03:00:00,2025-11-04,valid_2025_11,1.7835722369788716,1.9705131164274512,1.8261721462492022,1.952225949200213,0.04259990927033057,0.1686537122213411
2025-11-04 04:00:00,2025-11-04,valid_2025_11,1.7246694637012976,1.9116103431498772,1.7634361141393355,1.8866286557726724,0.03876665043803795,0.16195919207137507
2025-11-04 05:00:00,2025-11-04,valid_2025_11,1.7256449555785733,1.912585835027153,1.7653343519402196,1.8893421925720146,0.039689396361646374,0.1636972369934412
2025-11-04 06:00:00,2025-11-04,valid_2025_11,1.6956526127594602,1.8825934922080398,1.7400342098964126,1.8633901511129125,0.04438159713695232,0.16773753835345223
2025-11-04 07:00:00,2025-11-04,valid_2025_11,1.6182880771416843,1.805228956590264,1.670736131259818,1.7923796293520349,0.05244805411813365,0.17409155221035066
2025-11-04 08:00:00,2025-11-04,valid_2025_11,1.2621116931124376,1.4490525725610173,1.3308612071492112,1.4329884998711702,0.06874951403677339,0.17087680675873204
2025-11-04 09:00:00,2025-11-04,valid_2025_11,0.6031032881091698,0.7900441675577494,0.8291172473236768,0.7913044354037022,0.22601395921450707,0.18820114729453233
2025-11-04 10:00:00,2025-11-04,valid_2025_11,0.1709801978675265,0.3579210773161061,0.5479416031641193,0.3752476045066765,0.37696140529659294,0.2042674066391498
2025-11-04 11:00:00,2025-11-04,valid_2025_11,-0.09472404823971092,0.0922168312088687,0.4145176651535907,0.1429292178728503,0.5092417133933017,0.23765326611256143
2025-11-04 12:00:00,2025-11-04,valid_2025_11,-0.16515354491113166,0.021787334537447967,0.36259605160451325,0.08726605374420049,0.527749596515645,0.25241959865533203
2025-11-04 13:00:00,2025-11-04,valid_2025_11,-0.19317877434724112,-0.006237894898661445,0.33457082216840384,0.058063163663362616,0.527749596515645,0.2512419380106036
2025-11-04 14:00:00,2025-11-04,valid_2025_11,-0.05175226353374085,0.13518861591483877,0.45628808302175117,0.20861246642809017,0.508040346555492,0.26036472996183113
2025-11-04 15:00:00,2025-11-04,valid_2025_11,0.3274968527085238,0.5144377321571034,0.7109601038721032,0.5512806729264925,0.3834632511635794,0.22378382021796864
2025-11-04 16:00:00,2025-11-04,valid_2025_11,0.8166820100416312,1.0036228894902108,1.0484415541773333,1.0410083501527712,0.23175954413570218,0.2243263401111399
2025-11-04 17:00:00,2025-11-04,valid_2025_11,1.2115540740164674,1.3984949534650475,1.2812190116773954,1.4336849612281213,0.06966493766092793,0.22213088721165392
2025-11-04 18:00:00,2025-11-04,valid_2025_11,1.5004159082081456,1.6873567876567253,1.5494483227785631,1.722721168369284,0.04903241457041772,0.22230526016113816
2025-11-04 19:00:00,2025-11-04,valid_2025_11,1.4348784226531202,1.6218193021016998,1.4846828369613834,1.6442202697445902,0.049804414308263295,0.2093418470914702
2025-11-04 20:00:00,2025-11-04,valid_2025_11,1.2813951898934715,1.4683360693420506,1.3345707621992702,1.5136759590907825,0.053175572305798814,0.2322807691973115
2025-11-04 21:00:00,2025-11-04,valid_2025_11,1.2685896674786235,1.4555305469272035,1.3155069422452725,1.4624958808524067,0.04691727476664899,0.19390621337378314
2025-11-04 22:00:00,2025-11-04,valid_2025_11,1.2274471930256183,1.414388072474198,1.2746484242465823,1.4180313200282293,0.047201231220963674,0.1905841270026112
2025-11-04 23:00:00,2025-11-04,valid_2025_11,1.23159741655525,1.418538296003829,1.2827342613749588,1.4274869852155747,0.05113684481970886,0.1958895686603252
2025-11-05 00:00:00,2025-11-05,valid_2025_11,1.2618736057707156,1.4488144852192955,1.3169464272208493,1.4650330239052667,0.0550728214501337,0.20315941813455113
2025-11-05 01:00:00,2025-11-05,valid_2025_11,1.342261044146936,1.529201923595516,1.3971307262515378,1.5345964968975991,0.054869682104601754,0.1923354527506631
2025-11-05 02:00:00,2025-11-05,valid_2025_11,1.442882400128545,1.6298232795771248,1.494261907879333,1.6277596299652795,0.05137950775078791,0.18487722983673388
2025-11-05 03:00:00,2025-11-05,valid_2025_11,1.4917306292526535,1.6786715087012332,1.5397775669003,1.6671847326207323,0.0480469376476462,0.17545410336807854
2025-11-05 04:00:00,2025-11-05,valid_2025_11,1.5712851125769443,1.7582259920255239,1.6155854475892117,1.7460704001567908,0.04430033501226699,0.17478528757984624
2025-11-05 05:00:00,2025-11-05,valid_2025_11,1.6898738227222774,1.876814702170857,1.7284775405247061,1.8603248058389812,0.03860371780242859,0.17045098311670398
2025-11-05 06:00:00,2025-11-05,valid_2025_11,1.7936108268259323,1.980551706274512,1.8284681235434714,1.9623156060769693,0.03485729671753879,0.16870477925103675
2025-11-05 07:00:00,2025-11-05,valid_2025_11,1.8505359673975994,2.037476846846179,1.900556924957326,2.01429945296072,0.050020957559726506,0.16376348556312073
2025-11-05 08:00:00,2025-11-05,valid_2025_11,1.618930632449055,1.8058715118976347,1.6753723065582844,1.7789082723206868,0.05644167410922886,0.15997763987163127
2025-11-05 09:00:00,2025-11-05,valid_2025_11,1.2192179267180046,1.4061588061665842,1.32538428760616,1.3743790537680614,0.10616636088815526,0.15516112705005672
2025-11-05 10:00:00,2025-11-05,valid_2025_11,0.9369716947005029,1.1239125741490825,1.1070559238473414,1.083904995847217,0.17008422914683852,0.1469333011467141
2025-11-05 11:00:00,2025-11-05,valid_2025_11,0.7627115719515827,0.9496524514001623,1.036255960298884,0.9168417817207029,0.27354438834730116,0.15413020976912023
2025-11-05 12:00:00,2025-11-05,valid_2025_11,0.6246330109742533,0.8115738904228329,0.9309564980610183,0.7895562948985337,0.3063234870867651,0.16492328392428052
2025-11-05 13:00:00,2025-11-05,valid_2025_11,0.6225051272728707,0.8094460067214503,0.9046370700539851,0.7883109209391098,0.28213194278111436,0.16580579366623907
2025-11-05 14:00:00,2025-11-05,valid_2025_11,0.7952301301660346,0.9821710096146142,1.021797258693823,0.950459134927874,0.22656712852778865,0.15522900476183937
2025-11-05 15:00:00,2025-11-05,valid_2025_11,1.0870787507741881,1.2740196302227678,1.2449250325994028,1.2114326660507257,0.15784628182521476,0.12435391527653755
2025-11-05 16:00:00,2025-11-05,valid_2025_11,1.3247477740885576,1.5116886535371372,1.3974569676515114,1.480038405550678,0.072709193562954,0.15529063146212016
2025-11-05 17:00:00,2025-11-05,valid_2025_11,1.533377154594798,1.7203180340433777,1.5873590247590696,1.6964413743901012,0.053981870164271396,0.16306421979530297
2025-11-05 18:00:00,2025-11-05,valid_2025_11,1.5606062466091406,1.7475471260577202,1.610470636955562,1.7326085995514302,0.049864390346421386,0.1720023529422897
2025-11-05 19:00:00,2025-11-05,valid_2025_11,1.4965570699229487,1.6834979493715283,1.5668758057933234,1.678566162985715,0.07031873587037468,0.182009093062766
2025-11-05 20:00:00,2025-11-05,valid_2025_11,1.494488620395972,1.6814294998445516,1.5662011540841592,1.6808267433162518,0.07171253368818706,0.1863381229202799
2025-11-05 21:00:00,2025-11-05,valid_2025_11,1.399970750885175,1.5869116303337547,1.4803268482005079,1.5882618481535302,0.08035609731533283,0.18829109726835525
2025-11-05 22:00:00,2025-11-05,valid_2025_11,1.3260018527007347,1.5129427321493143,1.4066761601833782,1.5125450369125844,0.08067430748264379,0.18654318421185018
2025-11-05 23:00:00,2025-11-05,valid_2025_11,1.341067276319407,1.5280081557679868,1.4228487127199752,1.5300916147269739,0.08178143640056774,0.18902433840756627
2025-11-06 00:00:00,2025-11-06,valid_2025_11,1.211281272909163,1.3982221523577427,1.2756016076584409,1.403263204919513,0.06432033474927797,0.19198193201035027
2025-11-06 01:00:00,2025-11-06,valid_2025_11,1.2445261903701201,1.4314670698186993,1.3107259859324139,1.43971886518458,0.06619979556229401,0.1951926748144607
2025-11-06 02:00:00,2025-11-06,valid_2025_11,1.2170882897961373,1.4040291692447167,1.2985282337692976,1.4075742539296956,0.0814399439731607,0.19048596413355848
2025-11-06 03:00:00,2025-11-06,valid_2025_11,1.2243394343957497,1.4112803138443288,1.3057793783689107,1.414515612597608,0.0814399439731607,0.19017617820185873
2025-11-06 04:00:00,2025-11-06,valid_2025_11,1.2026173832435756,1.3895582626921548,1.2848293269545819,1.4099590469290169,0.08221194371100628,0.2073416636854416
2025-11-06 05:00:00,2025-11-06,valid_2025_11,1.181021563966246,1.3679624434148252,1.262657206632595,1.4161548924720613,0.08163564266634897,0.23513332850581523
2025-11-06 06:00:00,2025-11-06,valid_2025_11,1.1876015757645986,1.374542455213178,1.2750788635534396,1.4022693343429895,0.08747728778884119,0.2146677585783911
2025-11-06 07:00:00,2025-11-06,valid_2025_11,1.1309246912134607,1.3178655706620404,1.2219302205884872,1.3370623978023184,0.09100552937502664,0.20613770658885763
2025-11-06 08:00:00,2025-11-06,valid_2025_11,1.02102669500712,1.2079675744556997,1.1443474391742778,1.2411396524444236,0.12332074416715766,0.22011295743730355
2025-11-06 09:00:00,2025-11-06,valid_2025_11,0.8242094621895155,1.0111503416380951,0.972707895373971,1.0486450224596766,0.14849843318445552,0.22443556027016118
2025-11-06 10:00:00,2025-11-06,valid_2025_11,0.6489733215971747,0.8359142010457543,0.8517068398446586,0.8784219421524211,0.2027335182474841,0.22944862055524662
2025-11-06 11:00:00,2025-11-06,valid_2025_11,0.5244909854729596,0.7114318649215392,0.7823315328430882,0.7840304235985167,0.2578405473701285,0.2595394381255571
2025-11-06 12:00:00,2025-11-06,valid_2025_11,0.47242191499776665,0.6593627944463463,0.7468181953554371,0.7349687273451793,0.2743962803576704,0.2625468123474126
2025-11-06 13:00:00,2025-11-06,valid_2025_11,0.4003109045601796,0.5872517840087592,0.6694361452701563,0.6843712805875797,0.26912524070997695,0.28406037602740014
2025-11-06 14:00:00,2025-11-06,valid_2025_11,0.46668765676087687,0.6536285362094565,0.724359851178739,0.7262049659088621,0.25767219441786193,0.2595173091479851
2025-11-06 15:00:00,2025-11-06,valid_2025_11,0.6343488329302182,0.8212897123787978,0.8590085899557826,0.8841823147355833,0.2246597570255646,0.24983348180536538
2025-11-06 16:00:00,2025-11-06,valid_2025_11,0.7621496647864732,0.9490905442350528,0.9222410340155838,1.0157611917327443,0.16009136922911052,0.2536115269462711
2025-11-06 17:00:00,2025-11-06,valid_2025_11,0.9268589436269701,1.1137998230755497,1.069919051713549,1.1802071757451755,0.1430601080865791,0.2533482321182055
2025-11-06 18:00:00,2025-11-06,valid_2025_11,1.011739535459484,1.1986804149080634,1.1504028992205648,1.2645882938721904,0.13866336376108107,0.2528487584127065
2025-11-06 19:00:00,2025-11-06,valid_2025_11,0.9198339644697884,1.106774843918368,1.0357081761160816,1.1722874543819952,0.11587421164629287,0.2524534899122067
2025-11-06 20:00:00,2025-11-06,valid_2025_11,0.8505649244367006,1.0375058038852802,1.0135617249213433,1.1135017559435465,0.16299680048464274,0.26293683150684577
2025-11-06 21:00:00,2025-11-06,valid_2025_11,0.827849498558314,1.0147903780068936,1.0159433035578125,1.1075445710712468,0.1880938049994985,0.2796950725129328
2025-11-06 22:00:00,2025-11-06,valid_2025_11,0.7716908659822355,0.9586317454308151,0.9583750880868951,1.0690937098707465,0.18668422210465974,0.2974028438885109
2025-11-06 23:00:00,2025-11-06,valid_2025_11,0.7537154470042841,0.9406563264528637,0.9693657433982704,1.0494202226397316,0.2156502963939864,0.2957047756354476
2025-11-07 00:00:00,2025-11-07,valid_2025_11,0.6659767551388179,0.8529176345873976,0.9083688023483772,0.9720244598739795,0.2423920472095594,0.3060477047351615
2025-11-07 01:00:00,2025-11-07,valid_2025_11,0.6406472775188463,0.8275881569674259,0.8723938429532188,0.9488171352741097,0.2317465654343724,0.3081698577552635
2025-11-07 02:00:00,2025-11-07,valid_2025_11,0.6543408061088203,0.8412816855573999,0.870436472685802,0.9627256376162265,0.21609566657698187,0.30838483150740625
2025-11-07 03:00:00,2025-11-07,valid_2025_11,0.602156023081686,0.7890969025302657,0.8244458623531983,0.9239992587613972,0.22228983927151216,0.3218432356797111
2025-11-07 04:00:00,2025-11-07,valid_2025_11,0.5317139032227802,0.7186547826713598,0.7790077510350877,0.8716157266797944,0.2472938478123075,0.33990182345701403
2025-11-07 05:00:00,2025-11-07,valid_2025_11,0.4745685581583279,0.6615094376069075,0.7398810949445056,0.8372145874433359,0.26531253678617767,0.3626460292850079
2025-11-07 06:00:00,2025-11-07,valid_2025_11,0.4403660316690323,0.6273069111176119,0.7123595143180275,0.8213459717970666,0.2719934826489951,0.3809799401280344
2025-11-07 07:00:00,2025-11-07,valid_2025_11,0.31764848728397177,0.5045893667325514,0.6351162376492268,0.749640846886779,0.31746775036525526,0.4319923596028074
2025-11-07 08:00:00,2025-11-07,valid_2025_11,0.064260790398606,0.2512016698471855,0.43131027210104844,0.5140282420604365,0.36704948170244267,0.4497674516618307
2025-11-07 09:00:00,2025-11-07,valid_2025_11,-0.186504439286852,0.0004364401617276137,0.257617586199959,0.2792585301539716,0.44412202548681096,0.4657629694408237
2025-11-07 10:00:00,2025-11-07,valid_2025_11,-0.42034092262328326,-0.23340004317470364,0.13586436932489998,0.04795151449979618,0.5562052919481832,0.46829243712307955
2025-11-07 11:00:00,2025-11-07,valid_2025_11,-0.662303407580823,-0.47536252813224333,-0.04430313230595839,-0.1410475769352284,0.6180002752748647,0.5212558306455943
2025-11-07 12:00:00,2025-11-07,valid_2025_11,-0.7396107882108214,-0.5526699087622418,-0.021396879628067023,-0.15294163507283187,0.7182139085827544,0.5866691531379894
2025-11-07 13:00:00,2025-11-07,valid_2025_11,-0.8251849540667909,-0.6382440746182113,-0.05978294713644405,-0.22270565696216627,0.7654020069303468,0.6024792971046247
2025-11-07 14:00:00,2025-11-07,valid_2025_11,-0.8074619988385303,-0.6205211193899507,-0.042059991908183436,-0.2049827017339056,0.7654020069303468,0.6024792971046247
2025-11-07 15:00:00,2025-11-07,valid_2025_11,-0.6618763230709307,-0.4749354436223511,-0.025664399749768196,-0.11814358068286246,0.6362119233211626,0.5437327423880683
2025-11-07 16:00:00,2025-11-07,valid_2025_11,-0.3521632623414608,-0.16522238289288116,0.21060879341750405,0.12057791496238601,0.5627720557589648,0.4727411773038469
2025-11-07 17:00:00,2025-11-07,valid_2025_11,0.06377058995129037,0.25071146939987,0.4523202415422416,0.5269217104183364,0.3885496515909512,0.4631511204670461
2025-11-07 18:00:00,2025-11-07,valid_2025_11,0.33106693558001266,0.5180078150285922,0.6978795325067081,0.7773852995412264,0.36681259692669554,0.4463183639612137
2025-11-07 19:00:00,2025-11-07,valid_2025_11,0.29015185382377684,0.4770927332723566,0.6556280256542003,0.7364702177849908,0.36547617183042336,0.4463183639612137
2025-11-07 20:00:00,2025-11-07,valid_2025_11,0.24334875639420794,0.43028963584278745,0.6178866852061407,0.6890390128684969,0.37453792881193293,0.445690256474289
2025-11-07 21:00:00,2025-11-07,valid_2025_11,0.2590446380989132,0.4459855175474928,0.6331772700952457,0.7167116877950198,0.3741326319963325,0.4576670496961067
2025-11-07 22:00:00,2025-11-07,valid_2025_11,0.23786257885579865,0.42480345830437816,0.613602589177971,0.6939586972880406,0.3757400103221724,0.456096118432242
2025-11-07 23:00:00,2025-11-07,valid_2025_11,0.2084798307989585,0.3954207102475382,0.5800855028258671,0.6763539263012386,0.3716056720269086,0.4678740955022798
2025-11-08 00:00:00,2025-11-08,valid_2025_11,0.11873335083526038,0.30567423028384,0.5045009453696416,0.5935067884018639,0.3857675945343813,0.4747734375666035
2025-11-08 01:00:00,2025-11-08,valid_2025_11,0.1366638873688214,0.323604766817401,0.5151122919880179,0.5958875764677855,0.3784484046191966,0.459223689098964
2025-11-08 02:00:00,2025-11-08,valid_2025_11,0.11995797534330666,0.30689885479188617,0.500973073420412,0.5786644251481218,0.38101509807710543,0.4587064498048153
2025-11-08 03:00:00,2025-11-08,valid_2025_11,0.10826101424046697,0.2952018936890466,0.48317249794999806,0.5602364785063643,0.37491148370953103,0.4519754642658974
2025-11-08 04:00:00,2025-11-08,valid_2025_11,0.080506306725033,0.2674471861736126,0.46105148556654996,0.5414474851635249,0.3805451788415171,0.46094117843849197
2025-11-08 05:00:00,2025-11-08,valid_2025_11,0.082364895760079,0.2693057752086586,0.46502687993845204,0.5403649454975124,0.3826619841783729,0.4580000497374333
2025-11-08 06:00:00,2025-11-08,valid_2025_11,0.10288125718543406,0.2898221366340137,0.5060867261877728,0.5742739442870357,0.4032054690023388,0.47139268710160154
2025-11-08 07:00:00,2025-11-08,valid_2025_11,0.0694543554382423,0.25639523488682203,0.5198501866027195,0.5469357447842716,0.4503958311644771,0.4774813893460294
2025-11-08 08:00:00,2025-11-08,valid_2025_11,-0.2878158628509479,-0.10087498340236822,0.2260011841367341,0.1997605116922364,0.5138170469876819,0.48757637454318425
2025-11-08 09:00:00,2025-11-08,valid_2025_11,-0.8981697695935844,-0.7112288901450048,-0.13164283535094,-0.28561734359362734,0.7665269342426442,0.612552425999957
2025-11-08 10:00:00,2025-11-08,valid_2025_11,-1.3465197920245244,-1.1595789125759448,-0.3500380805595885,-0.6227950014296885,0.996481711464936,0.723724790594836
2025-11-08 11:00:00,2025-11-08,valid_2025_11,-1.6201889187903942,-1.4332480393418146,-0.606909146192324,-0.8887413629550776,1.01327977259807,0.7314475558353166
2025-11-08 12:00:00,2025-11-08,valid_2025_11,-1.704869117521592,-1.5179282380730124,-0.681806972465031,-0.9536601943763671,1.023062145056561,0.7512089231452246
2025-11-08 13:00:00,2025-11-08,valid_2025_11,-1.6840089495593322,-1.4970680701107526,-0.6511548487072985,-0.9143192406116698,1.0328541008520338,0.7696897089476622
2025-11-08 14:00:00,2025-11-08,valid_2025_11,-1.516341111152153,-1.3294002317035734,-0.48348701030011926,-0.746651402204491,1.0328541008520338,0.7696897089476622
2025-11-08 15:00:00,2025-11-08,valid_2025_11,-1.1345273839859509,-0.9475865045373713,-0.10751539545917499,-0.3664985355014733,1.0270119885267759,0.7680288484844774
2025-11-08 16:00:00,2025-11-08,valid_2025_11,-0.5510610419073814,-0.3641201624588017,0.08959208746385139,0.01376304176574683,0.6406531293712326,0.5648240836731282
2025-11-08 17:00:00,2025-11-08,valid_2025_11,0.05000535464352296,0.23694623409210258,0.4458843191861569,0.5373098330796714,0.3958789645426339,0.4873044784361483
2025-11-08 18:00:00,2025-11-08,valid_2025_11,0.27054664108393633,0.45748752053251607,0.6451640523044418,0.7527193206428472,0.37461741122050574,0.48217267955891085
2025-11-08 19:00:00,2025-11-08,valid_2025_11,0.30903351246988664,0.49597439191846626,0.671708409610196,0.7839307082098479,0.36267489714030926,0.4748971957399612
2025-11-08 20:00:00,2025-11-08,valid_2025_11,0.33874411275722704,0.5256849922058067,0.6932188049897281,0.7623472656221622,0.35447469223250105,0.4236031528649351
2025-11-08 21:00:00,2025-11-08,valid_2025_11,0.38960275981029324,0.5765436392588729,0.7059593531986391,0.7934413332336109,0.3163565933883459,0.4038385734233177
2025-11-08 22:00:00,2025-11-08,valid_2025_11,0.411097418265698,0.5980382977142776,0.6870178403656116,0.7863486438493857,0.27592042209991363,0.37525122558368773
2025-11-08 23:00:00,2025-11-08,valid_2025_11,0.4687753917131775,0.6557162711617571,0.743880279908336,0.8286714726522201,0.2751048881951586,0.35989608093904235
2025-11-09 00:00:00,2025-11-09,valid_2025_11,0.4689577266435092,0.6558986060920888,0.7442167713653269,0.8373408500048178,0.2752590447218176,0.36838312336130863
2025-11-09 01:00:00,2025-11-09,valid_2025_11,0.5447156110097832,0.7316564904583628,0.8171552786785031,0.9153451410532482,0.27243966766871996,0.370629530043465
2025-11-09 02:00:00,2025-11-09,valid_2025_11,0.5989418439684409,0.7858827234170205,0.8571345810208557,0.9441046233934962,0.2581927370524148,0.3451627794250553
2025-11-09 03:00:00,2025-11-09,valid_2025_11,0.6119100652442002,0.7988509446927798,0.8683508388299044,0.956419877079443,0.2564407735857042,0.3445098118352429
2025-11-09 04:00:00,2025-11-09,valid_2025_11,0.6080726162489074,0.795013495697487,0.8340003344539704,0.937754533824577,0.22592771820506294,0.32968191757566956
2025-11-09 05:00:00,2025-11-09,valid_2025_11,0.6146016093311768,0.8015424887797564,0.8405293275362398,0.9437125877602444,0.22592771820506294,0.3291109784290675
2025-11-09 06:00:00,2025-11-09,valid_2025_11,0.6588127455972581,0.8457536250458377,0.868145423971957,0.9826282499711634,0.20933267837469893,0.32381550437390527
2025-11-09 07:00:00,2025-11-09,valid_2025_11,0.6442417301550618,0.8311826096036414,0.8609655404808958,0.9690876591958606,0.21672381032583407,0.3248459290407985
2025-11-09 08:00:00,2025-11-09,valid_2025_11,0.28982803400038915,0.47676891344896855,0.6077505734434256,0.6151758776002689,0.3179225394430365,0.32534784359988
2025-11-09 09:00:00,2025-11-09,valid_2025_11,-0.344109844048388,-0.15716896459980845,0.15940016588178563,0.047030977469805,0.5035100099301737,0.39114082151819296
2025-11-09 10:00:00,2025-11-09,valid_2025_11,-0.8154421325153737,-0.628501253066794,-0.04317400178406705,-0.28373397244928483,0.7722681307313065,0.5317081600660888
2025-11-09 11:00:00,2025-11-09,valid_2025_11,-0.9977377907084297,-0.8107969112598501,-0.029741455096173208,-0.3361638596115037,0.9679963356122566,0.661573931096926
2025-11-09 12:00:00,2025-11-09,valid_2025_11,-1.0369268268982066,-0.8499859474496269,-0.07551671805272775,-0.37230940046647054,0.9614101088454788,0.6646174264317359
2025-11-09 13:00:00,2025-11-09,valid_2025_11,-0.9736653721754576,-0.7867244927268779,-0.006314481754921886,-0.3381112878606323,0.9673508904205358,0.6355540843148253
2025-11-09 14:00:00,2025-11-09,valid_2025_11,-0.7063423775953803,-0.5194014981468007,0.07213872254418718,-0.1929360799718116,0.7784811001395674,0.5134062976235689
2025-11-09 15:00:00,2025-11-09,valid_2025_11,-0.19918565836938645,-0.012244778920806776,0.3539120305102753,0.2203523744097292,0.5530976888796617,0.4195380327791156
2025-11-09 16:00:00,2025-11-09,valid_2025_11,0.5303677805351958,0.7173086599837755,0.76525108352683,0.8012999288639282,0.23488330299163424,0.27093214832873225
2025-11-09 17:00:00,2025-11-09,valid_2025_11,1.2616472650062365,1.448588144454816,1.3351349200454186,1.4667527866896568,0.07348765503918199,0.20510552168342067
2025-11-09 18:00:00,2025-11-09,valid_2025_11,1.5056373494534774,1.692578228902057,1.553861788843268,1.697047285280719,0.048224439389790846,0.19140993582724153
2025-11-09 19:00:00,2025-11-09,valid_2025_11,1.4919268146248095,1.678867694073389,1.5422590388445274,1.6805591334787826,0.050332224219718114,0.1886323188539734
2025-11-09 20:00:00,2025-11-09,valid_2025_11,1.314379228146415,1.5013201075949947,1.3596828377175194,1.5146003884386838,0.04530360957110468,0.20022116029226908
2025-11-09 21:00:00,2025-11-09,valid_2025_11,1.2121620908803048,1.3991029703288844,1.2620621481433716,1.426719872422725,0.04990005726306652,0.21455778154242022
2025-11-09 22:00:00,2025-11-09,valid_2025_11,1.1159814670625199,1.3029223465110997,1.2041415959850463,1.368380765247543,0.0881601289225266,0.25239929818502305
2025-11-09 23:00:00,2025-11-09,valid_2025_11,0.9873964196837883,1.174337299132368,1.0761591695149295,1.2477470348675632,0.0887627498311409,0.2603506151837746
2025-11-10 00:00:00,2025-11-10,valid_2025_11,0.8248393943094019,1.0117802737579815,0.9481636702978351,1.0870874481934236,0.12332427598843329,0.26224805388402167
2025-11-10 01:00:00,2025-11-10,valid_2025_11,0.7910683353812095,0.9780092148297891,0.917807476496531,1.0754334750216814,0.12673914111532167,0.2843651396404721
2025-11-10 02:00:00,2025-11-10,valid_2025_11,0.6922003752056092,0.8791412546541888,0.8808244672332948,1.0013529095578215,0.18862409202768565,0.30915253435221235
2025-11-10 03:00:00,2025-11-10,valid_2025_11,0.6425111262153447,0.8294520056639243,0.84779194540279,0.9599882327935869,0.20528081918744523,0.31747710657824213
2025-11-10 04:00:00,2025-11-10,valid_2025_11,0.621684094120232,0.8086249735688116,0.844935606827409,0.9627328408913651,0.22325151270717705,0.3410487467711332
2025-11-10 05:00:00,2025-11-10,valid_2025_11,0.6204110807268283,0.8073519601754079,0.8447288418361855,0.9703768819271387,0.22431776110935717,0.3499658012003104
2025-11-10 06:00:00,2025-11-10,valid_2025_11,0.669016839458005,0.8559577189065847,0.9067741899535461,1.0345272105466665,0.23775735049554114,0.36551037108866136
2025-11-10 07:00:00,2025-11-10,valid_2025_11,0.6848082716790862,0.8717491511276658,0.9167447148251013,1.0265149559303755,0.23193644314601508,0.3417066842512893
2025-11-10 08:00:00,2025-11-10,valid_2025_11,0.45418298698107695,0.6411238664296566,0.7204531460766235,0.7903467545824159,0.2662701590955463,0.3361637676013387
2025-11-10 09:00:00,2025-11-10,valid_2025_11,0.03959788720663604,0.22653876665521566,0.44784235046863874,0.3891022650661513,0.4082444632620028,0.34950437785951516
2025-11-10 10:00:00,2025-11-10,valid_2025_11,-0.2987827829442656,-0.11184190349568596,0.31810763797640007,0.10173698362420147,0.6168904209206655,0.4005197665684671
2025-11-10 11:00:00,2025-11-10,valid_2025_11,-0.5295378059580882,-0.3425969265095086,0.21176030012816882,-0.036458294863511154,0.7412981060862571,0.4930795110945773
2025-11-10 12:00:00,2025-11-10,valid_2025_11,-0.629217156573665,-0.4422762771250853,0.17034662790136268,-0.107289306315694,0.7995637844750276,0.5219278502579708
2025-11-10 13:00:00,2025-11-10,valid_2025_11,-0.601633563377465,-0.41469268392888536,0.15576247226841544,-0.0845833751075149,0.7573960356458804,0.5170501882699503
2025-11-10 14:00:00,2025-11-10,valid_2025_11,-0.37224692895137423,-0.1853060495027946,0.2689497219687359,0.07868948638997819,0.6411966509201102,0.4509364153413523
2025-11-10 15:00:00,2025-11-10,valid_2025_11,0.058951337484979716,0.24589221693355934,0.5471821430310024,0.45433549353133107,0.4882308055460227,0.3953841560463514
2025-11-10 16:00:00,2025-11-10,valid_2025_11,0.6402124788388239,0.8271533582874036,0.860835522519684,0.8858984061715869,0.22062304368085994,0.24568592733276293
2025-11-10 17:00:00,2025-11-10,valid_2025_11,1.1865212413023822,1.3734621207509619,1.2746969486458577,1.4043576533668258,0.08817570734347555,0.21783641206444368
2025-11-10 18:00:00,2025-11-10,valid_2025_11,1.4314142342988623,1.6183551137474417,1.508682760391623,1.6360824141599213,0.07726852609276087,0.20466817986105923
2025-11-10 19:00:00,2025-11-10,valid_2025_11,1.3179906870213254,1.504931566469905,1.4009342352551395,1.5213878373354446,0.08294354823381392,0.20339715031411942
2025-11-10 20:00:00,2025-11-10,valid_2025_11,1.2812615944925931,1.4682024739411728,1.3992585105486883,1.481904786140829,0.11799691605609498,0.2006431916482355
2025-11-10 21:00:00,2025-11-10,valid_2025_11,1.265866390100888,1.4528072695494678,1.3782240266301906,1.4688609393951004,0.11235763652930314,0.20299454929421218
2025-11-10 22:00:00,2025-11-10,valid_2025_11,1.30318018166102,1.4901210611095996,1.3823725002060974,1.5059138713312719,0.0791923185450776,0.20273368967025193
2025-11-10 23:00:00,2025-11-10,valid_2025_11,1.305249683120287,1.492190562568867,1.3791766575875297,1.5075233640564125,0.0739269744672427,0.20227368093612513
2025-11-11 00:00:00,2025-11-11,valid_2025_11,1.3200582599380595,1.506999139386639,1.392571882867251,1.509449446864064,0.07251362292919161,0.18939118692600457
2025-11-11 01:00:00,2025-11-11,valid_2025_11,1.4085902840725186,1.5955311635210983,1.4811039070017102,1.600388769892394,0.07251362292919161,0.19179848581987527
2025-11-11 02:00:00,2025-11-11,valid_2025_11,1.3904185044003643,1.5773593838489437,1.462932127329556,1.5804288777109043,0.07251362292919161,0.19001037331054033
2025-11-11 03:00:00,2025-11-11,valid_2025_11,1.3488926006275168,1.5358334800760964,1.424851286978961,1.547045453917792,0.07595868635144415,0.19815285329027554
2025-11-11 04:00:00,2025-11-11,valid_2025_11,1.3086682877419618,1.495609167190541,1.3846269740934058,1.5119368274784768,0.07595868635144415,0.20326853973651554
2025-11-11 05:00:00,2025-11-11,valid_2025_11,1.2857147745218536,1.4726556539704332,1.359300256561689,1.496586049138826,0.07358548203983566,0.2108712746169724
2025-11-11 06:00:00,2025-11-11,valid_2025_11,1.269763799236732,1.456704678685312,1.3399100024286497,1.4825182885533739,0.07014620319191757,0.2127544893166418
2025-11-11 07:00:00,2025-11-11,valid_2025_11,1.2018296612801316,1.3887705407287116,1.2935384574077613,1.4323210868962288,0.09170879612762944,0.2304914256160972
2025-11-11 08:00:00,2025-11-11,valid_2025_11,0.8171055881105553,1.004046467559135,0.9789793417974131,1.0827433043729673,0.16187375368685783,0.2656377162624122
2025-11-11 09:00:00,2025-11-11,valid_2025_11,0.15446608816295726,0.3414069676115369,0.49974024562776886,0.4939908259495054,0.3452741574648117,0.33952473778654824
2025-11-11 10:00:00,2025-11-11,valid_2025_11,-0.31192615094637316,-0.12498527149779354,0.28847841123962525,0.08534682492311618,0.6004045621859984,0.3972729758694891
2025-11-11 11:00:00,2025-11-11,valid_2025_11,-0.6125827759438959,-0.42564189649531625,0.14040732088476515,-0.15079367637691765,0.7529900968286611,0.46178909956697806
2025-11-11 12:00:00,2025-11-11,valid_2025_11,-0.7906696530431566,-0.603728773594577,0.04573283247069093,-0.30427146408719025,0.8364024855138475,0.48639818895596615
2025-11-11 13:00:00,2025-11-11,valid_2025_11,-0.8799823862591225,-0.6930415068105429,0.07384894276685872,-0.2623696122062756,0.9538313290259813,0.6176127740528471
2025-11-11 14:00:00,2025-11-11,valid_2025_11,-0.7363201686844763,-0.5493792892358966,0.07067976863522407,-0.22875782536031153,0.8069999373197003,0.5075623433241649
2025-11-11 15:00:00,2025-11-11,valid_2025_11,-0.38625130353315484,-0.19931042408457522,0.2668038733610082,0.01618162464189632,0.6530551768941629,0.402432928175051
2025-11-11 16:00:00,2025-11-11,valid_2025_11,0.013741742153282721,0.20068262160186234,0.4419989732371933,0.36003139325806044,0.4282572310839105,0.34628965110477783
2025-11-11 17:00:00,2025-11-11,valid_2025_11,0.3339709699896444,0.520911849438224,0.5889082798974218,0.6817830065239939,0.25493730990777747,0.34781203653434944
2025-11-11 18:00:00,2025-11-11,valid_2025_11,0.44908637503420357,0.6360272544827832,0.729651848940116,0.8426473486751198,0.2805654739059123,0.39356097364091636
2025-11-11 19:00:00,2025-11-11,valid_2025_11,0.28449596454251946,0.4714368439910991,0.6003009207724929,0.7321598819875242,0.31580495622997345,0.4476639174450048
2025-11-11 20:00:00,2025-11-11,valid_2025_11,0.21517432789491364,0.40211520734349326,0.5803625745530749,0.6603473450750537,0.36518824665816124,0.4451730171801403
2025-11-11 21:00:00,2025-11-11,valid_2025_11,0.30252888915234455,0.48946976860092417,0.6677961454783687,0.7502554808327484,0.36526725632602425,0.4477265916804039
2025-11-11 22:00:00,2025-11-11,valid_2025_11,0.21664685777939152,0.40358773722797103,0.5819141141054156,0.6648093620108384,0.36526725632602425,0.44816250423144693
2025-11-11 23:00:00,2025-11-11,valid_2025_11,0.24912193612584188,0.4360628155744214,0.6336667501774732,0.7098606338261181,0.3845448140516312,0.4607386977002764
2025-11-12 00:00:00,2025-11-12,valid_2025_11,0.1991993334891614,0.3861402129377409,0.5701983792910701,0.6578126684163514,0.3709990458019089,0.4586133349271902
2025-11-12 01:00:00,2025-11-12,valid_2025_11,0.16063426846962692,0.34757514791820654,0.5355697080958834,0.6438334781609212,0.3749354396262564,0.4831992096912942
2025-11-12 02:00:00,2025-11-12,valid_2025_11,0.14585532107803334,0.33279620052661296,0.5207907607042899,0.6290545307693276,0.3749354396262564,0.4831992096912942
2025-11-12 03:00:00,2025-11-12,valid_2025_11,0.09205406876468736,0.278994948213267,0.4722533536819946,0.5752532784559816,0.3801992849173073,0.4831992096912942
2025-11-12 04:00:00,2025-11-12,valid_2025_11,0.06280964980403247,0.2497505292526121,0.4377450894302889,0.549043168638858,0.3749354396262564,0.48623351883482574
2025-11-12 05:00:00,2025-11-12,valid_2025_11,0.1037662828857373,0.2907071623343169,0.48003814760826613,0.5880743347072243,0.3762718647225286,0.4843080518214869
2025-11-12 06:00:00,2025-11-12,valid_2025_11,0.19664541721017614,0.38358629665875577,0.5806426138179421,0.6801732239165554,0.383997196607766,0.48352780670637924
2025-11-12 07:00:00,2025-11-12,valid_2025_11,0.2894351372899333,0.47637601673851293,0.6755491392345552,0.7729629439963124,0.38611400194462175,0.48352780670637924
2025-11-12 08:00:00,2025-11-12,valid_2025_11,-0.01829380381783774,0.16864707563074188,0.43759741282751163,0.4578438610280188,0.4558912166453493,0.47613766484585673
2025-11-12 09:00:00,2025-11-12,valid_2025_11,-0.5263544835253611,-0.3394136040767815,0.10379316014192408,-0.004358301783848995,0.6301476436672854,0.5219961817415123
2025-11-12 10:00:00,2025-11-12,valid_2025_11,-0.9284833024053588,-0.7415424229567792,0.07975803819592087,-0.2435380957102561,1.0082413406012798,0.684945206695103
2025-11-12 11:00:00,2025-11-12,valid_2025_11,-1.0993486643311854,-0.9124077848826058,-0.07756030328793517,-0.431365015099303,1.02178836104325,0.6679836492318825
2025-11-12 12:00:00,2025-11-12,valid_2025_11,-1.1302526818019585,-0.9433118023533787,-0.14889602988182327,-0.4829568677778252,0.9813566519201352,0.6472958140241332
2025-11-12 13:00:00,2025-11-12,valid_2025_11,-1.065745563925356,-0.8788046844767763,-0.08144555843948798,-0.4120916377676913,0.9843000054858679,0.6536539261576644
2025-11-12 14:00:00,2025-11-12,valid_2025_11,-0.7835336950293397,-0.59659281558076,0.01937360927381393,-0.24470440595500387,0.8029073043031535,0.5388292890743358
2025-11-12 15:00:00,2025-11-12,valid_2025_11,-0.3392870851411095,-0.15234620569252988,0.2760694910229279,0.11700608424237202,0.6153565761640374,0.4562931693834815
2025-11-12 16:00:00,2025-11-12,valid_2025_11,0.3124337082764794,0.49937458772505905,0.5922811697561616,0.6161337181051347,0.2798474614796821,0.3037000098286553
2025-11-12 17:00:00,2025-11-12,valid_2025_11,0.9214344794495958,1.1083753588981753,1.014675731672655,1.1525281441781603,0.09324125222305905,0.2310936647285645
2025-11-12 18:00:00,2025-11-12,valid_2025_11,1.2654457925067855,1.452386671955365,1.319079834555948,1.476868419777009,0.05363404204916267,0.2114226272702233
2025-11-12 19:00:00,2025-11-12,valid_2025_11,1.4000501717730987,1.5869910512216785,1.4518740214884818,1.5956948005399434,0.05182384971538325,0.19564462876684455
2025-11-12 20:00:00,2025-11-12,valid_2025_11,1.4214273644560782,1.6083682439046578,1.4713274217191445,1.6102142698952107,0.04990005726306652,0.18878690543913232
2025-11-12 21:00:00,2025-11-12,valid_2025_11,1.4536931082767426,1.6406339877253222,1.503593165539809,1.6452697049972347,0.04990005726306652,0.1915765967204919
2025-11-12 22:00:00,2025-11-12,valid_2025_11,1.4212448542036968,1.6081857336522767,1.4665484637748019,1.612915822818869,0.04530360957110468,0.19167096861517172
2025-11-12 23:00:00,2025-11-12,valid_2025_11,1.4251575163577521,1.6120983958063317,1.4650693553838332,1.6042115896188553,0.039911839026081315,0.17905407326110345
2025-11-13 00:00:00,2025-11-13,valid_2025_11,1.4124109021511653,1.5993517815997444,1.452265544735527,1.5806437726644713,0.039854642584361895,0.16823287051330676
2025-11-13 01:00:00,2025-11-13,valid_2025_11,1.3880285142366295,1.5749693936852087,1.4289550159316353,1.553373378744494,0.04092650169500594,0.16534486450786479
2025-11-13 02:00:00,2025-11-13,valid_2025_11,1.3341813275466037,1.5211222069951833,1.3751078292416095,1.4772556802232422,0.04092650169500594,0.14307435267663898
2025-11-13 03:00:00,2025-11-13,valid_2025_11,1.297130869703162,1.4840717491517417,1.3380573713981678,1.45476259294824,0.04092650169500594,0.15763172324507801
2025-11-13 04:00:00,2025-11-13,valid_2025_11,1.261110954860193,1.4480518343087723,1.3024696235118505,1.4285590421362553,0.041358668651657535,0.16744808727606206
2025-11-13 05:00:00,2025-11-13,valid_2025_11,1.250246072199041,1.4371869516476206,1.2905328817400545,1.4185092450294778,0.04028680954101349,0.1682631728304369
2025-11-13 06:00:00,2025-11-13,valid_2025_11,1.2512692516734807,1.4382101311220599,1.2921957533684867,1.4221380100549763,0.04092650169500594,0.17086875838149576
2025-11-13 07:00:00,2025-11-13,valid_2025_11,1.19192010846069,1.3788609879092697,1.2676498326300016,1.39025819396197,0.07572972416931155,0.19833808550128004
2025-11-13 08:00:00,2025-11-13,valid_2025_11,0.8298725396747564,1.016813419123336,0.9566526129116646,1.078479080680311,0.1267800732369079,0.2486065410055546
2025-11-13 09:00:00,2025-11-13,valid_2025_11,0.1837157667850644,0.370656646233644,0.5303170042346486,0.5214240277297979,0.3466012374495842,0.33770826094473344
2025-11-13 10:00:00,2025-11-13,valid_2025_11,-0.3330945350697124,-0.1461536556211328,0.3032927025401654,0.09074835010058602,0.6363872376098778,0.4238428851702983
2025-11-13 11:00:00,2025-11-13,valid_2025_11,-0.691609364580466,-0.5046684851318863,0.09446147467863442,-0.20294260221630855,0.7860708392591005,0.48866676236415724
2025-11-13 12:00:00,2025-11-13,valid_2025_11,-0.797982335681756,-0.6110414562331764,0.1558489933442252,-0.18783302364193905,0.9538313290259813,0.610149312039817
2025-11-13 13:00:00,2025-11-13,valid_2025_11,-0.8448753733221519,-0.6579344938735723,0.10895595570382932,-0.2085902729705693,0.9538313290259813,0.6362851003515824
2025-11-13 14:00:00,2025-11-13,valid_2025_11,-0.7103051818552759,-0.5233643024066963,0.10267123923638422,-0.18602569198444535,0.8129764210916601,0.5242794898708306
2025-11-13 15:00:00,2025-11-13,valid_2025_11,-0.41114633311720056,-0.22420545366862094,0.24168532289944655,0.013910565229124372,0.6528316560166472,0.4250568983463251
2025-11-13 16:00:00,2025-11-13,valid_2025_11,0.15618266633880273,0.34312354578738236,0.5814424746552487,0.51022043596444,0.42525980831644605,0.35403776962563727
2025-11-13 17:00:00,2025-11-13,valid_2025_11,0.6080533308235839,0.7949942102721635,0.8361453413976857,0.9301252479857561,0.2280920105741017,0.3220719171621723
2025-11-13 18:00:00,2025-11-13,valid_2025_11,0.655915022781368,0.8428559022299477,0.9057776590337822,1.004642394166137,0.24986263625241423,0.34872737138476917
2025-11-13 19:00:00,2025-11-13,valid_2025_11,0.615971400495295,0.8029122799438746,0.8647438797724798,0.9768279112447236,0.2487724792771848,0.3608565107494286
2025-11-13 20:00:00,2025-11-13,valid_2025_11,0.4982708718471358,0.6852117512957154,0.8119925966549284,0.9074999101144934,0.31372172480779265,0.4092290382673576
2025-11-13 21:00:00,2025-11-13,valid_2025_11,0.5128105046426696,0.6997513840912493,0.8357076399677654,0.9561423504436766,0.32289713532509573,0.44333184580100704
2025-11-13 22:00:00,2025-11-13,valid_2025_11,0.4240019976378896,0.6109428770864692,0.7853808465365183,0.8769285248114055,0.36137884889862876,0.45292652717351595
2025-11-13 23:00:00,2025-11-13,valid_2025_11,0.37841510925804445,0.5653559887066241,0.7512704070736965,0.836876310506205,0.372855297815652,0.45846120124816053
2025-11-14 00:00:00,2025-11-14,valid_2025_11,0.30246629918106693,0.48940717862964667,0.6667527812927908,0.755097080097816,0.3642864821117239,0.45263078091674885
2025-11-14 01:00:00,2025-11-14,valid_2025_11,0.25991213159437687,0.4468530110429566,0.6241986137061007,0.7197284599900059,0.3642864821117239,0.4598163283956289
2025-11-14 02:00:00,2025-11-14,valid_2025_11,0.23951709302651203,0.42645797247509165,0.6061342493754756,0.7200105905893599,0.3666171563489636,0.48049349756284776
2025-11-14 03:00:00,2025-11-14,valid_2025_11,0.24270006481514217,0.4296409442637218,0.6157821908113571,0.7231935623779898,0.3730821259962149,0.48049349756284776
2025-11-14 04:00:00,2025-11-14,valid_2025_11,0.2534844746560806,0.4404253541046602,0.6201897866152789,0.7141466673742533,0.36670531195919825,0.4606621927181726
2025-11-14 05:00:00,2025-11-14,valid_2025_11,0.2955472145411169,0.4824880939896966,0.6589199153343853,0.7654184790585276,0.3633727007932682,0.46987126451741074
2025-11-14 06:00:00,2025-11-14,valid_2025_11,0.350711245136645,0.5376521245852247,0.7160345239286582,0.8226692697529944,0.36532327879201315,0.4719580246163494
2025-11-14 07:00:00,2025-11-14,valid_2025_11,0.41220194717059333,0.599142826619173,0.7646764758271971,0.8839195160722666,0.352474528656604,0.47171756890167355
2025-11-14 08:00:00,2025-11-14,valid_2025_11,0.12693754608995367,0.3138784255385333,0.5603151571610132,0.5901390353645608,0.43337761107105965,0.4632014892746072
2025-11-14 09:00:00,2025-11-14,valid_2025_11,-0.5105146624189228,-0.3235737829703432,0.10604349157014392,0.0343812892017602,0.6165581539890668,0.5448959516206833
2025-11-14 10:00:00,2025-11-14,valid_2025_11,-0.9830494848158567,-0.7961086053672771,0.02634706804005471,-0.2727668552849033,1.0093965528559115,0.7102826295309536
2025-11-14 11:00:00,2025-11-14,valid_2025_11,-1.2085956897718324,-1.0216548103232528,-0.20128309488137358,-0.4832386522257718,1.0073125948904587,0.7253570375460608
2025-11-14 12:00:00,2025-11-14,valid_2025_11,-1.3051404574841359,-1.1181995780355563,-0.2953270829617473,-0.5717742213417869,1.0098133745223885,0.7333662361423489
2025-11-14 13:00:00,2025-11-14,valid_2025_11,-1.2921022827110669,-1.1051614032624872,-0.28478968782060804,-0.5585748487738735,1.0073125948904587,0.7335274339371933
2025-11-14 14:00:00,2025-11-14,valid_2025_11,-1.0939794265990566,-0.9070385471504769,-0.0845828737431451,-0.37887062692158713,1.0093965528559115,0.7151087996774693
2025-11-14 15:00:00,2025-11-14,valid_2025_11,-0.7045561965663206,-0.517615317117741,0.14099238788539303,-0.11488982063865272,0.8455485844517134,0.589666375927668
2025-11-14 16:00:00,2025-11-14,valid_2025_11,-0.16146108724986236,0.02547979219871732,0.336472650359831,0.26228489227580876,0.4979337376096933,0.42374597952567106
2025-11-14 17:00:00,2025-11-14,valid_2025_11,0.255958268758949,0.4428991482075286,0.592479500438764,0.6493843412899118,0.33652123167981496,0.39342607253096296
2025-11-14 18:00:00,2025-11-14,valid_2025_11,0.4403362269208052,0.6272771063693848,0.7558001714187429,0.8740520245244318,0.31546394449793774,0.43371579760362666
2025-11-14 19:00:00,2025-11-14,valid_2025_11,0.3540795323304299,0.5410204117790094,0.7039460561899216,0.8052695498707585,0.3498665238594918,0.4511900175403288
2025-11-14 20:00:00,2025-11-14,valid_2025_11,0.26798395870253144,0.45492483815111107,0.6343912588136265,0.7211382296753823,0.3664073001110951,0.45315427097285094
2025-11-14 21:00:00,2025-11-14,valid_2025_11,0.2516609500307134,0.43860182947929316,0.6180682501418088,0.7065326394930987,0.3664073001110951,0.4548716894623852
2025-11-14 22:00:00,2025-11-14,valid_2025_11,0.203753148374201,0.3906940278227806,0.5802192235902226,0.6640815856515465,0.3764660752160216,0.4603284372773455
2025-11-14 23:00:00,2025-11-14,valid_2025_11,0.19215349100822154,0.37909437045680106,0.564946751098705,0.66304091034129,0.3727932600904834,0.4708874193330685
2025-11-15 00:00:00,2025-11-15,valid_2025_11,0.13091683062239923,0.31785771007097885,0.5029256978097835,0.594613329162447,0.37200886718738435,0.46369649854004774
2025-11-15 01:00:00,2025-11-15,valid_2025_11,0.13813220952413818,0.3250730889727178,0.5088046516152502,0.5991528418865504,0.37067244209111216,0.4610206323624123
2025-11-15 02:00:00,2025-11-15,valid_2025_11,0.15995787600691524,0.34689875545549487,0.5306303180980273,0.6231826433078699,0.37067244209111216,0.46322476730095474
2025-11-15 03:00:00,2025-11-15,valid_2025_11,0.2063444082494944,0.393285287698074,0.584742182225844,0.6665348664069176,0.37839777397634955,0.4601904581574232
2025-11-15 04:00:00,2025-11-15,valid_2025_11,0.26848169799792754,0.45542257744650727,0.6381443187035645,0.7294460889058183,0.3696626207056367,0.4609643909078906
2025-11-15 05:00:00,2025-11-15,valid_2025_11,0.3540733960587362,0.541014275507316,0.693596722278947,0.8093698830749356,0.3395233262202107,0.4552964870161992
2025-11-15 06:00:00,2025-11-15,valid_2025_11,0.44730475237840284,0.6342456318269825,0.7898728173909477,0.8653270051170299,0.3425680650125449,0.4180222527386269
2025-11-15 07:00:00,2025-11-15,valid_2025_11,0.5337379962715132,0.7206788757200928,0.8106156272474694,0.9286493185184224,0.2768776309759563,0.3949113222469094
2025-11-15 08:00:00,2025-11-15,valid_2025_11,0.31194789088037456,0.4988887703289544,0.6463341835500156,0.6851345196032703,0.33438629266964104,0.3731866287228955
2025-11-15 09:00:00,2025-11-15,valid_2025_11,-0.2109760661240217,-0.024035186675442133,0.28550390657705604,0.198666244450994,0.4964799727010778,0.40964231057501577
2025-11-15 10:00:00,2025-11-15,valid_2025_11,-0.6528665230038576,-0.46592564355527794,0.14403942199788666,-0.09815839907076956,0.7969059450017439,0.5547081239330881
2025-11-15 11:00:00,2025-11-15,valid_2025_11,-0.9556019415292125,-0.7686610620806328,0.05363378115849571,-0.2677208113365958,1.0092357226877082,0.6878811301926168
2025-11-15 12:00:00,2025-11-15,valid_2025_11,-1.0482687608530437,-0.861327881404464,-0.0388722079971322,-0.34552831339015566,1.0093965528559115,0.702740447462888
2025-11-15 13:00:00,2025-11-15,valid_2025_11,-1.0376863220118575,-0.8507454425632779,-0.028289769155946054,-0.3314012160573681,1.0093965528559115,0.7062851059544892
2025-11-15 14:00:00,2025-11-15,valid_2025_11,-0.8338882911932677,-0.646947411744688,0.16460210836048017,-0.13092879819044467,0.9984903995537476,0.702959493002823
2025-11-15 15:00:00,2025-11-15,valid_2025_11,-0.42794954887957537,-0.24100866943099575,0.1997131995917779,0.0760727778760183,0.6276627484713532,0.5040223267555934
2025-11-15 16:00:00,2025-11-15,valid_2025_11,0.07639482936809683,0.26333570881667645,0.5077296488137379,0.4592855820922872,0.4313348194456413,0.3828907527241905
2025-11-15 17:00:00,2025-11-15,valid_2025_11,0.5756606538398802,0.7626015332884598,0.858420806081614,0.9392640059774932,0.28276015224173384,0.36360335213761297
2025-11-15 18:00:00,2025-11-15,valid_2025_11,0.7878646755908677,0.9748055550394473,1.0209491849802559,1.114660504167388,0.23308450938938827,0.32679582857652056
2025-11-15 19:00:00,2025-11-15,valid_2025_11,0.8562071385981824,1.043148018046762,1.042776620838602,1.1577501018330587,0.1865694822404195,0.30154296323487617
2025-11-15 20:00:00,2025-11-15,valid_2025_11,0.9236016352898193,1.1105425147383994,1.1003744520410208,1.217154652411858,0.17677281675120154,0.2935530171220385
2025-11-15 21:00:00,2025-11-15,valid_2025_11,0.926251277407229,1.113192156855809,1.085695781494723,1.2117309378679826,0.1594445040874938,0.2854796604607535
2025-11-15 22:00:00,2025-11-15,valid_2025_11,0.9075435382331284,1.094484417681708,1.0754169874174528,1.2150319777188874,0.16787344918432456,0.3074884394857592
2025-11-15 23:00:00,2025-11-15,valid_2025_11,0.9877077916417398,1.1746486710903195,1.163902864111394,1.301218047623135,0.176195072469654,0.31351025598139515
2025-11-16 00:00:00,2025-11-16,valid_2025_11,0.8511755711312639,1.0381164505798435,1.0683629067087321,1.1968249781873799,0.21718733557746817,0.3456494070561159
2025-11-16 01:00:00,2025-11-16,valid_2025_11,0.8481230389466402,1.03506391839522,1.060240784005845,1.2019493108872137,0.21211774505920494,0.3538262719405737
2025-11-16 02:00:00,2025-11-16,valid_2025_11,0.8625897377700409,1.0495306172186205,1.038078215766447,1.2007569864438052,0.17548847799640616,0.3381672486737644
2025-11-16 03:00:00,2025-11-16,valid_2025_11,0.8708858017780939,1.0578266812266737,1.0137707688304194,1.200456032369814,0.14288496705232523,0.32957023059171975
2025-11-16 04:00:00,2025-11-16,valid_2025_11,0.8968501205353074,1.083790999983887,1.0744027542953005,1.2409947437498148,0.17755263375999303,0.3441446232145073
2025-11-16 05:00:00,2025-11-16,valid_2025_11,0.911586114025044,1.0985269934736235,1.0870423492536574,1.2667700218070812,0.17545623522861356,0.3551839077820375
2025-11-16 06:00:00,2025-11-16,valid_2025_11,0.9124721916576375,1.099413071106217,1.0761934385725507,1.2803901543499072,0.1637212469149132,0.36791796269226973
2025-11-16 07:00:00,2025-11-16,valid_2025_11,0.8630871264213403,1.0500280058699198,1.0558886168904826,1.23100508911361,0.1928014904691423,0.36791796269226973
2025-11-16 08:00:00,2025-11-16,valid_2025_11,0.5193903411189731,0.7063312205675527,0.7512892559749602,0.8633377209954534,0.23189891485598713,0.3439473798764803
2025-11-16 09:00:00,2025-11-16,valid_2025_11,-0.19720136342563976,-0.010260483977060142,0.3034455114890169,0.2159320110929499,0.5006468749146566,0.41313337451858967
2025-11-16 10:00:00,2025-11-16,valid_2025_11,-0.8005825369815178,-0.6136416575329383,0.011217714114918564,-0.2548704918320755,0.8118002510964364,0.5457120451494424
2025-11-16 11:00:00,2025-11-16,valid_2025_11,-1.1291437698458533,-0.9422028903972737,-0.12393676508704632,-0.4551878163072885,1.005207004758807,0.6739559535385649
2025-11-16 12:00:00,2025-11-16,valid_2025_11,-1.268773229663294,-1.0818323502147147,-0.26154619506439775,-0.5725148192731072,1.0072270345988967,0.6962584103901868
2025-11-16 13:00:00,2025-11-16,valid_2025_11,-1.3652220962151254,-1.1782812167665457,-0.35783423144802573,-0.6426808006167924,1.0073878647670997,0.7225412955983329
2025-11-16 14:00:00,2025-11-16,valid_2025_11,-1.2697003326552125,-1.082759453206633,-0.26231246788811285,-0.5488318184323848,1.0073878647670997,0.7208685142228278
2025-11-16 15:00:00,2025-11-16,valid_2025_11,-0.8846275439313764,-0.6976866644827968,-0.005574675978574195,-0.2571762361968255,0.8790528679528024,0.6274513077345508
2025-11-16 16:00:00,2025-11-16,valid_2025_11,-0.28084751271539815,-0.09390663326681847,0.27818435115013396,0.21077167429654964,0.5590318638655319,0.49161918701194784
2025-11-16 17:00:00,2025-11-16,valid_2025_11,0.27464128752422634,0.46158216697280574,0.6616998381858048,0.7339307209694037,0.3870585506615785,0.4592894334451774
2025-11-16 18:00:00,2025-11-16,valid_2025_11,0.4355795644257713,0.6225204438743509,0.7681158331901917,0.8570516599939618,0.33253626876442044,0.42147209556819054
2025-11-16 19:00:00,2025-11-16,valid_2025_11,0.4672211617541461,0.6541620412027257,0.7703973007929564,0.8852787954933455,0.30317613903881047,0.41805763373919935
2025-11-16 20:00:00,2025-11-16,valid_2025_11,0.4832338504003031,0.6701747298488827,0.7495321005426678,0.8671115907953371,0.26629825014236463,0.38387774039503386
2025-11-16 21:00:00,2025-11-16,valid_2025_11,0.5570375952151545,0.7439784746637341,0.815740651086571,0.933798493174149,0.2587030558714165,0.3767608979589945
2025-11-16 22:00:00,2025-11-16,valid_2025_11,0.5913928272086036,0.7783337066571833,0.8323491956596726,0.9514437478817329,0.24095636845106896,0.36005092067312927
2025-11-16 23:00:00,2025-11-16,valid_2025_11,0.7180856237189965,0.9050265031675762,0.9348093611491077,1.0653860709649623,0.21672373743011136,0.34730044724596604
2025-11-17 00:00:00,2025-11-17,valid_2025_11,0.7604327359665312,0.9473736154151108,0.9533182098879548,1.0935319749878483,0.19288547392142363,0.33309923902131733
2025-11-17 01:00:00,2025-11-17,valid_2025_11,0.8529035452402554,1.039844424688835,1.0149998219918979,1.1837916612168746,0.1620962767516425,0.3308881159766194
2025-11-17 02:00:00,2025-11-17,valid_2025_11,0.8901014489263982,1.077042328374978,1.0061022898643244,1.2230712697266686,0.11600084093792636,0.3329698208002704
2025-11-17 03:00:00,2025-11-17,valid_2025_11,0.9133149647442776,1.1002558441928572,1.0381598024491558,1.2644814824488582,0.12484483770487806,0.3511665177045805
2025-11-17 04:00:00,2025-11-17,valid_2025_11,0.9490303451891833,1.135971224637763,1.0752847657889002,1.2863501902810919,0.12625442059971684,0.3373198450919086
2025-11-17 05:00:00,2025-11-17,valid_2025_11,0.9978380749201122,1.1847789543686917,1.1143009543914268,1.335157920012021,0.11646287947131481,0.3373198450919086
2025-11-17 06:00:00,2025-11-17,valid_2025_11,1.0330346774238142,1.2199755568723938,1.1436380072601677,1.3598261214541154,0.11060332983635349,0.3267914440303016
2025-11-17 07:00:00,2025-11-17,valid_2025_11,1.0367972639044418,1.223738143353022,1.1608113498119002,1.3508411569134129,0.12401408590745829,0.31404389300897056
2025-11-17 08:00:00,2025-11-17,valid_2025_11,0.6673384814887102,0.8542793609372898,0.8477333674748073,0.9717426653048467,0.1803948859860974,0.3044041838161365
2025-11-17 09:00:00,2025-11-17,valid_2025_11,0.019424631029992256,0.20636551047857188,0.43520143601138417,0.385626009417504,0.4157768049813919,0.36620137838751177
2025-11-17 10:00:00,2025-11-17,valid_2025_11,-0.5462179456424893,-0.3592770661939096,0.11142478913251264,-0.07502335400106253,0.6576427347750019,0.4711945916414265
2025-11-17 11:00:00,2025-11-17,valid_2025_11,-0.8103067743958048,-0.623365894947225,0.027208021763172385,-0.302427091827355,0.837514796158977,0.5078796825684497
2025-11-17 12:00:00,2025-11-17,valid_2025_11,-0.9589542744165938,-0.7720133949680141,-0.0040106347454827995,-0.326764860448633,0.9549436396711107,0.6321894139679605
2025-11-17 13:00:00,2025-11-17,valid_2025_11,-1.0837046779528061,-0.8967637985042265,-0.11967403188298797,-0.43825831966654705,0.9640306460698184,0.6454463582862588
2025-11-17 14:00:00,2025-11-17,valid_2025_11,-0.9958509748235913,-0.8089100953750117,-0.03182032875377305,-0.35491407391899155,0.9640306460698184,0.6409369009045999
2025-11-17 15:00:00,2025-11-17,valid_2025_11,-0.7023078666176897,-0.5153669871691102,0.046867049366001834,-0.1792566676079702,0.7491749159836913,0.5230511990097193
2025-11-17 16:00:00,2025-11-17,valid_2025_11,-0.10217733916112381,0.08476354028745581,0.3980515527454438,0.31359048918895605,0.5002288919065676,0.4157678283500798
2025-11-17 17:00:00,2025-11-17,valid_2025_11,0.3491717422296794,0.536112621678259,0.6361748506564624,0.7156843578802321,0.28700310842678295,0.3665126156505528
2025-11-17 18:00:00,2025-11-17,valid_2025_11,0.4355764086289009,0.6225172880774805,0.7525831985786511,0.8421694234887487,0.3170067899497501,0.4065930148598478
2025-11-17 19:00:00,2025-11-17,valid_2025_11,0.3339364315461104,0.52087731099469,0.6573914629369582,0.76830988731983,0.32345503139084775,0.43437345577371955
2025-11-17 20:00:00,2025-11-17,valid_2025_11,0.31834924951141097,0.5052901289599906,0.6432467260138751,0.7652049161144189,0.32489747650246403,0.4468556666030079
2025-11-17 21:00:00,2025-11-17,valid_2025_11,0.2574846225122849,0.4444255019608645,0.6196266476144532,0.7043402891152928,0.3621420251021683,0.4468556666030079
2025-11-17 22:00:00,2025-11-17,valid_2025_11,0.24203682150605998,0.4289777009546396,0.6330780505333558,0.6915779045881456,0.3910412290272958,0.44954108308208557
2025-11-17 23:00:00,2025-11-17,valid_2025_11,0.3621653852024558,0.5491062646510355,0.7532066142297517,0.8048771945681393,0.3910412290272958,0.44271180936568316
2025-11-18 00:00:00,2025-11-18,valid_2025_11,0.32814396638915266,0.5150848458377323,0.7156055837542535,0.7722109029023042,0.3874616173651009,0.44406693651315154
2025-11-18 01:00:00,2025-11-18,valid_2025_11,0.2857107710158562,0.4726516504644358,0.6756180563372671,0.7366069812454101,0.389907285321411,0.45089621022955395
2025-11-18 02:00:00,2025-11-18,valid_2025_11,0.27689715632093803,0.46383803576951754,0.6676088432537355,0.7320492933599132,0.3907116869327975,0.45515213703897534
2025-11-18 03:00:00,2025-11-18,valid_2025_11,0.24847973146256708,0.4354206109111466,0.6391914183953645,0.7170033808871511,0.3907116869327975,0.4685236494245842
2025-11-18 04:00:00,2025-11-18,valid_2025_11,0.2562871729217401,0.4432280523703198,0.6469988598545375,0.7124114756409916,0.3907116869327975,0.45612430271925175
2025-11-18 05:00:00,2025-11-18,valid_2025_11,0.2927446915975058,0.47968557104608545,0.6834563785303034,0.7488689943167577,0.3907116869327975,0.45612430271925175
2025-11-18 06:00:00,2025-11-18,valid_2025_11,0.3714220387136711,0.5583629181622507,0.7325649971367061,0.8303628921187143,0.3611429584230351,0.45894085340504315
2025-11-18 07:00:00,2025-11-18,valid_2025_11,0.4380417872734458,0.6249826667220254,0.765589762585612,0.883533276263989,0.32754797531216606,0.4454914889905433
2025-11-18 08:00:00,2025-11-18,valid_2025_11,0.24394835779972213,0.43088923724830186,0.6228328300978413,0.6567372227710181,0.37888447229811895,0.41278886497129597
2025-11-18 09:00:00,2025-11-18,valid_2025_11,-0.25640656723669725,-0.06946568778811768,0.3037265286728683,0.15764284981902232,0.5601330959095656,0.41404941705571974
2025-11-18 10:00:00,2025-11-18,valid_2025_11,-0.6757981209679159,-0.4888572415193363,0.09305341134482792,-0.12244224882753574,0.7688515323127441,0.55335587214038
2025-11-18 11:00:00,2025-11-18,valid_2025_11,-0.8385858701579916,-0.6516449907094121,0.1316091694541236,-0.1866190945690263,0.9701950396121154,0.6519667755889651
2025-11-18 12:00:00,2025-11-18,valid_2025_11,-0.848106032707946,-0.6611651532593664,0.10894633629459938,-0.23038983287053572,0.9570523690025456,0.6177161998374103
2025-11-18 13:00:00,2025-11-18,valid_2025_11,-0.7653934733258971,-0.5784525938773175,0.07212132283307993,-0.26772316032963556,0.837514796158977,0.4976703129962618
2025-11-18 14:00:00,2025-11-18,valid_2025_11,-0.5147174825630729,-0.32777660311449325,0.15829111284230535,-0.06758906792276476,0.6730085954053783,0.44712841464030806
2025-11-18 15:00:00,2025-11-18,valid_2025_11,-0.06819694570714563,0.118743933741434,0.47669204576317237,0.32924091849181925,0.5448889914703182,0.397437864198965
2025-11-18 16:00:00,2025-11-18,valid_2025_11,0.5140896543077667,0.7010305337563463,0.7371171115813182,0.7729424099231781,0.22302745727355147,0.25885275561541143
2025-11-18 17:00:00,2025-11-18,valid_2025_11,0.9402086656800391,1.1271495451286189,1.037096922686311,1.1685990260614778,0.09688825700627195,0.2283903603814389
2025-11-18 18:00:00,2025-11-18,valid_2025_11,1.1031696330539296,1.2901105125025092,1.1514025039551203,1.3274934798999034,0.04823287090119096,0.22432384684597406
2025-11-18 19:00:00,2025-11-18,valid_2025_11,1.0813355511128304,1.26827643056141,1.145195666405588,1.339742845949358,0.06386011529275809,0.25840729483652763
2025-11-18 20:00:00,2025-11-18,valid_2025_11,1.0954246062439856,1.2823654856925657,1.1685577246609569,1.363565449129978,0.07313311841697126,0.26814084288599227
2025-11-18 21:00:00,2025-11-18,valid_2025_11,1.1742206463869143,1.3611615258354937,1.2473537648038857,1.444202295491482,0.07313311841697126,0.2699816491045674
2025-11-18 22:00:00,2025-11-18,valid_2025_11,1.1292982285704904,1.3162391080190705,1.2024313469874617,1.397997291400682,0.07313311841697126,0.2686990628301914
2025-11-18 23:00:00,2025-11-18,valid_2025_11,1.0704578699421452,1.2573987493907248,1.1432727781918057,1.3451757211918833,0.0728149082496603,0.27471785124973824
2025-11-19 00:00:00,2025-11-19,valid_2025_11,0.9908681468861271,1.1778090263347067,1.0651068045705419,1.2527143541238734,0.07423865768441466,0.2618462072377463
2025-11-19 01:00:00,2025-11-19,valid_2025_11,0.8435846524018601,1.0305255318504396,0.965388189572617,1.1269053887910547,0.12180353717075691,0.28332073638919464
2025-11-19 02:00:00,2025-11-19,valid_2025_11,0.7431559753514385,0.9300968548000181,0.8987099998041104,1.0520968654412997,0.15555402445267197,0.30894089008986103
2025-11-19 03:00:00,2025-11-19,valid_2025_11,0.687942679260311,0.8748835587088907,0.8778273899596615,1.0089232514736532,0.18988471069935034,0.3209805722133423
2025-11-19 04:00:00,2025-11-19,valid_2025_11,0.6557279541557293,0.8426688336043089,0.8585716016739027,0.9811843870914259,0.20284364751817344,0.32545643293569654
2025-11-19 05:00:00,2025-11-19,valid_2025_11,0.6397185966284924,0.826659476077072,0.8557176481693567,0.9830212813052583,0.21599905154086418,0.343302684676766
2025-11-19 06:00:00,2025-11-19,valid_2025_11,0.6214288252177673,0.8083697046663469,0.8457465863271245,0.9716994088841955,0.22431776110935717,0.35027058366642827
2025-11-19 07:00:00,2025-11-19,valid_2025_11,0.5976640968797303,0.7846049763283099,0.8354214473752716,0.9624734299249095,0.23775735049554114,0.36480933304517926
2025-11-19 08:00:00,2025-11-19,valid_2025_11,0.39198293193931855,0.5789238113878981,0.7171801920374314,0.7596739957392009,0.32519726009811295,0.36769106379988237
2025-11-19 09:00:00,2025-11-19,valid_2025_11,-0.2138075172056177,-0.026866637757038125,0.32566253773719045,0.22993915353168037,0.5394700549428082,0.44374667073729823
2025-11-19 10:00:00,2025-11-19,valid_2025_11,-0.6922165048340613,-0.5052756253854817,0.1176225030864414,-0.16858153292374595,0.8098390079205026,0.5236349719103155
2025-11-19 11:00:00,2025-11-19,valid_2025_11,-0.9493834437946531,-0.7624425643460735,0.0330100120125878,-0.32738254333830813,0.9823934558072408,0.6220009004563452
2025-11-19 12:00:00,2025-11-19,valid_2025_11,-1.0639613114388295,-0.8770204319902499,-0.056745618591210745,-0.4001592390075681,1.0072156928476186,0.6638020724312617
2025-11-19 13:00:00,2025-11-19,valid_2025_11,-1.0724767033294256,-0.885535823880846,-0.06734496844725979,-0.3920023520913933,1.0051317348821658,0.6804743512380323
2025-11-19 14:00:00,2025-11-19,valid_2025_11,-0.860247259881421,-0.6733063804328414,0.14488447500074475,-0.1895467552030224,1.0051317348821658,0.6707005046783986
2025-11-19 15:00:00,2025-11-19,valid_2025_11,-0.4075922045521156,-0.22065132510353597,0.2457488784755475,0.048415141040919485,0.653341083027663,0.456007345593035
2025-11-19 16:00:00,2025-11-19,valid_2025_11,0.201065286050241,0.3880061654988207,0.5744516824442263,0.5641642204875414,0.37338639639398513,0.36309893443730024
2025-11-19 17:00:00,2025-11-19,valid_2025_11,0.7490206731923346,0.9359615526409142,0.9633607010432013,1.0803174374323317,0.2143400278508667,0.3312967642399973
2025-11-19 18:00:00,2025-11-19,valid_2025_11,0.9010887063773304,1.0880295858259101,1.0627573071785035,1.2109507114721505,0.16166860080117293,0.30986200509482
2025-11-19 19:00:00,2025-11-19,valid_2025_11,1.0199907170231475,1.206931596471727,1.1324715466120066,1.302959592938508,0.11248082958885885,0.2829688759153605
2025-11-19 20:00:00,2025-11-19,valid_2025_11,1.0972451503945302,1.2841860298431098,1.1795469851273181,1.3780451914285377,0.08230183473278797,0.280800041034007
2025-11-19 21:00:00,2025-11-19,valid_2025_11,1.1619616027969175,1.348902482245497,1.2392301288896785,1.4080215822442939,0.07726852609276087,0.24605997944737606
2025-11-19 22:00:00,2025-11-19,valid_2025_11,1.2638927898020929,1.4508336692506725,1.3342895798018128,1.483286840122887,0.07039678999971977,0.2193940503207939
2025-11-19 23:00:00,2025-11-19,valid_2025_11,1.4581850344786975,1.6451259139272771,1.5235504419007242,1.6579463176927844,0.06536540742202665,0.19976128321408698
2025-11-20 00:00:00,2025-11-20,valid_2025_11,1.5152011671934817,1.7021420466420614,1.5577668627905654,1.6955677652572627,0.04256569559708374,0.18036659806378083
2025-11-20 01:00:00,2025-11-20,valid_2025_11,1.5574465926529468,1.7443874721015264,1.5960919924158903,1.7247368035702575,0.038645399762943684,0.16729021091731114
2025-11-20 02:00:00,2025-11-20,valid_2025_11,1.5906443484828845,1.7775852279314641,1.6292897482458284,1.745092700686341,0.038645399762943684,0.15444835220345637
2025-11-20 03:00:00,2025-11-20,valid_2025_11,1.5832727576360244,1.770213637084604,1.622321351143244,1.7355259052986443,0.03904859350721952,0.15225314766262013
2025-11-20 04:00:00,2025-11-20,valid_2025_11,1.6188571725107774,1.805798051959357,1.6591606620844406,1.7729520919427557,0.04030348957366317,0.15409491943197812
2025-11-20 05:00:00,2025-11-20,valid_2025_11,1.632953240523869,1.8198941199724485,1.6747418602561859,1.7983576540386288,0.04178861973231712,0.16540441351475998
2025-11-20 06:00:00,2025-11-20,valid_2025_11,1.6417656279644484,1.828706507413028,1.6859756277173799,1.816187996674406,0.04420999975293132,0.17442236870995714
2025-11-20 07:00:00,2025-11-20,valid_2025_11,1.6084854707717642,1.7954263502203438,1.6557666808435414,1.7912734405079482,0.047281210071777255,0.18278796973618397
2025-11-20 08:00:00,2025-11-20,valid_2025_11,1.296973956469848,1.4839148359184273,1.3523727505510033,1.4774689992054673,0.055398794081155646,0.1804950427356197
2025-11-20 09:00:00,2025-11-20,valid_2025_11,0.6113069573977177,0.7982478368462973,0.8507233890961332,0.8118466277914651,0.23941643169841542,0.20053967039374743
2025-11-20 10:00:00,2025-11-20,valid_2025_11,0.054328971679017846,0.24126985112759747,0.5076845308503054,0.3137346682229174,0.45335555917128767,0.25940569654389944
2025-11-20 11:00:00,2025-11-20,valid_2025_11,-0.25430603377486427,-0.06736515432628465,0.34277694650018986,0.049339756863548634,0.5970829802750541,0.3036457906384129
2025-11-20 12:00:00,2025-11-20,valid_2025_11,-0.432243536488891,-0.2453026570403114,0.22217336177409197,-0.07437802458034226,0.6544168982629829,0.35786551190854876
2025-11-20 13:00:00,2025-11-20,valid_2025_11,-0.5552317781166748,-0.36829089866809517,0.18403939648929446,-0.11443014786779859,0.7392711746059693,0.44080163024887603
2025-11-20 14:00:00,2025-11-20,valid_2025_11,-0.4435239324047421,-0.25658305295616246,0.21423521510200427,-0.03134535394497584,0.6577591475067461,0.4121785784597663
2025-11-20 15:00:00,2025-11-20,valid_2025_11,-0.07443174839220568,0.11250913105637395,0.4672281270961276,0.307858501171981,0.541659875488333,0.3822902495641866
2025-11-20 16:00:00,2025-11-20,valid_2025_11,0.4327446069032078,0.6196854863517874,0.6954146414519425,0.7265972790650504,0.2626700345487348,0.2938526721618426
2025-11-20 17:00:00,2025-11-20,valid_2025_11,0.9128870036241425,1.099827883072722,1.01044895899558,1.1834514610113382,0.09756195537143732,0.2705644573871955
2025-11-20 18:00:00,2025-11-20,valid_2025_11,1.043230355826238,1.2301712352748175,1.1240630866456505,1.3210592621571051,0.08083273081941232,0.27782890633086704
2025-11-20 19:00:00,2025-11-20,valid_2025_11,0.9119201025272387,1.0988609819758177,1.0373424413394186,1.1982617164756006,0.1254223388121805,0.2863416139483621
2025-11-20 20:00:00,2025-11-20,valid_2025_11,0.8403988754604558,1.0273397549090353,0.9684423633334976,1.1556882769225196,0.1280434878730419,0.3152894014620637
2025-11-20 21:00:00,2025-11-20,valid_2025_11,0.8467746370724264,1.033715516521006,1.0360923057203926,1.1667079535228053,0.18931766864796623,0.3199333164503789
2025-11-20 22:00:00,2025-11-20,valid_2025_11,0.8535762559399512,1.040517135388531,1.0616481874808854,1.1863254691456309,0.2080719315409342,0.3327492132056799
2025-11-20 23:00:00,2025-11-20,valid_2025_11,0.8479026591318064,1.034843538580386,1.0559745906727405,1.17859486562369,0.2080719315409342,0.3306922064918836
2025-11-21 00:00:00,2025-11-21,valid_2025_11,0.8340134711358222,1.0209543505844019,1.04523766627265,1.1597556909440092,0.21122419513682777,0.32574221980818696
2025-11-21 01:00:00,2025-11-21,valid_2025_11,0.7992329078529647,0.9861737873015444,1.0053644811240445,1.128821684220722,0.2061315732710797,0.32958877636775724
2025-11-21 02:00:00,2025-11-21,valid_2025_11,0.798537580609026,0.9854784600576056,0.9694322504432873,1.1068610273064434,0.17089466983426135,0.30832344669741746
2025-11-21 03:00:00,2025-11-21,valid_2025_11,0.8359707664841167,1.0229116459326963,0.9583235336057145,1.1475881735003373,0.1223527671215978,0.3116174070162205
2025-11-21 04:00:00,2025-11-21,valid_2025_11,0.9026424103702162,1.0895832898187958,1.0264956369851714,1.1989890210242466,0.12385322661495533,0.2963466106540304
2025-11-21 05:00:00,2025-11-21,valid_2025_11,0.9623039774732487,1.1492448569218283,1.05713556869407,1.2443324962266171,0.09483159122082134,0.28202851875336854
2025-11-21 06:00:00,2025-11-21,valid_2025_11,1.0609874988539363,1.247928378302516,1.1443434524985334,1.3396246470484927,0.08335595364459708,0.2786371481945565
2025-11-21 07:00:00,2025-11-21,valid_2025_11,1.127505560625641,1.3144464400742206,1.2322811478452673,1.405047416011848,0.10477558721962611,0.2775418553862067
2025-11-21 08:00:00,2025-11-21,valid_2025_11,0.8949901289238733,1.081931008372453,1.0367227129456902,1.1771058994524215,0.14173258402181688,0.2821157705285481
2025-11-21 09:00:00,2025-11-21,valid_2025_11,0.32588266260894116,0.5128235420575207,0.6515194274967813,0.6383937279869434,0.3256367648878402,0.31251106537800233
2025-11-21 10:00:00,2025-11-21,valid_2025_11,-0.14726175455026574,0.03967912489831382,0.4485786078893025,0.21820226366047846,0.5958403624395683,0.36546401821074415
2025-11-21 11:00:00,2025-11-21,valid_2025_11,-0.354171751727886,-0.1672308722793064,0.3040968227898758,0.055429938600148554,0.658268574517762,0.4096016903280345
2025-11-21 12:00:00,2025-11-21,valid_2025_11,-0.44838193104374835,-0.2614410515951687,0.3046081657849128,-8.71841554782593e-05,0.7529900968286611,0.44829474688827026
2025-11-21 13:00:00,2025-11-21,valid_2025_11,-0.4839298789324358,-0.29698899948385615,0.270172528541355,-0.03290081412060908,0.7541024074737905,0.45102906481182686
2025-11-21 14:00:00,2025-11-21,valid_2025_11,-0.33383316685960496,-0.14689228741102534,0.32604278598399683,0.07922330116355447,0.6598759528436019,0.41305646802315943
2025-11-21 15:00:00,2025-11-21,valid_2025_11,0.054772536461460075,0.2417134159100397,0.5878127876390534,0.43229382997115773,0.533040251177593,0.37752129350969765
2025-11-21 16:00:00,2025-11-21,valid_2025_11,0.6784638927137783,0.8654047721623579,0.9028480861432002,0.9263044907294877,0.22438419342942206,0.24784059801570935
2025-11-21 17:00:00,2025-11-21,valid_2025_11,1.1488925713433302,1.3358334507919098,1.253194563814256,1.4046674645074366,0.10430199247092561,0.2557748931641065
2025-11-21 18:00:00,2025-11-21,valid_2025_11,1.1850057575160469,1.3719466369646265,1.267924637364316,1.4560932757901488,0.08291887984826925,0.2710875182741019
2025-11-21 19:00:00,2025-11-21,valid_2025_11,1.0729221966544007,1.25986307610298,1.1940243277408173,1.347584963821518,0.12110213108641668,0.2746627671671176
2025-11-21 20:00:00,2025-11-21,valid_2025_11,0.9212596833673448,1.1082005628159244,1.0755425010347002,1.2239769059373227,0.15428281766735566,0.30271722256997774
2025-11-21 21:00:00,2025-11-21,valid_2025_11,0.8374406665378685,1.024381545986448,1.0435897889805803,1.157636346040178,0.20614912244271189,0.32019567950230937
2025-11-21 22:00:00,2025-11-21,valid_2025_11,0.7102773056495811,0.8972181850981608,0.9527766232053548,1.0670264873230133,0.24249931755577375,0.35674918167343206
2025-11-21 23:00:00,2025-11-21,valid_2025_11,0.6239883518023012,0.8109292312508808,0.8664876693580749,0.9833227897944358,0.24249931755577375,0.35933443799213455
2025-11-22 00:00:00,2025-11-22,valid_2025_11,0.4347594078833745,0.6217002873319541,0.7104431128071036,0.8346832706204557,0.27568370492372885,0.3999238627370809
2025-11-22 01:00:00,2025-11-22,valid_2025_11,0.35730388012248226,0.5442447595710619,0.6735036545458882,0.7970712896784758,0.3161997744234059,0.4397674095559935
2025-11-22 02:00:00,2025-11-22,valid_2025_11,0.34696864536953476,0.5339095248181144,0.6652306584729989,0.7932534693336161,0.31826201310346414,0.4462848239640813
2025-11-22 03:00:00,2025-11-22,valid_2025_11,0.34940053750283595,0.5363414169514156,0.6960743842523125,0.805000237170916,0.3466738467494765,0.45559969966808006
2025-11-22 04:00:00,2025-11-22,valid_2025_11,0.3164612063722334,0.503402085820813,0.6797546468675575,0.7747463225193911,0.363293440495324,0.4582851161471577
2025-11-22 05:00:00,2025-11-22,valid_2025_11,0.2789575410336883,0.4658984204822679,0.6474096199563409,0.7387176279747955,0.3684520789226526,0.4597600869411072
2025-11-22 06:00:00,2025-11-22,valid_2025_11,0.29009627673443517,0.4770371561830148,0.6585483556570878,0.7498563636755423,0.3684520789226526,0.4597600869411072
2025-11-22 07:00:00,2025-11-22,valid_2025_11,0.27329832063351245,0.4602392000820922,0.6428660048178093,0.7439673814727671,0.36956768418429703,0.4706690608392546
2025-11-22 08:00:00,2025-11-22,valid_2025_11,0.051415469878772324,0.23835634932735195,0.4888071837064294,0.5221837261452975,0.4373917138276572,0.47076825626652546
2025-11-22 09:00:00,2025-11-22,valid_2025_11,-0.527358903540622,-0.34041802409204236,0.10510745194525206,0.034934131816811376,0.6324663554858739,0.5622930353574331
2025-11-22 10:00:00,2025-11-22,valid_2025_11,-1.01052665752868,-0.8235857780801003,-0.01203625797493213,-0.29919127513819965,0.9984903995537476,0.71133538239048
2025-11-22 11:00:00,2025-11-22,valid_2025_11,-1.2753260665441448,-1.0883851870955652,-0.2599887321131768,-0.5578664523100364,1.0153373344309682,0.7174596142341082
2025-11-22 12:00:00,2025-11-22,valid_2025_11,-1.3937738177625683,-1.2068329383139886,-0.36821089307407767,-0.6531523836636403,1.0255629246884908,0.7406214340989277
2025-11-22 13:00:00,2025-11-22,valid_2025_11,-1.4304958974093638,-1.2435550179607842,-0.40086283653389415,-0.6802966701650273,1.0296330608754696,0.7501992272443366
2025-11-22 14:00:00,2025-11-22,valid_2025_11,-1.3064765868149624,-1.1195357073663827,-0.2825826356400607,-0.5781722177916104,1.0238939511749015,0.728304369023352
2025-11-22 15:00:00,2025-11-22,valid_2025_11,-0.8825345493176244,-0.6955936698690448,0.13760124749747193,-0.17087166262720022,1.0201357968150964,0.7116628866904244
2025-11-22 16:00:00,2025-11-22,valid_2025_11,-0.43192182053008477,-0.24498094108150514,0.19744652042243693,0.10430767404887797,0.6293683409525217,0.5362294945789625
2025-11-22 17:00:00,2025-11-22,valid_2025_11,0.02648975893625727,0.2134306383848369,0.4709445559704797,0.49070571330079327,0.4444547970342226,0.4642159543645361
2025-11-22 18:00:00,2025-11-22,valid_2025_11,0.23285485518746185,0.4197957346360415,0.6812266201009869,0.700257326072615,0.448371764913525,0.46740247088515313
2025-11-22 19:00:00,2025-11-22,valid_2025_11,0.2903049099720265,0.477245789420606,0.7386766748855514,0.783877976526112,0.448371764913525,0.49357306655408556
2025-11-22 20:00:00,2025-11-22,valid_2025_11,0.3226895221415036,0.5096304015900832,0.7646132893504716,0.8213580150991162,0.4419237672089681,0.4986684929576126
2025-11-22 21:00:00,2025-11-22,valid_2025_11,0.3222783919380148,0.5092192713865944,0.7226735798255888,0.8210965387911657,0.400395187887574,0.49881814685315096
2025-11-22 22:00:00,2025-11-22,valid_2025_11,0.2957765357804186,0.48271741522899814,0.6980414294415072,0.7746519284948383,0.40226489366108864,0.47887539271441976
2025-11-22 23:00:00,2025-11-22,valid_2025_11,0.32724701878955875,0.5141878982381384,0.7179766585529724,0.7984386765177255,0.39072963976341346,0.47119165772816657
2025-11-23 00:00:00,2025-11-23,valid_2025_11,0.3743411508194655,0.5612820302680451,0.7594114192047546,0.8414620882061193,0.3850702683852891,0.4671209373866539
2025-11-23 01:00:00,2025-11-23,valid_2025_11,0.3780667443478817,0.5650076237964614,0.7620651536225269,0.8375348779204754,0.38399840927464507,0.4594681335725937
2025-11-23 02:00:00,2025-11-23,valid_2025_11,0.3807786257924717,0.5677195052410513,0.7583290373625597,0.8409892089529682,0.3775504115700882,0.4602105831604966
2025-11-23 03:00:00,2025-11-23,valid_2025_11,0.389995481198701,0.5769363606472806,0.7632550099770148,0.8502060643591975,0.37325952877831386,0.4602105831604966
2025-11-23 04:00:00,2025-11-23,valid_2025_11,0.4203223384861533,0.6072632179347329,0.7702383686839719,0.8733157291471744,0.3499160301978185,0.45299339066102107
2025-11-23 05:00:00,2025-11-23,valid_2025_11,0.4761119181503586,0.6630527975989382,0.8260279483481772,0.941310521986171,0.3499160301978185,0.4651986038358124
2025-11-23 06:00:00,2025-11-23,valid_2025_11,0.4731098787156732,0.6600507581642528,0.7944155490272123,0.9366485727475257,0.32130567031153917,0.4635386940318524
2025-11-23 07:00:00,2025-11-23,valid_2025_11,0.4953147667891301,0.6822556462377097,0.8166204371006694,0.9386370079836747,0.32130567031153917,0.4433222411945446
2025-11-23 08:00:00,2025-11-23,valid_2025_11,0.30079127233069136,0.4877321517792709,0.6803357283607935,0.7393682329726904,0.379544456030102,0.43857696064199886
2025-11-23 09:00:00,2025-11-23,valid_2025_11,-0.24074697719601035,-0.053806097747430726,0.33923558310135393,0.26251811350000576,0.5799825602973642,0.5032650906960161
2025-11-23 10:00:00,2025-11-23,valid_2025_11,-0.7240174699044285,-0.5370765904558489,0.12236149705927535,-0.13001372766218722,0.8463789669637041,0.5940037422422412
2025-11-23 11:00:00,2025-11-23,valid_2025_11,-0.9465006233528761,-0.7595597439042965,0.06745767993663077,-0.2316477939905,1.0139583032895072,0.7148528293623762
2025-11-23 12:00:00,2025-11-23,valid_2025_11,-1.045144346628578,-0.8582034671799983,-0.024801943170509766,-0.2988648046119859,1.0203424034580684,0.7462795420165921
2025-11-23 13:00:00,2025-11-23,valid_2025_11,-1.0566149669669378,-0.8696740875183582,-0.040342222399346817,-0.3075409547651162,1.0162727445675908,0.7490740122018213
2025-11-23 14:00:00,2025-11-23,valid_2025_11,-0.8594551548667676,-0.672514275418188,0.15159271855571432,-0.12740204204533445,1.011047873422482,0.7320531128214333
2025-11-23 15:00:00,2025-11-23,valid_2025_11,-0.4076574243541195,-0.22071654490553988,0.2435870028094571,0.13857871241471975,0.6512444271635766,0.5462361367688395
2025-11-23 16:00:00,2025-11-23,valid_2025_11,0.11178761724395325,0.2987284966925329,0.5462290181903268,0.5166444966736713,0.43444140094637346,0.40485687942971793
2025-11-23 17:00:00,2025-11-23,valid_2025_11,0.6092083524784172,0.7961492319269968,0.8730715314905869,0.9889022910940021,0.26386317901216977,0.37969393861558476
2025-11-23 18:00:00,2025-11-23,valid_2025_11,0.7153055419975797,0.9022464214461593,0.978108335098958,1.0920436538034997,0.26280279310137833,0.37673811180592004
2025-11-23 19:00:00,2025-11-23,valid_2025_11,0.6806748790661004,0.86761575851468,0.9434776721674789,1.0577577551530253,0.26280279310137833,0.3770828760869244
2025-11-23 20:00:00,2025-11-23,valid_2025_11,0.6646939237107036,0.8516348031592832,0.935325836555628,1.0401044555390744,0.2706319128449244,0.3754105318283706
2025-11-23 21:00:00,2025-11-23,valid_2025_11,0.6818348097382891,0.8687756891868688,0.9425898716860321,1.057952295496611,0.2607550619477431,0.3761174857583218
2025-11-23 22:00:00,2025-11-23,valid_2025_11,0.6586021838171345,0.8455430632657142,0.919172663517194,1.0296138180853307,0.26057047970005937,0.37101163426819606
2025-11-23 23:00:00,2025-11-23,valid_2025_11,0.6432467775304143,0.8301876569789939,0.9318311085506883,1.0499598707507194,0.2885843310202738,0.406713093220305
2025-11-24 00:00:00,2025-11-24,valid_2025_11,0.4158707363553291,0.6028116158039087,0.7924846719349032,0.930075339364814,0.376613935579574,0.5142046030094847
2025-11-24 01:00:00,2025-11-24,valid_2025_11,0.32070838299462845,0.5076492624432081,0.7242481924819424,0.8530514428355005,0.403539809487314,0.532343059840872
2025-11-24 02:00:00,2025-11-24,valid_2025_11,0.2903604870613682,0.4773013665099478,0.6939002965486821,0.8192543568903036,0.403539809487314,0.5288938698289354
2025-11-24 03:00:00,2025-11-24,valid_2025_11,0.25854234043025803,0.44548321987883754,0.6651643959715735,0.7843137026999442,0.40662205554131564,0.5257713622696862
2025-11-24 04:00:00,2025-11-24,valid_2025_11,0.23438348812742738,0.421324367576007,0.6440453112381335,0.7714471127716895,0.409661823110706,0.5370636246442622
2025-11-24 05:00:00,2025-11-24,valid_2025_11,0.265341680111154,0.4522825595597336,0.6698890520752859,0.7991502187258953,0.4045473719641318,0.5338085386147414
2025-11-24 06:00:00,2025-11-24,valid_2025_11,0.3305474563506148,0.5174883357991944,0.7333920082023719,0.8546088372372909,0.40284455185175716,0.5240613808866761
2025-11-24 07:00:00,2025-11-24,valid_2025_11,0.38815828145355846,0.5750991609021381,0.7927056534176904,0.9015741756472666,0.4045473719641318,0.5134158941937081
2025-11-24 08:00:00,2025-11-24,valid_2025_11,0.24909300798785616,0.4360338874364358,0.6596212704351172,0.791427422525729,0.4105282624472611,0.5423344145378728
2025-11-24 09:00:00,2025-11-24,valid_2025_11,-0.12277645259332137,0.06416442685525825,0.42309336731768377,0.4362931712066558,0.5458698199110049,0.559069623799977
2025-11-24 10:00:00,2025-11-24,valid_2025_11,-0.4976598745084757,-0.3107189950598961,0.1638831447181588,0.11522435639873252,0.6615430192266345,0.6128842309072082
2025-11-24 11:00:00,2025-11-24,valid_2025_11,-0.7187525487910953,-0.5318116693425157,0.156136665394359,-0.07749877340087408,0.8748892141854543,0.6412537753902214
2025-11-24 12:00:00,2025-11-24,valid_2025_11,-0.8581830180836055,-0.6712421386350259,0.17451025260022512,-0.1152450457961407,1.0326932706838308,0.7429379722874647
2025-11-24 13:00:00,2025-11-24,valid_2025_11,-0.8952369823680151,-0.7082961029194355,0.13543625847572605,-0.18039257829817096,1.0306732408437411,0.7148444040698441
2025-11-24 14:00:00,2025-11-24,valid_2025_11,-0.7402465059583058,-0.5533056265097261,0.13180363762634617,-0.11308449972978607,0.872050143584652,0.6271620062285198
2025-11-24 15:00:00,2025-11-24,valid_2025_11,-0.3392656958512054,-0.1523248164026258,0.2821379015809241,0.15531756866718804,0.6214035974321296,0.49458326451839324
2025-11-24 16:00:00,2025-11-24,valid_2025_11,0.28059838008462756,0.4675392595332072,0.6424072823897705,0.6293035056196997,0.36180890230514295,0.3487051255350722
2025-11-24 17:00:00,2025-11-24,valid_2025_11,0.8541742794470302,1.0411151588956098,1.1006263450084997,1.203700619268238,0.2464520655614694,0.3495263398212076
2025-11-24 18:00:00,2025-11-24,valid_2025_11,1.0763060875104928,1.2632469669590725,1.2134252686169877,1.411211528469933,0.1371191811064946,0.3349054409594401
2025-11-24 19:00:00,2025-11-24,valid_2025_11,1.0982099476268536,1.2851508270754333,1.233055059155439,1.4358271831431368,0.13484511152858525,0.3376172355162832
2025-11-24 20:00:00,2025-11-24,valid_2025_11,1.059300550104269,1.2462414295528486,1.201036722171659,1.3760026963212033,0.1417361720673897,0.3167021462169344
2025-11-24 21:00:00,2025-11-24,valid_2025_11,1.0041785968003556,1.1911194762489352,1.1782591153645028,1.3281047585362913,0.17408051856414716,0.32392616173593564
2025-11-24 22:00:00,2025-11-24,valid_2025_11,0.8905162608929031,1.0774571403414828,1.1247953628649503,1.2332597253980682,0.23427910197204724,0.3427434645051649
2025-11-24 23:00:00,2025-11-24,valid_2025_11,0.7555438806470068,0.9424847600955865,1.0100328852565847,1.1132509872357965,0.254489004609578,0.35770710658879007
2025-11-25 00:00:00,2025-11-25,valid_2025_11,0.6313112031197076,0.8182520825682872,0.8805221634792714,0.9907157896135351,0.24921096035956383,0.3594045864938276
2025-11-25 01:00:00,2025-11-25,valid_2025_11,0.5785617077746896,0.7655025872232692,0.82841750268304,0.9416266653353618,0.24985579490835036,0.3630649575606722
2025-11-25 02:00:00,2025-11-25,valid_2025_11,0.45763893519905985,0.6445798146476395,0.7375766007936014,0.8668030838363908,0.2799376655945416,0.40916414863733086
2025-11-25 03:00:00,2025-11-25,valid_2025_11,0.40049972640630194,0.5874406058548816,0.7098852787477348,0.8388332546614845,0.30938555234143295,0.43833352825518257
2025-11-25 04:00:00,2025-11-25,valid_2025_11,0.3810528294761635,0.567993708924743,0.6970918545921899,0.8266048101829161,0.3160390251160263,0.44555198070675256
2025-11-25 05:00:00,2025-11-25,valid_2025_11,0.36480801443793,0.5517488938865097,0.7041854083309039,0.81691482555185,0.33937739389297383,0.45210681111391987
2025-11-25 06:00:00,2025-11-25,valid_2025_11,0.37218416365804874,0.5591250431066284,0.7126334166616666,0.8242909747719687,0.3404492530036179,0.45210681111391987
2025-11-25 07:00:00,2025-11-25,valid_2025_11,0.34093967076929077,0.5278805502178704,0.7030142499852999,0.79170092839942,0.36207457921600894,0.45076125763012886
2025-11-25 08:00:00,2025-11-25,valid_2025_11,0.009178985843775411,0.19611986529235503,0.4399352281582658,0.4776413835009068,0.43075624231449033,0.4684623976571311
2025-11-25 09:00:00,2025-11-25,valid_2025_11,-0.5418675043335888,-0.3549266248850092,0.08226795561073807,0.013369076059832286,0.6241354599443271,0.5552365803934214
2025-11-25 10:00:00,2025-11-25,valid_2025_11,-1.0593959252985963,-0.8724550458500168,-0.06090552574484853,-0.3558847863805337,0.9984903995537476,0.7035111389180626
2025-11-25 11:00:00,2025-11-25,valid_2025_11,-1.3043721962680646,-1.117431316819485,-0.29247486378022347,-0.5963799518196347,1.0118973324878413,0.7079922444484299
2025-11-25 12:00:00,2025-11-25,valid_2025_11,-1.4152875863212475,-1.228346706872668,-0.3974494722583495,-0.6999100828037139,1.017838114062898,0.7153775035175335
2025-11-25 13:00:00,2025-11-25,valid_2025_11,-1.4625144371417897,-1.2755735576932101,-0.44926106067627436,-0.7440043709550233,1.0132533764655156,0.7185100661867666
2025-11-25 14:00:00,2025-11-25,valid_2025_11,-1.3155177695286986,-1.128576890080119,-0.2997636134312531,-0.5948042542276533,1.0157541560974452,0.7207135153010452
2025-11-25 15:00:00,2025-11-25,valid_2025_11,-0.9419231399913033,-0.7549822605427238,0.07414299793331536,-0.2337322034269141,1.0160661379246188,0.7081909365643893
2025-11-25 16:00:00,2025-11-25,valid_2025_11,-0.3546221540702156,-0.16768127462163596,0.26669537503562657,0.1653529804492676,0.6213175291058421,0.519975134519483
2025-11-25 17:00:00,2025-11-25,valid_2025_11,0.15751949695782252,0.34446037640640215,0.5901319912860561,0.6213751328316226,0.43261249432823345,0.46385563587379985
2025-11-25 18:00:00,2025-11-25,valid_2025_11,0.29071481292117596,0.47765569236975547,0.6738441922086718,0.7529774620952274,0.383129379287496,0.4622626491740516
2025-11-25 19:00:00,2025-11-25,valid_2025_11,0.16115146851239515,0.3480923479609749,0.5568951014540239,0.6221797599517157,0.39574363294162856,0.46102829143932034
2025-11-25 20:00:00,2025-11-25,valid_2025_11,0.22926075319534311,0.41620163264392296,0.6057268284113649,0.6808790020422099,0.3764660752160216,0.4516182488468665
2025-11-25 21:00:00,2025-11-25,valid_2025_11,0.2505066296640738,0.4374475091126533,0.6300542714590529,0.7438298817429212,0.3795476417949793,0.49332325207884753
2025-11-25 22:00:00,2025-11-25,valid_2025_11,0.27395314848427177,0.4608940279328513,0.6559104741843536,0.7954975601751142,0.381957325700082,0.5215444116908425
2025-11-25 23:00:00,2025-11-25,valid_2025_11,0.3499212439865723,0.5368621234351519,0.7326159257357466,0.8450779098252655,0.3826946817491744,0.49515666583869306
2025-11-26 00:00:00,2025-11-26,valid_2025_11,0.5323015827290039,0.7192424621775835,0.8624168611319678,0.9789512204100437,0.3301152784029642,0.44664963768104
2025-11-26 01:00:00,2025-11-26,valid_2025_11,0.5063318289882898,0.6932727084368694,0.8069704946099944,0.9420736789304379,0.3006386656217046,0.43574184994214826
2025-11-26 02:00:00,2025-11-26,valid_2025_11,0.5473706881106932,0.7343115675592728,0.8223737534709794,0.9218569769070486,0.2750030653602862,0.3744862887963554
2025-11-26 03:00:00,2025-11-26,valid_2025_11,0.5561041806294944,0.743045060078074,0.8277814204700971,0.9214176396149474,0.27167723984060266,0.36531345898545303
2025-11-26 04:00:00,2025-11-26,valid_2025_11,0.5802628576102768,0.7672037370588565,0.8558188509298885,0.9623070496523936,0.27555599331961156,0.3820441920421167
2025-11-26 05:00:00,2025-11-26,valid_2025_11,0.6234967487785987,0.8104376282271784,0.896235587466625,1.0078183717787152,0.27273883868802623,0.38432162300011663
2025-11-26 06:00:00,2025-11-26,valid_2025_11,0.636790367776181,0.8237312472247607,0.9045772971499675,1.0235476570829953,0.26778692937378656,0.3867572893068143
2025-11-26 07:00:00,2025-11-26,valid_2025_11,0.5827292881871129,0.7696701676356925,0.8461168587665435,0.9737057876667103,0.2633875705794308,0.39097649947959756
2025-11-26 08:00:00,2025-11-26,valid_2025_11,0.35920191661841794,0.5461427960669976,0.6869044701570031,0.7894038318974512,0.3277025535385854,0.43020191527903323
2025-11-26 09:00:00,2025-11-26,valid_2025_11,-0.005153065646457122,0.1817878138021225,0.45201140246806637,0.45257733868381544,0.4571644681145235,0.4577304043302725
2025-11-26 10:00:00,2025-11-26,valid_2025_11,-0.3243899706888967,-0.13744909124031707,0.2856424883605706,0.23491865682728186,0.6100324590494673,0.5593086275161785
2025-11-26 11:00:00,2025-11-26,valid_2025_11,-0.540396902991643,-0.3534560235430634,0.19789787371548961,0.1246435312991877,0.7382947767071327,0.6650404342908308
2025-11-26 12:00:00,2025-11-26,valid_2025_11,-0.6850517940043084,-0.49811091455572876,0.1834400998880683,-0.003791416322473262,0.8684918938923769,0.6812603776818351
2025-11-26 13:00:00,2025-11-26,valid_2025_11,-0.7453851951967941,-0.5584443157482145,0.1288458083961509,-0.048747933029592905,0.8742310035929449,0.6966372621672013
2025-11-26 14:00:00,2025-11-26,valid_2025_11,-0.6602523149366379,-0.4733114354880583,0.11398502517105191,0.03434884819414208,0.7742373401076899,0.69460116313078
2025-11-26 15:00:00,2025-11-26,valid_2025_11,-0.44002292642032104,-0.2530820469717414,0.22172123550763367,0.17773613795222576,0.6617441619279548,0.6177590643725467
2025-11-26 16:00:00,2025-11-26,valid_2025_11,-0.18403906064230635,0.002901818806273271,0.35127674761069727,0.3776266472121379,0.5353158082530036,0.5616657078544443
2025-11-26 17:00:00,2025-11-26,valid_2025_11,0.10962221462421373,0.29656309407279335,0.5069458423707806,0.6528816104856879,0.39732362774656693,0.5432593958614742
2025-11-26 18:00:00,2025-11-26,valid_2025_11,0.3442658806714607,0.5312067601200403,0.7381054502247,0.8965862640475875,0.3938395695532392,0.5523203833761268
2025-11-26 19:00:00,2025-11-26,valid_2025_11,0.38819790423649614,0.5751387836850758,0.769685285515502,0.9400610241276369,0.3814873812790059,0.5518631198911408
2025-11-26 20:00:00,2025-11-26,valid_2025_11,0.4522160489201211,0.6391569283687007,0.7774105555048793,0.9301335002972898,0.3251945065847581,0.47791745137716873
2025-11-26 21:00:00,2025-11-26,valid_2025_11,0.6113290479758158,0.7982699274243954,0.9227926759643363,1.0598800103877453,0.31146362798852056,0.4485509624119296
2025-11-26 22:00:00,2025-11-26,valid_2025_11,0.6780762556647746,0.8650171351133542,0.9704007192934625,1.0713346481293826,0.29232446362868797,0.39325839246460803
2025-11-26 23:00:00,2025-11-26,valid_2025_11,0.6581095288611414,0.845050408309721,0.9434886751477902,1.0511700691573147,0.28537914628664857,0.3930605402961733
2025-11-27 00:00:00,2025-11-27,valid_2025_11,0.4945226617744767,0.6814635412230563,0.7814909993945016,0.8923991625724439,0.28696833762002494,0.3978765007979673
2025-11-27 01:00:00,2025-11-27,valid_2025_11,0.4814702859154876,0.6684111653640672,0.7525588342617817,0.8633246189861632,0.2710885483462941,0.38185433307067573
2025-11-27 02:00:00,2025-11-27,valid_2025_11,0.4487218804955886,0.6356627599441682,0.7143286035957968,0.8331575398035176,0.2656067231002082,0.38443565930792895
2025-11-27 03:00:00,2025-11-27,valid_2025_11,0.42177786213193746,0.6087187415805171,0.6832143096069392,0.7832080659039811,0.26143644747500183,0.3614302037720437
2025-11-27 04:00:00,2025-11-27,valid_2025_11,0.456179554468211,0.6431204339167906,0.7498631214154563,0.864836263342333,0.2936835669472453,0.4086567088741221
2025-11-27 05:00:00,2025-11-27,valid_2025_11,0.4498507791652103,0.63679165861379,0.7873448931700785,0.8625621900739361,0.3374941140048681,0.41271141090872576
2025-11-27 06:00:00,2025-11-27,valid_2025_11,0.4318679966612271,0.6188088761098067,0.7792214607806489,0.8734551412921745,0.34735346411942175,0.4415871446309474
2025-11-27 07:00:00,2025-11-27,valid_2025_11,0.40463101515470645,0.5915718946032861,0.7531759961399785,0.8503125294786685,0.3485449809852721,0.4456815143239623
2025-11-27 08:00:00,2025-11-27,valid_2025_11,0.14694529825291125,0.33388617770149076,0.5499566992675351,0.6095931935597221,0.4030114010146239,0.4626478953068109
2025-11-27 09:00:00,2025-11-27,valid_2025_11,-0.4126032593393717,-0.22566237989079208,0.1697580733589843,0.08807279191753214,0.5823613326983562,0.500676051256904
2025-11-27 10:00:00,2025-11-27,valid_2025_11,-0.898810045714327,-0.7118691662657474,0.1131859560233136,-0.19026066618404153,1.0119960017376404,0.7085493795302853
2025-11-27 11:00:00,2025-11-27,valid_2025_11,-1.1793193621983689,-0.9923784827497892,-0.15741111194849222,-0.46946756517079513,1.0219082502498766,0.709851797027574
2025-11-27 12:00:00,2025-11-27,valid_2025_11,-1.2970807275973208,-1.1101398481487412,-0.27318677642241956,-0.5708415058063161,1.0238939511749015,0.7262392217910048
2025-11-27 13:00:00,2025-11-27,valid_2025_11,-1.305262130985723,-1.1183212515371432,-0.28136817981082124,-0.5790229091947181,1.0238939511749015,0.7262392217910048
2025-11-27 14:00:00,2025-11-27,valid_2025_11,-1.1110889299799793,-0.9241480505313997,-0.0912651149920567,-0.39037541467893405,1.0198238149879228,0.7207135153010452
2025-11-27 15:00:00,2025-11-27,valid_2025_11,-0.6904410184499546,-0.503500139001375,0.15318443820450922,-0.0756145673255112,0.8436254566544638,0.6148264511244432
2025-11-27 16:00:00,2025-11-27,valid_2025_11,-0.10936589378945871,0.07757498565912091,0.3988452105301099,0.35033212654309454,0.5082111043195687,0.4596980203325533
2025-11-27 17:00:00,2025-11-27,valid_2025_11,0.38261021523206495,0.5695510946806446,0.7339660040310829,0.8180163599254424,0.35135578879901797,0.4354061446933774
2025-11-27 18:00:00,2025-11-27,valid_2025_11,0.5240344468589363,0.7109753263075159,0.8463857400675113,0.9628972393979333,0.322351293208575,0.4388627925389967
2025-11-27 19:00:00,2025-11-27,valid_2025_11,0.4891011780719259,0.6760420575205055,0.8232909065559451,0.9317586162645823,0.33418972848401923,0.4426574381926564
2025-11-27 20:00:00,2025-11-27,valid_2025_11,0.4903505229887958,0.6772914024373754,0.8266000509204564,0.939106709413892,0.33624952793166063,0.44875618642509607
2025-11-27 21:00:00,2025-11-27,valid_2025_11,0.5047423592975312,0.6916832387461108,0.8410088591718862,0.9588990888939007,0.33626649987435503,0.45415672959636955
2025-11-27 22:00:00,2025-11-27,valid_2025_11,0.4498725190992118,0.6368133985477914,0.7876875576938781,0.9048497025649495,0.3378150385946664,0.4549771834657376
2025-11-27 23:00:00,2025-11-27,valid_2025_11,0.44194200156206453,0.6288828810106442,0.7676731667881251,0.8639864096107426,0.32573116522606055,0.42204440804867815
2025-11-28 00:00:00,2025-11-28,valid_2025_11,0.37942408764656355,0.5663649670951432,0.7002510264746651,0.8323374370469065,0.3208269388281014,0.452913349400343
2025-11-28 01:00:00,2025-11-28,valid_2025_11,0.3397392407039229,0.5266801201525025,0.6551900409381114,0.800304979961249,0.3154508002341886,0.46056573925732613
2025-11-28 02:00:00,2025-11-28,valid_2025_11,0.31373021482436836,0.500671094272948,0.6327917924589266,0.7800434884916849,0.31906157763455817,0.46631327366731645
2025-11-28 03:00:00,2025-11-28,valid_2025_11,0.3599291524751641,0.5468700319237437,0.6714353597507007,0.7930391282760739,0.3115062072755366,0.4331099758009097
2025-11-28 04:00:00,2025-11-28,valid_2025_11,0.45183209363413446,0.6387729730827141,0.7283153630889574,0.869784901370934,0.2764832694548228,0.41795280773679966
2025-11-28 05:00:00,2025-11-28,valid_2025_11,0.5031721750320964,0.6901130544806761,0.7728621001510408,0.89807635814451,0.26968992511894446,0.3949041831124136
2025-11-28 06:00:00,2025-11-28,valid_2025_11,0.5612509346822088,0.7481918141307884,0.8149026251813782,0.9414132254361844,0.25365169049916936,0.38016229075397573
2025-11-28 07:00:00,2025-11-28,valid_2025_11,0.5947495431471945,0.7816904225957741,0.840050631303463,0.9715465701618933,0.24530108815626867,0.37679702701469897
2025-11-28 08:00:00,2025-11-28,valid_2025_11,0.3123851440690738,0.4993260235176533,0.6222868918331794,0.6754969489752554,0.3099017477641057,0.363111804906182
2025-11-28 09:00:00,2025-11-28,valid_2025_11,-0.2964238247830969,-0.1094829453345173,0.19220354044272503,0.1100959075963387,0.4886273652258219,0.40651973237943584
2025-11-28 10:00:00,2025-11-28,valid_2025_11,-0.7741622055764265,-0.5872213261278468,0.07138013416355504,-0.22390784170375283,0.8455423397399816,0.5502543638726735
2025-11-28 11:00:00,2025-11-28,valid_2025_11,-1.072673414667726,-0.8857325352191464,-0.06545772182010767,-0.3988062327790117,1.0072156928476186,0.6738671818887143
2025-11-28 12:00:00,2025-11-28,valid_2025_11,-1.2143709733680463,-1.0274300939194667,-0.19454715838012326,-0.4898123384166455,1.0198238149879228,0.7245586349514008
2025-11-28 13:00:00,2025-11-28,valid_2025_11,-1.3124096602547333,-1.1254687808061539,-0.28851570907983176,-0.5835397235765465,1.0238939511749015,0.7288699366781871
2025-11-28 14:00:00,2025-11-28,valid_2025_11,-1.1693531803572952,-0.9824123009087156,-0.14545922918239396,-0.4404832436791082,1.0238939511749015,0.7288699366781871
2025-11-28 15:00:00,2025-11-28,valid_2025_11,-0.8251277990790131,-0.6381869196304335,0.07350949533347229,-0.20243905266053486,0.8986372944124853,0.6226887464184785
2025-11-28 16:00:00,2025-11-28,valid_2025_11,-0.3391484054008284,-0.15220752595224885,0.2567476601848582,0.18776084379773939,0.5958960655856866,0.5269092491985677
2025-11-28 17:00:00,2025-11-28,valid_2025_11,0.07064566875709366,0.2575865482056733,0.5232048945386011,0.5647561405551623,0.45255922578150737,0.4941104717980686
2025-11-28 18:00:00,2025-11-28,valid_2025_11,0.1599368373611073,0.34687771680968704,0.6118254920697626,0.65681259823602,0.4518886547086553,0.49687576087491275
2025-11-28 19:00:00,2025-11-28,valid_2025_11,0.19618396957879813,0.38312484902737776,0.6557461534836071,0.714533303656194,0.4595621839048089,0.5183493340773959
2025-11-28 20:00:00,2025-11-28,valid_2025_11,0.15476694079800468,0.3417078202465842,0.6129926996065413,0.6710081534667407,0.4582257588085367,0.5162412126687361
2025-11-28 21:00:00,2025-11-28,valid_2025_11,0.16225441951885466,0.3491952989674344,0.6235617449063492,0.6949080708333227,0.4613073253874944,0.5326536513144678
2025-11-28 22:00:00,2025-11-28,valid_2025_11,0.11488047349970842,0.30182135294828816,0.576187798887203,0.6290377280680369,0.4613073253874944,0.5141572545683284
2025-11-28 23:00:00,2025-11-28,valid_2025_11,0.19222835352288614,0.37916923297146565,0.6096096403755066,0.7038587630296925,0.41738128685262027,0.5116304095068063
2025-11-29 00:00:00,2025-11-29,valid_2025_11,0.2473041971280716,0.43424507657665123,0.6417971488547154,0.7653376785933901,0.3944929517266437,0.5180334814653185
2025-11-29 01:00:00,2025-11-29,valid_2025_11,0.3507305305619688,0.5376714100105484,0.73606617226297,0.847269641659878,0.3853356417010012,0.4965391110979092
2025-11-29 02:00:00,2025-11-29,valid_2025_11,0.4922951951496052,0.6792360745981848,0.808247171590332,0.929266410921079,0.31595197644072676,0.43697121577147385
2025-11-29 03:00:00,2025-11-29,valid_2025_11,0.592505420927725,0.7794463003763046,0.8651338357565164,0.9796505091028942,0.27262841482879147,0.38714508817516924
2025-11-29 04:00:00,2025-11-29,valid_2025_11,0.699465720891142,0.8864066003397216,0.9197165829397832,1.041074894363347,0.22025086204864122,0.34160917347220476
2025-11-29 05:00:00,2025-11-29,valid_2025_11,0.804563048768302,0.9915039282168816,0.9971565314894337,1.1337468674097173,0.19259348272113172,0.3291838186414153
2025-11-29 06:00:00,2025-11-29,valid_2025_11,0.899567962929543,1.0865088423781226,1.057285877983162,1.2042932830006463,0.15771791505361907,0.3047253200711032
2025-11-29 07:00:00,2025-11-29,valid_2025_11,0.893049313848129,1.0799901932967086,1.0584742766056607,1.1862626339666613,0.1654249627575317,0.29321332011853196
2025-11-29 08:00:00,2025-11-29,valid_2025_11,0.7029760189441274,0.889916898392707,0.901143084894868,0.9763129590596773,0.19816706595074046,0.2733369401155499
2025-11-29 09:00:00,2025-11-29,valid_2025_11,0.15846290490024106,0.3454037843488207,0.5196249251406564,0.538096792542444,0.36116202024041527,0.37963388764220307
2025-11-29 10:00:00,2025-11-29,valid_2025_11,-0.36452066160060903,-0.1775797821520294,0.2678245774896081,0.1014993894317141,0.6323452390902171,0.466020051032323
2025-11-29 11:00:00,2025-11-29,valid_2025_11,-0.7158250212269774,-0.5288841417783978,0.10870141396128008,-0.17645909579019636,0.8245264351882574,0.539365925436781
2025-11-29 12:00:00,2025-11-29,valid_2025_11,-0.9474776931285875,-0.7605368136800079,0.03399370482595376,-0.3004184053870392,0.9814713979545412,0.6470592877415484
2025-11-29 13:00:00,2025-11-29,valid_2025_11,-1.048319253602982,-0.8613783741544022,-0.026606162436372816,-0.37952799272614873,1.0217130911666088,0.6687912608768332
2025-11-29 14:00:00,2025-11-29,valid_2025_11,-0.9542531890109013,-0.7673123095623217,0.06947993199579716,-0.2522907774902491,1.0237331210066984,0.701962411520652
2025-11-29 15:00:00,2025-11-29,valid_2025_11,-0.6417560141529023,-0.45481513470432267,0.1742306203528977,-0.03807720021254457,0.8159866345057999,0.6036788139403579
2025-11-29 16:00:00,2025-11-29,valid_2025_11,-0.09363354509868727,0.09330733434989236,0.4286853122069092,0.41690906290724716,0.5223188573055965,0.5105426080059345
2025-11-29 17:00:00,2025-11-29,valid_2025_11,0.36257511282955757,0.5495159922781372,0.7614832435679573,0.8808654523227111,0.3989081307383998,0.5182903394931534
2025-11-29 18:00:00,2025-11-29,valid_2025_11,0.4728200713696744,0.659760950818254,0.8603553747180754,0.9970701951889633,0.38753530334840103,0.5242501238192891
2025-11-29 19:00:00,2025-11-29,valid_2025_11,0.38023442615424985,0.5671753056028295,0.762191751854332,0.9053544431939216,0.381957325700082,0.5251200170396717
2025-11-29 20:00:00,2025-11-29,valid_2025_11,0.2809854911674855,0.4679263706160651,0.6629428168675676,0.8061055082071572,0.381957325700082,0.5251200170396717
2025-11-29 21:00:00,2025-11-29,valid_2025_11,0.19765895397195454,0.3845998334205343,0.5796162796720365,0.7227789710116264,0.381957325700082,0.5251200170396717
2025-11-29 22:00:00,2025-11-29,valid_2025_11,0.1137666525262484,0.300707531974828,0.5150015359519373,0.6465699577362545,0.40123488342568897,0.5328033052100062
2025-11-29 23:00:00,2025-11-29,valid_2025_11,0.09498895985483746,0.2819298393034171,0.5487749886075959,0.6285125043896882,0.45378602875275853,0.5335235445348505
2025-11-30 00:00:00,2025-11-30,valid_2025_11,0.08422891977862579,0.2711697992272053,0.5380149485313841,0.618237698240562,0.45378602875275853,0.5340087784619363
2025-11-30 01:00:00,2025-11-30,valid_2025_11,0.060673876610470745,0.24761475605905037,0.5254381537934093,0.5976942126377324,0.46476427718293856,0.5370203360272616
2025-11-30 02:00:00,2025-11-30,valid_2025_11,0.06397799593454367,0.2509188753831233,0.5309895381647195,0.5989628543510713,0.46701154223017566,0.5349848584165275
2025-11-30 03:00:00,2025-11-30,valid_2025_11,0.009368333656043615,0.19630921310462324,0.48165390747371817,0.5451759604214478,0.47228557381767444,0.5358076267654042
2025-11-30 04:00:00,2025-11-30,valid_2025_11,0.034568598926347116,0.22150947837492674,0.5068541727440217,0.5853495667213078,0.47228557381767444,0.5507809677949607
2025-11-30 05:00:00,2025-11-30,valid_2025_11,0.06799848114836127,0.2549393605969409,0.5402840549660357,0.6187794489433218,0.47228557381767444,0.5507809677949607
2025-11-30 06:00:00,2025-11-30,valid_2025_11,0.1455085340663056,0.3324494135148851,0.6186205769660721,0.7007808192268049,0.47311204289976655,0.5552722851604994
2025-11-30 07:00:00,2025-11-30,valid_2025_11,0.15645196100513903,0.34339284045371876,0.5630740165464547,0.7050856539385011,0.40662205554131564,0.548633692933362
2025-11-30 08:00:00,2025-11-30,valid_2025_11,0.027453504236290116,0.21439438368486974,0.4895872987058767,0.5521798159810487,0.4621337944695865,0.5247263117447587
2025-11-30 09:00:00,2025-11-30,valid_2025_11,-0.4043967848980494,-0.2174559054494698,0.1968558045213462,0.20287387998781448,0.6012525894193955,0.6072706648858639
2025-11-30 10:00:00,2025-11-30,valid_2025_11,-0.7686933849208077,-0.5817525054722281,0.1055376186721374,-0.07321369185649751,0.8742310035929449,0.6954796930643102
2025-11-30 11:00:00,2025-11-30,valid_2025_11,-0.9576546120718336,-0.7707137326232539,0.07503865861199699,-0.21737764133199733,1.0326932706838308,0.7402769707398362
2025-11-30 12:00:00,2025-11-30,valid_2025_11,-0.9541841121238336,-0.767243232675254,0.060485610258369404,-0.2799947204360299,1.0146697223822032,0.6741893916878037
2025-11-30 13:00:00,2025-11-30,valid_2025_11,-0.8804264770077097,-0.6934855975591301,0.1137762255008421,-0.20974407726751565,0.9942027025085517,0.6706823997401941
2025-11-30 14:00:00,2025-11-30,valid_2025_11,-0.6613007407860463,-0.4743598613374667,0.16927787268254035,-0.08219698168269285,0.8305786134685867,0.5791037591033535
2025-11-30 15:00:00,2025-11-30,valid_2025_11,-0.25276337507102764,-0.06582249562244802,0.3517097493270186,0.1898068119533145,0.6044731243980461,0.4425701870243423
2025-11-30 16:00:00,2025-11-30,valid_2025_11,0.4170401344181309,0.6039810138667105,0.7587145277960403,0.7607160212253707,0.34167439337790934,0.34367588680723976
2025-11-30 17:00:00,2025-11-30,valid_2025_11,1.0652083771690704,1.25214925661765,1.2543609891521745,1.3844321179487729,0.189152611983104,0.3192237407797022
2025-11-30 18:00:00,2025-11-30,valid_2025_11,1.3153703236859982,1.502311203134578,1.4543081139988014,1.5959801947189545,0.13893779031280304,0.2806098710329565
2025-11-30 19:00:00,2025-11-30,valid_2025_11,1.403018549374492,1.5899594288230716,1.5362732712116909,1.6465791127245248,0.13325472183719864,0.24356056335003265
2025-11-30 20:00:00,2025-11-30,valid_2025_11,1.411509220856265,1.5984501003048446,1.4878280518642302,1.6260125081296533,0.07631883100796545,0.21450328727338863
2025-11-30 21:00:00,2025-11-30,valid_2025_11,1.4422370396683992,1.6291779191169788,1.5137857351157282,1.643282536228861,0.07154869544732877,0.20104549656046203
2025-11-30 22:00:00,2025-11-30,valid_2025_11,1.4577034248117535,1.6446443042603331,1.52480343971564,1.6655880809549044,0.0671000149038866,0.20788465614315088
2025-11-30 23:00:00,2025-11-30,valid_2025_11,1.5078500890262834,1.694790968474863,1.5753822708868215,1.712091797558198,0.0675321818605382,0.20424170853191462
2025-12-01 00:00:00,2025-12-01,valid_2025_12,1.4788407769325271,1.6852351040975355,1.5343146176383033,1.6771804752973032,0.0554738407057763,0.1983396983647763
2025-12-01 01:00:00,2025-12-01,valid_2025_12,1.5297003005958358,1.7360946277608442,1.5740689242500632,1.7266895633762842,0.04436862365422767,0.19698926278044881
2025-12-01 02:00:00,2025-12-01,valid_2025_12,1.607803292681455,1.8141976198464638,1.646326055985068,1.8047925554619038,0.03852276330361295,0.19698926278044881
2025-12-01 03:00:00,2025-12-01,valid_2025_12,1.6872539853530952,1.893648312518104,1.7236431539698396,1.884243248133544,0.03638916861674462,0.19698926278044881
2025-12-01 04:00:00,2025-12-01,valid_2025_12,1.773362357490527,1.979756684655536,1.8038114105008916,1.9668277114987922,0.0304490530103644,0.19346535400826528
2025-12-01 05:00:00,2025-12-01,valid_2025_12,1.8173424192968226,2.0237367464618314,1.8445285573735752,2.010807773305088,0.02718613807675264,0.19346535400826528
2025-12-01 06:00:00,2025-12-01,valid_2025_12,1.8610491540296683,2.067443481194677,1.8892974252080095,2.0545145080379337,0.028248271178340955,0.19346535400826528
2025-12-01 07:00:00,2025-12-01,valid_2025_12,1.903207093786984,2.109601420951993,1.9354356624875262,2.100196356567433,0.032228568700541776,0.19698926278044881
2025-12-01 08:00:00,2025-12-01,valid_2025_12,1.7587710046907166,1.9651653318557254,1.8208128332312996,1.9557602674711654,0.06204182854058319,0.19698926278044881
2025-12-01 09:00:00,2025-12-01,valid_2025_12,1.3272518989057984,1.5336462260708073,1.408834045563143,1.4911657257732711,0.08158214665734463,0.16391382686747277
2025-12-01 10:00:00,2025-12-01,valid_2025_12,0.9420903972254739,1.1484847243904828,1.1070902529953124,1.083643675006152,0.16499985576983842,0.14155327778067794
2025-12-01 11:00:00,2025-12-01,valid_2025_12,0.6461295979721902,0.852523925137199,0.9761929643812564,0.8136504000646403,0.3300633664090662,0.16752080209245004
2025-12-01 12:00:00,2025-12-01,valid_2025_12,0.42867047314258,0.6350648003075888,0.8432691438489036,0.6007709394630568,0.41459867070632367,0.17210046632047676
2025-12-01 13:00:00,2025-12-01,valid_2025_12,0.3096732626244837,0.5160675897894925,0.7389509114407394,0.5025313498762422,0.4292776488162556,0.19285808725175854
2025-12-01 14:00:00,2025-12-01,valid_2025_12,0.31100816470097126,0.51740249186598,0.7243800866664206,0.5186468837651629,0.41337192196544953,0.20763871906419165
2025-12-01 15:00:00,2025-12-01,valid_2025_12,0.4749320007646529,0.6813263279296617,0.7797213186945628,0.7044731910320128,0.3047893179299101,0.22954119026736006
2025-12-01 16:00:00,2025-12-01,valid_2025_12,0.826823338609052,1.0332176657740608,0.9762058876687707,1.0481251571828911,0.1493825490597188,0.22130181857383918
2025-12-01 17:00:00,2025-12-01,valid_2025_12,1.181097127769105,1.3874914549341137,1.2619814141327943,1.3918416031645133,0.08088428636368941,0.2107444753954086
2025-12-01 18:00:00,2025-12-01,valid_2025_12,1.3140778495452219,1.5204721767102307,1.4085533963458623,1.5223404574764694,0.09447554680064033,0.20826260793124746
2025-12-01 19:00:00,2025-12-01,valid_2025_12,1.3705587240462531,1.576953051211262,1.4426557084181044,1.5777207608069141,0.0720969843718516,0.20716203676066092
2025-12-01 20:00:00,2025-12-01,valid_2025_12,1.4354675047357306,1.641861831900739,1.5497923910086726,1.633006534335891,0.11432488627294256,0.19753902960016098
2025-12-01 21:00:00,2025-12-01,valid_2025_12,1.4652235134336054,1.6716178405986146,1.5799765444040754,1.6657759221585873,0.11475303097046952,0.20055240872498162
2025-12-01 22:00:00,2025-12-01,valid_2025_12,1.428206717423456,1.634601044588465,1.5312897520705997,1.628759126148438,0.10308303464714369,0.20055240872498162
2025-12-01 23:00:00,2025-12-01,valid_2025_12,1.3860198495281555,1.5924141766931643,1.4535264764347047,1.586572258253137,0.06750662690654899,0.20055240872498162
2025-12-02 00:00:00,2025-12-02,valid_2025_12,1.5383769887709564,1.7447713159359652,1.575877757874488,1.7375789619116102,0.03750076910353183,0.19920197314065413
2025-12-02 01:00:00,2025-12-02,valid_2025_12,1.5551218222912153,1.7615161494562241,1.5942711375759542,1.7521110850716641,0.039149315284738806,0.19698926278044881
2025-12-02 02:00:00,2025-12-02,valid_2025_12,1.5221474267509332,1.728541753915942,1.5594602044043273,1.719136689531382,0.03731277765339406,0.19698926278044881
2025-12-02 03:00:00,2025-12-02,valid_2025_12,1.4724757099655084,1.6788700371305172,1.5041598412300141,1.663942465162029,0.03168413126450552,0.19146675519652043
2025-12-02 04:00:00,2025-12-02,valid_2025_12,1.449138241459413,1.6555325686244213,1.479570143349786,1.6375916175311125,0.03043190189037355,0.18845337607169976
2025-12-02 05:00:00,2025-12-02,valid_2025_12,1.3866916836176095,1.5930860107826184,1.4134768577115588,1.5869807772100146,0.026785174093949583,0.20028909359240502
2025-12-02 06:00:00,2025-12-02,valid_2025_12,1.4106434805812846,1.617037807746293,1.437428654675234,1.6109325741736893,0.026785174093949583,0.20028909359240502
2025-12-02 07:00:00,2025-12-02,valid_2025_12,1.3807233704461108,1.5871176976111196,1.4205491176416154,1.5876355427930307,0.03982574719550486,0.20691217234691994
2025-12-02 08:00:00,2025-12-02,valid_2025_12,1.1132069956466526,1.3196013228116616,1.1913580883846848,1.3226010354577336,0.07815109273803204,0.20939403981108112
2025-12-02 09:00:00,2025-12-02,valid_2025_12,0.4557710540954485,0.6621653812604573,0.6510833195796428,0.6960040804862826,0.19531226548419428,0.240233026390834
2025-12-02 10:00:00,2025-12-02,valid_2025_12,-0.11450265448541441,0.09189167267959442,0.4751577231415409,0.1811126381896908,0.5896603776269553,0.2956152926751051
2025-12-02 11:00:00,2025-12-02,valid_2025_12,-0.497055890051751,-0.29066156288674216,0.23624573606083477,-0.16775114180062906,0.7333016261125859,0.3293047482511221
2025-12-02 12:00:00,2025-12-02,valid_2025_12,-0.717933794825085,-0.5115394676600762,0.16515222439859412,-0.38106050453624873,0.8830860192236791,0.3368732902888363
2025-12-02 13:00:00,2025-12-02,valid_2025_12,-0.8995023924834432,-0.6931080653184344,0.12597954327949645,-0.4927292334215482,1.0254819357629394,0.406773159061895
2025-12-02 14:00:00,2025-12-02,valid_2025_12,-0.8368333509622249,-0.6304390237972161,0.21005291503698043,-0.4262771458669564,1.0468862659992053,0.41055620509526847
2025-12-02 15:00:00,2025-12-02,valid_2025_12,-0.5332072964310177,-0.32681296926600883,0.3171607496624722,-0.14418708375307943,0.85036804609349,0.38902021267793824
2025-12-02 16:00:00,2025-12-02,valid_2025_12,0.005313485320739053,0.21170781248574788,0.5595319927661708,0.3103719790524415,0.5542185074454318,0.30505849373170246
2025-12-02 17:00:00,2025-12-02,valid_2025_12,0.4930441709403528,0.6994384981053616,0.7885629577358821,0.774444756497586,0.29551878679552923,0.28140058555723335
2025-12-02 18:00:00,2025-12-02,valid_2025_12,0.569199685712389,0.7755940128773978,0.8400060752247779,0.8631285411326696,0.2708063895123888,0.29392885542028063
2025-12-02 19:00:00,2025-12-02,valid_2025_12,0.5140449471854254,0.7204392743504342,0.762878134640629,0.7954455327426588,0.24883318745520375,0.28140058555723335
2025-12-02 20:00:00,2025-12-02,valid_2025_12,0.5241673409716202,0.730561668136629,0.7933258930769876,0.8055679265288535,0.2691585521053675,0.28140058555723335
2025-12-02 21:00:00,2025-12-02,valid_2025_12,0.5904180366195213,0.7968123637845301,0.8638930169367005,0.8718186221767548,0.27347498031717915,0.28140058555723335
2025-12-02 22:00:00,2025-12-02,valid_2025_12,0.5932626368547476,0.7996569640197564,0.8717730660325278,0.874663222411981,0.27851042917778035,0.28140058555723335
2025-12-02 23:00:00,2025-12-02,valid_2025_12,0.7055977848558421,0.911992112020851,0.965627477028324,0.9683051248592935,0.260029692172482,0.26270734000345136
2025-12-03 00:00:00,2025-12-03,valid_2025_12,0.5379001417004348,0.7442944688654436,0.8037894734058846,0.8006074817038862,0.26588933170544987,0.26270734000345136
2025-12-03 01:00:00,2025-12-03,valid_2025_12,0.5452615638684886,0.7516558910334974,0.8111508955739384,0.80796890387194,0.26588933170544987,0.26270734000345136
2025-12-03 02:00:00,2025-12-03,valid_2025_12,0.5786441091374359,0.7850384363024447,0.8288621711123263,0.8386291792235714,0.2502180619748903,0.25998507008613536
2025-12-03 03:00:00,2025-12-03,valid_2025_12,0.5630134472347343,0.7694077743997432,0.8002793368315897,0.8229985173208698,0.23726588959685535,0.25998507008613536
2025-12-03 04:00:00,2025-12-03,valid_2025_12,0.593115366334095,0.7995096934991038,0.8022485994221805,0.8531004364202305,0.20913323308808549,0.25998507008613536
2025-12-03 05:00:00,2025-12-03,valid_2025_12,0.6306369145215768,0.8370312416865856,0.7671249774288339,0.8848770389205042,0.13648806290725718,0.2542401243989275
2025-12-03 06:00:00,2025-12-03,valid_2025_12,0.6808040914157686,0.8871984185807774,0.8259641133981256,0.9167842116306032,0.14516002198235697,0.2359801202148345
2025-12-03 07:00:00,2025-12-03,valid_2025_12,0.7243863474942536,0.9307806746592624,0.87382573071266,0.9550938679089296,0.1494393832184067,0.23070752041467615
2025-12-03 08:00:00,2025-12-03,valid_2025_12,0.4900345926575863,0.6964289198225951,0.6556786827109066,0.7207421130722625,0.16564409005332026,0.23070752041467615
2025-12-03 09:00:00,2025-12-03,valid_2025_12,0.013523641525078012,0.21991796869008684,0.41191246982606433,0.2578125356702422,0.3983888283009864,0.24428889414516408
2025-12-03 10:00:00,2025-12-03,valid_2025_12,-0.5600331477340499,-0.353638820569041,0.15703946614884223,-0.24145449408391356,0.7170726138828919,0.3185786536501365
2025-12-03 11:00:00,2025-12-03,valid_2025_12,-0.8393921762585648,-0.6329978490935559,0.05967066517417763,-0.49692918557891463,0.8990628414327425,0.3424629906796502
2025-12-03 12:00:00,2025-12-03,valid_2025_12,-1.010439873114724,-0.8040455459497151,0.006695113747721471,-0.5998836680194555,1.0171349868624455,0.41055620509526847
2025-12-03 13:00:00,2025-12-03,valid_2025_12,-1.031482376007315,-0.8250880488423062,-0.006897467408153002,-0.6209261709120466,1.0245849085991623,0.41055620509526847
2025-12-03 14:00:00,2025-12-03,valid_2025_12,-0.8880794597422464,-0.6816851325772376,0.13299445924298625,-0.477523254646978,1.0210739189852327,0.41055620509526847
2025-12-03 15:00:00,2025-12-03,valid_2025_12,-0.4874494690539866,-0.2810551418889778,0.2611358920199395,-0.17284909462409204,0.7485853610739263,0.31460037442989464
2025-12-03 16:00:00,2025-12-03,valid_2025_12,0.08013024093122323,0.28652456809623206,0.504828575342726,0.3487186055636624,0.4246983344115026,0.26858836463243907
2025-12-03 17:00:00,2025-12-03,valid_2025_12,0.46434623080454795,0.6707405579695568,0.7090905845513326,0.7294936009191516,0.2447443537467845,0.2651473701146036
2025-12-03 18:00:00,2025-12-03,valid_2025_12,0.5968243042679137,0.8032186314329225,0.7983859800827685,0.8595316442713653,0.20156167581485487,0.26270734000345136
2025-12-03 19:00:00,2025-12-03,valid_2025_12,0.6598092761203413,0.8662036032853502,0.8612786619831887,0.922516616123793,0.20146938586284735,0.26270734000345136
2025-12-03 20:00:00,2025-12-03,valid_2025_12,0.6711285935309357,0.8775229206959445,0.841287333138028,0.9369299786155312,0.17015873960709219,0.26580138508459533
2025-12-03 21:00:00,2025-12-03,valid_2025_12,0.7234790558938038,0.9298733830588126,0.8890532513862102,0.9892804409783991,0.16557419549240637,0.26580138508459533
2025-12-03 22:00:00,2025-12-03,valid_2025_12,0.7233903429373156,0.9297846701023245,0.8389996745309245,0.9651867781506098,0.11560933159360891,0.24179643521329447
2025-12-03 23:00:00,2025-12-03,valid_2025_12,0.8788329749098384,1.085227302074847,0.964007747047691,1.1045547163676486,0.08517477213785292,0.22572174145781065
2025-12-04 00:00:00,2025-12-04,valid_2025_12,1.0923289448354565,1.298723272000465,1.1745375552688717,1.3180506862932668,0.08220861043341518,0.22572174145781065
2025-12-04 01:00:00,2025-12-04,valid_2025_12,1.2409007057313377,1.447295032896346,1.3034459147307547,1.466622447189148,0.06254520899941708,0.22572174145781065
2025-12-04 02:00:00,2025-12-04,valid_2025_12,1.3095654106636045,1.5159597378286134,1.3730773687934468,1.520309886059013,0.06351195812984241,0.2107444753954086
2025-12-04 03:00:00,2025-12-04,valid_2025_12,1.3783761588621841,1.5847704860271934,1.4418881169920268,1.5855381956228451,0.06351195812984241,0.20716203676066092
2025-12-04 04:00:00,2025-12-04,valid_2025_12,1.4642311906396839,1.6706255178046931,1.527794937566696,1.6625708890044604,0.06356374692701204,0.1983396983647763
2025-12-04 05:00:00,2025-12-04,valid_2025_12,1.5741360244059122,1.780530351570921,1.6369306000191512,1.7724757227706882,0.06279457561323892,0.1983396983647763
2025-12-04 06:00:00,2025-12-04,valid_2025_12,1.7129149969665836,1.919309324131592,1.7463540017565569,1.909904259747032,0.0334390047899735,0.19698926278044881
2025-12-04 07:00:00,2025-12-04,valid_2025_12,1.7916139086947016,1.9980082358597109,1.820411521925017,1.9830806638912222,0.02879761323031501,0.19146675519652043
2025-12-04 08:00:00,2025-12-04,valid_2025_12,1.6355506366708568,1.841944963835866,1.6838143971010755,1.8270173918673773,0.048263760430218794,0.19146675519652043
2025-12-04 09:00:00,2025-12-04,valid_2025_12,1.0839899269255464,1.2903842540905557,1.2056763526979908,1.2255432047062245,0.12168642577244412,0.14155327778067794
2025-12-04 10:00:00,2025-12-04,valid_2025_12,0.5351965003921194,0.7415908275571282,0.8141498046476477,0.7027173024845695,0.2789533042555283,0.16752080209245004
2025-12-04 11:00:00,2025-12-04,valid_2025_12,0.24463386700895118,0.4510281941739601,0.652104637281585,0.4167343333294281,0.4074707702726337,0.17210046632047676
2025-12-04 12:00:00,2025-12-04,valid_2025_12,0.12327103609184686,0.3296653632568557,0.6282117001592226,0.2953715024123237,0.5049406640673756,0.17210046632047676
2025-12-04 13:00:00,2025-12-04,valid_2025_12,0.09457186870170309,0.3009661958667119,0.5989523744677809,0.2666723350221799,0.504380505766078,0.17210046632047676
2025-12-04 14:00:00,2025-12-04,valid_2025_12,0.24247775645777658,0.4488720836227855,0.6575871295750437,0.4145782227782535,0.4151093731172672,0.17210046632047676
2025-12-04 15:00:00,2025-12-04,valid_2025_12,0.642270935009042,0.8486652621740508,0.919513742317278,0.7953415416985002,0.27724280730823586,0.1530706066894582
2025-12-04 16:00:00,2025-12-04,valid_2025_12,1.1892466225446987,1.3956409497097075,1.2809897437869053,1.3440943498270062,0.09174312124220645,0.15484772728230717
2025-12-04 17:00:00,2025-12-04,valid_2025_12,1.5292949560199434,1.7356892831849522,1.5728575980264048,1.720761711216464,0.04356264200646113,0.19146675519652043
2025-12-04 18:00:00,2025-12-04,valid_2025_12,1.4839177528099805,1.6903120799749893,1.5137989979436663,1.675384508006501,0.029881245133685563,0.19146675519652043
2025-12-04 19:00:00,2025-12-04,valid_2025_12,1.319870490024228,1.5262648171892368,1.3505569066159173,1.5239656505429318,0.03068641659168929,0.20409516051870386
2025-12-04 20:00:00,2025-12-04,valid_2025_12,1.1482856064117835,1.354679933576792,1.1962813605371037,1.3695780506661877,0.047995754125320034,0.22129244425440397
2025-12-04 21:00:00,2025-12-04,valid_2025_12,0.9888135478009741,1.195207874965983,1.0550291288976867,1.210105992055378,0.0662155810967127,0.22129244425440397
2025-12-04 22:00:00,2025-12-04,valid_2025_12,0.8981154197585818,1.1045097469235907,0.9934950106349819,1.1272543943901026,0.0953795908764001,0.2291389746315207
2025-12-04 23:00:00,2025-12-04,valid_2025_12,0.792107293840004,0.9985016210050128,0.9510688849970297,1.0520923639261395,0.15896159115702568,0.25998507008613536
2025-12-05 00:00:00,2025-12-05,valid_2025_12,0.6373340414482578,0.8437283686132666,0.8433229548120469,0.9000413814517092,0.20598891336378905,0.26270734000345136
2025-12-05 01:00:00,2025-12-05,valid_2025_12,0.5607439033182473,0.7671382304832561,0.7828489157125242,0.8421444888754808,0.222105012394277,0.28140058555723335
2025-12-05 02:00:00,2025-12-05,valid_2025_12,0.4664378228419126,0.6728321500069214,0.741461930009299,0.7850661077905587,0.27502410716738634,0.31862828494864603
2025-12-05 03:00:00,2025-12-05,valid_2025_12,0.4022468106185684,0.6086411377835772,0.71882508147404,0.7270383600023658,0.3165782708554715,0.3247915493837975
2025-12-05 04:00:00,2025-12-05,valid_2025_12,0.36560432718174485,0.5719986543467537,0.7038375979225522,0.6903958765655422,0.3382332707408072,0.3247915493837975
2025-12-05 05:00:00,2025-12-05,valid_2025_12,0.366103118409432,0.5724974455744408,0.7252778258908442,0.6908946677932296,0.3591747074814121,0.3247915493837975
2025-12-05 06:00:00,2025-12-05,valid_2025_12,0.38913587719541476,0.5955302043604236,0.748310584676827,0.7139274265792124,0.3591747074814121,0.3247915493837975
2025-12-05 07:00:00,2025-12-05,valid_2025_12,0.34784315174693414,0.554237478911943,0.7070178592283461,0.6726347011307315,0.3591747074814121,0.3247915493837975
2025-12-05 08:00:00,2025-12-05,valid_2025_12,0.08320451304984833,0.28959884021485705,0.5294932211824861,0.4079960624336456,0.44628870813263793,0.3247915493837975
2025-12-05 09:00:00,2025-12-05,valid_2025_12,-0.4182668627907578,-0.21187253562574898,0.262880212046951,-0.07863289761042525,0.6811470748377089,0.3396339651803326
2025-12-05 10:00:00,2025-12-05,valid_2025_12,-0.9685017872060976,-0.7621074600410888,0.08468162061629936,-0.5236793581513878,1.053183407822397,0.44482242905470976
2025-12-05 11:00:00,2025-12-05,valid_2025_12,-1.3206864388374622,-1.1142921116724533,-0.24076190433894162,-0.8758640097827525,1.0799245344985207,0.44482242905470976
2025-12-05 12:00:00,2025-12-05,valid_2025_12,-1.4887782059576642,-1.2823838787926554,-0.40344388099845396,-1.040172730869581,1.08533432495921,0.44860547508808324
2025-12-05 13:00:00,2025-12-05,valid_2025_12,-1.526758045979653,-1.3203637188146442,-0.43801334880042087,-1.0781525708915698,1.088744697179232,0.44860547508808324
2025-12-05 14:00:00,2025-12-05,valid_2025_12,-1.4124242266268436,-1.2060298994618348,-0.32367952944761136,-0.9638187515387604,1.088744697179232,0.44860547508808324
2025-12-05 15:00:00,2025-12-05,valid_2025_12,-1.0282927419808459,-0.8218984148158369,0.03485140306493262,-0.5796872668927626,1.0631441450457784,0.44860547508808324
2025-12-05 16:00:00,2025-12-05,valid_2025_12,-0.44547298761676074,-0.2390786604517519,0.2780233525301373,-0.09071560917944121,0.723496340146898,0.3547573784373194
2025-12-05 17:00:00,2025-12-05,valid_2025_12,0.00818596176166042,0.21458028892666925,0.5779505034444314,0.3363537960327656,0.569764541682771,0.3281678342711053
2025-12-05 18:00:00,2025-12-05,valid_2025_12,0.12473515051800255,0.3311294776830114,0.6022871571515791,0.45290298478910773,0.4775520066335765,0.3281678342711053
2025-12-05 19:00:00,2025-12-05,valid_2025_12,0.14300528585930694,0.3493996130243159,0.62843976550126,0.48043612683849146,0.48543447964195313,0.3374308409791843
2025-12-05 20:00:00,2025-12-05,valid_2025_12,0.1323208095859547,0.33871513675096376,0.6208251819544921,0.46975165056513934,0.48850437236853717,0.3374308409791843
2025-12-05 21:00:00,2025-12-05,valid_2025_12,0.17955379667819016,0.385948123843199,0.6680581690467273,0.5077216309492953,0.48850437236853717,0.3281678342711053
2025-12-05 22:00:00,2025-12-05,valid_2025_12,0.1402283599347618,0.3466226870997706,0.6254805084631387,0.4650199093185592,0.48525214852837695,0.3247915493837975
2025-12-05 23:00:00,2025-12-05,valid_2025_12,0.11854856139625036,0.3249428885612591,0.6031905915857834,0.44334011078004765,0.484642030189533,0.3247915493837975
2025-12-06 00:00:00,2025-12-06,valid_2025_12,0.13935595742194296,0.3457502845869518,0.6194958419866805,0.46414750680574035,0.48013988456473755,0.3247915493837975
2025-12-06 01:00:00,2025-12-06,valid_2025_12,0.1565513686065796,0.36294569577158853,0.6134902505791341,0.4813429179903771,0.45693888197255444,0.3247915493837975
2025-12-06 02:00:00,2025-12-06,valid_2025_12,0.14294900748177164,0.34934333464678047,0.5711415451830664,0.46774055686556903,0.4281925377012946,0.3247915493837975
2025-12-06 03:00:00,2025-12-06,valid_2025_12,0.03937435159493108,0.24576867875994002,0.4639948075977236,0.3641659009787286,0.4246204560027925,0.3247915493837975
2025-12-06 04:00:00,2025-12-06,valid_2025_12,0.01304133056994028,0.2194356577349491,0.43250137550429757,0.34120916484104546,0.4194600449343573,0.3281678342711053
2025-12-06 05:00:00,2025-12-06,valid_2025_12,0.013616737532776368,0.2200110646977852,0.44285495709993794,0.34178457180388155,0.4292382195671617,0.3281678342711053
2025-12-06 06:00:00,2025-12-06,valid_2025_12,0.03215003126872373,0.23854435843373256,0.45823659767735725,0.3603178655398289,0.4260865664086334,0.3281678342711053
2025-12-06 07:00:00,2025-12-06,valid_2025_12,0.03960174429170071,0.24599607145670965,0.4687550365296377,0.367769578562806,0.42915329223793675,0.3281678342711053
2025-12-06 08:00:00,2025-12-06,valid_2025_12,-0.0938837296617484,0.11251059750326042,0.3810400841177747,0.24354711131743623,0.4749238137795229,0.3374308409791843
2025-12-06 09:00:00,2025-12-06,valid_2025_12,-0.5960379848808569,-0.3896436577158481,0.12013729891036629,-0.23621945857022653,0.7161752837912232,0.3598185263106304
2025-12-06 10:00:00,2025-12-06,valid_2025_12,-1.1024320531963272,-0.8960377260313184,-0.02877282864574049,-0.653826578108244,1.0736592245505867,0.44860547508808324
2025-12-06 11:00:00,2025-12-06,valid_2025_12,-1.445228209136084,-1.2388338819710751,-0.3564835119568521,-0.9966227340480007,1.088744697179232,0.44860547508808324
2025-12-06 12:00:00,2025-12-06,valid_2025_12,-1.5879016103577768,-1.381507283192768,-0.49915691317854494,-1.1392961352696935,1.088744697179232,0.44860547508808324
2025-12-06 13:00:00,2025-12-06,valid_2025_12,-1.6091914926606548,-1.402797165495646,-0.5204467954814225,-1.1605860175725715,1.088744697179232,0.44860547508808324
2025-12-06 14:00:00,2025-12-06,valid_2025_12,-1.4038630756816164,-1.1974687485166076,-0.31511837850238444,-0.955257600593533,1.088744697179232,0.44860547508808324
2025-12-06 15:00:00,2025-12-06,valid_2025_12,-0.9904163419674101,-0.7840220148024013,0.0738125174369797,-0.5418108668793269,1.0642288594043898,0.44860547508808324
2025-12-06 16:00:00,2025-12-06,valid_2025_12,-0.48497620091726307,-0.2785818737522543,0.1697252731652401,-0.13545012706345916,0.6547014740825032,0.34952607385380374
2025-12-06 17:00:00,2025-12-06,valid_2025_12,-0.07056502061483139,0.13582930655017744,0.38102899898209497,0.2576028136562738,0.4515940195969263,0.3281678342711053
2025-12-06 18:00:00,2025-12-06,valid_2025_12,0.18255180370576285,0.3889461308707717,0.5752295254239249,0.5073433530895602,0.39267772171816195,0.3247915493837975
2025-12-06 19:00:00,2025-12-06,valid_2025_12,0.21541083733819988,0.4218051645032087,0.6084748821665803,0.5402023867219973,0.3930640448283804,0.3247915493837975
2025-12-06 20:00:00,2025-12-06,valid_2025_12,0.21514802958765422,0.42154235675266305,0.6028260328872805,0.5399395789714516,0.3876780032996263,0.3247915493837975
2025-12-06 21:00:00,2025-12-06,valid_2025_12,0.24187149281442266,0.4482658199794316,0.6554450652058321,0.5666630421982202,0.41357357239140946,0.3247915493837975
2025-12-06 22:00:00,2025-12-06,valid_2025_12,0.13635163880062773,0.34274596596563656,0.5594329524719578,0.4611431881844251,0.4230813136713302,0.3247915493837975
2025-12-06 23:00:00,2025-12-06,valid_2025_12,0.1298233470065523,0.336217674171561,0.5649296932197927,0.4546148963903496,0.43510634621324046,0.3247915493837975
2025-12-07 00:00:00,2025-12-07,valid_2025_12,0.18263578296694494,0.38903011013195377,0.5984383776500428,0.5074273323507423,0.4158025946830979,0.3247915493837975
2025-12-07 01:00:00,2025-12-07,valid_2025_12,0.3124181046141723,0.5188124317791811,0.7297006524314877,0.6372096539979697,0.41728254781731544,0.3247915493837975
2025-12-07 02:00:00,2025-12-07,valid_2025_12,0.337889593093345,0.5442839202583538,0.7551721409106604,0.6626811424771424,0.41728254781731544,0.3247915493837975
2025-12-07 03:00:00,2025-12-07,valid_2025_12,0.39853296366739466,0.6049272908324035,0.7788715916984625,0.723324513051192,0.3803386280310679,0.3247915493837975
2025-12-07 04:00:00,2025-12-07,valid_2025_12,0.4277151433008699,0.6341094704658787,0.7816376454731695,0.7463434282495158,0.35392250217229965,0.31862828494864603
2025-12-07 05:00:00,2025-12-07,valid_2025_12,0.522217935115505,0.7286122622805138,0.8232190922775404,0.8036185206727382,0.30100115716203546,0.28140058555723335
2025-12-07 06:00:00,2025-12-07,valid_2025_12,0.6551514952606033,0.8615458224256122,0.9001369393150783,0.9178588352640548,0.24498544405447503,0.26270734000345136
2025-12-07 07:00:00,2025-12-07,valid_2025_12,0.7541963553830348,0.9605906825480436,0.9639382845474537,1.0141814254691703,0.20974192916441897,0.25998507008613536
2025-12-07 08:00:00,2025-12-07,valid_2025_12,0.6294484063554999,0.8358427335205088,0.8416520374122864,0.889433476441635,0.2122036310567868,0.25998507008613536
2025-12-07 09:00:00,2025-12-07,valid_2025_12,0.153221476941393,0.3596158041064019,0.48053445860543165,0.40357348764318224,0.32731298166403844,0.25035201070178914
2025-12-07 10:00:00,2025-12-07,valid_2025_12,-0.33745742424404856,-0.13106309707903963,0.32878444266826934,-0.028773718946415006,0.6662418669123179,0.30868370529763334
2025-12-07 11:00:00,2025-12-07,valid_2025_12,-0.6596546420736557,-0.4532603149086468,0.19670878222562505,-0.32438194888043126,0.8563634242992808,0.33527269319322445
2025-12-07 12:00:00,2025-12-07,valid_2025_12,-0.7607654972143866,-0.5543711700493777,0.15161698864415307,-0.4254928040211622,0.9123824858585396,0.33527269319322445
2025-12-07 13:00:00,2025-12-07,valid_2025_12,-0.7244773396373712,-0.5180830124723623,0.1879051462211685,-0.3914103678847114,0.9123824858585396,0.33306697175265965
2025-12-07 14:00:00,2025-12-07,valid_2025_12,-0.48096868953502614,-0.27457436237001737,0.2928945293573605,-0.14790171778236644,0.7738632188923866,0.33306697175265965
2025-12-07 15:00:00,2025-12-07,valid_2025_12,-0.003048149133413669,0.20334617803159516,0.5822622304833104,0.28645884964544377,0.5853103796167239,0.28950699877885744
2025-12-07 16:00:00,2025-12-07,valid_2025_12,0.714010613348127,0.9204049405131358,0.9096445143894694,0.9485980701542904,0.19563390104134232,0.23458745680616352
2025-12-07 17:00:00,2025-12-07,valid_2025_12,1.3574728616760199,1.5638671888410285,1.4343988338124654,1.555011891276181,0.07692597213644542,0.19753902960016098
2025-12-07 18:00:00,2025-12-07,valid_2025_12,1.620992595060242,1.8273869222252508,1.6856660494318814,1.8193322934250185,0.06467345437163938,0.1983396983647763
2025-12-07 19:00:00,2025-12-07,valid_2025_12,1.6464141167556217,1.8528084439206305,1.681543883818819,1.8447538151203982,0.03512976706319735,0.1983396983647763
2025-12-07 20:00:00,2025-12-07,valid_2025_12,1.4881784292301017,1.69457275639511,1.5219286651334674,1.68516769201055,0.03375023590336578,0.19698926278044881
2025-12-07 21:00:00,2025-12-07,valid_2025_12,1.4967732420086213,1.7031675691736297,1.5238428052269866,1.6892254204863706,0.027069563218365345,0.19245217847774967
2025-12-07 22:00:00,2025-12-07,valid_2025_12,1.3914103012281402,1.597804628393149,1.4186776943835846,1.5828770564246608,0.027267393155443978,0.19146675519652043
2025-12-07 23:00:00,2025-12-07,valid_2025_12,1.3119327842830963,1.5183271114481052,1.3455593863586017,1.5122218778755014,0.03362660207550546,0.20028909359240502
2025-12-08 00:00:00,2025-12-08,valid_2025_12,1.2420634415563008,1.4484577687213094,1.275337099279073,1.4518865789171629,0.03327365772277222,0.20982313736086206
2025-12-08 01:00:00,2025-12-08,valid_2025_12,1.1802047385427685,1.3865990657077774,1.220083358467274,1.4014971827971725,0.039878619924505046,0.22129244425440397
2025-12-08 02:00:00,2025-12-08,valid_2025_12,1.1269638154960968,1.3333581426611056,1.1906868814243143,1.3482562597505008,0.06372306592821726,0.22129244425440397
2025-12-08 03:00:00,2025-12-08,valid_2025_12,1.0350766533214828,1.2414709804864916,1.099400640315779,1.2594479591949659,0.06432398699429621,0.22437130587348314
2025-12-08 04:00:00,2025-12-08,valid_2025_12,0.9689895331447351,1.175383860309744,1.06837712604056,1.2049696533595697,0.09938759289582469,0.2359801202148345
2025-12-08 05:00:00,2025-12-08,valid_2025_12,0.9288691862338786,1.1352635133988875,1.0377454575599576,1.1888542563200142,0.10887627132607887,0.25998507008613536
2025-12-08 06:00:00,2025-12-08,valid_2025_12,0.8560256802780924,1.0624200074431012,1.0132854753424372,1.1160107503642278,0.1572597950643449,0.25998507008613536
2025-12-08 07:00:00,2025-12-08,valid_2025_12,0.7551790354642944,0.9615733626293033,0.9508737602243673,1.0178863754677459,0.19569472476007285,0.26270734000345136
2025-12-08 08:00:00,2025-12-08,valid_2025_12,0.47403768299578497,0.6804320101607938,0.7046173278289772,0.7554382685530184,0.230579644833192,0.28140058555723335
2025-12-08 09:00:00,2025-12-08,valid_2025_12,-0.07633890163465851,0.13005542553035032,0.46965376565390227,0.2124082762006232,0.5459926672885609,0.28874717783528175
2025-12-08 10:00:00,2025-12-08,valid_2025_12,-0.6087733784763464,-0.40237905131133755,0.20378512741178334,-0.2599858269464911,0.8125585058881298,0.3487875515298551
2025-12-08 11:00:00,2025-12-08,valid_2025_12,-0.915148307404355,-0.7087539802393462,0.11470536102033013,-0.50837514834246,1.029853668424685,0.406773159061895
2025-12-08 12:00:00,2025-12-08,valid_2025_12,-1.0515912889921981,-0.8451969618271892,0.003876413629454567,-0.6289691459615067,1.0554677026216523,0.4226221430306915
2025-12-08 13:00:00,2025-12-08,valid_2025_12,-1.0866286990759553,-0.8802343719109464,-0.01550247548817496,-0.6433851023675146,1.07112622358778,0.4432435967084406
2025-12-08 14:00:00,2025-12-08,valid_2025_12,-0.905936886981626,-0.6995425598166173,0.15582397284912286,-0.46269329027318534,1.0617608598307489,0.4432435967084406
2025-12-08 15:00:00,2025-12-08,valid_2025_12,-0.47830028795843815,-0.2719059607934294,0.258201591458312,-0.16369991352854352,0.7365018794167502,0.31460037442989464
2025-12-08 16:00:00,2025-12-08,valid_2025_12,0.1941192018148381,0.4005135289798468,0.5918161966102314,0.4654298363645931,0.39769699479539355,0.2713106345497551
2025-12-08 17:00:00,2025-12-08,valid_2025_12,0.7401718187656893,0.9465661459306981,0.9320200134926538,1.0001568888518246,0.1918481947269644,0.25998507008613536
2025-12-08 18:00:00,2025-12-08,valid_2025_12,0.816800527746346,1.0231948549113548,0.9359763815078564,1.0767855978324814,0.1191758537615104,0.25998507008613536
2025-12-08 19:00:00,2025-12-08,valid_2025_12,0.7404102567515083,0.9468045839165171,0.8580446782057178,1.0003953268376438,0.11763442145420967,0.25998507008613536
2025-12-08 20:00:00,2025-12-08,valid_2025_12,0.7351530498083036,0.9415473769733125,0.8527874712625134,0.9951381198944391,0.11763442145420967,0.25998507008613536
2025-12-08 21:00:00,2025-12-08,valid_2025_12,0.7544635461847904,0.960857873349799,0.9111600559900481,1.0144486162709256,0.1566965098052578,0.25998507008613536
2025-12-08 22:00:00,2025-12-08,valid_2025_12,0.8227783083084581,1.029172635473467,0.9437339200337307,1.0827633783945934,0.12095561172527249,0.25998507008613536
2025-12-08 23:00:00,2025-12-08,valid_2025_12,0.9428446326776733,1.1492389598426822,1.0618568786088236,1.2028297027638089,0.11901224593115016,0.25998507008613536
2025-12-09 00:00:00,2025-12-09,valid_2025_12,0.936466767201122,1.1428610943661308,1.04553704114449,1.1724468874159566,0.1090702739433681,0.2359801202148345
2025-12-09 01:00:00,2025-12-09,valid_2025_12,0.9648975165351715,1.1712918437001805,1.0579404566879749,1.1956050369498477,0.09304294015280343,0.23070752041467615
2025-12-09 02:00:00,2025-12-09,valid_2025_12,0.9810867544840632,1.187481081649072,1.067582273998826,1.206808495941874,0.08649551951476303,0.22572174145781065
2025-12-09 03:00:00,2025-12-09,valid_2025_12,1.009236287252485,1.2156306144174938,1.095731806767248,1.2349580287102957,0.08649551951476303,0.22572174145781065
2025-12-09 04:00:00,2025-12-09,valid_2025_12,1.05579060269538,1.262184929860389,1.145876015233165,1.2815123441531906,0.09008541253778499,0.22572174145781065
2025-12-09 05:00:00,2025-12-09,valid_2025_12,1.1210847412472318,1.3274790684122404,1.2113141453229275,1.346806482705042,0.09022940407569577,0.22572174145781065
2025-12-09 06:00:00,2025-12-09,valid_2025_12,1.2069841295029757,1.4133784566679848,1.2973034970531216,1.4327058709607863,0.0903193675501458,0.22572174145781065
2025-12-09 07:00:00,2025-12-09,valid_2025_12,1.2265055383036831,1.4328998654686917,1.3228128656611762,1.4522272797614937,0.09630732735749295,0.22572174145781065
2025-12-09 08:00:00,2025-12-09,valid_2025_12,0.9962024955306255,1.2025968226956343,1.107437976636233,1.2219242369884362,0.11123548110560777,0.22572174145781065
2025-12-09 09:00:00,2025-12-09,valid_2025_12,0.5185530030158335,0.7249473301808423,0.7271551539510596,0.7711488179770459,0.208602150935226,0.25259581496121253
2025-12-09 10:00:00,2025-12-09,valid_2025_12,-0.01790511483654378,0.18848921232846505,0.5725091865531392,0.27771017783856145,0.5904143013896829,0.2956152926751051
2025-12-09 11:00:00,2025-12-09,valid_2025_12,-0.2899426946200399,-0.08354836745503114,0.38437504414317947,0.02481907620418433,0.6743177387632195,0.3147617708242244
2025-12-09 12:00:00,2025-12-09,valid_2025_12,-0.41018346442740894,-0.20378913726240017,0.33132322753029353,-0.08087871617628695,0.7415066919577024,0.3293047482511221
2025-12-09 13:00:00,2025-12-09,valid_2025_12,-0.44600316149111024,-0.23960883432610142,0.28871849591676946,-0.1166984132399882,0.7347216574078796,0.3293047482511221
2025-12-09 14:00:00,2025-12-09,valid_2025_12,-0.2628368540057196,-0.05644252684071083,0.4114808847574998,0.05192491681850464,0.6743177387632195,0.3147617708242244
2025-12-09 15:00:00,2025-12-09,valid_2025_12,0.17255897291333322,0.37895330007834216,0.6487495663930533,0.41933323465957695,0.47619059347971987,0.2467742617462435
2025-12-09 16:00:00,2025-12-09,valid_2025_12,0.7464832371858987,0.9528775643509075,0.9400821276700242,0.9677850557597378,0.1935988904841255,0.22130181857383918
2025-12-09 17:00:00,2025-12-09,valid_2025_12,1.067189165671849,1.273583492836858,1.1473467725447164,1.2734628679013493,0.08015760687286749,0.20627370222950003
2025-12-09 18:00:00,2025-12-09,valid_2025_12,1.2076743724075112,1.41406869957252,1.274660910908657,1.4148364091681722,0.06698653850114573,0.20716203676066092
2025-12-09 19:00:00,2025-12-09,valid_2025_12,1.1765652281401158,1.3829595553051237,1.2713731904858667,1.3828389303696151,0.0948079623457516,0.20627370222950003
2025-12-09 20:00:00,2025-12-09,valid_2025_12,1.1625638340331577,1.3689581611981663,1.2454180309017058,1.370826441964405,0.08285419686854849,0.20826260793124746
2025-12-09 21:00:00,2025-12-09,valid_2025_12,1.2311938251998416,1.4375881523648508,1.3044795780744352,1.4419383005952509,0.073285752874593,0.2107444753954086
2025-12-09 22:00:00,2025-12-09,valid_2025_12,1.3393699835688855,1.5457643107338939,1.4075869867001751,1.550114458964294,0.06821700313128971,0.2107444753954086
2025-12-09 23:00:00,2025-12-09,valid_2025_12,1.3175583428499809,1.5239526700149892,1.383257825175467,1.534205421398041,0.0656994823254863,0.2166470785480604
2025-12-10 00:00:00,2025-12-10,valid_2025_12,1.3068885936286931,1.5132829207937024,1.3743620856922494,1.517633069024102,0.06747349206355596,0.2107444753954086
2025-12-10 01:00:00,2025-12-10,valid_2025_12,1.2926042297356246,1.4989985569006337,1.367042296169201,1.5033487051310332,0.07443806643357663,0.2107444753954086
2025-12-10 02:00:00,2025-12-10,valid_2025_12,1.3089349525775722,1.5153292797425806,1.3833730190111484,1.5196794279729802,0.07443806643357663,0.2107444753954086
2025-12-10 03:00:00,2025-12-10,valid_2025_12,1.330296716920292,1.5366910440853008,1.3988276689923589,1.5385593248515395,0.06853095207206683,0.20826260793124746
2025-12-10 04:00:00,2025-12-10,valid_2025_12,1.3555148650395328,1.5619091922045412,1.4240458171115993,1.5617885672690321,0.06853095207206683,0.20627370222950003
2025-12-10 05:00:00,2025-12-10,valid_2025_12,1.3860072263406715,1.5924015535056801,1.4591967603989584,1.5931692631013323,0.07318953405828683,0.20716203676066092
2025-12-10 06:00:00,2025-12-10,valid_2025_12,1.4341413687616629,1.6405356959266713,1.5054637035727265,1.6413034055223235,0.0713223348110639,0.20716203676066092
2025-12-10 07:00:00,2025-12-10,valid_2025_12,1.454018155354469,1.660412482519478,1.5243885974449254,1.6493444745944246,0.07037044209045656,0.19532631923995566
2025-12-10 08:00:00,2025-12-10,valid_2025_12,1.2920374135531603,1.498431740718169,1.359955493672643,1.4873637327931157,0.0679180801194831,0.19532631923995566
2025-12-10 09:00:00,2025-12-10,valid_2025_12,0.9873662642914643,1.1937605914564728,1.0901511315911216,1.168185644180634,0.10278486729965725,0.1808193798891695
2025-12-10 10:00:00,2025-12-10,valid_2025_12,0.556643646572409,0.7630379737374178,0.7775439830300017,0.7642823656366007,0.22090033645759288,0.20763871906419165
2025-12-10 11:00:00,2025-12-10,valid_2025_12,0.18751937862501622,0.39391370579002505,0.648462773402205,0.39515809768920795,0.46094339477718854,0.20763871906419165
2025-12-10 12:00:00,2025-12-10,valid_2025_12,-0.038997584512927896,0.16739674265208093,0.5749976873223048,0.2255154347635272,0.6139952718352325,0.2645130192764552
2025-12-10 13:00:00,2025-12-10,valid_2025_12,-0.1415423986874903,0.06485192847751853,0.4784808156327307,0.137068609095628,0.6200232143202209,0.27861100778311815
2025-12-10 14:00:00,2025-12-10,valid_2025_12,-0.004796109955922612,0.20159821720908622,0.6025799158562538,0.2597666547265114,0.6073760258121762,0.26456276468243406
2025-12-10 15:00:00,2025-12-10,valid_2025_12,0.42593124145843997,0.6323255686234488,0.7301677936817288,0.6357826708828369,0.3042365522232889,0.20985142942439697
2025-12-10 16:00:00,2025-12-10,valid_2025_12,1.049689220089149,1.2560835472541578,1.153130817094428,1.213578607303789,0.10344159700527922,0.1638893872146401
2025-12-10 17:00:00,2025-12-10,valid_2025_12,1.6071425038810507,1.8135368310460591,1.6807908421567483,1.8054822022458268,0.07364833827569756,0.1983396983647763
2025-12-10 18:00:00,2025-12-10,valid_2025_12,1.763873051621091,1.9702673787860998,1.8301395921799328,1.962212749985867,0.0662665405588418,0.1983396983647763
2025-12-10 19:00:00,2025-12-10,valid_2025_12,1.8489724453700034,2.055366772535012,1.9126323472545015,2.04731214373478,0.06365990188449787,0.1983396983647763
2025-12-10 20:00:00,2025-12-10,valid_2025_12,1.89267690091622,2.099071228081229,1.9550249784551292,2.091016599280996,0.06234807753890891,0.1983396983647763
2025-12-10 21:00:00,2025-12-10,valid_2025_12,1.949120256498894,2.155514583663903,1.992667485881226,2.1474599548636704,0.043547229382331874,0.1983396983647763
2025-12-10 22:00:00,2025-12-10,valid_2025_12,2.097099253549149,2.3034935807141577,2.128214946778651,2.2940885163295976,0.03111569322950191,0.19698926278044881
2025-12-10 23:00:00,2025-12-10,valid_2025_12,2.1375048494327458,2.3438991765977546,2.16523941455782,2.3344941122131946,0.027734565125074526,0.19698926278044881
2025-12-11 00:00:00,2025-12-11,valid_2025_12,2.0731904104873298,2.279584737652339,2.113423889760047,2.270179673267779,0.04023347927271689,0.19698926278044881
2025-12-11 01:00:00,2025-12-11,valid_2025_12,2.0374739781101345,2.2438683052751434,2.0667933127557214,2.233450065360068,0.029319334645586947,0.1959760872499332
2025-12-11 02:00:00,2025-12-11,valid_2025_12,2.039303463685147,2.245697790850156,2.065876342339439,2.2307702188816676,0.02657287865429204,0.19146675519652043
2025-12-11 03:00:00,2025-12-11,valid_2025_12,2.0330237785556973,2.239418105720706,2.058012029569819,2.224490533752218,0.024988251014122064,0.19146675519652043
2025-12-11 04:00:00,2025-12-11,valid_2025_12,1.9843077422560786,2.190702069421088,2.003242357489885,2.175774497452599,0.018934615233806042,0.19146675519652043
2025-12-11 05:00:00,2025-12-11,valid_2025_12,1.928649829450219,2.135044156615228,1.9428209229396483,2.1201165846467394,0.014171093489429142,0.19146675519652043
2025-12-11 06:00:00,2025-12-11,valid_2025_12,1.942293917222545,2.1486882443875546,1.9572547408195582,2.133760672419066,0.014960823597013166,0.19146675519652043
2025-12-11 07:00:00,2025-12-11,valid_2025_12,1.9212714010434717,2.127665728208481,1.9603916937169776,2.1127381562399923,0.03912029267350557,0.19146675519652043
2025-12-11 08:00:00,2025-12-11,valid_2025_12,1.7023150259205582,1.9087093530855674,1.764320116343559,1.8982911131704916,0.06200509042300064,0.1959760872499332
2025-12-11 09:00:00,2025-12-11,valid_2025_12,1.2099854676494677,1.4163797948144765,1.3001263717284588,1.3663269201840902,0.09014090407899113,0.15634145253462248
2025-12-11 10:00:00,2025-12-11,valid_2025_12,0.7218424245720266,0.9282367517370355,0.9934442554870134,0.8749130312614849,0.2716018309149869,0.1530706066894582
2025-12-11 11:00:00,2025-12-11,valid_2025_12,0.3908391308955823,0.5972334580605911,0.8161193621230309,0.5629395972160591,0.4252802312274487,0.17210046632047676
2025-12-11 12:00:00,2025-12-11,valid_2025_12,0.2418004873848223,0.4481948145498311,0.7146351842971841,0.4139009537052991,0.4728346969123619,0.17210046632047676
2025-12-11 13:00:00,2025-12-11,valid_2025_12,0.22259062586411515,0.428984953029124,0.6906825611700651,0.394691092184592,0.46809193530594995,0.17210046632047676
2025-12-11 14:00:00,2025-12-11,valid_2025_12,0.4161223234947774,0.6225166506597863,0.8035519222124867,0.5882227898152543,0.3874295987177093,0.17210046632047676
2025-12-11 15:00:00,2025-12-11,valid_2025_12,0.7494144465130321,0.955808773678041,0.9954307779158245,0.9024850532024904,0.2460163314027923,0.1530706066894582
2025-12-11 16:00:00,2025-12-11,valid_2025_12,1.011207082398505,1.2176014095635144,1.1792415800835925,1.1772568929625744,0.16803449768508735,0.16604981056406903
2025-12-11 17:00:00,2025-12-11,valid_2025_12,1.4031773911503382,1.609571718315347,1.5172255628114306,1.6015170895151147,0.11404817166109203,0.1983396983647763
2025-12-11 18:00:00,2025-12-11,valid_2025_12,1.514612611077016,1.7210069382420252,1.615611152855214,1.7129523094417924,0.10099854177819752,0.1983396983647763
2025-12-11 19:00:00,2025-12-11,valid_2025_12,1.4190424586317463,1.625436785796755,1.5181353521601653,1.6143687778717022,0.09909289352841891,0.19532631923995566
2025-12-11 20:00:00,2025-12-11,valid_2025_12,1.3301780238935288,1.5365723510585372,1.4317898607820998,1.5373400606541894,0.10161183688857166,0.20716203676066092
2025-12-11 21:00:00,2025-12-11,valid_2025_12,1.2761756771906727,1.4825700043556818,1.3857189865418709,1.4892509454101022,0.10954330935119809,0.2130752682194295
2025-12-11 22:00:00,2025-12-11,valid_2025_12,1.1528862322837443,1.3592805594487531,1.2614373346147385,1.380938766565576,0.10855110233099477,0.22805253428183153
2025-12-11 23:00:00,2025-12-11,valid_2025_12,1.0988626716130325,1.305256998778041,1.2398163521471404,1.3245844130708428,0.14095368053410817,0.22572174145781065
2025-12-12 00:00:00,2025-12-12,valid_2025_12,1.3308039236063016,1.537198250771311,1.4405691075034235,1.5379659603669626,0.10976518389712155,0.20716203676066092
2025-12-12 01:00:00,2025-12-12,valid_2025_12,1.3862291840539402,1.592623511218949,1.4919842450855012,1.5815555032938962,0.1057550610315607,0.19532631923995566
2025-12-12 02:00:00,2025-12-12,valid_2025_12,1.3646221441655138,1.5710164713305226,1.4703253690066977,1.5717841809261748,0.10570322484118415,0.20716203676066092
2025-12-12 03:00:00,2025-12-12,valid_2025_12,1.351897971181122,1.5582922983461307,1.454814845489477,1.5590600079417825,0.1029168743083551,0.20716203676066092
2025-12-12 04:00:00,2025-12-12,valid_2025_12,1.3321037612731104,1.5384980884381192,1.4139795342977894,1.539265798033771,0.08187577302467917,0.20716203676066092
2025-12-12 05:00:00,2025-12-12,valid_2025_12,1.363925940311333,1.570320267476342,1.4573447242769635,1.571087977071994,0.09341878396563068,0.20716203676066092
2025-12-12 06:00:00,2025-12-12,valid_2025_12,1.407610935110178,1.6140052622751873,1.485610560193915,1.6088854519838123,0.07799962508373658,0.20127451687363426
2025-12-12 07:00:00,2025-12-12,valid_2025_12,1.3829871287350008,1.5893814559000097,1.466001684352865,1.5870822892537042,0.08301455561786424,0.20409516051870386
2025-12-12 08:00:00,2025-12-12,valid_2025_12,1.1457188916232648,1.3521132187882736,1.2240336324288357,1.3555420289841267,0.0783147408055711,0.20982313736086206
2025-12-12 09:00:00,2025-12-12,valid_2025_12,0.8525050382242512,1.05889936538926,0.9666506248988547,1.0737974824786551,0.1141455866746035,0.22129244425440397
2025-12-12 10:00:00,2025-12-12,valid_2025_12,0.6267635245063626,0.8331578516713715,0.8796783566338354,0.8599459400986017,0.25291483212747295,0.23318241559223923
2025-12-12 11:00:00,2025-12-12,valid_2025_12,0.40444727764798716,0.610841604812996,0.7082997674778732,0.6556926570248721,0.30385248982988594,0.251245379376885
2025-12-12 12:00:00,2025-12-12,valid_2025_12,0.2310651677174349,0.43745949488244373,0.6323686361334462,0.4819684235370718,0.40130346841601133,0.25090325581963685
2025-12-12 13:00:00,2025-12-12,valid_2025_12,0.16855374071772533,0.37494806788273427,0.5658701090989599,0.4194569965373621,0.39731636838123463,0.25090325581963685
2025-12-12 14:00:00,2025-12-12,valid_2025_12,0.19823015320562842,0.40462448037063703,0.5896232899359347,0.4541677138391417,0.3913931367303065,0.2559375606335136
2025-12-12 15:00:00,2025-12-12,valid_2025_12,0.35269361153785916,0.559087938702868,0.6950365935589422,0.5941814047457854,0.342342982021083,0.24148779320792613
2025-12-12 16:00:00,2025-12-12,valid_2025_12,0.6011237268607302,0.8075180540257391,0.8333368897998402,0.8395438771867169,0.23221316293910996,0.23842015032598668
2025-12-12 17:00:00,2025-12-12,valid_2025_12,0.8075394911839215,1.0139338183489304,0.973751990310862,1.061779615582849,0.1662124991269404,0.2542401243989275
2025-12-12 18:00:00,2025-12-12,valid_2025_12,0.7297864419069007,0.9361807690719095,0.8643723418525529,0.9897715119930361,0.13458589994565223,0.25998507008613536
2025-12-12 19:00:00,2025-12-12,valid_2025_12,0.7220296685197138,0.9284239956847229,0.9050173843412852,0.9820147386058491,0.1829877158215713,0.25998507008613536
2025-12-12 20:00:00,2025-12-12,valid_2025_12,0.6216051991984537,0.8279995263634625,0.8094961644394887,0.8815902692845892,0.18789096524103469,0.25998507008613536
2025-12-12 21:00:00,2025-12-12,valid_2025_12,0.5897889811098762,0.796183308274885,0.8092231530479335,0.8497740511960117,0.21943417193805737,0.25998507008613536
2025-12-12 22:00:00,2025-12-12,valid_2025_12,0.5887759703142441,0.7951702974792529,0.8082101422523014,0.8487610404003796,0.21943417193805737,0.25998507008613536
2025-12-12 23:00:00,2025-12-12,valid_2025_12,0.6161917803101291,0.8225861074751379,0.8669274147111046,0.8788991203135805,0.2507356344009753,0.26270734000345136
2025-12-13 00:00:00,2025-12-13,valid_2025_12,0.7005541201675844,0.9069484473325933,0.9054538738372955,0.9605391902537199,0.20489975366971105,0.25998507008613536
2025-12-13 01:00:00,2025-12-13,valid_2025_12,0.7230907175566069,0.9294850447216157,0.9560361507597316,0.9830757876427424,0.2329454332031246,0.25998507008613536
2025-12-13 02:00:00,2025-12-13,valid_2025_12,0.7019637094366887,0.9083580366016976,0.9368133985397874,0.9619487795228242,0.23484968910309856,0.25998507008613536
2025-12-13 03:00:00,2025-12-13,valid_2025_12,0.6696394080518598,0.8760337352168687,0.8805176689785771,0.9296244781379953,0.21087826092671733,0.25998507008613536
2025-12-13 04:00:00,2025-12-13,valid_2025_12,0.6221008346292692,0.8284951617942781,0.8326561113025747,0.8820859047154047,0.21055527667330548,0.25998507008613536
2025-12-13 05:00:00,2025-12-13,valid_2025_12,0.650183745019301,0.8565780721843098,0.8508150214253808,0.9101688151054365,0.2006312764060799,0.25998507008613536
2025-12-13 06:00:00,2025-12-13,valid_2025_12,0.739157580715718,0.9455519078807268,0.9194384261694486,0.9991426508018535,0.1802808454537305,0.25998507008613536
2025-12-13 07:00:00,2025-12-13,valid_2025_12,0.7389917260579357,0.9453860532229446,0.9141976104759946,0.9989767961440712,0.17520588441805904,0.25998507008613536
2025-12-13 08:00:00,2025-12-13,valid_2025_12,0.5178261178031838,0.7242204449681926,0.7125504633373294,0.7778111878893192,0.19472434553414575,0.25998507008613536
2025-12-13 09:00:00,2025-12-13,valid_2025_12,-0.057039625869268806,0.14935470129574002,0.3480427039049019,0.2099248333623659,0.4050823297741705,0.2669644592316348
2025-12-13 10:00:00,2025-12-13,valid_2025_12,-0.719947017906817,-0.5135526907418082,0.018873334865056823,-0.3985659665297791,0.7388203527718737,0.321381051377038
2025-12-13 11:00:00,2025-12-13,valid_2025_12,-1.0956511223305134,-0.8892567951655046,-0.0857588670651106,-0.7283661118396969,1.0098922552654028,0.3672850104908167
2025-12-13 12:00:00,2025-12-13,valid_2025_12,-1.1688203766522196,-0.9624260494872108,-0.14883641088418176,-0.8015353661614031,1.019983965768038,0.3672850104908167
2025-12-13 13:00:00,2025-12-13,valid_2025_12,-1.2010517573513984,-0.9946574301863895,-0.18423320719224656,-0.8337667468605818,1.016818550159152,0.3672850104908167
2025-12-13 14:00:00,2025-12-13,valid_2025_12,-1.0397432002836404,-0.8333488731186317,-0.028948101111734847,-0.6724581897928239,1.010795099171906,0.3672850104908167
2025-12-13 15:00:00,2025-12-13,valid_2025_12,-0.6277477824860581,-0.42135345532104923,0.10335835418168549,-0.3120630062014463,0.7311061366677436,0.315684776284612
2025-12-13 16:00:00,2025-12-13,valid_2025_12,0.042407598354231135,0.24880192551923996,0.4218308336537273,0.30932231217988715,0.3794232352994962,0.26691471382565596
2025-12-13 17:00:00,2025-12-13,valid_2025_12,0.6842421567848154,0.8906364839498242,0.8506297579058695,0.9442272268709508,0.16638760112105402,0.25998507008613536
2025-12-13 18:00:00,2025-12-13,valid_2025_12,0.7668638993457952,0.9732582265108038,0.9229759340013552,1.0268489694319305,0.15611203465555998,0.25998507008613536
2025-12-13 19:00:00,2025-12-13,valid_2025_12,0.6663417756435781,0.8727361028085869,0.8414815295265838,0.9263268457297136,0.1751397538830057,0.25998507008613536
2025-12-13 20:00:00,2025-12-13,valid_2025_12,0.5261032470300095,0.7324975741950184,0.7236313212385717,0.788810587033461,0.19752807420856203,0.26270734000345136
2025-12-13 21:00:00,2025-12-13,valid_2025_12,0.4920685037410286,0.6984628309060374,0.719048417505467,0.7734690892982619,0.2269799137644383,0.28140058555723335
2025-12-13 22:00:00,2025-12-13,valid_2025_12,0.4788699092936767,0.6852642364586855,0.7030434397637472,0.7602704948509101,0.22417353047007052,0.28140058555723335
2025-12-13 23:00:00,2025-12-13,valid_2025_12,0.5096931033001387,0.7160874304651476,0.7595649779331747,0.8036219587204193,0.24987187463303567,0.29392885542028063
2025-12-14 00:00:00,2025-12-14,valid_2025_12,0.46956416560891134,0.6759584927739202,0.7041678086780498,0.7509647511661448,0.23460364306913856,0.28140058555723335
2025-12-14 01:00:00,2025-12-14,valid_2025_12,0.5346338919388167,0.7410282191038255,0.7719742501293203,0.81603447749605,0.23734035819050353,0.28140058555723335
2025-12-14 02:00:00,2025-12-14,valid_2025_12,0.5246810345734205,0.7310753617384294,0.792426363839196,0.8186098899937011,0.2677453292657754,0.29392885542028063
2025-12-14 03:00:00,2025-12-14,valid_2025_12,0.5396119861809744,0.7460063133459832,0.8021714848921112,0.833540841601255,0.2625594987111369,0.29392885542028063
2025-12-14 04:00:00,2025-12-14,valid_2025_12,0.5500748553851539,0.7564691825501627,0.8143630801853677,0.8440037108054345,0.26428822480021374,0.29392885542028063
2025-12-14 05:00:00,2025-12-14,valid_2025_12,0.5566099847391172,0.763004311904126,0.801942556778627,0.8380105702963506,0.2453325720395098,0.28140058555723335
2025-12-14 06:00:00,2025-12-14,valid_2025_12,0.5476087754524149,0.7540031026174238,0.7902631205133058,0.8290093610096484,0.242654345060891,0.28140058555723335
2025-12-14 07:00:00,2025-12-14,valid_2025_12,0.6168383680246137,0.8232326951896225,0.8561910755766731,0.8982389535818471,0.23935270755205937,0.28140058555723335
2025-12-14 08:00:00,2025-12-14,valid_2025_12,0.4091957000067462,0.615590027171755,0.6726810435342186,0.6905962855639797,0.2634853435274725,0.28140058555723335
2025-12-14 09:00:00,2025-12-14,valid_2025_12,-0.3418546765398697,-0.13546034937486084,0.20814019853250643,-0.06936071414721756,0.5499948750723762,0.272493962392652
2025-12-14 10:00:00,2025-12-14,valid_2025_12,-0.992706573885608,-0.7863122467205992,-0.11173722205490355,-0.6401567988542154,0.8809693518307047,0.3525497750313926
2025-12-14 11:00:00,2025-12-14,valid_2025_12,-1.284235582399536,-1.0778412552345271,-0.24895032459277033,-0.877462423337641,1.0352852578067657,0.406773159061895
2025-12-14 12:00:00,2025-12-14,valid_2025_12,-1.3438543709227593,-1.1374600437577504,-0.3193653010463493,-0.9370812118608643,1.02448906987641,0.406773159061895
2025-12-14 13:00:00,2025-12-14,valid_2025_12,-1.2809951049790316,-1.0746007778140227,-0.2678618862794385,-0.8742219459171365,1.013133218699593,0.406773159061895
2025-12-14 14:00:00,2025-12-14,valid_2025_12,-1.0188234228249262,-0.8124290956599174,-0.12145134650906786,-0.6763604321452761,0.8973720763158585,0.3424629906796502
2025-12-14 15:00:00,2025-12-14,valid_2025_12,-0.4444659377707739,-0.2380716106057651,0.21462266956204823,-0.13810655086924173,0.6590886073328222,0.3063593869015324
2025-12-14 16:00:00,2025-12-14,valid_2025_12,0.30588297526020936,0.5122773024252181,0.6264672214326221,0.5521041734111634,0.3205842461724128,0.2462211981509541
2025-12-14 17:00:00,2025-12-14,valid_2025_12,0.8431707170455971,1.049565044210606,0.9623055911373481,1.0738782374602733,0.11913487409175103,0.23070752041467615
2025-12-14 18:00:00,2025-12-14,valid_2025_12,0.9740000619658463,1.1803943891308548,1.0853943872708518,1.2099801821806806,0.11139432530500558,0.2359801202148345
2025-12-14 19:00:00,2025-12-14,valid_2025_12,0.9101886219772793,1.116582949142288,1.0309851755821176,1.1701736920634147,0.12079655360483811,0.25998507008613536
2025-12-14 20:00:00,2025-12-14,valid_2025_12,0.8548524251302261,1.061246752295235,1.016602356668267,1.1148374952163616,0.1617499315380409,0.25998507008613536
2025-12-14 21:00:00,2025-12-14,valid_2025_12,0.8447929719594056,1.0511872991244144,1.0099957999095952,1.104778042045541,0.16520282795018965,0.25998507008613536
2025-12-14 22:00:00,2025-12-14,valid_2025_12,0.7782210863188428,0.9846154134838516,0.9441355600049555,1.0382061564049783,0.16591447368611276,0.25998507008613536
2025-12-14 23:00:00,2025-12-14,valid_2025_12,0.809722075364404,1.0161164025294127,0.9901809560156597,1.0697071454505394,0.18045888065125543,0.25998507008613536
2025-12-15 00:00:00,2025-12-15,valid_2025_12,0.8019560099086522,1.008350337073661,0.9965932746602142,1.0646633499121037,0.19463726475156198,0.26270734000345136
2025-12-15 01:00:00,2025-12-15,valid_2025_12,0.7763772243358614,0.9827715515008703,0.9710144890874234,1.039084564339313,0.19463726475156198,0.26270734000345136
2025-12-15 02:00:00,2025-12-15,valid_2025_12,0.7932081409818825,0.9996024681468914,0.9905598653371985,1.055915480985334,0.19735172435531592,0.26270734000345136
2025-12-15 03:00:00,2025-12-15,valid_2025_12,0.8043808891600183,1.010775216325027,0.9700132333389274,1.0643659592461536,0.16563234417890912,0.25998507008613536
2025-12-15 04:00:00,2025-12-15,valid_2025_12,0.8406462548707423,1.0470405820357511,1.0097165168297024,1.1006313249568778,0.16907026195896005,0.25998507008613536
2025-12-15 05:00:00,2025-12-15,valid_2025_12,0.864423957040361,1.07081828420537,0.9917202367993093,1.1244090271264966,0.1272962797589483,0.25998507008613536
2025-12-15 06:00:00,2025-12-15,valid_2025_12,0.9491481616057049,1.1555424887707137,1.064241117198525,1.1851282818205395,0.11509295559282026,0.2359801202148345
2025-12-15 07:00:00,2025-12-15,valid_2025_12,1.020485300521673,1.2268796276866822,1.1146257794390266,1.2476012283345221,0.09414047891735333,0.22711592781284864
2025-12-15 08:00:00,2025-12-15,valid_2025_12,0.8828336487321883,1.089227975897197,1.0069747659377013,1.1085553901899985,0.1241411172055132,0.22572174145781065
2025-12-15 09:00:00,2025-12-15,valid_2025_12,0.3765891301239993,0.5829834572890081,0.6384160148579833,0.6291849450852119,0.26182688473398374,0.25259581496121253
2025-12-15 10:00:00,2025-12-15,valid_2025_12,-0.13587336025260355,0.07052096691240528,0.46894234727182305,0.15974193242250168,0.6048157075244264,0.2956152926751051
2025-12-15 11:00:00,2025-12-15,valid_2025_12,-0.39489240133245085,-0.18849807416744202,0.29700818230995685,-0.10913444102288583,0.6919005836424078,0.2857579603095651
2025-12-15 12:00:00,2025-12-15,valid_2025_12,-0.42590108606611554,-0.2195067589011067,0.2853597674039896,-0.16372796830341663,0.7112608534701051,0.26217311776269886
2025-12-15 13:00:00,2025-12-15,valid_2025_12,-0.3377291734190622,-0.13133484625405345,0.3046994788458819,-0.0873113930933177,0.6424286522649443,0.25041778032574463
2025-12-15 14:00:00,2025-12-15,valid_2025_12,0.02184986092545549,0.22824418809046432,0.4691872257277062,0.1939503272459323,0.44733736480225067,0.17210046632047676
2025-12-15 15:00:00,2025-12-15,valid_2025_12,0.5761392830320018,0.7825336101970106,0.799778549271791,0.7436600851244521,0.22363926623978914,0.16752080209245004
2025-12-15 16:00:00,2025-12-15,valid_2025_12,1.2802552459348,1.4866495730998093,1.3586169933581012,1.44414463314944,0.0783617474233012,0.1638893872146401
2025-12-15 17:00:00,2025-12-15,valid_2025_12,1.8456472874001237,2.0520416145651326,1.8991619628945213,2.0426365501805726,0.05351467549439778,0.19698926278044881
2025-12-15 18:00:00,2025-12-15,valid_2025_12,2.0106837171829266,2.217078044347936,2.041088012745651,2.2041490711911926,0.030404295562724157,0.19346535400826528
2025-12-15 19:00:00,2025-12-15,valid_2025_12,2.0292582116002467,2.235652538765256,2.0574691700425327,2.2207249667967672,0.028210958442285727,0.19146675519652043
2025-12-15 20:00:00,2025-12-15,valid_2025_12,2.0011963398560226,2.207590667021032,2.0269331745382653,2.192663095052543,0.025736834682242717,0.19146675519652043
2025-12-15 21:00:00,2025-12-15,valid_2025_12,2.0721894969130368,2.278583824078046,2.0984358394350435,2.264669427640073,0.026246342522006774,0.19247993072703604
2025-12-15 22:00:00,2025-12-15,valid_2025_12,2.1127423633172864,2.3191366904822956,2.1378575018204433,2.304209118513807,0.02511513850315666,0.19146675519652043
2025-12-15 23:00:00,2025-12-15,valid_2025_12,2.0680843311498434,2.274478658314852,2.0971684834827435,2.261549685158109,0.02908415233290012,0.19346535400826528
2025-12-16 00:00:00,2025-12-16,valid_2025_12,2.070409978121817,2.276804305286826,2.0958432160006337,2.2618767333183376,0.02543323787881647,0.19146675519652043
2025-12-16 01:00:00,2025-12-16,valid_2025_12,2.063057497378232,2.269451824543241,2.0884907352570488,2.2545242525747526,0.02543323787881647,0.19146675519652043
2025-12-16 02:00:00,2025-12-16,valid_2025_12,1.9939309941704904,2.200325321335499,2.0245429946237525,2.1853977493670103,0.030612000453262185,0.19146675519652043
2025-12-16 03:00:00,2025-12-16,valid_2025_12,1.8875804642913954,2.0939747914564038,1.9141449061890619,2.0810458182996605,0.02656444189766658,0.19346535400826528
2025-12-16 04:00:00,2025-12-16,valid_2025_12,1.8489847179133911,2.0553790450784,1.8753047213467733,2.0404514731099117,0.026320003433382068,0.19146675519652043
2025-12-16 05:00:00,2025-12-16,valid_2025_12,1.8467491864742929,2.0531435136393017,1.873069189907675,2.0392013649520426,0.026320003433382068,0.19245217847774967
2025-12-16 06:00:00,2025-12-16,valid_2025_12,1.844315365798459,2.050709692963468,1.8706353692318411,2.035782120994979,0.026320003433382068,0.19146675519652043
2025-12-16 07:00:00,2025-12-16,valid_2025_12,1.8561730972196782,2.062567424384687,1.887671863227506,2.0476398524161987,0.031498766007827785,0.19146675519652043
2025-12-16 08:00:00,2025-12-16,valid_2025_12,1.6616487261509965,1.8680430533160053,1.7144695529765748,1.853115481347517,0.05282082682557847,0.19146675519652043
2025-12-16 09:00:00,2025-12-16,valid_2025_12,1.0682519679292262,1.274646295094235,1.163173652658438,1.2246268278868881,0.09492168472921166,0.1563748599576618
2025-12-16 10:00:00,2025-12-16,valid_2025_12,0.4399517456686728,0.6463460728336816,0.7489474117670081,0.593022352358131,0.30899566609833523,0.1530706066894582
2025-12-16 11:00:00,2025-12-16,valid_2025_12,0.09435219017506324,0.3007465173400721,0.5356855206339497,0.26645265649554006,0.4413333304588865,0.17210046632047676
2025-12-16 12:00:00,2025-12-16,valid_2025_12,-0.03955826442369914,0.1668360627413097,0.4755870220644176,0.13254220189677768,0.5151452864881167,0.17210046632047676
2025-12-16 13:00:00,2025-12-16,valid_2025_12,-0.08822976892302414,0.11816455824198469,0.4357915744298432,0.08387069739745268,0.5240213433528672,0.17210046632047676
2025-12-16 14:00:00,2025-12-16,valid_2025_12,0.06504430463288835,0.2714386317978972,0.553049319384086,0.23714477095336517,0.48800501475119756,0.17210046632047676
2025-12-16 15:00:00,2025-12-16,valid_2025_12,0.4447674916940152,0.651161818859024,0.7526757836565221,0.616867958014492,0.30790829196250685,0.17210046632047676
2025-12-16 16:00:00,2025-12-16,valid_2025_12,1.1034871412835747,1.3098814684485829,1.198399836285663,1.2598620012412363,0.0949126950020885,0.1563748599576618
2025-12-16 17:00:00,2025-12-16,valid_2025_12,1.6686682703246785,1.8750625974896873,1.716576673884267,1.8611482010517144,0.047908403559588426,0.19247993072703604
2025-12-16 18:00:00,2025-12-16,valid_2025_12,1.795151206343141,2.0015455335081493,1.824359265683849,1.9876311370701765,0.02920805934070799,0.19247993072703604
2025-12-16 19:00:00,2025-12-16,valid_2025_12,1.7149084086568473,1.9213027358218566,1.742937661720581,1.9073883393838837,0.028029253063733762,0.19247993072703604
2025-12-16 20:00:00,2025-12-16,valid_2025_12,1.6563066633363692,1.862700990501378,1.6843359164001028,1.8487865940634056,0.028029253063733762,0.19247993072703604
2025-12-16 21:00:00,2025-12-16,valid_2025_12,1.7223145379472413,1.9287088651122501,1.7515225972879493,1.9147944686742773,0.02920805934070799,0.19247993072703604
2025-12-16 22:00:00,2025-12-16,valid_2025_12,1.7483596801687655,1.9547540073337748,1.7750437195255389,1.9418250341770311,0.026684039356773343,0.19346535400826528
2025-12-16 23:00:00,2025-12-16,valid_2025_12,1.7255837681836823,1.9319780953486911,1.7510931649352979,1.9170505233802029,0.025509396751615683,0.19146675519652043
2025-12-17 00:00:00,2025-12-17,valid_2025_12,1.6339043626364176,1.8402986898014264,1.6698379787900541,1.8308936254168664,0.03593361615363656,0.19698926278044881
2025-12-17 01:00:00,2025-12-17,valid_2025_12,1.6007863783384997,1.8071807055035085,1.635588188749767,1.7977756411189485,0.03480181041126721,0.19698926278044881
2025-12-17 02:00:00,2025-12-17,valid_2025_12,1.5570349364833125,1.7634292636483213,1.5857620395650622,1.7505002904915776,0.028727103081749847,0.19346535400826528
2025-12-17 03:00:00,2025-12-17,valid_2025_12,1.4854991576865126,1.6918934848515215,1.5135275943398532,1.6779790884135486,0.02802843665334092,0.19247993072703604
2025-12-17 04:00:00,2025-12-17,valid_2025_12,1.4051190828363251,1.6115134100013337,1.431093421176819,1.593572458908025,0.025974338340494195,0.18845337607169976
2025-12-17 05:00:00,2025-12-17,valid_2025_12,1.3400253373857898,1.5464196645507982,1.3659996757262838,1.5463405155777914,0.025974338340494195,0.20631517819200193
2025-12-17 06:00:00,2025-12-17,valid_2025_12,1.2879134883307881,1.4943078154957972,1.3138878266712826,1.5092059325851919,0.025974338340494195,0.22129244425440397
2025-12-17 07:00:00,2025-12-17,valid_2025_12,1.1702073493770806,1.3766016765420894,1.2198243799649333,1.3914997936314846,0.04961703058785267,0.22129244425440397
2025-12-17 08:00:00,2025-12-17,valid_2025_12,0.8227129131844064,1.0291072403494153,0.9269883696790702,1.0440053574388104,0.10427545649466378,0.22129244425440397
2025-12-17 09:00:00,2025-12-17,valid_2025_12,0.10041447596450137,0.3068088031295101,0.4192157337113579,0.3451619678584049,0.3188012577468567,0.2447474918939037
2025-12-17 10:00:00,2025-12-17,valid_2025_12,-0.6437632762849891,-0.43736894911998025,0.08250258982609726,-0.33670817139000564,0.7262658661110863,0.3070551048949836
2025-12-17 11:00:00,2025-12-17,valid_2025_12,-1.0592184993856193,-0.8528241722206105,-0.03970721558055901,-0.6524453403237243,1.0195112838050604,0.406773159061895
2025-12-17 12:00:00,2025-12-17,valid_2025_12,-1.1744301562347481,-0.9680358290697393,-0.15491887242968772,-0.7676569971728531,1.0195112838050604,0.406773159061895
2025-12-17 13:00:00,2025-12-17,valid_2025_12,-1.1546874910089648,-0.948293163843956,-0.13517620720390444,-0.7479143319470698,1.0195112838050604,0.406773159061895
2025-12-17 14:00:00,2025-12-17,valid_2025_12,-0.9695845761769913,-0.7631902490119825,0.043141673078246234,-0.5628114171150963,1.0127262492552376,0.406773159061895
2025-12-17 15:00:00,2025-12-17,valid_2025_12,-0.5874012701327707,-0.3810069429677619,0.14575736736873102,-0.2803461652377873,0.7331586375015017,0.3070551048949836
2025-12-17 16:00:00,2025-12-17,valid_2025_12,-0.08578209780536705,0.12061222935964178,0.34172635185897215,0.18280626682707224,0.42750844966433904,0.26858836463243907
2025-12-17 17:00:00,2025-12-17,valid_2025_12,0.3609169168958277,0.5673112440608366,0.5532341731959589,0.6209019869819632,0.19231725630013122,0.25998507008613536
2025-12-17 18:00:00,2025-12-17,valid_2025_12,0.472530789989821,0.6789251171548298,0.6611151018569235,0.7352381299932724,0.18858431186710264,0.26270734000345136
2025-12-17 19:00:00,2025-12-17,valid_2025_12,0.5253214860162122,0.731715813181221,0.7179440106264648,0.7880288260196636,0.19262252461025264,0.26270734000345136
2025-12-17 20:00:00,2025-12-17,valid_2025_12,0.4413134720185641,0.6477077991835729,0.6596347632318651,0.7227140575757975,0.2183212912133011,0.28140058555723335
2025-12-17 21:00:00,2025-12-17,valid_2025_12,0.490782165871947,0.6971764930369558,0.7084338174540975,0.7721827514291802,0.21765165158215047,0.28140058555723335
2025-12-17 22:00:00,2025-12-17,valid_2025_12,0.4548486847988369,0.6612430119638457,0.6779617694176399,0.7362492703560704,0.22311308461880294,0.28140058555723335
2025-12-17 23:00:00,2025-12-17,valid_2025_12,0.5079314673578555,0.7143257945228644,0.7355946482087162,0.7893320529150886,0.2276631808508608,0.28140058555723335
2025-12-18 00:00:00,2025-12-18,valid_2025_12,0.556806170111272,0.7632004972762808,0.7810819380337174,0.8382067556685052,0.22427576792244547,0.28140058555723335
2025-12-18 01:00:00,2025-12-18,valid_2025_12,0.5503495850349904,0.7567439121999993,0.785672248025268,0.8317501705922237,0.23532266299027763,0.28140058555723335
2025-12-18 02:00:00,2025-12-18,valid_2025_12,0.5539582387571265,0.7603525659221353,0.7630061319117636,0.8166655787605779,0.20904789315463704,0.26270734000345136
2025-12-18 03:00:00,2025-12-18,valid_2025_12,0.5679079128598069,0.7743022400248157,0.7894909557372817,0.8306152528632583,0.22158304287747466,0.26270734000345136
2025-12-18 04:00:00,2025-12-18,valid_2025_12,0.5775346712151859,0.7839289983801947,0.8065792202582294,0.8402420112186373,0.2290445490430435,0.26270734000345136
2025-12-18 05:00:00,2025-12-18,valid_2025_12,0.5819608516489925,0.7883551788140013,0.8141729084243012,0.8446681916524439,0.23221205677530876,0.26270734000345136
2025-12-18 06:00:00,2025-12-18,valid_2025_12,0.5907693820045075,0.7971637091695163,0.834940521610468,0.8721699675617409,0.24417113960596043,0.28140058555723335
2025-12-18 07:00:00,2025-12-18,valid_2025_12,0.5729670058883235,0.7793613330533323,0.8192747918461639,0.854367591445557,0.24630778595784042,0.28140058555723335
2025-12-18 08:00:00,2025-12-18,valid_2025_12,0.35085974291163613,0.557254070076645,0.6417153422986478,0.6322603284688696,0.2908555993870117,0.28140058555723335
2025-12-18 09:00:00,2025-12-18,valid_2025_12,-0.29892216397274074,-0.09252783680773191,0.25385795409510414,0.0023532837255882955,0.5527801180678449,0.30127544769832904
2025-12-18 10:00:00,2025-12-18,valid_2025_12,-0.9393341593026392,-0.7329398321376304,-0.0479104557765595,-0.5578592161596121,0.8914237035260796,0.3814749431430272
2025-12-18 11:00:00,2025-12-18,valid_2025_12,-1.2631282103490378,-1.056733883184029,-0.21633117963477044,-0.8236676596739706,1.0467970307142676,0.4394605506750672
2025-12-18 12:00:00,2025-12-18,valid_2025_12,-1.3913424515954114,-1.1849481244304025,-0.3243838691937573,-0.9518819009203441,1.066958582401654,0.4394605506750672
2025-12-18 13:00:00,2025-12-18,valid_2025_12,-1.384359900373942,-1.1779655732089331,-0.310248944714845,-0.939537471319232,1.0741109556590969,0.44482242905470976
2025-12-18 14:00:00,2025-12-18,valid_2025_12,-1.1104227061960745,-0.9040283790310657,-0.03631175053697766,-0.6656002771413647,1.0741109556590969,0.44482242905470976
2025-12-18 15:00:00,2025-12-18,valid_2025_12,-0.6561918562957855,-0.44979752913077664,0.053390743406210306,-0.3089797473933772,0.7095825997019958,0.3472121089024084
2025-12-18 16:00:00,2025-12-18,valid_2025_12,-0.2531801155800648,-0.046785788415055984,0.30475616558517726,0.07279476164662957,0.5579362811652422,0.32597487722669444
2025-12-18 17:00:00,2025-12-18,valid_2025_12,0.1618913275566265,0.3682856547216353,0.5447852005443012,0.4866828769404239,0.3828938729876748,0.3247915493837975
2025-12-18 18:00:00,2025-12-18,valid_2025_12,0.2047100561143469,0.4111043832793555,0.5851492402657803,0.5295016054981441,0.38043918415143335,0.3247915493837975
2025-12-18 19:00:00,2025-12-18,valid_2025_12,0.11203447068809536,0.3184287978531042,0.5225355862318815,0.43682602007189275,0.41050111554378615,0.3247915493837975
2025-12-18 20:00:00,2025-12-18,valid_2025_12,0.05800722825436688,0.2644015554193757,0.4965854951225106,0.3827987776381643,0.43857826686814383,0.3247915493837975
2025-12-18 21:00:00,2025-12-18,valid_2025_12,0.052615549300042974,0.2590098764650518,0.4718631393468774,0.37740709868384037,0.41924759004683454,0.3247915493837975
2025-12-18 22:00:00,2025-12-18,valid_2025_12,0.06840329975810766,0.2747976269231165,0.4607332949518119,0.39319484914190506,0.3923299951937042,0.3247915493837975
2025-12-18 23:00:00,2025-12-18,valid_2025_12,0.08053172842204992,0.28692605558705864,0.47075131224749034,0.4053232778058472,0.3902195838254403,0.3247915493837975
2025-12-19 00:00:00,2025-12-19,valid_2025_12,0.018095514581101924,0.22448984174611075,0.46081725543754737,0.3428870639648993,0.4427217408564455,0.3247915493837975
2025-12-19 01:00:00,2025-12-19,valid_2025_12,0.08990181529857699,0.2962961424635858,0.5358661791750366,0.4146933646823744,0.4459643638764596,0.3247915493837975
2025-12-19 02:00:00,2025-12-19,valid_2025_12,0.1445146333739481,0.3509089605389568,0.5625611321375137,0.4693061827577454,0.4180464987635657,0.3247915493837975
2025-12-19 03:00:00,2025-12-19,valid_2025_12,0.18393246483688197,0.3903267920018908,0.6137034208230362,0.5087240142206796,0.4297709559861542,0.3247915493837975
2025-12-19 04:00:00,2025-12-19,valid_2025_12,0.27183052444434064,0.47822485160934947,0.6479915481595533,0.596622073828138,0.3761610237152127,0.3247915493837975
2025-12-19 05:00:00,2025-12-19,valid_2025_12,0.4126609402932946,0.6190552674583034,0.7325937801276172,0.7312892252419405,0.3199328398343227,0.31862828494864603
2025-12-19 06:00:00,2025-12-19,valid_2025_12,0.64155299122086,0.8479473183858688,0.840186189267025,0.9042603312243114,0.19863319804616505,0.26270734000345136
2025-12-19 07:00:00,2025-12-19,valid_2025_12,0.8508813807340551,1.057275707899064,0.957253305050627,1.0868615009488898,0.10637192431657216,0.2359801202148345
2025-12-19 08:00:00,2025-12-19,valid_2025_12,0.8712292576709015,1.07762358483591,1.0177112971012248,1.0969509991287119,0.14648203943032329,0.22572174145781065
2025-12-19 09:00:00,2025-12-19,valid_2025_12,0.5734035577888298,0.7797978849538386,0.7419803575142009,0.8063771870506852,0.16857679972537132,0.23297362926185566
2025-12-19 10:00:00,2025-12-19,valid_2025_12,0.16069300135583975,0.36708732852084835,0.5067691185833735,0.3970838964643607,0.34607611722753406,0.23639089510852124
2025-12-19 11:00:00,2025-12-19,valid_2025_12,-0.07339840023895972,0.1329959269260491,0.4084028989347659,0.13774827799409206,0.48180129917372577,0.21114667823305175
2025-12-19 12:00:00,2025-12-19,valid_2025_12,-0.227018384196357,-0.020624057031348175,0.3693237566471588,0.033755223057897354,0.5963421408435159,0.26077360725425447
2025-12-19 13:00:00,2025-12-19,valid_2025_12,-0.25749566780133337,-0.051101340636324544,0.35062148299603324,0.007017351475121725,0.6081171507973665,0.2645130192764552
2025-12-19 14:00:00,2025-12-19,valid_2025_12,-0.05457091610580389,0.15182341105920494,0.43883397749260766,0.19862516046166978,0.4934048935984118,0.25319607656747367
2025-12-19 15:00:00,2025-12-19,valid_2025_12,0.298081494750682,0.5044758219156908,0.6148514926000725,0.5358155008358643,0.31676999784939047,0.23773400608518233
2025-12-19 16:00:00,2025-12-19,valid_2025_12,0.8297075616272155,1.0361018887922242,0.9942520964757019,1.0380213386309625,0.16454453484848636,0.20831377700374681
2025-12-19 17:00:00,2025-12-19,valid_2025_12,1.3042854118541083,1.5106797390191173,1.3475732904228326,1.5081187225819492,0.04328787856872447,0.20383331072784078
2025-12-19 18:00:00,2025-12-19,valid_2025_12,1.387946638840028,1.5943409660050372,1.4215788983116466,1.5937582400163612,0.0336322594716185,0.2058116011763334
2025-12-19 19:00:00,2025-12-19,valid_2025_12,1.3678017848352249,1.5741961120002337,1.4240111548055396,1.5749638215958854,0.05620936997031503,0.20716203676066092
2025-12-19 20:00:00,2025-12-19,valid_2025_12,1.3272376978198788,1.5336320249848874,1.4038046326949174,1.5343997345805396,0.07656693487503845,0.20716203676066092
2025-12-19 21:00:00,2025-12-19,valid_2025_12,1.2615678441183138,1.4679621712833222,1.3688117422649717,1.4687298808789744,0.10724389814665788,0.20716203676066092
2025-12-19 22:00:00,2025-12-19,valid_2025_12,1.2448300234799898,1.4512243506449987,1.3235290560770228,1.4511534711154686,0.0786990325970331,0.20632344763547888
2025-12-19 23:00:00,2025-12-19,valid_2025_12,1.247720558091895,1.4541148852569044,1.31880247934932,1.4585147788932828,0.07108192125742462,0.21079422080138746
2025-12-20 00:00:00,2025-12-20,valid_2025_12,1.0961116933516495,1.3025060205166583,1.1913178832223847,1.3259642473602953,0.09520618987073524,0.2298525540086457
2025-12-20 01:00:00,2025-12-20,valid_2025_12,0.9788526256213517,1.1852469527863605,1.0905089560247803,1.2087051796299975,0.11165633040342858,0.2298525540086457
2025-12-20 02:00:00,2025-12-20,valid_2025_12,0.9652902379235786,1.1716845650885872,1.071275463685891,1.1951427919322242,0.10598522576231231,0.2298525540086457
2025-12-20 03:00:00,2025-12-20,valid_2025_12,0.9193856659920394,1.125779993157048,1.0514109419365312,1.149238220000685,0.1320252759444917,0.2298525540086457
2025-12-20 04:00:00,2025-12-20,valid_2025_12,0.8942180106227375,1.1006123377877464,1.0109656802820917,1.1240705646313833,0.11674766965935414,0.2298525540086457
2025-12-20 05:00:00,2025-12-20,valid_2025_12,0.8973717036292854,1.1037660307942943,1.0008329363366106,1.1261644392731507,0.10346123270732521,0.22879273564386537
2025-12-20 06:00:00,2025-12-20,valid_2025_12,0.9549481656107435,1.1613424927757523,1.054518903677668,1.1837409012546087,0.09957073806692457,0.22879273564386537
2025-12-20 07:00:00,2025-12-20,valid_2025_12,0.9752297708132961,1.1816240979783048,1.1041961197660672,1.2040225064571617,0.12896634895277104,0.22879273564386537
2025-12-20 08:00:00,2025-12-20,valid_2025_12,0.7937002699717308,1.0000945971367396,0.9495305384822899,1.022493005615596,0.15583026851055892,0.22879273564386537
2025-12-20 09:00:00,2025-12-20,valid_2025_12,0.20900018663859787,0.4153945138036068,0.5351371332659896,0.4690685598229467,0.32613694662739173,0.26006837318434867
2025-12-20 10:00:00,2025-12-20,valid_2025_12,-0.5055702300100573,-0.29917590284504836,0.16567590471733562,-0.18969889541507345,0.6712461347273928,0.3158713345949836
2025-12-20 11:00:00,2025-12-20,valid_2025_12,-0.9462246664487011,-0.7398303392836922,-0.05368295312660931,-0.6169199181975791,0.8925417133220916,0.3293047482511221
2025-12-20 12:00:00,2025-12-20,valid_2025_12,-1.1718222407648569,-0.965427913599848,-0.16103295833567688,-0.8083202763074138,1.0107892824291802,0.3635019644574432
2025-12-20 13:00:00,2025-12-20,valid_2025_12,-1.2483262957691041,-1.0419319686040953,-0.23029428174288147,-0.8415531367072091,1.018032014026223,0.406773159061895
2025-12-20 14:00:00,2025-12-20,valid_2025_12,-1.0815410285535503,-0.8751467013885414,-0.042777629426899555,-0.6709848234582818,1.0387633991266505,0.41055620509526847
2025-12-20 15:00:00,2025-12-20,valid_2025_12,-0.6185945689833963,-0.4122002418183874,0.13722826747316108,-0.2896682480714472,0.7558228364565573,0.32892632091194896
2025-12-20 16:00:00,2025-12-20,valid_2025_12,0.261852070059879,0.4682463972248878,0.5945617411699344,0.5219204432442277,0.3327096711100555,0.26006837318434867
2025-12-20 17:00:00,2025-12-20,valid_2025_12,0.9816149998158806,1.1880093269808891,1.0847340508575813,1.2083965596384716,0.10311905104170077,0.226781559822591
2025-12-20 18:00:00,2025-12-20,valid_2025_12,1.1987939600121542,1.4051882871771628,1.2778481927319876,1.4245157014699648,0.07905423271983318,0.22572174145781065
2025-12-20 19:00:00,2025-12-20,valid_2025_12,1.1828272057426772,1.389221532907686,1.2577380576758421,1.408548947200488,0.074910851933165,0.22572174145781065
2025-12-20 20:00:00,2025-12-20,valid_2025_12,1.1094803501859456,1.3158746773509544,1.188601469406731,1.335202091643756,0.0791211192207855,0.22572174145781065
2025-12-20 21:00:00,2025-12-20,valid_2025_12,1.0533497691376097,1.259744096302619,1.1324708883583956,1.2790715105954207,0.0791211192207855,0.22572174145781065
2025-12-20 22:00:00,2025-12-20,valid_2025_12,1.0223740449490437,1.228768372114053,1.0950057601286005,1.2480957864068545,0.07263171517955656,0.22572174145781065
2025-12-20 23:00:00,2025-12-20,valid_2025_12,1.0103331019872503,1.2167274291522592,1.0748892887114483,1.2360548434450611,0.06455618672419797,0.22572174145781065
2025-12-21 00:00:00,2025-12-21,valid_2025_12,0.9343090787515119,1.1407034059165206,0.9920208567937602,1.1600308202093226,0.057711778042248287,0.22572174145781065
2025-12-21 01:00:00,2025-12-21,valid_2025_12,0.909271687664168,1.1156660148291768,0.970923947254787,1.1349934291219788,0.061652259590619075,0.22572174145781065
2025-12-21 02:00:00,2025-12-21,valid_2025_12,0.8793096755594274,1.0857040027244362,0.9808392614575039,1.111077014338884,0.1015295858980765,0.2317673387794565
2025-12-21 03:00:00,2025-12-21,valid_2025_12,0.8657064378243775,1.0721007649893863,0.9707430850852576,1.1027463764039924,0.10503664726088023,0.23703993857961483
2025-12-21 04:00:00,2025-12-21,valid_2025_12,0.8465228746109299,1.0529172017759387,0.952755139906523,1.0825029948257645,0.10623226529559317,0.2359801202148345
2025-12-21 05:00:00,2025-12-21,valid_2025_12,0.8201148157492253,1.0265091429142341,0.925262366686207,1.0743549401481527,0.10514755093698175,0.2542401243989275
2025-12-21 06:00:00,2025-12-21,valid_2025_12,0.7254859673817932,0.931880294546802,0.8294379002840621,0.9854710374679284,0.10395193290226881,0.25998507008613536
2025-12-21 07:00:00,2025-12-21,valid_2025_12,0.6734964931165733,0.8798908202815822,0.7850749355956695,0.9334815632027088,0.11157844247909621,0.25998507008613536
2025-12-21 08:00:00,2025-12-21,valid_2025_12,0.516650583468688,0.7230449106336968,0.6804280770605767,0.776635653554823,0.16377749359188898,0.25998507008613536
2025-12-21 09:00:00,2025-12-21,valid_2025_12,-0.09838354535588145,0.10801078180912738,0.3221909126863871,0.17020481927655773,0.4205744580422686,0.26858836463243907
2025-12-21 10:00:00,2025-12-21,valid_2025_12,-0.7291631720248521,-0.5227688448598433,0.06555124445564009,-0.3773390963691672,0.7947144164804923,0.3518240756556848
2025-12-21 11:00:00,2025-12-21,valid_2025_12,-1.0792634198228368,-0.872869092657828,-0.06720205775449295,-0.7157614553653937,1.0120613620683439,0.3635019644574432
2025-12-21 12:00:00,2025-12-21,valid_2025_12,-1.1617189570819368,-0.9553246299169279,-0.15690032661063602,-0.7982169926244936,1.004818630471301,0.3635019644574432
2025-12-21 13:00:00,2025-12-21,valid_2025_12,-1.1734273141179223,-0.9670329869529135,-0.16860868364662118,-0.8099253496604792,1.004818630471301,0.3635019644574432
2025-12-21 14:00:00,2025-12-21,valid_2025_12,-0.9746447211377981,-0.7682503939727893,0.030173909333502613,-0.611142756680355,1.004818630471301,0.3635019644574432
2025-12-21 15:00:00,2025-12-21,valid_2025_12,-0.556883837778711,-0.35048951061370215,0.16623113439741644,-0.2561425996744432,0.7231149721761273,0.30074123810426795
2025-12-21 16:00:00,2025-12-21,valid_2025_12,0.1576951696503156,0.3640894968153243,0.5472387724135812,0.4262835342827547,0.38954360276326566,0.26858836463243907
2025-12-21 17:00:00,2025-12-21,valid_2025_12,0.7041804814166083,0.9105748085816171,0.9390979273749674,0.9641655515027437,0.2349174459583591,0.25998507008613536
2025-12-21 18:00:00,2025-12-21,valid_2025_12,0.8056258510256786,1.0120201781906875,1.0411181540168246,1.06833319102913,0.23549230299114599,0.26270734000345136
2025-12-21 19:00:00,2025-12-21,valid_2025_12,0.7001396588451759,0.9065339860101848,0.9631922161672882,0.9815402444024092,0.2630525573221123,0.28140058555723335
2025-12-21 20:00:00,2025-12-21,valid_2025_12,0.5959797779607896,0.8023741051257984,0.8618480959707753,0.8773803635180231,0.2658683180099857,0.28140058555723335
2025-12-21 21:00:00,2025-12-21,valid_2025_12,0.536851891173075,0.7432462183380838,0.8200913673084526,0.8307807465933555,0.28323947613537753,0.29392885542028063
2025-12-21 22:00:00,2025-12-21,valid_2025_12,0.4824994263395719,0.6888937535045807,0.7678746502642608,0.7764282817598525,0.28537522392468884,0.29392885542028063
2025-12-21 23:00:00,2025-12-21,valid_2025_12,0.4401302235139394,0.6465245506789482,0.7332809566664579,0.73405907893422,0.29315073315251844,0.29392885542028063
2025-12-22 00:00:00,2025-12-22,valid_2025_12,0.4924903285894695,0.6988846557544783,0.7477169948755753,0.773890914146703,0.25522666628610585,0.28140058555723335
2025-12-22 01:00:00,2025-12-22,valid_2025_12,0.6063353500713509,0.8127296772363597,0.8676362772288,0.8852959055174319,0.261300927157449,0.2789605554460811
2025-12-22 02:00:00,2025-12-22,valid_2025_12,0.6578674091123067,0.8642617362773155,0.885115012372149,0.9205747491157581,0.22724760325984236,0.26270734000345136
2025-12-22 03:00:00,2025-12-22,valid_2025_12,0.69872919296583,0.9051235201308389,0.8933335923044757,0.9587142630519655,0.19460439933864562,0.25998507008613536
2025-12-22 04:00:00,2025-12-22,valid_2025_12,0.777580634876052,0.9839749620410608,0.9733137657177214,1.0375657049621876,0.19573313084166938,0.25998507008613536
2025-12-22 05:00:00,2025-12-22,valid_2025_12,0.8744157359004999,1.0808100630655089,1.0099505094718007,1.134400805986635,0.13553477357130087,0.25998507008613536
2025-12-22 06:00:00,2025-12-22,valid_2025_12,0.8922672021902349,1.0986615293552437,1.0164248914052814,1.1465073265891625,0.12415768921504652,0.2542401243989275
2025-12-22 07:00:00,2025-12-22,valid_2025_12,0.8919179606698296,1.0983122878348386,1.0162812024741021,1.1278980808846644,0.12436324180427269,0.2359801202148345
2025-12-22 08:00:00,2025-12-22,valid_2025_12,0.7324173245651321,0.9388116517301409,0.9247890051446556,0.9683974447799663,0.1923716805795238,0.2359801202148345
2025-12-22 09:00:00,2025-12-22,valid_2025_12,0.27067041845010387,0.4770647456151127,0.5811410106327166,0.5375851322757599,0.3104705921826128,0.26691471382565596
2025-12-22 10:00:00,2025-12-22,valid_2025_12,-0.253641037245298,-0.047246710080289245,0.2887812578461856,0.01717927434057065,0.5424222950914834,0.2708203115858689
2025-12-22 11:00:00,2025-12-22,valid_2025_12,-0.6096047556298406,-0.4032104284648318,0.12245005277934984,-0.3025496507348572,0.7320548084091903,0.3070551048949836
2025-12-22 12:00:00,2025-12-22,valid_2025_12,-0.782762628660494,-0.5763683014954851,0.09618400402031113,-0.4339750771306391,0.8789466326808049,0.3487875515298551
2025-12-22 13:00:00,2025-12-22,valid_2025_12,-0.8568893166884914,-0.6504949895234826,0.043318883368344774,-0.5000691151100953,0.9002082000568362,0.3568202015783962
2025-12-22 14:00:00,2025-12-22,valid_2025_12,-0.7120936420709645,-0.5056993149059557,0.11070799409289989,-0.3633060905411092,0.8228016361638645,0.3487875515298551
2025-12-22 15:00:00,2025-12-22,valid_2025_12,-0.3789912175090735,-0.17259689034406467,0.26002139268899216,-0.07266972801361593,0.6390126101980658,0.30632148949545757
2025-12-22 16:00:00,2025-12-22,valid_2025_12,0.04371900727623357,0.2501133344412424,0.5190250590598796,0.36851055666003096,0.475306051783646,0.3247915493837975
2025-12-22 17:00:00,2025-12-22,valid_2025_12,0.3193610330527046,0.5257553602177134,0.7167967711736698,0.6441525824365022,0.3974357381209651,0.3247915493837975
2025-12-22 18:00:00,2025-12-22,valid_2025_12,0.24064108267877915,0.4470354098437881,0.6570879188247727,0.5654326320625767,0.41644683614599354,0.3247915493837975
2025-12-22 19:00:00,2025-12-22,valid_2025_12,0.1737499355880876,0.38014426275309643,0.6366260385287461,0.498541484971885,0.4628761029406585,0.3247915493837975
2025-12-22 20:00:00,2025-12-22,valid_2025_12,0.1082252485425943,0.31461957570760324,0.5595642477932813,0.4330167979263918,0.4513389992506869,0.3247915493837975
2025-12-22 21:00:00,2025-12-22,valid_2025_12,0.09430502854404421,0.30069935570905304,0.5688111630836302,0.4190965779278416,0.47450613453958607,0.3247915493837975
2025-12-22 22:00:00,2025-12-22,valid_2025_12,0.004535406069957393,0.21092973323496622,0.5163042699599614,0.3293269554537548,0.5117688638900039,0.3247915493837975
2025-12-22 23:00:00,2025-12-22,valid_2025_12,-0.012706290135455656,0.19368803702955306,0.4913803318429367,0.31208525924834174,0.5040866219783923,0.3247915493837975
2025-12-23 00:00:00,2025-12-23,valid_2025_12,0.10717804994752456,0.3135723771125334,0.6057768136952615,0.43196959933132195,0.4985987637477369,0.3247915493837975
2025-12-23 01:00:00,2025-12-23,valid_2025_12,0.22561598313123776,0.4320103102962466,0.7025008903669231,0.5504075325150352,0.4768849072356853,0.3247915493837975
2025-12-23 02:00:00,2025-12-23,valid_2025_12,0.28727218917887165,0.4936665163438805,0.7181460125284358,0.6154400234499768,0.43087382334956403,0.3281678342711053
2025-12-23 03:00:00,2025-12-23,valid_2025_12,0.3693155443021925,0.5757098714672013,0.7525339401980011,0.6941070936859899,0.38321839589580864,0.3247915493837975
2025-12-23 04:00:00,2025-12-23,valid_2025_12,0.49545502442784684,0.7018493515928557,0.823084393566287,0.8140833093764928,0.3276293691384402,0.31862828494864603
2025-12-23 05:00:00,2025-12-23,valid_2025_12,0.6899015525070404,0.8962958796720493,0.9250532408673071,0.9526088925104919,0.23515168836026673,0.26270734000345136
2025-12-23 06:00:00,2025-12-23,valid_2025_12,0.9258341862540946,1.1322285134191035,1.0776903041974315,1.165945119019764,0.15185611794333695,0.24011093276566953
2025-12-23 07:00:00,2025-12-23,valid_2025_12,1.0698694891477285,1.2762638163127373,1.1580737068425695,1.2967007943762983,0.08820421769484107,0.22683130522856984
2025-12-23 08:00:00,2025-12-23,valid_2025_12,1.023969300267399,1.230363627432408,1.114461188672697,1.2371084196465993,0.09049188840529793,0.2131391193792003
2025-12-23 09:00:00,2025-12-23,valid_2025_12,0.6181899256956986,0.8245842528607075,0.7881555293386606,0.812438897262632,0.1699656036429619,0.19424897156693344
2025-12-23 10:00:00,2025-12-23,valid_2025_12,0.032323600096635485,0.2387179272616443,0.43965485083892775,0.22518168734839394,0.4073312507422922,0.19285808725175854
2025-12-23 11:00:00,2025-12-23,valid_2025_12,-0.3096346917738367,-0.1032403646088279,0.2692328229759373,-0.09964693547152803,0.5788675147497739,0.2099877563023089
2025-12-23 12:00:00,2025-12-23,valid_2025_12,-0.44385564172030717,-0.23746131455529834,0.25343705886676193,-0.2084663859180721,0.697292700587069,0.23538925580223496
2025-12-23 13:00:00,2025-12-23,valid_2025_12,-0.5062874725100457,-0.29989314534503686,0.1930638024149236,-0.27089821670781067,0.6993512749249693,0.23538925580223496
2025-12-23 14:00:00,2025-12-23,valid_2025_12,-0.3401026833102477,-0.1337083561452389,0.307425362319678,-0.10047225005540417,0.6475280456299257,0.23963043325484373
2025-12-23 15:00:00,2025-12-23,valid_2025_12,0.07634258339767497,0.2827369105626838,0.5309080979889788,0.2839813024618667,0.4545655145913036,0.20763871906419165
2025-12-23 16:00:00,2025-12-23,valid_2025_12,0.8171790480488333,1.023573375213842,0.9915202841396981,0.9942705785732261,0.17434123609086474,0.17709153052439286
2025-12-23 17:00:00,2025-12-23,valid_2025_12,1.342287342454195,1.5486816696192043,1.3940670389932444,1.5362632261098237,0.05177969653904945,0.19397588365562818
2025-12-23 18:00:00,2025-12-23,valid_2025_12,1.3686324607005256,1.5750267878655348,1.4121741037892757,1.574444061876859,0.04354164308874997,0.2058116011763334
2025-12-23 19:00:00,2025-12-23,valid_2025_12,1.2559785772154466,1.4623729043804556,1.3010785811987506,1.4653726170265275,0.04510000398330367,0.20939403981108112
2025-12-23 20:00:00,2025-12-23,valid_2025_12,1.1113485819336542,1.3177429090986634,1.1768475034904387,1.3357198878071377,0.0654989215567844,0.22437130587348314
2025-12-23 21:00:00,2025-12-23,valid_2025_12,1.0991565113661443,1.3055508385311534,1.173757870194892,1.3248782528239549,0.07460135882874767,0.22572174145781065
2025-12-23 22:00:00,2025-12-23,valid_2025_12,1.0561910382539161,1.262585365418925,1.1356144853985426,1.281912779711727,0.07942344714462636,0.22572174145781065
2025-12-23 23:00:00,2025-12-23,valid_2025_12,0.9920007273187652,1.198395054483774,1.1055259658446026,1.2279808475335998,0.11352523852583736,0.2359801202148345
2025-12-24 00:00:00,2025-12-24,valid_2025_12,0.8870489167417746,1.0934432439067834,1.0554189936097025,1.14703398682791,0.16837007686792785,0.25998507008613536
2025-12-24 01:00:00,2025-12-24,valid_2025_12,0.8520874211049723,1.058481748269981,1.022361753872874,1.1120724911911077,0.1702743327679018,0.25998507008613536
2025-12-24 02:00:00,2025-12-24,valid_2025_12,0.8381254744589038,1.0445198016239128,1.008764591576223,1.0981105445450394,0.17063911711731908,0.25998507008613536
2025-12-24 03:00:00,2025-12-24,valid_2025_12,0.8281647276013303,1.0345590547663392,0.9877635871561369,1.0881497976874654,0.15959885955480652,0.25998507008613536
2025-12-24 04:00:00,2025-12-24,valid_2025_12,0.839342034152724,1.0457363613177328,0.9972480898172829,1.0993271042388595,0.15790605566455884,0.25998507008613536
2025-12-24 05:00:00,2025-12-24,valid_2025_12,0.8763102659554675,1.0827045931204764,0.9980904836149312,1.1362953360416026,0.1217802176594638,0.25998507008613536
2025-12-24 06:00:00,2025-12-24,valid_2025_12,0.9420704105119566,1.1484647376769654,1.0495684174701188,1.1780505307267912,0.10749800695816222,0.2359801202148345
2025-12-24 07:00:00,2025-12-24,valid_2025_12,0.9899058041624811,1.19630013132749,1.0998255892264377,1.220613324577157,0.10991978506395678,0.23070752041467615
2025-12-24 08:00:00,2025-12-24,valid_2025_12,0.8836278576114224,1.0900221847764313,1.0037309038632256,1.1093495990692328,0.12010304625180325,0.22572174145781065
2025-12-24 09:00:00,2025-12-24,valid_2025_12,0.2843122270358007,0.49070655420080955,0.5862129635554112,0.5402497876693142,0.30190073651961047,0.2559375606335136
2025-12-24 10:00:00,2025-12-24,valid_2025_12,-0.39983367794444524,-0.19343935077943641,0.272572259665286,-0.08507190712022095,0.6724059376097312,0.3147617708242244
2025-12-24 11:00:00,2025-12-24,valid_2025_12,-0.8198020412148864,-0.6134077140498776,0.03989475501182482,-0.49049729296376443,0.8596967962267112,0.3293047482511221
2025-12-24 12:00:00,2025-12-24,valid_2025_12,-0.9957664695962645,-0.7893721424312556,0.007959966940283225,-0.6547051975898841,1.003726436536548,0.34106127200638037
2025-12-24 13:00:00,2025-12-24,valid_2025_12,-1.060553576784155,-0.8541592496191461,-0.056827140247607266,-0.7194923047777746,1.003726436536548,0.34106127200638037
2025-12-24 14:00:00,2025-12-24,valid_2025_12,-0.8975926094102644,-0.6911982822452556,-0.006018763330680077,-0.5682878611591424,0.8915738460795843,0.3293047482511221
2025-12-24 15:00:00,2025-12-24,valid_2025_12,-0.42854827367484777,-0.222153946509839,0.29314788894985244,-0.10818741510942775,0.7216961626247,0.32036085856542
2025-12-24 16:00:00,2025-12-24,valid_2025_12,0.4023236016757662,0.608717928840775,0.7007585935802939,0.6532268574954031,0.2984349919045277,0.25090325581963685
2025-12-24 17:00:00,2025-12-24,valid_2025_12,1.1209909439513406,1.3273852711163494,1.2190773782075,1.3467126854091513,0.09808643425615932,0.22572174145781065
2025-12-24 18:00:00,2025-12-24,valid_2025_12,1.3787478416047843,1.5851421687697935,1.4460633512449137,1.6055294014273755,0.06731550964012918,0.226781559822591
2025-12-24 19:00:00,2025-12-24,valid_2025_12,1.441141276865924,1.6475356040309328,1.508456786506053,1.6518857522613324,0.06731550964012918,0.2107444753954086
2025-12-24 20:00:00,2025-12-24,valid_2025_12,1.4553954853666682,1.661789812531677,1.5302972655559042,1.6625575221273292,0.07490178018923589,0.20716203676066092
2025-12-24 21:00:00,2025-12-24,valid_2025_12,1.544767652757041,1.7511619799220504,1.6169541867835826,1.740093971996997,0.07218653402654107,0.19532631923995566
2025-12-24 22:00:00,2025-12-24,valid_2025_12,1.5425773544064287,1.7489716815714376,1.6075315198076523,1.7379036736463847,0.06495416540122333,0.19532631923995566
2025-12-24 23:00:00,2025-12-24,valid_2025_12,1.5338876923997269,1.7402820195647362,1.5830415786228373,1.7322273907645034,0.049153886223110364,0.1983396983647763
2025-12-25 00:00:00,2025-12-25,valid_2025_12,1.370538562010687,1.5769328891756962,1.4465835203386865,1.5658648812506428,0.07604495832799958,0.19532631923995566
2025-12-25 01:00:00,2025-12-25,valid_2025_12,1.3354850222984769,1.5418793494634857,1.4133566119487602,1.5437476302297244,0.07787158965028357,0.20826260793124746
2025-12-25 02:00:00,2025-12-25,valid_2025_12,1.2147961293354073,1.4211904565004159,1.3037325702956963,1.4279352487146073,0.08893644096028912,0.2131391193792003
2025-12-25 03:00:00,2025-12-25,valid_2025_12,1.1184102033989505,1.324804530563959,1.2155773946268496,1.345191763221541,0.09716719122789914,0.226781559822591
2025-12-25 04:00:00,2025-12-25,valid_2025_12,1.0455358407626463,1.251930167927655,1.1491415284132847,1.2723174005852376,0.10360568765063846,0.226781559822591
2025-12-25 05:00:00,2025-12-25,valid_2025_12,1.0182716843386241,1.2246660115036332,1.1230742482403535,1.2450532441612152,0.1048025639017294,0.226781559822591
2025-12-25 06:00:00,2025-12-25,valid_2025_12,1.0126231585834002,1.2190174857484095,1.1226495630354147,1.2394047184059915,0.1100264044520142,0.226781559822591
2025-12-25 07:00:00,2025-12-25,valid_2025_12,0.9888531705839116,1.1952474977489205,1.1155243306472786,1.2145749120417224,0.12667116006336696,0.22572174145781065
2025-12-25 08:00:00,2025-12-25,valid_2025_12,0.8108301107102671,1.017224437875276,0.9776567611319,1.0365518521680779,0.16682665042163267,0.22572174145781065
2025-12-25 09:00:00,2025-12-25,valid_2025_12,0.21663598781239135,0.42303031497740007,0.5373769991559348,0.47257354844590493,0.32074101134354355,0.2559375606335136
2025-12-25 10:00:00,2025-12-25,valid_2025_12,-0.435882696247448,-0.2294883690824392,0.22394984739550639,-0.12112092542322372,0.6598325436429545,0.3147617708242244
2025-12-25 11:00:00,2025-12-25,valid_2025_12,-0.8069826683582157,-0.6005883411932069,0.050665900541087994,-0.4776779201070938,0.8576485688993039,0.3293047482511221
2025-12-25 12:00:00,2025-12-25,valid_2025_12,-0.9560739084834948,-0.749679581318486,0.04810996349794361,-0.6150126364771145,1.0041838719814384,0.34106127200638037
2025-12-25 13:00:00,2025-12-25,valid_2025_12,-0.9476253142933371,-0.7412309871283282,0.057172978874460156,-0.6065640422869567,1.0047982931677972,0.34106127200638037
2025-12-25 14:00:00,2025-12-25,valid_2025_12,-0.6921090324183944,-0.4857147052533856,0.14312153683675966,-0.3590420606657347,0.835230569255154,0.33306697175265965
2025-12-25 15:00:00,2025-12-25,valid_2025_12,-0.14411963279891193,0.062274694366096894,0.46609564804469794,0.12818812445395966,0.6102152808436098,0.27230775725287176
2025-12-25 16:00:00,2025-12-25,valid_2025_12,0.7281564728229624,0.9345507999879712,0.9101094604271354,0.9059874169160576,0.18195298760417303,0.17783094409309522
2025-12-25 17:00:00,2025-12-25,valid_2025_12,1.50467623398417,1.7110705611491788,1.5885830622741024,1.703015932348946,0.08390682828993237,0.1983396983647763
2025-12-25 18:00:00,2025-12-25,valid_2025_12,1.7303004572516816,1.9366947844166909,1.7990892202963638,1.928640155616458,0.06878876304468202,0.1983396983647763
2025-12-25 19:00:00,2025-12-25,valid_2025_12,1.6763291425513915,1.8827234697164008,1.7414975061695412,1.874668840916168,0.06516836361814952,0.1983396983647763
2025-12-25 20:00:00,2025-12-25,valid_2025_12,1.5233464542399147,1.7297407814049235,1.5885740094522411,1.7216861526046907,0.06522755521232675,0.1983396983647763
2025-12-25 21:00:00,2025-12-25,valid_2025_12,1.4500812987577358,1.6564756259227442,1.5137668605733952,1.6484209971225114,0.06368556181565975,0.1983396983647763
2025-12-25 22:00:00,2025-12-25,valid_2025_12,1.4245931546839647,1.6309874818489736,1.4877639095229294,1.6199194739239202,0.06317075483896474,0.19532631923995566
2025-12-25 23:00:00,2025-12-25,valid_2025_12,1.4160868795398853,1.6224812067048946,1.4843595772823566,1.6232489163005464,0.06827269774247083,0.20716203676066092
2025-12-26 00:00:00,2025-12-26,valid_2025_12,1.255986817351722,1.4623811445167305,1.3248359824611577,1.462260519581222,0.0688491651094358,0.20627370222950003
2025-12-26 01:00:00,2025-12-26,valid_2025_12,1.255269048885588,1.4616633760505968,1.324118213995024,1.4660135242809968,0.0688491651094358,0.2107444753954086
2025-12-26 02:00:00,2025-12-26,valid_2025_12,1.2307045013627684,1.4370988285277768,1.3006111264807152,1.4438436207419683,0.06990662511794667,0.2131391193792003
2025-12-26 03:00:00,2025-12-26,valid_2025_12,1.260540632236761,1.466934959401769,1.3304472573547073,1.486262373694571,0.06990662511794667,0.22572174145781065
2025-12-26 04:00:00,2025-12-26,valid_2025_12,1.2365862054423595,1.4429805326073675,1.304893925325421,1.4623079469001694,0.06830771988306154,0.22572174145781065
2025-12-26 05:00:00,2025-12-26,valid_2025_12,1.1843719683110945,1.3907662954761033,1.2586492517932846,1.4100937097689048,0.07427728348219,0.22572174145781065
2025-12-26 06:00:00,2025-12-26,valid_2025_12,1.2004097280101724,1.406804055175181,1.2746870114923623,1.4261314694679825,0.07427728348219,0.22572174145781065
2025-12-26 07:00:00,2025-12-26,valid_2025_12,1.1970680897677437,1.403462416932753,1.2702474866805145,1.4227898312255545,0.07317939691277042,0.22572174145781065
2025-12-26 08:00:00,2025-12-26,valid_2025_12,1.050441176354719,1.2568355035197278,1.146214334390574,1.2761629178125298,0.09577315803585505,0.22572174145781065
2025-12-26 09:00:00,2025-12-26,valid_2025_12,0.6224539332347389,0.8288482603997477,0.8115338429188382,0.8641369409108096,0.18907990968409943,0.24168300767607065
2025-12-26 10:00:00,2025-12-26,valid_2025_12,0.09278130462143386,0.2991756317864427,0.49074295800684853,0.34368456044107076,0.3979616533854147,0.25090325581963685
2025-12-26 11:00:00,2025-12-26,valid_2025_12,-0.2610341927041114,-0.054639865539102495,0.36570650815453387,0.04658062559366627,0.6267407008586453,0.3076148182977775
2025-12-26 12:00:00,2025-12-26,valid_2025_12,-0.4607931541717529,-0.25439882700674404,0.2807706740607361,-0.14043229560633286,0.7415638282324891,0.32036085856542
2025-12-26 13:00:00,2025-12-26,valid_2025_12,-0.5169316247122666,-0.3105372975472578,0.2246322035202224,-0.19657076614684654,0.7415638282324891,0.32036085856542
2025-12-26 14:00:00,2025-12-26,valid_2025_12,-0.3414987727816256,-0.13510444561661683,0.3389651669518554,-0.030730286698933407,0.6804639397334811,0.31076848608269225
2025-12-26 15:00:00,2025-12-26,valid_2025_12,0.11566819546315199,0.3220625226281608,0.6305027285722982,0.35340220154833424,0.5148345331091462,0.23773400608518233
2025-12-26 16:00:00,2025-12-26,valid_2025_12,0.7602286611021979,0.9666229882672067,0.9485115062735651,0.9544776326691314,0.18828284517136712,0.19424897156693344
2025-12-26 17:00:00,2025-12-26,valid_2025_12,1.2773036992500528,1.4836980264150608,1.3414412043902288,1.4726300184900079,0.06413750514017619,0.19532631923995566
2025-12-26 18:00:00,2025-12-26,valid_2025_12,1.5169279140481342,1.723322241213143,1.5587289156549795,1.713917176828583,0.04180100160684516,0.19698926278044881
2025-12-26 19:00:00,2025-12-26,valid_2025_12,1.5074554390953439,1.7138497662603527,1.5468445119853222,1.7044447018757927,0.039389072889978116,0.19698926278044881
2025-12-26 20:00:00,2025-12-26,valid_2025_12,1.4885238136654415,1.6949181408304503,1.5292421058138177,1.6868635120302176,0.04071829214837634,0.1983396983647763
2025-12-26 21:00:00,2025-12-26,valid_2025_12,1.551152706437577,1.7575470336025858,1.6214582244379563,1.7494924048023535,0.07030551800037893,0.1983396983647763
2025-12-26 22:00:00,2025-12-26,valid_2025_12,1.4989942217177015,1.7053885488827103,1.5716501682725588,1.697333920082478,0.0726559465548573,0.1983396983647763
2025-12-26 23:00:00,2025-12-26,valid_2025_12,1.5685218617721737,1.7749161889371825,1.6240470593110028,1.7668615601369502,0.055525197538829084,0.1983396983647763
2025-12-27 00:00:00,2025-12-27,valid_2025_12,1.6388530027744452,1.8452473299394536,1.6958639796506643,1.8371927011392213,0.057010976876219116,0.1983396983647763
2025-12-27 01:00:00,2025-12-27,valid_2025_12,1.7051105359822334,1.9115048631472422,1.761296152512373,1.9034502343470094,0.056185616530139454,0.1983396983647763
2025-12-27 02:00:00,2025-12-27,valid_2025_12,1.7361174674954145,1.9425117946604233,1.7897891835489963,1.934457165860191,0.053671716053581925,0.1983396983647763
2025-12-27 03:00:00,2025-12-27,valid_2025_12,1.77495568426635,1.981350011431359,1.8127294645343257,1.971944947046799,0.03777378026797539,0.19698926278044881
2025-12-27 04:00:00,2025-12-27,valid_2025_12,1.7949373134440967,2.0013316406091057,1.8269690459923418,1.9884026674523623,0.03203173254824502,0.19346535400826528
2025-12-27 05:00:00,2025-12-27,valid_2025_12,1.7964850564873385,2.002879383652347,1.83459590699236,1.9934743192677868,0.03811085050502205,0.19698926278044881
2025-12-27 06:00:00,2025-12-27,valid_2025_12,1.7696204590116098,1.9760147861766186,1.801921825510525,1.9620726374893591,0.03230136649891499,0.19245217847774967
2025-12-27 07:00:00,2025-12-27,valid_2025_12,1.7237246531824915,1.9301189803474998,1.7602666440196093,1.9151914083790116,0.03654199083711808,0.19146675519652043
2025-12-27 08:00:00,2025-12-27,valid_2025_12,1.4681975013405482,1.6745918285055574,1.5148345728748547,1.6566508774122481,0.0466370715343063,0.18845337607169976
2025-12-27 09:00:00,2025-12-27,valid_2025_12,0.7540161243172834,0.9604104514822922,0.93201431928009,0.9469146602998892,0.17799819496280672,0.19289853598260595
2025-12-27 10:00:00,2025-12-27,valid_2025_12,-0.010596990571202114,0.19579733659380671,0.5088432533517473,0.22755697682879428,0.5194402439229495,0.23815396739999636
2025-12-27 11:00:00,2025-12-27,valid_2025_12,-0.4920718348599484,-0.28567750769493955,0.24943485709775404,-0.20071478680918764,0.7415066919577024,0.2913570480507607
2025-12-27 12:00:00,2025-12-27,valid_2025_12,-0.6431559607093453,-0.4367616335443365,0.23575417556599,-0.31385121245822334,0.8789101362753353,0.3293047482511221
2025-12-27 13:00:00,2025-12-27,valid_2025_12,-0.8832381166978372,-0.6768437895328284,0.11818313353546805,-0.5421768446914569,1.0014212502333053,0.34106127200638037
2025-12-27 14:00:00,2025-12-27,valid_2025_12,-0.8142902666574116,-0.6078959394924027,0.0762032193372727,-0.4849855184062896,0.8904934859946843,0.3293047482511221
2025-12-27 15:00:00,2025-12-27,valid_2025_12,-0.4770164045980338,-0.27062207743302497,0.24410028400142147,-0.15563535322099598,0.7211166885994553,0.321381051377038
2025-12-27 16:00:00,2025-12-27,valid_2025_12,0.003274139253795938,0.20966846641880477,0.43064885629839544,0.27186250388623523,0.42737471704459945,0.26858836463243907
2025-12-27 17:00:00,2025-12-27,valid_2025_12,0.44791224327609513,0.654306570441104,0.6618911631873912,0.7130596133906988,0.2139789199112959,0.2651473701146036
2025-12-27 18:00:00,2025-12-27,valid_2025_12,0.4984056945023527,0.7048000216673616,0.7516021633841616,0.7923345499226333,0.253196468881809,0.29392885542028063
2025-12-27 19:00:00,2025-12-27,valid_2025_12,0.3204475037866147,0.5268418309516235,0.6569209589723507,0.6452390531704125,0.3364734551857357,0.3247915493837975
2025-12-27 20:00:00,2025-12-27,valid_2025_12,0.3096687042512256,0.5160630314162344,0.6690431671995247,0.634460253635023,0.3593744629482994,0.3247915493837975
2025-12-27 21:00:00,2025-12-27,valid_2025_12,0.2872450142613693,0.4936393414263781,0.6596705141286451,0.6120365636451667,0.37242549986727574,0.3247915493837975
2025-12-27 22:00:00,2025-12-27,valid_2025_12,0.21360309169718816,0.4199974188621971,0.6314149055254854,0.5383946410809857,0.4178118138282972,0.3247915493837975
2025-12-27 23:00:00,2025-12-27,valid_2025_12,0.20144520892911522,0.40783953609412393,0.6474770807170948,0.5262367583129125,0.4460318717879794,0.3247915493837975
2025-12-28 00:00:00,2025-12-28,valid_2025_12,0.18333496729594778,0.3897292944609565,0.6185283785891458,0.5081265166797451,0.43519341129319805,0.3247915493837975
2025-12-28 01:00:00,2025-12-28,valid_2025_12,0.10281743995981785,0.3092117671248267,0.5401478721958533,0.42760898934361524,0.4373304322360354,0.3247915493837975
2025-12-28 02:00:00,2025-12-28,valid_2025_12,0.0957607275118767,0.3021550546768855,0.5418925446910471,0.4239285617829819,0.4461318171791703,0.3281678342711053
2025-12-28 03:00:00,2025-12-28,valid_2025_12,0.0763655505860148,0.2827598777510236,0.5303830076708425,0.40453338485712,0.4540174570848276,0.3281678342711053
2025-12-28 04:00:00,2025-12-28,valid_2025_12,0.10517709940918052,0.31157142657418935,0.5493504969832987,0.4333449336802857,0.44417339757411817,0.3281678342711053
2025-12-28 05:00:00,2025-12-28,valid_2025_12,0.21558913986141892,0.42198346702642775,0.6278250273870254,0.5403806892452163,0.4122358875256064,0.3247915493837975
2025-12-28 06:00:00,2025-12-28,valid_2025_12,0.28475491520800045,0.4911492423730093,0.681382780034149,0.6095464645917981,0.39662786482614854,0.3247915493837975
2025-12-28 07:00:00,2025-12-28,valid_2025_12,0.3589501541569208,0.5653444813219296,0.7479151956456455,0.6837417035407182,0.38896504148872474,0.3247915493837975
2025-12-28 08:00:00,2025-12-28,valid_2025_12,0.20165577070923923,0.4080500978742483,0.5893857482396532,0.5264473200930369,0.387729977530414,0.3247915493837975
2025-12-28 09:00:00,2025-12-28,valid_2025_12,-0.2950847149774476,-0.08869038781243876,0.2746582598384908,0.03089016224924679,0.5697429748159383,0.32597487722669444
2025-12-28 10:00:00,2025-12-28,valid_2025_12,-0.871368989343473,-0.6649746621784641,-0.004651004117967261,-0.49918718430991016,0.8667179852255055,0.37218180503356263
2025-12-28 11:00:00,2025-12-28,valid_2025_12,-1.1730829816148725,-0.9666886544498636,-0.1319425248858047,-0.762526776519604,1.0411404567290676,0.41055620509526847
2025-12-28 12:00:00,2025-12-28,valid_2025_12,-1.2810464743392114,-1.0746521471742025,-0.23649564539012202,-0.870490269243943,1.0445508289490897,0.41055620509526847
2025-12-28 13:00:00,2025-12-28,valid_2025_12,-1.24333908478043,-1.0369447576154212,-0.2101441070081571,-0.8327828796851615,1.0331949777722726,0.41055620509526847
2025-12-28 14:00:00,2025-12-28,valid_2025_12,-0.9667348916023618,-0.760340564437353,-0.04879250701171933,-0.6314621984091373,0.9179423845906425,0.33527269319322445
2025-12-28 15:00:00,2025-12-28,valid_2025_12,-0.41188864667010877,-0.2054943195050999,0.27526906419871167,-0.09606705748110389,0.6871577108688204,0.31582158918900477
2025-12-28 16:00:00,2025-12-28,valid_2025_12,0.39722558715250555,0.6036199143175144,0.6322016155939026,0.6508812204784985,0.23497602844139698,0.25365563332599284
2025-12-28 17:00:00,2025-12-28,valid_2025_12,1.149766201110488,1.356160528275497,1.2193734875572393,1.3580288090417356,0.06960728644675113,0.20826260793124746
2025-12-28 18:00:00,2025-12-28,valid_2025_12,1.414871547100404,1.621265874265413,1.4772338667815574,1.61019786634036,0.062362319681153376,0.19532631923995566
2025-12-28 19:00:00,2025-12-28,valid_2025_12,1.425222385515659,1.6316167126806678,1.4806427788754297,1.6235620838804354,0.05542039335977042,0.1983396983647763
2025-12-28 20:00:00,2025-12-28,valid_2025_12,1.340378611313308,1.5467729384783169,1.3738378202564425,1.538718309678084,0.03345920894313452,0.1983396983647763
2025-12-28 21:00:00,2025-12-28,valid_2025_12,1.3250249582470714,1.5314192854120798,1.3664356958359858,1.5220142210275198,0.0414107375889141,0.19698926278044881
2025-12-28 22:00:00,2025-12-28,valid_2025_12,1.345748199689533,1.552142526854542,1.3750953183400452,1.542737462469982,0.029347118650512233,0.19698926278044881
2025-12-28 23:00:00,2025-12-28,valid_2025_12,1.44948292460656,1.6558772517715687,1.4752314882857367,1.6419628553335959,0.025748563679176866,0.19247993072703604
2025-12-29 00:00:00,2025-12-29,valid_2025_12,1.4198710306324656,1.6262653577974744,1.4524805190897028,1.6138469142880938,0.0326094884572373,0.19397588365562818
2025-12-29 01:00:00,2025-12-29,valid_2025_12,1.357240033995749,1.5636343611607584,1.3883911732754048,1.5630516351720825,0.031151139279655363,0.2058116011763334
2025-12-29 02:00:00,2025-12-29,valid_2025_12,1.250774668174955,1.4571689953399638,1.286514275081822,1.4556979348201275,0.035739606906866776,0.20492326664517255
2025-12-29 03:00:00,2025-12-29,valid_2025_12,1.2766499233315836,1.4830442504965922,1.3148477640488812,1.4860439631426645,0.03819784071729756,0.20939403981108112
2025-12-29 04:00:00,2025-12-29,valid_2025_12,1.2881009076005234,1.4944952347655325,1.331557870798706,1.498845382995932,0.04345696319818242,0.2107444753954086
2025-12-29 05:00:00,2025-12-29,valid_2025_12,1.3106096287838516,1.51700395594886,1.3702513434588677,1.5213541041792595,0.059641714675016604,0.2107444753954086
2025-12-29 06:00:00,2025-12-29,valid_2025_12,1.369016591308561,1.5754109184735703,1.4309165317580939,1.5797610667039699,0.06189994044953238,0.2107444753954086
2025-12-29 07:00:00,2025-12-29,valid_2025_12,1.415971868276138,1.6223661954411468,1.4840518620718006,1.6267163436715464,0.06807999379566268,0.2107444753954086
2025-12-29 08:00:00,2025-12-29,valid_2025_12,1.2583133409339369,1.4647076680989461,1.3269227519758764,1.4645870431634371,0.06860941104193924,0.20627370222950003
2025-12-29 09:00:00,2025-12-29,valid_2025_12,0.6809815173287453,0.8873758444937542,0.8501114314637953,0.8752304888956789,0.16912991413504994,0.19424897156693344
2025-12-29 10:00:00,2025-12-29,valid_2025_12,0.001291246886436892,0.20768557405144572,0.4622011940535543,0.20892996595062863,0.4609099471671175,0.20763871906419165
2025-12-29 11:00:00,2025-12-29,valid_2025_12,-0.3726207155585548,-0.16622638839354598,0.27279818348277385,-0.11820965049127818,0.6454188990413285,0.25441106506727684
2025-12-29 12:00:00,2025-12-29,valid_2025_12,-0.5593502683555468,-0.35295594119053797,0.21390563717703026,-0.2971771505928479,0.7732559055325772,0.26217311776269886
2025-12-29 13:00:00,2025-12-29,valid_2025_12,-0.5920579990602182,-0.38566367189520934,0.181197906472359,-0.32988488129751925,0.7732559055325772,0.26217311776269886
2025-12-29 14:00:00,2025-12-29,valid_2025_12,-0.3927187585764368,-0.18632443141142796,0.3068791283138751,-0.13054564081373787,0.6995978868903118,0.26217311776269886
2025-12-29 15:00:00,2025-12-29,valid_2025_12,0.08284633010497477,0.2892406572699837,0.5335457060795488,0.2904850491691666,0.4506993759745738,0.20763871906419165
2025-12-29 16:00:00,2025-12-29,valid_2025_12,0.8780252662328781,1.0844195933978868,1.0196988368675153,1.015048854375531,0.14167357063463715,0.13702358814265295
2025-12-29 17:00:00,2025-12-29,valid_2025_12,1.6454679036604283,1.851862230825437,1.7033301111176162,1.8438076020252048,0.05786220745718797,0.1983396983647763
2025-12-29 18:00:00,2025-12-29,valid_2025_12,1.8735433044865655,2.0799376316515743,1.9266981752384877,2.0718830028513415,0.05315487075192235,0.1983396983647763
2025-12-29 19:00:00,2025-12-29,valid_2025_12,1.968962504648166,2.1753568318131746,2.000699894056754,2.1659517674286146,0.03173738940858797,0.19698926278044881
2025-12-29 20:00:00,2025-12-29,valid_2025_12,2.0365433686772487,2.2429376958422576,2.063685856186417,2.230008722685514,0.027142487509168162,0.19346535400826528
2025-12-29 21:00:00,2025-12-29,valid_2025_12,2.059842441654745,2.2662367688197538,2.0833297051611286,2.2513091968512655,0.023487263506383405,0.19146675519652043
2025-12-29 22:00:00,2025-12-29,valid_2025_12,2.0677976796007167,2.274192006765725,2.0912849431071,2.2592644347972373,0.023487263506383405,0.19146675519652043
2025-12-29 23:00:00,2025-12-29,valid_2025_12,2.0635206982300947,2.2699150253951035,2.088609087426416,2.254987453426615,0.025088389196321437,0.19146675519652043
2025-12-30 00:00:00,2025-12-30,valid_2025_12,1.9168799343752476,2.123274261540256,1.942783173398389,2.1083466895717677,0.025903239023141383,0.19146675519652043
2025-12-30 01:00:00,2025-12-30,valid_2025_12,1.9382329326155479,2.144627259780557,1.9654490810360914,2.129699687812068,0.02721614842054346,0.19146675519652043
2025-12-30 02:00:00,2025-12-30,valid_2025_12,1.875042308000351,2.0814366351653604,1.9022584564208946,2.0665090631968717,0.02721614842054346,0.19146675519652043
2025-12-30 03:00:00,2025-12-30,valid_2025_12,1.8152094512560364,2.021603778421045,1.84242559967658,2.006676206452557,0.02721614842054346,0.19146675519652043
2025-12-30 04:00:00,2025-12-30,valid_2025_12,1.8913753100289277,2.0977696371939363,1.9185914584494712,2.0828420652254476,0.02721614842054346,0.19146675519652043
2025-12-30 05:00:00,2025-12-30,valid_2025_12,1.9570604167487033,2.1634547439137117,1.9842765651692464,2.1485271719452235,0.02721614842054346,0.19146675519652043
2025-12-30 06:00:00,2025-12-30,valid_2025_12,2.0498490848961706,2.2562434120611794,2.074131346087654,2.241315840092691,0.02428226119148347,0.19146675519652043
2025-12-30 07:00:00,2025-12-30,valid_2025_12,2.086474912738396,2.292869239903405,2.11075717392988,2.2779416679349165,0.02428226119148347,0.19146675519652043
2025-12-30 08:00:00,2025-12-30,valid_2025_12,1.8992632243083145,2.1056575514733233,1.942157053311937,2.090729979504835,0.042893829003622326,0.19146675519652043
2025-12-30 09:00:00,2025-12-30,valid_2025_12,1.2655118889190309,1.4719062160840393,1.354966882373216,1.421886748876692,0.08945499345418487,0.1563748599576618
2025-12-30 10:00:00,2025-12-30,valid_2025_12,0.49131812537389374,0.6977124525389026,0.7621120965140608,0.644388732063352,0.270793971140167,0.1530706066894582
2025-12-30 11:00:00,2025-12-30,valid_2025_12,0.0544809758949768,0.26087530305998563,0.5161946838288062,0.22390756901918374,0.4617137079338294,0.1694265931242069
2025-12-30 12:00:00,2025-12-30,valid_2025_12,-0.12699207124700473,0.0794022559180041,0.4621861442546651,0.06709748290722972,0.5891782155016699,0.19408955415423454
2025-12-30 13:00:00,2025-12-30,valid_2025_12,-0.20908136074700556,-0.002687033581996734,0.3777029038834335,-0.01764779552848872,0.586784264630439,0.19143356521851704
2025-12-30 14:00:00,2025-12-30,valid_2025_12,-0.005912560760108376,0.20048176640490045,0.4710045222079866,0.16085804342838095,0.476917082968095,0.1667706041884894
2025-12-30 15:00:00,2025-12-30,valid_2025_12,0.46501543506327603,0.6714097622282849,0.7382729024911494,0.6272063750237387,0.27325746742787327,0.1621909399604627
2025-12-30 16:00:00,2025-12-30,valid_2025_12,1.181889408105807,1.3882837352708153,1.298406901688692,1.3323658272371128,0.11651749358288531,0.150476419131306
2025-12-30 17:00:00,2025-12-30,valid_2025_12,1.7348832002747059,1.9412775274397152,1.8007722069588226,1.9263499554712264,0.06588900668411649,0.19146675519652043
2025-12-30 18:00:00,2025-12-30,valid_2025_12,1.9479978447450634,2.1543921719100716,1.9754817163673881,2.1394645999415838,0.02748387162232505,0.19146675519652043
2025-12-30 19:00:00,2025-12-30,valid_2025_12,1.9327158983966208,2.1391102255616294,1.9596590604581918,2.1241826535931416,0.02694316206157106,0.19146675519652043
2025-12-30 20:00:00,2025-12-30,valid_2025_12,1.868059581456834,2.0744539086218423,1.906147613627454,2.0595263366533536,0.038088032170620095,0.19146675519652043
2025-12-30 21:00:00,2025-12-30,valid_2025_12,1.950620136622923,2.1570144637879314,1.988708168793543,2.1420868918194436,0.038088032170620095,0.19146675519652043
2025-12-30 22:00:00,2025-12-30,valid_2025_12,1.9774840328104566,2.1838783599754654,2.0163064931661894,2.175823731175233,0.038822460355732794,0.1983396983647763
2025-12-30 23:00:00,2025-12-30,valid_2025_12,2.092373623056681,2.29876795022169,2.1488469821833847,2.2907133214214572,0.05647335912670369,0.1983396983647763
2025-12-31 00:00:00,2025-12-31,valid_2025_12,2.0370151603094824,2.243409487474491,2.1069005467086646,2.2353548586742584,0.06988538639918217,0.1983396983647763
2025-12-31 01:00:00,2025-12-31,valid_2025_12,2.0139469864697226,2.220341313634732,2.07986631690771,2.212286684834499,0.06591933043798733,0.1983396983647763
2025-12-31 02:00:00,2025-12-31,valid_2025_12,2.0841592591231812,2.29055358628819,2.1500785895611685,2.2824989574879577,0.06591933043798733,0.1983396983647763
2025-12-31 03:00:00,2025-12-31,valid_2025_12,2.077217031972843,2.2836113591378515,2.1434449853651865,2.2755567303376196,0.06622795339234325,0.1983396983647763
2025-12-31 04:00:00,2025-12-31,valid_2025_12,2.0709974823059927,2.277391809471002,2.14202677358782,2.269337180670769,0.0710292912818275,0.1983396983647763
2025-12-31 05:00:00,2025-12-31,valid_2025_12,2.075333196562827,2.281727523727836,2.148083330349208,2.273672894927603,0.0727501337863813,0.1983396983647763
2025-12-31 06:00:00,2025-12-31,valid_2025_12,2.1347966497511717,2.341190976916181,2.2027794366242244,2.333136348115948,0.06798278687305248,0.1983396983647763
2025-12-31 07:00:00,2025-12-31,valid_2025_12,2.185081643061886,2.3914759702268946,2.2555809158194964,2.3834213414266623,0.07049927275761064,0.1983396983647763
2025-12-31 08:00:00,2025-12-31,valid_2025_12,2.0540117562912377,2.260406083456247,2.1413564983447246,2.252351454656014,0.08734474205348655,0.1983396983647763
2025-12-31 09:00:00,2025-12-31,valid_2025_12,1.501046716938275,1.7074410441032835,1.6046748317662085,1.6766634502557465,0.1036281148279337,0.1756167333174714
2025-12-31 10:00:00,2025-12-31,valid_2025_12,1.0172300960491034,1.223624423214112,1.199381114345978,1.1564141075411853,0.1821510182968747,0.13918401149208187
2025-12-31 11:00:00,2025-12-31,valid_2025_12,0.7095784719646743,0.9159727991296831,0.990790250035511,0.8487624834567562,0.28121177807083675,0.13918401149208187
2025-12-31 12:00:00,2025-12-31,valid_2025_12,0.5819689164632189,0.7883632436282277,0.94255772164234,0.739640965451676,0.3605888051791212,0.15767204898845724
2025-12-31 13:00:00,2025-12-31,valid_2025_12,0.5515522942869876,0.7579466214519964,0.909982699104202,0.7092243432754449,0.35843040481721433,0.15767204898845724
2025-12-31 14:00:00,2025-12-31,valid_2025_12,0.7065206801185989,0.9129150072836077,1.0171506296312915,0.8457046916106808,0.3106299495126926,0.13918401149208187
2025-12-31 15:00:00,2025-12-31,valid_2025_12,1.037346723204115,1.2437410503691237,1.2182823515685486,1.1765307346961968,0.1809356283644336,0.13918401149208187
2025-12-31 16:00:00,2025-12-31,valid_2025_12,1.5224328510457226,1.7288271782107314,1.6108009264255907,1.695685973248351,0.08836807537986834,0.17325312220262834
2025-12-31 17:00:00,2025-12-31,valid_2025_12,2.0103106318639403,2.216704959028949,2.0702710983298673,2.207637154698201,0.05996046646592721,0.19732652283426072
2025-12-31 18:00:00,2025-12-31,valid_2025_12,2.13691191026507,2.343306237430079,2.159775327750153,2.3328879975150034,0.022863417485083245,0.1959760872499332
2025-12-31 19:00:00,2025-12-31,valid_2025_12,2.053609742834265,2.2600040699992743,2.0641953386383864,2.2450764980307856,0.01058559580412113,0.19146675519652043
2025-12-31 20:00:00,2025-12-31,valid_2025_12,1.9945893284622176,2.200983655627226,2.0051749242663393,2.1860560836587384,0.01058559580412113,0.19146675519652043
2025-12-31 21:00:00,2025-12-31,valid_2025_12,1.939228060562244,2.145622387727253,1.9497075726721382,2.1306948157587646,0.010479512109894038,0.19146675519652043
2025-12-31 22:00:00,2025-12-31,valid_2025_12,1.7466271476865156,1.9530214748515244,1.755710224575743,1.9380939028830362,0.009083076889227219,0.19146675519652043
2025-12-31 23:00:00,2025-12-31,valid_2025_12,1.729140526579494,1.9355348537445027,1.7382236034687213,1.9206072817760145,0.009083076889227219,0.19146675519652043
