times,实时价格,power
2026-01-01 00:00:00,1.581836223602295,0.0
2026-01-01 00:15:00,1.5851668119430542,0.0
2026-01-01 00:30:00,1.5936317443847656,0.0
2026-01-01 00:45:00,1.5849745273590088,0.0
2026-01-01 01:00:00,1.624385952949524,0.0
2026-01-01 01:15:00,1.6368465423583984,0.0
2026-01-01 01:30:00,1.627371907234192,0.0
2026-01-01 01:45:00,1.60695219039917,0.0
2026-01-01 02:00:00,1.5665192604064941,0.0
2026-01-01 02:15:00,1.5416350364685059,0.0
2026-01-01 02:30:00,1.5215599536895752,0.0
2026-01-01 02:45:00,1.482980489730835,0.0
2026-01-01 03:00:00,1.4280569553375244,0.0
2026-01-01 03:15:00,1.4127659797668457,0.0
2026-01-01 03:30:00,1.392077922821045,0.0
2026-01-01 03:45:00,1.3729808330535889,0.0
2026-01-01 04:00:00,1.3435969352722168,0.0
2026-01-01 04:15:00,1.3310527801513672,0.0
2026-01-01 04:30:00,1.309680700302124,0.0
2026-01-01 04:45:00,1.2855480909347534,0.0
2026-01-01 05:00:00,1.2827908992767334,0.0
2026-01-01 05:15:00,1.2923387289047241,0.0
2026-01-01 05:30:00,1.2808914184570312,0.0
2026-01-01 05:45:00,1.2704942226409912,0.0
2026-01-01 06:00:00,1.267878532409668,0.0
2026-01-01 06:15:00,1.2562646865844727,0.0
2026-01-01 06:30:00,1.2588353157043457,0.0
2026-01-01 06:45:00,1.2600246667861938,0.0
2026-01-01 07:00:00,1.254899501800537,0.0
2026-01-01 07:15:00,1.258139729499817,0.0
2026-01-01 07:30:00,1.2608380317687988,0.0
2026-01-01 07:45:00,1.2747831344604492,0.0
2026-01-01 08:00:00,1.277543306350708,0.0
2026-01-01 08:15:00,1.285752534866333,0.0
2026-01-01 08:30:00,1.2872025966644287,0.0
2026-01-01 08:45:00,1.2790826559066772,0.0
2026-01-01 09:00:00,1.2303584814071655,0.0
2026-01-01 09:15:00,1.195239782333374,0.0
2026-01-01 09:30:00,1.1580712795257568,0.0
2026-01-01 09:45:00,1.1132581233978271,0.0
2026-01-01 10:00:00,0.9878136515617371,0.0
2026-01-01 10:15:00,0.8664385080337524,0.0
2026-01-01 10:30:00,0.76426762342453,0.0
2026-01-01 10:45:00,0.6672402620315552,0.0
2026-01-01 11:00:00,0.5260049104690552,0.0
2026-01-01 11:15:00,0.4319641590118408,0.0
2026-01-01 11:30:00,0.35474061965942383,0.0
2026-01-01 11:45:00,0.30544519424438477,0.0
2026-01-01 12:00:00,0.2461283802986145,0.0
2026-01-01 12:15:00,0.2039318084716797,0.0
2026-01-01 12:30:00,0.16457492113113403,0.0
2026-01-01 12:45:00,0.14509186148643494,0.0
2026-01-01 13:00:00,0.13038823008537292,-1000.0
2026-01-01 13:15:00,0.12114423513412476,-1000.0
2026-01-01 13:30:00,0.11503530293703079,-1000.0
2026-01-01 13:45:00,0.1191861554980278,-1000.0
2026-01-01 14:00:00,0.11985523253679276,-1000.0
2026-01-01 14:15:00,0.11835028231143951,-1000.0
2026-01-01 14:30:00,0.12495072185993195,-1000.0
2026-01-01 14:45:00,0.15739059448242188,-1000.0
2026-01-01 15:00:00,0.1754084825515747,0.0
2026-01-01 15:15:00,0.21030670404434204,0.0
2026-01-01 15:30:00,0.30428820848464966,0.0
2026-01-01 15:45:00,0.46042293310165405,0.0
2026-01-01 16:00:00,0.5812163949012756,0.0
2026-01-01 16:15:00,0.7771294713020325,0.0
2026-01-01 16:30:00,1.0032696723937988,0.0
2026-01-01 16:45:00,1.21458101272583,0.0
2026-01-01 17:00:00,1.320591688156128,0.0
2026-01-01 17:15:00,1.453702688217163,0.0
2026-01-01 17:30:00,1.5296661853790283,0.0
2026-01-01 17:45:00,1.5946002006530762,0.0
2026-01-01 18:00:00,1.5884315967559814,0.0
2026-01-01 18:15:00,1.6252896785736084,1000.0
2026-01-01 18:30:00,1.6640660762786865,1000.0
2026-01-01 18:45:00,1.6990734338760376,1000.0
2026-01-01 19:00:00,1.6704082489013672,1000.0
2026-01-01 19:15:00,1.6680539846420288,1000.0
2026-01-01 19:30:00,1.6812019348144531,1000.0
2026-01-01 19:45:00,1.7001986503601074,1000.0
2026-01-01 20:00:00,1.6677772998809814,1000.0
2026-01-01 20:15:00,1.6635955572128296,0.0
2026-01-01 20:30:00,1.668531894683838,0.0
2026-01-01 20:45:00,1.6809521913528442,0.0
2026-01-01 21:00:00,1.6135749816894531,0.0
2026-01-01 21:15:00,1.5883344411849976,0.0
2026-01-01 21:30:00,1.598923921585083,0.0
2026-01-01 21:45:00,1.6209278106689453,0.0
2026-01-01 22:00:00,1.573923945426941,0.0
2026-01-01 22:15:00,1.571584939956665,0.0
2026-01-01 22:30:00,1.595699667930603,0.0
2026-01-01 22:45:00,1.6276310682296753,0.0
2026-01-01 23:00:00,1.5597584247589111,0.0
2026-01-01 23:15:00,1.5281745195388794,0.0
2026-01-01 23:30:00,1.5320498943328857,0.0
2026-01-01 23:45:00,1.5523102283477783,0.0
2026-01-02 00:00:00,1.705414056777954,0.0
2026-01-02 00:15:00,1.7253692150115967,0.0
2026-01-02 00:30:00,1.7293479442596436,0.0
2026-01-02 00:45:00,1.7136059999465942,0.0
2026-01-02 01:00:00,1.706072211265564,0.0
2026-01-02 01:15:00,1.6922627687454224,0.0
2026-01-02 01:30:00,1.671688437461853,0.0
2026-01-02 01:45:00,1.631685495376587,0.0
2026-01-02 02:00:00,1.6028579473495483,0.0
2026-01-02 02:15:00,1.5837287902832031,0.0
2026-01-02 02:30:00,1.5554364919662476,0.0
2026-01-02 02:45:00,1.5106104612350464,0.0
2026-01-02 03:00:00,1.4874703884124756,0.0
2026-01-02 03:15:00,1.4611105918884277,0.0
2026-01-02 03:30:00,1.4298224449157715,0.0
2026-01-02 03:45:00,1.3740673065185547,0.0
2026-01-02 04:00:00,1.336351990699768,0.0
2026-01-02 04:15:00,1.3027141094207764,0.0
2026-01-02 04:30:00,1.2650423049926758,0.0
2026-01-02 04:45:00,1.2169222831726074,0.0
2026-01-02 05:00:00,1.1957284212112427,0.0
2026-01-02 05:15:00,1.1629016399383545,0.0
2026-01-02 05:30:00,1.126369595527649,0.0
2026-01-02 05:45:00,1.0946274995803833,0.0
2026-01-02 06:00:00,1.0404646396636963,0.0
2026-01-02 06:15:00,1.0137426853179932,0.0
2026-01-02 06:30:00,1.0040106773376465,0.0
2026-01-02 06:45:00,0.9988356232643127,0.0
2026-01-02 07:00:00,0.9556583762168884,0.0
2026-01-02 07:15:00,0.9304220080375671,0.0
2026-01-02 07:30:00,0.9404132962226868,0.0
2026-01-02 07:45:00,0.956789493560791,0.0
2026-01-02 08:00:00,0.9280734658241272,0.0
2026-01-02 08:15:00,0.9260447025299072,0.0
2026-01-02 08:30:00,0.9485076069831848,0.0
2026-01-02 08:45:00,0.9467008709907532,0.0
2026-01-02 09:00:00,0.890846312046051,0.0
2026-01-02 09:15:00,0.8328003287315369,0.0
2026-01-02 09:30:00,0.7356947064399719,0.0
2026-01-02 09:45:00,0.6301385760307312,0.0
2026-01-02 10:00:00,0.4526650309562683,0.0
2026-01-02 10:15:00,0.31714487075805664,0.0
2026-01-02 10:30:00,0.22796301543712616,0.0
2026-01-02 10:45:00,0.15859517455101013,0.0
2026-01-02 11:00:00,0.11105979979038239,0.0
2026-01-02 11:15:00,0.08448782563209534,0.0
2026-01-02 11:30:00,0.07050008326768875,0.0
2026-01-02 11:45:00,0.061536069959402084,0.0
2026-01-02 12:00:00,0.056656211614608765,0.0
2026-01-02 12:15:00,0.04872623831033707,-1000.0
2026-01-02 12:30:00,0.04468034952878952,-1000.0
2026-01-02 12:45:00,0.044527363032102585,-1000.0
2026-01-02 13:00:00,0.04325805604457855,-1000.0
2026-01-02 13:15:00,0.041938696056604385,-1000.0
2026-01-02 13:30:00,0.04250513017177582,-1000.0
2026-01-02 13:45:00,0.04505877569317818,-1000.0
2026-01-02 14:00:00,0.04586964100599289,-1000.0
2026-01-02 14:15:00,0.04741087555885315,0.0
2026-01-02 14:30:00,0.05065291374921799,0.0
2026-01-02 14:45:00,0.057053349912166595,0.0
2026-01-02 15:00:00,0.05621691048145294,0.0
2026-01-02 15:15:00,0.06033613905310631,0.0
2026-01-02 15:30:00,0.0771518349647522,0.0
2026-01-02 15:45:00,0.10320593416690826,0.0
2026-01-02 16:00:00,0.152643620967865,0.0
2026-01-02 16:15:00,0.27402961254119873,0.0
2026-01-02 16:30:00,0.5216848850250244,0.0
2026-01-02 16:45:00,0.7386812567710876,0.0
2026-01-02 17:00:00,0.8516882061958313,0.0
2026-01-02 17:15:00,0.9541471600532532,0.0
2026-01-02 17:30:00,1.0342974662780762,0.0
2026-01-02 17:45:00,1.1053965091705322,0.0
2026-01-02 18:00:00,1.0930566787719727,0.0
2026-01-02 18:15:00,1.1094478368759155,1000.0
2026-01-02 18:30:00,1.1398029327392578,1000.0
2026-01-02 18:45:00,1.1729987859725952,1000.0
2026-01-02 19:00:00,1.1256012916564941,1000.0
2026-01-02 19:15:00,1.1122187376022339,1000.0
2026-01-02 19:30:00,1.1202895641326904,1000.0
2026-01-02 19:45:00,1.1412302255630493,1000.0
2026-01-02 20:00:00,1.0901808738708496,1000.0
2026-01-02 20:15:00,1.0693652629852295,0.0
2026-01-02 20:30:00,1.0737026929855347,0.0
2026-01-02 20:45:00,1.0819369554519653,0.0
2026-01-02 21:00:00,1.0156824588775635,0.0
2026-01-02 21:15:00,0.9826297760009766,0.0
2026-01-02 21:30:00,0.9908368587493896,0.0
2026-01-02 21:45:00,1.012168526649475,0.0
2026-01-02 22:00:00,0.9444043040275574,0.0
2026-01-02 22:15:00,0.9332484602928162,0.0
2026-01-02 22:30:00,0.9413722157478333,0.0
2026-01-02 22:45:00,0.9591185450553894,0.0
2026-01-02 23:00:00,0.8808902502059937,0.0
2026-01-02 23:15:00,0.8430119752883911,0.0
2026-01-02 23:30:00,0.8362186551094055,0.0
2026-01-02 23:45:00,0.8530992865562439,0.0
2026-01-03 00:00:00,1.0575145483016968,0.0
2026-01-03 00:15:00,1.272266149520874,0.0
2026-01-03 00:30:00,1.4320390224456787,0.0
2026-01-03 00:45:00,1.502038836479187,0.0
2026-01-03 01:00:00,1.452731966972351,0.0
2026-01-03 01:15:00,1.4711180925369263,0.0
2026-01-03 01:30:00,1.496990442276001,0.0
2026-01-03 01:45:00,1.4955565929412842,0.0
2026-01-03 02:00:00,1.4667044878005981,0.0
2026-01-03 02:15:00,1.4421662092208862,0.0
2026-01-03 02:30:00,1.4329200983047485,0.0
2026-01-03 02:45:00,1.4298458099365234,0.0
2026-01-03 03:00:00,1.375294804573059,0.0
2026-01-03 03:15:00,1.353908658027649,0.0
2026-01-03 03:30:00,1.3440520763397217,0.0
2026-01-03 03:45:00,1.32088303565979,0.0
2026-01-03 04:00:00,1.2687208652496338,0.0
2026-01-03 04:15:00,1.2341320514678955,0.0
2026-01-03 04:30:00,1.2080583572387695,0.0
2026-01-03 04:45:00,1.1989022493362427,0.0
2026-01-03 05:00:00,1.1657426357269287,0.0
2026-01-03 05:15:00,1.1775857210159302,0.0
2026-01-03 05:30:00,1.1849321126937866,0.0
2026-01-03 05:45:00,1.1871442794799805,0.0
2026-01-03 06:00:00,1.1679506301879883,0.0
2026-01-03 06:15:00,1.1604230403900146,0.0
2026-01-03 06:30:00,1.1607006788253784,0.0
2026-01-03 06:45:00,1.1629974842071533,0.0
2026-01-03 07:00:00,1.141317367553711,0.0
2026-01-03 07:15:00,1.1404941082000732,0.0
2026-01-03 07:30:00,1.1508547067642212,0.0
2026-01-03 07:45:00,1.1626901626586914,0.0
2026-01-03 08:00:00,1.1543816328048706,0.0
2026-01-03 08:15:00,1.178361415863037,0.0
2026-01-03 08:30:00,1.1847795248031616,0.0
2026-01-03 08:45:00,1.169423222541809,0.0
2026-01-03 09:00:00,1.1156957149505615,0.0
2026-01-03 09:15:00,1.0844700336456299,0.0
2026-01-03 09:30:00,1.0619503259658813,0.0
2026-01-03 09:45:00,1.0386313199996948,0.0
2026-01-03 10:00:00,0.953356921672821,0.0
2026-01-03 10:15:00,0.8928152918815613,0.0
2026-01-03 10:30:00,0.8494694828987122,0.0
2026-01-03 10:45:00,0.8025557398796082,0.0
2026-01-03 11:00:00,0.6876586079597473,0.0
2026-01-03 11:15:00,0.6158208847045898,0.0
2026-01-03 11:30:00,0.5745948553085327,0.0
2026-01-03 11:45:00,0.5472412705421448,0.0
2026-01-03 12:00:00,0.4510624408721924,0.0
2026-01-03 12:15:00,0.3920273780822754,0.0
2026-01-03 12:30:00,0.36186695098876953,0.0
2026-01-03 12:45:00,0.35712385177612305,-1000.0
2026-01-03 13:00:00,0.31155306100845337,-1000.0
2026-01-03 13:15:00,0.2967199683189392,-1000.0
2026-01-03 13:30:00,0.3063081204891205,-1000.0
2026-01-03 13:45:00,0.3388671875,-1000.0
2026-01-03 14:00:00,0.319811075925827,-1000.0
2026-01-03 14:15:00,0.3306744694709778,-1000.0
2026-01-03 14:30:00,0.3695797920227051,-1000.0
2026-01-03 14:45:00,0.4497288465499878,0.0
2026-01-03 15:00:00,0.4590024948120117,0.0
2026-01-03 15:15:00,0.5169078707695007,0.0
2026-01-03 15:30:00,0.6218089461326599,0.0
2026-01-03 15:45:00,0.7429232001304626,0.0
2026-01-03 16:00:00,0.7905970215797424,0.0
2026-01-03 16:15:00,0.9470964074134827,0.0
2026-01-03 16:30:00,1.1383121013641357,0.0
2026-01-03 16:45:00,1.361736536026001,0.0
2026-01-03 17:00:00,1.4072136878967285,0.0
2026-01-03 17:15:00,1.488439679145813,1000.0
2026-01-03 17:30:00,1.56907320022583,1000.0
2026-01-03 17:45:00,1.6202611923217773,1000.0
2026-01-03 18:00:00,1.5861694812774658,1000.0
2026-01-03 18:15:00,1.5674386024475098,1000.0
2026-01-03 18:30:00,1.5552213191986084,1000.0
2026-01-03 18:45:00,1.5461608171463013,1000.0
2026-01-03 19:00:00,1.4507654905319214,1000.0
2026-01-03 19:15:00,1.3948948383331299,0.0
2026-01-03 19:30:00,1.3757946491241455,0.0
2026-01-03 19:45:00,1.3814765214920044,0.0
2026-01-03 20:00:00,1.3186382055282593,0.0
2026-01-03 20:15:00,1.3353266716003418,0.0
2026-01-03 20:30:00,1.3557791709899902,0.0
2026-01-03 20:45:00,1.3778467178344727,0.0
2026-01-03 21:00:00,1.28804349899292,0.0
2026-01-03 21:15:00,1.2318530082702637,0.0
2026-01-03 21:30:00,1.2243132591247559,0.0
2026-01-03 21:45:00,1.2448430061340332,0.0
2026-01-03 22:00:00,1.1266098022460938,0.0
2026-01-03 22:15:00,1.0939443111419678,0.0
2026-01-03 22:30:00,1.0895538330078125,0.0
2026-01-03 22:45:00,1.1021671295166016,0.0
2026-01-03 23:00:00,1.01118803024292,0.0
2026-01-03 23:15:00,0.9931692481040955,0.0
2026-01-03 23:30:00,0.9931402802467346,0.0
2026-01-03 23:45:00,1.0082563161849976,0.0
2026-01-04 00:00:00,1.2827091217041016,0.0
2026-01-04 00:15:00,1.4320580959320068,0.0
2026-01-04 00:30:00,1.5316026210784912,0.0
2026-01-04 00:45:00,1.5705515146255493,0.0
2026-01-04 01:00:00,1.545104742050171,0.0
2026-01-04 01:15:00,1.56211519241333,0.0
2026-01-04 01:30:00,1.5861930847167969,0.0
2026-01-04 01:45:00,1.590907096862793,0.0
2026-01-04 02:00:00,1.5601564645767212,0.0
2026-01-04 02:15:00,1.57505464553833,0.0
2026-01-04 02:30:00,1.5695114135742188,0.0
2026-01-04 02:45:00,1.5522290468215942,0.0
2026-01-04 03:00:00,1.5008971691131592,0.0
2026-01-04 03:15:00,1.4733699560165405,0.0
2026-01-04 03:30:00,1.456576943397522,0.0
2026-01-04 03:45:00,1.4554011821746826,0.0
2026-01-04 04:00:00,1.37253999710083,0.0
2026-01-04 04:15:00,1.3402565717697144,0.0
2026-01-04 04:30:00,1.318365454673767,0.0
2026-01-04 04:45:00,1.302649974822998,0.0
2026-01-04 05:00:00,1.2563953399658203,0.0
2026-01-04 05:15:00,1.2564151287078857,0.0
2026-01-04 05:30:00,1.2594480514526367,0.0
2026-01-04 05:45:00,1.2655991315841675,0.0
2026-01-04 06:00:00,1.2519524097442627,0.0
2026-01-04 06:15:00,1.256044864654541,0.0
2026-01-04 06:30:00,1.2701520919799805,0.0
2026-01-04 06:45:00,1.3020039796829224,0.0
2026-01-04 07:00:00,1.2979025840759277,0.0
2026-01-04 07:15:00,1.3029658794403076,0.0
2026-01-04 07:30:00,1.3011691570281982,0.0
2026-01-04 07:45:00,1.3316705226898193,0.0
2026-01-04 08:00:00,1.3375990390777588,0.0
2026-01-04 08:15:00,1.3621004819869995,0.0
2026-01-04 08:30:00,1.37733793258667,0.0
2026-01-04 08:45:00,1.3817392587661743,0.0
2026-01-04 09:00:00,1.319138765335083,0.0
2026-01-04 09:15:00,1.2947814464569092,0.0
2026-01-04 09:30:00,1.2707891464233398,0.0
2026-01-04 09:45:00,1.2306973934173584,0.0
2026-01-04 10:00:00,1.116142988204956,0.0
2026-01-04 10:15:00,1.0146169662475586,0.0
2026-01-04 10:30:00,0.9354584217071533,0.0
2026-01-04 10:45:00,0.8668796420097351,0.0
2026-01-04 11:00:00,0.7354604601860046,0.0
2026-01-04 11:15:00,0.6441037058830261,0.0
2026-01-04 11:30:00,0.5761291980743408,0.0
2026-01-04 11:45:00,0.5234444737434387,0.0
2026-01-04 12:00:00,0.4271240234375,0.0
2026-01-04 12:15:00,0.3642513155937195,0.0
2026-01-04 12:30:00,0.3234555125236511,0.0
2026-01-04 12:45:00,0.30527228116989136,-1000.0
2026-01-04 13:00:00,0.2648621201515198,-1000.0
2026-01-04 13:15:00,0.24617227911949158,-1000.0
2026-01-04 13:30:00,0.24304600059986115,-1000.0
2026-01-04 13:45:00,0.2595556378364563,-1000.0
2026-01-04 14:00:00,0.24649718403816223,-1000.0
2026-01-04 14:15:00,0.2569829523563385,-1000.0
2026-01-04 14:30:00,0.2938724160194397,-1000.0
2026-01-04 14:45:00,0.36748945713043213,0.0
2026-01-04 15:00:00,0.3989959955215454,0.0
2026-01-04 15:15:00,0.4737122654914856,0.0
2026-01-04 15:30:00,0.577366292476654,0.0
2026-01-04 15:45:00,0.728382408618927,0.0
2026-01-04 16:00:00,0.8039204478263855,0.0
2026-01-04 16:15:00,0.9591830968856812,0.0
2026-01-04 16:30:00,1.105674386024475,0.0
2026-01-04 16:45:00,1.293048620223999,0.0
2026-01-04 17:00:00,1.384000301361084,0.0
2026-01-04 17:15:00,1.4578052759170532,0.0
2026-01-04 17:30:00,1.5351771116256714,0.0
2026-01-04 17:45:00,1.6126132011413574,0.0
2026-01-04 18:00:00,1.5826290845870972,0.0
2026-01-04 18:15:00,1.5891392230987549,1000.0
2026-01-04 18:30:00,1.5919325351715088,1000.0
2026-01-04 18:45:00,1.6121711730957031,1000.0
2026-01-04 19:00:00,1.5583359003067017,1000.0
2026-01-04 19:15:00,1.5498548746109009,1000.0
2026-01-04 19:30:00,1.5803346633911133,1000.0
2026-01-04 19:45:00,1.6188864707946777,1000.0
2026-01-04 20:00:00,1.5754077434539795,1000.0
2026-01-04 20:15:00,1.5683526992797852,0.0
2026-01-04 20:30:00,1.5834425687789917,0.0
2026-01-04 20:45:00,1.5969734191894531,0.0
2026-01-04 21:00:00,1.5285940170288086,0.0
2026-01-04 21:15:00,1.497185468673706,0.0
2026-01-04 21:30:00,1.4965485334396362,0.0
2026-01-04 21:45:00,1.5163755416870117,0.0
2026-01-04 22:00:00,1.4367173910140991,0.0
2026-01-04 22:15:00,1.4102622270584106,0.0
2026-01-04 22:30:00,1.4022419452667236,0.0
2026-01-04 22:45:00,1.4334330558776855,0.0
2026-01-04 23:00:00,1.3493962287902832,0.0
2026-01-04 23:15:00,1.3427746295928955,0.0
2026-01-04 23:30:00,1.3975932598114014,0.0
2026-01-04 23:45:00,1.4523526430130005,0.0
2026-01-05 00:00:00,1.6354646682739258,0.0
2026-01-05 00:15:00,1.6843912601470947,0.0
2026-01-05 00:30:00,1.68623948097229,0.0
2026-01-05 00:45:00,1.6675760746002197,0.0
2026-01-05 01:00:00,1.7007471323013306,0.0
2026-01-05 01:15:00,1.6933817863464355,0.0
2026-01-05 01:30:00,1.6613881587982178,0.0
2026-01-05 01:45:00,1.6156282424926758,0.0
2026-01-05 02:00:00,1.6314353942871094,0.0
2026-01-05 02:15:00,1.6111453771591187,0.0
2026-01-05 02:30:00,1.5715066194534302,0.0
2026-01-05 02:45:00,1.5288803577423096,0.0
2026-01-05 03:00:00,1.5268847942352295,0.0
2026-01-05 03:15:00,1.5053625106811523,0.0
2026-01-05 03:30:00,1.4753658771514893,0.0
2026-01-05 03:45:00,1.4443027973175049,0.0
2026-01-05 04:00:00,1.4625389575958252,0.0
2026-01-05 04:15:00,1.4508535861968994,0.0
2026-01-05 04:30:00,1.419785976409912,0.0
2026-01-05 04:45:00,1.3750813007354736,0.0
2026-01-05 05:00:00,1.3462735414505005,0.0
2026-01-05 05:15:00,1.3189318180084229,0.0
2026-01-05 05:30:00,1.2877352237701416,0.0
2026-01-05 05:45:00,1.2594501972198486,0.0
2026-01-05 06:00:00,1.2561461925506592,0.0
2026-01-05 06:15:00,1.2544240951538086,0.0
2026-01-05 06:30:00,1.2436673641204834,0.0
2026-01-05 06:45:00,1.2333818674087524,0.0
2026-01-05 07:00:00,1.2292249202728271,0.0
2026-01-05 07:15:00,1.2261124849319458,0.0
2026-01-05 07:30:00,1.206939697265625,0.0
2026-01-05 07:45:00,1.1979845762252808,0.0
2026-01-05 08:00:00,1.172314167022705,0.0
2026-01-05 08:15:00,1.19340181350708,0.0
2026-01-05 08:30:00,1.2076507806777954,0.0
2026-01-05 08:45:00,1.197718858718872,0.0
2026-01-05 09:00:00,1.1849923133850098,0.0
2026-01-05 09:15:00,1.150217056274414,0.0
2026-01-05 09:30:00,1.1131136417388916,0.0
2026-01-05 09:45:00,1.0796345472335815,0.0
2026-01-05 10:00:00,0.9947197437286377,0.0
2026-01-05 10:15:00,0.9031203389167786,0.0
2026-01-05 10:30:00,0.8170595765113831,0.0
2026-01-05 10:45:00,0.760373055934906,0.0
2026-01-05 11:00:00,0.618745744228363,0.0
2026-01-05 11:15:00,0.5237488150596619,0.0
2026-01-05 11:30:00,0.4512963891029358,0.0
2026-01-05 11:45:00,0.3813333511352539,0.0
2026-01-05 12:00:00,0.28817468881607056,0.0
2026-01-05 12:15:00,0.22438611090183258,0.0
2026-01-05 12:30:00,0.1668981909751892,0.0
2026-01-05 12:45:00,0.14433029294013977,0.0
2026-01-05 13:00:00,0.1100887581706047,0.0
2026-01-05 13:15:00,0.08713708817958832,0.0
2026-01-05 13:30:00,0.07832224667072296,0.0
2026-01-05 13:45:00,0.07961578667163849,-1000.0
2026-01-05 14:00:00,0.07189786434173584,-1000.0
2026-01-05 14:15:00,0.06743410229682922,-1000.0
2026-01-05 14:30:00,0.06869605928659439,-1000.0
2026-01-05 14:45:00,0.075131855905056,-1000.0
2026-01-05 15:00:00,0.06946554034948349,-1000.0
2026-01-05 15:15:00,0.07100503891706467,-1000.0
2026-01-05 15:30:00,0.09783755987882614,-1000.0
2026-01-05 15:45:00,0.14456823468208313,0.0
2026-01-05 16:00:00,0.17921537160873413,0.0
2026-01-05 16:15:00,0.261638879776001,0.0
2026-01-05 16:30:00,0.42470765113830566,0.0
2026-01-05 16:45:00,0.5891761183738708,0.0
2026-01-05 17:00:00,0.6430374383926392,0.0
2026-01-05 17:15:00,0.7032431960105896,0.0
2026-01-05 17:30:00,0.7627363204956055,0.0
2026-01-05 17:45:00,0.8153056502342224,1000.0
2026-01-05 18:00:00,0.7891187071800232,1000.0
2026-01-05 18:15:00,0.7895124554634094,1000.0
2026-01-05 18:30:00,0.7852464318275452,1000.0
2026-01-05 18:45:00,0.7771349549293518,1000.0
2026-01-05 19:00:00,0.7084364295005798,1000.0
2026-01-05 19:15:00,0.6650179624557495,1000.0
2026-01-05 19:30:00,0.6230935454368591,1000.0
2026-01-05 19:45:00,0.5944382548332214,0.0
2026-01-05 20:00:00,0.5192857980728149,0.0
2026-01-05 20:15:00,0.4785577654838562,0.0
2026-01-05 20:30:00,0.45093297958374023,0.0
2026-01-05 20:45:00,0.43541330099105835,0.0
2026-01-05 21:00:00,0.368061900138855,0.0
2026-01-05 21:15:00,0.32213687896728516,0.0
2026-01-05 21:30:00,0.2908855974674225,0.0
2026-01-05 21:45:00,0.2701703906059265,0.0
2026-01-05 22:00:00,0.2095446139574051,0.0
2026-01-05 22:15:00,0.1710389256477356,0.0
2026-01-05 22:30:00,0.14409534633159637,0.0
2026-01-05 22:45:00,0.1363285332918167,0.0
2026-01-05 23:00:00,0.0965440422296524,0.0
2026-01-05 23:15:00,0.06862099468708038,0.0
2026-01-05 23:30:00,0.05669955909252167,0.0
2026-01-05 23:45:00,0.05648140609264374,0.0
2026-01-06 00:00:00,0.08424005657434464,0.0
2026-01-06 00:15:00,0.0771896094083786,0.0
2026-01-06 00:30:00,0.07479337602853775,0.0
2026-01-06 00:45:00,0.07378365844488144,0.0
2026-01-06 01:00:00,0.0657072365283966,0.0
2026-01-06 01:15:00,0.05210809409618378,0.0
2026-01-06 01:30:00,0.04208111763000488,0.0
2026-01-06 01:45:00,0.03847527503967285,0.0
2026-01-06 02:00:00,0.02918258309364319,0.0
2026-01-06 02:15:00,0.01984012871980667,0.0
2026-01-06 02:30:00,0.016356781125068665,0.0
2026-01-06 02:45:00,0.015476256608963013,0.0
2026-01-06 03:00:00,0.0104898139834404,0.0
2026-01-06 03:15:00,0.005881093442440033,0.0
2026-01-06 03:30:00,0.0032280385494232178,0.0
2026-01-06 03:45:00,0.0041050538420677185,0.0
2026-01-06 04:00:00,0.0024456381797790527,0.0
2026-01-06 04:15:00,5.0634145736694336e-05,0.0
2026-01-06 04:30:00,-0.0011153146624565125,0.0
2026-01-06 04:45:00,0.0008162334561347961,0.0
2026-01-06 05:00:00,-0.001036129891872406,0.0
2026-01-06 05:15:00,-0.00314340740442276,0.0
2026-01-06 05:30:00,-0.003999240696430206,0.0
2026-01-06 05:45:00,-0.002974890172481537,0.0
2026-01-06 06:00:00,-0.004380576312541962,0.0
2026-01-06 06:15:00,-0.006726987659931183,0.0
2026-01-06 06:30:00,-0.008281320333480835,0.0
2026-01-06 06:45:00,-0.00610516220331192,0.0
2026-01-06 07:00:00,-0.007042363286018372,0.0
2026-01-06 07:15:00,-0.008370071649551392,0.0
2026-01-06 07:30:00,-0.007180854678153992,0.0
2026-01-06 07:45:00,-0.0034694448113441467,0.0
2026-01-06 08:00:00,-0.0022409260272979736,0.0
2026-01-06 08:15:00,-0.001415640115737915,0.0
2026-01-06 08:30:00,0.0028477609157562256,0.0
2026-01-06 08:45:00,0.007062532007694244,0.0
2026-01-06 09:00:00,0.0023450180888175964,0.0
2026-01-06 09:15:00,-0.006032675504684448,0.0
2026-01-06 09:30:00,-0.017890937626361847,0.0
2026-01-06 09:45:00,-0.027578197419643402,0.0
2026-01-06 10:00:00,-0.04336676001548767,0.0
2026-01-06 10:15:00,-0.05789746344089508,0.0
2026-01-06 10:30:00,-0.06627506017684937,0.0
2026-01-06 10:45:00,-0.06809036433696747,0.0
2026-01-06 11:00:00,-0.07401072978973389,0.0
2026-01-06 11:15:00,-0.07331950962543488,0.0
2026-01-06 11:30:00,-0.07333774864673615,0.0
2026-01-06 11:45:00,-0.0749431699514389,0.0
2026-01-06 12:00:00,-0.07723689079284668,-1000.0
2026-01-06 12:15:00,-0.07990621030330658,-1000.0
2026-01-06 12:30:00,-0.08128759264945984,-1000.0
2026-01-06 12:45:00,-0.07956656813621521,-1000.0
2026-01-06 13:00:00,-0.07792998850345612,-1000.0
2026-01-06 13:15:00,-0.07901136577129364,-1000.0
2026-01-06 13:30:00,-0.07852111756801605,-1000.0
2026-01-06 13:45:00,-0.07506333291530609,-1000.0
2026-01-06 14:00:00,-0.07310834527015686,0.0
2026-01-06 14:15:00,-0.07330322265625,0.0
2026-01-06 14:30:00,-0.07218985259532928,0.0
2026-01-06 14:45:00,-0.06690743565559387,0.0
2026-01-06 15:00:00,-0.06404918432235718,0.0
2026-01-06 15:15:00,-0.06128820776939392,0.0
2026-01-06 15:30:00,-0.0536734014749527,0.0
2026-01-06 15:45:00,-0.036153122782707214,0.0
2026-01-06 16:00:00,-0.02588878571987152,0.0
2026-01-06 16:15:00,-0.0002838894724845886,0.0
2026-01-06 16:30:00,0.03717318922281265,0.0
2026-01-06 16:45:00,0.06389797478914261,0.0
2026-01-06 17:00:00,0.12060665339231491,0.0
2026-01-06 17:15:00,0.2924712598323822,0.0
2026-01-06 17:30:00,0.4611397981643677,0.0
2026-01-06 17:45:00,0.5840612053871155,0.0
2026-01-06 18:00:00,0.600554883480072,0.0
2026-01-06 18:15:00,0.6631019711494446,0.0
2026-01-06 18:30:00,0.7257663607597351,0.0
2026-01-06 18:45:00,0.7790139317512512,0.0
2026-01-06 19:00:00,0.7443248629570007,0.0
2026-01-06 19:15:00,0.752308189868927,0.0
2026-01-06 19:30:00,0.7770751714706421,0.0
2026-01-06 19:45:00,0.8103938698768616,0.0
2026-01-06 20:00:00,0.7571412920951843,0.0
2026-01-06 20:15:00,0.7554144263267517,0.0
2026-01-06 20:30:00,0.7773229479789734,0.0
2026-01-06 20:45:00,0.810348391532898,0.0
2026-01-06 21:00:00,0.7601980566978455,0.0
2026-01-06 21:15:00,0.7443473935127258,0.0
2026-01-06 21:30:00,0.7664592862129211,0.0
2026-01-06 21:45:00,0.7898872494697571,0.0
2026-01-06 22:00:00,0.7419151663780212,1000.0
2026-01-06 22:15:00,0.7529875636100769,1000.0
2026-01-06 22:30:00,0.7677858471870422,1000.0
2026-01-06 22:45:00,0.7926841378211975,1000.0
2026-01-06 23:00:00,0.7559996247291565,1000.0
2026-01-06 23:15:00,0.7227815985679626,1000.0
2026-01-06 23:30:00,0.723505437374115,1000.0
2026-01-06 23:45:00,0.7444055676460266,1000.0
2026-01-07 00:00:00,0.6067230105400085,0.0
2026-01-07 00:15:00,0.6591268181800842,0.0
2026-01-07 00:30:00,0.703441858291626,0.0
2026-01-07 00:45:00,0.7376828789710999,0.0
2026-01-07 01:00:00,0.6955223679542542,0.0
2026-01-07 01:15:00,0.6963561773300171,0.0
2026-01-07 01:30:00,0.7066436409950256,0.0
2026-01-07 01:45:00,0.7255071997642517,0.0
2026-01-07 02:00:00,0.6929786801338196,0.0
2026-01-07 02:15:00,0.6942276954650879,0.0
2026-01-07 02:30:00,0.7145246863365173,0.0
2026-01-07 02:45:00,0.7452174425125122,0.0
2026-01-07 03:00:00,0.711765706539154,0.0
2026-01-07 03:15:00,0.7114250659942627,0.0
2026-01-07 03:30:00,0.7155464887619019,0.0
2026-01-07 03:45:00,0.72903972864151,0.0
2026-01-07 04:00:00,0.7295283675193787,0.0
2026-01-07 04:15:00,0.7419101595878601,0.0
2026-01-07 04:30:00,0.7599449753761292,0.0
2026-01-07 04:45:00,0.7744630575180054,0.0
2026-01-07 05:00:00,0.7704433798789978,0.0
2026-01-07 05:15:00,0.7793607711791992,0.0
2026-01-07 05:30:00,0.8050176501274109,0.0
2026-01-07 05:45:00,0.8325222134590149,0.0
2026-01-07 06:00:00,0.8484185338020325,0.0
2026-01-07 06:15:00,0.8689363598823547,0.0
2026-01-07 06:30:00,0.8829811811447144,0.0
2026-01-07 06:45:00,0.8891050219535828,0.0
2026-01-07 07:00:00,0.9011772274971008,0.0
2026-01-07 07:15:00,0.9092926979064941,0.0
2026-01-07 07:30:00,0.9165765047073364,0.0
2026-01-07 07:45:00,0.9331100583076477,0.0
2026-01-07 08:00:00,0.956225574016571,0.0
2026-01-07 08:15:00,0.9705681204795837,0.0
2026-01-07 08:30:00,0.9773133993148804,0.0
2026-01-07 08:45:00,0.9728331565856934,0.0
2026-01-07 09:00:00,0.9648566842079163,0.0
2026-01-07 09:15:00,0.9173830151557922,0.0
2026-01-07 09:30:00,0.8519817590713501,0.0
2026-01-07 09:45:00,0.789188027381897,0.0
2026-01-07 10:00:00,0.6325197219848633,0.0
2026-01-07 10:15:00,0.5068055391311646,0.0
2026-01-07 10:30:00,0.4021575450897217,0.0
2026-01-07 10:45:00,0.3314328193664551,0.0
2026-01-07 11:00:00,0.2541547417640686,0.0
2026-01-07 11:15:00,0.2037086933851242,0.0
2026-01-07 11:30:00,0.15644212067127228,0.0
2026-01-07 11:45:00,0.12319961935281754,0.0
2026-01-07 12:00:00,0.09843761473894119,0.0
2026-01-07 12:15:00,0.07791639119386673,-1000.0
2026-01-07 12:30:00,0.0623762346804142,-1000.0
2026-01-07 12:45:00,0.05609741434454918,-1000.0
2026-01-07 13:00:00,0.05622385814785957,-1000.0
2026-01-07 13:15:00,0.052862994372844696,-1000.0
2026-01-07 13:30:00,0.0523480549454689,-1000.0
2026-01-07 13:45:00,0.05530970171093941,-1000.0
2026-01-07 14:00:00,0.05806180089712143,-1000.0
2026-01-07 14:15:00,0.05835629254579544,0.0
2026-01-07 14:30:00,0.06155422702431679,0.0
2026-01-07 14:45:00,0.06903018802404404,0.0
2026-01-07 15:00:00,0.07357125729322433,0.0
2026-01-07 15:15:00,0.0765177458524704,0.0
2026-01-07 15:30:00,0.11321111023426056,0.0
2026-01-07 15:45:00,0.1783144623041153,0.0
2026-01-07 16:00:00,0.25800931453704834,0.0
2026-01-07 16:15:00,0.41192692518234253,0.0
2026-01-07 16:30:00,0.6280441880226135,0.0
2026-01-07 16:45:00,0.844585120677948,0.0
2026-01-07 17:00:00,0.914326548576355,0.0
2026-01-07 17:15:00,1.0007891654968262,0.0
2026-01-07 17:30:00,1.090851902961731,0.0
2026-01-07 17:45:00,1.1569015979766846,1000.0
2026-01-07 18:00:00,1.1469752788543701,1000.0
2026-01-07 18:15:00,1.1488502025604248,1000.0
2026-01-07 18:30:00,1.1562873125076294,1000.0
2026-01-07 18:45:00,1.1710532903671265,1000.0
2026-01-07 19:00:00,1.1097500324249268,1000.0
2026-01-07 19:15:00,1.0788222551345825,1000.0
2026-01-07 19:30:00,1.0603033304214478,1000.0
2026-01-07 19:45:00,1.0515450239181519,0.0
2026-01-07 20:00:00,0.979324221611023,0.0
2026-01-07 20:15:00,0.9327228665351868,0.0
2026-01-07 20:30:00,0.9031651020050049,0.0
2026-01-07 20:45:00,0.8874422907829285,0.0
2026-01-07 21:00:00,0.8116912245750427,0.0
2026-01-07 21:15:00,0.7711527347564697,0.0
2026-01-07 21:30:00,0.7251091599464417,0.0
2026-01-07 21:45:00,0.7033342719078064,0.0
2026-01-07 22:00:00,0.6172085404396057,0.0
2026-01-07 22:15:00,0.5505607724189758,0.0
2026-01-07 22:30:00,0.47975683212280273,0.0
2026-01-07 22:45:00,0.43562978506088257,0.0
2026-01-07 23:00:00,0.35063689947128296,0.0
2026-01-07 23:15:00,0.27993112802505493,0.0
2026-01-07 23:30:00,0.22942541539669037,0.0
2026-01-07 23:45:00,0.19217108190059662,0.0
2026-01-08 00:00:00,0.2144506722688675,0.0
2026-01-08 00:15:00,0.23341543972492218,0.0
2026-01-08 00:30:00,0.22692883014678955,0.0
2026-01-08 00:45:00,0.217112734913826,0.0
2026-01-08 01:00:00,0.1805610954761505,0.0
2026-01-08 01:15:00,0.15749090909957886,0.0
2026-01-08 01:30:00,0.140071302652359,0.0
2026-01-08 01:45:00,0.12753811478614807,0.0
2026-01-08 02:00:00,0.10180626809597015,0.0
2026-01-08 02:15:00,0.08606595546007156,0.0
2026-01-08 02:30:00,0.07029514014720917,0.0
2026-01-08 02:45:00,0.058750689029693604,0.0
2026-01-08 03:00:00,0.04493352025747299,0.0
2026-01-08 03:15:00,0.033167991787195206,0.0
2026-01-08 03:30:00,0.021963436156511307,0.0
2026-01-08 03:45:00,0.015261199325323105,0.0
2026-01-08 04:00:00,0.010459676384925842,0.0
2026-01-08 04:15:00,0.00548466295003891,0.0
2026-01-08 04:30:00,0.001976892352104187,0.0
2026-01-08 04:45:00,0.0009229481220245361,0.0
2026-01-08 05:00:00,-0.000951424241065979,0.0
2026-01-08 05:15:00,-0.004177175462245941,0.0
2026-01-08 05:30:00,-0.00430915504693985,0.0
2026-01-08 05:45:00,-0.005223140120506287,0.0
2026-01-08 06:00:00,-0.006261490285396576,0.0
2026-01-08 06:15:00,-0.009422071278095245,0.0
2026-01-08 06:30:00,-0.00913231074810028,0.0
2026-01-08 06:45:00,-0.00843820720911026,0.0
2026-01-08 07:00:00,-0.008944705128669739,0.0
2026-01-08 07:15:00,-0.010336041450500488,0.0
2026-01-08 07:30:00,-0.008609429001808167,0.0
2026-01-08 07:45:00,-0.0052824243903160095,0.0
2026-01-08 08:00:00,-0.004013784229755402,0.0
2026-01-08 08:15:00,-0.00499444454908371,0.0
2026-01-08 08:30:00,-0.004076108336448669,0.0
2026-01-08 08:45:00,-0.0037518441677093506,0.0
2026-01-08 09:00:00,-0.011524498462677002,0.0
2026-01-08 09:15:00,-0.02700626850128174,0.0
2026-01-08 09:30:00,-0.039799369871616364,0.0
2026-01-08 09:45:00,-0.05058719217777252,0.0
2026-01-08 10:00:00,-0.06312002241611481,0.0
2026-01-08 10:15:00,-0.07496871054172516,0.0
2026-01-08 10:30:00,-0.07970030605792999,0.0
2026-01-08 10:45:00,-0.08028160035610199,0.0
2026-01-08 11:00:00,-0.08253438770771027,0.0
2026-01-08 11:15:00,-0.08590690791606903,0.0
2026-01-08 11:30:00,-0.08685992658138275,0.0
2026-01-08 11:45:00,-0.08633768558502197,0.0
2026-01-08 12:00:00,-0.08800797164440155,-1000.0
2026-01-08 12:15:00,-0.09048205614089966,-1000.0
2026-01-08 12:30:00,-0.09154455363750458,-1000.0
2026-01-08 12:45:00,-0.09067358076572418,-1000.0
2026-01-08 13:00:00,-0.08813033998012543,-1000.0
2026-01-08 13:15:00,-0.08900725841522217,-1000.0
2026-01-08 13:30:00,-0.08886465430259705,-1000.0
2026-01-08 13:45:00,-0.08706191182136536,-1000.0
2026-01-08 14:00:00,-0.08522295951843262,0.0
2026-01-08 14:15:00,-0.08677320182323456,0.0
2026-01-08 14:30:00,-0.08776931464672089,0.0
2026-01-08 14:45:00,-0.08595997095108032,0.0
2026-01-08 15:00:00,-0.082267165184021,0.0
2026-01-08 15:15:00,-0.08174207806587219,0.0
2026-01-08 15:30:00,-0.07649253308773041,0.0
2026-01-08 15:45:00,-0.0697816014289856,0.0
2026-01-08 16:00:00,-0.06637498736381531,0.0
2026-01-08 16:15:00,-0.05977988243103027,0.0
2026-01-08 16:30:00,-0.04087524116039276,0.0
2026-01-08 16:45:00,-0.008660614490509033,0.0
2026-01-08 17:00:00,0.024581536650657654,0.0
2026-01-08 17:15:00,0.04600523039698601,0.0
2026-01-08 17:30:00,0.05813932418823242,0.0
2026-01-08 17:45:00,0.08635555952787399,0.0
2026-01-08 18:00:00,0.0936637744307518,0.0
2026-01-08 18:15:00,0.12182295322418213,1000.0
2026-01-08 18:30:00,0.14777345955371857,1000.0
2026-01-08 18:45:00,0.17203450202941895,1000.0
2026-01-08 19:00:00,0.15868355333805084,1000.0
2026-01-08 19:15:00,0.14856503903865814,1000.0
2026-01-08 19:30:00,0.1560135930776596,1000.0
2026-01-08 19:45:00,0.16604414582252502,1000.0
2026-01-08 20:00:00,0.1458767056465149,1000.0
2026-01-08 20:15:00,0.1273619830608368,0.0
2026-01-08 20:30:00,0.12175501883029938,0.0
2026-01-08 20:45:00,0.11804425716400146,0.0
2026-01-08 21:00:00,0.08143678307533264,0.0
2026-01-08 21:15:00,0.06495777517557144,0.0
2026-01-08 21:30:00,0.05895392596721649,0.0
2026-01-08 21:45:00,0.06311915069818497,0.0
2026-01-08 22:00:00,0.04808782786130905,0.0
2026-01-08 22:15:00,0.04776567220687866,0.0
2026-01-08 22:30:00,0.05346854031085968,0.0
2026-01-08 22:45:00,0.06026187539100647,0.0
2026-01-08 23:00:00,0.051035214215517044,0.0
2026-01-08 23:15:00,0.04888885095715523,0.0
2026-01-08 23:30:00,0.049600474536418915,0.0
2026-01-08 23:45:00,0.05103716999292374,0.0
2026-01-09 00:00:00,0.061646245419979095,0.0
2026-01-09 00:15:00,0.05759778991341591,0.0
2026-01-09 00:30:00,0.050463296473026276,0.0
2026-01-09 00:45:00,0.04323756694793701,0.0
2026-01-09 01:00:00,0.03511521965265274,0.0
2026-01-09 01:15:00,0.027709178626537323,0.0
2026-01-09 01:30:00,0.021231021732091904,0.0
2026-01-09 01:45:00,0.016337446868419647,0.0
2026-01-09 02:00:00,0.011139839887619019,0.0
2026-01-09 02:15:00,0.002143561840057373,0.0
2026-01-09 02:30:00,-0.0023241043090820312,0.0
2026-01-09 02:45:00,-0.0016955956816673279,0.0
2026-01-09 03:00:00,-0.003758929669857025,0.0
2026-01-09 03:15:00,-0.008952140808105469,0.0
2026-01-09 03:30:00,-0.011303842067718506,0.0
2026-01-09 03:45:00,-0.010097190737724304,0.0
2026-01-09 04:00:00,-0.012059785425662994,0.0
2026-01-09 04:15:00,-0.01620335876941681,0.0
2026-01-09 04:30:00,-0.01638782024383545,0.0
2026-01-09 04:45:00,-0.015347979962825775,0.0
2026-01-09 05:00:00,-0.015149340033531189,0.0
2026-01-09 05:15:00,-0.017803654074668884,0.0
2026-01-09 05:30:00,-0.01987888664007187,0.0
2026-01-09 05:45:00,-0.017539724707603455,0.0
2026-01-09 06:00:00,-0.01855960488319397,0.0
2026-01-09 06:15:00,-0.022432886064052582,0.0
2026-01-09 06:30:00,-0.024184614419937134,0.0
2026-01-09 06:45:00,-0.021943368017673492,0.0
2026-01-09 07:00:00,-0.02234874665737152,0.0
2026-01-09 07:15:00,-0.02443964034318924,0.0
2026-01-09 07:30:00,-0.023234352469444275,0.0
2026-01-09 07:45:00,-0.01664423942565918,0.0
2026-01-09 08:00:00,-0.011399991810321808,0.0
2026-01-09 08:15:00,-0.009948484599590302,0.0
2026-01-09 08:30:00,-0.007228359580039978,0.0
2026-01-09 08:45:00,-0.005167722702026367,0.0
2026-01-09 09:00:00,-0.009571827948093414,0.0
2026-01-09 09:15:00,-0.018833957612514496,0.0
2026-01-09 09:30:00,-0.02903600037097931,0.0
2026-01-09 09:45:00,-0.037196941673755646,0.0
2026-01-09 10:00:00,-0.049740590155124664,0.0
2026-01-09 10:15:00,-0.059999316930770874,0.0
2026-01-09 10:30:00,-0.061656564474105835,0.0
2026-01-09 10:45:00,-0.06215961277484894,0.0
2026-01-09 11:00:00,-0.07069136202335358,0.0
2026-01-09 11:15:00,-0.07325160503387451,0.0
2026-01-09 11:30:00,-0.07451002299785614,0.0
2026-01-09 11:45:00,-0.07557135820388794,0.0
2026-01-09 12:00:00,-0.07990024983882904,-1000.0
2026-01-09 12:15:00,-0.08351682126522064,-1000.0
2026-01-09 12:30:00,-0.08233006298542023,-1000.0
2026-01-09 12:45:00,-0.08199210464954376,-1000.0
2026-01-09 13:00:00,-0.08232668042182922,-1000.0
2026-01-09 13:15:00,-0.0831104964017868,-1000.0
2026-01-09 13:30:00,-0.08153702318668365,-1000.0
2026-01-09 13:45:00,-0.07719390094280243,-1000.0
2026-01-09 14:00:00,-0.0763147622346878,0.0
2026-01-09 14:15:00,-0.0763237327337265,0.0
2026-01-09 14:30:00,-0.07473793625831604,0.0
2026-01-09 14:45:00,-0.07030969858169556,0.0
2026-01-09 15:00:00,-0.06813211739063263,0.0
2026-01-09 15:15:00,-0.06681123375892639,0.0
2026-01-09 15:30:00,-0.06194077432155609,0.0
2026-01-09 15:45:00,-0.052827559411525726,0.0
2026-01-09 16:00:00,-0.048122793436050415,0.0
2026-01-09 16:15:00,-0.04053372144699097,0.0
2026-01-09 16:30:00,-0.0210324227809906,0.0
2026-01-09 16:45:00,0.0014212653040885925,0.0
2026-01-09 17:00:00,0.0173545703291893,0.0
2026-01-09 17:15:00,0.03763316199183464,0.0
2026-01-09 17:30:00,0.06464430689811707,0.0
2026-01-09 17:45:00,0.13957087695598602,0.0
2026-01-09 18:00:00,0.1204395517706871,0.0
2026-01-09 18:15:00,0.14466415345668793,1000.0
2026-01-09 18:30:00,0.15913492441177368,1000.0
2026-01-09 18:45:00,0.18955382704734802,1000.0
2026-01-09 19:00:00,0.17214201390743256,1000.0
2026-01-09 19:15:00,0.17144173383712769,1000.0
2026-01-09 19:30:00,0.1838720738887787,1000.0
2026-01-09 19:45:00,0.19868940114974976,1000.0
2026-01-09 20:00:00,0.16623666882514954,1000.0
2026-01-09 20:15:00,0.15565188229084015,0.0
2026-01-09 20:30:00,0.1428542137145996,0.0
2026-01-09 20:45:00,0.16127590835094452,0.0
2026-01-09 21:00:00,0.15909190475940704,0.0
2026-01-09 21:15:00,0.1652926802635193,0.0
2026-01-09 21:30:00,0.17100462317466736,0.0
2026-01-09 21:45:00,0.19661611318588257,0.0
2026-01-09 22:00:00,0.1755337417125702,0.0
2026-01-09 22:15:00,0.16128942370414734,0.0
2026-01-09 22:30:00,0.15044859051704407,0.0
2026-01-09 22:45:00,0.15669125318527222,0.0
2026-01-09 23:00:00,0.1284329891204834,0.0
2026-01-09 23:15:00,0.13073939085006714,0.0
2026-01-09 23:30:00,0.14552266895771027,0.0
2026-01-09 23:45:00,0.15920361876487732,0.0
2026-01-10 00:00:00,0.1793915033340454,0.0
2026-01-10 00:15:00,0.17130142450332642,0.0
2026-01-10 00:30:00,0.16663432121276855,0.0
2026-01-10 00:45:00,0.16792520880699158,0.0
2026-01-10 01:00:00,0.17160123586654663,0.0
2026-01-10 01:15:00,0.17022542655467987,0.0
2026-01-10 01:30:00,0.16705507040023804,0.0
2026-01-10 01:45:00,0.16724851727485657,0.0
2026-01-10 02:00:00,0.15720364451408386,0.0
2026-01-10 02:15:00,0.14767786860466003,0.0
2026-01-10 02:30:00,0.1232699602842331,0.0
2026-01-10 02:45:00,0.11606108397245407,0.0
2026-01-10 03:00:00,0.10638941079378128,0.0
2026-01-10 03:15:00,0.10084027051925659,0.0
2026-01-10 03:30:00,0.096335768699646,0.0
2026-01-10 03:45:00,0.09646891802549362,0.0
2026-01-10 04:00:00,0.09290802478790283,0.0
2026-01-10 04:15:00,0.09048574417829514,0.0
2026-01-10 04:30:00,0.0924975723028183,0.0
2026-01-10 04:45:00,0.09343215078115463,0.0
2026-01-10 05:00:00,0.08163081109523773,0.0
2026-01-10 05:15:00,0.08647289872169495,0.0
2026-01-10 05:30:00,0.08941540867090225,0.0
2026-01-10 05:45:00,0.09640292823314667,0.0
2026-01-10 06:00:00,0.09094151109457016,0.0
2026-01-10 06:15:00,0.0988256186246872,0.0
2026-01-10 06:30:00,0.10378706455230713,0.0
2026-01-10 06:45:00,0.11208190023899078,0.0
2026-01-10 07:00:00,0.12133805453777313,0.0
2026-01-10 07:15:00,0.1345047950744629,0.0
2026-01-10 07:30:00,0.12980815768241882,0.0
2026-01-10 07:45:00,0.11516991257667542,0.0
2026-01-10 08:00:00,0.09123633801937103,0.0
2026-01-10 08:15:00,0.07193414121866226,0.0
2026-01-10 08:30:00,0.05435995012521744,0.0
2026-01-10 08:45:00,0.044986363500356674,0.0
2026-01-10 09:00:00,0.025381579995155334,0.0
2026-01-10 09:15:00,0.0070838406682014465,0.0
2026-01-10 09:30:00,-0.007745511829853058,0.0
2026-01-10 09:45:00,-0.02020058035850525,0.0
2026-01-10 10:00:00,-0.036377914249897,0.0
2026-01-10 10:15:00,-0.048997171223163605,0.0
2026-01-10 10:30:00,-0.05882824957370758,0.0
2026-01-10 10:45:00,-0.06532832980155945,0.0
2026-01-10 11:00:00,-0.06737406551837921,0.0
2026-01-10 11:15:00,-0.07145385444164276,0.0
2026-01-10 11:30:00,-0.07563187181949615,0.0
2026-01-10 11:45:00,-0.07908175885677338,0.0
2026-01-10 12:00:00,-0.07593362033367157,-1000.0
2026-01-10 12:15:00,-0.07623988389968872,-1000.0
2026-01-10 12:30:00,-0.07841156423091888,-1000.0
2026-01-10 12:45:00,-0.08098044991493225,-1000.0
2026-01-10 13:00:00,-0.07606159150600433,-1000.0
2026-01-10 13:15:00,-0.075688436627388,-1000.0
2026-01-10 13:30:00,-0.0770595520734787,-1000.0
2026-01-10 13:45:00,-0.07914955914020538,-1000.0
2026-01-10 14:00:00,-0.07385042309761047,0.0
2026-01-10 14:15:00,-0.07358938455581665,0.0
2026-01-10 14:30:00,-0.075447216629982,0.0
2026-01-10 14:45:00,-0.07760125398635864,0.0
2026-01-10 15:00:00,-0.07222318649291992,0.0
2026-01-10 15:15:00,-0.07204329967498779,0.0
2026-01-10 15:30:00,-0.0726325660943985,0.0
2026-01-10 15:45:00,-0.07143796980381012,0.0
2026-01-10 16:00:00,-0.061845868825912476,0.0
2026-01-10 16:15:00,-0.054828062653541565,0.0
2026-01-10 16:30:00,-0.03852634131908417,0.0
2026-01-10 16:45:00,-0.014750465750694275,0.0
2026-01-10 17:00:00,0.008368443697690964,0.0
2026-01-10 17:15:00,0.04381851479411125,0.0
2026-01-10 17:30:00,0.07879117131233215,0.0
2026-01-10 17:45:00,0.1813569962978363,0.0
2026-01-10 18:00:00,0.21186235547065735,0.0
2026-01-10 18:15:00,0.2667188048362732,0.0
2026-01-10 18:30:00,0.3238382935523987,0.0
2026-01-10 18:45:00,0.37373536825180054,0.0
2026-01-10 19:00:00,0.35603249073028564,0.0
2026-01-10 19:15:00,0.3648521304130554,0.0
2026-01-10 19:30:00,0.39056122303009033,0.0
2026-01-10 19:45:00,0.41787153482437134,0.0
2026-01-10 20:00:00,0.37816697359085083,0.0
2026-01-10 20:15:00,0.37161630392074585,0.0
2026-01-10 20:30:00,0.38637006282806396,0.0
2026-01-10 20:45:00,0.41534286737442017,0.0
2026-01-10 21:00:00,0.3959479331970215,0.0
2026-01-10 21:15:00,0.4047451615333557,0.0
2026-01-10 21:30:00,0.41945743560791016,0.0
2026-01-10 21:45:00,0.44375866651535034,0.0
2026-01-10 22:00:00,0.41952234506607056,1000.0
2026-01-10 22:15:00,0.40707892179489136,1000.0
2026-01-10 22:30:00,0.39729177951812744,1000.0
2026-01-10 22:45:00,0.3832920789718628,1000.0
2026-01-10 23:00:00,0.33046478033065796,1000.0
2026-01-10 23:15:00,0.2844274342060089,1000.0
2026-01-10 23:30:00,0.29919856786727905,1000.0
2026-01-10 23:45:00,0.3151044249534607,1000.0
2026-01-11 00:00:00,0.2867909073829651,0.0
2026-01-11 00:15:00,0.37303006649017334,0.0
2026-01-11 00:30:00,0.4008879065513611,0.0
2026-01-11 00:45:00,0.4048466086387634,0.0
2026-01-11 01:00:00,0.37951695919036865,0.0
2026-01-11 01:15:00,0.36376267671585083,0.0
2026-01-11 01:30:00,0.35481005907058716,0.0
2026-01-11 01:45:00,0.35044217109680176,0.0
2026-01-11 02:00:00,0.32130861282348633,0.0
2026-01-11 02:15:00,0.30185049772262573,0.0
2026-01-11 02:30:00,0.2978489398956299,0.0
2026-01-11 02:45:00,0.29910218715667725,0.0
2026-01-11 03:00:00,0.25970178842544556,0.0
2026-01-11 03:15:00,0.2433934062719345,0.0
2026-01-11 03:30:00,0.24293114244937897,0.0
2026-01-11 03:45:00,0.2365696132183075,0.0
2026-01-11 04:00:00,0.20195676386356354,0.0
2026-01-11 04:15:00,0.18695202469825745,0.0
2026-01-11 04:30:00,0.16955244541168213,0.0
2026-01-11 04:45:00,0.1567068099975586,0.0
2026-01-11 05:00:00,0.13780564069747925,0.0
2026-01-11 05:15:00,0.1313805878162384,0.0
2026-01-11 05:30:00,0.12000331282615662,0.0
2026-01-11 05:45:00,0.11549720168113708,0.0
2026-01-11 06:00:00,0.09569424390792847,0.0
2026-01-11 06:15:00,0.0897647887468338,0.0
2026-01-11 06:30:00,0.09238404780626297,0.0
2026-01-11 06:45:00,0.084568090736866,0.0
2026-01-11 07:00:00,0.07865328341722488,0.0
2026-01-11 07:15:00,0.06719598174095154,0.0
2026-01-11 07:30:00,0.05011157691478729,0.0
2026-01-11 07:45:00,0.03553737327456474,0.0
2026-01-11 08:00:00,0.03295653685927391,0.0
2026-01-11 08:15:00,0.02623012289404869,0.0
2026-01-11 08:30:00,0.014853786677122116,0.0
2026-01-11 08:45:00,0.0004950910806655884,0.0
2026-01-11 09:00:00,-0.005774155259132385,0.0
2026-01-11 09:15:00,-0.02057582139968872,0.0
2026-01-11 09:30:00,-0.038984209299087524,0.0
2026-01-11 09:45:00,-0.05160757154226303,0.0
2026-01-11 10:00:00,-0.05837748944759369,0.0
2026-01-11 10:15:00,-0.06592702865600586,0.0
2026-01-11 10:30:00,-0.07345408201217651,0.0
2026-01-11 10:45:00,-0.07898670434951782,0.0
2026-01-11 11:00:00,-0.07712538540363312,0.0
2026-01-11 11:15:00,-0.07774002850055695,0.0
2026-01-11 11:30:00,-0.07943032681941986,-1000.0
2026-01-11 11:45:00,-0.08433111011981964,-1000.0
2026-01-11 12:00:00,-0.0795452743768692,-1000.0
2026-01-11 12:15:00,-0.0788678228855133,-1000.0
2026-01-11 12:30:00,-0.08054640889167786,-1000.0
2026-01-11 12:45:00,-0.08249934017658234,-1000.0
2026-01-11 13:00:00,-0.07714866101741791,-1000.0
2026-01-11 13:15:00,-0.07653476297855377,-1000.0
2026-01-11 13:30:00,-0.07794924080371857,0.0
2026-01-11 13:45:00,-0.08015194535255432,0.0
2026-01-11 14:00:00,-0.07515455782413483,0.0
2026-01-11 14:15:00,-0.07524459064006805,0.0
2026-01-11 14:30:00,-0.07752977311611176,0.0
2026-01-11 14:45:00,-0.08034425973892212,0.0
2026-01-11 15:00:00,-0.07502730190753937,0.0
2026-01-11 15:15:00,-0.07469111680984497,0.0
2026-01-11 15:30:00,-0.07561895251274109,0.0
2026-01-11 15:45:00,-0.0758158415555954,0.0
2026-01-11 16:00:00,-0.06571973860263824,0.0
2026-01-11 16:15:00,-0.060906991362571716,0.0
2026-01-11 16:30:00,-0.054530203342437744,0.0
2026-01-11 16:45:00,-0.04164985567331314,0.0
2026-01-11 17:00:00,-0.02420586347579956,0.0
2026-01-11 17:15:00,-0.0016118958592414856,0.0
2026-01-11 17:30:00,0.026549197733402252,0.0
2026-01-11 17:45:00,0.049970030784606934,0.0
2026-01-11 18:00:00,0.05491609871387482,0.0
2026-01-11 18:15:00,0.07336429506540298,1000.0
2026-01-11 18:30:00,0.11120541393756866,1000.0
2026-01-11 18:45:00,0.12626248598098755,1000.0
2026-01-11 19:00:00,0.09072968363761902,1000.0
2026-01-11 19:15:00,0.08090631663799286,1000.0
2026-01-11 19:30:00,0.08179625123739243,1000.0
2026-01-11 19:45:00,0.09128144383430481,1000.0
2026-01-11 20:00:00,0.06191619113087654,1000.0
2026-01-11 20:15:00,0.050371576100587845,0.0
2026-01-11 20:30:00,0.04749839007854462,0.0
2026-01-11 20:45:00,0.04940389096736908,0.0
2026-01-11 21:00:00,0.03922651708126068,0.0
2026-01-11 21:15:00,0.03747706860303879,0.0
2026-01-11 21:30:00,0.039796486496925354,0.0
2026-01-11 21:45:00,0.03837190568447113,0.0
2026-01-11 22:00:00,0.03219060227274895,0.0
2026-01-11 22:15:00,0.02580546960234642,0.0
2026-01-11 22:30:00,0.020386390388011932,0.0
2026-01-11 22:45:00,0.019007284194231033,0.0
2026-01-11 23:00:00,0.014361049979925156,0.0
2026-01-11 23:15:00,0.009102605283260345,0.0
2026-01-11 23:30:00,0.007746368646621704,0.0
2026-01-11 23:45:00,0.009225510060787201,0.0
2026-01-12 00:00:00,0.038354724645614624,0.0
2026-01-12 00:15:00,0.03370598703622818,0.0
2026-01-12 00:30:00,0.03277407959103584,0.0
2026-01-12 00:45:00,0.035170089453458786,0.0
2026-01-12 01:00:00,0.024319738149642944,0.0
2026-01-12 01:15:00,0.01681026816368103,0.0
2026-01-12 01:30:00,0.01754261925816536,0.0
2026-01-12 01:45:00,0.021641291677951813,0.0
2026-01-12 02:00:00,0.013929750770330429,0.0
2026-01-12 02:15:00,0.010017141699790955,0.0
2026-01-12 02:30:00,0.01047612726688385,0.0
2026-01-12 02:45:00,0.01123027503490448,0.0
2026-01-12 03:00:00,0.002820149064064026,0.0
2026-01-12 03:15:00,0.0015837401151657104,0.0
2026-01-12 03:30:00,0.0038434267044067383,0.0
2026-01-12 03:45:00,0.00958651676774025,0.0
2026-01-12 04:00:00,-0.0014240890741348267,0.0
2026-01-12 04:15:00,-0.004407800734043121,0.0
2026-01-12 04:30:00,-0.00018928200006484985,0.0
2026-01-12 04:45:00,0.006075218319892883,0.0
2026-01-12 05:00:00,0.0008213445544242859,0.0
2026-01-12 05:15:00,0.0018514469265937805,0.0
2026-01-12 05:30:00,0.004409089684486389,0.0
2026-01-12 05:45:00,0.006019674241542816,0.0
2026-01-12 06:00:00,0.0016136541962623596,0.0
2026-01-12 06:15:00,-0.00018233060836791992,0.0
2026-01-12 06:30:00,0.0016988739371299744,0.0
2026-01-12 06:45:00,0.008337017148733139,0.0
2026-01-12 07:00:00,0.005307905375957489,0.0
2026-01-12 07:15:00,0.0023333728313446045,0.0
2026-01-12 07:30:00,0.0044184476137161255,0.0
2026-01-12 07:45:00,0.011053390800952911,0.0
2026-01-12 08:00:00,0.01087433472275734,0.0
2026-01-12 08:15:00,0.015211954712867737,0.0
2026-01-12 08:30:00,0.023827485740184784,0.0
2026-01-12 08:45:00,0.034261394292116165,0.0
2026-01-12 09:00:00,0.020227894186973572,0.0
2026-01-12 09:15:00,0.007839895784854889,0.0
2026-01-12 09:30:00,0.0011587291955947876,0.0
2026-01-12 09:45:00,-0.0027144625782966614,0.0
2026-01-12 10:00:00,-0.014900192618370056,0.0
2026-01-12 10:15:00,-0.03082527220249176,0.0
2026-01-12 10:30:00,-0.03813190013170242,0.0
2026-01-12 10:45:00,-0.03784959018230438,0.0
2026-01-12 11:00:00,-0.042783863842487335,0.0
2026-01-12 11:15:00,-0.04624632000923157,0.0
2026-01-12 11:30:00,-0.04942857474088669,0.0
2026-01-12 11:45:00,-0.05002763867378235,0.0
2026-01-12 12:00:00,-0.05277936905622482,-1000.0
2026-01-12 12:15:00,-0.056074365973472595,-1000.0
2026-01-12 12:30:00,-0.05639173090457916,-1000.0
2026-01-12 12:45:00,-0.052303701639175415,-1000.0
2026-01-12 13:00:00,-0.051963306963443756,-1000.0
2026-01-12 13:15:00,-0.05450455844402313,-1000.0
2026-01-12 13:30:00,-0.05470016598701477,-1000.0
2026-01-12 13:45:00,-0.04976478964090347,-1000.0
2026-01-12 14:00:00,-0.04959043860435486,0.0
2026-01-12 14:15:00,-0.04964510351419449,0.0
2026-01-12 14:30:00,-0.04737996309995651,0.0
2026-01-12 14:45:00,-0.039267003536224365,0.0
2026-01-12 15:00:00,-0.044858142733573914,0.0
2026-01-12 15:15:00,-0.04563838243484497,0.0
2026-01-12 15:30:00,-0.038554660975933075,0.0
2026-01-12 15:45:00,-0.01803486794233322,0.0
2026-01-12 16:00:00,-0.010906510055065155,0.0
2026-01-12 16:15:00,0.00917346403002739,0.0
2026-01-12 16:30:00,0.036174528300762177,0.0
2026-01-12 16:45:00,0.07845465838909149,0.0
2026-01-12 17:00:00,0.2016952633857727,0.0
2026-01-12 17:15:00,0.39649832248687744,0.0
2026-01-12 17:30:00,0.5751509070396423,0.0
2026-01-12 17:45:00,0.7119251489639282,0.0
2026-01-12 18:00:00,0.7483770847320557,0.0
2026-01-12 18:15:00,0.8116591572761536,1000.0
2026-01-12 18:30:00,0.8645469546318054,1000.0
2026-01-12 18:45:00,0.9218588471412659,1000.0
2026-01-12 19:00:00,0.9014252424240112,1000.0
2026-01-12 19:15:00,0.9043002724647522,1000.0
2026-01-12 19:30:00,0.9211165308952332,1000.0
2026-01-12 19:45:00,0.9521315097808838,1000.0
2026-01-12 20:00:00,0.9159227609634399,1000.0
2026-01-12 20:15:00,0.9129883050918579,0.0
2026-01-12 20:30:00,0.9230595231056213,0.0
2026-01-12 20:45:00,0.9434810280799866,0.0
2026-01-12 21:00:00,0.8932485580444336,0.0
2026-01-12 21:15:00,0.8658897876739502,0.0
2026-01-12 21:30:00,0.8640096783638,0.0
2026-01-12 21:45:00,0.8777830600738525,0.0
2026-01-12 22:00:00,0.8296595215797424,0.0
2026-01-12 22:15:00,0.786722719669342,0.0
2026-01-12 22:30:00,0.7657888531684875,0.0
2026-01-12 22:45:00,0.7410708069801331,0.0
2026-01-12 23:00:00,0.6461614966392517,0.0
2026-01-12 23:15:00,0.567282497882843,0.0
2026-01-12 23:30:00,0.5396835207939148,0.0
2026-01-12 23:45:00,0.523016631603241,0.0
2026-01-13 00:00:00,0.48075538873672485,0.0
2026-01-13 00:15:00,0.59324711561203,0.0
2026-01-13 00:30:00,0.6467979550361633,0.0
2026-01-13 00:45:00,0.6748284697532654,0.0
2026-01-13 01:00:00,0.6335176825523376,0.0
2026-01-13 01:15:00,0.6173872947692871,0.0
2026-01-13 01:30:00,0.6201265454292297,0.0
2026-01-13 01:45:00,0.6365125179290771,0.0
2026-01-13 02:00:00,0.585357129573822,0.0
2026-01-13 02:15:00,0.5665230751037598,0.0
2026-01-13 02:30:00,0.5643514394760132,0.0
2026-01-13 02:45:00,0.5711458325386047,0.0
2026-01-13 03:00:00,0.5256150960922241,0.0
2026-01-13 03:15:00,0.5006334781646729,0.0
2026-01-13 03:30:00,0.4887799024581909,0.0
2026-01-13 03:45:00,0.4919227361679077,0.0
2026-01-13 04:00:00,0.4442859888076782,0.0
2026-01-13 04:15:00,0.41430002450942993,0.0
2026-01-13 04:30:00,0.39634329080581665,0.0
2026-01-13 04:45:00,0.39202451705932617,0.0
2026-01-13 05:00:00,0.3454033136367798,0.0
2026-01-13 05:15:00,0.31843048334121704,0.0
2026-01-13 05:30:00,0.31468480825424194,0.0
2026-01-13 05:45:00,0.3301944136619568,0.0
2026-01-13 06:00:00,0.31256312131881714,0.0
2026-01-13 06:15:00,0.3124855160713196,0.0
2026-01-13 06:30:00,0.31435972452163696,0.0
2026-01-13 06:45:00,0.3278072476387024,0.0
2026-01-13 07:00:00,0.3173765242099762,0.0
2026-01-13 07:15:00,0.3104898929595947,0.0
2026-01-13 07:30:00,0.3041589856147766,0.0
2026-01-13 07:45:00,0.3123990297317505,0.0
2026-01-13 08:00:00,0.2925912141799927,0.0
2026-01-13 08:15:00,0.26004430651664734,0.0
2026-01-13 08:30:00,0.2309243232011795,0.0
2026-01-13 08:45:00,0.19772376120090485,0.0
2026-01-13 09:00:00,0.1362074911594391,0.0
2026-01-13 09:15:00,0.06981296837329865,0.0
2026-01-13 09:30:00,0.039341039955616,0.0
2026-01-13 09:45:00,0.015715796500444412,0.0
2026-01-13 10:00:00,-0.00040952861309051514,0.0
2026-01-13 10:15:00,-0.01284019649028778,0.0
2026-01-13 10:30:00,-0.029085993766784668,0.0
2026-01-13 10:45:00,-0.03630644828081131,0.0
2026-01-13 11:00:00,-0.04309730976819992,0.0
2026-01-13 11:15:00,-0.049073927104473114,0.0
2026-01-13 11:30:00,-0.05482840538024902,0.0
2026-01-13 11:45:00,-0.058589786291122437,0.0
2026-01-13 12:00:00,-0.060357242822647095,-1000.0
2026-01-13 12:15:00,-0.06465713679790497,-1000.0
2026-01-13 12:30:00,-0.06881262362003326,-1000.0
2026-01-13 12:45:00,-0.07014134526252747,-1000.0
2026-01-13 13:00:00,-0.0675584077835083,-1000.0
2026-01-13 13:15:00,-0.06812243163585663,-1000.0
2026-01-13 13:30:00,-0.06931604444980621,-1000.0
2026-01-13 13:45:00,-0.06897027790546417,-1000.0
2026-01-13 14:00:00,-0.06618808209896088,0.0
2026-01-13 14:15:00,-0.06573563814163208,0.0
2026-01-13 14:30:00,-0.06463512778282166,0.0
2026-01-13 14:45:00,-0.061167165637016296,0.0
2026-01-13 15:00:00,-0.06350745260715485,0.0
2026-01-13 15:15:00,-0.06559699773788452,0.0
2026-01-13 15:30:00,-0.06416651606559753,0.0
2026-01-13 15:45:00,-0.05641435086727142,0.0
2026-01-13 16:00:00,-0.047936275601387024,0.0
2026-01-13 16:15:00,-0.035471826791763306,0.0
2026-01-13 16:30:00,-0.012384369969367981,0.0
2026-01-13 16:45:00,0.031039752066135406,0.0
2026-01-13 17:00:00,0.04608855023980141,0.0
2026-01-13 17:15:00,0.14069679379463196,0.0
2026-01-13 17:30:00,0.2567327320575714,0.0
2026-01-13 17:45:00,0.36016571521759033,0.0
2026-01-13 18:00:00,0.3767491579055786,0.0
2026-01-13 18:15:00,0.43670040369033813,1000.0
2026-01-13 18:30:00,0.4766377806663513,1000.0
2026-01-13 18:45:00,0.4958348870277405,1000.0
2026-01-13 19:00:00,0.4456635117530823,1000.0
2026-01-13 19:15:00,0.4197120666503906,1000.0
2026-01-13 19:30:00,0.4102504849433899,1000.0
2026-01-13 19:45:00,0.40787291526794434,1000.0
2026-01-13 20:00:00,0.3527349829673767,1000.0
2026-01-13 20:15:00,0.32314175367355347,0.0
2026-01-13 20:30:00,0.3074401617050171,0.0
2026-01-13 20:45:00,0.30021393299102783,0.0
2026-01-13 21:00:00,0.23190905153751373,0.0
2026-01-13 21:15:00,0.18886393308639526,0.0
2026-01-13 21:30:00,0.16643545031547546,0.0
2026-01-13 21:45:00,0.15908758342266083,0.0
2026-01-13 22:00:00,0.11578450351953506,0.0
2026-01-13 22:15:00,0.08847648650407791,0.0
2026-01-13 22:30:00,0.07332774996757507,0.0
2026-01-13 22:45:00,0.061780061572790146,0.0
2026-01-13 23:00:00,0.0429077073931694,0.0
2026-01-13 23:15:00,0.03443343937397003,0.0
2026-01-13 23:30:00,0.0321209579706192,0.0
2026-01-13 23:45:00,0.031451720744371414,0.0
2026-01-14 00:00:00,0.07248179614543915,0.0
2026-01-14 00:15:00,0.057607293128967285,0.0
2026-01-14 00:30:00,0.04712757468223572,0.0
2026-01-14 00:45:00,0.042981237173080444,0.0
2026-01-14 01:00:00,0.035205185413360596,0.0
2026-01-14 01:15:00,0.024855054914951324,0.0
2026-01-14 01:30:00,0.01870746910572052,0.0
2026-01-14 01:45:00,0.017104551196098328,0.0
2026-01-14 02:00:00,0.010359719395637512,0.0
2026-01-14 02:15:00,0.004568271338939667,0.0
2026-01-14 02:30:00,0.0010571926832199097,0.0
2026-01-14 02:45:00,0.0032944902777671814,0.0
2026-01-14 03:00:00,-0.0015266016125679016,0.0
2026-01-14 03:15:00,-0.006696432828903198,0.0
2026-01-14 03:30:00,-0.002669788897037506,0.0
2026-01-14 03:45:00,0.005635455250740051,0.0
2026-01-14 04:00:00,-0.00012759864330291748,0.0
2026-01-14 04:15:00,-0.004020966589450836,0.0
2026-01-14 04:30:00,-0.002873457968235016,0.0
2026-01-14 04:45:00,0.008741926401853561,0.0
2026-01-14 05:00:00,0.006623178720474243,0.0
2026-01-14 05:15:00,0.006179682910442352,0.0
2026-01-14 05:30:00,0.008516732603311539,0.0
2026-01-14 05:45:00,0.012763932347297668,0.0
2026-01-14 06:00:00,0.0050696879625320435,0.0
2026-01-14 06:15:00,-0.007703818380832672,0.0
2026-01-14 06:30:00,-0.011561937630176544,0.0
2026-01-14 06:45:00,-0.010253168642520905,0.0
2026-01-14 07:00:00,-0.015789471566677094,0.0
2026-01-14 07:15:00,-0.020060211420059204,0.0
2026-01-14 07:30:00,-0.021138295531272888,0.0
2026-01-14 07:45:00,-0.012947283685207367,0.0
2026-01-14 08:00:00,-0.013542227447032928,0.0
2026-01-14 08:15:00,-0.01613660901784897,0.0
2026-01-14 08:30:00,-0.015620283782482147,0.0
2026-01-14 08:45:00,-0.012061938643455505,0.0
2026-01-14 09:00:00,-0.019991964101791382,0.0
2026-01-14 09:15:00,-0.029845066368579865,0.0
2026-01-14 09:30:00,-0.041908346116542816,0.0
2026-01-14 09:45:00,-0.0494220033288002,0.0
2026-01-14 10:00:00,-0.062044426798820496,0.0
2026-01-14 10:15:00,-0.07208876311779022,0.0
2026-01-14 10:30:00,-0.07809089124202728,0.0
2026-01-14 10:45:00,-0.07981978356838226,0.0
2026-01-14 11:00:00,-0.08451177179813385,0.0
2026-01-14 11:15:00,-0.08875875174999237,0.0
2026-01-14 11:30:00,-0.0902591347694397,-1000.0
2026-01-14 11:45:00,-0.08935831487178802,-1000.0
2026-01-14 12:00:00,-0.08958598971366882,-1000.0
2026-01-14 12:15:00,-0.0918317586183548,-1000.0
2026-01-14 12:30:00,-0.09214875102043152,-1000.0
2026-01-14 12:45:00,-0.09055858850479126,-1000.0
2026-01-14 13:00:00,-0.08867695927619934,-1000.0
2026-01-14 13:15:00,-0.08998003602027893,-1000.0
2026-01-14 13:30:00,-0.08986054360866547,0.0
2026-01-14 13:45:00,-0.08763328194618225,0.0
2026-01-14 14:00:00,-0.0850905030965805,0.0
2026-01-14 14:15:00,-0.08540832996368408,0.0
2026-01-14 14:30:00,-0.08385990560054779,0.0
2026-01-14 14:45:00,-0.0796632319688797,0.0
2026-01-14 15:00:00,-0.07719533145427704,0.0
2026-01-14 15:15:00,-0.07645842432975769,0.0
2026-01-14 15:30:00,-0.07226157188415527,0.0
2026-01-14 15:45:00,-0.06474129855632782,0.0
2026-01-14 16:00:00,-0.0605057030916214,0.0
2026-01-14 16:15:00,-0.05435866117477417,0.0
2026-01-14 16:30:00,-0.03983157128095627,0.0
2026-01-14 16:45:00,-0.016067102551460266,0.0
2026-01-14 17:00:00,0.0031239762902259827,0.0
2026-01-14 17:15:00,0.031320005655288696,0.0
2026-01-14 17:30:00,0.055319856852293015,0.0
2026-01-14 17:45:00,0.13284139335155487,0.0
2026-01-14 18:00:00,0.13814842700958252,0.0
2026-01-14 18:15:00,0.1841718554496765,1000.0
2026-01-14 18:30:00,0.23435498774051666,1000.0
2026-01-14 18:45:00,0.27607566118240356,1000.0
2026-01-14 19:00:00,0.2522740960121155,1000.0
2026-01-14 19:15:00,0.24784716963768005,1000.0
2026-01-14 19:30:00,0.2751814126968384,1000.0
2026-01-14 19:45:00,0.30656325817108154,1000.0
2026-01-14 20:00:00,0.2798933982849121,1000.0
2026-01-14 20:15:00,0.27965065836906433,0.0
2026-01-14 20:30:00,0.29482847452163696,0.0
2026-01-14 20:45:00,0.3133256435394287,0.0
2026-01-14 21:00:00,0.25523626804351807,0.0
2026-01-14 21:15:00,0.23847699165344238,0.0
2026-01-14 21:30:00,0.24894066154956818,0.0
2026-01-14 21:45:00,0.2704616189002991,0.0
2026-01-14 22:00:00,0.24862715601921082,0.0
2026-01-14 22:15:00,0.23006315529346466,0.0
2026-01-14 22:30:00,0.2290983647108078,0.0
2026-01-14 22:45:00,0.22561125457286835,0.0
2026-01-14 23:00:00,0.20173637568950653,0.0
2026-01-14 23:15:00,0.18005582690238953,0.0
2026-01-14 23:30:00,0.1759939044713974,0.0
2026-01-14 23:45:00,0.1832003891468048,0.0
2026-01-15 00:00:00,0.14900222420692444,0.0
2026-01-15 00:15:00,0.17621402442455292,0.0
2026-01-15 00:30:00,0.20872625708580017,0.0
2026-01-15 00:45:00,0.2453659027814865,0.0
2026-01-15 01:00:00,0.25840437412261963,0.0
2026-01-15 01:15:00,0.26205921173095703,0.0
2026-01-15 01:30:00,0.27198803424835205,0.0
2026-01-15 01:45:00,0.277750700712204,0.0
2026-01-15 02:00:00,0.2645984888076782,0.0
2026-01-15 02:15:00,0.2540948987007141,0.0
2026-01-15 02:30:00,0.24567386507987976,0.0
2026-01-15 02:45:00,0.24306921660900116,0.0
2026-01-15 03:00:00,0.21913065016269684,0.0
2026-01-15 03:15:00,0.20264992117881775,0.0
2026-01-15 03:30:00,0.21139691770076752,0.0
2026-01-15 03:45:00,0.2245313674211502,0.0
2026-01-15 04:00:00,0.2096036672592163,0.0
2026-01-15 04:15:00,0.20183172821998596,0.0
2026-01-15 04:30:00,0.21375295519828796,0.0
2026-01-15 04:45:00,0.24096058309078217,0.0
2026-01-15 05:00:00,0.23376934230327606,0.0
2026-01-15 05:15:00,0.2380819469690323,0.0
2026-01-15 05:30:00,0.25352615118026733,0.0
2026-01-15 05:45:00,0.2771430015563965,0.0
2026-01-15 06:00:00,0.28829818964004517,0.0
2026-01-15 06:15:00,0.3053032159805298,0.0
2026-01-15 06:30:00,0.3307156562805176,0.0
2026-01-15 06:45:00,0.3584590554237366,0.0
2026-01-15 07:00:00,0.37054532766342163,0.0
2026-01-15 07:15:00,0.3936549425125122,0.0
2026-01-15 07:30:00,0.40700483322143555,0.0
2026-01-15 07:45:00,0.43654054403305054,0.0
2026-01-15 08:00:00,0.4191387891769409,0.0
2026-01-15 08:15:00,0.4108603596687317,0.0
2026-01-15 08:30:00,0.403514564037323,0.0
2026-01-15 08:45:00,0.38008153438568115,0.0
2026-01-15 09:00:00,0.3146175146102905,0.0
2026-01-15 09:15:00,0.2347966432571411,0.0
2026-01-15 09:30:00,0.15339607000350952,0.0
2026-01-15 09:45:00,0.09375114738941193,0.0
2026-01-15 10:00:00,0.0451059490442276,0.0
2026-01-15 10:15:00,0.021557405591011047,0.0
2026-01-15 10:30:00,0.009742088615894318,0.0
2026-01-15 10:45:00,0.003149457275867462,0.0
2026-01-15 11:00:00,-0.002663716673851013,0.0
2026-01-15 11:15:00,-0.011787302792072296,0.0
2026-01-15 11:30:00,-0.01982448250055313,0.0
2026-01-15 11:45:00,-0.02630189061164856,0.0
2026-01-15 12:00:00,-0.030002444982528687,0.0
2026-01-15 12:15:00,-0.0360882505774498,-1000.0
2026-01-15 12:30:00,-0.04135735332965851,-1000.0
2026-01-15 12:45:00,-0.045135632157325745,-1000.0
2026-01-15 13:00:00,-0.044197313487529755,-1000.0
2026-01-15 13:15:00,-0.04590041935443878,-1000.0
2026-01-15 13:30:00,-0.04758159816265106,-1000.0
2026-01-15 13:45:00,-0.04810047894716263,-1000.0
2026-01-15 14:00:00,-0.04513968527317047,-1000.0
2026-01-15 14:15:00,-0.044931553304195404,0.0
2026-01-15 14:30:00,-0.044696420431137085,0.0
2026-01-15 14:45:00,-0.04298471659421921,0.0
2026-01-15 15:00:00,-0.03908587247133255,0.0
2026-01-15 15:15:00,-0.03636792302131653,0.0
2026-01-15 15:30:00,-0.0322062224149704,0.0
2026-01-15 15:45:00,-0.021698743104934692,0.0
2026-01-15 16:00:00,-0.009118348360061646,0.0
2026-01-15 16:15:00,0.011365670710802078,0.0
2026-01-15 16:30:00,0.04252348840236664,0.0
2026-01-15 16:45:00,0.18163958191871643,0.0
2026-01-15 17:00:00,0.3198187053203583,0.0
2026-01-15 17:15:00,0.4927229881286621,0.0
2026-01-15 17:30:00,0.6896041035652161,0.0
2026-01-15 17:45:00,0.8299099802970886,0.0
2026-01-15 18:00:00,0.8170837163925171,0.0
2026-01-15 18:15:00,0.8491000533103943,0.0
2026-01-15 18:30:00,0.9066004157066345,0.0
2026-01-15 18:45:00,0.983971118927002,0.0
2026-01-15 19:00:00,0.9514032006263733,0.0
2026-01-15 19:15:00,0.9568820595741272,0.0
2026-01-15 19:30:00,0.9799107909202576,0.0
2026-01-15 19:45:00,1.0224027633666992,0.0
2026-01-15 20:00:00,0.9892363548278809,0.0
2026-01-15 20:15:00,0.9973341822624207,0.0
2026-01-15 20:30:00,1.0277642011642456,0.0
2026-01-15 20:45:00,1.0610429048538208,0.0
2026-01-15 21:00:00,1.0117980241775513,0.0
2026-01-15 21:15:00,0.9885945916175842,0.0
2026-01-15 21:30:00,1.0046976804733276,0.0
2026-01-15 21:45:00,1.0305516719818115,0.0
2026-01-15 22:00:00,0.9709364771842957,1000.0
2026-01-15 22:15:00,0.9585642218589783,1000.0
2026-01-15 22:30:00,0.9656516909599304,1000.0
2026-01-15 22:45:00,0.9863300919532776,1000.0
2026-01-15 23:00:00,0.9398996233940125,1000.0
2026-01-15 23:15:00,0.9713311791419983,1000.0
2026-01-15 23:30:00,1.0221383571624756,1000.0
2026-01-15 23:45:00,1.0583029985427856,1000.0
2026-01-16 00:00:00,1.269120216369629,0.0
2026-01-16 00:15:00,1.552644968032837,0.0
2026-01-16 00:30:00,1.6435225009918213,0.0
2026-01-16 00:45:00,1.6696968078613281,0.0
2026-01-16 01:00:00,1.725449562072754,0.0
2026-01-16 01:15:00,1.7535392045974731,0.0
2026-01-16 01:30:00,1.762320876121521,0.0
2026-01-16 01:45:00,1.746158480644226,0.0
2026-01-16 02:00:00,1.744492530822754,0.0
2026-01-16 02:15:00,1.7411009073257446,0.0
2026-01-16 02:30:00,1.725913405418396,0.0
2026-01-16 02:45:00,1.708773136138916,0.0
2026-01-16 03:00:00,1.7017383575439453,0.0
2026-01-16 03:15:00,1.690915822982788,0.0
2026-01-16 03:30:00,1.6691653728485107,0.0
2026-01-16 03:45:00,1.6431725025177002,0.0
2026-01-16 04:00:00,1.6360082626342773,0.0
2026-01-16 04:15:00,1.626070499420166,0.0
2026-01-16 04:30:00,1.6173627376556396,0.0
2026-01-16 04:45:00,1.5998693704605103,0.0
2026-01-16 05:00:00,1.5911376476287842,0.0
2026-01-16 05:15:00,1.583022117614746,0.0
2026-01-16 05:30:00,1.5781985521316528,0.0
2026-01-16 05:45:00,1.5738813877105713,0.0
2026-01-16 06:00:00,1.568073034286499,0.0
2026-01-16 06:15:00,1.5678348541259766,0.0
2026-01-16 06:30:00,1.5736271142959595,0.0
2026-01-16 06:45:00,1.5789310932159424,0.0
2026-01-16 07:00:00,1.5797498226165771,0.0
2026-01-16 07:15:00,1.585963487625122,0.0
2026-01-16 07:30:00,1.5980393886566162,0.0
2026-01-16 07:45:00,1.6057400703430176,0.0
2026-01-16 08:00:00,1.5916318893432617,0.0
2026-01-16 08:15:00,1.6074035167694092,0.0
2026-01-16 08:30:00,1.620192527770996,0.0
2026-01-16 08:45:00,1.6229913234710693,0.0
2026-01-16 09:00:00,1.6059905290603638,0.0
2026-01-16 09:15:00,1.5859835147857666,0.0
2026-01-16 09:30:00,1.5548374652862549,0.0
2026-01-16 09:45:00,1.5262771844863892,0.0
2026-01-16 10:00:00,1.4044506549835205,0.0
2026-01-16 10:15:00,1.2922788858413696,0.0
2026-01-16 10:30:00,1.1962151527404785,0.0
2026-01-16 10:45:00,1.101069450378418,0.0
2026-01-16 11:00:00,0.9387117028236389,0.0
2026-01-16 11:15:00,0.8467676639556885,0.0
2026-01-16 11:30:00,0.7706495523452759,0.0
2026-01-16 11:45:00,0.7152838706970215,0.0
2026-01-16 12:00:00,0.5931469798088074,0.0
2026-01-16 12:15:00,0.5106551051139832,0.0
2026-01-16 12:30:00,0.4563658833503723,0.0
2026-01-16 12:45:00,0.4338085651397705,-1000.0
2026-01-16 13:00:00,0.3849796652793884,-1000.0
2026-01-16 13:15:00,0.36217427253723145,-1000.0
2026-01-16 13:30:00,0.3599039316177368,-1000.0
2026-01-16 13:45:00,0.38196247816085815,-1000.0
2026-01-16 14:00:00,0.3648304343223572,-1000.0
2026-01-16 14:15:00,0.37311798334121704,-1000.0
2026-01-16 14:30:00,0.41473060846328735,-1000.0
2026-01-16 14:45:00,0.484363317489624,0.0
2026-01-16 15:00:00,0.5131550431251526,0.0
2026-01-16 15:15:00,0.5817293524742126,0.0
2026-01-16 15:30:00,0.6630021929740906,0.0
2026-01-16 15:45:00,0.7708559632301331,0.0
2026-01-16 16:00:00,0.8456412553787231,0.0
2026-01-16 16:15:00,0.985798180103302,0.0
2026-01-16 16:30:00,1.1660317182540894,0.0
2026-01-16 16:45:00,1.3778489828109741,0.0
2026-01-16 17:00:00,1.4723936319351196,0.0
2026-01-16 17:15:00,1.595571756362915,0.0
2026-01-16 17:30:00,1.6811375617980957,0.0
2026-01-16 17:45:00,1.7352662086486816,1000.0
2026-01-16 18:00:00,1.7375189065933228,1000.0
2026-01-16 18:15:00,1.757038950920105,1000.0
2026-01-16 18:30:00,1.7650129795074463,1000.0
2026-01-16 18:45:00,1.7729648351669312,1000.0
2026-01-16 19:00:00,1.733095407485962,1000.0
2026-01-16 19:15:00,1.7024186849594116,1000.0
2026-01-16 19:30:00,1.679535984992981,1000.0
2026-01-16 19:45:00,1.672913670539856,0.0
2026-01-16 20:00:00,1.6092982292175293,0.0
2026-01-16 20:15:00,1.582467794418335,0.0
2026-01-16 20:30:00,1.5541386604309082,0.0
2026-01-16 20:45:00,1.543283462524414,0.0
2026-01-16 21:00:00,1.4483249187469482,0.0
2026-01-16 21:15:00,1.3881014585494995,0.0
2026-01-16 21:30:00,1.3638005256652832,0.0
2026-01-16 21:45:00,1.3643077611923218,0.0
2026-01-16 22:00:00,1.246799349784851,0.0
2026-01-16 22:15:00,1.1959490776062012,0.0
2026-01-16 22:30:00,1.1877336502075195,0.0
2026-01-16 22:45:00,1.1921782493591309,0.0
2026-01-16 23:00:00,1.1132397651672363,0.0
2026-01-16 23:15:00,1.0625571012496948,0.0
2026-01-16 23:30:00,1.0460803508758545,0.0
2026-01-16 23:45:00,1.0607364177703857,0.0
2026-01-17 00:00:00,1.4250514507293701,0.0
2026-01-17 00:15:00,1.494722843170166,0.0
2026-01-17 00:30:00,1.545423984527588,0.0
2026-01-17 00:45:00,1.575685739517212,0.0
2026-01-17 01:00:00,1.5679059028625488,0.0
2026-01-17 01:15:00,1.575400471687317,0.0
2026-01-17 01:30:00,1.592431664466858,0.0
2026-01-17 01:45:00,1.5589396953582764,0.0
2026-01-17 02:00:00,1.5542633533477783,0.0
2026-01-17 02:15:00,1.5497212409973145,0.0
2026-01-17 02:30:00,1.53125,0.0
2026-01-17 02:45:00,1.4848158359527588,0.0
2026-01-17 03:00:00,1.4271585941314697,0.0
2026-01-17 03:15:00,1.3618016242980957,0.0
2026-01-17 03:30:00,1.2726051807403564,0.0
2026-01-17 03:45:00,1.2167108058929443,0.0
2026-01-17 04:00:00,1.1571640968322754,0.0
2026-01-17 04:15:00,1.1085089445114136,0.0
2026-01-17 04:30:00,1.0910029411315918,0.0
2026-01-17 04:45:00,1.0748655796051025,0.0
2026-01-17 05:00:00,1.033647060394287,0.0
2026-01-17 05:15:00,1.0175740718841553,0.0
2026-01-17 05:30:00,0.9993032813072205,0.0
2026-01-17 05:45:00,0.98239666223526,0.0
2026-01-17 06:00:00,0.9503241777420044,0.0
2026-01-17 06:15:00,0.9551861882209778,0.0
2026-01-17 06:30:00,0.9757263660430908,0.0
2026-01-17 06:45:00,0.9877086281776428,0.0
2026-01-17 07:00:00,0.9784219861030579,0.0
2026-01-17 07:15:00,0.9914624691009521,0.0
2026-01-17 07:30:00,1.0160119533538818,0.0
2026-01-17 07:45:00,1.0443353652954102,0.0
2026-01-17 08:00:00,1.0320197343826294,0.0
2026-01-17 08:15:00,1.059814214706421,0.0
2026-01-17 08:30:00,1.0738065242767334,0.0
2026-01-17 08:45:00,1.0624830722808838,0.0
2026-01-17 09:00:00,1.0013399124145508,0.0
2026-01-17 09:15:00,0.9521006345748901,0.0
2026-01-17 09:30:00,0.9057438373565674,0.0
2026-01-17 09:45:00,0.8494292497634888,0.0
2026-01-17 10:00:00,0.7045888900756836,0.0
2026-01-17 10:15:00,0.5838625431060791,0.0
2026-01-17 10:30:00,0.48903101682662964,0.0
2026-01-17 10:45:00,0.40175992250442505,0.0
2026-01-17 11:00:00,0.2913956046104431,0.0
2026-01-17 11:15:00,0.22170068323612213,0.0
2026-01-17 11:30:00,0.16713911294937134,0.0
2026-01-17 11:45:00,0.11410576105117798,0.0
2026-01-17 12:00:00,0.08815762400627136,0.0
2026-01-17 12:15:00,0.07451647520065308,0.0
2026-01-17 12:30:00,0.0652606338262558,0.0
2026-01-17 12:45:00,0.0605650320649147,0.0
2026-01-17 13:00:00,0.05724625661969185,-1000.0
2026-01-17 13:15:00,0.05290844291448593,-1000.0
2026-01-17 13:30:00,0.05166730284690857,-1000.0
2026-01-17 13:45:00,0.053453996777534485,-1000.0
2026-01-17 14:00:00,0.051151175051927567,-1000.0
2026-01-17 14:15:00,0.04963013902306557,-1000.0
2026-01-17 14:30:00,0.051196418702602386,-1000.0
2026-01-17 14:45:00,0.05686583369970322,-1000.0
2026-01-17 15:00:00,0.056171827018260956,0.0
2026-01-17 15:15:00,0.05891278758645058,0.0
2026-01-17 15:30:00,0.06458842754364014,0.0
2026-01-17 15:45:00,0.08670300245285034,0.0
2026-01-17 16:00:00,0.11939150094985962,0.0
2026-01-17 16:15:00,0.17381687462329865,0.0
2026-01-17 16:30:00,0.2832164764404297,0.0
2026-01-17 16:45:00,0.5617590546607971,0.0
2026-01-17 17:00:00,0.674899160861969,0.0
2026-01-17 17:15:00,0.7918994426727295,0.0
2026-01-17 17:30:00,0.8967418670654297,0.0
2026-01-17 17:45:00,0.987708330154419,0.0
2026-01-17 18:00:00,0.9722649455070496,0.0
2026-01-17 18:15:00,1.0102338790893555,1000.0
2026-01-17 18:30:00,1.0387449264526367,1000.0
2026-01-17 18:45:00,1.0854079723358154,1000.0
2026-01-17 19:00:00,1.0520473718643188,1000.0
2026-01-17 19:15:00,1.043243408203125,1000.0
2026-01-17 19:30:00,1.0525996685028076,1000.0
2026-01-17 19:45:00,1.0829660892486572,1000.0
2026-01-17 20:00:00,1.0528011322021484,1000.0
2026-01-17 20:15:00,1.047548770904541,0.0
2026-01-17 20:30:00,1.0507913827896118,0.0
2026-01-17 20:45:00,1.0672566890716553,0.0
2026-01-17 21:00:00,1.0261204242706299,0.0
2026-01-17 21:15:00,1.020471215248108,0.0
2026-01-17 21:30:00,1.0378564596176147,0.0
2026-01-17 21:45:00,1.068203330039978,0.0
2026-01-17 22:00:00,1.0281144380569458,0.0
2026-01-17 22:15:00,1.0230120420455933,0.0
2026-01-17 22:30:00,1.0363918542861938,0.0
2026-01-17 22:45:00,1.0630519390106201,0.0
2026-01-17 23:00:00,1.014685034751892,0.0
2026-01-17 23:15:00,0.9952713847160339,0.0
2026-01-17 23:30:00,1.00908625125885,0.0
2026-01-17 23:45:00,1.04006826877594,0.0
2026-01-18 00:00:00,1.3772152662277222,0.0
2026-01-18 00:15:00,1.385656714439392,0.0
2026-01-18 00:30:00,1.3813450336456299,0.0
2026-01-18 00:45:00,1.3905665874481201,0.0
2026-01-18 01:00:00,1.3696234226226807,0.0
2026-01-18 01:15:00,1.359761357307434,0.0
2026-01-18 01:30:00,1.3492639064788818,0.0
2026-01-18 01:45:00,1.331408977508545,0.0
2026-01-18 02:00:00,1.318930983543396,0.0
2026-01-18 02:15:00,1.3288507461547852,0.0
2026-01-18 02:30:00,1.3310880661010742,0.0
2026-01-18 02:45:00,1.2928087711334229,0.0
2026-01-18 03:00:00,1.2728493213653564,0.0
2026-01-18 03:15:00,1.2491682767868042,0.0
2026-01-18 03:30:00,1.2216991186141968,0.0
2026-01-18 03:45:00,1.1790783405303955,0.0
2026-01-18 04:00:00,1.1697368621826172,0.0
2026-01-18 04:15:00,1.1658533811569214,0.0
2026-01-18 04:30:00,1.1632442474365234,0.0
2026-01-18 04:45:00,1.1315021514892578,0.0
2026-01-18 05:00:00,1.1272969245910645,0.0
2026-01-18 05:15:00,1.1308039426803589,0.0
2026-01-18 05:30:00,1.1246297359466553,0.0
2026-01-18 05:45:00,1.1096398830413818,0.0
2026-01-18 06:00:00,1.1232028007507324,0.0
2026-01-18 06:15:00,1.1353733539581299,0.0
2026-01-18 06:30:00,1.1401346921920776,0.0
2026-01-18 06:45:00,1.1327674388885498,0.0
2026-01-18 07:00:00,1.1483505964279175,0.0
2026-01-18 07:15:00,1.137703537940979,0.0
2026-01-18 07:30:00,1.1193913221359253,0.0
2026-01-18 07:45:00,1.1259552240371704,0.0
2026-01-18 08:00:00,1.1430590152740479,0.0
2026-01-18 08:15:00,1.1613916158676147,0.0
2026-01-18 08:30:00,1.161189079284668,0.0
2026-01-18 08:45:00,1.152413010597229,0.0
2026-01-18 09:00:00,1.0782198905944824,0.0
2026-01-18 09:15:00,1.02413010597229,0.0
2026-01-18 09:30:00,0.9775300025939941,0.0
2026-01-18 09:45:00,0.9418659806251526,0.0
2026-01-18 10:00:00,0.8227130174636841,0.0
2026-01-18 10:15:00,0.7368283271789551,0.0
2026-01-18 10:30:00,0.6682487726211548,0.0
2026-01-18 10:45:00,0.6023464798927307,0.0
2026-01-18 11:00:00,0.48370563983917236,0.0
2026-01-18 11:15:00,0.4054419994354248,0.0
2026-01-18 11:30:00,0.34714120626449585,0.0
2026-01-18 11:45:00,0.296072781085968,0.0
2026-01-18 12:00:00,0.22072149813175201,0.0
2026-01-18 12:15:00,0.17713847756385803,0.0
2026-01-18 12:30:00,0.145517498254776,0.0
2026-01-18 12:45:00,0.12712469696998596,0.0
2026-01-18 13:00:00,0.10792309045791626,-1000.0
2026-01-18 13:15:00,0.09610024094581604,-1000.0
2026-01-18 13:30:00,0.08561833947896957,-1000.0
2026-01-18 13:45:00,0.08139821887016296,-1000.0
2026-01-18 14:00:00,0.07880954444408417,-1000.0
2026-01-18 14:15:00,0.0748065859079361,-1000.0
2026-01-18 14:30:00,0.07299143821001053,-1000.0
2026-01-18 14:45:00,0.07809670269489288,-1000.0
2026-01-18 15:00:00,0.08137615025043488,0.0
2026-01-18 15:15:00,0.0873856171965599,0.0
2026-01-18 15:30:00,0.09705249220132828,0.0
2026-01-18 15:45:00,0.13348062336444855,0.0
2026-01-18 16:00:00,0.15415649116039276,0.0
2026-01-18 16:15:00,0.22345371544361115,0.0
2026-01-18 16:30:00,0.3319123387336731,0.0
2026-01-18 16:45:00,0.641662061214447,0.0
2026-01-18 17:00:00,0.760734498500824,0.0
2026-01-18 17:15:00,0.8968862295150757,0.0
2026-01-18 17:30:00,1.007120132446289,0.0
2026-01-18 17:45:00,1.1056530475616455,0.0
2026-01-18 18:00:00,1.0890382528305054,0.0
2026-01-18 18:15:00,1.1667943000793457,1000.0
2026-01-18 18:30:00,1.2345507144927979,1000.0
2026-01-18 18:45:00,1.2926061153411865,1000.0
2026-01-18 19:00:00,1.2320975065231323,1000.0
2026-01-18 19:15:00,1.2152838706970215,1000.0
2026-01-18 19:30:00,1.228274941444397,1000.0
2026-01-18 19:45:00,1.261824131011963,1000.0
2026-01-18 20:00:00,1.1796281337738037,1000.0
2026-01-18 20:15:00,1.1706959009170532,0.0
2026-01-18 20:30:00,1.1857414245605469,0.0
2026-01-18 20:45:00,1.1840038299560547,0.0
2026-01-18 21:00:00,1.0951530933380127,0.0
2026-01-18 21:15:00,1.0697346925735474,0.0
2026-01-18 21:30:00,1.0757288932800293,0.0
2026-01-18 21:45:00,1.0898587703704834,0.0
2026-01-18 22:00:00,1.0175892114639282,0.0
2026-01-18 22:15:00,0.9966718554496765,0.0
2026-01-18 22:30:00,0.9919838309288025,0.0
2026-01-18 22:45:00,1.0176270008087158,0.0
2026-01-18 23:00:00,0.9788892865180969,0.0
2026-01-18 23:15:00,0.9679657816886902,0.0
2026-01-18 23:30:00,0.978298008441925,0.0
2026-01-18 23:45:00,1.0062884092330933,0.0
2026-01-19 00:00:00,1.1923913955688477,0.0
2026-01-19 00:15:00,0.9305544495582581,0.0
2026-01-19 00:30:00,0.9011293053627014,0.0
2026-01-19 00:45:00,0.90042644739151,0.0
2026-01-19 01:00:00,0.8765102028846741,0.0
2026-01-19 01:15:00,0.8545169830322266,0.0
2026-01-19 01:30:00,0.8394246101379395,0.0
2026-01-19 01:45:00,0.8431585431098938,0.0
2026-01-19 02:00:00,0.8275352120399475,0.0
2026-01-19 02:15:00,0.823662281036377,0.0
2026-01-19 02:30:00,0.8398627638816833,0.0
2026-01-19 02:45:00,0.8351371884346008,0.0
2026-01-19 03:00:00,0.8436341881752014,0.0
2026-01-19 03:15:00,0.8480011820793152,0.0
2026-01-19 03:30:00,0.8449326157569885,0.0
2026-01-19 03:45:00,0.8324472308158875,0.0
2026-01-19 04:00:00,0.8582936525344849,0.0
2026-01-19 04:15:00,0.8679186701774597,0.0
2026-01-19 04:30:00,0.8600875735282898,0.0
2026-01-19 04:45:00,0.8587455153465271,0.0
2026-01-19 05:00:00,0.8895140290260315,0.0
2026-01-19 05:15:00,0.8970539569854736,0.0
2026-01-19 05:30:00,0.8942859172821045,0.0
2026-01-19 05:45:00,0.8956310153007507,0.0
2026-01-19 06:00:00,0.9028577208518982,0.0
2026-01-19 06:15:00,0.9018514156341553,0.0
2026-01-19 06:30:00,0.8934446573257446,0.0
2026-01-19 06:45:00,0.9059804081916809,0.0
2026-01-19 07:00:00,0.894061803817749,0.0
2026-01-19 07:15:00,0.9001666307449341,0.0
2026-01-19 07:30:00,0.9236366152763367,0.0
2026-01-19 07:45:00,0.953457236289978,0.0
2026-01-19 08:00:00,0.957886278629303,0.0
2026-01-19 08:15:00,0.9868239164352417,0.0
2026-01-19 08:30:00,1.010092854499817,0.0
2026-01-19 08:45:00,1.0082520246505737,0.0
2026-01-19 09:00:00,0.9469034075737,0.0
2026-01-19 09:15:00,0.8894441723823547,0.0
2026-01-19 09:30:00,0.834289014339447,0.0
2026-01-19 09:45:00,0.7690631747245789,0.0
2026-01-19 10:00:00,0.6370232701301575,0.0
2026-01-19 10:15:00,0.5305615067481995,0.0
2026-01-19 10:30:00,0.45428764820098877,0.0
2026-01-19 10:45:00,0.40265071392059326,0.0
2026-01-19 11:00:00,0.31025946140289307,0.0
2026-01-19 11:15:00,0.25620537996292114,0.0
2026-01-19 11:30:00,0.2203451544046402,0.0
2026-01-19 11:45:00,0.1938554346561432,0.0
2026-01-19 12:00:00,0.16705326735973358,0.0
2026-01-19 12:15:00,0.13752686977386475,-1000.0
2026-01-19 12:30:00,0.12104515731334686,-1000.0
2026-01-19 12:45:00,0.11745788902044296,-1000.0
2026-01-19 13:00:00,0.1141686663031578,-1000.0
2026-01-19 13:15:00,0.10823512077331543,-1000.0
2026-01-19 13:30:00,0.10624930262565613,-1000.0
2026-01-19 13:45:00,0.11152429133653641,-1000.0
2026-01-19 14:00:00,0.11417566984891891,-1000.0
2026-01-19 14:15:00,0.1134844720363617,0.0
2026-01-19 14:30:00,0.12051868438720703,0.0
2026-01-19 14:45:00,0.14137887954711914,0.0
2026-01-19 15:00:00,0.16074243187904358,0.0
2026-01-19 15:15:00,0.18701466917991638,0.0
2026-01-19 15:30:00,0.23977844417095184,0.0
2026-01-19 15:45:00,0.35921162366867065,0.0
2026-01-19 16:00:00,0.41494858264923096,0.0
2026-01-19 16:15:00,0.5521000623703003,0.0
2026-01-19 16:30:00,0.7561164498329163,0.0
2026-01-19 16:45:00,0.9620485305786133,0.0
2026-01-19 17:00:00,1.0582324266433716,0.0
2026-01-19 17:15:00,1.190213918685913,0.0
2026-01-19 17:30:00,1.3501403331756592,0.0
2026-01-19 17:45:00,1.477739930152893,0.0
2026-01-19 18:00:00,1.4847824573516846,0.0
2026-01-19 18:15:00,1.5152302980422974,1000.0
2026-01-19 18:30:00,1.5511784553527832,1000.0
2026-01-19 18:45:00,1.5992674827575684,1000.0
2026-01-19 19:00:00,1.565462350845337,1000.0
2026-01-19 19:15:00,1.5567642450332642,1000.0
2026-01-19 19:30:00,1.5728356838226318,1000.0
2026-01-19 19:45:00,1.6089226007461548,1000.0
2026-01-19 20:00:00,1.565654993057251,1000.0
2026-01-19 20:15:00,1.5623219013214111,0.0
2026-01-19 20:30:00,1.5904111862182617,0.0
2026-01-19 20:45:00,1.6245396137237549,0.0
2026-01-19 21:00:00,1.5692708492279053,0.0
2026-01-19 21:15:00,1.5500502586364746,0.0
2026-01-19 21:30:00,1.5586042404174805,0.0
2026-01-19 21:45:00,1.584665298461914,0.0
2026-01-19 22:00:00,1.5294766426086426,0.0
2026-01-19 22:15:00,1.5141087770462036,0.0
2026-01-19 22:30:00,1.5203332901000977,0.0
2026-01-19 22:45:00,1.5357568264007568,0.0
2026-01-19 23:00:00,1.4934403896331787,0.0
2026-01-19 23:15:00,1.4754462242126465,0.0
2026-01-19 23:30:00,1.4866533279418945,0.0
2026-01-19 23:45:00,1.5123379230499268,0.0
2026-01-20 00:00:00,1.715187668800354,0.0
2026-01-20 00:15:00,1.7265340089797974,0.0
2026-01-20 00:30:00,1.7167658805847168,0.0
2026-01-20 00:45:00,1.6932121515274048,0.0
2026-01-20 01:00:00,1.727784276008606,0.0
2026-01-20 01:15:00,1.7212718725204468,0.0
2026-01-20 01:30:00,1.687157392501831,0.0
2026-01-20 01:45:00,1.6318045854568481,0.0
2026-01-20 02:00:00,1.6402000188827515,0.0
2026-01-20 02:15:00,1.6229159832000732,0.0
2026-01-20 02:30:00,1.590309977531433,0.0
2026-01-20 02:45:00,1.5437119007110596,0.0
2026-01-20 03:00:00,1.5350477695465088,0.0
2026-01-20 03:15:00,1.5072529315948486,0.0
2026-01-20 03:30:00,1.4737906455993652,0.0
2026-01-20 03:45:00,1.4404665231704712,0.0
2026-01-20 04:00:00,1.4631927013397217,0.0
2026-01-20 04:15:00,1.4591935873031616,0.0
2026-01-20 04:30:00,1.4263503551483154,0.0
2026-01-20 04:45:00,1.388014793395996,0.0
2026-01-20 05:00:00,1.4072412252426147,0.0
2026-01-20 05:15:00,1.3987081050872803,0.0
2026-01-20 05:30:00,1.3753118515014648,0.0
2026-01-20 05:45:00,1.352189064025879,0.0
2026-01-20 06:00:00,1.3712955713272095,0.0
2026-01-20 06:15:00,1.378849983215332,0.0
2026-01-20 06:30:00,1.370112657546997,0.0
2026-01-20 06:45:00,1.3557220697402954,0.0
2026-01-20 07:00:00,1.3589465618133545,0.0
2026-01-20 07:15:00,1.3741629123687744,0.0
2026-01-20 07:30:00,1.3817793130874634,0.0
2026-01-20 07:45:00,1.3711111545562744,0.0
2026-01-20 08:00:00,1.384743094444275,0.0
2026-01-20 08:15:00,1.3711665868759155,0.0
2026-01-20 08:30:00,1.3316943645477295,0.0
2026-01-20 08:45:00,1.3024466037750244,0.0
2026-01-20 09:00:00,1.2475018501281738,0.0
2026-01-20 09:15:00,1.1937668323516846,0.0
2026-01-20 09:30:00,1.1399438381195068,0.0
2026-01-20 09:45:00,1.0862913131713867,0.0
2026-01-20 10:00:00,0.9521810412406921,0.0
2026-01-20 10:15:00,0.8293768763542175,0.0
2026-01-20 10:30:00,0.7417355179786682,0.0
2026-01-20 10:45:00,0.6700246334075928,0.0
2026-01-20 11:00:00,0.5255990028381348,0.0
2026-01-20 11:15:00,0.44422388076782227,0.0
2026-01-20 11:30:00,0.3780212998390198,0.0
2026-01-20 11:45:00,0.33086270093917847,0.0
2026-01-20 12:00:00,0.2642194628715515,0.0
2026-01-20 12:15:00,0.21935458481311798,0.0
2026-01-20 12:30:00,0.18548011779785156,0.0
2026-01-20 12:45:00,0.167480930685997,0.0
2026-01-20 13:00:00,0.14226269721984863,-1000.0
2026-01-20 13:15:00,0.12917594611644745,-1000.0
2026-01-20 13:30:00,0.11896292865276337,-1000.0
2026-01-20 13:45:00,0.12043562531471252,-1000.0
2026-01-20 14:00:00,0.11189984530210495,-1000.0
2026-01-20 14:15:00,0.10717026144266129,-1000.0
2026-01-20 14:30:00,0.10453516989946365,-1000.0
2026-01-20 14:45:00,0.11659055203199387,-1000.0
2026-01-20 15:00:00,0.11353699862957001,0.0
2026-01-20 15:15:00,0.12183518707752228,0.0
2026-01-20 15:30:00,0.15587757527828217,0.0
2026-01-20 15:45:00,0.20309926569461823,0.0
2026-01-20 16:00:00,0.24979965388774872,0.0
2026-01-20 16:15:00,0.36706554889678955,0.0
2026-01-20 16:30:00,0.5915403366088867,0.0
2026-01-20 16:45:00,0.8294153809547424,0.0
2026-01-20 17:00:00,0.9298253655433655,0.0
2026-01-20 17:15:00,1.0517290830612183,0.0
2026-01-20 17:30:00,1.1717694997787476,0.0
2026-01-20 17:45:00,1.3081097602844238,0.0
2026-01-20 18:00:00,1.3238043785095215,0.0
2026-01-20 18:15:00,1.3927385807037354,1000.0
2026-01-20 18:30:00,1.4287701845169067,1000.0
2026-01-20 18:45:00,1.4531817436218262,1000.0
2026-01-20 19:00:00,1.4077215194702148,1000.0
2026-01-20 19:15:00,1.4003716707229614,1000.0
2026-01-20 19:30:00,1.4151992797851562,1000.0
2026-01-20 19:45:00,1.4486653804779053,1000.0
2026-01-20 20:00:00,1.38956880569458,1000.0
2026-01-20 20:15:00,1.3492541313171387,0.0
2026-01-20 20:30:00,1.3539918661117554,0.0
2026-01-20 20:45:00,1.359865427017212,0.0
2026-01-20 21:00:00,1.2832111120224,0.0
2026-01-20 21:15:00,1.2420259714126587,0.0
2026-01-20 21:30:00,1.2332935333251953,0.0
2026-01-20 21:45:00,1.273386836051941,0.0
2026-01-20 22:00:00,1.2177242040634155,0.0
2026-01-20 22:15:00,1.2047613859176636,0.0
2026-01-20 22:30:00,1.2039563655853271,0.0
2026-01-20 22:45:00,1.2186282873153687,0.0
2026-01-20 23:00:00,1.1629396677017212,0.0
2026-01-20 23:15:00,1.130676031112671,0.0
2026-01-20 23:30:00,1.1315832138061523,0.0
2026-01-20 23:45:00,1.1288776397705078,0.0
2026-01-21 00:00:00,1.5706982612609863,0.0
2026-01-21 00:15:00,1.5493450164794922,0.0
2026-01-21 00:30:00,1.5559340715408325,0.0
2026-01-21 00:45:00,1.546519160270691,0.0
2026-01-21 01:00:00,1.5384271144866943,0.0
2026-01-21 01:15:00,1.5449939966201782,0.0
2026-01-21 01:30:00,1.526387333869934,0.0
2026-01-21 01:45:00,1.5005958080291748,0.0
2026-01-21 02:00:00,1.4874378442764282,0.0
2026-01-21 02:15:00,1.491324782371521,0.0
2026-01-21 02:30:00,1.4618518352508545,0.0
2026-01-21 02:45:00,1.4256688356399536,0.0
2026-01-21 03:00:00,1.4533586502075195,0.0
2026-01-21 03:15:00,1.4414467811584473,0.0
2026-01-21 03:30:00,1.3998644351959229,0.0
2026-01-21 03:45:00,1.3511757850646973,0.0
2026-01-21 04:00:00,1.324319839477539,0.0
2026-01-21 04:15:00,1.3088794946670532,0.0
2026-01-21 04:30:00,1.2879096269607544,0.0
2026-01-21 04:45:00,1.2591211795806885,0.0
2026-01-21 05:00:00,1.2497994899749756,0.0
2026-01-21 05:15:00,1.2485315799713135,0.0
2026-01-21 05:30:00,1.2406202554702759,0.0
2026-01-21 05:45:00,1.229619026184082,0.0
2026-01-21 06:00:00,1.216475009918213,0.0
2026-01-21 06:15:00,1.2098171710968018,0.0
2026-01-21 06:30:00,1.212815523147583,0.0
2026-01-21 06:45:00,1.218292236328125,0.0
2026-01-21 07:00:00,1.197484016418457,0.0
2026-01-21 07:15:00,1.192211627960205,0.0
2026-01-21 07:30:00,1.2242100238800049,0.0
2026-01-21 07:45:00,1.2313580513000488,0.0
2026-01-21 08:00:00,1.226085901260376,0.0
2026-01-21 08:15:00,1.2346595525741577,0.0
2026-01-21 08:30:00,1.233751893043518,0.0
2026-01-21 08:45:00,1.2254327535629272,0.0
2026-01-21 09:00:00,1.1757550239562988,0.0
2026-01-21 09:15:00,1.134002685546875,0.0
2026-01-21 09:30:00,1.0952980518341064,0.0
2026-01-21 09:45:00,1.0561250448226929,0.0
2026-01-21 10:00:00,0.9405495524406433,0.0
2026-01-21 10:15:00,0.8479235768318176,0.0
2026-01-21 10:30:00,0.7874272465705872,0.0
2026-01-21 10:45:00,0.7439271807670593,0.0
2026-01-21 11:00:00,0.6286875009536743,0.0
2026-01-21 11:15:00,0.5500332713127136,0.0
2026-01-21 11:30:00,0.49999725818634033,0.0
2026-01-21 11:45:00,0.4682604670524597,0.0
2026-01-21 12:00:00,0.4014454483985901,0.0
2026-01-21 12:15:00,0.34909433126449585,-1000.0
2026-01-21 12:30:00,0.3199719190597534,-1000.0
2026-01-21 12:45:00,0.31556206941604614,-1000.0
2026-01-21 13:00:00,0.2852883040904999,-1000.0
2026-01-21 13:15:00,0.2730969190597534,-1000.0
2026-01-21 13:30:00,0.2756118178367615,-1000.0
2026-01-21 13:45:00,0.3057960867881775,-1000.0
2026-01-21 14:00:00,0.30000799894332886,-1000.0
2026-01-21 14:15:00,0.31398072838783264,0.0
2026-01-21 14:30:00,0.35320979356765747,0.0
2026-01-21 14:45:00,0.42355209589004517,0.0
2026-01-21 15:00:00,0.4523073434829712,0.0
2026-01-21 15:15:00,0.5193707346916199,0.0
2026-01-21 15:30:00,0.6080746054649353,0.0
2026-01-21 15:45:00,0.760875403881073,0.0
2026-01-21 16:00:00,0.8444430232048035,0.0
2026-01-21 16:15:00,0.9430016875267029,0.0
2026-01-21 16:30:00,1.1453298330307007,0.0
2026-01-21 16:45:00,1.377137541770935,0.0
2026-01-21 17:00:00,1.4584434032440186,0.0
2026-01-21 17:15:00,1.5773100852966309,0.0
2026-01-21 17:30:00,1.6583037376403809,0.0
2026-01-21 17:45:00,1.7091856002807617,0.0
2026-01-21 18:00:00,1.7118910551071167,0.0
2026-01-21 18:15:00,1.7205719947814941,1000.0
2026-01-21 18:30:00,1.7376716136932373,1000.0
2026-01-21 18:45:00,1.7530105113983154,1000.0
2026-01-21 19:00:00,1.7163695096969604,1000.0
2026-01-21 19:15:00,1.6985831260681152,1000.0
2026-01-21 19:30:00,1.7093944549560547,1000.0
2026-01-21 19:45:00,1.7205736637115479,1000.0
2026-01-21 20:00:00,1.6747684478759766,1000.0
2026-01-21 20:15:00,1.6349854469299316,0.0
2026-01-21 20:30:00,1.6212728023529053,0.0
2026-01-21 20:45:00,1.6246674060821533,0.0
2026-01-21 21:00:00,1.5483214855194092,0.0
2026-01-21 21:15:00,1.510291337966919,0.0
2026-01-21 21:30:00,1.5152455568313599,0.0
2026-01-21 21:45:00,1.5526432991027832,0.0
2026-01-21 22:00:00,1.484147548675537,0.0
2026-01-21 22:15:00,1.456166386604309,0.0
2026-01-21 22:30:00,1.4504293203353882,0.0
2026-01-21 22:45:00,1.420889139175415,0.0
2026-01-21 23:00:00,1.29219388961792,0.0
2026-01-21 23:15:00,1.2273950576782227,0.0
2026-01-21 23:30:00,1.1969668865203857,0.0
2026-01-21 23:45:00,1.1852045059204102,0.0
2026-01-22 00:00:00,1.5770350694656372,0.0
2026-01-22 00:15:00,1.604058027267456,0.0
2026-01-22 00:30:00,1.5987880229949951,0.0
2026-01-22 00:45:00,1.5786852836608887,0.0
2026-01-22 01:00:00,1.5802327394485474,0.0
2026-01-22 01:15:00,1.5724670886993408,0.0
2026-01-22 01:30:00,1.5420832633972168,0.0
2026-01-22 01:45:00,1.5163688659667969,0.0
2026-01-22 02:00:00,1.4815728664398193,0.0
2026-01-22 02:15:00,1.438060998916626,0.0
2026-01-22 02:30:00,1.4033913612365723,0.0
2026-01-22 02:45:00,1.348675012588501,0.0
2026-01-22 03:00:00,1.3219915628433228,0.0
2026-01-22 03:15:00,1.3010904788970947,0.0
2026-01-22 03:30:00,1.271834373474121,0.0
2026-01-22 03:45:00,1.2419637441635132,0.0
2026-01-22 04:00:00,1.2413437366485596,0.0
2026-01-22 04:15:00,1.2499713897705078,0.0
2026-01-22 04:30:00,1.247192144393921,0.0
2026-01-22 04:45:00,1.2219207286834717,0.0
2026-01-22 05:00:00,1.2398252487182617,0.0
2026-01-22 05:15:00,1.2381454706192017,0.0
2026-01-22 05:30:00,1.2232080698013306,0.0
2026-01-22 05:45:00,1.2009836435317993,0.0
2026-01-22 06:00:00,1.2019531726837158,0.0
2026-01-22 06:15:00,1.200252652168274,0.0
2026-01-22 06:30:00,1.1923530101776123,0.0
2026-01-22 06:45:00,1.183326244354248,0.0
2026-01-22 07:00:00,1.2040929794311523,0.0
2026-01-22 07:15:00,1.2150371074676514,0.0
2026-01-22 07:30:00,1.21821928024292,0.0
2026-01-22 07:45:00,1.2063930034637451,0.0
2026-01-22 08:00:00,1.2149195671081543,0.0
2026-01-22 08:15:00,1.2104499340057373,0.0
2026-01-22 08:30:00,1.1978912353515625,0.0
2026-01-22 08:45:00,1.172516107559204,0.0
2026-01-22 09:00:00,1.1173226833343506,0.0
2026-01-22 09:15:00,1.074042558670044,0.0
2026-01-22 09:30:00,1.0206547975540161,0.0
2026-01-22 09:45:00,0.9673070311546326,0.0
2026-01-22 10:00:00,0.839039146900177,0.0
2026-01-22 10:15:00,0.7399857640266418,0.0
2026-01-22 10:30:00,0.6638824343681335,0.0
2026-01-22 10:45:00,0.5959638357162476,0.0
2026-01-22 11:00:00,0.4713982343673706,0.0
2026-01-22 11:15:00,0.39235126972198486,0.0
2026-01-22 11:30:00,0.33843570947647095,0.0
2026-01-22 11:45:00,0.29562902450561523,0.0
2026-01-22 12:00:00,0.23044954240322113,0.0
2026-01-22 12:15:00,0.1788790076971054,0.0
2026-01-22 12:30:00,0.13739639520645142,0.0
2026-01-22 12:45:00,0.11614064872264862,0.0
2026-01-22 13:00:00,0.09554599225521088,-1000.0
2026-01-22 13:15:00,0.08558207750320435,-1000.0
2026-01-22 13:30:00,0.07998586446046829,-1000.0
2026-01-22 13:45:00,0.08565498888492584,-1000.0
2026-01-22 14:00:00,0.07940877228975296,-1000.0
2026-01-22 14:15:00,0.08025646954774857,-1000.0
2026-01-22 14:30:00,0.08447276055812836,-1000.0
2026-01-22 14:45:00,0.10839369148015976,-1000.0
2026-01-22 15:00:00,0.12136463820934296,0.0
2026-01-22 15:15:00,0.14784224331378937,0.0
2026-01-22 15:30:00,0.18905594944953918,0.0
2026-01-22 15:45:00,0.28274285793304443,0.0
2026-01-22 16:00:00,0.36835914850234985,0.0
2026-01-22 16:15:00,0.5032819509506226,0.0
2026-01-22 16:30:00,0.7151899933815002,0.0
2026-01-22 16:45:00,1.005190372467041,0.0
2026-01-22 17:00:00,1.1275420188903809,0.0
2026-01-22 17:15:00,1.303015947341919,0.0
2026-01-22 17:30:00,1.488835334777832,0.0
2026-01-22 17:45:00,1.6082643270492554,0.0
2026-01-22 18:00:00,1.6208524703979492,0.0
2026-01-22 18:15:00,1.649214506149292,1000.0
2026-01-22 18:30:00,1.6808878183364868,1000.0
2026-01-22 18:45:00,1.7101914882659912,1000.0
2026-01-22 19:00:00,1.6780705451965332,1000.0
2026-01-22 19:15:00,1.6773123741149902,1000.0
2026-01-22 19:30:00,1.6902194023132324,1000.0
2026-01-22 19:45:00,1.7024853229522705,1000.0
2026-01-22 20:00:00,1.6552318334579468,1000.0
2026-01-22 20:15:00,1.6233646869659424,0.0
2026-01-22 20:30:00,1.6270500421524048,0.0
2026-01-22 20:45:00,1.6448557376861572,0.0
2026-01-22 21:00:00,1.6026020050048828,0.0
2026-01-22 21:15:00,1.5972957611083984,0.0
2026-01-22 21:30:00,1.6237715482711792,0.0
2026-01-22 21:45:00,1.652545690536499,0.0
2026-01-22 22:00:00,1.620665431022644,0.0
2026-01-22 22:15:00,1.6234054565429688,0.0
2026-01-22 22:30:00,1.639573097229004,0.0
2026-01-22 22:45:00,1.661153793334961,0.0
2026-01-22 23:00:00,1.59440016746521,0.0
2026-01-22 23:15:00,1.5655839443206787,0.0
2026-01-22 23:30:00,1.569467306137085,0.0
2026-01-22 23:45:00,1.5843355655670166,0.0
2026-01-23 00:00:00,1.753631353378296,0.0
2026-01-23 00:15:00,1.8106391429901123,0.0
2026-01-23 00:30:00,1.8275601863861084,0.0
2026-01-23 00:45:00,1.8200623989105225,0.0
2026-01-23 01:00:00,1.8309197425842285,0.0
2026-01-23 01:15:00,1.8276700973510742,0.0
2026-01-23 01:30:00,1.8092875480651855,0.0
2026-01-23 01:45:00,1.7806004285812378,0.0
2026-01-23 02:00:00,1.7830827236175537,0.0
2026-01-23 02:15:00,1.7658522129058838,0.0
2026-01-23 02:30:00,1.7443573474884033,0.0
2026-01-23 02:45:00,1.7109246253967285,0.0
2026-01-23 03:00:00,1.6844552755355835,0.0
2026-01-23 03:15:00,1.655914306640625,0.0
2026-01-23 03:30:00,1.6239948272705078,0.0
2026-01-23 03:45:00,1.578363060951233,0.0
2026-01-23 04:00:00,1.5446677207946777,0.0
2026-01-23 04:15:00,1.5097405910491943,0.0
2026-01-23 04:30:00,1.4750373363494873,0.0
2026-01-23 04:45:00,1.4262330532073975,0.0
2026-01-23 05:00:00,1.4008077383041382,0.0
2026-01-23 05:15:00,1.375435471534729,0.0
2026-01-23 05:30:00,1.3535442352294922,0.0
2026-01-23 05:45:00,1.3404433727264404,0.0
2026-01-23 06:00:00,1.312208890914917,0.0
2026-01-23 06:15:00,1.3102041482925415,0.0
2026-01-23 06:30:00,1.3105696439743042,0.0
2026-01-23 06:45:00,1.3235349655151367,0.0
2026-01-23 07:00:00,1.3266937732696533,0.0
2026-01-23 07:15:00,1.365463376045227,0.0
2026-01-23 07:30:00,1.3977670669555664,0.0
2026-01-23 07:45:00,1.397075891494751,0.0
2026-01-23 08:00:00,1.4028427600860596,0.0
2026-01-23 08:15:00,1.387892484664917,0.0
2026-01-23 08:30:00,1.358515739440918,0.0
2026-01-23 08:45:00,1.3490175008773804,0.0
2026-01-23 09:00:00,1.2689926624298096,0.0
2026-01-23 09:15:00,1.2438544034957886,0.0
2026-01-23 09:30:00,1.203891396522522,0.0
2026-01-23 09:45:00,1.1342512369155884,0.0
2026-01-23 10:00:00,1.0086513757705688,0.0
2026-01-23 10:15:00,0.8954349160194397,0.0
2026-01-23 10:30:00,0.8099303841590881,0.0
2026-01-23 10:45:00,0.7455958724021912,0.0
2026-01-23 11:00:00,0.613971471786499,0.0
2026-01-23 11:15:00,0.5294135808944702,0.0
2026-01-23 11:30:00,0.45987194776535034,0.0
2026-01-23 11:45:00,0.40735477209091187,0.0
2026-01-23 12:00:00,0.3292597532272339,0.0
2026-01-23 12:15:00,0.2777547836303711,0.0
2026-01-23 12:30:00,0.24475251138210297,0.0
2026-01-23 12:45:00,0.21829840540885925,0.0
2026-01-23 13:00:00,0.19970901310443878,-1000.0
2026-01-23 13:15:00,0.18654486536979675,-1000.0
2026-01-23 13:30:00,0.17767560482025146,-1000.0
2026-01-23 13:45:00,0.17529582977294922,-1000.0
2026-01-23 14:00:00,0.1676797717809677,-1000.0
2026-01-23 14:15:00,0.1667327731847763,-1000.0
2026-01-23 14:30:00,0.17187443375587463,-1000.0
2026-01-23 14:45:00,0.18924453854560852,-1000.0
2026-01-23 15:00:00,0.19374744594097137,0.0
2026-01-23 15:15:00,0.21485403180122375,0.0
2026-01-23 15:30:00,0.2657177448272705,0.0
2026-01-23 15:45:00,0.3520467281341553,0.0
2026-01-23 16:00:00,0.4417463541030884,0.0
2026-01-23 16:15:00,0.5699192881584167,0.0
2026-01-23 16:30:00,0.7972731590270996,0.0
2026-01-23 16:45:00,0.9951942563056946,0.0
2026-01-23 17:00:00,1.073978304862976,0.0
2026-01-23 17:15:00,1.2110021114349365,0.0
2026-01-23 17:30:00,1.3931798934936523,0.0
2026-01-23 17:45:00,1.5348341464996338,0.0
2026-01-23 18:00:00,1.5321177244186401,0.0
2026-01-23 18:15:00,1.5745930671691895,1000.0
2026-01-23 18:30:00,1.6062726974487305,1000.0
2026-01-23 18:45:00,1.618833303451538,1000.0
2026-01-23 19:00:00,1.5823445320129395,1000.0
2026-01-23 19:15:00,1.5685350894927979,1000.0
2026-01-23 19:30:00,1.5692088603973389,1000.0
2026-01-23 19:45:00,1.5906543731689453,1000.0
2026-01-23 20:00:00,1.542441725730896,1000.0
2026-01-23 20:15:00,1.5295989513397217,0.0
2026-01-23 20:30:00,1.5458991527557373,0.0
2026-01-23 20:45:00,1.5608583688735962,0.0
2026-01-23 21:00:00,1.4708369970321655,0.0
2026-01-23 21:15:00,1.4215466976165771,0.0
2026-01-23 21:30:00,1.412590742111206,0.0
2026-01-23 21:45:00,1.4026591777801514,0.0
2026-01-23 22:00:00,1.293697714805603,0.0
2026-01-23 22:15:00,1.235168695449829,0.0
2026-01-23 22:30:00,1.2071330547332764,0.0
2026-01-23 22:45:00,1.2003133296966553,0.0
2026-01-23 23:00:00,1.1167799234390259,0.0
2026-01-23 23:15:00,1.067296028137207,0.0
2026-01-23 23:30:00,1.0549498796463013,0.0
2026-01-23 23:45:00,1.0629000663757324,0.0
2026-01-24 00:00:00,1.370347023010254,0.0
2026-01-24 00:15:00,1.4920167922973633,0.0
2026-01-24 00:30:00,1.5195982456207275,0.0
2026-01-24 00:45:00,1.5185929536819458,0.0
2026-01-24 01:00:00,1.514657735824585,0.0
2026-01-24 01:15:00,1.505316972732544,0.0
2026-01-24 01:30:00,1.4757003784179688,0.0
2026-01-24 01:45:00,1.4534543752670288,0.0
2026-01-24 02:00:00,1.4170169830322266,0.0
2026-01-24 02:15:00,1.4086387157440186,0.0
2026-01-24 02:30:00,1.408236026763916,0.0
2026-01-24 02:45:00,1.3986291885375977,0.0
2026-01-24 03:00:00,1.3706835508346558,0.0
2026-01-24 03:15:00,1.352874517440796,0.0
2026-01-24 03:30:00,1.3382418155670166,0.0
2026-01-24 03:45:00,1.320343255996704,0.0
2026-01-24 04:00:00,1.2806005477905273,0.0
2026-01-24 04:15:00,1.262333869934082,0.0
2026-01-24 04:30:00,1.2465529441833496,0.0
2026-01-24 04:45:00,1.2276623249053955,0.0
2026-01-24 05:00:00,1.2141392230987549,0.0
2026-01-24 05:15:00,1.2102092504501343,0.0
2026-01-24 05:30:00,1.206954002380371,0.0
2026-01-24 05:45:00,1.199562668800354,0.0
2026-01-24 06:00:00,1.1970889568328857,0.0
2026-01-24 06:15:00,1.1957674026489258,0.0
2026-01-24 06:30:00,1.1930153369903564,0.0
2026-01-24 06:45:00,1.1896852254867554,0.0
2026-01-24 07:00:00,1.1880607604980469,0.0
2026-01-24 07:15:00,1.1799943447113037,0.0
2026-01-24 07:30:00,1.1826246976852417,0.0
2026-01-24 07:45:00,1.1855237483978271,0.0
2026-01-24 08:00:00,1.1772921085357666,0.0
2026-01-24 08:15:00,1.16685152053833,0.0
2026-01-24 08:30:00,1.1564531326293945,0.0
2026-01-24 08:45:00,1.1404147148132324,0.0
2026-01-24 09:00:00,1.1167761087417603,0.0
2026-01-24 09:15:00,1.0788238048553467,0.0
2026-01-24 09:30:00,0.9918960332870483,0.0
2026-01-24 09:45:00,0.8933245539665222,0.0
2026-01-24 10:00:00,0.7205619215965271,0.0
2026-01-24 10:15:00,0.5730466246604919,0.0
2026-01-24 10:30:00,0.4528331756591797,0.0
2026-01-24 10:45:00,0.3693006634712219,0.0
2026-01-24 11:00:00,0.27598708868026733,0.0
2026-01-24 11:15:00,0.21178440749645233,0.0
2026-01-24 11:30:00,0.15845656394958496,0.0
2026-01-24 11:45:00,0.13182923197746277,0.0
2026-01-24 12:00:00,0.10609445720911026,0.0
2026-01-24 12:15:00,0.09026063233613968,0.0
2026-01-24 12:30:00,0.07943874597549438,0.0
2026-01-24 12:45:00,0.07213757932186127,0.0
2026-01-24 13:00:00,0.07296181470155716,-1000.0
2026-01-24 13:15:00,0.06774219870567322,-1000.0
2026-01-24 13:30:00,0.06182991713285446,-1000.0
2026-01-24 13:45:00,0.05929829925298691,-1000.0
2026-01-24 14:00:00,0.06315800547599792,-1000.0
2026-01-24 14:15:00,0.05975500866770744,-1000.0
2026-01-24 14:30:00,0.05602648854255676,-1000.0
2026-01-24 14:45:00,0.05616685748100281,-1000.0
2026-01-24 15:00:00,0.06239139661192894,0.0
2026-01-24 15:15:00,0.061702243983745575,0.0
2026-01-24 15:30:00,0.0672525018453598,0.0
2026-01-24 15:45:00,0.08122216910123825,0.0
2026-01-24 16:00:00,0.09543414413928986,0.0
2026-01-24 16:15:00,0.12448743730783463,0.0
2026-01-24 16:30:00,0.18465465307235718,0.0
2026-01-24 16:45:00,0.3405606746673584,0.0
2026-01-24 17:00:00,0.4515942335128784,0.0
2026-01-24 17:15:00,0.6247802972793579,0.0
2026-01-24 17:30:00,0.7569867968559265,0.0
2026-01-24 17:45:00,0.8362879157066345,0.0
2026-01-24 18:00:00,0.7975174188613892,0.0
2026-01-24 18:15:00,0.8192052245140076,1000.0
2026-01-24 18:30:00,0.8517584204673767,1000.0
2026-01-24 18:45:00,0.8811970353126526,1000.0
2026-01-24 19:00:00,0.8380711078643799,1000.0
2026-01-24 19:15:00,0.8190926313400269,1000.0
2026-01-24 19:30:00,0.8182774186134338,1000.0
2026-01-24 19:45:00,0.8346754312515259,1000.0
2026-01-24 20:00:00,0.7996538877487183,1000.0
2026-01-24 20:15:00,0.7874124646186829,0.0
2026-01-24 20:30:00,0.787834644317627,0.0
2026-01-24 20:45:00,0.797140896320343,0.0
2026-01-24 21:00:00,0.748181164264679,0.0
2026-01-24 21:15:00,0.7207583785057068,0.0
2026-01-24 21:30:00,0.7158036231994629,0.0
2026-01-24 21:45:00,0.7210751175880432,0.0
2026-01-24 22:00:00,0.6883811354637146,0.0
2026-01-24 22:15:00,0.6678515076637268,0.0
2026-01-24 22:30:00,0.6409692168235779,0.0
2026-01-24 22:45:00,0.6139052510261536,0.0
2026-01-24 23:00:00,0.543057382106781,0.0
2026-01-24 23:15:00,0.478252649307251,0.0
2026-01-24 23:30:00,0.4410282373428345,0.0
2026-01-24 23:45:00,0.4152829051017761,0.0
2026-01-25 00:00:00,0.5817356109619141,0.0
2026-01-25 00:15:00,0.6677984595298767,0.0
2026-01-25 00:30:00,0.6999502778053284,0.0
2026-01-25 00:45:00,0.7137020230293274,0.0
2026-01-25 01:00:00,0.7001262307167053,0.0
2026-01-25 01:15:00,0.7076969742774963,0.0
2026-01-25 01:30:00,0.7199470400810242,0.0
2026-01-25 01:45:00,0.7331269383430481,0.0
2026-01-25 02:00:00,0.6996226906776428,0.0
2026-01-25 02:15:00,0.7047232985496521,0.0
2026-01-25 02:30:00,0.7217246890068054,0.0
2026-01-25 02:45:00,0.7306782603263855,0.0
2026-01-25 03:00:00,0.6896216869354248,0.0
2026-01-25 03:15:00,0.6896753907203674,0.0
2026-01-25 03:30:00,0.6936493515968323,0.0
2026-01-25 03:45:00,0.6838170289993286,0.0
2026-01-25 04:00:00,0.6455320119857788,0.0
2026-01-25 04:15:00,0.6358640789985657,0.0
2026-01-25 04:30:00,0.6249766945838928,0.0
2026-01-25 04:45:00,0.6095816493034363,0.0
2026-01-25 05:00:00,0.5818629264831543,0.0
2026-01-25 05:15:00,0.5722039341926575,0.0
2026-01-25 05:30:00,0.5669447183609009,0.0
2026-01-25 05:45:00,0.5739129185676575,0.0
2026-01-25 06:00:00,0.5802862048149109,0.0
2026-01-25 06:15:00,0.5829504132270813,0.0
2026-01-25 06:30:00,0.5824716687202454,0.0
2026-01-25 06:45:00,0.5818975567817688,0.0
2026-01-25 07:00:00,0.5697296857833862,0.0
2026-01-25 07:15:00,0.5585792064666748,0.0
2026-01-25 07:30:00,0.5589073896408081,0.0
2026-01-25 07:45:00,0.5527245998382568,0.0
2026-01-25 08:00:00,0.5131949782371521,0.0
2026-01-25 08:15:00,0.47014695405960083,0.0
2026-01-25 08:30:00,0.38258522748947144,0.0
2026-01-25 08:45:00,0.2891466021537781,0.0
2026-01-25 09:00:00,0.22938023507595062,0.0
2026-01-25 09:15:00,0.17867088317871094,0.0
2026-01-25 09:30:00,0.1268208771944046,0.0
2026-01-25 09:45:00,0.07924049347639084,0.0
2026-01-25 10:00:00,0.04197579622268677,0.0
2026-01-25 10:15:00,0.019609279930591583,0.0
2026-01-25 10:30:00,0.008947852998971939,0.0
2026-01-25 10:45:00,-0.0010066404938697815,0.0
2026-01-25 11:00:00,-0.010882407426834106,0.0
2026-01-25 11:15:00,-0.021388284862041473,0.0
2026-01-25 11:30:00,-0.03090488165616989,0.0
2026-01-25 11:45:00,-0.03779291361570358,0.0
2026-01-25 12:00:00,-0.0356917530298233,-1000.0
2026-01-25 12:15:00,-0.03764772415161133,-1000.0
2026-01-25 12:30:00,-0.04160510003566742,-1000.0
2026-01-25 12:45:00,-0.04451189935207367,-1000.0
2026-01-25 13:00:00,-0.038097456097602844,-1000.0
2026-01-25 13:15:00,-0.0371503084897995,-1000.0
2026-01-25 13:30:00,-0.03910703957080841,-1000.0
2026-01-25 13:45:00,-0.04037107527256012,-1000.0
2026-01-25 14:00:00,-0.032991036772727966,0.0
2026-01-25 14:15:00,-0.03125312924385071,0.0
2026-01-25 14:30:00,-0.02937624603509903,0.0
2026-01-25 14:45:00,-0.0235569030046463,0.0
2026-01-25 15:00:00,-0.01260877400636673,0.0
2026-01-25 15:15:00,-0.0010560154914855957,0.0
2026-01-25 15:30:00,0.008850954473018646,0.0
2026-01-25 15:45:00,0.027568817138671875,0.0
2026-01-25 16:00:00,0.039419203996658325,0.0
2026-01-25 16:15:00,0.05039198324084282,0.0
2026-01-25 16:30:00,0.07298627495765686,0.0
2026-01-25 16:45:00,0.1489337980747223,0.0
2026-01-25 17:00:00,0.22686465084552765,0.0
2026-01-25 17:15:00,0.2930068075656891,0.0
2026-01-25 17:30:00,0.3634820580482483,0.0
2026-01-25 17:45:00,0.4191046357154846,0.0
2026-01-25 18:00:00,0.43223458528518677,0.0
2026-01-25 18:15:00,0.47228938341140747,1000.0
2026-01-25 18:30:00,0.5138985514640808,1000.0
2026-01-25 18:45:00,0.5489994883537292,1000.0
2026-01-25 19:00:00,0.5082238912582397,1000.0
2026-01-25 19:15:00,0.4975981116294861,1000.0
2026-01-25 19:30:00,0.4989469647407532,1000.0
2026-01-25 19:45:00,0.5057200789451599,1000.0
2026-01-25 20:00:00,0.4517480731010437,1000.0
2026-01-25 20:15:00,0.42916834354400635,0.0
2026-01-25 20:30:00,0.42051559686660767,0.0
2026-01-25 20:45:00,0.42066800594329834,0.0
2026-01-25 21:00:00,0.3679116368293762,0.0
2026-01-25 21:15:00,0.3326956629753113,0.0
2026-01-25 21:30:00,0.31493955850601196,0.0
2026-01-25 21:45:00,0.3129954934120178,0.0
2026-01-25 22:00:00,0.2711881399154663,0.0
2026-01-25 22:15:00,0.24927149713039398,0.0
2026-01-25 22:30:00,0.23484045267105103,0.0
2026-01-25 22:45:00,0.22502098977565765,0.0
2026-01-25 23:00:00,0.19436293840408325,0.0
2026-01-25 23:15:00,0.1735171675682068,0.0
2026-01-25 23:30:00,0.16260433197021484,0.0
2026-01-25 23:45:00,0.15803822875022888,0.0
2026-01-26 00:00:00,0.16169100999832153,0.0
2026-01-26 00:15:00,0.16226781904697418,0.0
2026-01-26 00:30:00,0.1762506067752838,0.0
2026-01-26 00:45:00,0.20875391364097595,0.0
2026-01-26 01:00:00,0.17844489216804504,0.0
2026-01-26 01:15:00,0.1693619042634964,0.0
2026-01-26 01:30:00,0.18571428954601288,0.0
2026-01-26 01:45:00,0.2195357233285904,0.0
2026-01-26 02:00:00,0.19440603256225586,0.0
2026-01-26 02:15:00,0.1905076950788498,0.0
2026-01-26 02:30:00,0.20950110256671906,0.0
2026-01-26 02:45:00,0.250863254070282,0.0
2026-01-26 03:00:00,0.23143990337848663,0.0
2026-01-26 03:15:00,0.24067892134189606,0.0
2026-01-26 03:30:00,0.27563244104385376,0.0
2026-01-26 03:45:00,0.3389539122581482,0.0
2026-01-26 04:00:00,0.32721221446990967,0.0
2026-01-26 04:15:00,0.35260069370269775,0.0
2026-01-26 04:30:00,0.4026050567626953,0.0
2026-01-26 04:45:00,0.45771509408950806,0.0
2026-01-26 05:00:00,0.4646930694580078,0.0
2026-01-26 05:15:00,0.49325937032699585,0.0
2026-01-26 05:30:00,0.5368552207946777,0.0
2026-01-26 05:45:00,0.607517659664154,0.0
2026-01-26 06:00:00,0.6459411978721619,0.0
2026-01-26 06:15:00,0.6934908628463745,0.0
2026-01-26 06:30:00,0.7305516600608826,0.0
2026-01-26 06:45:00,0.7589008808135986,0.0
2026-01-26 07:00:00,0.7837267518043518,0.0
2026-01-26 07:15:00,0.8057305812835693,0.0
2026-01-26 07:30:00,0.8384978175163269,0.0
2026-01-26 07:45:00,0.8575484752655029,0.0
2026-01-26 08:00:00,0.8738641142845154,0.0
2026-01-26 08:15:00,0.877049446105957,0.0
2026-01-26 08:30:00,0.8583913445472717,0.0
2026-01-26 08:45:00,0.8119446635246277,0.0
2026-01-26 09:00:00,0.7134376168251038,0.0
2026-01-26 09:15:00,0.5875594019889832,0.0
2026-01-26 09:30:00,0.47199463844299316,0.0
2026-01-26 09:45:00,0.3607303500175476,0.0
2026-01-26 10:00:00,0.2465379387140274,0.0
2026-01-26 10:15:00,0.16438253223896027,0.0
2026-01-26 10:30:00,0.10029000043869019,0.0
2026-01-26 10:45:00,0.0702081248164177,0.0
2026-01-26 11:00:00,0.05706863850355148,0.0
2026-01-26 11:15:00,0.04876292496919632,0.0
2026-01-26 11:30:00,0.03943692147731781,0.0
2026-01-26 11:45:00,0.032184701412916183,0.0
2026-01-26 12:00:00,0.029017284512519836,-1000.0
2026-01-26 12:15:00,0.024903371930122375,-1000.0
2026-01-26 12:30:00,0.021764755249023438,-1000.0
2026-01-26 12:45:00,0.021771058440208435,-1000.0
2026-01-26 13:00:00,0.02402987703680992,-1000.0
2026-01-26 13:15:00,0.022870272397994995,-1000.0
2026-01-26 13:30:00,0.022503379732370377,-1000.0
2026-01-26 13:45:00,0.025943517684936523,-1000.0
2026-01-26 14:00:00,0.027709998190402985,0.0
2026-01-26 14:15:00,0.02941346913576126,0.0
2026-01-26 14:30:00,0.03310253098607063,0.0
2026-01-26 14:45:00,0.04221228510141373,0.0
2026-01-26 15:00:00,0.04705449566245079,0.0
2026-01-26 15:15:00,0.05249105393886566,0.0
2026-01-26 15:30:00,0.06259027868509293,0.0
2026-01-26 15:45:00,0.08096916973590851,0.0
2026-01-26 16:00:00,0.10600504279136658,0.0
2026-01-26 16:15:00,0.1879931539297104,0.0
2026-01-26 16:30:00,0.4094359874725342,0.0
2026-01-26 16:45:00,0.7647233605384827,0.0
2026-01-26 17:00:00,0.9452983736991882,0.0
2026-01-26 17:15:00,1.0763683319091797,0.0
2026-01-26 17:30:00,1.2197694778442383,0.0
2026-01-26 17:45:00,1.3775920867919922,0.0
2026-01-26 18:00:00,1.3904460668563843,0.0
2026-01-26 18:15:00,1.473240613937378,1000.0
2026-01-26 18:30:00,1.5397067070007324,1000.0
2026-01-26 18:45:00,1.5791397094726562,1000.0
2026-01-26 19:00:00,1.5400075912475586,1000.0
2026-01-26 19:15:00,1.544933557510376,1000.0
2026-01-26 19:30:00,1.5718307495117188,1000.0
2026-01-26 19:45:00,1.61767578125,1000.0
2026-01-26 20:00:00,1.5902782678604126,1000.0
2026-01-26 20:15:00,1.5958491563796997,0.0
2026-01-26 20:30:00,1.6070257425308228,0.0
2026-01-26 20:45:00,1.6285994052886963,0.0
2026-01-26 21:00:00,1.585444688796997,0.0
2026-01-26 21:15:00,1.5756003856658936,0.0
2026-01-26 21:30:00,1.5863527059555054,0.0
2026-01-26 21:45:00,1.6019673347473145,0.0
2026-01-26 22:00:00,1.557356834411621,0.0
2026-01-26 22:15:00,1.5472036600112915,0.0
2026-01-26 22:30:00,1.5535316467285156,0.0
2026-01-26 22:45:00,1.5604864358901978,0.0
2026-01-26 23:00:00,1.4795336723327637,0.0
2026-01-26 23:15:00,1.4317967891693115,0.0
2026-01-26 23:30:00,1.4060208797454834,0.0
2026-01-26 23:45:00,1.427339792251587,0.0
2026-01-27 00:00:00,1.5730154514312744,0.0
2026-01-27 00:15:00,1.7250819206237793,0.0
2026-01-27 00:30:00,1.7307323217391968,0.0
2026-01-27 00:45:00,1.7275712490081787,0.0
2026-01-27 01:00:00,1.7679616212844849,0.0
2026-01-27 01:15:00,1.7697149515151978,0.0
2026-01-27 01:30:00,1.7436145544052124,0.0
2026-01-27 01:45:00,1.7117407321929932,0.0
2026-01-27 02:00:00,1.6983362436294556,0.0
2026-01-27 02:15:00,1.675806999206543,0.0
2026-01-27 02:30:00,1.6430187225341797,0.0
2026-01-27 02:45:00,1.6031379699707031,0.0
2026-01-27 03:00:00,1.589703917503357,0.0
2026-01-27 03:15:00,1.5728096961975098,0.0
2026-01-27 03:30:00,1.544682264328003,0.0
2026-01-27 03:45:00,1.5077654123306274,0.0
2026-01-27 04:00:00,1.5016597509384155,0.0
2026-01-27 04:15:00,1.4905385971069336,0.0
2026-01-27 04:30:00,1.471866488456726,0.0
2026-01-27 04:45:00,1.4440456628799438,0.0
2026-01-27 05:00:00,1.4422645568847656,0.0
2026-01-27 05:15:00,1.4390950202941895,0.0
2026-01-27 05:30:00,1.4312429428100586,0.0
2026-01-27 05:45:00,1.4142804145812988,0.0
2026-01-27 06:00:00,1.4155843257904053,0.0
2026-01-27 06:15:00,1.4139461517333984,0.0
2026-01-27 06:30:00,1.412177324295044,0.0
2026-01-27 06:45:00,1.4081735610961914,0.0
2026-01-27 07:00:00,1.4059498310089111,0.0
2026-01-27 07:15:00,1.4003174304962158,0.0
2026-01-27 07:30:00,1.4069404602050781,0.0
2026-01-27 07:45:00,1.4185751676559448,0.0
2026-01-27 08:00:00,1.41180419921875,0.0
2026-01-27 08:15:00,1.421565055847168,0.0
2026-01-27 08:30:00,1.4126421213150024,0.0
2026-01-27 08:45:00,1.418890357017517,0.0
2026-01-27 09:00:00,1.4204723834991455,0.0
2026-01-27 09:15:00,1.4185736179351807,0.0
2026-01-27 09:30:00,1.4017517566680908,0.0
2026-01-27 09:45:00,1.375279426574707,0.0
2026-01-27 10:00:00,1.2678050994873047,0.0
2026-01-27 10:15:00,1.1888407468795776,0.0
2026-01-27 10:30:00,1.117675542831421,0.0
2026-01-27 10:45:00,1.064972162246704,0.0
2026-01-27 11:00:00,0.952555239200592,0.0
2026-01-27 11:15:00,0.8794427514076233,0.0
2026-01-27 11:30:00,0.8261011242866516,0.0
2026-01-27 11:45:00,0.7741902470588684,0.0
2026-01-27 12:00:00,0.6622723340988159,0.0
2026-01-27 12:15:00,0.5833731293678284,0.0
2026-01-27 12:30:00,0.5346407890319824,0.0
2026-01-27 12:45:00,0.5164670348167419,0.0
2026-01-27 13:00:00,0.46264779567718506,-1000.0
2026-01-27 13:15:00,0.4311036467552185,-1000.0
2026-01-27 13:30:00,0.42672258615493774,-1000.0
2026-01-27 13:45:00,0.44799476861953735,-1000.0
2026-01-27 14:00:00,0.4175812602043152,-1000.0
2026-01-27 14:15:00,0.4122239351272583,-1000.0
2026-01-27 14:30:00,0.4412078857421875,-1000.0
2026-01-27 14:45:00,0.4996868968009949,-1000.0
2026-01-27 15:00:00,0.5035714507102966,0.0
2026-01-27 15:15:00,0.5421161651611328,0.0
2026-01-27 15:30:00,0.5999085307121277,0.0
2026-01-27 15:45:00,0.6998473405838013,0.0
2026-01-27 16:00:00,0.7481367588043213,0.0
2026-01-27 16:15:00,0.8435279726982117,0.0
2026-01-27 16:30:00,0.9744712114334106,0.0
2026-01-27 16:45:00,1.1201568841934204,0.0
2026-01-27 17:00:00,1.2302194833755493,0.0
2026-01-27 17:15:00,1.4059967994689941,0.0
2026-01-27 17:30:00,1.5688730478286743,0.0
2026-01-27 17:45:00,1.677255392074585,0.0
2026-01-27 18:00:00,1.6985156536102295,0.0
2026-01-27 18:15:00,1.724471092224121,1000.0
2026-01-27 18:30:00,1.7521110773086548,1000.0
2026-01-27 18:45:00,1.7744098901748657,1000.0
2026-01-27 19:00:00,1.7583765983581543,1000.0
2026-01-27 19:15:00,1.7589898109436035,1000.0
2026-01-27 19:30:00,1.767864465713501,1000.0
2026-01-27 19:45:00,1.7798759937286377,1000.0
2026-01-27 20:00:00,1.7613035440444946,1000.0
2026-01-27 20:15:00,1.7610342502593994,0.0
2026-01-27 20:30:00,1.767159342765808,0.0
2026-01-27 20:45:00,1.7771637439727783,0.0
2026-01-27 21:00:00,1.7475712299346924,0.0
2026-01-27 21:15:00,1.734933853149414,0.0
2026-01-27 21:30:00,1.749274730682373,0.0
2026-01-27 21:45:00,1.7578155994415283,0.0
2026-01-27 22:00:00,1.7173504829406738,0.0
2026-01-27 22:15:00,1.7035982608795166,0.0
2026-01-27 22:30:00,1.7062000036239624,0.0
2026-01-27 22:45:00,1.7159092426300049,0.0
2026-01-27 23:00:00,1.6486704349517822,0.0
2026-01-27 23:15:00,1.6105115413665771,0.0
2026-01-27 23:30:00,1.6045820713043213,0.0
2026-01-27 23:45:00,1.6174161434173584,0.0
2026-01-28 00:00:00,1.8364784717559814,0.0
2026-01-28 00:15:00,1.822222113609314,0.0
2026-01-28 00:30:00,1.777093768119812,0.0
2026-01-28 00:45:00,1.7264244556427002,0.0
2026-01-28 01:00:00,1.762628197669983,0.0
2026-01-28 01:15:00,1.7563141584396362,0.0
2026-01-28 01:30:00,1.7171779870986938,0.0
2026-01-28 01:45:00,1.6617854833602905,0.0
2026-01-28 02:00:00,1.664507269859314,0.0
2026-01-28 02:15:00,1.6488356590270996,0.0
2026-01-28 02:30:00,1.6162065267562866,0.0
2026-01-28 02:45:00,1.5646498203277588,0.0
2026-01-28 03:00:00,1.5485198497772217,0.0
2026-01-28 03:15:00,1.5329358577728271,0.0
2026-01-28 03:30:00,1.504046082496643,0.0
2026-01-28 03:45:00,1.4546453952789307,0.0
2026-01-28 04:00:00,1.4653065204620361,0.0
2026-01-28 04:15:00,1.4655345678329468,0.0
2026-01-28 04:30:00,1.4361491203308105,0.0
2026-01-28 04:45:00,1.401893138885498,0.0
2026-01-28 05:00:00,1.4148632287979126,0.0
2026-01-28 05:15:00,1.4099305868148804,0.0
2026-01-28 05:30:00,1.3970375061035156,0.0
2026-01-28 05:45:00,1.3710486888885498,0.0
2026-01-28 06:00:00,1.3876328468322754,0.0
2026-01-28 06:15:00,1.4002556800842285,0.0
2026-01-28 06:30:00,1.402524709701538,0.0
2026-01-28 06:45:00,1.3943970203399658,0.0
2026-01-28 07:00:00,1.4278924465179443,0.0
2026-01-28 07:15:00,1.4537361860275269,0.0
2026-01-28 07:30:00,1.4738733768463135,0.0
2026-01-28 07:45:00,1.4782016277313232,0.0
2026-01-28 08:00:00,1.5124505758285522,0.0
2026-01-28 08:15:00,1.5169330835342407,0.0
2026-01-28 08:30:00,1.4906797409057617,0.0
2026-01-28 08:45:00,1.4831254482269287,0.0
2026-01-28 09:00:00,1.4465874433517456,0.0
2026-01-28 09:15:00,1.4148943424224854,0.0
2026-01-28 09:30:00,1.3827968835830688,0.0
2026-01-28 09:45:00,1.341831922531128,0.0
2026-01-28 10:00:00,1.2309387922286987,0.0
2026-01-28 10:15:00,1.1368848085403442,0.0
2026-01-28 10:30:00,1.0483782291412354,0.0
2026-01-28 10:45:00,0.9819558262825012,0.0
2026-01-28 11:00:00,0.8720275163650513,0.0
2026-01-28 11:15:00,0.795370876789093,0.0
2026-01-28 11:30:00,0.7441044449806213,0.0
2026-01-28 11:45:00,0.7146532535552979,0.0
2026-01-28 12:00:00,0.608654797077179,0.0
2026-01-28 12:15:00,0.5355997085571289,0.0
2026-01-28 12:30:00,0.48944711685180664,0.0
2026-01-28 12:45:00,0.46643155813217163,0.0
2026-01-28 13:00:00,0.4182942509651184,-1000.0
2026-01-28 13:15:00,0.38166218996047974,-1000.0
2026-01-28 13:30:00,0.3709287643432617,-1000.0
2026-01-28 13:45:00,0.38767749071121216,-1000.0
2026-01-28 14:00:00,0.3603980541229248,-1000.0
2026-01-28 14:15:00,0.3508618474006653,-1000.0
2026-01-28 14:30:00,0.36731815338134766,-1000.0
2026-01-28 14:45:00,0.42370373010635376,-1000.0
2026-01-28 15:00:00,0.42398154735565186,0.0
2026-01-28 15:15:00,0.4589807987213135,0.0
2026-01-28 15:30:00,0.5239053964614868,0.0
2026-01-28 15:45:00,0.6177371144294739,0.0
2026-01-28 16:00:00,0.6790489554405212,0.0
2026-01-28 16:15:00,0.8008078932762146,0.0
2026-01-28 16:30:00,0.9542580246925354,0.0
2026-01-28 16:45:00,1.2196296453475952,0.0
2026-01-28 17:00:00,1.3816419839859009,0.0
2026-01-28 17:15:00,1.517135500907898,0.0
2026-01-28 17:30:00,1.627314805984497,0.0
2026-01-28 17:45:00,1.7156102657318115,0.0
2026-01-28 18:00:00,1.7240526676177979,0.0
2026-01-28 18:15:00,1.7549877166748047,1000.0
2026-01-28 18:30:00,1.7766358852386475,1000.0
2026-01-28 18:45:00,1.790363073348999,1000.0
2026-01-28 19:00:00,1.7575409412384033,1000.0
2026-01-28 19:15:00,1.7479568719863892,1000.0
2026-01-28 19:30:00,1.7510905265808105,1000.0
2026-01-28 19:45:00,1.7630736827850342,1000.0
2026-01-28 20:00:00,1.722365140914917,1000.0
2026-01-28 20:15:00,1.708234190940857,0.0
2026-01-28 20:30:00,1.7104610204696655,0.0
2026-01-28 20:45:00,1.7231017351150513,0.0
2026-01-28 21:00:00,1.6929655075073242,0.0
2026-01-28 21:15:00,1.6881897449493408,0.0
2026-01-28 21:30:00,1.7006585597991943,0.0
2026-01-28 21:45:00,1.7244592905044556,0.0
2026-01-28 22:00:00,1.6771295070648193,0.0
2026-01-28 22:15:00,1.6622623205184937,0.0
2026-01-28 22:30:00,1.6457622051239014,0.0
2026-01-28 22:45:00,1.6344980001449585,0.0
2026-01-28 23:00:00,1.525583028793335,0.0
2026-01-28 23:15:00,1.4445947408676147,0.0
2026-01-28 23:30:00,1.4215177297592163,0.0
2026-01-28 23:45:00,1.4533308744430542,0.0
2026-01-29 00:00:00,1.795756459236145,0.0
2026-01-29 00:15:00,1.778027057647705,0.0
2026-01-29 00:30:00,1.7709481716156006,0.0
2026-01-29 00:45:00,1.7464401721954346,0.0
2026-01-29 01:00:00,1.748085618019104,0.0
2026-01-29 01:15:00,1.7375009059906006,0.0
2026-01-29 01:30:00,1.7164769172668457,0.0
2026-01-29 01:45:00,1.6791727542877197,0.0
2026-01-29 02:00:00,1.6872291564941406,0.0
2026-01-29 02:15:00,1.6841883659362793,0.0
2026-01-29 02:30:00,1.6632709503173828,0.0
2026-01-29 02:45:00,1.6208702325820923,0.0
2026-01-29 03:00:00,1.632063627243042,0.0
2026-01-29 03:15:00,1.6271730661392212,0.0
2026-01-29 03:30:00,1.6050808429718018,0.0
2026-01-29 03:45:00,1.5635666847229004,0.0
2026-01-29 04:00:00,1.5566661357879639,0.0
2026-01-29 04:15:00,1.543778657913208,0.0
2026-01-29 04:30:00,1.5222516059875488,0.0
2026-01-29 04:45:00,1.4823729991912842,0.0
2026-01-29 05:00:00,1.487088680267334,0.0
2026-01-29 05:15:00,1.4743834733963013,0.0
2026-01-29 05:30:00,1.4456230401992798,0.0
2026-01-29 05:45:00,1.4013667106628418,0.0
2026-01-29 06:00:00,1.4045836925506592,0.0
2026-01-29 06:15:00,1.3975077867507935,0.0
2026-01-29 06:30:00,1.3759372234344482,0.0
2026-01-29 06:45:00,1.3435606956481934,0.0
2026-01-29 07:00:00,1.3483960628509521,0.0
2026-01-29 07:15:00,1.3327746391296387,0.0
2026-01-29 07:30:00,1.3243415355682373,0.0
2026-01-29 07:45:00,1.3194706439971924,0.0
2026-01-29 08:00:00,1.328136920928955,0.0
2026-01-29 08:15:00,1.343036413192749,0.0
2026-01-29 08:30:00,1.3721051216125488,0.0
2026-01-29 08:45:00,1.3835999965667725,0.0
2026-01-29 09:00:00,1.3640995025634766,0.0
2026-01-29 09:15:00,1.3423629999160767,0.0
2026-01-29 09:30:00,1.3418384790420532,0.0
2026-01-29 09:45:00,1.337407112121582,0.0
2026-01-29 10:00:00,1.2770695686340332,0.0
2026-01-29 10:15:00,1.2415119409561157,0.0
2026-01-29 10:30:00,1.2195085287094116,0.0
2026-01-29 10:45:00,1.209018588066101,0.0
2026-01-29 11:00:00,1.1362435817718506,0.0
2026-01-29 11:15:00,1.0968468189239502,0.0
2026-01-29 11:30:00,1.078866720199585,0.0
2026-01-29 11:45:00,1.0653223991394043,0.0
2026-01-29 12:00:00,0.9890536665916443,0.0
2026-01-29 12:15:00,0.9471520185470581,-1000.0
2026-01-29 12:30:00,0.930947482585907,-1000.0
2026-01-29 12:45:00,0.9341898560523987,-1000.0
2026-01-29 13:00:00,0.8786973357200623,-1000.0
2026-01-29 13:15:00,0.8655825853347778,-1000.0
2026-01-29 13:30:00,0.8866530060768127,-1000.0
2026-01-29 13:45:00,0.9260024428367615,-1000.0
2026-01-29 14:00:00,0.9065116047859192,-1000.0
2026-01-29 14:15:00,0.9219691157341003,0.0
2026-01-29 14:30:00,0.9635834693908691,0.0
2026-01-29 14:45:00,1.02667236328125,0.0
2026-01-29 15:00:00,1.0319191217422485,0.0
2026-01-29 15:15:00,1.0703212022781372,0.0
2026-01-29 15:30:00,1.1317734718322754,0.0
2026-01-29 15:45:00,1.252060890197754,0.0
2026-01-29 16:00:00,1.2738416194915771,0.0
2026-01-29 16:15:00,1.3972506523132324,0.0
2026-01-29 16:30:00,1.557685375213623,0.0
2026-01-29 16:45:00,1.6838624477386475,0.0
2026-01-29 17:00:00,1.7194311618804932,0.0
2026-01-29 17:15:00,1.7595927715301514,1000.0
2026-01-29 17:30:00,1.8018503189086914,1000.0
2026-01-29 17:45:00,1.8306386470794678,1000.0
2026-01-29 18:00:00,1.795243740081787,1000.0
2026-01-29 18:15:00,1.7752819061279297,1000.0
2026-01-29 18:30:00,1.7627620697021484,1000.0
2026-01-29 18:45:00,1.7606782913208008,1000.0
2026-01-29 19:00:00,1.7054548263549805,1000.0
2026-01-29 19:15:00,1.677419900894165,0.0
2026-01-29 19:30:00,1.6616692543029785,0.0
2026-01-29 19:45:00,1.6637192964553833,0.0
2026-01-29 20:00:00,1.5885004997253418,0.0
2026-01-29 20:15:00,1.5590708255767822,0.0
2026-01-29 20:30:00,1.546099066734314,0.0
2026-01-29 20:45:00,1.5672022104263306,0.0
2026-01-29 21:00:00,1.5175526142120361,0.0
2026-01-29 21:15:00,1.4739432334899902,0.0
2026-01-29 21:30:00,1.4566693305969238,0.0
2026-01-29 21:45:00,1.4409286975860596,0.0
2026-01-29 22:00:00,1.3305027484893799,0.0
2026-01-29 22:15:00,1.271740436553955,0.0
2026-01-29 22:30:00,1.2422096729278564,0.0
2026-01-29 22:45:00,1.2412313222885132,0.0
2026-01-29 23:00:00,1.1416711807250977,0.0
2026-01-29 23:15:00,1.087637186050415,0.0
2026-01-29 23:30:00,1.0590115785598755,0.0
2026-01-29 23:45:00,1.0461745262145996,0.0
2026-01-30 00:00:00,1.2361301183700562,0.0
2026-01-30 00:15:00,1.494964599609375,0.0
2026-01-30 00:30:00,1.5776362419128418,0.0
2026-01-30 00:45:00,1.588998556137085,0.0
2026-01-30 01:00:00,1.6470729112625122,0.0
2026-01-30 01:15:00,1.650949478149414,0.0
2026-01-30 01:30:00,1.624253749847412,0.0
2026-01-30 01:45:00,1.561875343322754,0.0
2026-01-30 02:00:00,1.5787265300750732,0.0
2026-01-30 02:15:00,1.5620768070220947,0.0
2026-01-30 02:30:00,1.5269372463226318,0.0
2026-01-30 02:45:00,1.4510834217071533,0.0
2026-01-30 03:00:00,1.4470696449279785,0.0
2026-01-30 03:15:00,1.4001339673995972,0.0
2026-01-30 03:30:00,1.3295159339904785,0.0
2026-01-30 03:45:00,1.2761361598968506,0.0
2026-01-30 04:00:00,1.2681615352630615,0.0
2026-01-30 04:15:00,1.2289259433746338,0.0
2026-01-30 04:30:00,1.164108157157898,0.0
2026-01-30 04:45:00,1.1218929290771484,0.0
2026-01-30 05:00:00,1.1155705451965332,0.0
2026-01-30 05:15:00,1.1047084331512451,0.0
2026-01-30 05:30:00,1.0889205932617188,0.0
2026-01-30 05:45:00,1.076626181602478,0.0
2026-01-30 06:00:00,1.0995609760284424,0.0
2026-01-30 06:15:00,1.1209625005722046,0.0
2026-01-30 06:30:00,1.1310824155807495,0.0
2026-01-30 06:45:00,1.1248033046722412,0.0
2026-01-30 07:00:00,1.1456756591796875,0.0
2026-01-30 07:15:00,1.1481306552886963,0.0
2026-01-30 07:30:00,1.141493320465088,0.0
2026-01-30 07:45:00,1.1499353647232056,0.0
2026-01-30 08:00:00,1.176287055015564,0.0
2026-01-30 08:15:00,1.1937882900238037,0.0
2026-01-30 08:30:00,1.1992167234420776,0.0
2026-01-30 08:45:00,1.2013487815856934,0.0
2026-01-30 09:00:00,1.1755828857421875,0.0
2026-01-30 09:15:00,1.1638776063919067,0.0
2026-01-30 09:30:00,1.1648166179656982,0.0
2026-01-30 09:45:00,1.165420651435852,0.0
2026-01-30 10:00:00,1.1172823905944824,0.0
2026-01-30 10:15:00,1.0770975351333618,0.0
2026-01-30 10:30:00,1.0420618057250977,0.0
2026-01-30 10:45:00,1.01563560962677,0.0
2026-01-30 11:00:00,0.9343169331550598,0.0
2026-01-30 11:15:00,0.8873185515403748,0.0
2026-01-30 11:30:00,0.8465244770050049,0.0
2026-01-30 11:45:00,0.8043572306632996,0.0
2026-01-30 12:00:00,0.6762892603874207,0.0
2026-01-30 12:15:00,0.578969419002533,0.0
2026-01-30 12:30:00,0.5162727236747742,0.0
2026-01-30 12:45:00,0.4712378978729248,0.0
2026-01-30 13:00:00,0.40461188554763794,0.0
2026-01-30 13:15:00,0.36618125438690186,0.0
2026-01-30 13:30:00,0.34994935989379883,0.0
2026-01-30 13:45:00,0.34529685974121094,-1000.0
2026-01-30 14:00:00,0.30967795848846436,-1000.0
2026-01-30 14:15:00,0.2961483597755432,-1000.0
2026-01-30 14:30:00,0.3028223216533661,-1000.0
2026-01-30 14:45:00,0.3205925226211548,-1000.0
2026-01-30 15:00:00,0.3018267750740051,-1000.0
2026-01-30 15:15:00,0.31323888897895813,-1000.0
2026-01-30 15:30:00,0.3493127226829529,-1000.0
2026-01-30 15:45:00,0.41560447216033936,0.0
2026-01-30 16:00:00,0.4351224899291992,0.0
2026-01-30 16:15:00,0.4999121427536011,0.0
2026-01-30 16:30:00,0.6486221551895142,0.0
2026-01-30 16:45:00,0.8087970018386841,0.0
2026-01-30 17:00:00,0.8476848006248474,0.0
2026-01-30 17:15:00,0.9314219355583191,0.0
2026-01-30 17:30:00,1.035262942314148,0.0
2026-01-30 17:45:00,1.1261146068572998,0.0
2026-01-30 18:00:00,1.1339367628097534,0.0
2026-01-30 18:15:00,1.2229280471801758,0.0
2026-01-30 18:30:00,1.2839469909667969,0.0
2026-01-30 18:45:00,1.3511083126068115,0.0
2026-01-30 19:00:00,1.300329327583313,0.0
2026-01-30 19:15:00,1.31022310256958,0.0
2026-01-30 19:30:00,1.3304616212844849,0.0
2026-01-30 19:45:00,1.3703551292419434,0.0
2026-01-30 20:00:00,1.322739601135254,0.0
2026-01-30 20:15:00,1.35624098777771,0.0
2026-01-30 20:30:00,1.3917303085327148,0.0
2026-01-30 20:45:00,1.3984454870224,0.0
2026-01-30 21:00:00,1.3260552883148193,0.0
2026-01-30 21:15:00,1.2883644104003906,0.0
2026-01-30 21:30:00,1.3132128715515137,0.0
2026-01-30 21:45:00,1.3449578285217285,0.0
2026-01-30 22:00:00,1.294998288154602,1000.0
2026-01-30 22:15:00,1.3411340713500977,1000.0
2026-01-30 22:30:00,1.4026247262954712,1000.0
2026-01-30 22:45:00,1.4494798183441162,1000.0
2026-01-30 23:00:00,1.4120421409606934,1000.0
2026-01-30 23:15:00,1.4068610668182373,1000.0
2026-01-30 23:30:00,1.423590898513794,1000.0
2026-01-30 23:45:00,1.4476892948150635,1000.0
2026-01-31 00:00:00,1.4475228786468506,0.0
2026-01-31 00:15:00,1.4835530519485474,0.0
2026-01-31 00:30:00,1.4877278804779053,0.0
2026-01-31 00:45:00,1.4771844148635864,0.0
2026-01-31 01:00:00,1.5011789798736572,0.0
2026-01-31 01:15:00,1.4990077018737793,0.0
2026-01-31 01:30:00,1.4712525606155396,0.0
2026-01-31 01:45:00,1.430452585220337,0.0
2026-01-31 02:00:00,1.430318832397461,0.0
2026-01-31 02:15:00,1.4078660011291504,0.0
2026-01-31 02:30:00,1.382627248764038,0.0
2026-01-31 02:45:00,1.3392894268035889,0.0
2026-01-31 03:00:00,1.2793951034545898,0.0
2026-01-31 03:15:00,1.2375670671463013,0.0
2026-01-31 03:30:00,1.2196773290634155,0.0
2026-01-31 03:45:00,1.1892962455749512,0.0
2026-01-31 04:00:00,1.1869852542877197,0.0
2026-01-31 04:15:00,1.171809434890747,0.0
2026-01-31 04:30:00,1.1457362174987793,0.0
2026-01-31 04:45:00,1.109662413597107,0.0
2026-01-31 05:00:00,1.108405351638794,0.0
2026-01-31 05:15:00,1.0937764644622803,0.0
2026-01-31 05:30:00,1.0701979398727417,0.0
2026-01-31 05:45:00,1.04282808303833,0.0
2026-01-31 06:00:00,1.0424493551254272,0.0
2026-01-31 06:15:00,1.0336779356002808,0.0
2026-01-31 06:30:00,1.019829511642456,0.0
2026-01-31 06:45:00,1.0078142881393433,0.0
2026-01-31 07:00:00,1.0074118375778198,0.0
2026-01-31 07:15:00,0.9894663691520691,0.0
2026-01-31 07:30:00,0.9773087501525879,0.0
2026-01-31 07:45:00,0.9744884371757507,0.0
2026-01-31 08:00:00,0.9487074613571167,0.0
2026-01-31 08:15:00,0.9204117655754089,0.0
2026-01-31 08:30:00,0.9200488924980164,0.0
2026-01-31 08:45:00,0.9103276133537292,0.0
2026-01-31 09:00:00,0.8346012830734253,0.0
2026-01-31 09:15:00,0.7615519165992737,0.0
2026-01-31 09:30:00,0.6589866876602173,0.0
2026-01-31 09:45:00,0.5428133010864258,0.0
2026-01-31 10:00:00,0.38682740926742554,0.0
2026-01-31 10:15:00,0.2777217626571655,0.0
2026-01-31 10:30:00,0.19145894050598145,0.0
2026-01-31 10:45:00,0.12097076326608658,0.0
2026-01-31 11:00:00,0.08105721324682236,0.0
2026-01-31 11:15:00,0.059037093073129654,0.0
2026-01-31 11:30:00,0.0449829138815403,0.0
2026-01-31 11:45:00,0.033641938120126724,0.0
2026-01-31 12:00:00,0.027360770851373672,0.0
2026-01-31 12:15:00,0.021781742572784424,0.0
2026-01-31 12:30:00,0.013177607208490372,0.0
2026-01-31 12:45:00,0.01120760664343834,0.0
2026-01-31 13:00:00,0.005950868129730225,-1000.0
2026-01-31 13:15:00,0.0008986890316009521,-1000.0
2026-01-31 13:30:00,-0.0024691373109817505,-1000.0
2026-01-31 13:45:00,-0.003537222743034363,-1000.0
2026-01-31 14:00:00,-0.0018061548471450806,-1000.0
2026-01-31 14:15:00,-0.003906950354576111,-1000.0
2026-01-31 14:30:00,-0.0039350613951683044,-1000.0
2026-01-31 14:45:00,0.0003055855631828308,-1000.0
2026-01-31 15:00:00,0.002354830503463745,0.0
2026-01-31 15:15:00,0.004922710359096527,0.0
2026-01-31 15:30:00,0.01260974258184433,0.0
2026-01-31 15:45:00,0.025806553661823273,0.0
2026-01-31 16:00:00,0.02966500073671341,0.0
2026-01-31 16:15:00,0.036550406366586685,0.0
2026-01-31 16:30:00,0.05401308089494705,0.0
2026-01-31 16:45:00,0.11692601442337036,0.0
2026-01-31 17:00:00,0.18931788206100464,0.0
2026-01-31 17:15:00,0.3113008737564087,0.0
2026-01-31 17:30:00,0.5102606415748596,0.0
2026-01-31 17:45:00,0.7318468689918518,0.0
2026-01-31 18:00:00,0.7686285972595215,0.0
2026-01-31 18:15:00,0.8495970368385315,1000.0
2026-01-31 18:30:00,0.9253823161125183,1000.0
2026-01-31 18:45:00,0.9768176674842834,1000.0
2026-01-31 19:00:00,0.9239235520362854,1000.0
2026-01-31 19:15:00,0.8968492746353149,1000.0
2026-01-31 19:30:00,0.8915373682975769,1000.0
2026-01-31 19:45:00,0.9028303623199463,1000.0
2026-01-31 20:00:00,0.830940842628479,1000.0
2026-01-31 20:15:00,0.7931143641471863,0.0
2026-01-31 20:30:00,0.7542291283607483,0.0
2026-01-31 20:45:00,0.7365795969963074,0.0
2026-01-31 21:00:00,0.62013840675354,0.0
2026-01-31 21:15:00,0.5560938119888306,0.0
2026-01-31 21:30:00,0.5414642691612244,0.0
2026-01-31 21:45:00,0.5367453694343567,0.0
2026-01-31 22:00:00,0.46942752599716187,0.0
2026-01-31 22:15:00,0.43188124895095825,0.0
2026-01-31 22:30:00,0.44772523641586304,0.0
2026-01-31 22:45:00,0.45090651512145996,0.0
2026-01-31 23:00:00,0.429179847240448,0.0
2026-01-31 23:15:00,0.40573573112487793,0.0
2026-01-31 23:30:00,0.42501646280288696,0.0
2026-01-31 23:45:00,0.38911956548690796,0.0
2026-02-01 00:00:00,0.34267187118530273,0.0
2026-02-01 00:15:00,0.36485755443573,0.0
2026-02-01 00:30:00,0.3671852946281433,0.0
2026-02-01 00:45:00,0.3660537600517273,0.0
2026-02-01 01:00:00,0.3483368158340454,0.0
2026-02-01 01:15:00,0.33614909648895264,0.0
2026-02-01 01:30:00,0.32827669382095337,0.0
2026-02-01 01:45:00,0.32834023237228394,0.0
2026-02-01 02:00:00,0.31164389848709106,0.0
2026-02-01 02:15:00,0.3009437620639801,0.0
2026-02-01 02:30:00,0.2963641881942749,0.0
2026-02-01 02:45:00,0.2969902753829956,0.0
2026-02-01 03:00:00,0.26780855655670166,0.0
2026-02-01 03:15:00,0.24558205902576447,0.0
2026-02-01 03:30:00,0.23557378351688385,0.0
2026-02-01 03:45:00,0.2385786920785904,0.0
2026-02-01 04:00:00,0.21766678988933563,0.0
2026-02-01 04:15:00,0.2018054723739624,0.0
2026-02-01 04:30:00,0.19953159987926483,0.0
2026-02-01 04:45:00,0.20448677241802216,0.0
2026-02-01 05:00:00,0.1909894049167633,0.0
2026-02-01 05:15:00,0.17635038495063782,0.0
2026-02-01 05:30:00,0.21395905315876007,0.0
2026-02-01 05:45:00,0.2325175255537033,0.0
2026-02-01 06:00:00,0.2373063862323761,0.0
2026-02-01 06:15:00,0.2474863976240158,0.0
2026-02-01 06:30:00,0.2504652142524719,0.0
2026-02-01 06:45:00,0.2751770615577698,0.0
2026-02-01 07:00:00,0.26933881640434265,0.0
2026-02-01 07:15:00,0.260095477104187,0.0
2026-02-01 07:30:00,0.243189737200737,0.0
2026-02-01 07:45:00,0.2216515690088272,0.0
2026-02-01 08:00:00,0.2024848908185959,0.0
2026-02-01 08:15:00,0.1779131293296814,0.0
2026-02-01 08:30:00,0.14367148280143738,0.0
2026-02-01 08:45:00,0.10464651882648468,0.0
2026-02-01 09:00:00,0.07334873080253601,0.0
2026-02-01 09:15:00,0.02916659787297249,0.0
2026-02-01 09:30:00,0.012767359614372253,0.0
2026-02-01 09:45:00,0.0023648813366889954,0.0
2026-02-01 10:00:00,-0.007277749478816986,0.0
2026-02-01 10:15:00,-0.020578913390636444,0.0
2026-02-01 10:30:00,-0.032246291637420654,0.0
2026-02-01 10:45:00,-0.0406327098608017,0.0
2026-02-01 11:00:00,-0.04056648910045624,0.0
2026-02-01 11:15:00,-0.04438203573226929,0.0
2026-02-01 11:30:00,-0.049219176173210144,-1000.0
2026-02-01 11:45:00,-0.055150195956230164,-1000.0
2026-02-01 12:00:00,-0.05111183226108551,-1000.0
2026-02-01 12:15:00,-0.05142711102962494,-1000.0
2026-02-01 12:30:00,-0.053421638906002045,-1000.0
2026-02-01 12:45:00,-0.05626983940601349,-1000.0
2026-02-01 13:00:00,-0.04964251071214676,-1000.0
2026-02-01 13:15:00,-0.048763252794742584,-1000.0
2026-02-01 13:30:00,-0.050347261130809784,0.0
2026-02-01 13:45:00,-0.052848443388938904,0.0
2026-02-01 14:00:00,-0.04646800458431244,0.0
2026-02-01 14:15:00,-0.04554135352373123,0.0
2026-02-01 14:30:00,-0.04724261164665222,0.0
2026-02-01 14:45:00,-0.0490439310669899,0.0
2026-02-01 15:00:00,-0.04284273087978363,0.0
2026-02-01 15:15:00,-0.0414726585149765,0.0
2026-02-01 15:30:00,-0.04126324504613876,0.0
2026-02-01 15:45:00,-0.040258362889289856,0.0
2026-02-01 16:00:00,-0.031250469386577606,0.0
2026-02-01 16:15:00,-0.024319708347320557,0.0
2026-02-01 16:30:00,-0.0068201348185539246,0.0
2026-02-01 16:45:00,0.03195340931415558,0.0
2026-02-01 17:00:00,0.07409597188234329,0.0
2026-02-01 17:15:00,0.17369046807289124,0.0
2026-02-01 17:30:00,0.3578530550003052,0.0
2026-02-01 17:45:00,0.5439086556434631,0.0
2026-02-01 18:00:00,0.5899197459220886,0.0
2026-02-01 18:15:00,0.7009915709495544,0.0
2026-02-01 18:30:00,0.8064630627632141,0.0
2026-02-01 18:45:00,0.8989100456237793,0.0
2026-02-01 19:00:00,0.8628621101379395,0.0
2026-02-01 19:15:00,0.8738487958908081,0.0
2026-02-01 19:30:00,0.9169284701347351,0.0
2026-02-01 19:45:00,0.9763472080230713,0.0
2026-02-01 20:00:00,0.9325045943260193,0.0
2026-02-01 20:15:00,0.941750705242157,0.0
2026-02-01 20:30:00,1.0011944770812988,0.0
2026-02-01 20:45:00,1.0596808195114136,0.0
2026-02-01 21:00:00,1.0142229795455933,0.0
2026-02-01 21:15:00,1.029988408088684,0.0
2026-02-01 21:30:00,1.0662895441055298,0.0
2026-02-01 21:45:00,1.1225309371948242,0.0
2026-02-01 22:00:00,1.087117314338684,1000.0
2026-02-01 22:15:00,1.0918692350387573,1000.0
2026-02-01 22:30:00,1.1226468086242676,1000.0
2026-02-01 22:45:00,1.16639244556427,1000.0
2026-02-01 23:00:00,1.1280572414398193,1000.0
2026-02-01 23:15:00,1.1262503862380981,1000.0
2026-02-01 23:30:00,1.150733470916748,1000.0
2026-02-01 23:45:00,1.1857421398162842,1000.0
2026-02-02 00:00:00,1.1518439054489136,0.0
2026-02-02 00:15:00,1.2320828437805176,0.0
2026-02-02 00:30:00,1.287516474723816,0.0
2026-02-02 00:45:00,1.2851688861846924,0.0
2026-02-02 01:00:00,1.3350573778152466,0.0
2026-02-02 01:15:00,1.3463263511657715,0.0
2026-02-02 01:30:00,1.326402187347412,0.0
2026-02-02 01:45:00,1.2789374589920044,0.0
2026-02-02 02:00:00,1.2979446649551392,0.0
2026-02-02 02:15:00,1.2778546810150146,0.0
2026-02-02 02:30:00,1.2482960224151611,0.0
2026-02-02 02:45:00,1.2118618488311768,0.0
2026-02-02 03:00:00,1.222581148147583,0.0
2026-02-02 03:15:00,1.2153072357177734,0.0
2026-02-02 03:30:00,1.1879651546478271,0.0
2026-02-02 03:45:00,1.1467516422271729,0.0
2026-02-02 04:00:00,1.1571152210235596,0.0
2026-02-02 04:15:00,1.1458659172058105,0.0
2026-02-02 04:30:00,1.1154940128326416,0.0
2026-02-02 04:45:00,1.1029223203659058,0.0
2026-02-02 05:00:00,1.1232686042785645,0.0
2026-02-02 05:15:00,1.119732141494751,0.0
2026-02-02 05:30:00,1.116087555885315,0.0
2026-02-02 05:45:00,1.101933479309082,0.0
2026-02-02 06:00:00,1.1171730756759644,0.0
2026-02-02 06:15:00,1.1211321353912354,0.0
2026-02-02 06:30:00,1.1117610931396484,0.0
2026-02-02 06:45:00,1.0974379777908325,0.0
2026-02-02 07:00:00,1.1216938495635986,0.0
2026-02-02 07:15:00,1.1204533576965332,0.0
2026-02-02 07:30:00,1.1111384630203247,0.0
2026-02-02 07:45:00,1.0997519493103027,0.0
2026-02-02 08:00:00,1.0841374397277832,0.0
2026-02-02 08:15:00,1.0792911052703857,0.0
2026-02-02 08:30:00,1.0650771856307983,0.0
2026-02-02 08:45:00,1.0377408266067505,0.0
2026-02-02 09:00:00,0.9830004572868347,0.0
2026-02-02 09:15:00,0.9201498627662659,0.0
2026-02-02 09:30:00,0.8508843779563904,0.0
2026-02-02 09:45:00,0.7488239407539368,0.0
2026-02-02 10:00:00,0.5760931372642517,0.0
2026-02-02 10:15:00,0.4223203659057617,0.0
2026-02-02 10:30:00,0.31145548820495605,0.0
2026-02-02 10:45:00,0.22903700172901154,0.0
2026-02-02 11:00:00,0.17339308559894562,0.0
2026-02-02 11:15:00,0.11818139255046844,0.0
2026-02-02 11:30:00,0.09051648527383804,0.0
2026-02-02 11:45:00,0.08375467360019684,0.0
2026-02-02 12:00:00,0.07623469084501266,0.0
2026-02-02 12:15:00,0.06394556164741516,-1000.0
2026-02-02 12:30:00,0.0601641871035099,-1000.0
2026-02-02 12:45:00,0.06026562675833702,-1000.0
2026-02-02 13:00:00,0.05600542575120926,-1000.0
2026-02-02 13:15:00,0.054015450179576874,-1000.0
2026-02-02 13:30:00,0.05526525154709816,-1000.0
2026-02-02 13:45:00,0.059075914323329926,-1000.0
2026-02-02 14:00:00,0.05553537979722023,-1000.0
2026-02-02 14:15:00,0.055305808782577515,0.0
2026-02-02 14:30:00,0.058021076023578644,0.0
2026-02-02 14:45:00,0.06464109569787979,0.0
2026-02-02 15:00:00,0.06363766640424728,0.0
2026-02-02 15:15:00,0.0668642669916153,0.0
2026-02-02 15:30:00,0.07422474026679993,0.0
2026-02-02 15:45:00,0.09282946586608887,0.0
2026-02-02 16:00:00,0.120903879404068,0.0
2026-02-02 16:15:00,0.16013795137405396,0.0
2026-02-02 16:30:00,0.2847970128059387,0.0
2026-02-02 16:45:00,0.5833073258399963,0.0
2026-02-02 17:00:00,0.7491938471794128,0.0
2026-02-02 17:15:00,0.9300371408462524,0.0
2026-02-02 17:30:00,1.0651097297668457,0.0
2026-02-02 17:45:00,1.157715082168579,1000.0
2026-02-02 18:00:00,1.1523144245147705,1000.0
2026-02-02 18:15:00,1.1809810400009155,1000.0
2026-02-02 18:30:00,1.2047755718231201,1000.0
2026-02-02 18:45:00,1.221297025680542,1000.0
2026-02-02 19:00:00,1.1407541036605835,1000.0
2026-02-02 19:15:00,1.0911755561828613,1000.0
2026-02-02 19:30:00,1.0620746612548828,1000.0
2026-02-02 19:45:00,1.0479880571365356,0.0
2026-02-02 20:00:00,0.951251208782196,0.0
2026-02-02 20:15:00,0.8899595141410828,0.0
2026-02-02 20:30:00,0.8561100363731384,0.0
2026-02-02 20:45:00,0.8332576155662537,0.0
2026-02-02 21:00:00,0.7253099083900452,0.0
2026-02-02 21:15:00,0.6552540063858032,0.0
2026-02-02 21:30:00,0.6105470657348633,0.0
2026-02-02 21:45:00,0.5863224267959595,0.0
2026-02-02 22:00:00,0.5110908150672913,0.0
2026-02-02 22:15:00,0.45643746852874756,0.0
2026-02-02 22:30:00,0.4152645468711853,0.0
2026-02-02 22:45:00,0.3807564973831177,0.0
2026-02-02 23:00:00,0.30671536922454834,0.0
2026-02-02 23:15:00,0.24310080707073212,0.0
2026-02-02 23:30:00,0.2037622481584549,0.0
2026-02-02 23:45:00,0.19234466552734375,0.0
2026-02-03 00:00:00,0.16192848980426788,0.0
2026-02-03 00:15:00,0.15855270624160767,0.0
2026-02-03 00:30:00,0.16264380514621735,0.0
2026-02-03 00:45:00,0.16842100024223328,0.0
2026-02-03 01:00:00,0.15727980434894562,0.0
2026-02-03 01:15:00,0.15231862664222717,0.0
2026-02-03 01:30:00,0.1539699286222458,0.0
2026-02-03 01:45:00,0.15907418727874756,0.0
2026-02-03 02:00:00,0.14563407003879547,0.0
2026-02-03 02:15:00,0.14396320283412933,0.0
2026-02-03 02:30:00,0.14871159195899963,0.0
2026-02-03 02:45:00,0.15434035658836365,0.0
2026-02-03 03:00:00,0.13659000396728516,0.0
2026-02-03 03:15:00,0.131758451461792,0.0
2026-02-03 03:30:00,0.13301682472229004,0.0
2026-02-03 03:45:00,0.1364184468984604,0.0
2026-02-03 04:00:00,0.11741264909505844,0.0
2026-02-03 04:15:00,0.11073877662420273,0.0
2026-02-03 04:30:00,0.10923851281404495,0.0
2026-02-03 04:45:00,0.11531232297420502,0.0
2026-02-03 05:00:00,0.09808245301246643,0.0
2026-02-03 05:15:00,0.09125068783760071,0.0
2026-02-03 05:30:00,0.09955389052629471,0.0
2026-02-03 05:45:00,0.12111188471317291,0.0
2026-02-03 06:00:00,0.11456657946109772,0.0
2026-02-03 06:15:00,0.11555961519479752,0.0
2026-02-03 06:30:00,0.12519681453704834,0.0
2026-02-03 06:45:00,0.16024796664714813,0.0
2026-02-03 07:00:00,0.1721361130475998,0.0
2026-02-03 07:15:00,0.1833122968673706,0.0
2026-02-03 07:30:00,0.200474351644516,0.0
2026-02-03 07:45:00,0.2088358998298645,0.0
2026-02-03 08:00:00,0.20360015332698822,0.0
2026-02-03 08:15:00,0.1769123077392578,0.0
2026-02-03 08:30:00,0.15273497998714447,0.0
2026-02-03 08:45:00,0.14737099409103394,0.0
2026-02-03 09:00:00,0.10596423596143723,0.0
2026-02-03 09:15:00,0.07195699214935303,0.0
2026-02-03 09:30:00,0.051311787217855453,0.0
2026-02-03 09:45:00,0.03916797786951065,0.0
2026-02-03 10:00:00,0.023194272071123123,0.0
2026-02-03 10:15:00,0.009339731186628342,0.0
2026-02-03 10:30:00,0.003520868718624115,0.0
2026-02-03 10:45:00,0.001467578113079071,0.0
2026-02-03 11:00:00,-0.015329450368881226,0.0
2026-02-03 11:15:00,-0.029301442205905914,0.0
2026-02-03 11:30:00,-0.03166257590055466,0.0
2026-02-03 11:45:00,-0.03342008590698242,0.0
2026-02-03 12:00:00,-0.04453065246343613,-1000.0
2026-02-03 12:15:00,-0.05190691351890564,-1000.0
2026-02-03 12:30:00,-0.05511447787284851,-1000.0
2026-02-03 12:45:00,-0.05450725555419922,-1000.0
2026-02-03 13:00:00,-0.055603161454200745,-1000.0
2026-02-03 13:15:00,-0.05666293203830719,-1000.0
2026-02-03 13:30:00,-0.05556361377239227,-1000.0
2026-02-03 13:45:00,-0.05178427696228027,-1000.0
2026-02-03 14:00:00,-0.05349107086658478,0.0
2026-02-03 14:15:00,-0.05510193109512329,0.0
2026-02-03 14:30:00,-0.053682439029216766,0.0
2026-02-03 14:45:00,-0.04620303958654404,0.0
2026-02-03 15:00:00,-0.051599226891994476,0.0
2026-02-03 15:15:00,-0.054317936301231384,0.0
2026-02-03 15:30:00,-0.042817145586013794,0.0
2026-02-03 15:45:00,-0.029226675629615784,0.0
2026-02-03 16:00:00,-0.030130237340927124,0.0
2026-02-03 16:15:00,-0.020074903964996338,0.0
2026-02-03 16:30:00,-0.0006715953350067139,0.0
2026-02-03 16:45:00,0.03925660625100136,0.0
2026-02-03 17:00:00,0.052532512694597244,0.0
2026-02-03 17:15:00,0.1110391616821289,0.0
2026-02-03 17:30:00,0.257926881313324,0.0
2026-02-03 17:45:00,0.40548861026763916,0.0
2026-02-03 18:00:00,0.45289355516433716,0.0
2026-02-03 18:15:00,0.5435885787010193,1000.0
2026-02-03 18:30:00,0.6338381171226501,1000.0
2026-02-03 18:45:00,0.6896043419837952,1000.0
2026-02-03 19:00:00,0.6307696104049683,1000.0
2026-02-03 19:15:00,0.6177447438240051,1000.0
2026-02-03 19:30:00,0.616839587688446,1000.0
2026-02-03 19:45:00,0.6241579055786133,1000.0
2026-02-03 20:00:00,0.5483169555664062,1000.0
2026-02-03 20:15:00,0.5201190114021301,0.0
2026-02-03 20:30:00,0.5141109824180603,0.0
2026-02-03 20:45:00,0.5143292546272278,0.0
2026-02-03 21:00:00,0.45474010705947876,0.0
2026-02-03 21:15:00,0.4150053858757019,0.0
2026-02-03 21:30:00,0.389731764793396,0.0
2026-02-03 21:45:00,0.3735119700431824,0.0
2026-02-03 22:00:00,0.3102739751338959,0.0
2026-02-03 22:15:00,0.27457377314567566,0.0
2026-02-03 22:30:00,0.24314627051353455,0.0
2026-02-03 22:45:00,0.2241627722978592,0.0
2026-02-03 23:00:00,0.17738786339759827,0.0
2026-02-03 23:15:00,0.1418634057044983,0.0
2026-02-03 23:30:00,0.12523949146270752,0.0
2026-02-03 23:45:00,0.14658257365226746,0.0
2026-02-04 00:00:00,0.14519807696342468,0.0
2026-02-04 00:15:00,0.16572165489196777,0.0
2026-02-04 00:30:00,0.18744605779647827,0.0
2026-02-04 00:45:00,0.19758854806423187,0.0
2026-02-04 01:00:00,0.1940740942955017,0.0
2026-02-04 01:15:00,0.18424703180789948,0.0
2026-02-04 01:30:00,0.1817711591720581,0.0
2026-02-04 01:45:00,0.1861565113067627,0.0
2026-02-04 02:00:00,0.17617841064929962,0.0
2026-02-04 02:15:00,0.16931194067001343,0.0
2026-02-04 02:30:00,0.16390426456928253,0.0
2026-02-04 02:45:00,0.17084908485412598,0.0
2026-02-04 03:00:00,0.1626463234424591,0.0
2026-02-04 03:15:00,0.15071246027946472,0.0
2026-02-04 03:30:00,0.15062427520751953,0.0
2026-02-04 03:45:00,0.16806799173355103,0.0
2026-02-04 04:00:00,0.1609054058790207,0.0
2026-02-04 04:15:00,0.1559758484363556,0.0
2026-02-04 04:30:00,0.1632326990365982,0.0
2026-02-04 04:45:00,0.17800292372703552,0.0
2026-02-04 05:00:00,0.16246536374092102,0.0
2026-02-04 05:15:00,0.13896484673023224,0.0
2026-02-04 05:30:00,0.13135452568531036,0.0
2026-02-04 05:45:00,0.1382601112127304,0.0
2026-02-04 06:00:00,0.11798996478319168,0.0
2026-02-04 06:15:00,0.1038939356803894,0.0
2026-02-04 06:30:00,0.09809161722660065,0.0
2026-02-04 06:45:00,0.10504422336816788,0.0
2026-02-04 07:00:00,0.11265739053487778,0.0
2026-02-04 07:15:00,0.10451440513134003,0.0
2026-02-04 07:30:00,0.09773294627666473,0.0
2026-02-04 07:45:00,0.11194868385791779,0.0
2026-02-04 08:00:00,0.1155920997262001,0.0
2026-02-04 08:15:00,0.09668921679258347,0.0
2026-02-04 08:30:00,0.08299162983894348,0.0
2026-02-04 08:45:00,0.06911301612854004,0.0
2026-02-04 09:00:00,0.03634851425886154,0.0
2026-02-04 09:15:00,0.009450197219848633,0.0
2026-02-04 09:30:00,-0.002863660454750061,0.0
2026-02-04 09:45:00,-0.008020244538784027,0.0
2026-02-04 10:00:00,-0.03166875243186951,0.0
2026-02-04 10:15:00,-0.048517100512981415,0.0
2026-02-04 10:30:00,-0.05895969271659851,0.0
2026-02-04 10:45:00,-0.062092527747154236,0.0
2026-02-04 11:00:00,-0.06543810665607452,0.0
2026-02-04 11:15:00,-0.06970253586769104,0.0
2026-02-04 11:30:00,-0.07309189438819885,-1000.0
2026-02-04 11:45:00,-0.07296580076217651,-1000.0
2026-02-04 12:00:00,-0.07355262339115143,-1000.0
2026-02-04 12:15:00,-0.07529118657112122,-1000.0
2026-02-04 12:30:00,-0.07667452096939087,-1000.0
2026-02-04 12:45:00,-0.07424977421760559,-1000.0
2026-02-04 13:00:00,-0.07316936552524567,-1000.0
2026-02-04 13:15:00,-0.07444946467876434,-1000.0
2026-02-04 13:30:00,-0.07381701469421387,0.0
2026-02-04 13:45:00,-0.06964753568172455,0.0
2026-02-04 14:00:00,-0.06943106651306152,0.0
2026-02-04 14:15:00,-0.07119621336460114,0.0
2026-02-04 14:30:00,-0.06777268648147583,0.0
2026-02-04 14:45:00,-0.06583638489246368,0.0
2026-02-04 15:00:00,-0.06681878864765167,0.0
2026-02-04 15:15:00,-0.06732779741287231,0.0
2026-02-04 15:30:00,-0.06360860168933868,0.0
2026-02-04 15:45:00,-0.05330449342727661,0.0
2026-02-04 16:00:00,-0.055575743317604065,0.0
2026-02-04 16:15:00,-0.05337253212928772,0.0
2026-02-04 16:30:00,-0.03422486037015915,0.0
2026-02-04 16:45:00,0.005828656256198883,0.0
2026-02-04 17:00:00,0.03538269177079201,0.0
2026-02-04 17:15:00,0.05644897371530533,0.0
2026-02-04 17:30:00,0.09336557239294052,0.0
2026-02-04 17:45:00,0.2501800060272217,0.0
2026-02-04 18:00:00,0.314279168844223,0.0
2026-02-04 18:15:00,0.44984835386276245,0.0
2026-02-04 18:30:00,0.5586820244789124,0.0
2026-02-04 18:45:00,0.6507962346076965,0.0
2026-02-04 19:00:00,0.6313741207122803,0.0
2026-02-04 19:15:00,0.6496791839599609,0.0
2026-02-04 19:30:00,0.6966975331306458,0.0
2026-02-04 19:45:00,0.74460768699646,0.0
2026-02-04 20:00:00,0.7111158967018127,0.0
2026-02-04 20:15:00,0.7190618515014648,0.0
2026-02-04 20:30:00,0.7514107823371887,0.0
2026-02-04 20:45:00,0.7909260392189026,0.0
2026-02-04 21:00:00,0.7598528265953064,0.0
2026-02-04 21:15:00,0.7532564997673035,0.0
2026-02-04 21:30:00,0.7665624022483826,0.0
2026-02-04 21:45:00,0.79817795753479,0.0
2026-02-04 22:00:00,0.7710204720497131,1000.0
2026-02-04 22:15:00,0.7659226059913635,1000.0
2026-02-04 22:30:00,0.7779781818389893,1000.0
2026-02-04 22:45:00,0.7769262790679932,1000.0
2026-02-04 23:00:00,0.7081583738327026,1000.0
2026-02-04 23:15:00,0.6824011206626892,1000.0
2026-02-04 23:30:00,0.6627913117408752,1000.0
2026-02-04 23:45:00,0.6899374723434448,1000.0
2026-02-05 00:00:00,0.7682802081108093,0.0
2026-02-05 00:15:00,0.7747860550880432,0.0
2026-02-05 00:30:00,0.8109486699104309,0.0
2026-02-05 00:45:00,0.8516623377799988,0.0
2026-02-05 01:00:00,0.8296329379081726,0.0
2026-02-05 01:15:00,0.8296739459037781,0.0
2026-02-05 01:30:00,0.8438388705253601,0.0
2026-02-05 01:45:00,0.8562962412834167,0.0
2026-02-05 02:00:00,0.856720507144928,0.0
2026-02-05 02:15:00,0.8457891345024109,0.0
2026-02-05 02:30:00,0.8458220362663269,0.0
2026-02-05 02:45:00,0.843619704246521,0.0
2026-02-05 03:00:00,0.8521276116371155,0.0
2026-02-05 03:15:00,0.8493484854698181,0.0
2026-02-05 03:30:00,0.838097870349884,0.0
2026-02-05 03:45:00,0.8340941071510315,0.0
2026-02-05 04:00:00,0.8567249774932861,0.0
2026-02-05 04:15:00,0.8523100018501282,0.0
2026-02-05 04:30:00,0.8410292267799377,0.0
2026-02-05 04:45:00,0.8379195928573608,0.0
2026-02-05 05:00:00,0.8576611876487732,0.0
2026-02-05 05:15:00,0.8516372442245483,0.0
2026-02-05 05:30:00,0.8492799997329712,0.0
2026-02-05 05:45:00,0.8575772643089294,0.0
2026-02-05 06:00:00,0.8792250752449036,0.0
2026-02-05 06:15:00,0.8899457454681396,0.0
2026-02-05 06:30:00,0.9056684374809265,0.0
2026-02-05 06:45:00,0.9212373495101929,0.0
2026-02-05 07:00:00,0.9364661574363708,0.0
2026-02-05 07:15:00,0.9499825835227966,0.0
2026-02-05 07:30:00,0.9666935205459595,0.0
2026-02-05 07:45:00,0.9831729531288147,0.0
2026-02-05 08:00:00,0.9900729060173035,0.0
2026-02-05 08:15:00,0.9984867572784424,0.0
2026-02-05 08:30:00,0.9988572001457214,0.0
2026-02-05 08:45:00,0.9868860840797424,0.0
2026-02-05 09:00:00,0.9415890574455261,0.0
2026-02-05 09:15:00,0.9028056263923645,0.0
2026-02-05 09:30:00,0.8521530628204346,0.0
2026-02-05 09:45:00,0.7887791991233826,0.0
2026-02-05 10:00:00,0.6588032841682434,0.0
2026-02-05 10:15:00,0.542892575263977,0.0
2026-02-05 10:30:00,0.45496654510498047,0.0
2026-02-05 10:45:00,0.38948869705200195,0.0
2026-02-05 11:00:00,0.29386642575263977,0.0
2026-02-05 11:15:00,0.2253578156232834,0.0
2026-02-05 11:30:00,0.17625446617603302,0.0
2026-02-05 11:45:00,0.1474265605211258,0.0
2026-02-05 12:00:00,0.11954917013645172,0.0
2026-02-05 12:15:00,0.09931854903697968,0.0
2026-02-05 12:30:00,0.0918092131614685,0.0
2026-02-05 12:45:00,0.09033890068531036,0.0
2026-02-05 13:00:00,0.08417648077011108,-1000.0
2026-02-05 13:15:00,0.080994613468647,-1000.0
2026-02-05 13:30:00,0.07962474226951599,-1000.0
2026-02-05 13:45:00,0.08110010623931885,-1000.0
2026-02-05 14:00:00,0.07925811409950256,-1000.0
2026-02-05 14:15:00,0.07857964187860489,-1000.0
2026-02-05 14:30:00,0.07824169844388962,-1000.0
2026-02-05 14:45:00,0.0858239233493805,-1000.0
2026-02-05 15:00:00,0.09404624998569489,0.0
2026-02-05 15:15:00,0.10501673072576523,0.0
2026-02-05 15:30:00,0.12690222263336182,0.0
2026-02-05 15:45:00,0.17758730053901672,0.0
2026-02-05 16:00:00,0.20661908388137817,0.0
2026-02-05 16:15:00,0.27721452713012695,0.0
2026-02-05 16:30:00,0.45448219776153564,0.0
2026-02-05 16:45:00,0.7064258456230164,0.0
2026-02-05 17:00:00,0.8241170048713684,0.0
2026-02-05 17:15:00,0.9704236388206482,0.0
2026-02-05 17:30:00,1.1202540397644043,0.0
2026-02-05 17:45:00,1.289116382598877,0.0
2026-02-05 18:00:00,1.331755518913269,0.0
2026-02-05 18:15:00,1.4099273681640625,1000.0
2026-02-05 18:30:00,1.4751466512680054,1000.0
2026-02-05 18:45:00,1.5244203805923462,1000.0
2026-02-05 19:00:00,1.4833498001098633,1000.0
2026-02-05 19:15:00,1.4814921617507935,1000.0
2026-02-05 19:30:00,1.4992483854293823,1000.0
2026-02-05 19:45:00,1.5279113054275513,1000.0
2026-02-05 20:00:00,1.482619285583496,1000.0
2026-02-05 20:15:00,1.4745888710021973,0.0
2026-02-05 20:30:00,1.4910194873809814,0.0
2026-02-05 20:45:00,1.5230603218078613,0.0
2026-02-05 21:00:00,1.473869800567627,0.0
2026-02-05 21:15:00,1.4622869491577148,0.0
2026-02-05 21:30:00,1.478274941444397,0.0
2026-02-05 21:45:00,1.520410180091858,0.0
2026-02-05 22:00:00,1.4730658531188965,0.0
2026-02-05 22:15:00,1.455754041671753,0.0
2026-02-05 22:30:00,1.474027156829834,0.0
2026-02-05 22:45:00,1.5052821636199951,0.0
2026-02-05 23:00:00,1.440924882888794,0.0
2026-02-05 23:15:00,1.4215692281723022,0.0
2026-02-05 23:30:00,1.4327967166900635,0.0
2026-02-05 23:45:00,1.4506690502166748,0.0
2026-02-06 00:00:00,1.6123907566070557,0.0
2026-02-06 00:15:00,1.6808724403381348,0.0
2026-02-06 00:30:00,1.692413568496704,0.0
2026-02-06 00:45:00,1.6760094165802002,0.0
2026-02-06 01:00:00,1.7252779006958008,0.0
2026-02-06 01:15:00,1.7317824363708496,0.0
2026-02-06 01:30:00,1.7136900424957275,0.0
2026-02-06 01:45:00,1.6766443252563477,0.0
2026-02-06 02:00:00,1.7009379863739014,0.0
2026-02-06 02:15:00,1.6954028606414795,0.0
2026-02-06 02:30:00,1.6757532358169556,0.0
2026-02-06 02:45:00,1.6366548538208008,0.0
2026-02-06 03:00:00,1.6470658779144287,0.0
2026-02-06 03:15:00,1.6339902877807617,0.0
2026-02-06 03:30:00,1.6071419715881348,0.0
2026-02-06 03:45:00,1.571554183959961,0.0
2026-02-06 04:00:00,1.5754953622817993,0.0
2026-02-06 04:15:00,1.5680081844329834,0.0
2026-02-06 04:30:00,1.544196367263794,0.0
2026-02-06 04:45:00,1.5136480331420898,0.0
2026-02-06 05:00:00,1.5183987617492676,0.0
2026-02-06 05:15:00,1.5191919803619385,0.0
2026-02-06 05:30:00,1.5060665607452393,0.0
2026-02-06 05:45:00,1.4847661256790161,0.0
2026-02-06 06:00:00,1.489795207977295,0.0
2026-02-06 06:15:00,1.4940953254699707,0.0
2026-02-06 06:30:00,1.4930579662322998,0.0
2026-02-06 06:45:00,1.481295108795166,0.0
2026-02-06 07:00:00,1.4869506359100342,0.0
2026-02-06 07:15:00,1.4865459203720093,0.0
2026-02-06 07:30:00,1.4965178966522217,0.0
2026-02-06 07:45:00,1.4991209506988525,0.0
2026-02-06 08:00:00,1.5147156715393066,0.0
2026-02-06 08:15:00,1.5161192417144775,0.0
2026-02-06 08:30:00,1.5240018367767334,0.0
2026-02-06 08:45:00,1.5159850120544434,0.0
2026-02-06 09:00:00,1.49298095703125,0.0
2026-02-06 09:15:00,1.4668982028961182,0.0
2026-02-06 09:30:00,1.4260938167572021,0.0
2026-02-06 09:45:00,1.3701032400131226,0.0
2026-02-06 10:00:00,1.2624921798706055,0.0
2026-02-06 10:15:00,1.1892554759979248,0.0
2026-02-06 10:30:00,1.1198612451553345,0.0
2026-02-06 10:45:00,1.0437731742858887,0.0
2026-02-06 11:00:00,0.9160147905349731,0.0
2026-02-06 11:15:00,0.8168001770973206,0.0
2026-02-06 11:30:00,0.7417475581169128,0.0
2026-02-06 11:45:00,0.6925809979438782,0.0
2026-02-06 12:00:00,0.559462308883667,0.0
2026-02-06 12:15:00,0.4694187045097351,0.0
2026-02-06 12:30:00,0.41234010457992554,0.0
2026-02-06 12:45:00,0.388411283493042,0.0
2026-02-06 13:00:00,0.32558512687683105,0.0
2026-02-06 13:15:00,0.287334144115448,0.0
2026-02-06 13:30:00,0.2673797607421875,0.0
2026-02-06 13:45:00,0.26663604378700256,-1000.0
2026-02-06 14:00:00,0.2259543091058731,-1000.0
2026-02-06 14:15:00,0.20836272835731506,-1000.0
2026-02-06 14:30:00,0.20215493440628052,-1000.0
2026-02-06 14:45:00,0.2168206125497818,-1000.0
2026-02-06 15:00:00,0.20312875509262085,-1000.0
2026-02-06 15:15:00,0.20850007236003876,-1000.0
2026-02-06 15:30:00,0.23378437757492065,-1000.0
2026-02-06 15:45:00,0.2968785762786865,0.0
2026-02-06 16:00:00,0.2938000559806824,0.0
2026-02-06 16:15:00,0.33620065450668335,0.0
2026-02-06 16:30:00,0.4855659604072571,0.0
2026-02-06 16:45:00,0.694462776184082,0.0
2026-02-06 17:00:00,0.7962334156036377,0.0
2026-02-06 17:15:00,0.9215458631515503,0.0
2026-02-06 17:30:00,1.042332649230957,0.0
2026-02-06 17:45:00,1.15191650390625,1000.0
2026-02-06 18:00:00,1.1469943523406982,1000.0
2026-02-06 18:15:00,1.1874425411224365,1000.0
2026-02-06 18:30:00,1.2332342863082886,1000.0
2026-02-06 18:45:00,1.2547986507415771,1000.0
2026-02-06 19:00:00,1.1515216827392578,1000.0
2026-02-06 19:15:00,1.1109962463378906,1000.0
2026-02-06 19:30:00,1.094867467880249,1000.0
2026-02-06 19:45:00,1.09138822555542,0.0
2026-02-06 20:00:00,1.0081716775894165,0.0
2026-02-06 20:15:00,0.9574113488197327,0.0
2026-02-06 20:30:00,0.9270289540290833,0.0
2026-02-06 20:45:00,0.914137065410614,0.0
2026-02-06 21:00:00,0.8108705878257751,0.0
2026-02-06 21:15:00,0.7367351651191711,0.0
2026-02-06 21:30:00,0.6952240467071533,0.0
2026-02-06 21:45:00,0.6736356019973755,0.0
2026-02-06 22:00:00,0.5685612559318542,0.0
2026-02-06 22:15:00,0.5192380547523499,0.0
2026-02-06 22:30:00,0.4906275272369385,0.0
2026-02-06 22:45:00,0.4669334292411804,0.0
2026-02-06 23:00:00,0.40322697162628174,0.0
2026-02-06 23:15:00,0.35029804706573486,0.0
2026-02-06 23:30:00,0.31501340866088867,0.0
2026-02-06 23:45:00,0.29340440034866333,0.0
2026-02-07 00:00:00,0.23105309903621674,0.0
2026-02-07 00:15:00,0.2184285968542099,0.0
2026-02-07 00:30:00,0.2079070657491684,0.0
2026-02-07 00:45:00,0.21551206707954407,0.0
2026-02-07 01:00:00,0.19471052289009094,0.0
2026-02-07 01:15:00,0.1797938346862793,0.0
2026-02-07 01:30:00,0.1591634452342987,0.0
2026-02-07 01:45:00,0.15448525547981262,0.0
2026-02-07 02:00:00,0.13745424151420593,0.0
2026-02-07 02:15:00,0.13081246614456177,0.0
2026-02-07 02:30:00,0.11771540343761444,0.0
2026-02-07 02:45:00,0.10853983461856842,0.0
2026-02-07 03:00:00,0.11794896423816681,0.0
2026-02-07 03:15:00,0.11143182963132858,0.0
2026-02-07 03:30:00,0.1007167249917984,0.0
2026-02-07 03:45:00,0.089447021484375,0.0
2026-02-07 04:00:00,0.08466378599405289,0.0
2026-02-07 04:15:00,0.07293959707021713,0.0
2026-02-07 04:30:00,0.0688900500535965,0.0
2026-02-07 04:45:00,0.07093530893325806,0.0
2026-02-07 05:00:00,0.07058580964803696,0.0
2026-02-07 05:15:00,0.06022375077009201,0.0
2026-02-07 05:30:00,0.0557098388671875,0.0
2026-02-07 05:45:00,0.056078605353832245,0.0
2026-02-07 06:00:00,0.05940301716327667,0.0
2026-02-07 06:15:00,0.0526001900434494,0.0
2026-02-07 06:30:00,0.05213836953043938,0.0
2026-02-07 06:45:00,0.055309783667325974,0.0
2026-02-07 07:00:00,0.05447649955749512,0.0
2026-02-07 07:15:00,0.053542111068964005,0.0
2026-02-07 07:30:00,0.05379554629325867,0.0
2026-02-07 07:45:00,0.0537494495511055,0.0
2026-02-07 08:00:00,0.05490429699420929,0.0
2026-02-07 08:15:00,0.04621518403291702,0.0
2026-02-07 08:30:00,0.036091070622205734,0.0
2026-02-07 08:45:00,0.02510225772857666,0.0
2026-02-07 09:00:00,0.009449519217014313,0.0
2026-02-07 09:15:00,-0.0034808069467544556,0.0
2026-02-07 09:30:00,-0.021337151527404785,0.0
2026-02-07 09:45:00,-0.0346844419836998,0.0
2026-02-07 10:00:00,-0.04059740900993347,0.0
2026-02-07 10:15:00,-0.04840785264968872,0.0
2026-02-07 10:30:00,-0.05517449975013733,0.0
2026-02-07 10:45:00,-0.05980478227138519,0.0
2026-02-07 11:00:00,-0.05708347260951996,0.0
2026-02-07 11:15:00,-0.05869102478027344,0.0
2026-02-07 11:30:00,-0.060966506600379944,-1000.0
2026-02-07 11:45:00,-0.06217510998249054,-1000.0
2026-02-07 12:00:00,-0.057428404688835144,-1000.0
2026-02-07 12:15:00,-0.057281479239463806,-1000.0
2026-02-07 12:30:00,-0.058535367250442505,-1000.0
2026-02-07 12:45:00,-0.05849890410900116,-1000.0
2026-02-07 13:00:00,-0.05303884297609329,-1000.0
2026-02-07 13:15:00,-0.05206926912069321,-1000.0
2026-02-07 13:30:00,-0.052338048815727234,0.0
2026-02-07 13:45:00,-0.05282615125179291,0.0
2026-02-07 14:00:00,-0.04842441529035568,0.0
2026-02-07 14:15:00,-0.04823583364486694,0.0
2026-02-07 14:30:00,-0.04823974519968033,0.0
2026-02-07 14:45:00,-0.047360725700855255,0.0
2026-02-07 15:00:00,-0.04329763352870941,0.0
2026-02-07 15:15:00,-0.041912466287612915,0.0
2026-02-07 15:30:00,-0.03746194392442703,0.0
2026-02-07 15:45:00,-0.03198448568582535,0.0
2026-02-07 16:00:00,-0.026947110891342163,0.0
2026-02-07 16:15:00,-0.01801314949989319,0.0
2026-02-07 16:30:00,0.0038019120693206787,0.0
2026-02-07 16:45:00,0.048770710825920105,0.0
2026-02-07 17:00:00,0.07368207722902298,0.0
2026-02-07 17:15:00,0.13599751889705658,0.0
2026-02-07 17:30:00,0.34409427642822266,0.0
2026-02-07 17:45:00,0.6337006092071533,0.0
2026-02-07 18:00:00,0.7501706480979919,0.0
2026-02-07 18:15:00,0.8947760462760925,1000.0
2026-02-07 18:30:00,1.0213019847869873,1000.0
2026-02-07 18:45:00,1.104496955871582,1000.0
2026-02-07 19:00:00,1.0601173639297485,1000.0
2026-02-07 19:15:00,1.060927391052246,1000.0
2026-02-07 19:30:00,1.0790324211120605,1000.0
2026-02-07 19:45:00,1.1061843633651733,1000.0
2026-02-07 20:00:00,1.053808569908142,1000.0
2026-02-07 20:15:00,1.0308911800384521,0.0
2026-02-07 20:30:00,1.038578748703003,0.0
2026-02-07 20:45:00,1.0594019889831543,0.0
2026-02-07 21:00:00,0.976683497428894,0.0
2026-02-07 21:15:00,0.9386643767356873,0.0
2026-02-07 21:30:00,0.9372053742408752,0.0
2026-02-07 21:45:00,0.9600308537483215,0.0
2026-02-07 22:00:00,0.8540101051330566,0.0
2026-02-07 22:15:00,0.8188181519508362,0.0
2026-02-07 22:30:00,0.8141391277313232,0.0
2026-02-07 22:45:00,0.8213197588920593,0.0
2026-02-07 23:00:00,0.696836531162262,0.0
2026-02-07 23:15:00,0.631536602973938,0.0
2026-02-07 23:30:00,0.6080678105354309,0.0
2026-02-07 23:45:00,0.6101794838905334,0.0
2026-02-08 00:00:00,0.6611077785491943,0.0
2026-02-08 00:15:00,0.6944002509117126,0.0
2026-02-08 00:30:00,0.6979947686195374,0.0
2026-02-08 00:45:00,0.7062287330627441,0.0
2026-02-08 01:00:00,0.6872608065605164,0.0
2026-02-08 01:15:00,0.6927343010902405,0.0
2026-02-08 01:30:00,0.6980811357498169,0.0
2026-02-08 01:45:00,0.7020159959793091,0.0
2026-02-08 02:00:00,0.6708723902702332,0.0
2026-02-08 02:15:00,0.6617957949638367,0.0
2026-02-08 02:30:00,0.6624160408973694,0.0
2026-02-08 02:45:00,0.6690998673439026,0.0
2026-02-08 03:00:00,0.6214820742607117,0.0
2026-02-08 03:15:00,0.608805239200592,0.0
2026-02-08 03:30:00,0.6131734848022461,0.0
2026-02-08 03:45:00,0.6285891532897949,0.0
2026-02-08 04:00:00,0.5862855911254883,0.0
2026-02-08 04:15:00,0.5681210160255432,0.0
2026-02-08 04:30:00,0.570377767086029,0.0
2026-02-08 04:45:00,0.5727314949035645,0.0
2026-02-08 05:00:00,0.5344045758247375,0.0
2026-02-08 05:15:00,0.5357241034507751,0.0
2026-02-08 05:30:00,0.5452246069908142,0.0
2026-02-08 05:45:00,0.5503112077713013,0.0
2026-02-08 06:00:00,0.5255689024925232,0.0
2026-02-08 06:15:00,0.525546669960022,0.0
2026-02-08 06:30:00,0.5168041586875916,0.0
2026-02-08 06:45:00,0.522619903087616,0.0
2026-02-08 07:00:00,0.48899394273757935,0.0
2026-02-08 07:15:00,0.47948020696640015,0.0
2026-02-08 07:30:00,0.47426837682724,0.0
2026-02-08 07:45:00,0.48893702030181885,0.0
2026-02-08 08:00:00,0.46253103017807007,0.0
2026-02-08 08:15:00,0.43493926525115967,0.0
2026-02-08 08:30:00,0.3878099322319031,0.0
2026-02-08 08:45:00,0.31965285539627075,0.0
2026-02-08 09:00:00,0.21677939593791962,0.0
2026-02-08 09:15:00,0.11189004778862,0.0
2026-02-08 09:30:00,0.04883885011076927,0.0
2026-02-08 09:45:00,0.01894429326057434,0.0
2026-02-08 10:00:00,0.008618369698524475,0.0
2026-02-08 10:15:00,-0.0022097453474998474,0.0
2026-02-08 10:30:00,-0.01757035404443741,0.0
2026-02-08 10:45:00,-0.025360122323036194,0.0
2026-02-08 11:00:00,-0.02739138901233673,0.0
2026-02-08 11:15:00,-0.03186102956533432,0.0
2026-02-08 11:30:00,-0.035171642899513245,-1000.0
2026-02-08 11:45:00,-0.03657852113246918,-1000.0
2026-02-08 12:00:00,-0.03355152904987335,-1000.0
2026-02-08 12:15:00,-0.03420140594244003,-1000.0
2026-02-08 12:30:00,-0.036121733486652374,-1000.0
2026-02-08 12:45:00,-0.03646724671125412,-1000.0
2026-02-08 13:00:00,-0.03193781524896622,-1000.0
2026-02-08 13:15:00,-0.031233742833137512,-1000.0
2026-02-08 13:30:00,-0.03171776980161667,0.0
2026-02-08 13:45:00,-0.030624359846115112,0.0
2026-02-08 14:00:00,-0.026369772851467133,0.0
2026-02-08 14:15:00,-0.025381281971931458,0.0
2026-02-08 14:30:00,-0.02442125976085663,0.0
2026-02-08 14:45:00,-0.02195870876312256,0.0
2026-02-08 15:00:00,-0.019226200878620148,0.0
2026-02-08 15:15:00,-0.01703418791294098,0.0
2026-02-08 15:30:00,-0.012430556118488312,0.0
2026-02-08 15:45:00,-0.004256218671798706,0.0
2026-02-08 16:00:00,0.00046624988317489624,0.0
2026-02-08 16:15:00,0.008423350751399994,0.0
2026-02-08 16:30:00,0.03012613207101822,0.0
2026-02-08 16:45:00,0.05925779044628143,0.0
2026-02-08 17:00:00,0.1091124564409256,0.0
2026-02-08 17:15:00,0.21233044564723969,0.0
2026-02-08 17:30:00,0.37635791301727295,0.0
2026-02-08 17:45:00,0.5569066405296326,0.0
2026-02-08 18:00:00,0.617089033126831,0.0
2026-02-08 18:15:00,0.7251519560813904,1000.0
2026-02-08 18:30:00,0.7975199818611145,1000.0
2026-02-08 18:45:00,0.8489260077476501,1000.0
2026-02-08 19:00:00,0.7667974829673767,1000.0
2026-02-08 19:15:00,0.7241769433021545,1000.0
2026-02-08 19:30:00,0.7067300081253052,1000.0
2026-02-08 19:45:00,0.6924431920051575,1000.0
2026-02-08 20:00:00,0.5861049890518188,1000.0
2026-02-08 20:15:00,0.5287426710128784,0.0
2026-02-08 20:30:00,0.49944084882736206,0.0
2026-02-08 20:45:00,0.4741250276565552,0.0
2026-02-08 21:00:00,0.38662081956863403,0.0
2026-02-08 21:15:00,0.3348355293273926,0.0
2026-02-08 21:30:00,0.3136260509490967,0.0
2026-02-08 21:45:00,0.30874794721603394,0.0
2026-02-08 22:00:00,0.2739740014076233,0.0
2026-02-08 22:15:00,0.2403257191181183,0.0
2026-02-08 22:30:00,0.21561269462108612,0.0
2026-02-08 22:45:00,0.17743779718875885,0.0
2026-02-08 23:00:00,0.15223462879657745,0.0
2026-02-08 23:15:00,0.12860041856765747,0.0
2026-02-08 23:30:00,0.11431632190942764,0.0
2026-02-08 23:45:00,0.10309179127216339,0.0
2026-02-09 00:00:00,0.09784333407878876,0.0
2026-02-09 00:15:00,0.09865695238113403,0.0
2026-02-09 00:30:00,0.10222432762384415,0.0
2026-02-09 00:45:00,0.10906761884689331,0.0
2026-02-09 01:00:00,0.09639406204223633,0.0
2026-02-09 01:15:00,0.09173047542572021,0.0
2026-02-09 01:30:00,0.09270855039358139,0.0
2026-02-09 01:45:00,0.09636522829532623,0.0
2026-02-09 02:00:00,0.0880553126335144,0.0
2026-02-09 02:15:00,0.08253027498722076,0.0
2026-02-09 02:30:00,0.07987476140260696,0.0
2026-02-09 02:45:00,0.0840960294008255,0.0
2026-02-09 03:00:00,0.06407120823860168,0.0
2026-02-09 03:15:00,0.05399267002940178,0.0
2026-02-09 03:30:00,0.05422208830714226,0.0
2026-02-09 03:45:00,0.062148645520210266,0.0
2026-02-09 04:00:00,0.04780914634466171,0.0
2026-02-09 04:15:00,0.042206551879644394,0.0
2026-02-09 04:30:00,0.0473143607378006,0.0
2026-02-09 04:45:00,0.06149657070636749,0.0
2026-02-09 05:00:00,0.05312969163060188,0.0
2026-02-09 05:15:00,0.053158700466156006,0.0
2026-02-09 05:30:00,0.06120865046977997,0.0
2026-02-09 05:45:00,0.07553324103355408,0.0
2026-02-09 06:00:00,0.07476380467414856,0.0
2026-02-09 06:15:00,0.07588425278663635,0.0
2026-02-09 06:30:00,0.08624091744422913,0.0
2026-02-09 06:45:00,0.11339102685451508,0.0
2026-02-09 07:00:00,0.12947940826416016,0.0
2026-02-09 07:15:00,0.13596677780151367,0.0
2026-02-09 07:30:00,0.15003377199172974,0.0
2026-02-09 07:45:00,0.18092483282089233,0.0
2026-02-09 08:00:00,0.17696422338485718,0.0
2026-02-09 08:15:00,0.15624307096004486,0.0
2026-02-09 08:30:00,0.13182497024536133,0.0
2026-02-09 08:45:00,0.11790840327739716,0.0
2026-02-09 09:00:00,0.08971825987100601,0.0
2026-02-09 09:15:00,0.05948140099644661,0.0
2026-02-09 09:30:00,0.03780869022011757,0.0
2026-02-09 09:45:00,0.026188019663095474,0.0
2026-02-09 10:00:00,0.018474359065294266,0.0
2026-02-09 10:15:00,0.009139325469732285,0.0
2026-02-09 10:30:00,0.0031489431858062744,0.0
2026-02-09 10:45:00,0.00048335641622543335,0.0
2026-02-09 11:00:00,-0.004677444696426392,0.0
2026-02-09 11:15:00,-0.013211697340011597,0.0
2026-02-09 11:30:00,-0.019823379814624786,0.0
2026-02-09 11:45:00,-0.020441509783267975,0.0
2026-02-09 12:00:00,-0.019648216664791107,-1000.0
2026-02-09 12:15:00,-0.02401282638311386,-1000.0
2026-02-09 12:30:00,-0.02640998363494873,-1000.0
2026-02-09 12:45:00,-0.023536577820777893,-1000.0
2026-02-09 13:00:00,-0.02144903689622879,-1000.0
2026-02-09 13:15:00,-0.023414544761180878,-1000.0
2026-02-09 13:30:00,-0.02314191311597824,-1000.0
2026-02-09 13:45:00,-0.018492043018341064,-1000.0
2026-02-09 14:00:00,-0.016290009021759033,0.0
2026-02-09 14:15:00,-0.01821024715900421,0.0
2026-02-09 14:30:00,-0.01693814992904663,0.0
2026-02-09 14:45:00,-0.010202042758464813,0.0
2026-02-09 15:00:00,-0.009945832192897797,0.0
2026-02-09 15:15:00,-0.008081413805484772,0.0
2026-02-09 15:30:00,0.000980287790298462,0.0
2026-02-09 15:45:00,0.01554245874285698,0.0
2026-02-09 16:00:00,0.014916915446519852,0.0
2026-02-09 16:15:00,0.021562941372394562,0.0
2026-02-09 16:30:00,0.0400722399353981,0.0
2026-02-09 16:45:00,0.06960152834653854,0.0
2026-02-09 17:00:00,0.08250456303358078,0.0
2026-02-09 17:15:00,0.12247619777917862,0.0
2026-02-09 17:30:00,0.23525239527225494,0.0
2026-02-09 17:45:00,0.4064791798591614,0.0
2026-02-09 18:00:00,0.4662656784057617,0.0
2026-02-09 18:15:00,0.563959002494812,1000.0
2026-02-09 18:30:00,0.6510744690895081,1000.0
2026-02-09 18:45:00,0.7132511138916016,1000.0
2026-02-09 19:00:00,0.661194920539856,1000.0
2026-02-09 19:15:00,0.639940083026886,1000.0
2026-02-09 19:30:00,0.6487760543823242,1000.0
2026-02-09 19:45:00,0.6636672616004944,1000.0
2026-02-09 20:00:00,0.5915679931640625,1000.0
2026-02-09 20:15:00,0.5486229658126831,0.0
2026-02-09 20:30:00,0.5483253598213196,0.0
2026-02-09 20:45:00,0.5563222169876099,0.0
2026-02-09 21:00:00,0.5031991600990295,0.0
2026-02-09 21:15:00,0.4816153049468994,0.0
2026-02-09 21:30:00,0.469230055809021,0.0
2026-02-09 21:45:00,0.47287309169769287,0.0
2026-02-09 22:00:00,0.42493194341659546,0.0
2026-02-09 22:15:00,0.3983386158943176,0.0
2026-02-09 22:30:00,0.38107621669769287,0.0
2026-02-09 22:45:00,0.3801763653755188,0.0
2026-02-09 23:00:00,0.3476576805114746,0.0
2026-02-09 23:15:00,0.32102030515670776,0.0
2026-02-09 23:30:00,0.3076719045639038,0.0
2026-02-09 23:45:00,0.30136770009994507,0.0
2026-02-10 00:00:00,0.2576777935028076,0.0
2026-02-10 00:15:00,0.24144522845745087,0.0
2026-02-10 00:30:00,0.2596789598464966,0.0
2026-02-10 00:45:00,0.28667306900024414,0.0
2026-02-10 01:00:00,0.2603880763053894,0.0
2026-02-10 01:15:00,0.25633174180984497,0.0
2026-02-10 01:30:00,0.2752113342285156,0.0
2026-02-10 01:45:00,0.3004070520401001,0.0
2026-02-10 02:00:00,0.27109795808792114,0.0
2026-02-10 02:15:00,0.2664862275123596,0.0
2026-02-10 02:30:00,0.2787467837333679,0.0
2026-02-10 02:45:00,0.30604320764541626,0.0
2026-02-10 03:00:00,0.27878624200820923,0.0
2026-02-10 03:15:00,0.27807921171188354,0.0
2026-02-10 03:30:00,0.2943992018699646,0.0
2026-02-10 03:45:00,0.32163649797439575,0.0
2026-02-10 04:00:00,0.2883380055427551,0.0
2026-02-10 04:15:00,0.2822326421737671,0.0
2026-02-10 04:30:00,0.30139267444610596,0.0
2026-02-10 04:45:00,0.3303448557853699,0.0
2026-02-10 05:00:00,0.30083799362182617,0.0
2026-02-10 05:15:00,0.30436980724334717,0.0
2026-02-10 05:30:00,0.3248233199119568,0.0
2026-02-10 05:45:00,0.3561772108078003,0.0
2026-02-10 06:00:00,0.35177868604660034,0.0
2026-02-10 06:15:00,0.3667268753051758,0.0
2026-02-10 06:30:00,0.40939968824386597,0.0
2026-02-10 06:45:00,0.45376479625701904,0.0
2026-02-10 07:00:00,0.45583832263946533,0.0
2026-02-10 07:15:00,0.4774993062019348,0.0
2026-02-10 07:30:00,0.5154560208320618,0.0
2026-02-10 07:45:00,0.5498207211494446,0.0
2026-02-10 08:00:00,0.5444284677505493,0.0
2026-02-10 08:15:00,0.5358721017837524,0.0
2026-02-10 08:30:00,0.5329875946044922,0.0
2026-02-10 08:45:00,0.5134163498878479,0.0
2026-02-10 09:00:00,0.4406862258911133,0.0
2026-02-10 09:15:00,0.37058335542678833,0.0
2026-02-10 09:30:00,0.3120459318161011,0.0
2026-02-10 09:45:00,0.25530415773391724,0.0
2026-02-10 10:00:00,0.19520443677902222,0.0
2026-02-10 10:15:00,0.14380887150764465,0.0
2026-02-10 10:30:00,0.11750141531229019,0.0
2026-02-10 10:45:00,0.09805352985858917,0.0
2026-02-10 11:00:00,0.08619038015604019,0.0
2026-02-10 11:15:00,0.07850015163421631,0.0
2026-02-10 11:30:00,0.07416126132011414,0.0
2026-02-10 11:45:00,0.07052280008792877,0.0
2026-02-10 12:00:00,0.06518853455781937,-1000.0
2026-02-10 12:15:00,0.06213173270225525,-1000.0
2026-02-10 12:30:00,0.06105325371026993,-1000.0
2026-02-10 12:45:00,0.06266222149133682,-1000.0
2026-02-10 13:00:00,0.06064138561487198,-1000.0
2026-02-10 13:15:00,0.060972198843955994,-1000.0
2026-02-10 13:30:00,0.06291888654232025,-1000.0
2026-02-10 13:45:00,0.06593133509159088,-1000.0
2026-02-10 14:00:00,0.06423391401767731,0.0
2026-02-10 14:15:00,0.06543805450201035,0.0
2026-02-10 14:30:00,0.06812793016433716,0.0
2026-02-10 14:45:00,0.07344368100166321,0.0
2026-02-10 15:00:00,0.07320019602775574,0.0
2026-02-10 15:15:00,0.07725115865468979,0.0
2026-02-10 15:30:00,0.08481521159410477,0.0
2026-02-10 15:45:00,0.11776363104581833,0.0
2026-02-10 16:00:00,0.15960673987865448,0.0
2026-02-10 16:15:00,0.2120627760887146,0.0
2026-02-10 16:30:00,0.3659989833831787,0.0
2026-02-10 16:45:00,0.7025917172431946,0.0
2026-02-10 17:00:00,0.9204300045967102,0.0
2026-02-10 17:15:00,1.1821348667144775,0.0
2026-02-10 17:30:00,1.4397591352462769,0.0
2026-02-10 17:45:00,1.5952516794204712,1000.0
2026-02-10 18:00:00,1.6403889656066895,1000.0
2026-02-10 18:15:00,1.6783602237701416,1000.0
2026-02-10 18:30:00,1.7047220468521118,1000.0
2026-02-10 18:45:00,1.7192878723144531,1000.0
2026-02-10 19:00:00,1.681189775466919,1000.0
2026-02-10 19:15:00,1.6548538208007812,1000.0
2026-02-10 19:30:00,1.6386075019836426,1000.0
2026-02-10 19:45:00,1.6218953132629395,0.0
2026-02-10 20:00:00,1.5560834407806396,0.0
2026-02-10 20:15:00,1.5116093158721924,0.0
2026-02-10 20:30:00,1.4824130535125732,0.0
2026-02-10 20:45:00,1.4558274745941162,0.0
2026-02-10 21:00:00,1.3456268310546875,0.0
2026-02-10 21:15:00,1.2635776996612549,0.0
2026-02-10 21:30:00,1.2089176177978516,0.0
2026-02-10 21:45:00,1.1618537902832031,0.0
2026-02-10 22:00:00,1.050911784172058,0.0
2026-02-10 22:15:00,0.9731241464614868,0.0
2026-02-10 22:30:00,0.91341632604599,0.0
2026-02-10 22:45:00,0.8643636703491211,0.0
2026-02-10 23:00:00,0.7141520380973816,0.0
2026-02-10 23:15:00,0.6403860449790955,0.0
2026-02-10 23:30:00,0.5558922290802002,0.0
2026-02-10 23:45:00,0.5081196427345276,0.0
2026-02-11 00:00:00,0.42298537492752075,0.0
2026-02-11 00:15:00,0.4431096911430359,0.0
2026-02-11 00:30:00,0.4574631452560425,0.0
2026-02-11 00:45:00,0.4612240195274353,0.0
2026-02-11 01:00:00,0.40342819690704346,0.0
2026-02-11 01:15:00,0.3645475506782532,0.0
2026-02-11 01:30:00,0.33461689949035645,0.0
2026-02-11 01:45:00,0.31496500968933105,0.0
2026-02-11 02:00:00,0.2671448588371277,0.0
2026-02-11 02:15:00,0.23407678306102753,0.0
2026-02-11 02:30:00,0.2186276763677597,0.0
2026-02-11 02:45:00,0.2096911519765854,0.0
2026-02-11 03:00:00,0.17705833911895752,0.0
2026-02-11 03:15:00,0.1562485694885254,0.0
2026-02-11 03:30:00,0.1456434279680252,0.0
2026-02-11 03:45:00,0.1393965482711792,0.0
2026-02-11 04:00:00,0.111664317548275,0.0
2026-02-11 04:15:00,0.09116073697805405,0.0
2026-02-11 04:30:00,0.08255241811275482,0.0
2026-02-11 04:45:00,0.08250392228364944,0.0
2026-02-11 05:00:00,0.07335580140352249,0.0
2026-02-11 05:15:00,0.06666622310876846,0.0
2026-02-11 05:30:00,0.06529557704925537,0.0
2026-02-11 05:45:00,0.06748931854963303,0.0
2026-02-11 06:00:00,0.06515961140394211,0.0
2026-02-11 06:15:00,0.061673492193222046,0.0
2026-02-11 06:30:00,0.06073850765824318,0.0
2026-02-11 06:45:00,0.06275125592947006,0.0
2026-02-11 07:00:00,0.060143858194351196,0.0
2026-02-11 07:15:00,0.056664593517780304,0.0
2026-02-11 07:30:00,0.05585736781358719,0.0
2026-02-11 07:45:00,0.05692301690578461,0.0
2026-02-11 08:00:00,0.05207819119095802,0.0
2026-02-11 08:15:00,0.03758656606078148,0.0
2026-02-11 08:30:00,0.03212965279817581,0.0
2026-02-11 08:45:00,0.018765635788440704,0.0
2026-02-11 09:00:00,0.0018630921840667725,0.0
2026-02-11 09:15:00,-0.009436525404453278,0.0
2026-02-11 09:30:00,-0.023234732449054718,0.0
2026-02-11 09:45:00,-0.03625549376010895,0.0
2026-02-11 10:00:00,-0.050115711987018585,0.0
2026-02-11 10:15:00,-0.060203373432159424,0.0
2026-02-11 10:30:00,-0.06514747440814972,0.0
2026-02-11 10:45:00,-0.06517660617828369,0.0
2026-02-11 11:00:00,-0.06422023475170135,0.0
2026-02-11 11:15:00,-0.06562171876430511,0.0
2026-02-11 11:30:00,-0.07174000144004822,-1000.0
2026-02-11 11:45:00,-0.06697149574756622,-1000.0
2026-02-11 12:00:00,-0.06577712297439575,-1000.0
2026-02-11 12:15:00,-0.0668877512216568,-1000.0
2026-02-11 12:30:00,-0.06681124866008759,-1000.0
2026-02-11 12:45:00,-0.0651908665895462,-1000.0
2026-02-11 13:00:00,-0.06493988633155823,-1000.0
2026-02-11 13:15:00,-0.06719298660755157,-1000.0
2026-02-11 13:30:00,-0.06788566708564758,0.0
2026-02-11 13:45:00,-0.06439754366874695,0.0
2026-02-11 14:00:00,-0.062381282448768616,0.0
2026-02-11 14:15:00,-0.0643889456987381,0.0
2026-02-11 14:30:00,-0.06377856433391571,0.0
2026-02-11 14:45:00,-0.0611148476600647,0.0
2026-02-11 15:00:00,-0.06103135645389557,0.0
2026-02-11 15:15:00,-0.06299632787704468,0.0
2026-02-11 15:30:00,-0.06359055638313293,0.0
2026-02-11 15:45:00,-0.05888397991657257,0.0
2026-02-11 16:00:00,-0.05282042920589447,0.0
2026-02-11 16:15:00,-0.045384570956230164,0.0
2026-02-11 16:30:00,-0.03146124631166458,0.0
2026-02-11 16:45:00,0.0011541247367858887,0.0
2026-02-11 17:00:00,0.03706709295511246,0.0
2026-02-11 17:15:00,0.09500795602798462,0.0
2026-02-11 17:30:00,0.27660101652145386,0.0
2026-02-11 17:45:00,0.5003488063812256,0.0
2026-02-11 18:00:00,0.5794444680213928,0.0
2026-02-11 18:15:00,0.7067452073097229,1000.0
2026-02-11 18:30:00,0.800503671169281,1000.0
2026-02-11 18:45:00,0.8680827021598816,1000.0
2026-02-11 19:00:00,0.8212373852729797,1000.0
2026-02-11 19:15:00,0.8104734420776367,1000.0
2026-02-11 19:30:00,0.8167422413825989,1000.0
2026-02-11 19:45:00,0.8316935896873474,1000.0
2026-02-11 20:00:00,0.7611757516860962,1000.0
2026-02-11 20:15:00,0.7372213006019592,0.0
2026-02-11 20:30:00,0.733705461025238,0.0
2026-02-11 20:45:00,0.7386932969093323,0.0
2026-02-11 21:00:00,0.6344349384307861,0.0
2026-02-11 21:15:00,0.5816221833229065,0.0
2026-02-11 21:30:00,0.5645163655281067,0.0
2026-02-11 21:45:00,0.5651246309280396,0.0
2026-02-11 22:00:00,0.49589234590530396,0.0
2026-02-11 22:15:00,0.4643229842185974,0.0
2026-02-11 22:30:00,0.4460289478302002,0.0
2026-02-11 22:45:00,0.4276745915412903,0.0
2026-02-11 23:00:00,0.35820960998535156,0.0
2026-02-11 23:15:00,0.3161832094192505,0.0
2026-02-11 23:30:00,0.3229835629463196,0.0
2026-02-11 23:45:00,0.34212225675582886,0.0
2026-02-12 00:00:00,0.2916310429573059,0.0
2026-02-12 00:15:00,0.3624502420425415,0.0
2026-02-12 00:30:00,0.40486013889312744,0.0
2026-02-12 00:45:00,0.4206191301345825,0.0
2026-02-12 01:00:00,0.3931518793106079,0.0
2026-02-12 01:15:00,0.37926799058914185,0.0
2026-02-12 01:30:00,0.37588512897491455,0.0
2026-02-12 01:45:00,0.3851260542869568,0.0
2026-02-12 02:00:00,0.35968196392059326,0.0
2026-02-12 02:15:00,0.34200048446655273,0.0
2026-02-12 02:30:00,0.34530651569366455,0.0
2026-02-12 02:45:00,0.36650538444519043,0.0
2026-02-12 03:00:00,0.344706654548645,0.0
2026-02-12 03:15:00,0.3349147439002991,0.0
2026-02-12 03:30:00,0.33674365282058716,0.0
2026-02-12 03:45:00,0.35357600450515747,0.0
2026-02-12 04:00:00,0.34266799688339233,0.0
2026-02-12 04:15:00,0.3409775495529175,0.0
2026-02-12 04:30:00,0.3429778218269348,0.0
2026-02-12 04:45:00,0.3516697287559509,0.0
2026-02-12 05:00:00,0.34725677967071533,0.0
2026-02-12 05:15:00,0.35027164220809937,0.0
2026-02-12 05:30:00,0.35805732011795044,0.0
2026-02-12 05:45:00,0.37328213453292847,0.0
2026-02-12 06:00:00,0.3678065538406372,0.0
2026-02-12 06:15:00,0.37175071239471436,0.0
2026-02-12 06:30:00,0.3900226354598999,0.0
2026-02-12 06:45:00,0.41449910402297974,0.0
2026-02-12 07:00:00,0.4010944366455078,0.0
2026-02-12 07:15:00,0.40689414739608765,0.0
2026-02-12 07:30:00,0.42265206575393677,0.0
2026-02-12 07:45:00,0.43285882472991943,0.0
2026-02-12 08:00:00,0.3889675736427307,0.0
2026-02-12 08:15:00,0.3401690125465393,0.0
2026-02-12 08:30:00,0.2800018787384033,0.0
2026-02-12 08:45:00,0.23388710618019104,0.0
2026-02-12 09:00:00,0.1724448800086975,0.0
2026-02-12 09:15:00,0.10549670457839966,0.0
2026-02-12 09:30:00,0.057340312749147415,0.0
2026-02-12 09:45:00,0.035605572164058685,0.0
2026-02-12 10:00:00,0.02634016051888466,0.0
2026-02-12 10:15:00,0.016303416341543198,0.0
2026-02-12 10:30:00,0.0035361498594284058,0.0
2026-02-12 10:45:00,-0.0047338902950286865,0.0
2026-02-12 11:00:00,-0.009329929947853088,0.0
2026-02-12 11:15:00,-0.018160708248615265,0.0
2026-02-12 11:30:00,-0.026111342012882233,0.0
2026-02-12 11:45:00,-0.028449296951293945,0.0
2026-02-12 12:00:00,-0.030037857592105865,-1000.0
2026-02-12 12:15:00,-0.03474375605583191,-1000.0
2026-02-12 12:30:00,-0.03748341649770737,-1000.0
2026-02-12 12:45:00,-0.036263421177864075,-1000.0
2026-02-12 13:00:00,-0.03568694740533829,-1000.0
2026-02-12 13:15:00,-0.038010336458683014,-1000.0
2026-02-12 13:30:00,-0.03779022395610809,-1000.0
2026-02-12 13:45:00,-0.03602956235408783,-1000.0
2026-02-12 14:00:00,-0.03317999839782715,0.0
2026-02-12 14:15:00,-0.03445592522621155,0.0
2026-02-12 14:30:00,-0.03447404503822327,0.0
2026-02-12 14:45:00,-0.03210487216711044,0.0
2026-02-12 15:00:00,-0.024194657802581787,0.0
2026-02-12 15:15:00,-0.020728252828121185,0.0
2026-02-12 15:30:00,-0.01496315747499466,0.0
2026-02-12 15:45:00,-0.003571256995201111,0.0
2026-02-12 16:00:00,0.011183161288499832,0.0
2026-02-12 16:15:00,0.026659533381462097,0.0
2026-02-12 16:30:00,0.04898914694786072,0.0
2026-02-12 16:45:00,0.11340409517288208,0.0
2026-02-12 17:00:00,0.23774020373821259,0.0
2026-02-12 17:15:00,0.44465935230255127,0.0
2026-02-12 17:30:00,0.7099946141242981,0.0
2026-02-12 17:45:00,0.9093570113182068,0.0
2026-02-12 18:00:00,0.959992527961731,0.0
2026-02-12 18:15:00,1.0229578018188477,1000.0
2026-02-12 18:30:00,1.0743017196655273,1000.0
2026-02-12 18:45:00,1.1198879480361938,1000.0
2026-02-12 19:00:00,1.071393370628357,1000.0
2026-02-12 19:15:00,1.0525509119033813,1000.0
2026-02-12 19:30:00,1.0516021251678467,1000.0
2026-02-12 19:45:00,1.0666329860687256,1000.0
2026-02-12 20:00:00,0.9954610466957092,1000.0
2026-02-12 20:15:00,0.9693920016288757,0.0
2026-02-12 20:30:00,0.9707083106040955,0.0
2026-02-12 20:45:00,0.9769765734672546,0.0
2026-02-12 21:00:00,0.86445552110672,0.0
2026-02-12 21:15:00,0.8035668134689331,0.0
2026-02-12 21:30:00,0.794854998588562,0.0
2026-02-12 21:45:00,0.7926082015037537,0.0
2026-02-12 22:00:00,0.6755002737045288,0.0
2026-02-12 22:15:00,0.6199007034301758,0.0
2026-02-12 22:30:00,0.5941910147666931,0.0
2026-02-12 22:45:00,0.5782275795936584,0.0
2026-02-12 23:00:00,0.5054137110710144,0.0
2026-02-12 23:15:00,0.4449341297149658,0.0
2026-02-12 23:30:00,0.40046244859695435,0.0
2026-02-12 23:45:00,0.37418192625045776,0.0
2026-02-13 00:00:00,0.4178120493888855,0.0
2026-02-13 00:15:00,0.3999975323677063,0.0
2026-02-13 00:30:00,0.4000445604324341,0.0
2026-02-13 00:45:00,0.4021878242492676,0.0
2026-02-13 01:00:00,0.3692646622657776,0.0
2026-02-13 01:15:00,0.3496343493461609,0.0
2026-02-13 01:30:00,0.3328947424888611,0.0
2026-02-13 01:45:00,0.32750165462493896,0.0
2026-02-13 02:00:00,0.29769307374954224,0.0
2026-02-13 02:15:00,0.28043681383132935,0.0
2026-02-13 02:30:00,0.26784181594848633,0.0
2026-02-13 02:45:00,0.2593194246292114,0.0
2026-02-13 03:00:00,0.22291605174541473,0.0
2026-02-13 03:15:00,0.19468587636947632,0.0
2026-02-13 03:30:00,0.18716348707675934,0.0
2026-02-13 03:45:00,0.18202799558639526,0.0
2026-02-13 04:00:00,0.15877825021743774,0.0
2026-02-13 04:15:00,0.13352082669734955,0.0
2026-02-13 04:30:00,0.12120108306407928,0.0
2026-02-13 04:45:00,0.12198525667190552,0.0
2026-02-13 05:00:00,0.11959753930568695,0.0
2026-02-13 05:15:00,0.10409541428089142,0.0
2026-02-13 05:30:00,0.09372752904891968,0.0
2026-02-13 05:45:00,0.09115886688232422,0.0
2026-02-13 06:00:00,0.09745249897241592,0.0
2026-02-13 06:15:00,0.0872720330953598,0.0
2026-02-13 06:30:00,0.0770162045955658,0.0
2026-02-13 06:45:00,0.07372641563415527,0.0
2026-02-13 07:00:00,0.0763152465224266,0.0
2026-02-13 07:15:00,0.06801863014698029,0.0
2026-02-13 07:30:00,0.05818086117506027,0.0
2026-02-13 07:45:00,0.04908813163638115,0.0
2026-02-13 08:00:00,0.04490888863801956,0.0
2026-02-13 08:15:00,0.02865803986787796,0.0
2026-02-13 08:30:00,0.014499478042125702,0.0
2026-02-13 08:45:00,0.0011134371161460876,0.0
2026-02-13 09:00:00,-0.010316550731658936,0.0
2026-02-13 09:15:00,-0.03233109414577484,0.0
2026-02-13 09:30:00,-0.0494484007358551,0.0
2026-02-13 09:45:00,-0.059051916003227234,0.0
2026-02-13 10:00:00,-0.0645463764667511,0.0
2026-02-13 10:15:00,-0.07168659567832947,0.0
2026-02-13 10:30:00,-0.07736571133136749,0.0
2026-02-13 10:45:00,-0.07753567397594452,0.0
2026-02-13 11:00:00,-0.07443441450595856,0.0
2026-02-13 11:15:00,-0.07556352019309998,0.0
2026-02-13 11:30:00,-0.0778093934059143,-1000.0
2026-02-13 11:45:00,-0.07764364778995514,-1000.0
2026-02-13 12:00:00,-0.07445868849754333,-1000.0
2026-02-13 12:15:00,-0.0748121589422226,-1000.0
2026-02-13 12:30:00,-0.07605478167533875,-1000.0
2026-02-13 12:45:00,-0.07535827159881592,-1000.0
2026-02-13 13:00:00,-0.0712498128414154,-1000.0
2026-02-13 13:15:00,-0.07136005163192749,-1000.0
2026-02-13 13:30:00,-0.07293732464313507,0.0
2026-02-13 13:45:00,-0.07270926237106323,0.0
2026-02-13 14:00:00,-0.06880185008049011,0.0
2026-02-13 14:15:00,-0.06910282373428345,0.0
2026-02-13 14:30:00,-0.07145227491855621,0.0
2026-02-13 14:45:00,-0.07122811675071716,0.0
2026-02-13 15:00:00,-0.0677948147058487,0.0
2026-02-13 15:15:00,-0.06775879859924316,0.0
2026-02-13 15:30:00,-0.06891155242919922,0.0
2026-02-13 15:45:00,-0.06737522780895233,0.0
2026-02-13 16:00:00,-0.0630301982164383,0.0
2026-02-13 16:15:00,-0.06191234290599823,0.0
2026-02-13 16:30:00,-0.055520907044410706,0.0
2026-02-13 16:45:00,-0.03503704071044922,0.0
2026-02-13 17:00:00,-0.016947299242019653,0.0
2026-02-13 17:15:00,0.031225118786096573,0.0
2026-02-13 17:30:00,0.0630994662642479,0.0
2026-02-13 17:45:00,0.1594327688217163,0.0
2026-02-13 18:00:00,0.22676746547222137,0.0
2026-02-13 18:15:00,0.3342747688293457,1000.0
2026-02-13 18:30:00,0.403333842754364,1000.0
2026-02-13 18:45:00,0.4548444151878357,1000.0
2026-02-13 19:00:00,0.41189295053482056,1000.0
2026-02-13 19:15:00,0.396051824092865,1000.0
2026-02-13 19:30:00,0.3999174237251282,1000.0
2026-02-13 19:45:00,0.41468721628189087,1000.0
2026-02-13 20:00:00,0.3828287124633789,1000.0
2026-02-13 20:15:00,0.37660592794418335,0.0
2026-02-13 20:30:00,0.37878620624542236,0.0
2026-02-13 20:45:00,0.40346401929855347,0.0
2026-02-13 21:00:00,0.35531437397003174,0.0
2026-02-13 21:15:00,0.3285225033760071,0.0
2026-02-13 21:30:00,0.3020762503147125,0.0
2026-02-13 21:45:00,0.3193855881690979,0.0
2026-02-13 22:00:00,0.28216859698295593,0.0
2026-02-13 22:15:00,0.25716060400009155,0.0
2026-02-13 22:30:00,0.25355374813079834,0.0
2026-02-13 22:45:00,0.256439208984375,0.0
2026-02-13 23:00:00,0.24505148828029633,0.0
2026-02-13 23:15:00,0.23254571855068207,0.0
2026-02-13 23:30:00,0.24510835111141205,0.0
2026-02-13 23:45:00,0.2560153007507324,0.0
2026-02-14 00:00:00,0.17919908463954926,0.0
2026-02-14 00:15:00,0.18587321043014526,0.0
2026-02-14 00:30:00,0.20749057829380035,0.0
2026-02-14 00:45:00,0.22638650238513947,0.0
2026-02-14 01:00:00,0.21744491159915924,0.0
2026-02-14 01:15:00,0.2151905596256256,0.0
2026-02-14 01:30:00,0.21418464183807373,0.0
2026-02-14 01:45:00,0.22630003094673157,0.0
2026-02-14 02:00:00,0.22049503028392792,0.0
2026-02-14 02:15:00,0.21012066304683685,0.0
2026-02-14 02:30:00,0.2047661393880844,0.0
2026-02-14 02:45:00,0.20627468824386597,0.0
2026-02-14 03:00:00,0.20183558762073517,0.0
2026-02-14 03:15:00,0.19092053174972534,0.0
2026-02-14 03:30:00,0.18149900436401367,0.0
2026-02-14 03:45:00,0.17979785799980164,0.0
2026-02-14 04:00:00,0.1731930375099182,0.0
2026-02-14 04:15:00,0.16234245896339417,0.0
2026-02-14 04:30:00,0.15621700882911682,0.0
2026-02-14 04:45:00,0.16277050971984863,0.0
2026-02-14 05:00:00,0.1589144617319107,0.0
2026-02-14 05:15:00,0.16358821094036102,0.0
2026-02-14 05:30:00,0.16373670101165771,0.0
2026-02-14 05:45:00,0.16400901973247528,0.0
2026-02-14 06:00:00,0.1668509691953659,0.0
2026-02-14 06:15:00,0.1770177036523819,0.0
2026-02-14 06:30:00,0.1808284968137741,0.0
2026-02-14 06:45:00,0.19591902196407318,0.0
2026-02-14 07:00:00,0.19857868552207947,0.0
2026-02-14 07:15:00,0.20766307413578033,0.0
2026-02-14 07:30:00,0.21276558935642242,0.0
2026-02-14 07:45:00,0.215750589966774,0.0
2026-02-14 08:00:00,0.20400302112102509,0.0
2026-02-14 08:15:00,0.1803760975599289,0.0
2026-02-14 08:30:00,0.14109662175178528,0.0
2026-02-14 08:45:00,0.10009084641933441,0.0
2026-02-14 09:00:00,0.06975523382425308,0.0
2026-02-14 09:15:00,0.030627194792032242,0.0
2026-02-14 09:30:00,0.012425970286130905,0.0
2026-02-14 09:45:00,0.0020204484462738037,0.0
2026-02-14 10:00:00,-0.0015653371810913086,0.0
2026-02-14 10:15:00,-0.014911264181137085,0.0
2026-02-14 10:30:00,-0.027701735496520996,0.0
2026-02-14 10:45:00,-0.03540271520614624,0.0
2026-02-14 11:00:00,-0.035181932151317596,0.0
2026-02-14 11:15:00,-0.04115377366542816,0.0
2026-02-14 11:30:00,-0.04715844243764877,0.0
2026-02-14 11:45:00,-0.04720620810985565,0.0
2026-02-14 12:00:00,-0.04392985999584198,-1000.0
2026-02-14 12:15:00,-0.045491717755794525,-1000.0
2026-02-14 12:30:00,-0.048696376383304596,-1000.0
2026-02-14 12:45:00,-0.052041806280612946,-1000.0
2026-02-14 13:00:00,-0.04734564572572708,-1000.0
2026-02-14 13:15:00,-0.047987744212150574,-1000.0
2026-02-14 13:30:00,-0.049900591373443604,-1000.0
2026-02-14 13:45:00,-0.04950563609600067,-1000.0
2026-02-14 14:00:00,-0.04639779031276703,0.0
2026-02-14 14:15:00,-0.04735285043716431,0.0
2026-02-14 14:30:00,-0.04931901395320892,0.0
2026-02-14 14:45:00,-0.05172330141067505,0.0
2026-02-14 15:00:00,-0.04689772427082062,0.0
2026-02-14 15:15:00,-0.04761424660682678,0.0
2026-02-14 15:30:00,-0.048987194895744324,0.0
2026-02-14 15:45:00,-0.0512891560792923,0.0
2026-02-14 16:00:00,-0.038924455642700195,0.0
2026-02-14 16:15:00,-0.03204372525215149,0.0
2026-02-14 16:30:00,-0.024983122944831848,0.0
2026-02-14 16:45:00,-0.010245278477668762,0.0
2026-02-14 17:00:00,0.00714825838804245,0.0
2026-02-14 17:15:00,0.02571723237633705,0.0
2026-02-14 17:30:00,0.04557689279317856,0.0
2026-02-14 17:45:00,0.06827986240386963,0.0
2026-02-14 18:00:00,0.0825778990983963,0.0
2026-02-14 18:15:00,0.12147974967956543,0.0
2026-02-14 18:30:00,0.19251896440982819,0.0
2026-02-14 18:45:00,0.25462478399276733,0.0
2026-02-14 19:00:00,0.2652912139892578,0.0
2026-02-14 19:15:00,0.2845536768436432,0.0
2026-02-14 19:30:00,0.3109844923019409,0.0
2026-02-14 19:45:00,0.3487095236778259,0.0
2026-02-14 20:00:00,0.31762993335723877,0.0
2026-02-14 20:15:00,0.30543822050094604,0.0
2026-02-14 20:30:00,0.3134637475013733,0.0
2026-02-14 20:45:00,0.3345496654510498,0.0
2026-02-14 21:00:00,0.29884374141693115,0.0
2026-02-14 21:15:00,0.28125008940696716,0.0
2026-02-14 21:30:00,0.2775416076183319,0.0
2026-02-14 21:45:00,0.2888190746307373,0.0
2026-02-14 22:00:00,0.27255868911743164,1000.0
2026-02-14 22:15:00,0.27540820837020874,1000.0
2026-02-14 22:30:00,0.2830813527107239,1000.0
2026-02-14 22:45:00,0.28946661949157715,1000.0
2026-02-14 23:00:00,0.2816023528575897,1000.0
2026-02-14 23:15:00,0.2761370539665222,1000.0
2026-02-14 23:30:00,0.28998953104019165,1000.0
2026-02-14 23:45:00,0.30723240971565247,1000.0
2026-02-15 00:00:00,0.42165565490722656,0.0
2026-02-15 00:15:00,0.45757508277893066,0.0
2026-02-15 00:30:00,0.49849098920822144,0.0
2026-02-15 00:45:00,0.5502626299858093,0.0
2026-02-15 01:00:00,0.5597919225692749,0.0
2026-02-15 01:15:00,0.6011001467704773,0.0
2026-02-15 01:30:00,0.6627399325370789,0.0
2026-02-15 01:45:00,0.7112290263175964,0.0
2026-02-15 02:00:00,0.739689290523529,0.0
2026-02-15 02:15:00,0.7944009900093079,0.0
2026-02-15 02:30:00,0.8343349099159241,0.0
2026-02-15 02:45:00,0.8517715334892273,0.0
2026-02-15 03:00:00,0.8510289788246155,0.0
2026-02-15 03:15:00,0.8578191995620728,0.0
2026-02-15 03:30:00,0.8706169724464417,0.0
2026-02-15 03:45:00,0.868318498134613,0.0
2026-02-15 04:00:00,0.8638215661048889,0.0
2026-02-15 04:15:00,0.871103823184967,0.0
2026-02-15 04:30:00,0.8753883242607117,0.0
2026-02-15 04:45:00,0.879833459854126,0.0
2026-02-15 05:00:00,0.8763664960861206,0.0
2026-02-15 05:15:00,0.8897829651832581,0.0
2026-02-15 05:30:00,0.902026355266571,0.0
2026-02-15 05:45:00,0.9053245186805725,0.0
2026-02-15 06:00:00,0.9018039107322693,0.0
2026-02-15 06:15:00,0.9128955602645874,0.0
2026-02-15 06:30:00,0.923367440700531,0.0
2026-02-15 06:45:00,0.9261243343353271,0.0
2026-02-15 07:00:00,0.9257760643959045,0.0
2026-02-15 07:15:00,0.9378076195716858,0.0
2026-02-15 07:30:00,0.9442636370658875,0.0
2026-02-15 07:45:00,0.9355880618095398,0.0
2026-02-15 08:00:00,0.9149814248085022,0.0
2026-02-15 08:15:00,0.8722745776176453,0.0
2026-02-15 08:30:00,0.8250922560691833,0.0
2026-02-15 08:45:00,0.7626145482063293,0.0
2026-02-15 09:00:00,0.6334801316261292,0.0
2026-02-15 09:15:00,0.518320620059967,0.0
2026-02-15 09:30:00,0.42843449115753174,0.0
2026-02-15 09:45:00,0.34199798107147217,0.0
2026-02-15 10:00:00,0.27249497175216675,0.0
2026-02-15 10:15:00,0.2184174358844757,0.0
2026-02-15 10:30:00,0.16639293730258942,0.0
2026-02-15 10:45:00,0.12854334712028503,0.0
2026-02-15 11:00:00,0.10142594575881958,0.0
2026-02-15 11:15:00,0.08622941374778748,0.0
2026-02-15 11:30:00,0.078318290412426,0.0
2026-02-15 11:45:00,0.07228055596351624,0.0
2026-02-15 12:00:00,0.06550566852092743,0.0
2026-02-15 12:15:00,0.061535969376564026,-1000.0
2026-02-15 12:30:00,0.05832444131374359,-1000.0
2026-02-15 12:45:00,0.05567232146859169,-1000.0
2026-02-15 13:00:00,0.05112941563129425,-1000.0
2026-02-15 13:15:00,0.04897288233041763,-1000.0
2026-02-15 13:30:00,0.04834875464439392,-1000.0
2026-02-15 13:45:00,0.0498044453561306,-1000.0
2026-02-15 14:00:00,0.04709124192595482,-1000.0
2026-02-15 14:15:00,0.04680313915014267,0.0
2026-02-15 14:30:00,0.047127362340688705,0.0
2026-02-15 14:45:00,0.04935590177774429,0.0
2026-02-15 15:00:00,0.04814698547124863,0.0
2026-02-15 15:15:00,0.04916532337665558,0.0
2026-02-15 15:30:00,0.053258150815963745,0.0
2026-02-15 15:45:00,0.06199526786804199,0.0
2026-02-15 16:00:00,0.06097608059644699,0.0
2026-02-15 16:15:00,0.07468358427286148,0.0
2026-02-15 16:30:00,0.11713796108961105,0.0
2026-02-15 16:45:00,0.17665258049964905,0.0
2026-02-15 17:00:00,0.2826680541038513,0.0
2026-02-15 17:15:00,0.5140174031257629,0.0
2026-02-15 17:30:00,0.8311649560928345,0.0
2026-02-15 17:45:00,1.206425666809082,0.0
2026-02-15 18:00:00,1.350294589996338,0.0
2026-02-15 18:15:00,1.4751105308532715,0.0
2026-02-15 18:30:00,1.5712721347808838,0.0
2026-02-15 18:45:00,1.6415802240371704,0.0
2026-02-15 19:00:00,1.6054887771606445,0.0
2026-02-15 19:15:00,1.5921714305877686,0.0
2026-02-15 19:30:00,1.612231969833374,0.0
2026-02-15 19:45:00,1.6412160396575928,0.0
2026-02-15 20:00:00,1.5818887948989868,0.0
2026-02-15 20:15:00,1.5805810689926147,0.0
2026-02-15 20:30:00,1.6092286109924316,0.0
2026-02-15 20:45:00,1.6399421691894531,0.0
2026-02-15 21:00:00,1.582298755645752,0.0
2026-02-15 21:15:00,1.5726191997528076,0.0
2026-02-15 21:30:00,1.5915708541870117,0.0
2026-02-15 21:45:00,1.6161714792251587,0.0
2026-02-15 22:00:00,1.5513432025909424,1000.0
2026-02-15 22:15:00,1.5465749502182007,1000.0
2026-02-15 22:30:00,1.5775728225708008,1000.0
2026-02-15 22:45:00,1.6156116724014282,1000.0
2026-02-15 23:00:00,1.5859360694885254,1000.0
2026-02-15 23:15:00,1.5891422033309937,1000.0
2026-02-15 23:30:00,1.6146211624145508,1000.0
2026-02-15 23:45:00,1.6417291164398193,1000.0
2026-02-16 00:00:00,1.5886391401290894,0.0
2026-02-16 00:15:00,1.6193017959594727,0.0
2026-02-16 00:30:00,1.6107597351074219,0.0
2026-02-16 00:45:00,1.5858066082000732,0.0
2026-02-16 01:00:00,1.6443120241165161,0.0
2026-02-16 01:15:00,1.6488358974456787,0.0
2026-02-16 01:30:00,1.6162198781967163,0.0
2026-02-16 01:45:00,1.5764024257659912,0.0
2026-02-16 02:00:00,1.6013808250427246,0.0
2026-02-16 02:15:00,1.594852328300476,0.0
2026-02-16 02:30:00,1.5658531188964844,0.0
2026-02-16 02:45:00,1.5206074714660645,0.0
2026-02-16 03:00:00,1.5205261707305908,0.0
2026-02-16 03:15:00,1.5165927410125732,0.0
2026-02-16 03:30:00,1.4890007972717285,0.0
2026-02-16 03:45:00,1.43697190284729,0.0
2026-02-16 04:00:00,1.4450783729553223,0.0
2026-02-16 04:15:00,1.4211276769638062,0.0
2026-02-16 04:30:00,1.3771166801452637,0.0
2026-02-16 04:45:00,1.3337430953979492,0.0
2026-02-16 05:00:00,1.338531494140625,0.0
2026-02-16 05:15:00,1.3285589218139648,0.0
2026-02-16 05:30:00,1.3042304515838623,0.0
2026-02-16 05:45:00,1.267600655555725,0.0
2026-02-16 06:00:00,1.3005844354629517,0.0
2026-02-16 06:15:00,1.3084537982940674,0.0
2026-02-16 06:30:00,1.2884652614593506,0.0
2026-02-16 06:45:00,1.2747159004211426,0.0
2026-02-16 07:00:00,1.3213835954666138,0.0
2026-02-16 07:15:00,1.3296922445297241,0.0
2026-02-16 07:30:00,1.2976539134979248,0.0
2026-02-16 07:45:00,1.243597388267517,0.0
2026-02-16 08:00:00,1.2460123300552368,0.0
2026-02-16 08:15:00,1.2213307619094849,0.0
2026-02-16 08:30:00,1.1813011169433594,0.0
2026-02-16 08:45:00,1.13265860080719,0.0
2026-02-16 09:00:00,1.084932804107666,0.0
2026-02-16 09:15:00,1.0154582262039185,0.0
2026-02-16 09:30:00,0.9024260640144348,0.0
2026-02-16 09:45:00,0.8017481565475464,0.0
2026-02-16 10:00:00,0.6499625444412231,0.0
2026-02-16 10:15:00,0.5315565466880798,0.0
2026-02-16 10:30:00,0.46009910106658936,0.0
2026-02-16 10:45:00,0.40283966064453125,0.0
2026-02-16 11:00:00,0.3266129493713379,0.0
2026-02-16 11:15:00,0.2736368179321289,0.0
2026-02-16 11:30:00,0.22924242913722992,0.0
2026-02-16 11:45:00,0.1989280879497528,0.0
2026-02-16 12:00:00,0.16439440846443176,0.0
2026-02-16 12:15:00,0.13272905349731445,0.0
2026-02-16 12:30:00,0.11789742857217789,0.0
2026-02-16 12:45:00,0.11829539388418198,0.0
2026-02-16 13:00:00,0.10372103005647659,-1000.0
2026-02-16 13:15:00,0.0943656861782074,-1000.0
2026-02-16 13:30:00,0.09702903032302856,-1000.0
2026-02-16 13:45:00,0.10772103816270828,-1000.0
2026-02-16 14:00:00,0.09536958485841751,-1000.0
2026-02-16 14:15:00,0.09550949931144714,-1000.0
2026-02-16 14:30:00,0.10585162043571472,-1000.0
2026-02-16 14:45:00,0.11941986531019211,-1000.0
2026-02-16 15:00:00,0.12281259894371033,0.0
2026-02-16 15:15:00,0.13689744472503662,0.0
2026-02-16 15:30:00,0.15794409811496735,0.0
2026-02-16 15:45:00,0.2100023776292801,0.0
2026-02-16 16:00:00,0.23130826652050018,0.0
2026-02-16 16:15:00,0.2893218994140625,0.0
2026-02-16 16:30:00,0.44479548931121826,0.0
2026-02-16 16:45:00,0.7028069496154785,0.0
2026-02-16 17:00:00,0.8465044498443604,0.0
2026-02-16 17:15:00,1.0038598775863647,0.0
2026-02-16 17:30:00,1.1626777648925781,0.0
2026-02-16 17:45:00,1.3482534885406494,0.0
2026-02-16 18:00:00,1.4075918197631836,0.0
2026-02-16 18:15:00,1.517717957496643,1000.0
2026-02-16 18:30:00,1.6355289220809937,1000.0
2026-02-16 18:45:00,1.7069246768951416,1000.0
2026-02-16 19:00:00,1.6859958171844482,1000.0
2026-02-16 19:15:00,1.6880007982254028,1000.0
2026-02-16 19:30:00,1.6976909637451172,1000.0
2026-02-16 19:45:00,1.7155776023864746,1000.0
2026-02-16 20:00:00,1.6702070236206055,1000.0
2026-02-16 20:15:00,1.6435637474060059,0.0
2026-02-16 20:30:00,1.6244137287139893,0.0
2026-02-16 20:45:00,1.618947982788086,0.0
2026-02-16 21:00:00,1.5440529584884644,0.0
2026-02-16 21:15:00,1.5023853778839111,0.0
2026-02-16 21:30:00,1.4838416576385498,0.0
2026-02-16 21:45:00,1.4800937175750732,0.0
2026-02-16 22:00:00,1.3992208242416382,0.0
2026-02-16 22:15:00,1.3525311946868896,0.0
2026-02-16 22:30:00,1.3279759883880615,0.0
2026-02-16 22:45:00,1.314931869506836,0.0
2026-02-16 23:00:00,1.2159092426300049,0.0
2026-02-16 23:15:00,1.1692380905151367,0.0
2026-02-16 23:30:00,1.1464065313339233,0.0
2026-02-16 23:45:00,1.1317510604858398,0.0
2026-02-17 00:00:00,1.2452852725982666,0.0
2026-02-17 00:15:00,1.187432050704956,0.0
2026-02-17 00:30:00,1.1438522338867188,0.0
2026-02-17 00:45:00,1.1005117893218994,0.0
2026-02-17 01:00:00,1.1157774925231934,0.0
2026-02-17 01:15:00,1.092162847518921,0.0
2026-02-17 01:30:00,1.0508910417556763,0.0
2026-02-17 01:45:00,1.0013477802276611,0.0
2026-02-17 02:00:00,0.9944208860397339,0.0
2026-02-17 02:15:00,0.9654181599617004,0.0
2026-02-17 02:30:00,0.9290720820426941,0.0
2026-02-17 02:45:00,0.8976989388465881,0.0
2026-02-17 03:00:00,0.8863070607185364,0.0
2026-02-17 03:15:00,0.8659747242927551,0.0
2026-02-17 03:30:00,0.8411874771118164,0.0
2026-02-17 03:45:00,0.8163459897041321,0.0
2026-02-17 04:00:00,0.8039934039115906,0.0
2026-02-17 04:15:00,0.7817164063453674,0.0
2026-02-17 04:30:00,0.7591190338134766,0.0
2026-02-17 04:45:00,0.7395316362380981,0.0
2026-02-17 05:00:00,0.7252836227416992,0.0
2026-02-17 05:15:00,0.7144108414649963,0.0
2026-02-17 05:30:00,0.7027022242546082,0.0
2026-02-17 05:45:00,0.6931094527244568,0.0
2026-02-17 06:00:00,0.691261351108551,0.0
2026-02-17 06:15:00,0.682751476764679,0.0
2026-02-17 06:30:00,0.6724520921707153,0.0
2026-02-17 06:45:00,0.6621725559234619,0.0
2026-02-17 07:00:00,0.6575608253479004,0.0
2026-02-17 07:15:00,0.6473709940910339,0.0
2026-02-17 07:30:00,0.6370120644569397,0.0
2026-02-17 07:45:00,0.6189942955970764,0.0
2026-02-17 08:00:00,0.5268284678459167,0.0
2026-02-17 08:15:00,0.4179457426071167,0.0
2026-02-17 08:30:00,0.33303266763687134,0.0
2026-02-17 08:45:00,0.23444105684757233,0.0
2026-02-17 09:00:00,0.16587308049201965,0.0
2026-02-17 09:15:00,0.1011054664850235,0.0
2026-02-17 09:30:00,0.05215179920196533,0.0
2026-02-17 09:45:00,0.029527653008699417,0.0
2026-02-17 10:00:00,0.015773992985486984,0.0
2026-02-17 10:15:00,0.006189189851284027,0.0
2026-02-17 10:30:00,-0.0003933534026145935,0.0
2026-02-17 10:45:00,-0.012975208461284637,0.0
2026-02-17 11:00:00,-0.01925525814294815,0.0
2026-02-17 11:15:00,-0.027466773986816406,0.0
2026-02-17 11:30:00,-0.0336543470621109,0.0
2026-02-17 11:45:00,-0.03605256229639053,0.0
2026-02-17 12:00:00,-0.03507670760154724,-1000.0
2026-02-17 12:15:00,-0.03924546390771866,-1000.0
2026-02-17 12:30:00,-0.04031067341566086,-1000.0
2026-02-17 12:45:00,-0.03995369374752045,-1000.0
2026-02-17 13:00:00,-0.038960620760917664,-1000.0
2026-02-17 13:15:00,-0.04147405922412872,-1000.0
2026-02-17 13:30:00,-0.042826250195503235,-1000.0
2026-02-17 13:45:00,-0.041426271200180054,-1000.0
2026-02-17 14:00:00,-0.039847418665885925,0.0
2026-02-17 14:15:00,-0.040858954191207886,0.0
2026-02-17 14:30:00,-0.04080590605735779,0.0
2026-02-17 14:45:00,-0.03954263776540756,0.0
2026-02-17 15:00:00,-0.038919560611248016,0.0
2026-02-17 15:15:00,-0.04093697667121887,0.0
2026-02-17 15:30:00,-0.039835914969444275,0.0
2026-02-17 15:45:00,-0.03975008428096771,0.0
2026-02-17 16:00:00,-0.03857659548521042,0.0
2026-02-17 16:15:00,-0.04173225164413452,0.0
2026-02-17 16:30:00,-0.04043245315551758,0.0
2026-02-17 16:45:00,-0.026014424860477448,0.0
2026-02-17 17:00:00,-0.00918271392583847,0.0
2026-02-17 17:15:00,0.026594866067171097,0.0
2026-02-17 17:30:00,0.05024158954620361,0.0
2026-02-17 17:45:00,0.09142106771469116,0.0
2026-02-17 18:00:00,0.16370151937007904,0.0
2026-02-17 18:15:00,0.3413594961166382,1000.0
2026-02-17 18:30:00,0.4889277219772339,1000.0
2026-02-17 18:45:00,0.5875610113143921,1000.0
2026-02-17 19:00:00,0.5701975226402283,1000.0
2026-02-17 19:15:00,0.5765448212623596,1000.0
2026-02-17 19:30:00,0.5878634452819824,1000.0
2026-02-17 19:45:00,0.6016944050788879,1000.0
2026-02-17 20:00:00,0.5385217070579529,1000.0
2026-02-17 20:15:00,0.5092846155166626,0.0
2026-02-17 20:30:00,0.5063678026199341,0.0
2026-02-17 20:45:00,0.5174407958984375,0.0
2026-02-17 21:00:00,0.46598750352859497,0.0
2026-02-17 21:15:00,0.4436774253845215,0.0
2026-02-17 21:30:00,0.43592745065689087,0.0
2026-02-17 21:45:00,0.4391239881515503,0.0
2026-02-17 22:00:00,0.39161598682403564,0.0
2026-02-17 22:15:00,0.3599582314491272,0.0
2026-02-17 22:30:00,0.3465929627418518,0.0
2026-02-17 22:45:00,0.347964882850647,0.0
2026-02-17 23:00:00,0.3158155679702759,0.0
2026-02-17 23:15:00,0.3006361722946167,0.0
2026-02-17 23:30:00,0.30215126276016235,0.0
2026-02-17 23:45:00,0.3352270722389221,0.0
2026-02-18 00:00:00,0.4765939712524414,0.0
2026-02-18 00:15:00,0.5028492212295532,0.0
2026-02-18 00:30:00,0.5454936623573303,0.0
2026-02-18 00:45:00,0.593708336353302,0.0
2026-02-18 01:00:00,0.585308849811554,0.0
2026-02-18 01:15:00,0.6033216714859009,0.0
2026-02-18 01:30:00,0.637755811214447,0.0
2026-02-18 01:45:00,0.665963351726532,0.0
2026-02-18 02:00:00,0.6591184139251709,0.0
2026-02-18 02:15:00,0.6722411513328552,0.0
2026-02-18 02:30:00,0.6908312439918518,0.0
2026-02-18 02:45:00,0.7018833756446838,0.0
2026-02-18 03:00:00,0.6964390873908997,0.0
2026-02-18 03:15:00,0.7045629620552063,0.0
2026-02-18 03:30:00,0.7093954086303711,0.0
2026-02-18 03:45:00,0.7089711427688599,0.0
2026-02-18 04:00:00,0.6980330348014832,0.0
2026-02-18 04:15:00,0.684849202632904,0.0
2026-02-18 04:30:00,0.6802797913551331,0.0
2026-02-18 04:45:00,0.6734721660614014,0.0
2026-02-18 05:00:00,0.6462361216545105,0.0
2026-02-18 05:15:00,0.6342582106590271,0.0
2026-02-18 05:30:00,0.6306053996086121,0.0
2026-02-18 05:45:00,0.6296679973602295,0.0
2026-02-18 06:00:00,0.610243022441864,0.0
2026-02-18 06:15:00,0.6057435870170593,0.0
2026-02-18 06:30:00,0.6093340516090393,0.0
2026-02-18 06:45:00,0.6111643314361572,0.0
2026-02-18 07:00:00,0.585151195526123,0.0
2026-02-18 07:15:00,0.5750376582145691,0.0
2026-02-18 07:30:00,0.5710383057594299,0.0
2026-02-18 07:45:00,0.5495960712432861,0.0
2026-02-18 08:00:00,0.4675750136375427,0.0
2026-02-18 08:15:00,0.38050365447998047,0.0
2026-02-18 08:30:00,0.2863463759422302,0.0
2026-02-18 08:45:00,0.18746063113212585,0.0
2026-02-18 09:00:00,0.13683348894119263,0.0
2026-02-18 09:15:00,0.07606679201126099,0.0
2026-02-18 09:30:00,0.03383752703666687,0.0
2026-02-18 09:45:00,0.01808246597647667,0.0
2026-02-18 10:00:00,0.009299106895923615,0.0
2026-02-18 10:15:00,-0.0007523372769355774,0.0
2026-02-18 10:30:00,-0.008493833243846893,0.0
2026-02-18 10:45:00,-0.014652349054813385,0.0
2026-02-18 11:00:00,-0.02646786719560623,0.0
2026-02-18 11:15:00,-0.03261488676071167,0.0
2026-02-18 11:30:00,-0.038210317492485046,0.0
2026-02-18 11:45:00,-0.03896191716194153,0.0
2026-02-18 12:00:00,-0.04225081205368042,-1000.0
2026-02-18 12:15:00,-0.048601552844047546,-1000.0
2026-02-18 12:30:00,-0.052108220756053925,-1000.0
2026-02-18 12:45:00,-0.052921026945114136,-1000.0
2026-02-18 13:00:00,-0.05042734742164612,-1000.0
2026-02-18 13:15:00,-0.05219592899084091,-1000.0
2026-02-18 13:30:00,-0.053785696625709534,-1000.0
2026-02-18 13:45:00,-0.052538491785526276,-1000.0
2026-02-18 14:00:00,-0.05118145793676376,0.0
2026-02-18 14:15:00,-0.05231868475675583,0.0
2026-02-18 14:30:00,-0.05268242955207825,0.0
2026-02-18 14:45:00,-0.052255794405937195,0.0
2026-02-18 15:00:00,-0.05232015252113342,0.0
2026-02-18 15:15:00,-0.05485999584197998,0.0
2026-02-18 15:30:00,-0.05621743202209473,0.0
2026-02-18 15:45:00,-0.056390970945358276,0.0
2026-02-18 16:00:00,-0.05444832891225815,0.0
2026-02-18 16:15:00,-0.05494697391986847,0.0
2026-02-18 16:30:00,-0.05337037891149521,0.0
2026-02-18 16:45:00,-0.04353629797697067,0.0
2026-02-18 17:00:00,-0.03754379600286484,0.0
2026-02-18 17:15:00,-0.020576968789100647,0.0
2026-02-18 17:30:00,0.008144047111272812,0.0
2026-02-18 17:45:00,0.04667679965496063,0.0
2026-02-18 18:00:00,0.0487547293305397,0.0
2026-02-18 18:15:00,0.07334994524717331,1000.0
2026-02-18 18:30:00,0.16196715831756592,1000.0
2026-02-18 18:45:00,0.2302817702293396,1000.0
2026-02-18 19:00:00,0.21216647326946259,1000.0
2026-02-18 19:15:00,0.20185907185077667,1000.0
2026-02-18 19:30:00,0.20333890616893768,1000.0
2026-02-18 19:45:00,0.21033139526844025,1000.0
2026-02-18 20:00:00,0.167086660861969,1000.0
2026-02-18 20:15:00,0.13485896587371826,0.0
2026-02-18 20:30:00,0.11555635929107666,0.0
2026-02-18 20:45:00,0.10874809324741364,0.0
2026-02-18 21:00:00,0.09023676812648773,0.0
2026-02-18 21:15:00,0.07346779853105545,0.0
2026-02-18 21:30:00,0.06070199981331825,0.0
2026-02-18 21:45:00,0.05867818742990494,0.0
2026-02-18 22:00:00,0.04903266206383705,0.0
2026-02-18 22:15:00,0.04525319114327431,0.0
2026-02-18 22:30:00,0.04491282254457474,0.0
2026-02-18 22:45:00,0.04678364843130112,0.0
2026-02-18 23:00:00,0.042866602540016174,0.0
2026-02-18 23:15:00,0.04181816056370735,0.0
2026-02-18 23:30:00,0.04322836920619011,0.0
2026-02-18 23:45:00,0.04726017639040947,0.0
2026-02-19 00:00:00,0.06525186449289322,0.0
2026-02-19 00:15:00,0.04646460711956024,0.0
2026-02-19 00:30:00,0.03572974354028702,0.0
2026-02-19 00:45:00,0.034167394042015076,0.0
2026-02-19 01:00:00,0.0309763066470623,0.0
2026-02-19 01:15:00,0.02855556830763817,0.0
2026-02-19 01:30:00,0.02877294272184372,0.0
2026-02-19 01:45:00,0.031551968306303024,0.0
2026-02-19 02:00:00,0.02871449664235115,0.0
2026-02-19 02:15:00,0.027498800307512283,0.0
2026-02-19 02:30:00,0.027934104204177856,0.0
2026-02-19 02:45:00,0.03082301840186119,0.0
2026-02-19 03:00:00,0.026729635894298553,0.0
2026-02-19 03:15:00,0.02461671456694603,0.0
2026-02-19 03:30:00,0.02522861585021019,0.0
2026-02-19 03:45:00,0.02914224937558174,0.0
2026-02-19 04:00:00,0.024017449468374252,0.0
2026-02-19 04:15:00,0.020862936973571777,0.0
2026-02-19 04:30:00,0.02103455737233162,0.0
2026-02-19 04:45:00,0.022557944059371948,0.0
2026-02-19 05:00:00,0.01651548594236374,0.0
2026-02-19 05:15:00,0.01220642402768135,0.0
2026-02-19 05:30:00,0.011010240763425827,0.0
2026-02-19 05:45:00,0.012035239487886429,0.0
2026-02-19 06:00:00,0.008527405560016632,0.0
2026-02-19 06:15:00,0.005942799150943756,0.0
2026-02-19 06:30:00,0.004999838769435883,0.0
2026-02-19 06:45:00,0.005377471446990967,0.0
2026-02-19 07:00:00,0.0027301982045173645,0.0
2026-02-19 07:15:00,0.001751147210597992,0.0
2026-02-19 07:30:00,0.0013352185487747192,0.0
2026-02-19 07:45:00,0.0028819069266319275,0.0
2026-02-19 08:00:00,0.0010791122913360596,0.0
2026-02-19 08:15:00,-0.004128746688365936,0.0
2026-02-19 08:30:00,-0.012294985353946686,0.0
2026-02-19 08:45:00,-0.02223283052444458,0.0
2026-02-19 09:00:00,-0.039363257586956024,0.0
2026-02-19 09:15:00,-0.05318447947502136,0.0
2026-02-19 09:30:00,-0.06176580488681793,0.0
2026-02-19 09:45:00,-0.0673782080411911,0.0
2026-02-19 10:00:00,-0.07169558107852936,0.0
2026-02-19 10:15:00,-0.075892373919487,0.0
2026-02-19 10:30:00,-0.07837088406085968,0.0
2026-02-19 10:45:00,-0.08031851053237915,0.0
2026-02-19 11:00:00,-0.08200699090957642,0.0
2026-02-19 11:15:00,-0.08290207386016846,0.0
2026-02-19 11:30:00,-0.08335410058498383,-1000.0
2026-02-19 11:45:00,-0.08249536156654358,-1000.0
2026-02-19 12:00:00,-0.08211320638656616,-1000.0
2026-02-19 12:15:00,-0.08213816583156586,-1000.0
2026-02-19 12:30:00,-0.081473708152771,-1000.0
2026-02-19 12:45:00,-0.07953676581382751,-1000.0
2026-02-19 13:00:00,-0.07828910648822784,-1000.0
2026-02-19 13:15:00,-0.07781842350959778,-1000.0
2026-02-19 13:30:00,-0.07689838111400604,0.0
2026-02-19 13:45:00,-0.0754278153181076,0.0
2026-02-19 14:00:00,-0.07440386712551117,0.0
2026-02-19 14:15:00,-0.07451966404914856,0.0
2026-02-19 14:30:00,-0.07452511787414551,0.0
2026-02-19 14:45:00,-0.0741247683763504,0.0
2026-02-19 15:00:00,-0.07345370948314667,0.0
2026-02-19 15:15:00,-0.07391473650932312,0.0
2026-02-19 15:30:00,-0.07444074749946594,0.0
2026-02-19 15:45:00,-0.07414673268795013,0.0
2026-02-19 16:00:00,-0.07261882722377777,0.0
2026-02-19 16:15:00,-0.07153588533401489,0.0
2026-02-19 16:30:00,-0.0674610286951065,0.0
2026-02-19 16:45:00,-0.06370007991790771,0.0
2026-02-19 17:00:00,-0.056181639432907104,0.0
2026-02-19 17:15:00,-0.04822595417499542,0.0
2026-02-19 17:30:00,-0.031729988753795624,0.0
2026-02-19 17:45:00,0.005341053009033203,0.0
2026-02-19 18:00:00,0.0205550380051136,0.0
2026-02-19 18:15:00,0.041383154690265656,1000.0
2026-02-19 18:30:00,0.054365552961826324,1000.0
2026-02-19 18:45:00,0.07237130403518677,1000.0
2026-02-19 19:00:00,0.06833010166883469,1000.0
2026-02-19 19:15:00,0.06741024553775787,1000.0
2026-02-19 19:30:00,0.06940329074859619,1000.0
2026-02-19 19:45:00,0.07514411956071854,1000.0
2026-02-19 20:00:00,0.0603586807847023,1000.0
2026-02-19 20:15:00,0.054115116596221924,0.0
2026-02-19 20:30:00,0.05411455035209656,0.0
2026-02-19 20:45:00,0.056355759501457214,0.0
2026-02-19 21:00:00,0.04702302813529968,0.0
2026-02-19 21:15:00,0.04524580389261246,0.0
2026-02-19 21:30:00,0.045987244695425034,0.0
2026-02-19 21:45:00,0.049283042550086975,0.0
2026-02-19 22:00:00,0.044579215347766876,0.0
2026-02-19 22:15:00,0.04420028254389763,0.0
2026-02-19 22:30:00,0.04576161503791809,0.0
2026-02-19 22:45:00,0.04884922131896019,0.0
2026-02-19 23:00:00,0.04309501126408577,0.0
2026-02-19 23:15:00,0.042819101363420486,0.0
2026-02-19 23:30:00,0.04497086629271507,0.0
2026-02-19 23:45:00,0.048797719180583954,0.0
2026-02-20 00:00:00,0.05988210439682007,0.0
2026-02-20 00:15:00,0.04625222831964493,0.0
2026-02-20 00:30:00,0.041144609451293945,0.0
2026-02-20 00:45:00,0.04198319464921951,0.0
2026-02-20 01:00:00,0.03639792650938034,0.0
2026-02-20 01:15:00,0.03197881579399109,0.0
2026-02-20 01:30:00,0.03095514327287674,0.0
2026-02-20 01:45:00,0.03198987618088722,0.0
2026-02-20 02:00:00,0.03020947054028511,0.0
2026-02-20 02:15:00,0.02778400480747223,0.0
2026-02-20 02:30:00,0.025716125965118408,0.0
2026-02-20 02:45:00,0.025417357683181763,0.0
2026-02-20 03:00:00,0.023443620651960373,0.0
2026-02-20 03:15:00,0.02068038284778595,0.0
2026-02-20 03:30:00,0.018101979047060013,0.0
2026-02-20 03:45:00,0.018494144082069397,0.0
2026-02-20 04:00:00,0.015852469950914383,0.0
2026-02-20 04:15:00,0.012571439146995544,0.0
2026-02-20 04:30:00,0.010394230484962463,0.0
2026-02-20 04:45:00,0.009757522493600845,0.0
2026-02-20 05:00:00,0.00819540023803711,0.0
2026-02-20 05:15:00,0.006288051605224609,0.0
2026-02-20 05:30:00,0.004710331559181213,0.0
2026-02-20 05:45:00,0.004713907837867737,0.0
2026-02-20 06:00:00,0.0035948380827903748,0.0
2026-02-20 06:15:00,0.0016273409128189087,0.0
2026-02-20 06:30:00,0.00010816752910614014,0.0
2026-02-20 06:45:00,0.00041300058364868164,0.0
2026-02-20 07:00:00,-0.0006487071514129639,0.0
2026-02-20 07:15:00,-0.003079712390899658,0.0
2026-02-20 07:30:00,-0.0032334178686141968,0.0
2026-02-20 07:45:00,-0.005152888596057892,0.0
2026-02-20 08:00:00,-0.0034372061491012573,0.0
2026-02-20 08:15:00,-0.006986983120441437,0.0
2026-02-20 08:30:00,-0.014721497893333435,0.0
2026-02-20 08:45:00,-0.022721171379089355,0.0
2026-02-20 09:00:00,-0.03628551959991455,0.0
2026-02-20 09:15:00,-0.050722286105155945,0.0
2026-02-20 09:30:00,-0.060361772775650024,0.0
2026-02-20 09:45:00,-0.06547559797763824,0.0
2026-02-20 10:00:00,-0.07129697501659393,0.0
2026-02-20 10:15:00,-0.07614459097385406,0.0
2026-02-20 10:30:00,-0.07822632789611816,0.0
2026-02-20 10:45:00,-0.07915070652961731,0.0
2026-02-20 11:00:00,-0.08077222108840942,0.0
2026-02-20 11:15:00,-0.08289732038974762,0.0
2026-02-20 11:30:00,-0.0820620208978653,-1000.0
2026-02-20 11:45:00,-0.08091054856777191,-1000.0
2026-02-20 12:00:00,-0.08159507811069489,-1000.0
2026-02-20 12:15:00,-0.08097177743911743,-1000.0
2026-02-20 12:30:00,-0.08022956550121307,-1000.0
2026-02-20 12:45:00,-0.08140186965465546,-1000.0
2026-02-20 13:00:00,-0.08042016625404358,-1000.0
2026-02-20 13:15:00,-0.08020944893360138,-1000.0
2026-02-20 13:30:00,-0.07950687408447266,0.0
2026-02-20 13:45:00,-0.07839207351207733,0.0
2026-02-20 14:00:00,-0.07716391980648041,0.0
2026-02-20 14:15:00,-0.07739005982875824,0.0
2026-02-20 14:30:00,-0.07754765450954437,0.0
2026-02-20 14:45:00,-0.07735221087932587,0.0
2026-02-20 15:00:00,-0.07636961340904236,0.0
2026-02-20 15:15:00,-0.07693403959274292,0.0
2026-02-20 15:30:00,-0.07674619555473328,0.0
2026-02-20 15:45:00,-0.07575622200965881,0.0
2026-02-20 16:00:00,-0.07219913601875305,0.0
2026-02-20 16:15:00,-0.06771785020828247,0.0
2026-02-20 16:30:00,-0.06804841756820679,0.0
2026-02-20 16:45:00,-0.0634928047657013,0.0
2026-02-20 17:00:00,-0.0539633184671402,0.0
2026-02-20 17:15:00,-0.04370490461587906,0.0
2026-02-20 17:30:00,-0.028735890984535217,0.0
2026-02-20 17:45:00,-0.00540228933095932,0.0
2026-02-20 18:00:00,0.007552631199359894,0.0
2026-02-20 18:15:00,0.0176033116877079,0.0
2026-02-20 18:30:00,0.029516030102968216,0.0
2026-02-20 18:45:00,0.037995487451553345,0.0
2026-02-20 19:00:00,0.037882477045059204,0.0
2026-02-20 19:15:00,0.04468864947557449,0.0
2026-02-20 19:30:00,0.0517888180911541,0.0
2026-02-20 19:45:00,0.06719690561294556,0.0
2026-02-20 20:00:00,0.05409114807844162,0.0
2026-02-20 20:15:00,0.047331295907497406,0.0
2026-02-20 20:30:00,0.04146868735551834,0.0
2026-02-20 20:45:00,0.04128152132034302,0.0
2026-02-20 21:00:00,0.037892065942287445,0.0
2026-02-20 21:15:00,0.038813646882772446,0.0
2026-02-20 21:30:00,0.04083286225795746,0.0
2026-02-20 21:45:00,0.04640014469623566,0.0
2026-02-20 22:00:00,0.04279370605945587,1000.0
2026-02-20 22:15:00,0.043244995176792145,1000.0
2026-02-20 22:30:00,0.04644489660859108,1000.0
2026-02-20 22:45:00,0.05316195264458656,1000.0
2026-02-20 23:00:00,0.049529727548360825,1000.0
2026-02-20 23:15:00,0.04955657944083214,1000.0
2026-02-20 23:30:00,0.051857173442840576,1000.0
2026-02-20 23:45:00,0.0556255578994751,1000.0
2026-02-21 00:00:00,0.041807111352682114,0.0
2026-02-21 00:15:00,0.04033429175615311,0.0
2026-02-21 00:30:00,0.03839386999607086,0.0
2026-02-21 00:45:00,0.03761240839958191,0.0
2026-02-21 01:00:00,0.035026825964450836,0.0
2026-02-21 01:15:00,0.03274359181523323,0.0
2026-02-21 01:30:00,0.03230207413434982,0.0
2026-02-21 01:45:00,0.03271001949906349,0.0
2026-02-21 02:00:00,0.03120085597038269,0.0
2026-02-21 02:15:00,0.03004090115427971,0.0
2026-02-21 02:30:00,0.028380408883094788,0.0
2026-02-21 02:45:00,0.028333548456430435,0.0
2026-02-21 03:00:00,0.019891370087862015,0.0
2026-02-21 03:15:00,0.009682312607765198,0.0
2026-02-21 03:30:00,0.007191382348537445,0.0
2026-02-21 03:45:00,0.009648397564888,0.0
2026-02-21 04:00:00,0.0035323426127433777,0.0
2026-02-21 04:15:00,-0.00044164806604385376,0.0
2026-02-21 04:30:00,-0.002295196056365967,0.0
2026-02-21 04:45:00,-0.0027743279933929443,0.0
2026-02-21 05:00:00,-0.008532688021659851,0.0
2026-02-21 05:15:00,-0.01294708251953125,0.0
2026-02-21 05:30:00,-0.01391870528459549,0.0
2026-02-21 05:45:00,-0.011899903416633606,0.0
2026-02-21 06:00:00,-0.016428127884864807,0.0
2026-02-21 06:15:00,-0.020043060183525085,0.0
2026-02-21 06:30:00,-0.020587265491485596,0.0
2026-02-21 06:45:00,-0.018219001591205597,0.0
2026-02-21 07:00:00,-0.022011205554008484,0.0
2026-02-21 07:15:00,-0.024671941995620728,0.0
2026-02-21 07:30:00,-0.02463901787996292,0.0
2026-02-21 07:45:00,-0.02135629951953888,0.0
2026-02-21 08:00:00,-0.022846892476081848,0.0
2026-02-21 08:15:00,-0.028152212500572205,0.0
2026-02-21 08:30:00,-0.03310313820838928,0.0
2026-02-21 08:45:00,-0.037711918354034424,0.0
2026-02-21 09:00:00,-0.048607006669044495,0.0
2026-02-21 09:15:00,-0.05865411460399628,0.0
2026-02-21 09:30:00,-0.06490997970104218,0.0
2026-02-21 09:45:00,-0.06735219061374664,0.0
2026-02-21 10:00:00,-0.07023695111274719,0.0
2026-02-21 10:15:00,-0.07372739911079407,0.0
2026-02-21 10:30:00,-0.07572886347770691,0.0
2026-02-21 10:45:00,-0.076541468501091,0.0
2026-02-21 11:00:00,-0.07503832876682281,0.0
2026-02-21 11:15:00,-0.07637381553649902,0.0
2026-02-21 11:30:00,-0.07740432024002075,-1000.0
2026-02-21 11:45:00,-0.07675458490848541,-1000.0
2026-02-21 12:00:00,-0.0736427754163742,-1000.0
2026-02-21 12:15:00,-0.07380345463752747,-1000.0
2026-02-21 12:30:00,-0.07353408634662628,-1000.0
2026-02-21 12:45:00,-0.07187308371067047,-1000.0
2026-02-21 13:00:00,-0.06833796203136444,-1000.0
2026-02-21 13:15:00,-0.06857128441333771,-1000.0
2026-02-21 13:30:00,-0.06864844262599945,0.0
2026-02-21 13:45:00,-0.06784756481647491,0.0
2026-02-21 14:00:00,-0.06456421315670013,0.0
2026-02-21 14:15:00,-0.0651904046535492,0.0
2026-02-21 14:30:00,-0.06609289348125458,0.0
2026-02-21 14:45:00,-0.06585617363452911,0.0
2026-02-21 15:00:00,-0.06244300305843353,0.0
2026-02-21 15:15:00,-0.06348630785942078,0.0
2026-02-21 15:30:00,-0.06462337076663971,0.0
2026-02-21 15:45:00,-0.06326058506965637,0.0
2026-02-21 16:00:00,-0.0565388947725296,0.0
2026-02-21 16:15:00,-0.05462801456451416,0.0
2026-02-21 16:30:00,-0.05175863951444626,0.0
2026-02-21 16:45:00,-0.047252148389816284,0.0
2026-02-21 17:00:00,-0.03562132269144058,0.0
2026-02-21 17:15:00,-0.020678743720054626,0.0
2026-02-21 17:30:00,-0.002706281840801239,0.0
2026-02-21 17:45:00,0.020774565637111664,0.0
2026-02-21 18:00:00,0.03524627164006233,0.0
2026-02-21 18:15:00,0.04367367550730705,0.0
2026-02-21 18:30:00,0.052536509931087494,0.0
2026-02-21 18:45:00,0.06871651113033295,0.0
2026-02-21 19:00:00,0.06991767883300781,0.0
2026-02-21 19:15:00,0.07874289900064468,0.0
2026-02-21 19:30:00,0.09719233214855194,0.0
2026-02-21 19:45:00,0.1206521987915039,0.0
2026-02-21 20:00:00,0.12170853465795517,0.0
2026-02-21 20:15:00,0.12665420770645142,0.0
2026-02-21 20:30:00,0.14270499348640442,0.0
2026-02-21 20:45:00,0.16333556175231934,0.0
2026-02-21 21:00:00,0.1767159104347229,0.0
2026-02-21 21:15:00,0.19385471940040588,0.0
2026-02-21 21:30:00,0.21375785768032074,0.0
2026-02-21 21:45:00,0.23162008821964264,0.0
2026-02-21 22:00:00,0.23328568041324615,1000.0
2026-02-21 22:15:00,0.23993606865406036,1000.0
2026-02-21 22:30:00,0.25161200761795044,1000.0
2026-02-21 22:45:00,0.2653568387031555,1000.0
2026-02-21 23:00:00,0.2696794271469116,1000.0
2026-02-21 23:15:00,0.27347975969314575,1000.0
2026-02-21 23:30:00,0.2782626152038574,1000.0
2026-02-21 23:45:00,0.28682470321655273,1000.0
2026-02-22 00:00:00,0.23486728966236115,0.0
2026-02-22 00:15:00,0.2627094089984894,0.0
2026-02-22 00:30:00,0.2662937045097351,0.0
2026-02-22 00:45:00,0.27966660261154175,0.0
2026-02-22 01:00:00,0.2794879674911499,0.0
2026-02-22 01:15:00,0.27537018060684204,0.0
2026-02-22 01:30:00,0.27748918533325195,0.0
2026-02-22 01:45:00,0.28536438941955566,0.0
2026-02-22 02:00:00,0.27698248624801636,0.0
2026-02-22 02:15:00,0.2746232748031616,0.0
2026-02-22 02:30:00,0.28501883149147034,0.0
2026-02-22 02:45:00,0.29864275455474854,0.0
2026-02-22 03:00:00,0.2813907265663147,0.0
2026-02-22 03:15:00,0.2808076739311218,0.0
2026-02-22 03:30:00,0.29207444190979004,0.0
2026-02-22 03:45:00,0.29688286781311035,0.0
2026-02-22 04:00:00,0.3017488420009613,0.0
2026-02-22 04:15:00,0.30883508920669556,0.0
2026-02-22 04:30:00,0.30550169944763184,0.0
2026-02-22 04:45:00,0.3053237199783325,0.0
2026-02-22 05:00:00,0.3168577551841736,0.0
2026-02-22 05:15:00,0.32546406984329224,0.0
2026-02-22 05:30:00,0.3309568762779236,0.0
2026-02-22 05:45:00,0.33016735315322876,0.0
2026-02-22 06:00:00,0.3371478319168091,0.0
2026-02-22 06:15:00,0.35199105739593506,0.0
2026-02-22 06:30:00,0.35960376262664795,0.0
2026-02-22 06:45:00,0.36138737201690674,0.0
2026-02-22 07:00:00,0.35725831985473633,0.0
2026-02-22 07:15:00,0.3609657287597656,0.0
2026-02-22 07:30:00,0.35753822326660156,0.0
2026-02-22 07:45:00,0.3602287769317627,0.0
2026-02-22 08:00:00,0.3138059973716736,0.0
2026-02-22 08:15:00,0.25818192958831787,0.0
2026-02-22 08:30:00,0.20203840732574463,0.0
2026-02-22 08:45:00,0.14692625403404236,0.0
2026-02-22 09:00:00,0.11980916559696198,0.0
2026-02-22 09:15:00,0.07665793597698212,0.0
2026-02-22 09:30:00,0.0409386120736599,0.0
2026-02-22 09:45:00,0.01810586079955101,0.0
2026-02-22 10:00:00,0.013430163264274597,0.0
2026-02-22 10:15:00,0.006770528852939606,0.0
2026-02-22 10:30:00,-0.005591444671154022,0.0
2026-02-22 10:45:00,-0.015975669026374817,0.0
2026-02-22 11:00:00,-0.01586019992828369,0.0
2026-02-22 11:15:00,-0.019735023379325867,0.0
2026-02-22 11:30:00,-0.02482376992702484,0.0
2026-02-22 11:45:00,-0.02975437045097351,0.0
2026-02-22 12:00:00,-0.025727570056915283,-1000.0
2026-02-22 12:15:00,-0.026300743222236633,-1000.0
2026-02-22 12:30:00,-0.028456538915634155,-1000.0
2026-02-22 12:45:00,-0.03166700154542923,-1000.0
2026-02-22 13:00:00,-0.02644333243370056,-1000.0
2026-02-22 13:15:00,-0.02594083547592163,-1000.0
2026-02-22 13:30:00,-0.027271129190921783,-1000.0
2026-02-22 13:45:00,-0.02949395775794983,-1000.0
2026-02-22 14:00:00,-0.023931682109832764,0.0
2026-02-22 14:15:00,-0.022616639733314514,0.0
2026-02-22 14:30:00,-0.023148566484451294,0.0
2026-02-22 14:45:00,-0.02474367618560791,0.0
2026-02-22 15:00:00,-0.018975190818309784,0.0
2026-02-22 15:15:00,-0.01707795262336731,0.0
2026-02-22 15:30:00,-0.017061665654182434,0.0
2026-02-22 15:45:00,-0.015864774584770203,0.0
2026-02-22 16:00:00,-0.008306503295898438,0.0
2026-02-22 16:15:00,-0.0014452263712882996,0.0
2026-02-22 16:30:00,0.008729204535484314,0.0
2026-02-22 16:45:00,0.027918975800275803,0.0
2026-02-22 17:00:00,0.037805333733558655,0.0
2026-02-22 17:15:00,0.0550326444208622,0.0
2026-02-22 17:30:00,0.11392323672771454,0.0
2026-02-22 17:45:00,0.3659902811050415,0.0
2026-02-22 18:00:00,0.5414800047874451,0.0
2026-02-22 18:15:00,0.7539669871330261,0.0
2026-02-22 18:30:00,0.9437629580497742,0.0
2026-02-22 18:45:00,1.1197516918182373,0.0
2026-02-22 19:00:00,1.1199920177459717,0.0
2026-02-22 19:15:00,1.174404263496399,0.0
2026-02-22 19:30:00,1.2430917024612427,0.0
2026-02-22 19:45:00,1.3187613487243652,1000.0
2026-02-22 20:00:00,1.2811453342437744,1000.0
2026-02-22 20:15:00,1.2829999923706055,1000.0
2026-02-22 20:30:00,1.3138206005096436,1000.0
2026-02-22 20:45:00,1.3505730628967285,1000.0
2026-02-22 21:00:00,1.2909092903137207,1000.0
2026-02-22 21:15:00,1.276160478591919,1000.0
2026-02-22 21:30:00,1.2864990234375,1000.0
2026-02-22 21:45:00,1.3030048608779907,0.0
2026-02-22 22:00:00,1.2209223508834839,0.0
2026-02-22 22:15:00,1.194863200187683,0.0
2026-02-22 22:30:00,1.1931143999099731,0.0
2026-02-22 22:45:00,1.204298496246338,0.0
2026-02-22 23:00:00,1.1362190246582031,0.0
2026-02-22 23:15:00,1.1049857139587402,0.0
2026-02-22 23:30:00,1.097653865814209,0.0
2026-02-22 23:45:00,1.0949527025222778,0.0
2026-02-23 00:00:00,0.9398446679115295,0.0
2026-02-23 00:15:00,0.8991687893867493,0.0
2026-02-23 00:30:00,0.8833599090576172,0.0
2026-02-23 00:45:00,0.8666333556175232,0.0
2026-02-23 01:00:00,0.8451576232910156,0.0
2026-02-23 01:15:00,0.8127244710922241,0.0
2026-02-23 01:30:00,0.7745858430862427,0.0
2026-02-23 01:45:00,0.7429450750350952,0.0
2026-02-23 02:00:00,0.7114100456237793,0.0
2026-02-23 02:15:00,0.6628232598304749,0.0
2026-02-23 02:30:00,0.6358909010887146,0.0
2026-02-23 02:45:00,0.6141065359115601,0.0
2026-02-23 03:00:00,0.5827694535255432,0.0
2026-02-23 03:15:00,0.5650551915168762,0.0
2026-02-23 03:30:00,0.5497936010360718,0.0
2026-02-23 03:45:00,0.5346381664276123,0.0
2026-02-23 04:00:00,0.5146164894104004,0.0
2026-02-23 04:15:00,0.5026620626449585,0.0
2026-02-23 04:30:00,0.49560070037841797,0.0
2026-02-23 04:45:00,0.49205613136291504,0.0
2026-02-23 05:00:00,0.480851411819458,0.0
2026-02-23 05:15:00,0.48627644777297974,0.0
2026-02-23 05:30:00,0.49612271785736084,0.0
2026-02-23 05:45:00,0.5115838050842285,0.0
2026-02-23 06:00:00,0.5144895911216736,0.0
2026-02-23 06:15:00,0.5334143042564392,0.0
2026-02-23 06:30:00,0.556013822555542,0.0
2026-02-23 06:45:00,0.5791662931442261,0.0
2026-02-23 07:00:00,0.5892102122306824,0.0
2026-02-23 07:15:00,0.6038947701454163,0.0
2026-02-23 07:30:00,0.6167570948600769,0.0
2026-02-23 07:45:00,0.6267696619033813,0.0
2026-02-23 08:00:00,0.6023118495941162,0.0
2026-02-23 08:15:00,0.5792834758758545,0.0
2026-02-23 08:30:00,0.5460813641548157,0.0
2026-02-23 08:45:00,0.45330822467803955,0.0
2026-02-23 09:00:00,0.3225196599960327,0.0
2026-02-23 09:15:00,0.22777047753334045,0.0
2026-02-23 09:30:00,0.15134015679359436,0.0
2026-02-23 09:45:00,0.10202063620090485,0.0
2026-02-23 10:00:00,0.05974791198968887,0.0
2026-02-23 10:15:00,0.03462561219930649,0.0
2026-02-23 10:30:00,0.022422470152378082,0.0
2026-02-23 10:45:00,0.014842260628938675,0.0
2026-02-23 11:00:00,0.010300863534212112,0.0
2026-02-23 11:15:00,0.0016162842512130737,0.0
2026-02-23 11:30:00,-0.009686917066574097,0.0
2026-02-23 11:45:00,-0.014181651175022125,0.0
2026-02-23 12:00:00,-0.014766208827495575,0.0
2026-02-23 12:15:00,-0.02071595937013626,-1000.0
2026-02-23 12:30:00,-0.024942152202129364,-1000.0
2026-02-23 12:45:00,-0.02524624764919281,-1000.0
2026-02-23 13:00:00,-0.025520287454128265,-1000.0
2026-02-23 13:15:00,-0.027612701058387756,-1000.0
2026-02-23 13:30:00,-0.02696792036294937,-1000.0
2026-02-23 13:45:00,-0.02387581765651703,-1000.0
2026-02-23 14:00:00,-0.027010604739189148,-1000.0
2026-02-23 14:15:00,-0.027594514191150665,0.0
2026-02-23 14:30:00,-0.026881597936153412,0.0
2026-02-23 14:45:00,-0.022962898015975952,0.0
2026-02-23 15:00:00,-0.025119900703430176,0.0
2026-02-23 15:15:00,-0.024161137640476227,0.0
2026-02-23 15:30:00,-0.020316340029239655,0.0
2026-02-23 15:45:00,-0.011553868651390076,0.0
2026-02-23 16:00:00,-0.012122578918933868,0.0
2026-02-23 16:15:00,-0.007123731076717377,0.0
2026-02-23 16:30:00,0.0035551637411117554,0.0
2026-02-23 16:45:00,0.03153454512357712,0.0
2026-02-23 17:00:00,0.0396498441696167,0.0
2026-02-23 17:15:00,0.058171503245830536,0.0
2026-02-23 17:30:00,0.16678757965564728,0.0
2026-02-23 17:45:00,0.4652301073074341,0.0
2026-02-23 18:00:00,0.6205882430076599,0.0
2026-02-23 18:15:00,0.8117342591285706,0.0
2026-02-23 18:30:00,0.981491208076477,0.0
2026-02-23 18:45:00,1.1124919652938843,0.0
2026-02-23 19:00:00,1.1182798147201538,0.0
2026-02-23 19:15:00,1.1647753715515137,0.0
2026-02-23 19:30:00,1.2242498397827148,0.0
2026-02-23 19:45:00,1.3200292587280273,1000.0
2026-02-23 20:00:00,1.283982276916504,1000.0
2026-02-23 20:15:00,1.3030979633331299,1000.0
2026-02-23 20:30:00,1.3482224941253662,1000.0
2026-02-23 20:45:00,1.3804848194122314,1000.0
2026-02-23 21:00:00,1.3220446109771729,1000.0
2026-02-23 21:15:00,1.3005955219268799,1000.0
2026-02-23 21:30:00,1.293862223625183,1000.0
2026-02-23 21:45:00,1.2934378385543823,0.0
2026-02-23 22:00:00,1.2218520641326904,0.0
2026-02-23 22:15:00,1.181792974472046,0.0
2026-02-23 22:30:00,1.1660127639770508,0.0
2026-02-23 22:45:00,1.1633732318878174,0.0
2026-02-23 23:00:00,1.127207636833191,0.0
2026-02-23 23:15:00,1.1012076139450073,0.0
2026-02-23 23:30:00,1.0891427993774414,0.0
2026-02-23 23:45:00,1.0882933139801025,0.0
2026-02-24 00:00:00,1.002140998840332,0.0
2026-02-24 00:15:00,1.0185956954956055,0.0
2026-02-24 00:30:00,1.0136518478393555,0.0
2026-02-24 00:45:00,0.9923431873321533,0.0
2026-02-24 01:00:00,1.0022917985916138,0.0
2026-02-24 01:15:00,0.9864020943641663,0.0
2026-02-24 01:30:00,0.9601895213127136,0.0
2026-02-24 01:45:00,0.9317139983177185,0.0
2026-02-24 02:00:00,0.9290570020675659,0.0
2026-02-24 02:15:00,0.9180666208267212,0.0
2026-02-24 02:30:00,0.8965561985969543,0.0
2026-02-24 02:45:00,0.8700639605522156,0.0
2026-02-24 03:00:00,0.8632461428642273,0.0
2026-02-24 03:15:00,0.8489331007003784,0.0
2026-02-24 03:30:00,0.8336859345436096,0.0
2026-02-24 03:45:00,0.8158593773841858,0.0
2026-02-24 04:00:00,0.804679811000824,0.0
2026-02-24 04:15:00,0.789500892162323,0.0
2026-02-24 04:30:00,0.7723823189735413,0.0
2026-02-24 04:45:00,0.7590263485908508,0.0
2026-02-24 05:00:00,0.7449730634689331,0.0
2026-02-24 05:15:00,0.7347648739814758,0.0
2026-02-24 05:30:00,0.7238394618034363,0.0
2026-02-24 05:45:00,0.7161911129951477,0.0
2026-02-24 06:00:00,0.7075445652008057,0.0
2026-02-24 06:15:00,0.6966508030891418,0.0
2026-02-24 06:30:00,0.688389003276825,0.0
2026-02-24 06:45:00,0.685596764087677,0.0
2026-02-24 07:00:00,0.6812887787818909,0.0
2026-02-24 07:15:00,0.6726279258728027,0.0
2026-02-24 07:30:00,0.6674651503562927,0.0
2026-02-24 07:45:00,0.6623409986495972,0.0
2026-02-24 08:00:00,0.6325590014457703,0.0
2026-02-24 08:15:00,0.5677566528320312,0.0
2026-02-24 08:30:00,0.43741941452026367,0.0
2026-02-24 08:45:00,0.28068286180496216,0.0
2026-02-24 09:00:00,0.15415436029434204,0.0
2026-02-24 09:15:00,0.05295700207352638,0.0
2026-02-24 09:30:00,0.01691700518131256,0.0
2026-02-24 09:45:00,0.004364468157291412,0.0
2026-02-24 10:00:00,-0.0031177550554275513,0.0
2026-02-24 10:15:00,-0.01958465576171875,0.0
2026-02-24 10:30:00,-0.0356825515627861,0.0
2026-02-24 10:45:00,-0.04262666404247284,0.0
2026-02-24 11:00:00,-0.04419215768575668,0.0
2026-02-24 11:15:00,-0.05125364661216736,0.0
2026-02-24 11:30:00,-0.05598844587802887,0.0
2026-02-24 11:45:00,-0.057718366384506226,0.0
2026-02-24 12:00:00,-0.05750417709350586,-1000.0
2026-02-24 12:15:00,-0.06065726280212402,-1000.0
2026-02-24 12:30:00,-0.06217220425605774,-1000.0
2026-02-24 12:45:00,-0.059511393308639526,-1000.0
2026-02-24 13:00:00,-0.05894356966018677,-1000.0
2026-02-24 13:15:00,-0.0637267678976059,-1000.0
2026-02-24 13:30:00,-0.06046834588050842,-1000.0
2026-02-24 13:45:00,-0.060314908623695374,-1000.0
2026-02-24 14:00:00,-0.0609770268201828,0.0
2026-02-24 14:15:00,-0.062386929988861084,0.0
2026-02-24 14:30:00,-0.06616537272930145,0.0
2026-02-24 14:45:00,-0.06220443546772003,0.0
2026-02-24 15:00:00,-0.06242892146110535,0.0
2026-02-24 15:15:00,-0.06272925436496735,0.0
2026-02-24 15:30:00,-0.06199447810649872,0.0
2026-02-24 15:45:00,-0.06311847269535065,0.0
2026-02-24 16:00:00,-0.06261667609214783,0.0
2026-02-24 16:15:00,-0.061293452978134155,0.0
2026-02-24 16:30:00,-0.05441286414861679,0.0
2026-02-24 16:45:00,-0.03362755477428436,0.0
2026-02-24 17:00:00,-0.0289527028799057,0.0
2026-02-24 17:15:00,-0.009158037602901459,0.0
2026-02-24 17:30:00,0.020942725241184235,0.0
2026-02-24 17:45:00,0.04947907105088234,0.0
2026-02-24 18:00:00,0.04878050088882446,0.0
2026-02-24 18:15:00,0.06517257541418076,1000.0
2026-02-24 18:30:00,0.12828579545021057,1000.0
2026-02-24 18:45:00,0.18257009983062744,1000.0
2026-02-24 19:00:00,0.15618300437927246,1000.0
2026-02-24 19:15:00,0.13517186045646667,1000.0
2026-02-24 19:30:00,0.1327809989452362,1000.0
2026-02-24 19:45:00,0.12302395701408386,1000.0
2026-02-24 20:00:00,0.0837392583489418,1000.0
2026-02-24 20:15:00,0.06585589796304703,0.0
2026-02-24 20:30:00,0.060531049966812134,0.0
2026-02-24 20:45:00,0.05916762724518776,0.0
2026-02-24 21:00:00,0.04435541480779648,0.0
2026-02-24 21:15:00,0.0389682799577713,0.0
2026-02-24 21:30:00,0.03753635659813881,0.0
2026-02-24 21:45:00,0.03912535309791565,0.0
2026-02-24 22:00:00,0.03387656807899475,0.0
2026-02-24 22:15:00,0.032735660672187805,0.0
2026-02-24 22:30:00,0.03350216895341873,0.0
2026-02-24 22:45:00,0.03709901496767998,0.0
2026-02-24 23:00:00,0.02864108979701996,0.0
2026-02-24 23:15:00,0.025662127882242203,0.0
2026-02-24 23:30:00,0.02712864801287651,0.0
2026-02-24 23:45:00,0.035171955823898315,0.0
2026-02-25 00:00:00,0.05493725836277008,-1000.0
2026-02-25 00:15:00,0.04782477021217346,-1000.0
2026-02-25 00:30:00,0.04854171723127365,-1000.0
2026-02-25 00:45:00,0.051000773906707764,-1000.0
2026-02-25 01:00:00,0.041883859783411026,-1000.0
2026-02-25 01:15:00,0.03820119798183441,-1000.0
2026-02-25 01:30:00,0.03925195336341858,-1000.0
2026-02-25 01:45:00,0.04297740012407303,-1000.0
2026-02-25 02:00:00,0.0345107726752758,0.0
2026-02-25 02:15:00,0.030576683580875397,0.0
2026-02-25 02:30:00,0.03111826628446579,0.0
2026-02-25 02:45:00,0.03635399043560028,0.0
2026-02-25 03:00:00,0.028422333300113678,0.0
2026-02-25 03:15:00,0.025812916457653046,0.0
2026-02-25 03:30:00,0.02870822325348854,0.0
2026-02-25 03:45:00,0.03577815368771553,0.0
2026-02-25 04:00:00,0.029270648956298828,0.0
2026-02-25 04:15:00,0.029157832264900208,0.0
2026-02-25 04:30:00,0.03390652686357498,0.0
2026-02-25 04:45:00,0.03776601701974869,0.0
2026-02-25 05:00:00,0.030834518373012543,0.0
2026-02-25 05:15:00,0.03410095348954201,0.0
2026-02-25 05:30:00,0.03890851512551308,0.0
2026-02-25 05:45:00,0.04603538662195206,0.0
2026-02-25 06:00:00,0.04765371233224869,0.0
2026-02-25 06:15:00,0.05402383953332901,0.0
2026-02-25 06:30:00,0.06463898718357086,0.0
2026-02-25 06:45:00,0.08422441780567169,0.0
2026-02-25 07:00:00,0.09464968740940094,0.0
2026-02-25 07:15:00,0.11486010253429413,0.0
2026-02-25 07:30:00,0.1426202356815338,0.0
2026-02-25 07:45:00,0.1757836490869522,0.0
2026-02-25 08:00:00,0.1713678389787674,0.0
2026-02-25 08:15:00,0.1453244686126709,0.0
2026-02-25 08:30:00,0.1237671747803688,0.0
2026-02-25 08:45:00,0.1009315550327301,0.0
2026-02-25 09:00:00,0.07482057809829712,0.0
2026-02-25 09:15:00,0.05043938010931015,0.0
2026-02-25 09:30:00,0.04270703345537186,0.0
2026-02-25 09:45:00,0.04079394042491913,0.0
2026-02-25 10:00:00,0.03761677443981171,0.0
2026-02-25 10:15:00,0.029407788068056107,0.0
2026-02-25 10:30:00,0.02571265771985054,0.0
2026-02-25 10:45:00,0.030093573033809662,0.0
2026-02-25 11:00:00,0.03086027130484581,0.0
2026-02-25 11:15:00,0.028709545731544495,0.0
2026-02-25 11:30:00,0.02755187451839447,0.0
2026-02-25 11:45:00,0.031110592186450958,0.0
2026-02-25 12:00:00,0.030051786452531815,0.0
2026-02-25 12:15:00,0.027015384286642075,0.0
2026-02-25 12:30:00,0.02759358286857605,0.0
2026-02-25 12:45:00,0.03426601365208626,0.0
2026-02-25 13:00:00,0.03660793602466583,0.0
2026-02-25 13:15:00,0.03573571518063545,0.0
2026-02-25 13:30:00,0.037410277873277664,0.0
2026-02-25 13:45:00,0.046471819281578064,0.0
2026-02-25 14:00:00,0.04801911488175392,0.0
2026-02-25 14:15:00,0.049742441624403,0.0
2026-02-25 14:30:00,0.055321186780929565,0.0
2026-02-25 14:45:00,0.06745927780866623,0.0
2026-02-25 15:00:00,0.06996634602546692,0.0
2026-02-25 15:15:00,0.07549720257520676,0.0
2026-02-25 15:30:00,0.08482764661312103,0.0
2026-02-25 15:45:00,0.11962060630321503,0.0
2026-02-25 16:00:00,0.1487363874912262,0.0
2026-02-25 16:15:00,0.20379360020160675,0.0
2026-02-25 16:30:00,0.3467845320701599,0.0
2026-02-25 16:45:00,0.5626944899559021,0.0
2026-02-25 17:00:00,0.6600231528282166,0.0
2026-02-25 17:15:00,0.8230852484703064,0.0
2026-02-25 17:30:00,0.9808444976806641,0.0
2026-02-25 17:45:00,1.0950151681900024,0.0
2026-02-25 18:00:00,1.0866706371307373,0.0
2026-02-25 18:15:00,1.1748639345169067,0.0
2026-02-25 18:30:00,1.236591100692749,0.0
2026-02-25 18:45:00,1.2975131273269653,0.0
2026-02-25 19:00:00,1.2405109405517578,0.0
2026-02-25 19:15:00,1.2317017316818237,0.0
2026-02-25 19:30:00,1.2468535900115967,0.0
2026-02-25 19:45:00,1.286551833152771,0.0
2026-02-25 20:00:00,1.220506191253662,0.0
2026-02-25 20:15:00,1.207982063293457,0.0
2026-02-25 20:30:00,1.2275959253311157,0.0
2026-02-25 20:45:00,1.2702584266662598,0.0
2026-02-25 21:00:00,1.2086455821990967,0.0
2026-02-25 21:15:00,1.2022581100463867,0.0
2026-02-25 21:30:00,1.2230746746063232,0.0
2026-02-25 21:45:00,1.2686243057250977,0.0
2026-02-25 22:00:00,1.2229223251342773,1000.0
2026-02-25 22:15:00,1.22588312625885,1000.0
2026-02-25 22:30:00,1.2510558366775513,1000.0
2026-02-25 22:45:00,1.2890779972076416,1000.0
2026-02-25 23:00:00,1.240386724472046,1000.0
2026-02-25 23:15:00,1.2306946516036987,1000.0
2026-02-25 23:30:00,1.2479937076568604,1000.0
2026-02-25 23:45:00,1.2813923358917236,1000.0
2026-02-26 00:00:00,1.5047757625579834,0.0
2026-02-26 00:15:00,1.63187575340271,0.0
2026-02-26 00:30:00,1.6641076803207397,0.0
2026-02-26 00:45:00,1.6579504013061523,0.0
2026-02-26 01:00:00,1.7134051322937012,0.0
2026-02-26 01:15:00,1.7266888618469238,0.0
2026-02-26 01:30:00,1.7145991325378418,0.0
2026-02-26 01:45:00,1.6878857612609863,0.0
2026-02-26 02:00:00,1.7186390161514282,0.0
2026-02-26 02:15:00,1.718403935432434,0.0
2026-02-26 02:30:00,1.6990348100662231,0.0
2026-02-26 02:45:00,1.6682894229888916,0.0
2026-02-26 03:00:00,1.6755131483078003,0.0
2026-02-26 03:15:00,1.6641771793365479,0.0
2026-02-26 03:30:00,1.6410192251205444,0.0
2026-02-26 03:45:00,1.6067171096801758,0.0
2026-02-26 04:00:00,1.6172583103179932,0.0
2026-02-26 04:15:00,1.6103744506835938,0.0
2026-02-26 04:30:00,1.5953361988067627,0.0
2026-02-26 04:45:00,1.5707489252090454,0.0
2026-02-26 05:00:00,1.5848801136016846,0.0
2026-02-26 05:15:00,1.5806372165679932,0.0
2026-02-26 05:30:00,1.5604338645935059,0.0
2026-02-26 05:45:00,1.518001914024353,0.0
2026-02-26 06:00:00,1.5009907484054565,0.0
2026-02-26 06:15:00,1.4787802696228027,0.0
2026-02-26 06:30:00,1.457639455795288,0.0
2026-02-26 06:45:00,1.4383823871612549,0.0
2026-02-26 07:00:00,1.4221675395965576,0.0
2026-02-26 07:15:00,1.4091719388961792,0.0
2026-02-26 07:30:00,1.4098048210144043,0.0
2026-02-26 07:45:00,1.4090726375579834,0.0
2026-02-26 08:00:00,1.3902413845062256,0.0
2026-02-26 08:15:00,1.3797292709350586,0.0
2026-02-26 08:30:00,1.37532639503479,0.0
2026-02-26 08:45:00,1.3658170700073242,0.0
2026-02-26 09:00:00,1.3183419704437256,0.0
2026-02-26 09:15:00,1.2776285409927368,0.0
2026-02-26 09:30:00,1.2388436794281006,0.0
2026-02-26 09:45:00,1.2038322687149048,0.0
2026-02-26 10:00:00,1.1377019882202148,0.0
2026-02-26 10:15:00,1.0877453088760376,0.0
2026-02-26 10:30:00,1.0508363246917725,0.0
2026-02-26 10:45:00,1.0148522853851318,0.0
2026-02-26 11:00:00,0.9284647107124329,0.0
2026-02-26 11:15:00,0.8661944270133972,0.0
2026-02-26 11:30:00,0.8224319815635681,0.0
2026-02-26 11:45:00,0.7896205186843872,0.0
2026-02-26 12:00:00,0.6682905554771423,0.0
2026-02-26 12:15:00,0.5721256136894226,0.0
2026-02-26 12:30:00,0.5253291726112366,0.0
2026-02-26 12:45:00,0.5150129795074463,0.0
2026-02-26 13:00:00,0.4352731704711914,-1000.0
2026-02-26 13:15:00,0.3963717222213745,-1000.0
2026-02-26 13:30:00,0.3974316120147705,-1000.0
2026-02-26 13:45:00,0.4268035888671875,-1000.0
2026-02-26 14:00:00,0.3747866749763489,-1000.0
2026-02-26 14:15:00,0.36173129081726074,-1000.0
2026-02-26 14:30:00,0.3862113952636719,-1000.0
2026-02-26 14:45:00,0.450600802898407,-1000.0
2026-02-26 15:00:00,0.42944061756134033,0.0
2026-02-26 15:15:00,0.45627957582473755,0.0
2026-02-26 15:30:00,0.5241026878356934,0.0
2026-02-26 15:45:00,0.613282322883606,0.0
2026-02-26 16:00:00,0.6210067868232727,0.0
2026-02-26 16:15:00,0.6953877210617065,0.0
2026-02-26 16:30:00,0.8265869617462158,0.0
2026-02-26 16:45:00,0.972926914691925,0.0
2026-02-26 17:00:00,0.9999253749847412,0.0
2026-02-26 17:15:00,1.0798882246017456,0.0
2026-02-26 17:30:00,1.2197847366333008,0.0
2026-02-26 17:45:00,1.3728188276290894,0.0
2026-02-26 18:00:00,1.37803053855896,0.0
2026-02-26 18:15:00,1.4623825550079346,1000.0
2026-02-26 18:30:00,1.5273075103759766,1000.0
2026-02-26 18:45:00,1.5739842653274536,1000.0
2026-02-26 19:00:00,1.5181946754455566,1000.0
2026-02-26 19:15:00,1.4916393756866455,1000.0
2026-02-26 19:30:00,1.5007359981536865,1000.0
2026-02-26 19:45:00,1.5013426542282104,1000.0
2026-02-26 20:00:00,1.4078911542892456,1000.0
2026-02-26 20:15:00,1.3578697443008423,0.0
2026-02-26 20:30:00,1.340991735458374,0.0
2026-02-26 20:45:00,1.3314968347549438,0.0
2026-02-26 21:00:00,1.2119529247283936,0.0
2026-02-26 21:15:00,1.1423687934875488,0.0
2026-02-26 21:30:00,1.1142221689224243,0.0
2026-02-26 21:45:00,1.1096107959747314,0.0
2026-02-26 22:00:00,1.0271058082580566,0.0
2026-02-26 22:15:00,0.9826894402503967,0.0
2026-02-26 22:30:00,0.9622158408164978,0.0
2026-02-26 22:45:00,0.9430879950523376,0.0
2026-02-26 23:00:00,0.8519272804260254,0.0
2026-02-26 23:15:00,0.7702625393867493,0.0
2026-02-26 23:30:00,0.737034022808075,0.0
2026-02-26 23:45:00,0.7248115539550781,0.0
2026-02-27 00:00:00,0.8891384601593018,0.0
2026-02-27 00:15:00,0.9632790684700012,0.0
2026-02-27 00:30:00,1.0041882991790771,0.0
2026-02-27 00:45:00,1.012690782546997,0.0
2026-02-27 01:00:00,1.0553494691848755,0.0
2026-02-27 01:15:00,1.081913948059082,0.0
2026-02-27 01:30:00,1.0951545238494873,0.0
2026-02-27 01:45:00,1.0825467109680176,0.0
2026-02-27 02:00:00,1.1157124042510986,0.0
2026-02-27 02:15:00,1.1295732259750366,0.0
2026-02-27 02:30:00,1.1289693117141724,0.0
2026-02-27 02:45:00,1.111231803894043,0.0
2026-02-27 03:00:00,1.1414909362792969,0.0
2026-02-27 03:15:00,1.150214433670044,0.0
2026-02-27 03:30:00,1.1447765827178955,0.0
2026-02-27 03:45:00,1.1235222816467285,0.0
2026-02-27 04:00:00,1.1552116870880127,0.0
2026-02-27 04:15:00,1.1639134883880615,0.0
2026-02-27 04:30:00,1.154557228088379,0.0
2026-02-27 04:45:00,1.133362889289856,0.0
2026-02-27 05:00:00,1.1672050952911377,0.0
2026-02-27 05:15:00,1.181186318397522,0.0
2026-02-27 05:30:00,1.1702827215194702,0.0
2026-02-27 05:45:00,1.1507132053375244,0.0
2026-02-27 06:00:00,1.1775639057159424,0.0
2026-02-27 06:15:00,1.1911715269088745,0.0
2026-02-27 06:30:00,1.1875288486480713,0.0
2026-02-27 06:45:00,1.177022933959961,0.0
2026-02-27 07:00:00,1.2001285552978516,0.0
2026-02-27 07:15:00,1.1951019763946533,0.0
2026-02-27 07:30:00,1.1921906471252441,0.0
2026-02-27 07:45:00,1.1931538581848145,0.0
2026-02-27 08:00:00,1.2048108577728271,0.0
2026-02-27 08:15:00,1.2065467834472656,0.0
2026-02-27 08:30:00,1.1969801187515259,0.0
2026-02-27 08:45:00,1.163981318473816,0.0
2026-02-27 09:00:00,1.0992891788482666,0.0
2026-02-27 09:15:00,1.038346290588379,0.0
2026-02-27 09:30:00,0.9651697874069214,0.0
2026-02-27 09:45:00,0.8841788172721863,0.0
2026-02-27 10:00:00,0.7635700106620789,0.0
2026-02-27 10:15:00,0.6583852767944336,0.0
2026-02-27 10:30:00,0.5636329054832458,0.0
2026-02-27 10:45:00,0.4929879903793335,0.0
2026-02-27 11:00:00,0.3921024203300476,0.0
2026-02-27 11:15:00,0.33022964000701904,0.0
2026-02-27 11:30:00,0.2824499011039734,0.0
2026-02-27 11:45:00,0.25919556617736816,0.0
2026-02-27 12:00:00,0.21657291054725647,0.0
2026-02-27 12:15:00,0.18781957030296326,0.0
2026-02-27 12:30:00,0.16711005568504333,0.0
2026-02-27 12:45:00,0.16086144745349884,0.0
2026-02-27 13:00:00,0.14876201748847961,-1000.0
2026-02-27 13:15:00,0.13642865419387817,-1000.0
2026-02-27 13:30:00,0.13116860389709473,-1000.0
2026-02-27 13:45:00,0.13587170839309692,-1000.0
2026-02-27 14:00:00,0.13634906709194183,-1000.0
2026-02-27 14:15:00,0.13090190291404724,-1000.0
2026-02-27 14:30:00,0.13240250945091248,-1000.0
2026-02-27 14:45:00,0.15550051629543304,-1000.0
2026-02-27 15:00:00,0.17314065992832184,0.0
2026-02-27 15:15:00,0.1945057511329651,0.0
2026-02-27 15:30:00,0.22033877670764923,0.0
2026-02-27 15:45:00,0.28062593936920166,0.0
2026-02-27 16:00:00,0.29301783442497253,0.0
2026-02-27 16:15:00,0.36092281341552734,0.0
2026-02-27 16:30:00,0.5378226041793823,0.0
2026-02-27 16:45:00,0.7618265748023987,0.0
2026-02-27 17:00:00,0.8462929725646973,0.0
2026-02-27 17:15:00,0.9429416060447693,0.0
2026-02-27 17:30:00,1.0465850830078125,0.0
2026-02-27 17:45:00,1.1265023946762085,1000.0
2026-02-27 18:00:00,1.1065393686294556,1000.0
2026-02-27 18:15:00,1.1460928916931152,1000.0
2026-02-27 18:30:00,1.1953312158584595,1000.0
2026-02-27 18:45:00,1.2252840995788574,1000.0
2026-02-27 19:00:00,1.1232149600982666,1000.0
2026-02-27 19:15:00,1.0787376165390015,1000.0
2026-02-27 19:30:00,1.0562760829925537,1000.0
2026-02-27 19:45:00,1.0502142906188965,0.0
2026-02-27 20:00:00,0.9546633362770081,0.0
2026-02-27 20:15:00,0.9006772637367249,0.0
2026-02-27 20:30:00,0.8742507100105286,0.0
2026-02-27 20:45:00,0.8626703023910522,0.0
2026-02-27 21:00:00,0.7545424103736877,0.0
2026-02-27 21:15:00,0.6834617257118225,0.0
2026-02-27 21:30:00,0.6550473570823669,0.0
2026-02-27 21:45:00,0.6505550742149353,0.0
2026-02-27 22:00:00,0.5581768751144409,0.0
2026-02-27 22:15:00,0.5139684081077576,0.0
2026-02-27 22:30:00,0.48243165016174316,0.0
2026-02-27 22:45:00,0.461296021938324,0.0
2026-02-27 23:00:00,0.4033135175704956,0.0
2026-02-27 23:15:00,0.3560842275619507,0.0
2026-02-27 23:30:00,0.32427066564559937,0.0
2026-02-27 23:45:00,0.3089953660964966,0.0
2026-02-28 00:00:00,0.2689855694770813,0.0
2026-02-28 00:15:00,0.2751566767692566,0.0
2026-02-28 00:30:00,0.2618980407714844,0.0
2026-02-28 00:45:00,0.26001793146133423,0.0
2026-02-28 01:00:00,0.24609507620334625,0.0
2026-02-28 01:15:00,0.22677797079086304,0.0
2026-02-28 01:30:00,0.2225155234336853,0.0
2026-02-28 01:45:00,0.22903992235660553,0.0
2026-02-28 02:00:00,0.21389316022396088,0.0
2026-02-28 02:15:00,0.20465342700481415,0.0
2026-02-28 02:30:00,0.20801642537117004,0.0
2026-02-28 02:45:00,0.22615619003772736,0.0
2026-02-28 03:00:00,0.2043129801750183,0.0
2026-02-28 03:15:00,0.1932845115661621,0.0
2026-02-28 03:30:00,0.1917811781167984,0.0
2026-02-28 03:45:00,0.20336882770061493,0.0
2026-02-28 04:00:00,0.19550378620624542,0.0
2026-02-28 04:15:00,0.18913599848747253,0.0
2026-02-28 04:30:00,0.18566790223121643,0.0
2026-02-28 04:45:00,0.20192672312259674,0.0
2026-02-28 05:00:00,0.1948341429233551,0.0
2026-02-28 05:15:00,0.1891644448041916,0.0
2026-02-28 05:30:00,0.19873879849910736,0.0
2026-02-28 05:45:00,0.22457003593444824,0.0
2026-02-28 06:00:00,0.22214822471141815,0.0
2026-02-28 06:15:00,0.2335813194513321,0.0
2026-02-28 06:30:00,0.26252615451812744,0.0
2026-02-28 06:45:00,0.3009873628616333,0.0
2026-02-28 07:00:00,0.31006184220314026,0.0
2026-02-28 07:15:00,0.35032302141189575,0.0
2026-02-28 07:30:00,0.37702518701553345,0.0
2026-02-28 07:45:00,0.34384649991989136,0.0
2026-02-28 08:00:00,0.318475604057312,0.0
2026-02-28 08:15:00,0.2843891978263855,0.0
2026-02-28 08:30:00,0.24339954555034637,0.0
2026-02-28 08:45:00,0.2149921953678131,0.0
2026-02-28 09:00:00,0.1989891082048416,0.0
2026-02-28 09:15:00,0.16347968578338623,0.0
2026-02-28 09:30:00,0.13645827770233154,0.0
2026-02-28 09:45:00,0.1100146472454071,0.0
2026-02-28 10:00:00,0.08689630031585693,0.0
2026-02-28 10:15:00,0.06862645596265793,0.0
2026-02-28 10:30:00,0.06050851196050644,0.0
2026-02-28 10:45:00,0.04994010552763939,0.0
2026-02-28 11:00:00,0.04091808199882507,0.0
2026-02-28 11:15:00,0.03764220327138901,0.0
2026-02-28 11:30:00,0.03335307165980339,-1000.0
2026-02-28 11:45:00,0.030660197138786316,-1000.0
2026-02-28 12:00:00,0.030891437083482742,-1000.0
2026-02-28 12:15:00,0.030812446027994156,-1000.0
2026-02-28 12:30:00,0.03093937411904335,-1000.0
2026-02-28 12:45:00,0.033584918826818466,-1000.0
2026-02-28 13:00:00,0.0350734144449234,-1000.0
2026-02-28 13:15:00,0.03731345385313034,-1000.0
2026-02-28 13:30:00,0.03979324921965599,0.0
2026-02-28 13:45:00,0.04242490231990814,0.0
2026-02-28 14:00:00,0.045760490000247955,0.0
2026-02-28 14:15:00,0.049428779631853104,0.0
2026-02-28 14:30:00,0.053167011588811874,0.0
2026-02-28 14:45:00,0.05978141725063324,0.0
2026-02-28 15:00:00,0.061074428260326385,0.0
2026-02-28 15:15:00,0.0670633539557457,0.0
2026-02-28 15:30:00,0.0737086609005928,0.0
2026-02-28 15:45:00,0.10089662671089172,0.0
2026-02-28 16:00:00,0.12538515031337738,0.0
2026-02-28 16:15:00,0.15960480272769928,0.0
2026-02-28 16:30:00,0.2818978428840637,0.0
2026-02-28 16:45:00,0.5216825604438782,0.0
2026-02-28 17:00:00,0.6423880457878113,0.0
2026-02-28 17:15:00,0.8347928524017334,0.0
2026-02-28 17:30:00,1.034170150756836,0.0
2026-02-28 17:45:00,1.2669286727905273,0.0
2026-02-28 18:00:00,1.317642331123352,0.0
2026-02-28 18:15:00,1.4547652006149292,1000.0
2026-02-28 18:30:00,1.5559687614440918,1000.0
2026-02-28 18:45:00,1.6280059814453125,1000.0
2026-02-28 19:00:00,1.6018242835998535,1000.0
2026-02-28 19:15:00,1.5992333889007568,1000.0
2026-02-28 19:30:00,1.6122715473175049,1000.0
2026-02-28 19:45:00,1.6364227533340454,1000.0
2026-02-28 20:00:00,1.5866663455963135,1000.0
2026-02-28 20:15:00,1.5690847635269165,0.0
2026-02-28 20:30:00,1.5788737535476685,0.0
2026-02-28 20:45:00,1.6004767417907715,0.0
2026-02-28 21:00:00,1.5457285642623901,0.0
2026-02-28 21:15:00,1.5263526439666748,0.0
2026-02-28 21:30:00,1.5342342853546143,0.0
2026-02-28 21:45:00,1.557976245880127,0.0
2026-02-28 22:00:00,1.4938390254974365,0.0
2026-02-28 22:15:00,1.4784936904907227,0.0
2026-02-28 22:30:00,1.4929841756820679,0.0
2026-02-28 22:45:00,1.525596261024475,0.0
2026-02-28 23:00:00,1.4753435850143433,0.0
2026-02-28 23:15:00,1.4540060758590698,0.0
2026-02-28 23:30:00,1.492234468460083,0.0
2026-02-28 23:45:00,1.540981650352478,0.0
