times,实时价格,power
2026-01-01 00:00:00,1.771280110554986,0.0
2026-01-01 00:15:00,1.5516484771337533,0.0
2026-01-01 00:30:00,1.4887109436070491,0.0
2026-01-01 00:45:00,1.6108016287332607,0.0
2026-01-01 01:00:00,1.6928571543919482,0.0
2026-01-01 01:15:00,1.6394685938271616,0.0
2026-01-01 01:30:00,1.6241808635688877,0.0
2026-01-01 01:45:00,1.6973719791496094,0.0
2026-01-01 02:00:00,1.672819768973782,0.0
2026-01-01 02:15:00,1.6579466978898219,0.0
2026-01-01 02:30:00,1.6045032743539125,0.0
2026-01-01 02:45:00,1.5715479996070651,0.0
2026-01-01 03:00:00,1.5857789191640588,0.0
2026-01-01 03:15:00,1.5912010228042466,0.0
2026-01-01 03:30:00,1.545464968153556,0.0
2026-01-01 03:45:00,1.5437943117232589,0.0
2026-01-01 04:00:00,1.5130648794699657,0.0
2026-01-01 04:15:00,1.4827263726415532,0.0
2026-01-01 04:30:00,1.4273056442963112,0.0
2026-01-01 04:45:00,1.3615219687031097,0.0
2026-01-01 05:00:00,1.4089534399942012,0.0
2026-01-01 05:15:00,1.3397066065341263,0.0
2026-01-01 05:30:00,1.2803752074407238,0.0
2026-01-01 05:45:00,1.2650959070318135,0.0
2026-01-01 06:00:00,1.8627855535631739,0.0
2026-01-01 06:15:00,1.7564160245846652,0.0
2026-01-01 06:30:00,1.7567940956305008,0.0
2026-01-01 06:45:00,1.7689570481597046,0.0
2026-01-01 07:00:00,1.8297042628947562,0.0
2026-01-01 07:15:00,1.7978002360987178,0.0
2026-01-01 07:30:00,1.609144837597805,0.0
2026-01-01 07:45:00,1.5705309289039928,0.0
2026-01-01 08:00:00,1.6901378192769967,0.0
2026-01-01 08:15:00,1.4734102314891429,0.0
2026-01-01 08:30:00,1.1626632827720658,0.0
2026-01-01 08:45:00,1.0926262986494244,0.0
2026-01-01 09:00:00,1.200646024169362,0.0
2026-01-01 09:15:00,1.0677033097415476,0.0
2026-01-01 09:30:00,0.9562886767641345,0.0
2026-01-01 09:45:00,0.9000778759170844,0.0
2026-01-01 10:00:00,0.8304892670107292,0.0
2026-01-01 10:15:00,0.46773289032111404,0.0
2026-01-01 10:30:00,0.019998555027955233,0.0
2026-01-01 10:45:00,-0.028031371163817924,0.0
2026-01-01 11:00:00,-0.17251410694288008,-1000.0
2026-01-01 11:15:00,-0.13877800045917443,-1000.0
2026-01-01 11:30:00,-0.0603578521095444,-1000.0
2026-01-01 11:45:00,-0.16910212246600106,-1000.0
2026-01-01 12:00:00,-0.14019512808100257,-1000.0
2026-01-01 12:15:00,-0.1505051743795057,-1000.0
2026-01-01 12:30:00,-0.09537726060841134,-1000.0
2026-01-01 12:45:00,-0.058060242871257016,-1000.0
2026-01-01 13:00:00,0.01386341749693033,0.0
2026-01-01 13:15:00,0.014049462871834964,0.0
2026-01-01 13:30:00,-0.026658248781531516,0.0
2026-01-01 13:45:00,-0.08838429015598279,0.0
2026-01-01 14:00:00,0.0044008425215667,0.0
2026-01-01 14:15:00,-0.04160527161892088,0.0
2026-01-01 14:30:00,0.03025614029421225,0.0
2026-01-01 14:45:00,-0.044247112792662274,0.0
2026-01-01 15:00:00,-0.10288409912249516,0.0
2026-01-01 15:15:00,-0.06694732694092287,0.0
2026-01-01 15:30:00,-0.021153675921468003,0.0
2026-01-01 15:45:00,0.20352923445928087,0.0
2026-01-01 16:00:00,0.5553457866205851,0.0
2026-01-01 16:15:00,0.8832185815256101,0.0
2026-01-01 16:30:00,1.0351694389382695,0.0
2026-01-01 16:45:00,1.358140750055037,0.0
2026-01-01 17:00:00,1.611030778675567,0.0
2026-01-01 17:15:00,2.1297892199246706,0.0
2026-01-01 17:30:00,2.1228959342784792,0.0
2026-01-01 17:45:00,2.0782815560192187,0.0
2026-01-01 18:00:00,1.7832530105985973,0.0
2026-01-01 18:15:00,1.8086960361111755,0.0
2026-01-01 18:30:00,1.971237116782802,0.0
2026-01-01 18:45:00,1.8322398530761226,0.0
2026-01-01 19:00:00,1.779168249339546,0.0
2026-01-01 19:15:00,1.921934401265335,0.0
2026-01-01 19:30:00,1.9214796904218252,0.0
2026-01-01 19:45:00,1.9590073944867303,0.0
2026-01-01 20:00:00,1.9647461909622628,0.0
2026-01-01 20:15:00,2.004640430378851,0.0
2026-01-01 20:30:00,2.0716984232837268,0.0
2026-01-01 20:45:00,2.0826259129668068,0.0
2026-01-01 21:00:00,1.9972324640757182,0.0
2026-01-01 21:15:00,1.9320434367839872,0.0
2026-01-01 21:30:00,1.9161187345900168,0.0
2026-01-01 21:45:00,1.9233103758846144,0.0
2026-01-01 22:00:00,2.7528325725708154,1000.0
2026-01-01 22:15:00,2.7528325725708154,1000.0
2026-01-01 22:30:00,2.7253697656769265,1000.0
2026-01-01 22:45:00,2.829756159564981,1000.0
2026-01-01 23:00:00,2.6236300126751746,1000.0
2026-01-01 23:15:00,2.5315467691025444,1000.0
2026-01-01 23:30:00,2.5332331536983177,1000.0
2026-01-01 23:45:00,2.516340443234198,1000.0
2026-01-02 00:00:00,2.138535797209667,0.0
2026-01-02 00:15:00,2.300035637513956,0.0
2026-01-02 00:30:00,1.4863165877184432,0.0
2026-01-02 00:45:00,1.3904607342208446,0.0
2026-01-02 01:00:00,1.598254059737841,0.0
2026-01-02 01:15:00,1.6075757786031808,0.0
2026-01-02 01:30:00,1.441223186021928,0.0
2026-01-02 01:45:00,1.4665293334220693,0.0
2026-01-02 02:00:00,1.4992168376467891,0.0
2026-01-02 02:15:00,1.4269677212260865,0.0
2026-01-02 02:30:00,1.4825171798431114,0.0
2026-01-02 02:45:00,1.45002060256685,0.0
2026-01-02 03:00:00,1.4462344922247437,0.0
2026-01-02 03:15:00,1.496498211060984,0.0
2026-01-02 03:30:00,1.4012158693267311,0.0
2026-01-02 03:45:00,1.3783292271386287,0.0
2026-01-02 04:00:00,1.3424764211265954,0.0
2026-01-02 04:15:00,1.2812317387056011,0.0
2026-01-02 04:30:00,1.264518130945533,0.0
2026-01-02 04:45:00,1.1466981634835898,0.0
2026-01-02 05:00:00,1.0830649618619919,0.0
2026-01-02 05:15:00,1.049169689268289,0.0
2026-01-02 05:30:00,1.0603131384898237,0.0
2026-01-02 05:45:00,1.061996628920237,0.0
2026-01-02 06:00:00,0.9362942124096194,0.0
2026-01-02 06:15:00,0.916320921746327,0.0
2026-01-02 06:30:00,0.9157181622520862,0.0
2026-01-02 06:45:00,0.9289612604064619,0.0
2026-01-02 07:00:00,0.9294056784051478,0.0
2026-01-02 07:15:00,0.9573474295208733,0.0
2026-01-02 07:30:00,1.0562875034454595,0.0
2026-01-02 07:45:00,1.0726719465147518,0.0
2026-01-02 08:00:00,1.081094264673817,0.0
2026-01-02 08:15:00,1.060156016272865,0.0
2026-01-02 08:30:00,1.098531800296494,0.0
2026-01-02 08:45:00,1.1360254771390101,0.0
2026-01-02 09:00:00,0.8848323902691067,0.0
2026-01-02 09:15:00,0.8846263879724994,0.0
2026-01-02 09:30:00,0.3280195987673133,0.0
2026-01-02 09:45:00,0.25033602643910513,0.0
2026-01-02 10:00:00,0.0010879805020156494,0.0
2026-01-02 10:15:00,-0.12312452297490083,-1000.0
2026-01-02 10:30:00,-0.07240507728790659,-1000.0
2026-01-02 10:45:00,-0.041784571374292624,-1000.0
2026-01-02 11:00:00,-0.06282843960843282,-1000.0
2026-01-02 11:15:00,-0.0658117546095779,-1000.0
2026-01-02 11:30:00,-0.0438657907307734,-1000.0
2026-01-02 11:45:00,-0.09957159206225745,-1000.0
2026-01-02 12:00:00,-0.09341216547833583,-1000.0
2026-01-02 12:15:00,-0.05791175955875251,0.0
2026-01-02 12:30:00,-0.06432324042937375,0.0
2026-01-02 12:45:00,-0.05157069261382347,0.0
2026-01-02 13:00:00,-0.05732870344418589,0.0
2026-01-02 13:15:00,-0.05615312628022277,0.0
2026-01-02 13:30:00,-0.04442742881003925,0.0
2026-01-02 13:45:00,-0.04235173622359323,0.0
2026-01-02 14:00:00,0.1070202122744476,0.0
2026-01-02 14:15:00,0.03693842399977065,0.0
2026-01-02 14:30:00,0.04459888281686496,0.0
2026-01-02 14:45:00,0.057041572152019715,0.0
2026-01-02 15:00:00,0.060488938097997505,0.0
2026-01-02 15:15:00,0.07317369030291614,0.0
2026-01-02 15:30:00,0.004088093819897806,0.0
2026-01-02 15:45:00,-0.01166749927605032,0.0
2026-01-02 16:00:00,0.07868485193122933,0.0
2026-01-02 16:15:00,0.14060725884392478,0.0
2026-01-02 16:30:00,0.4917066536671422,0.0
2026-01-02 16:45:00,0.8240891156622393,0.0
2026-01-02 17:00:00,1.1908441317755485,0.0
2026-01-02 17:15:00,1.1485523590634814,0.0
2026-01-02 17:30:00,1.174230072515123,1000.0
2026-01-02 17:45:00,1.1645622685494315,1000.0
2026-01-02 18:00:00,1.2402561726276546,1000.0
2026-01-02 18:15:00,1.284075602851058,1000.0
2026-01-02 18:30:00,1.4245532815653235,1000.0
2026-01-02 18:45:00,1.2990061675399884,1000.0
2026-01-02 19:00:00,1.18732692355913,1000.0
2026-01-02 19:15:00,1.183881950051912,1000.0
2026-01-02 19:30:00,1.1200822837795543,0.0
2026-01-02 19:45:00,1.1261545685578136,0.0
2026-01-02 20:00:00,1.1078278700363546,0.0
2026-01-02 20:15:00,1.0401669673592602,0.0
2026-01-02 20:30:00,1.0743854210721322,0.0
2026-01-02 20:45:00,0.9330971580584899,0.0
2026-01-02 21:00:00,0.8641976620909655,0.0
2026-01-02 21:15:00,0.8178842039431763,0.0
2026-01-02 21:30:00,0.9490166246527649,0.0
2026-01-02 21:45:00,0.850018271303943,0.0
2026-01-02 22:00:00,1.190980140974151,0.0
2026-01-02 22:15:00,1.1716102648506184,0.0
2026-01-02 22:30:00,1.1445269500749458,0.0
2026-01-02 22:45:00,1.1388754371182677,0.0
2026-01-02 23:00:00,1.125929514332847,0.0
2026-01-02 23:15:00,1.1302735175390857,0.0
2026-01-02 23:30:00,1.1185727201181765,0.0
2026-01-02 23:45:00,1.1282727164771964,0.0
2026-01-03 00:00:00,1.0200003700001559,0.0
2026-01-03 00:15:00,1.2939706031854843,0.0
2026-01-03 00:30:00,1.2530146776587991,0.0
2026-01-03 00:45:00,1.2689339685618657,0.0
2026-01-03 01:00:00,1.3955430626275933,0.0
2026-01-03 01:15:00,1.3914756488389552,0.0
2026-01-03 01:30:00,1.3921810577468334,0.0
2026-01-03 01:45:00,1.4389257355292853,0.0
2026-01-03 02:00:00,1.4451904787744565,0.0
2026-01-03 02:15:00,1.479390178910807,0.0
2026-01-03 02:30:00,1.490072847901352,0.0
2026-01-03 02:45:00,1.429098237583378,0.0
2026-01-03 03:00:00,1.4236894393069282,0.0
2026-01-03 03:15:00,1.4643793617372234,0.0
2026-01-03 03:30:00,1.4237971890687529,0.0
2026-01-03 03:45:00,1.423239471905661,0.0
2026-01-03 04:00:00,1.384231193670021,0.0
2026-01-03 04:15:00,1.4285532092283866,0.0
2026-01-03 04:30:00,1.4308137127837444,0.0
2026-01-03 04:45:00,1.3973733227230702,0.0
2026-01-03 05:00:00,1.4451191144548798,0.0
2026-01-03 05:15:00,1.5855429167061716,0.0
2026-01-03 05:30:00,1.5768771763520175,0.0
2026-01-03 05:45:00,1.5939054420373666,0.0
2026-01-03 06:00:00,1.3181688609674305,0.0
2026-01-03 06:15:00,1.312491202163677,0.0
2026-01-03 06:30:00,1.3197899610922594,0.0
2026-01-03 06:45:00,1.3239895345073192,0.0
2026-01-03 07:00:00,1.3018541101696468,0.0
2026-01-03 07:15:00,1.298376231572029,0.0
2026-01-03 07:30:00,1.3589676663344707,0.0
2026-01-03 07:45:00,1.2930458490354104,0.0
2026-01-03 08:00:00,1.2741437754641882,0.0
2026-01-03 08:15:00,1.231449564887488,0.0
2026-01-03 08:30:00,1.1645866167379062,0.0
2026-01-03 08:45:00,1.2020792409039291,0.0
2026-01-03 09:00:00,1.2011428803849107,0.0
2026-01-03 09:15:00,1.1782510861957112,0.0
2026-01-03 09:30:00,1.1090692187166573,0.0
2026-01-03 09:45:00,1.0636788008757003,0.0
2026-01-03 10:00:00,1.2377390212019144,0.0
2026-01-03 10:15:00,1.3357049681612205,0.0
2026-01-03 10:30:00,1.1692760868714307,0.0
2026-01-03 10:45:00,1.0826082839803368,0.0
2026-01-03 11:00:00,0.8832937808317857,0.0
2026-01-03 11:15:00,0.8151084809156778,0.0
2026-01-03 11:30:00,0.7722277641792296,0.0
2026-01-03 11:45:00,0.6016957944693916,0.0
2026-01-03 12:00:00,0.41056101807032036,0.0
2026-01-03 12:15:00,0.41381102824277427,0.0
2026-01-03 12:30:00,0.39260024606049726,0.0
2026-01-03 12:45:00,0.33438450660545577,0.0
2026-01-03 13:00:00,0.3551818336586977,0.0
2026-01-03 13:15:00,0.30544546504819403,-1000.0
2026-01-03 13:30:00,0.30180268781190067,-1000.0
2026-01-03 13:45:00,0.2698109240786592,-1000.0
2026-01-03 14:00:00,0.0973607982662238,-1000.0
2026-01-03 14:15:00,0.10292888637740776,-1000.0
2026-01-03 14:30:00,0.10245580380977598,-1000.0
2026-01-03 14:45:00,0.14835847734419497,-1000.0
2026-01-03 15:00:00,0.25645679813095484,-1000.0
2026-01-03 15:15:00,0.48861550641529583,0.0
2026-01-03 15:30:00,0.7151503835595496,0.0
2026-01-03 15:45:00,0.8116252132624138,0.0
2026-01-03 16:00:00,0.9719301800541079,0.0
2026-01-03 16:15:00,0.8856002413097401,0.0
2026-01-03 16:30:00,1.0647420672119194,0.0
2026-01-03 16:45:00,1.267788211394775,0.0
2026-01-03 17:00:00,1.2260818082507654,1000.0
2026-01-03 17:15:00,1.4398037123941845,1000.0
2026-01-03 17:30:00,1.9125049892073636,1000.0
2026-01-03 17:45:00,1.9503557946105592,1000.0
2026-01-03 18:00:00,2.0511555141619566,1000.0
2026-01-03 18:15:00,1.8254291254754729,1000.0
2026-01-03 18:30:00,1.360948196823427,1000.0
2026-01-03 18:45:00,1.2872253728507737,1000.0
2026-01-03 19:00:00,1.1777023310560364,0.0
2026-01-03 19:15:00,1.1942507018364816,0.0
2026-01-03 19:30:00,1.2000012619422256,0.0
2026-01-03 19:45:00,0.9741032114071196,0.0
2026-01-03 20:00:00,1.0398917305805633,0.0
2026-01-03 20:15:00,1.1575127356707426,0.0
2026-01-03 20:30:00,1.104386543475358,0.0
2026-01-03 20:45:00,0.9885254616696159,0.0
2026-01-03 21:00:00,1.0034911382594838,0.0
2026-01-03 21:15:00,0.9722701660258315,0.0
2026-01-03 21:30:00,0.9520219641774161,0.0
2026-01-03 21:45:00,0.9000379468253107,0.0
2026-01-03 22:00:00,1.139663278980685,0.0
2026-01-03 22:15:00,1.013504994786993,0.0
2026-01-03 22:30:00,0.9981329801919578,0.0
2026-01-03 22:45:00,0.9899892391837154,0.0
2026-01-03 23:00:00,1.1066996927023411,0.0
2026-01-03 23:15:00,0.9836162801640315,0.0
2026-01-03 23:30:00,0.9702798285291446,0.0
2026-01-03 23:45:00,1.1578990266604854,0.0
2026-01-04 00:00:00,1.0423678100829137,0.0
2026-01-04 00:15:00,1.1957119876661533,0.0
2026-01-04 00:30:00,1.1895008827076965,0.0
2026-01-04 00:45:00,1.1106552665691343,0.0
2026-01-04 01:00:00,1.1665133504404126,0.0
2026-01-04 01:15:00,1.3006222809050227,0.0
2026-01-04 01:30:00,1.4414888060865285,0.0
2026-01-04 01:45:00,1.4920335490691083,0.0
2026-01-04 02:00:00,1.5336476559441636,0.0
2026-01-04 02:15:00,1.3448979470611069,0.0
2026-01-04 02:30:00,1.4522399738728369,0.0
2026-01-04 02:45:00,1.5366694404880952,0.0
2026-01-04 03:00:00,1.5354248426242727,0.0
2026-01-04 03:15:00,1.622198322213903,0.0
2026-01-04 03:30:00,1.538420641328909,0.0
2026-01-04 03:45:00,1.5754328907249722,0.0
2026-01-04 04:00:00,1.5629090884661494,0.0
2026-01-04 04:15:00,1.588768067837313,0.0
2026-01-04 04:30:00,1.5800845338373117,0.0
2026-01-04 04:45:00,1.4873035397642764,0.0
2026-01-04 05:00:00,1.470212876469447,0.0
2026-01-04 05:15:00,1.516516093738764,0.0
2026-01-04 05:30:00,1.5129621884814204,0.0
2026-01-04 05:45:00,1.5252196249977958,0.0
2026-01-04 06:00:00,1.5636340755824327,0.0
2026-01-04 06:15:00,1.4993055654698828,0.0
2026-01-04 06:30:00,1.5126255875564543,0.0
2026-01-04 06:45:00,1.489510857917415,0.0
2026-01-04 07:00:00,1.420195157267166,0.0
2026-01-04 07:15:00,1.3325693325513892,0.0
2026-01-04 07:30:00,1.2336249114445301,0.0
2026-01-04 07:45:00,1.3004637664485643,0.0
2026-01-04 08:00:00,1.3255791856349817,0.0
2026-01-04 08:15:00,1.251363171188793,0.0
2026-01-04 08:30:00,1.2016775675471976,0.0
2026-01-04 08:45:00,1.171454431647819,0.0
2026-01-04 09:00:00,1.0961982624416626,0.0
2026-01-04 09:15:00,1.1175841736338001,0.0
2026-01-04 09:30:00,1.0972369130506112,0.0
2026-01-04 09:45:00,1.141631092431462,0.0
2026-01-04 10:00:00,1.1038145260108934,0.0
2026-01-04 10:15:00,0.9589990323385905,0.0
2026-01-04 10:30:00,0.7541070115196398,0.0
2026-01-04 10:45:00,0.8016577987393929,0.0
2026-01-04 11:00:00,0.7302207314587795,0.0
2026-01-04 11:15:00,0.7658106670559818,0.0
2026-01-04 11:30:00,0.42761220145091206,0.0
2026-01-04 11:45:00,0.31024205945815986,0.0
2026-01-04 12:00:00,0.18233321925908696,-1000.0
2026-01-04 12:15:00,0.15055777176492086,-1000.0
2026-01-04 12:30:00,-0.03724246453369193,-1000.0
2026-01-04 12:45:00,-0.09888175311131099,-1000.0
2026-01-04 13:00:00,-0.1103431577314188,-1000.0
2026-01-04 13:15:00,-0.10934457652956028,-1000.0
2026-01-04 13:30:00,-0.0929536834531597,-1000.0
2026-01-04 13:45:00,-0.08758259484720012,-1000.0
2026-01-04 14:00:00,0.26088524747551056,0.0
2026-01-04 14:15:00,0.32527481355261545,0.0
2026-01-04 14:30:00,0.34393555617735955,0.0
2026-01-04 14:45:00,0.3482400379545124,0.0
2026-01-04 15:00:00,0.38902003744996727,0.0
2026-01-04 15:15:00,0.38828118266014283,0.0
2026-01-04 15:30:00,0.6137288224397969,0.0
2026-01-04 15:45:00,0.9707716285946505,0.0
2026-01-04 16:00:00,1.1360098947532895,0.0
2026-01-04 16:15:00,1.2031732563782032,0.0
2026-01-04 16:30:00,1.2288484192428228,0.0
2026-01-04 16:45:00,1.2635526462138322,0.0
2026-01-04 17:00:00,1.2988201895685727,0.0
2026-01-04 17:15:00,1.7239653389635954,0.0
2026-01-04 17:30:00,1.6612023654064356,0.0
2026-01-04 17:45:00,1.6954644945035953,0.0
2026-01-04 18:00:00,1.7000545977627477,0.0
2026-01-04 18:15:00,1.8608444537845752,0.0
2026-01-04 18:30:00,1.7372205870578148,0.0
2026-01-04 18:45:00,1.7811866291830554,0.0
2026-01-04 19:00:00,1.7924805591811857,0.0
2026-01-04 19:15:00,1.7798494107788478,0.0
2026-01-04 19:30:00,1.8656757000230777,0.0
2026-01-04 19:45:00,1.8867086629126353,0.0
2026-01-04 20:00:00,1.8398284866897594,0.0
2026-01-04 20:15:00,1.8388018199767224,0.0
2026-01-04 20:30:00,1.5647202696827365,0.0
2026-01-04 20:45:00,1.5117669282199184,0.0
2026-01-04 21:00:00,1.5507863956058325,0.0
2026-01-04 21:15:00,1.444227693800068,0.0
2026-01-04 21:30:00,1.530263626747818,0.0
2026-01-04 21:45:00,1.55454761555662,0.0
2026-01-04 22:00:00,2.5671124283396325,1000.0
2026-01-04 22:15:00,2.579091974380066,1000.0
2026-01-04 22:30:00,2.56012192052036,1000.0
2026-01-04 22:45:00,2.5706444407421185,1000.0
2026-01-04 23:00:00,2.573364145401843,1000.0
2026-01-04 23:15:00,2.616626149113239,1000.0
2026-01-04 23:30:00,2.7399031183601963,1000.0
2026-01-04 23:45:00,2.5583130617405416,1000.0
2026-01-05 00:00:00,1.684825109219091,0.0
2026-01-05 00:15:00,2.0534395795559646,0.0
2026-01-05 00:30:00,2.046550878053468,0.0
2026-01-05 00:45:00,2.0449065775896367,0.0
2026-01-05 01:00:00,1.90611063163311,0.0
2026-01-05 01:15:00,1.8851228283559929,0.0
2026-01-05 01:30:00,1.8778833637849188,0.0
2026-01-05 01:45:00,1.892510776477824,0.0
2026-01-05 02:00:00,1.8258607774918407,0.0
2026-01-05 02:15:00,1.8682443537252411,0.0
2026-01-05 02:30:00,2.0260246661221193,0.0
2026-01-05 02:45:00,1.9290192247946816,0.0
2026-01-05 03:00:00,1.7906562356315197,0.0
2026-01-05 03:15:00,1.764716027555049,0.0
2026-01-05 03:30:00,1.764774136849059,0.0
2026-01-05 03:45:00,1.781679578625273,0.0
2026-01-05 04:00:00,1.7489214583736274,0.0
2026-01-05 04:15:00,1.7399105679949318,0.0
2026-01-05 04:30:00,1.6530643272803038,0.0
2026-01-05 04:45:00,1.454230145916307,0.0
2026-01-05 05:00:00,1.0843985113424979,0.0
2026-01-05 05:15:00,0.949368220493336,0.0
2026-01-05 05:30:00,0.8704560893232216,0.0
2026-01-05 05:45:00,0.9865539069916591,0.0
2026-01-05 06:00:00,1.5043280278581692,0.0
2026-01-05 06:15:00,1.4548344215893065,0.0
2026-01-05 06:30:00,1.4041872704630118,0.0
2026-01-05 06:45:00,1.4485933265638884,0.0
2026-01-05 07:00:00,1.4265986004310791,0.0
2026-01-05 07:15:00,1.3620500754862936,0.0
2026-01-05 07:30:00,1.4010509885768496,0.0
2026-01-05 07:45:00,1.4700960212759238,0.0
2026-01-05 08:00:00,1.4652895309726182,0.0
2026-01-05 08:15:00,1.5317558439120218,0.0
2026-01-05 08:30:00,1.3250362837723146,0.0
2026-01-05 08:45:00,1.3505992785731813,0.0
2026-01-05 09:00:00,1.435499488660124,0.0
2026-01-05 09:15:00,1.280583263781166,0.0
2026-01-05 09:30:00,1.2262589618534518,0.0
2026-01-05 09:45:00,1.056905807004696,0.0
2026-01-05 10:00:00,0.9877668951832308,0.0
2026-01-05 10:15:00,0.9687523131889622,0.0
2026-01-05 10:30:00,0.6203218550522169,0.0
2026-01-05 10:45:00,0.4931587207147423,0.0
2026-01-05 11:00:00,0.39945569720295276,0.0
2026-01-05 11:15:00,0.2922029415887622,0.0
2026-01-05 11:30:00,0.07114345768668022,0.0
2026-01-05 11:45:00,-0.07386960509545507,-1000.0
2026-01-05 12:00:00,-0.09974685891675339,-1000.0
2026-01-05 12:15:00,-0.10853811566641583,-1000.0
2026-01-05 12:30:00,-0.09538618541558966,-1000.0
2026-01-05 12:45:00,-0.1614285097268074,-1000.0
2026-01-05 13:00:00,-0.1322120776419374,-1000.0
2026-01-05 13:15:00,-0.13226142891624593,-1000.0
2026-01-05 13:30:00,-0.07309004826771032,-1000.0
2026-01-05 13:45:00,-0.06586665001851925,0.0
2026-01-05 14:00:00,0.03312826043757832,0.0
2026-01-05 14:15:00,0.020990164648452384,0.0
2026-01-05 14:30:00,0.03306121619237888,0.0
2026-01-05 14:45:00,0.03726394466938076,0.0
2026-01-05 15:00:00,0.030946885055909815,0.0
2026-01-05 15:15:00,0.07710656310829424,0.0
2026-01-05 15:30:00,0.1612712051532712,0.0
2026-01-05 15:45:00,0.06413968922682185,0.0
2026-01-05 16:00:00,0.07712909843487972,0.0
2026-01-05 16:15:00,0.09131485631399612,0.0
2026-01-05 16:30:00,0.14893760584297447,0.0
2026-01-05 16:45:00,0.409363798868284,0.0
2026-01-05 17:00:00,0.6083323819932769,1000.0
2026-01-05 17:15:00,0.6759609887118811,1000.0
2026-01-05 17:30:00,0.7385297372004599,1000.0
2026-01-05 17:45:00,0.7754245097768365,1000.0
2026-01-05 18:00:00,0.8931304234371659,1000.0
2026-01-05 18:15:00,0.8640405639232052,1000.0
2026-01-05 18:30:00,0.6887863180142247,1000.0
2026-01-05 18:45:00,0.6336132272861109,1000.0
2026-01-05 19:00:00,0.5554270530810232,0.0
2026-01-05 19:15:00,0.44019111526543986,0.0
2026-01-05 19:30:00,0.3112590856243707,0.0
2026-01-05 19:45:00,0.3224568934571295,0.0
2026-01-05 20:00:00,0.3397149698161841,0.0
2026-01-05 20:15:00,0.2804033514044954,0.0
2026-01-05 20:30:00,0.3517728543178014,0.0
2026-01-05 20:45:00,0.29197081475377246,0.0
2026-01-05 21:00:00,0.163698682377373,0.0
2026-01-05 21:15:00,0.09630906815673176,0.0
2026-01-05 21:30:00,0.09856520832455357,0.0
2026-01-05 21:45:00,0.10023736655134294,0.0
2026-01-05 22:00:00,-0.08932887324682101,0.0
2026-01-05 22:15:00,-0.0684178333128802,0.0
2026-01-05 22:30:00,-0.08367706969625213,0.0
2026-01-05 22:45:00,-0.11443604548143405,0.0
2026-01-05 23:00:00,-0.1936154850777817,0.0
2026-01-05 23:15:00,-0.19607139531421397,0.0
2026-01-05 23:30:00,-0.193571355936812,0.0
2026-01-05 23:45:00,-0.18242926509272225,0.0
2026-01-06 00:00:00,0.049245196944506464,0.0
2026-01-06 00:15:00,0.10835013596581419,0.0
2026-01-06 00:30:00,0.07553385758171144,0.0
2026-01-06 00:45:00,0.032930901491046195,0.0
2026-01-06 01:00:00,-0.000865992664882359,0.0
2026-01-06 01:15:00,0.0020323309372002967,0.0
2026-01-06 01:30:00,-0.023388097277582544,0.0
2026-01-06 01:45:00,-0.034326492224053554,0.0
2026-01-06 02:00:00,-0.011492537430761328,0.0
2026-01-06 02:15:00,-0.038835635691054325,0.0
2026-01-06 02:30:00,-0.049368060886815314,0.0
2026-01-06 02:45:00,-0.04576426521243331,0.0
2026-01-06 03:00:00,-0.050777450198941476,0.0
2026-01-06 03:15:00,-0.044967425055976326,0.0
2026-01-06 03:30:00,-0.026843180871380608,0.0
2026-01-06 03:45:00,-0.029487815318974035,0.0
2026-01-06 04:00:00,-0.034403568081651605,0.0
2026-01-06 04:15:00,-0.04119784142662796,0.0
2026-01-06 04:30:00,-0.047218655579329395,0.0
2026-01-06 04:45:00,-0.048294383591527046,0.0
2026-01-06 05:00:00,-0.05800745983513006,0.0
2026-01-06 05:15:00,-0.053700334736855815,0.0
2026-01-06 05:30:00,-0.05766628146744453,0.0
2026-01-06 05:45:00,-0.039729803060116926,0.0
2026-01-06 06:00:00,-0.03776905248408927,0.0
2026-01-06 06:15:00,-0.017346593200555264,0.0
2026-01-06 06:30:00,-0.011507461750321394,0.0
2026-01-06 06:45:00,-0.01228423718812522,0.0
2026-01-06 07:00:00,-0.018489635719781874,0.0
2026-01-06 07:15:00,-0.016375827279611874,0.0
2026-01-06 07:30:00,0.028365244632511992,0.0
2026-01-06 07:45:00,0.013138931538878804,0.0
2026-01-06 08:00:00,0.001819941023317396,0.0
2026-01-06 08:15:00,0.026928464763685968,0.0
2026-01-06 08:30:00,0.028463170486201415,0.0
2026-01-06 08:45:00,0.009291140443662676,0.0
2026-01-06 09:00:00,0.0018160676656591478,0.0
2026-01-06 09:15:00,-0.014248291284521099,0.0
2026-01-06 09:30:00,-0.003537444866068337,0.0
2026-01-06 09:45:00,-0.05331269321071252,0.0
2026-01-06 10:00:00,-0.18504815242402278,-1000.0
2026-01-06 10:15:00,-0.1559632155347785,-1000.0
2026-01-06 10:30:00,-0.1129570708788042,-1000.0
2026-01-06 10:45:00,-0.10284960933818468,-1000.0
2026-01-06 11:00:00,-0.11168651958933788,-1000.0
2026-01-06 11:15:00,-0.1574323281711431,-1000.0
2026-01-06 11:30:00,-0.14439550459459988,-1000.0
2026-01-06 11:45:00,-0.10155294779144078,-1000.0
2026-01-06 12:00:00,-0.1062957285818762,0.0
2026-01-06 12:15:00,-0.1043429420308719,0.0
2026-01-06 12:30:00,-0.10013317520025301,0.0
2026-01-06 12:45:00,-0.10230138140274127,0.0
2026-01-06 13:00:00,-0.1044462938480898,0.0
2026-01-06 13:15:00,-0.11375812609508193,0.0
2026-01-06 13:30:00,-0.1146178491180553,0.0
2026-01-06 13:45:00,-0.11924856240146654,0.0
2026-01-06 14:00:00,-0.0543960681847833,0.0
2026-01-06 14:15:00,-0.060741994164283976,0.0
2026-01-06 14:30:00,-0.058866485116088815,0.0
2026-01-06 14:45:00,-0.06210021915989255,0.0
2026-01-06 15:00:00,-0.061807693890983506,0.0
2026-01-06 15:15:00,-0.07872873730713935,0.0
2026-01-06 15:30:00,-0.08471505180374417,0.0
2026-01-06 15:45:00,-0.08364817908049868,0.0
2026-01-06 16:00:00,-0.03948938875124934,0.0
2026-01-06 16:15:00,-0.01622714446424338,0.0
2026-01-06 16:30:00,-0.09014811393491222,0.0
2026-01-06 16:45:00,0.09898723118955255,0.0
2026-01-06 17:00:00,0.27496839371641096,0.0
2026-01-06 17:15:00,0.3218021580505728,0.0
2026-01-06 17:30:00,0.3365120520849407,0.0
2026-01-06 17:45:00,0.4317142702638778,0.0
2026-01-06 18:00:00,0.539906227231569,0.0
2026-01-06 18:15:00,0.4813576489928997,0.0
2026-01-06 18:30:00,0.6951251674355728,0.0
2026-01-06 18:45:00,0.721478854827548,0.0
2026-01-06 19:00:00,0.7385825242838383,0.0
2026-01-06 19:15:00,0.7438620123299778,0.0
2026-01-06 19:30:00,0.8162282523116453,0.0
2026-01-06 19:45:00,0.9570940945784401,1000.0
2026-01-06 20:00:00,0.9378092786774519,1000.0
2026-01-06 20:15:00,0.930575605005695,1000.0
2026-01-06 20:30:00,0.8412399804699369,1000.0
2026-01-06 20:45:00,0.9120655235614384,1000.0
2026-01-06 21:00:00,0.9161020496436507,1000.0
2026-01-06 21:15:00,0.9031588721838505,1000.0
2026-01-06 21:30:00,0.8584427187165958,1000.0
2026-01-06 21:45:00,0.915288173243537,0.0
2026-01-06 22:00:00,0.5372466690403948,0.0
2026-01-06 22:15:00,0.5738196368094579,0.0
2026-01-06 22:30:00,0.5656739618209896,0.0
2026-01-06 22:45:00,0.5441070996756178,0.0
2026-01-06 23:00:00,0.5008225446196045,0.0
2026-01-06 23:15:00,0.5099592799542486,0.0
2026-01-06 23:30:00,0.504360634127871,0.0
2026-01-06 23:45:00,0.4926910330098968,0.0
2026-01-07 00:00:00,0.7464999298046261,0.0
2026-01-07 00:15:00,0.6557670277978469,0.0
2026-01-07 00:30:00,0.75459458141889,0.0
2026-01-07 00:45:00,0.7600092817086898,0.0
2026-01-07 01:00:00,0.7170115785492278,0.0
2026-01-07 01:15:00,0.6909758781866977,0.0
2026-01-07 01:30:00,0.7189785598569962,0.0
2026-01-07 01:45:00,0.7279431248062986,0.0
2026-01-07 02:00:00,0.7291856039631526,0.0
2026-01-07 02:15:00,0.7231906360898579,0.0
2026-01-07 02:30:00,0.7224495895465203,0.0
2026-01-07 02:45:00,0.7600063866034775,0.0
2026-01-07 03:00:00,0.7539934617337303,0.0
2026-01-07 03:15:00,0.742869622510869,0.0
2026-01-07 03:30:00,0.8158438027521998,0.0
2026-01-07 03:45:00,0.8340727738708235,0.0
2026-01-07 04:00:00,0.8402011549855841,0.0
2026-01-07 04:15:00,0.8715079330545245,0.0
2026-01-07 04:30:00,0.9015509357621505,0.0
2026-01-07 04:45:00,0.9177276198175554,0.0
2026-01-07 05:00:00,0.9249129061252428,0.0
2026-01-07 05:15:00,0.9374402994740718,0.0
2026-01-07 05:30:00,0.903332667320471,0.0
2026-01-07 05:45:00,0.8981468498388929,0.0
2026-01-07 06:00:00,0.8079067791089792,0.0
2026-01-07 06:15:00,0.8342896012307521,0.0
2026-01-07 06:30:00,0.8708047574425091,0.0
2026-01-07 06:45:00,0.8756498753671613,0.0
2026-01-07 07:00:00,0.9438157735316424,0.0
2026-01-07 07:15:00,0.9987486561716462,0.0
2026-01-07 07:30:00,1.085848937827342,0.0
2026-01-07 07:45:00,1.0669394676431887,0.0
2026-01-07 08:00:00,1.099077121683805,0.0
2026-01-07 08:15:00,1.013599762335351,0.0
2026-01-07 08:30:00,1.0152925645107345,0.0
2026-01-07 08:45:00,1.007959134119249,0.0
2026-01-07 09:00:00,0.9674107998483178,0.0
2026-01-07 09:15:00,0.8784529895769433,0.0
2026-01-07 09:30:00,0.8120251083106708,0.0
2026-01-07 09:45:00,0.43234907592911453,0.0
2026-01-07 10:00:00,0.3562742489160285,0.0
2026-01-07 10:15:00,0.14447973078489942,0.0
2026-01-07 10:30:00,0.0397970188669061,0.0
2026-01-07 10:45:00,0.074366422262682,0.0
2026-01-07 11:00:00,0.06718301785048836,0.0
2026-01-07 11:15:00,-0.07182144162089237,0.0
2026-01-07 11:30:00,-0.0294820235880489,0.0
2026-01-07 11:45:00,0.024363838813642718,0.0
2026-01-07 12:00:00,0.018913500216463246,0.0
2026-01-07 12:15:00,0.04593676574162107,0.0
2026-01-07 12:30:00,0.036619215729329496,0.0
2026-01-07 12:45:00,0.04394193566187615,0.0
2026-01-07 13:00:00,0.05432049671425166,0.0
2026-01-07 13:15:00,0.05944977708553833,0.0
2026-01-07 13:30:00,0.04216463569501837,0.0
2026-01-07 13:45:00,0.030953720675732314,-1000.0
2026-01-07 14:00:00,-0.004181627014543841,-1000.0
2026-01-07 14:15:00,-0.005257035116597301,-1000.0
2026-01-07 14:30:00,-0.009042415660870457,-1000.0
2026-01-07 14:45:00,-0.02293360106635993,-1000.0
2026-01-07 15:00:00,-0.086019382345847,-1000.0
2026-01-07 15:15:00,-0.09728418884050669,-1000.0
2026-01-07 15:30:00,-0.0424237831649007,-1000.0
2026-01-07 15:45:00,0.06652439768708156,0.0
2026-01-07 16:00:00,0.1755912651764709,0.0
2026-01-07 16:15:00,0.3657521274244082,0.0
2026-01-07 16:30:00,0.7809065526477847,0.0
2026-01-07 16:45:00,1.1139797338913062,0.0
2026-01-07 17:00:00,1.3291048751186616,1000.0
2026-01-07 17:15:00,1.355224166086165,1000.0
2026-01-07 17:30:00,1.3176173829064002,1000.0
2026-01-07 17:45:00,1.3002903203946585,1000.0
2026-01-07 18:00:00,1.3642095081136876,1000.0
2026-01-07 18:15:00,1.3198068014724014,1000.0
2026-01-07 18:30:00,1.2767042975180574,1000.0
2026-01-07 18:45:00,1.2770005537970466,1000.0
2026-01-07 19:00:00,1.1637491812415024,0.0
2026-01-07 19:15:00,1.0154729218165195,0.0
2026-01-07 19:30:00,1.068994412556357,0.0
2026-01-07 19:45:00,1.0400913519539559,0.0
2026-01-07 20:00:00,0.9555288784789707,0.0
2026-01-07 20:15:00,0.9990206184360966,0.0
2026-01-07 20:30:00,1.0929348469469142,0.0
2026-01-07 20:45:00,1.0079097281194724,0.0
2026-01-07 21:00:00,0.8882291708975796,0.0
2026-01-07 21:15:00,0.7778661956514867,0.0
2026-01-07 21:30:00,0.7871687322086484,0.0
2026-01-07 21:45:00,0.5335699461610309,0.0
2026-01-07 22:00:00,0.4325107345609348,0.0
2026-01-07 22:15:00,0.17603256535016992,0.0
2026-01-07 22:30:00,0.14627975855445832,0.0
2026-01-07 22:45:00,0.0601431423223417,0.0
2026-01-07 23:00:00,0.03736923338158095,0.0
2026-01-07 23:15:00,0.03369372986223851,0.0
2026-01-07 23:30:00,-0.009622924063606604,0.0
2026-01-07 23:45:00,0.035815214809551646,0.0
2026-01-08 00:00:00,0.033673135363962964,0.0
2026-01-08 00:15:00,0.10104374358623916,0.0
2026-01-08 00:30:00,0.1294008207684276,0.0
2026-01-08 00:45:00,0.09404225142923862,0.0
2026-01-08 01:00:00,0.08942401209204887,0.0
2026-01-08 01:15:00,0.08121329971777001,0.0
2026-01-08 01:30:00,0.029841433605726744,0.0
2026-01-08 01:45:00,0.02203765569210213,0.0
2026-01-08 02:00:00,0.012538187065976734,0.0
2026-01-08 02:15:00,-0.00989403583915645,0.0
2026-01-08 02:30:00,-0.002123000452505387,0.0
2026-01-08 02:45:00,-0.0013427605256286258,0.0
2026-01-08 03:00:00,-0.053541217807602175,0.0
2026-01-08 03:15:00,0.006362028551141414,0.0
2026-01-08 03:30:00,-0.06409315348151542,0.0
2026-01-08 03:45:00,-0.05747628627394666,0.0
2026-01-08 04:00:00,-0.04849213758120328,0.0
2026-01-08 04:15:00,-0.04283659852718038,0.0
2026-01-08 04:30:00,-0.09551870090376127,0.0
2026-01-08 04:45:00,-0.051388010869110996,0.0
2026-01-08 05:00:00,-0.08982702171251794,0.0
2026-01-08 05:15:00,-0.044394540274619684,0.0
2026-01-08 05:30:00,-0.04603059538003567,0.0
2026-01-08 05:45:00,-0.09400093889401166,0.0
2026-01-08 06:00:00,-0.043530695378321445,0.0
2026-01-08 06:15:00,-0.016197220400452607,0.0
2026-01-08 06:30:00,0.0039036901085621172,0.0
2026-01-08 06:45:00,0.004828151186967041,0.0
2026-01-08 07:00:00,-0.00514635856596772,0.0
2026-01-08 07:15:00,0.02904142340938508,0.0
2026-01-08 07:30:00,0.029657949886130002,0.0
2026-01-08 07:45:00,-0.0008339744111898336,0.0
2026-01-08 08:00:00,-0.021945976409503236,0.0
2026-01-08 08:15:00,-0.0445269751542276,0.0
2026-01-08 08:30:00,-0.04507479811782152,0.0
2026-01-08 08:45:00,-0.03904031602646676,0.0
2026-01-08 09:00:00,-0.03563887918200641,0.0
2026-01-08 09:15:00,-0.06381628862304303,0.0
2026-01-08 09:30:00,-0.08403006385521439,0.0
2026-01-08 09:45:00,-0.09838787918644923,0.0
2026-01-08 10:00:00,-0.15477191475641983,-1000.0
2026-01-08 10:15:00,-0.13279616003717656,-1000.0
2026-01-08 10:30:00,-0.13162115872761915,-1000.0
2026-01-08 10:45:00,-0.10816992711316639,-1000.0
2026-01-08 11:00:00,-0.12826682028156894,-1000.0
2026-01-08 11:15:00,-0.1014746800731572,-1000.0
2026-01-08 11:30:00,-0.12871949721619236,-1000.0
2026-01-08 11:45:00,-0.14435588501948918,-1000.0
2026-01-08 12:00:00,-0.12384441834490616,0.0
2026-01-08 12:15:00,-0.1166874856825128,0.0
2026-01-08 12:30:00,-0.1069563606224869,0.0
2026-01-08 12:45:00,-0.10395183320086421,0.0
2026-01-08 13:00:00,-0.11097820433255526,0.0
2026-01-08 13:15:00,-0.11198184849166093,0.0
2026-01-08 13:30:00,-0.11291295927161346,0.0
2026-01-08 13:45:00,-0.11263122805518368,0.0
2026-01-08 14:00:00,-0.0788444873959672,0.0
2026-01-08 14:15:00,-0.04690215728248412,0.0
2026-01-08 14:30:00,-0.06315088002865164,0.0
2026-01-08 14:45:00,-0.07225191904626545,0.0
2026-01-08 15:00:00,-0.05063610473132556,0.0
2026-01-08 15:15:00,-0.06924836363209404,0.0
2026-01-08 15:30:00,-0.080026849987854,0.0
2026-01-08 15:45:00,-0.0990188981845021,0.0
2026-01-08 16:00:00,-0.05717368881614201,0.0
2026-01-08 16:15:00,-0.006235792379886163,0.0
2026-01-08 16:30:00,0.020918366341678044,0.0
2026-01-08 16:45:00,-0.03199649085618974,0.0
2026-01-08 17:00:00,-0.017969485219237896,0.0
2026-01-08 17:15:00,0.1347997199563748,0.0
2026-01-08 17:30:00,0.0037562234823190635,0.0
2026-01-08 17:45:00,-0.07805819341171448,0.0
2026-01-08 18:00:00,0.15833128524583492,1000.0
2026-01-08 18:15:00,0.1201079344865351,1000.0
2026-01-08 18:30:00,0.11300744561885602,1000.0
2026-01-08 18:45:00,0.1195197192178455,1000.0
2026-01-08 19:00:00,0.0981015438750042,1000.0
2026-01-08 19:15:00,0.09784973141306808,1000.0
2026-01-08 19:30:00,0.08155918051310174,1000.0
2026-01-08 19:45:00,0.1007286271051021,1000.0
2026-01-08 20:00:00,0.07970221578327602,0.0
2026-01-08 20:15:00,0.11015677713766882,0.0
2026-01-08 20:30:00,0.10140215785862712,0.0
2026-01-08 20:45:00,0.0396280154363696,0.0
2026-01-08 21:00:00,0.05306810511787979,0.0
2026-01-08 21:15:00,-0.004551083251356307,0.0
2026-01-08 21:30:00,-0.007147933661906454,0.0
2026-01-08 21:45:00,0.03291283499949058,0.0
2026-01-08 22:00:00,-0.006802197548657331,0.0
2026-01-08 22:15:00,-0.02674005371270449,0.0
2026-01-08 22:30:00,-0.05172616685489785,0.0
2026-01-08 22:45:00,-0.0833356618937101,0.0
2026-01-08 23:00:00,-0.16464723366616027,0.0
2026-01-08 23:15:00,-0.19524933171233091,0.0
2026-01-08 23:30:00,-0.1854176150240378,0.0
2026-01-08 23:45:00,-0.1858422538013109,0.0
2026-01-09 00:00:00,-0.02129630455929907,0.0
2026-01-09 00:15:00,-0.04656994474424452,0.0
2026-01-09 00:30:00,-0.04456036213653627,0.0
2026-01-09 00:45:00,0.012089273716342313,0.0
2026-01-09 01:00:00,0.006317896265138689,0.0
2026-01-09 01:15:00,0.024104597337374113,0.0
2026-01-09 01:30:00,-0.002725219630235797,0.0
2026-01-09 01:45:00,-0.018990171311511417,0.0
2026-01-09 02:00:00,-0.026986290009034904,0.0
2026-01-09 02:15:00,-0.02974059250470904,0.0
2026-01-09 02:30:00,-0.035729875576197855,0.0
2026-01-09 02:45:00,-0.0045872578297587625,0.0
2026-01-09 03:00:00,-0.02202004058364001,0.0
2026-01-09 03:15:00,-0.02050875529399537,0.0
2026-01-09 03:30:00,0.0033308192768037245,0.0
2026-01-09 03:45:00,0.019215440349173888,0.0
2026-01-09 04:00:00,-0.007639796720812648,0.0
2026-01-09 04:15:00,-0.004746183477716961,0.0
2026-01-09 04:30:00,0.006433140997917227,0.0
2026-01-09 04:45:00,-0.011941953680876414,0.0
2026-01-09 05:00:00,-0.014666478100269364,0.0
2026-01-09 05:15:00,-0.026341866548108796,0.0
2026-01-09 05:30:00,-0.03692480791555602,0.0
2026-01-09 05:45:00,-0.04546610890529865,0.0
2026-01-09 06:00:00,0.06234758213376423,0.0
2026-01-09 06:15:00,0.06518948361255461,0.0
2026-01-09 06:30:00,0.06842583888834597,0.0
2026-01-09 06:45:00,0.06951340273485904,0.0
2026-01-09 07:00:00,0.05582392122227854,0.0
2026-01-09 07:15:00,0.055515491555452004,0.0
2026-01-09 07:30:00,0.02931617975296027,0.0
2026-01-09 07:45:00,-0.0015382246580038078,0.0
2026-01-09 08:00:00,0.013550158070571899,0.0
2026-01-09 08:15:00,-0.0007648295137734306,0.0
2026-01-09 08:30:00,-0.00812574225268821,0.0
2026-01-09 08:45:00,-0.0033043500106828315,0.0
2026-01-09 09:00:00,-0.008371029410033206,0.0
2026-01-09 09:15:00,-0.020833169521488466,0.0
2026-01-09 09:30:00,-0.04900426989165294,0.0
2026-01-09 09:45:00,-0.030281235070710656,0.0
2026-01-09 10:00:00,-0.16916655019117163,-1000.0
2026-01-09 10:15:00,-0.13432645248442443,-1000.0
2026-01-09 10:30:00,-0.17096331461815348,-1000.0
2026-01-09 10:45:00,-0.12025382322637768,-1000.0
2026-01-09 11:00:00,-0.06542563892065602,-1000.0
2026-01-09 11:15:00,-0.09563948327476546,-1000.0
2026-01-09 11:30:00,-0.12217044325314239,-1000.0
2026-01-09 11:45:00,-0.09933094855341698,-1000.0
2026-01-09 12:00:00,-0.06363180823768357,0.0
2026-01-09 12:15:00,-0.04900348398832249,0.0
2026-01-09 12:30:00,-0.07043149252668976,0.0
2026-01-09 12:45:00,-0.054036729357820716,0.0
2026-01-09 13:00:00,-0.057008670541680476,0.0
2026-01-09 13:15:00,-0.044159628880274686,0.0
2026-01-09 13:30:00,-0.0512282168118814,0.0
2026-01-09 13:45:00,-0.05961484968823285,0.0
2026-01-09 14:00:00,6.03729259387257e-05,0.0
2026-01-09 14:15:00,0.0006671455002043311,0.0
2026-01-09 14:30:00,-0.022574633368489756,0.0
2026-01-09 14:45:00,-0.0023109543974031174,0.0
2026-01-09 15:00:00,-0.0076201551731669,0.0
2026-01-09 15:15:00,-0.014071689280429593,0.0
2026-01-09 15:30:00,0.008852604291032134,0.0
2026-01-09 15:45:00,0.03782173616940885,0.0
2026-01-09 16:00:00,0.08071712235354014,0.0
2026-01-09 16:15:00,0.06095532810950658,0.0
2026-01-09 16:30:00,0.08937184976137526,0.0
2026-01-09 16:45:00,0.1610619899626061,0.0
2026-01-09 17:00:00,0.19563789160667647,0.0
2026-01-09 17:15:00,0.14782479527329756,0.0
2026-01-09 17:30:00,0.05764934737779966,0.0
2026-01-09 17:45:00,-0.03664087349177727,0.0
2026-01-09 18:00:00,0.17473744981379855,0.0
2026-01-09 18:15:00,0.08691757022266891,0.0
2026-01-09 18:30:00,0.18107881003670612,1000.0
2026-01-09 18:45:00,0.1491229129026425,1000.0
2026-01-09 19:00:00,0.11019502413910998,1000.0
2026-01-09 19:15:00,0.13340019461617614,1000.0
2026-01-09 19:30:00,0.15656486282646798,1000.0
2026-01-09 19:45:00,0.17254014321820024,1000.0
2026-01-09 20:00:00,0.14702284814317423,1000.0
2026-01-09 20:15:00,0.16315863592089633,1000.0
2026-01-09 20:30:00,0.1141635541398906,0.0
2026-01-09 20:45:00,0.11589763712742111,0.0
2026-01-09 21:00:00,0.061092976893752225,0.0
2026-01-09 21:15:00,0.06996184021093094,0.0
2026-01-09 21:30:00,0.08307286825057862,0.0
2026-01-09 21:45:00,0.15357763115096948,0.0
2026-01-09 22:00:00,0.00014273864450733346,0.0
2026-01-09 22:15:00,0.015720950623005006,0.0
2026-01-09 22:30:00,-0.008901104733566598,0.0
2026-01-09 22:45:00,-0.03910235227788149,0.0
2026-01-09 23:00:00,-0.2075863351160776,0.0
2026-01-09 23:15:00,-0.12973236269510544,0.0
2026-01-09 23:30:00,-0.127859108818489,0.0
2026-01-09 23:45:00,-0.12846851867964787,0.0
2026-01-10 00:00:00,0.003212265323294425,0.0
2026-01-10 00:15:00,-0.013131794217830452,0.0
2026-01-10 00:30:00,-0.015959410406790574,0.0
2026-01-10 00:45:00,-0.015547173647623837,0.0
2026-01-10 01:00:00,-0.014027475554001387,0.0
2026-01-10 01:15:00,0.022525933994080653,0.0
2026-01-10 01:30:00,0.057486718230019974,0.0
2026-01-10 01:45:00,0.11309074329308609,0.0
2026-01-10 02:00:00,0.1161239988121715,0.0
2026-01-10 02:15:00,0.16875118918929582,0.0
2026-01-10 02:30:00,0.10602677314432818,0.0
2026-01-10 02:45:00,0.23916153868451823,0.0
2026-01-10 03:00:00,0.2399109164892783,0.0
2026-01-10 03:15:00,0.237201384522375,0.0
2026-01-10 03:30:00,0.23512976317309378,0.0
2026-01-10 03:45:00,0.24186564879746342,0.0
2026-01-10 04:00:00,0.21159007296269433,0.0
2026-01-10 04:15:00,0.18476263451748795,0.0
2026-01-10 04:30:00,0.20250976802695447,0.0
2026-01-10 04:45:00,0.24352446017419763,0.0
2026-01-10 05:00:00,0.18725760423119903,0.0
2026-01-10 05:15:00,0.1413027182032977,0.0
2026-01-10 05:30:00,0.13992559448957712,0.0
2026-01-10 05:45:00,0.1329019998152435,0.0
2026-01-10 06:00:00,0.07939169797445855,0.0
2026-01-10 06:15:00,0.09601655731432818,0.0
2026-01-10 06:30:00,0.07514232248338581,0.0
2026-01-10 06:45:00,0.0741262986694971,0.0
2026-01-10 07:00:00,0.0568941649864269,0.0
2026-01-10 07:15:00,0.050471262918703824,0.0
2026-01-10 07:30:00,0.024092613531956963,0.0
2026-01-10 07:45:00,0.021860619077033065,0.0
2026-01-10 08:00:00,0.04516301551110834,0.0
2026-01-10 08:15:00,0.041183004686754024,0.0
2026-01-10 08:30:00,-0.008532470659485066,0.0
2026-01-10 08:45:00,0.006194562475010164,0.0
2026-01-10 09:00:00,0.011812918146505275,0.0
2026-01-10 09:15:00,-0.016160698073124466,0.0
2026-01-10 09:30:00,-0.0332210558605147,0.0
2026-01-10 09:45:00,-0.06994929714929271,0.0
2026-01-10 10:00:00,-0.07946962448205734,0.0
2026-01-10 10:15:00,-0.0819306945302369,0.0
2026-01-10 10:30:00,-0.08656255180436033,0.0
2026-01-10 10:45:00,-0.09757024594824336,0.0
2026-01-10 11:00:00,-0.0918732586255602,0.0
2026-01-10 11:15:00,-0.07163524470328989,0.0
2026-01-10 11:30:00,-0.07351478254449806,0.0
2026-01-10 11:45:00,-0.11015985739316678,0.0
2026-01-10 12:00:00,-0.10535710041803183,-1000.0
2026-01-10 12:15:00,-0.10562956901091879,-1000.0
2026-01-10 12:30:00,-0.10606756214023629,-1000.0
2026-01-10 12:45:00,-0.10620860810288307,-1000.0
2026-01-10 13:00:00,-0.10764573681950751,-1000.0
2026-01-10 13:15:00,-0.10885485483413937,-1000.0
2026-01-10 13:30:00,-0.11324774774149443,-1000.0
2026-01-10 13:45:00,-0.11063123318448051,-1000.0
2026-01-10 14:00:00,-0.04723959670603198,0.0
2026-01-10 14:15:00,-0.049568228790912015,0.0
2026-01-10 14:30:00,-0.0721128988978003,0.0
2026-01-10 14:45:00,-0.07052994006073593,0.0
2026-01-10 15:00:00,-0.07212460633577522,0.0
2026-01-10 15:15:00,-0.07441102969722602,0.0
2026-01-10 15:30:00,-0.08390695473386567,0.0
2026-01-10 15:45:00,-0.08968709676518469,0.0
2026-01-10 16:00:00,-0.09290787126742854,0.0
2026-01-10 16:15:00,-0.06826700663580024,0.0
2026-01-10 16:30:00,-0.0530595313357686,0.0
2026-01-10 16:45:00,0.006655209595345262,0.0
2026-01-10 17:00:00,0.06061666475983736,0.0
2026-01-10 17:15:00,-0.037639426177244466,0.0
2026-01-10 17:30:00,-0.05165059204653521,0.0
2026-01-10 17:45:00,-0.10646417965229764,0.0
2026-01-10 18:00:00,0.2856778596427189,0.0
2026-01-10 18:15:00,0.10926611740599353,0.0
2026-01-10 18:30:00,0.21708493963028447,0.0
2026-01-10 18:45:00,0.24847116662976743,0.0
2026-01-10 19:00:00,0.23072586552607938,0.0
2026-01-10 19:15:00,0.1931037588427491,0.0
2026-01-10 19:30:00,0.23425915629243843,0.0
2026-01-10 19:45:00,0.18224395772543736,0.0
2026-01-10 20:00:00,0.12173049245300535,0.0
2026-01-10 20:15:00,0.12316102964565799,0.0
2026-01-10 20:30:00,0.13563045156310974,0.0
2026-01-10 20:45:00,0.10855866605574149,0.0
2026-01-10 21:00:00,0.13024680089517907,0.0
2026-01-10 21:15:00,0.12761350760534884,0.0
2026-01-10 21:30:00,0.14392337665058358,0.0
2026-01-10 21:45:00,0.21400540814732402,0.0
2026-01-10 22:00:00,0.3460877107814539,1000.0
2026-01-10 22:15:00,0.36486743042291775,1000.0
2026-01-10 22:30:00,0.391255364404061,1000.0
2026-01-10 22:45:00,0.3614122485634405,1000.0
2026-01-10 23:00:00,0.21406331593466024,1000.0
2026-01-10 23:15:00,0.18321038234306602,1000.0
2026-01-10 23:30:00,0.3698963726989557,1000.0
2026-01-10 23:45:00,0.35782380788177975,1000.0
2026-01-11 00:00:00,0.2770173121372025,0.0
2026-01-11 00:15:00,0.31693741957986044,0.0
2026-01-11 00:30:00,0.223694045485078,0.0
2026-01-11 00:45:00,0.2486171106144059,0.0
2026-01-11 01:00:00,0.2841680896173181,0.0
2026-01-11 01:15:00,0.2303343258268451,0.0
2026-01-11 01:30:00,0.2619137160528633,0.0
2026-01-11 01:45:00,0.3244953421122659,0.0
2026-01-11 02:00:00,0.29098747200933195,0.0
2026-01-11 02:15:00,0.3124134512699969,0.0
2026-01-11 02:30:00,0.2978697414917405,0.0
2026-01-11 02:45:00,0.25288236130398356,0.0
2026-01-11 03:00:00,0.26755878611188083,0.0
2026-01-11 03:15:00,0.22921659309903283,0.0
2026-01-11 03:30:00,0.18403697760381396,0.0
2026-01-11 03:45:00,0.21066175828651398,0.0
2026-01-11 04:00:00,0.1871877546745766,0.0
2026-01-11 04:15:00,0.16568120876228515,0.0
2026-01-11 04:30:00,0.1409352960141456,0.0
2026-01-11 04:45:00,0.2007625601100832,0.0
2026-01-11 05:00:00,0.13713569360823194,0.0
2026-01-11 05:15:00,0.09306947761505235,0.0
2026-01-11 05:30:00,0.09162050356063703,0.0
2026-01-11 05:45:00,0.06543309960199242,0.0
2026-01-11 06:00:00,-0.017506505642195542,0.0
2026-01-11 06:15:00,0.020523616530446678,0.0
2026-01-11 06:30:00,0.02213608914485155,0.0
2026-01-11 06:45:00,0.020914161241474646,0.0
2026-01-11 07:00:00,0.011213036598470375,0.0
2026-01-11 07:15:00,-0.032733972612373874,0.0
2026-01-11 07:30:00,-0.054625511442976,0.0
2026-01-11 07:45:00,-0.027439471940334335,0.0
2026-01-11 08:00:00,-0.025026864036467315,0.0
2026-01-11 08:15:00,-0.03189230863931837,0.0
2026-01-11 08:30:00,-0.023001791181703025,0.0
2026-01-11 08:45:00,-0.00198220401146355,0.0
2026-01-11 09:00:00,-0.001620545181502116,0.0
2026-01-11 09:15:00,-0.020559346437775863,0.0
2026-01-11 09:30:00,-0.06232059229859967,0.0
2026-01-11 09:45:00,-0.06947493893887446,0.0
2026-01-11 10:00:00,-0.14888787487483526,0.0
2026-01-11 10:15:00,-0.09121284438135162,0.0
2026-01-11 10:30:00,-0.04935949510162652,0.0
2026-01-11 10:45:00,-0.05826080156731279,0.0
2026-01-11 11:00:00,-0.047291984800720485,0.0
2026-01-11 11:15:00,-0.05263902784741743,0.0
2026-01-11 11:30:00,-0.09360279100383313,0.0
2026-01-11 11:45:00,-0.08188137716561245,0.0
2026-01-11 12:00:00,-0.0643254966949089,0.0
2026-01-11 12:15:00,-0.0707173062886144,0.0
2026-01-11 12:30:00,-0.07123284160761909,0.0
2026-01-11 12:45:00,-0.05557896555648928,0.0
2026-01-11 13:00:00,-0.0479585982938126,0.0
2026-01-11 13:15:00,-0.049137162474831096,0.0
2026-01-11 13:30:00,-0.05588913908562159,0.0
2026-01-11 13:45:00,-0.05780450119483013,0.0
2026-01-11 14:00:00,-0.044758021526534394,0.0
2026-01-11 14:15:00,-0.04737004427538022,0.0
2026-01-11 14:30:00,-0.07638493254791265,-1000.0
2026-01-11 14:45:00,-0.08560045558968948,-1000.0
2026-01-11 15:00:00,-0.08832612349740601,-1000.0
2026-01-11 15:15:00,-0.0875394322234462,-1000.0
2026-01-11 15:30:00,-0.09782730590173967,-1000.0
2026-01-11 15:45:00,-0.1102245229559187,-1000.0
2026-01-11 16:00:00,-0.10748322525964471,-1000.0
2026-01-11 16:15:00,-0.05531814386377637,-1000.0
2026-01-11 16:30:00,-0.019675577751038644,0.0
2026-01-11 16:45:00,0.02401310349677591,0.0
2026-01-11 17:00:00,0.06973580578091516,0.0
2026-01-11 17:15:00,0.057613909782857436,0.0
2026-01-11 17:30:00,-0.0348936218280627,0.0
2026-01-11 17:45:00,-0.09028912572917289,0.0
2026-01-11 18:00:00,0.20658086292771682,0.0
2026-01-11 18:15:00,0.22526632434706467,1000.0
2026-01-11 18:30:00,0.3091406500856306,1000.0
2026-01-11 18:45:00,0.21254936120405513,1000.0
2026-01-11 19:00:00,0.2126032416770823,1000.0
2026-01-11 19:15:00,0.2087762323797826,1000.0
2026-01-11 19:30:00,0.22252600760173807,1000.0
2026-01-11 19:45:00,0.22070243149909713,1000.0
2026-01-11 20:00:00,0.20965759822254723,1000.0
2026-01-11 20:15:00,0.20332519616851077,0.0
2026-01-11 20:30:00,0.09764889315241061,0.0
2026-01-11 20:45:00,0.05715872627480355,0.0
2026-01-11 21:00:00,0.11120461822101428,0.0
2026-01-11 21:15:00,0.05939782862426757,0.0
2026-01-11 21:30:00,0.07008478415520651,0.0
2026-01-11 21:45:00,0.08410008553530957,0.0
2026-01-11 22:00:00,0.015719660793104794,0.0
2026-01-11 22:15:00,0.008884962307193281,0.0
2026-01-11 22:30:00,-0.005334142311585053,0.0
2026-01-11 22:45:00,-0.014754771657139933,0.0
2026-01-11 23:00:00,-0.0770730182199469,0.0
2026-01-11 23:15:00,-0.052961660494043425,0.0
2026-01-11 23:30:00,-0.058090106795212176,0.0
2026-01-11 23:45:00,-0.06388959256588447,0.0
2026-01-12 00:00:00,0.00266415650503746,0.0
2026-01-12 00:15:00,-0.08590282905754679,0.0
2026-01-12 00:30:00,-0.09087077975828559,0.0
2026-01-12 00:45:00,-0.1019328618200402,0.0
2026-01-12 01:00:00,-0.1014519654883327,0.0
2026-01-12 01:15:00,-0.0619604956106203,0.0
2026-01-12 01:30:00,-0.0929003404301333,0.0
2026-01-12 01:45:00,-0.08106641978751875,0.0
2026-01-12 02:00:00,-0.07946427458613403,0.0
2026-01-12 02:15:00,-0.07782661149250962,0.0
2026-01-12 02:30:00,-0.08355733383504835,0.0
2026-01-12 02:45:00,-0.09801147658177113,0.0
2026-01-12 03:00:00,-0.13462368274348305,0.0
2026-01-12 03:15:00,-0.08804394113443557,0.0
2026-01-12 03:30:00,-0.09623482580484373,0.0
2026-01-12 03:45:00,-0.09164332084499903,0.0
2026-01-12 04:00:00,-0.15057812313997132,0.0
2026-01-12 04:15:00,-0.08132943984301186,0.0
2026-01-12 04:30:00,-0.10176825491425481,0.0
2026-01-12 04:45:00,-0.06730433654387966,0.0
2026-01-12 05:00:00,-0.06915257259269163,0.0
2026-01-12 05:15:00,-0.07705785305902273,0.0
2026-01-12 05:30:00,-0.08536787574066633,0.0
2026-01-12 05:45:00,-0.07438705388970296,0.0
2026-01-12 06:00:00,0.032635797332353875,0.0
2026-01-12 06:15:00,0.030986927133578403,0.0
2026-01-12 06:30:00,0.03136231811235587,0.0
2026-01-12 06:45:00,0.02747179092281045,0.0
2026-01-12 07:00:00,0.02814755939830084,0.0
2026-01-12 07:15:00,0.04064591733396887,0.0
2026-01-12 07:30:00,0.0339330038597437,0.0
2026-01-12 07:45:00,0.0458158181372737,0.0
2026-01-12 08:00:00,0.03821152650907041,0.0
2026-01-12 08:15:00,0.032410393702461945,0.0
2026-01-12 08:30:00,0.027936743562097167,0.0
2026-01-12 08:45:00,0.021986077878893746,0.0
2026-01-12 09:00:00,0.0008327269886568755,0.0
2026-01-12 09:15:00,-0.006949098124748329,0.0
2026-01-12 09:30:00,-0.013953862954680676,0.0
2026-01-12 09:45:00,-0.03899129619100039,0.0
2026-01-12 10:00:00,-0.08458917646989506,0.0
2026-01-12 10:15:00,-0.11747755478450206,-1000.0
2026-01-12 10:30:00,-0.12827363683368825,-1000.0
2026-01-12 10:45:00,-0.11936138750422175,-1000.0
2026-01-12 11:00:00,-0.12187504105265713,-1000.0
2026-01-12 11:15:00,-0.11884502274117259,-1000.0
2026-01-12 11:30:00,-0.12314893855967897,-1000.0
2026-01-12 11:45:00,-0.10757167551180974,-1000.0
2026-01-12 12:00:00,-0.11645519187757658,-1000.0
2026-01-12 12:15:00,-0.11671418666486442,0.0
2026-01-12 12:30:00,-0.11560406483500561,0.0
2026-01-12 12:45:00,-0.11120377619660295,0.0
2026-01-12 13:00:00,-0.1170206751685291,0.0
2026-01-12 13:15:00,-0.11651928377489632,0.0
2026-01-12 13:30:00,-0.11989906287787085,0.0
2026-01-12 13:45:00,-0.1328196631614523,0.0
2026-01-12 14:00:00,-0.03814334808256624,0.0
2026-01-12 14:15:00,-0.046263424500998004,0.0
2026-01-12 14:30:00,-0.04397956282096889,0.0
2026-01-12 14:45:00,-0.07196620690108237,0.0
2026-01-12 15:00:00,-0.029093818600791653,0.0
2026-01-12 15:15:00,-0.04936267550803512,0.0
2026-01-12 15:30:00,-0.06424640868505468,0.0
2026-01-12 15:45:00,-0.09265840850525149,0.0
2026-01-12 16:00:00,-0.07273718610464011,0.0
2026-01-12 16:15:00,-0.10464245564866553,0.0
2026-01-12 16:30:00,-0.08052920342608831,0.0
2026-01-12 16:45:00,0.12541329683080996,0.0
2026-01-12 17:00:00,0.2625563517493571,0.0
2026-01-12 17:15:00,0.34846071876735274,0.0
2026-01-12 17:30:00,0.5301109418196283,0.0
2026-01-12 17:45:00,0.510593713974808,0.0
2026-01-12 18:00:00,0.928176848641491,0.0
2026-01-12 18:15:00,0.9054175024495007,0.0
2026-01-12 18:30:00,0.9210806261615543,0.0
2026-01-12 18:45:00,0.9444247391440396,0.0
2026-01-12 19:00:00,0.9758237769966748,0.0
2026-01-12 19:15:00,1.0619565698055946,1000.0
2026-01-12 19:30:00,1.088422247899587,1000.0
2026-01-12 19:45:00,1.0578679819020267,1000.0
2026-01-12 20:00:00,1.0752160965952433,1000.0
2026-01-12 20:15:00,1.0464093435342094,1000.0
2026-01-12 20:30:00,1.1023612461591243,1000.0
2026-01-12 20:45:00,1.1193015546450056,1000.0
2026-01-12 21:00:00,1.0026507686999093,1000.0
2026-01-12 21:15:00,0.9342766526698078,0.0
2026-01-12 21:30:00,0.9500597984468977,0.0
2026-01-12 21:45:00,0.8709383776867361,0.0
2026-01-12 22:00:00,0.6580468899614219,0.0
2026-01-12 22:15:00,0.36489407636208315,0.0
2026-01-12 22:30:00,0.3114217999873758,0.0
2026-01-12 22:45:00,0.29536077568704316,0.0
2026-01-12 23:00:00,0.3074583790377567,0.0
2026-01-12 23:15:00,0.3300867830318546,0.0
2026-01-12 23:30:00,0.34160991010180053,0.0
2026-01-12 23:45:00,0.342329415785078,0.0
2026-01-13 00:00:00,0.22560349597423437,0.0
2026-01-13 00:15:00,0.8268145206194697,0.0
2026-01-13 00:30:00,0.7682499004427309,0.0
2026-01-13 00:45:00,0.7367591054792395,0.0
2026-01-13 01:00:00,0.7497446092500236,0.0
2026-01-13 01:15:00,0.7856087989614213,0.0
2026-01-13 01:30:00,0.8258745870307264,0.0
2026-01-13 01:45:00,0.8260127360010682,0.0
2026-01-13 02:00:00,0.7602163700952999,0.0
2026-01-13 02:15:00,0.7915616003723842,0.0
2026-01-13 02:30:00,0.7459416699868553,0.0
2026-01-13 02:45:00,0.5876083451676846,0.0
2026-01-13 03:00:00,0.5592048825302195,0.0
2026-01-13 03:15:00,0.5909423305048583,0.0
2026-01-13 03:30:00,0.5914094719452647,0.0
2026-01-13 03:45:00,0.5767506433626172,0.0
2026-01-13 04:00:00,0.5593988589272745,0.0
2026-01-13 04:15:00,0.5029863938119613,0.0
2026-01-13 04:30:00,0.4801610123426385,0.0
2026-01-13 04:45:00,0.40457839384791355,0.0
2026-01-13 05:00:00,0.41574384619008653,0.0
2026-01-13 05:15:00,0.4075952519243937,0.0
2026-01-13 05:30:00,0.34932219606631626,0.0
2026-01-13 05:45:00,0.2963183555639341,0.0
2026-01-13 06:00:00,0.4587937265868772,0.0
2026-01-13 06:15:00,0.3867964463935817,0.0
2026-01-13 06:30:00,0.3569793396661191,0.0
2026-01-13 06:45:00,0.3612214376023856,0.0
2026-01-13 07:00:00,0.34780717305149544,0.0
2026-01-13 07:15:00,0.3467910970280135,0.0
2026-01-13 07:30:00,0.3130392892828094,0.0
2026-01-13 07:45:00,0.2900335996196026,0.0
2026-01-13 08:00:00,0.28337986614397764,0.0
2026-01-13 08:15:00,0.2503445143257414,0.0
2026-01-13 08:30:00,0.16537487482066132,0.0
2026-01-13 08:45:00,0.13137123966113975,0.0
2026-01-13 09:00:00,0.067023719687148,0.0
2026-01-13 09:15:00,0.02547561536723113,0.0
2026-01-13 09:30:00,0.011702083077458762,0.0
2026-01-13 09:45:00,-0.05870038346196138,0.0
2026-01-13 10:00:00,-0.14830861801854497,-1000.0
2026-01-13 10:15:00,-0.12452402959650219,-1000.0
2026-01-13 10:30:00,-0.13229394557078544,-1000.0
2026-01-13 10:45:00,-0.11742873460307579,-1000.0
2026-01-13 11:00:00,-0.16771995210202983,-1000.0
2026-01-13 11:15:00,-0.15958189501389472,-1000.0
2026-01-13 11:30:00,-0.09407150283070059,-1000.0
2026-01-13 11:45:00,-0.12224165517336538,-1000.0
2026-01-13 12:00:00,-0.13054202944414686,0.0
2026-01-13 12:15:00,-0.13306798053621197,0.0
2026-01-13 12:30:00,-0.11673170563349508,0.0
2026-01-13 12:45:00,-0.11742563653014264,0.0
2026-01-13 13:00:00,-0.1198400937193262,0.0
2026-01-13 13:15:00,-0.1242624085930547,0.0
2026-01-13 13:30:00,-0.12639680793452754,0.0
2026-01-13 13:45:00,-0.12895008956121778,0.0
2026-01-13 14:00:00,-0.07686159713852377,0.0
2026-01-13 14:15:00,-0.07796616524848539,0.0
2026-01-13 14:30:00,-0.07899641203289229,0.0
2026-01-13 14:45:00,-0.0836587361812129,0.0
2026-01-13 15:00:00,-0.11134631275425387,0.0
2026-01-13 15:15:00,-0.1153398664713749,0.0
2026-01-13 15:30:00,-0.12725541355783998,0.0
2026-01-13 15:45:00,-0.11250725365323971,0.0
2026-01-13 16:00:00,-0.07023859108288441,0.0
2026-01-13 16:15:00,-0.06319838233656996,0.0
2026-01-13 16:30:00,-0.005967449713385942,0.0
2026-01-13 16:45:00,-0.004338245891047958,0.0
2026-01-13 17:00:00,0.09477755949416412,0.0
2026-01-13 17:15:00,0.12017684571616312,0.0
2026-01-13 17:30:00,0.07437787889931015,0.0
2026-01-13 17:45:00,0.116074533850337,0.0
2026-01-13 18:00:00,0.4555726493809898,1000.0
2026-01-13 18:15:00,0.4646084595433485,1000.0
2026-01-13 18:30:00,0.49400038533554613,1000.0
2026-01-13 18:45:00,0.46943319809035067,1000.0
2026-01-13 19:00:00,0.43428987298760097,1000.0
2026-01-13 19:15:00,0.4030663745995005,1000.0
2026-01-13 19:30:00,0.4127528283784788,1000.0
2026-01-13 19:45:00,0.352129008680871,1000.0
2026-01-13 20:00:00,0.3421905947877669,0.0
2026-01-13 20:15:00,0.34082968694711613,0.0
2026-01-13 20:30:00,0.3522924324889085,0.0
2026-01-13 20:45:00,0.3770678200864567,0.0
2026-01-13 21:00:00,0.34038811699961813,0.0
2026-01-13 21:15:00,0.31972154330642094,0.0
2026-01-13 21:30:00,0.34989520797879897,0.0
2026-01-13 21:45:00,0.36666173138521385,0.0
2026-01-13 22:00:00,0.11818221628142014,0.0
2026-01-13 22:15:00,0.1174025154028802,0.0
2026-01-13 22:30:00,0.09078567520581848,0.0
2026-01-13 22:45:00,0.050854671942750757,0.0
2026-01-13 23:00:00,-0.18089344250762074,0.0
2026-01-13 23:15:00,-0.12909259356015862,0.0
2026-01-13 23:30:00,-0.16749035441942198,0.0
2026-01-13 23:45:00,-0.13624227784022494,0.0
2026-01-14 00:00:00,0.02023306782129638,0.0
2026-01-14 00:15:00,0.08132858369466542,0.0
2026-01-14 00:30:00,0.0828601900337509,0.0
2026-01-14 00:45:00,0.04381398563082916,0.0
2026-01-14 01:00:00,0.05671145205411523,0.0
2026-01-14 01:15:00,0.0068968453459958695,0.0
2026-01-14 01:30:00,-0.01798394103365206,0.0
2026-01-14 01:45:00,-0.01713824422802395,0.0
2026-01-14 02:00:00,-0.022304433340585114,0.0
2026-01-14 02:15:00,-0.032883788771358696,0.0
2026-01-14 02:30:00,-0.03125233454222019,0.0
2026-01-14 02:45:00,-0.036554642268830005,0.0
2026-01-14 03:00:00,-0.050630464699374406,0.0
2026-01-14 03:15:00,-0.030810704532458842,0.0
2026-01-14 03:30:00,-0.005751674872632768,0.0
2026-01-14 03:45:00,-0.05822574691275521,0.0
2026-01-14 04:00:00,-0.042238394424772424,0.0
2026-01-14 04:15:00,-0.04647944212585147,0.0
2026-01-14 04:30:00,-0.05901391622513326,0.0
2026-01-14 04:45:00,-0.053413528437338924,0.0
2026-01-14 05:00:00,-0.02939394506849154,0.0
2026-01-14 05:15:00,-0.01708104088131881,0.0
2026-01-14 05:30:00,-0.023802978204805512,0.0
2026-01-14 05:45:00,-0.019023022306601724,0.0
2026-01-14 06:00:00,-0.036350332987741395,0.0
2026-01-14 06:15:00,-0.0030589963884848624,0.0
2026-01-14 06:30:00,0.006997880935833165,0.0
2026-01-14 06:45:00,0.004507269223380007,0.0
2026-01-14 07:00:00,0.016985929784495278,0.0
2026-01-14 07:15:00,0.030228852865021638,0.0
2026-01-14 07:30:00,0.018277869579473655,0.0
2026-01-14 07:45:00,-0.023341844247651095,0.0
2026-01-14 08:00:00,-0.05837394880342006,0.0
2026-01-14 08:15:00,-0.07384835332732184,0.0
2026-01-14 08:30:00,-0.08245707022540236,0.0
2026-01-14 08:45:00,-0.08139635694827448,0.0
2026-01-14 09:00:00,-0.051957457023019536,0.0
2026-01-14 09:15:00,-0.06003479437092775,0.0
2026-01-14 09:30:00,-0.06975172966711994,0.0
2026-01-14 09:45:00,-0.03359299700363349,0.0
2026-01-14 10:00:00,-0.11994934909493694,0.0
2026-01-14 10:15:00,-0.07003274428070803,0.0
2026-01-14 10:30:00,-0.07346194012078529,0.0
2026-01-14 10:45:00,-0.0752075976205665,0.0
2026-01-14 11:00:00,-0.10727374745176489,0.0
2026-01-14 11:15:00,0.023800509441893304,0.0
2026-01-14 11:30:00,-0.031376424964957926,0.0
2026-01-14 11:45:00,-0.020635173313140628,0.0
2026-01-14 12:00:00,-0.040527341548193055,0.0
2026-01-14 12:15:00,-0.02358505305607475,0.0
2026-01-14 12:30:00,-0.03052853849011242,0.0
2026-01-14 12:45:00,-0.03176181246845284,0.0
2026-01-14 13:00:00,-0.03743116874461882,0.0
2026-01-14 13:15:00,-0.03917490790721897,0.0
2026-01-14 13:30:00,-0.059688511165810816,0.0
2026-01-14 13:45:00,-0.05628330932154039,0.0
2026-01-14 14:00:00,-0.06315099241815021,-1000.0
2026-01-14 14:15:00,-0.07425017795170374,-1000.0
2026-01-14 14:30:00,-0.07434432662159284,-1000.0
2026-01-14 14:45:00,-0.08728416660300377,-1000.0
2026-01-14 15:00:00,-0.07654534377809084,-1000.0
2026-01-14 15:15:00,-0.09790521198152212,-1000.0
2026-01-14 15:30:00,-0.09374506616273279,-1000.0
2026-01-14 15:45:00,-0.06276570520304871,-1000.0
2026-01-14 16:00:00,-0.016571251879641362,0.0
2026-01-14 16:15:00,-0.0377164089654343,0.0
2026-01-14 16:30:00,0.022651359945356823,0.0
2026-01-14 16:45:00,0.059604639736069706,0.0
2026-01-14 17:00:00,0.07080538784971173,0.0
2026-01-14 17:15:00,0.028681858770042593,0.0
2026-01-14 17:30:00,-0.0854275639674222,0.0
2026-01-14 17:45:00,-0.12696138820600225,0.0
2026-01-14 18:00:00,0.23891598213103515,0.0
2026-01-14 18:15:00,0.24815000418962954,0.0
2026-01-14 18:30:00,0.315182580461449,0.0
2026-01-14 18:45:00,0.3225134437648462,0.0
2026-01-14 19:00:00,0.34736369360659397,1000.0
2026-01-14 19:15:00,0.4119401076715751,1000.0
2026-01-14 19:30:00,0.3720316720589574,1000.0
2026-01-14 19:45:00,0.3789812318986743,1000.0
2026-01-14 20:00:00,0.4398738728631357,1000.0
2026-01-14 20:15:00,0.42412959282897894,1000.0
2026-01-14 20:30:00,0.44400989344026126,1000.0
2026-01-14 20:45:00,0.3962806839847244,1000.0
2026-01-14 21:00:00,0.28238168761246757,0.0
2026-01-14 21:15:00,0.1676552949548637,0.0
2026-01-14 21:30:00,0.19835248446042494,0.0
2026-01-14 21:45:00,0.2320053700523964,0.0
2026-01-14 22:00:00,0.03058567722735251,0.0
2026-01-14 22:15:00,0.021063609433798588,0.0
2026-01-14 22:30:00,-0.008211140608478155,0.0
2026-01-14 22:45:00,-0.013056018823561324,0.0
2026-01-14 23:00:00,-0.11381090031459684,0.0
2026-01-14 23:15:00,-0.1374124652408065,0.0
2026-01-14 23:30:00,-0.11176236369915392,0.0
2026-01-14 23:45:00,-0.09510425176495357,0.0
2026-01-15 00:00:00,0.04757149386455816,0.0
2026-01-15 00:15:00,0.26375390910260327,0.0
2026-01-15 00:30:00,0.2580561494661533,0.0
2026-01-15 00:45:00,0.2899460082120791,0.0
2026-01-15 01:00:00,0.2822160423826905,0.0
2026-01-15 01:15:00,0.2732087382101672,0.0
2026-01-15 01:30:00,0.2713743333727703,0.0
2026-01-15 01:45:00,0.2719298214185127,0.0
2026-01-15 02:00:00,0.22370263970700663,0.0
2026-01-15 02:15:00,0.2554570585390677,0.0
2026-01-15 02:30:00,0.323175432774091,0.0
2026-01-15 02:45:00,0.3022251524085885,0.0
2026-01-15 03:00:00,0.22632683380890353,0.0
2026-01-15 03:15:00,0.23317663547117026,0.0
2026-01-15 03:30:00,0.28675825780851333,0.0
2026-01-15 03:45:00,0.30507747492304255,0.0
2026-01-15 04:00:00,0.3178607112976564,0.0
2026-01-15 04:15:00,0.3409570412144754,0.0
2026-01-15 04:30:00,0.2622672532336916,0.0
2026-01-15 04:45:00,0.2782891935185976,0.0
2026-01-15 05:00:00,0.23584966265641857,0.0
2026-01-15 05:15:00,0.2968649225356975,0.0
2026-01-15 05:30:00,0.312719250433132,0.0
2026-01-15 05:45:00,0.2884765553667051,0.0
2026-01-15 06:00:00,0.2784822090927138,0.0
2026-01-15 06:15:00,0.3615000753040214,0.0
2026-01-15 06:30:00,0.4412440577362385,0.0
2026-01-15 06:45:00,0.42687263438478906,0.0
2026-01-15 07:00:00,0.4362253744035101,0.0
2026-01-15 07:15:00,0.44788437440631623,0.0
2026-01-15 07:30:00,0.38853625097652017,0.0
2026-01-15 07:45:00,0.35617883625202246,0.0
2026-01-15 08:00:00,0.29997576351143873,0.0
2026-01-15 08:15:00,0.2674586185432319,0.0
2026-01-15 08:30:00,0.2353417090244889,0.0
2026-01-15 08:45:00,0.11163751558212065,0.0
2026-01-15 09:00:00,-0.027548541115273415,0.0
2026-01-15 09:15:00,0.07829800284593438,0.0
2026-01-15 09:30:00,-0.07205183628299358,0.0
2026-01-15 09:45:00,-0.14652130862430976,0.0
2026-01-15 10:00:00,-0.1402829642024603,0.0
2026-01-15 10:15:00,-0.1240344825268951,0.0
2026-01-15 10:30:00,-0.08488844621960899,0.0
2026-01-15 10:45:00,-0.05281844710753673,0.0
2026-01-15 11:00:00,-0.1529513840814266,0.0
2026-01-15 11:15:00,-0.05612071253856099,0.0
2026-01-15 11:30:00,-0.061952286958639385,0.0
2026-01-15 11:45:00,-0.10577147317143228,0.0
2026-01-15 12:00:00,-0.0637268428963266,0.0
2026-01-15 12:15:00,-0.07619781392164651,0.0
2026-01-15 12:30:00,-0.08577976975702986,0.0
2026-01-15 12:45:00,-0.08545115450759444,0.0
2026-01-15 13:00:00,-0.0930097095928339,0.0
2026-01-15 13:15:00,-0.09015870814932873,0.0
2026-01-15 13:30:00,-0.20194068074277408,-1000.0
2026-01-15 13:45:00,-0.20894641053523802,-1000.0
2026-01-15 14:00:00,-0.11270950482092454,-1000.0
2026-01-15 14:15:00,-0.1199029858202665,-1000.0
2026-01-15 14:30:00,-0.12828227042282647,-1000.0
2026-01-15 14:45:00,-0.13866035742931487,-1000.0
2026-01-15 15:00:00,-0.1351510074878566,-1000.0
2026-01-15 15:15:00,-0.09964212214043067,-1000.0
2026-01-15 15:30:00,-0.09042361275892101,0.0
2026-01-15 15:45:00,-0.06538626688203253,0.0
2026-01-15 16:00:00,-0.04048068130840393,0.0
2026-01-15 16:15:00,-0.1282178638575285,0.0
2026-01-15 16:30:00,0.061263410799702274,0.0
2026-01-15 16:45:00,0.13372432401429393,0.0
2026-01-15 17:00:00,0.5260655952357027,0.0
2026-01-15 17:15:00,0.7070409580555589,0.0
2026-01-15 17:30:00,0.7109531207429498,0.0
2026-01-15 17:45:00,0.8433809432067545,0.0
2026-01-15 18:00:00,0.9303302589471759,0.0
2026-01-15 18:15:00,1.0071152575233517,0.0
2026-01-15 18:30:00,1.0144288693888073,0.0
2026-01-15 18:45:00,0.9648370804613612,0.0
2026-01-15 19:00:00,0.9185218402446657,0.0
2026-01-15 19:15:00,0.9033065675803639,0.0
2026-01-15 19:30:00,1.0121973583134312,0.0
2026-01-15 19:45:00,0.9998383372463657,0.0
2026-01-15 20:00:00,0.9669156900536191,0.0
2026-01-15 20:15:00,1.0025246228156826,0.0
2026-01-15 20:30:00,1.0410695693657512,0.0
2026-01-15 20:45:00,0.9794696881036964,0.0
2026-01-15 21:00:00,0.9167756705684657,0.0
2026-01-15 21:15:00,0.9610624700619552,0.0
2026-01-15 21:30:00,0.9883041342154297,0.0
2026-01-15 21:45:00,0.973077775341609,0.0
2026-01-15 22:00:00,1.1243068947410146,1000.0
2026-01-15 22:15:00,1.1231691720491737,1000.0
2026-01-15 22:30:00,1.18258679240526,1000.0
2026-01-15 22:45:00,1.1818851873309795,1000.0
2026-01-15 23:00:00,1.1975159224069787,1000.0
2026-01-15 23:15:00,1.2809759311345388,1000.0
2026-01-15 23:30:00,1.3195856071093004,1000.0
2026-01-15 23:45:00,1.0156347563191168,1000.0
2026-01-16 00:00:00,0.9927583170289667,0.0
2026-01-16 00:15:00,1.644837223326906,0.0
2026-01-16 00:30:00,1.6282007539589722,0.0
2026-01-16 00:45:00,1.6659521088817921,0.0
2026-01-16 01:00:00,1.901288021959978,0.0
2026-01-16 01:15:00,1.8942743477929573,0.0
2026-01-16 01:30:00,2.2349297123559553,0.0
2026-01-16 01:45:00,2.2412549233258527,0.0
2026-01-16 02:00:00,2.3230431768098834,0.0
2026-01-16 02:15:00,2.3979330345491667,0.0
2026-01-16 02:30:00,2.443682086163313,0.0
2026-01-16 02:45:00,2.1693980535201254,0.0
2026-01-16 03:00:00,2.1609856787933954,0.0
2026-01-16 03:15:00,2.112848352110349,0.0
2026-01-16 03:30:00,2.0879004661673766,0.0
2026-01-16 03:45:00,2.3129589991412485,0.0
2026-01-16 04:00:00,2.3484426135404166,0.0
2026-01-16 04:15:00,2.5113112125677124,0.0
2026-01-16 04:30:00,2.493395174602205,0.0
2026-01-16 04:45:00,2.3518764083738604,0.0
2026-01-16 05:00:00,2.3746800087719926,0.0
2026-01-16 05:15:00,2.351832222415074,0.0
2026-01-16 05:30:00,2.3468594150111266,0.0
2026-01-16 05:45:00,2.263413399169811,0.0
2026-01-16 06:00:00,2.1740269236222387,0.0
2026-01-16 06:15:00,2.1650699766977373,0.0
2026-01-16 06:30:00,2.0645827708183284,0.0
2026-01-16 06:45:00,2.1024029770261055,0.0
2026-01-16 07:00:00,2.147797626535659,0.0
2026-01-16 07:15:00,2.5459303383619685,0.0
2026-01-16 07:30:00,2.4538059575765305,0.0
2026-01-16 07:45:00,2.332001740286424,0.0
2026-01-16 08:00:00,2.6615119145576163,0.0
2026-01-16 08:15:00,2.418690781809415,0.0
2026-01-16 08:30:00,1.9903795148387187,0.0
2026-01-16 08:45:00,1.6962896431317849,0.0
2026-01-16 09:00:00,1.608272156852698,0.0
2026-01-16 09:15:00,1.537537737096679,0.0
2026-01-16 09:30:00,1.5449168390053423,0.0
2026-01-16 09:45:00,1.492953578241036,0.0
2026-01-16 10:00:00,0.9227672261313248,0.0
2026-01-16 10:15:00,0.8958604912495799,0.0
2026-01-16 10:30:00,0.7596641683863834,0.0
2026-01-16 10:45:00,0.8164548513453889,0.0
2026-01-16 11:00:00,0.8357634449333365,0.0
2026-01-16 11:15:00,0.7686104841182683,0.0
2026-01-16 11:30:00,0.42037130200571415,0.0
2026-01-16 11:45:00,0.26049314233886567,0.0
2026-01-16 12:00:00,0.19399528290223722,-1000.0
2026-01-16 12:15:00,0.18164519430305598,-1000.0
2026-01-16 12:30:00,0.18055184272208816,-1000.0
2026-01-16 12:45:00,0.13320840986675894,-1000.0
2026-01-16 13:00:00,0.13724367617838507,-1000.0
2026-01-16 13:15:00,0.14738594796990215,-1000.0
2026-01-16 13:30:00,0.1989945964944971,-1000.0
2026-01-16 13:45:00,0.20665588455642991,-1000.0
2026-01-16 14:00:00,0.4699809274470742,0.0
2026-01-16 14:15:00,0.4872820613559995,0.0
2026-01-16 14:30:00,0.5084182144835584,0.0
2026-01-16 14:45:00,0.5001689367713811,0.0
2026-01-16 15:00:00,0.49519526223329124,0.0
2026-01-16 15:15:00,0.570391639707314,0.0
2026-01-16 15:30:00,0.603842036859454,0.0
2026-01-16 15:45:00,0.6731022521054258,0.0
2026-01-16 16:00:00,0.7941128373038207,0.0
2026-01-16 16:15:00,0.9705933678302145,0.0
2026-01-16 16:30:00,1.3076814598378506,0.0
2026-01-16 16:45:00,1.4109827198786378,0.0
2026-01-16 17:00:00,1.8496760924608053,0.0
2026-01-16 17:15:00,2.75291941598911,1000.0
2026-01-16 17:30:00,2.699036616974755,1000.0
2026-01-16 17:45:00,2.67532563661731,1000.0
2026-01-16 18:00:00,2.5638598142847204,1000.0
2026-01-16 18:15:00,2.4495382194299697,1000.0
2026-01-16 18:30:00,2.555085672233604,1000.0
2026-01-16 18:45:00,2.512424297090091,1000.0
2026-01-16 19:00:00,2.564866951826353,1000.0
2026-01-16 19:15:00,2.2934025722789966,0.0
2026-01-16 19:30:00,1.910295484671734,0.0
2026-01-16 19:45:00,1.7064765590367266,0.0
2026-01-16 20:00:00,1.61151636635342,0.0
2026-01-16 20:15:00,1.6754173085637105,0.0
2026-01-16 20:30:00,1.8596325329860774,0.0
2026-01-16 20:45:00,2.00958133863464,0.0
2026-01-16 21:00:00,1.7644758845794306,0.0
2026-01-16 21:15:00,1.7040128885882915,0.0
2026-01-16 21:30:00,1.6783083056353343,0.0
2026-01-16 21:45:00,1.6320124028141414,0.0
2026-01-16 22:00:00,1.7009582314949536,0.0
2026-01-16 22:15:00,1.6633686795981921,0.0
2026-01-16 22:30:00,1.7018284763544733,0.0
2026-01-16 22:45:00,1.51990012795597,0.0
2026-01-16 23:00:00,1.388807346610141,0.0
2026-01-16 23:15:00,1.3153131910183713,0.0
2026-01-16 23:30:00,1.3247348455982133,0.0
2026-01-16 23:45:00,1.327042915761584,0.0
2026-01-17 00:00:00,1.5096901154105946,0.0
2026-01-17 00:15:00,1.6850636662470406,0.0
2026-01-17 00:30:00,1.6577190341042944,0.0
2026-01-17 00:45:00,1.6862097371560445,0.0
2026-01-17 01:00:00,1.7892076365212477,0.0
2026-01-17 01:15:00,1.793064043337507,0.0
2026-01-17 01:30:00,1.703286691234012,0.0
2026-01-17 01:45:00,1.4573586796369853,0.0
2026-01-17 02:00:00,1.5263952446684723,0.0
2026-01-17 02:15:00,1.4811714447282471,0.0
2026-01-17 02:30:00,1.4750467333173258,0.0
2026-01-17 02:45:00,1.606182533107515,0.0
2026-01-17 03:00:00,1.6041261497836719,0.0
2026-01-17 03:15:00,1.5254994033601001,0.0
2026-01-17 03:30:00,1.4737800440989595,0.0
2026-01-17 03:45:00,1.459215662959938,0.0
2026-01-17 04:00:00,1.4526749354224198,0.0
2026-01-17 04:15:00,1.4392447349978315,0.0
2026-01-17 04:30:00,1.4024087564476289,0.0
2026-01-17 04:45:00,1.3517798128882388,0.0
2026-01-17 05:00:00,1.3395028442910721,0.0
2026-01-17 05:15:00,1.341778078984792,0.0
2026-01-17 05:30:00,1.3174178862409573,0.0
2026-01-17 05:45:00,1.3154921076697093,0.0
2026-01-17 06:00:00,1.2173369230427258,0.0
2026-01-17 06:15:00,1.1513107171922667,0.0
2026-01-17 06:30:00,1.1654394326937862,0.0
2026-01-17 06:45:00,1.1715828357548868,0.0
2026-01-17 07:00:00,1.1741631385636302,0.0
2026-01-17 07:15:00,1.085920168322284,0.0
2026-01-17 07:30:00,1.1401655445968912,0.0
2026-01-17 07:45:00,1.1192252470152873,0.0
2026-01-17 08:00:00,1.1189849709453745,0.0
2026-01-17 08:15:00,1.1243506435455566,0.0
2026-01-17 08:30:00,1.0916646968928012,0.0
2026-01-17 08:45:00,1.1665150829635447,0.0
2026-01-17 09:00:00,1.052951193843158,0.0
2026-01-17 09:15:00,0.9031226714665056,0.0
2026-01-17 09:30:00,0.7674690849835751,0.0
2026-01-17 09:45:00,0.763149274648925,0.0
2026-01-17 10:00:00,0.6812601747575032,0.0
2026-01-17 10:15:00,0.4672339127728193,0.0
2026-01-17 10:30:00,0.07253643303580061,0.0
2026-01-17 10:45:00,0.045502909081401144,0.0
2026-01-17 11:00:00,-0.005399350887738021,0.0
2026-01-17 11:15:00,0.026297803161088974,0.0
2026-01-17 11:30:00,-0.07333883001114659,0.0
2026-01-17 11:45:00,0.04604878040698107,0.0
2026-01-17 12:00:00,0.03205672792777265,0.0
2026-01-17 12:15:00,0.037822904141828505,0.0
2026-01-17 12:30:00,0.043935775798851724,0.0
2026-01-17 12:45:00,-0.030545359320783737,0.0
2026-01-17 13:00:00,-0.036027588444809744,0.0
2026-01-17 13:15:00,0.033759352366493495,0.0
2026-01-17 13:30:00,0.025979444479741317,0.0
2026-01-17 13:45:00,-0.0047139069985098385,0.0
2026-01-17 14:00:00,-0.063866668159689,-1000.0
2026-01-17 14:15:00,-0.008589049605167591,-1000.0
2026-01-17 14:30:00,-0.04534818977229731,-1000.0
2026-01-17 14:45:00,-0.04892408692251847,-1000.0
2026-01-17 15:00:00,-0.04751180851427084,-1000.0
2026-01-17 15:15:00,-0.01668006327928324,-1000.0
2026-01-17 15:30:00,-0.0711739117465272,-1000.0
2026-01-17 15:45:00,-0.1423172798053069,-1000.0
2026-01-17 16:00:00,-0.034508438484969144,0.0
2026-01-17 16:15:00,0.01967419515216374,0.0
2026-01-17 16:30:00,0.3300972941603055,0.0
2026-01-17 16:45:00,0.5173091640242916,0.0
2026-01-17 17:00:00,0.8033859024246655,0.0
2026-01-17 17:15:00,1.0452579575487662,0.0
2026-01-17 17:30:00,1.0690860814752854,0.0
2026-01-17 17:45:00,1.0783545846143707,0.0
2026-01-17 18:00:00,1.4475142726739931,0.0
2026-01-17 18:15:00,1.294076418184589,0.0
2026-01-17 18:30:00,1.275608578916903,0.0
2026-01-17 18:45:00,1.267182506843338,0.0
2026-01-17 19:00:00,1.1527394498475705,0.0
2026-01-17 19:15:00,1.1266520699419302,0.0
2026-01-17 19:30:00,1.0838022933730123,0.0
2026-01-17 19:45:00,1.086892511073036,0.0
2026-01-17 20:00:00,1.0271043894175782,0.0
2026-01-17 20:15:00,1.0456754813353077,0.0
2026-01-17 20:30:00,1.0611905132031054,0.0
2026-01-17 20:45:00,1.0208027244578777,0.0
2026-01-17 21:00:00,1.0026088691760133,0.0
2026-01-17 21:15:00,1.0021833947921512,0.0
2026-01-17 21:30:00,0.9858718714676842,0.0
2026-01-17 21:45:00,1.0062200359740516,0.0
2026-01-17 22:00:00,1.229787207050162,1000.0
2026-01-17 22:15:00,1.2318433746855673,1000.0
2026-01-17 22:30:00,1.258386664451258,1000.0
2026-01-17 22:45:00,1.240586124931805,1000.0
2026-01-17 23:00:00,1.2488788503844293,1000.0
2026-01-17 23:15:00,1.2199419578843977,1000.0
2026-01-17 23:30:00,1.1775271901916036,1000.0
2026-01-17 23:45:00,1.1872117412494039,1000.0
2026-01-18 00:00:00,1.4573112336580079,0.0
2026-01-18 00:15:00,1.3116710628278936,0.0
2026-01-18 00:30:00,1.3182176883273753,0.0
2026-01-18 00:45:00,1.3229040526391174,0.0
2026-01-18 01:00:00,1.32579598013021,0.0
2026-01-18 01:15:00,1.3226769711664577,0.0
2026-01-18 01:30:00,1.320011181112042,0.0
2026-01-18 01:45:00,1.3211804879523146,0.0
2026-01-18 02:00:00,1.39282525863892,0.0
2026-01-18 02:15:00,1.3550777662619184,0.0
2026-01-18 02:30:00,1.427347614148608,0.0
2026-01-18 02:45:00,1.2559017303979587,0.0
2026-01-18 03:00:00,1.2565903982762452,0.0
2026-01-18 03:15:00,1.2960331495124613,0.0
2026-01-18 03:30:00,1.281660629132511,0.0
2026-01-18 03:45:00,1.2979010437749086,0.0
2026-01-18 04:00:00,1.3112143968540355,0.0
2026-01-18 04:15:00,1.281253265627016,0.0
2026-01-18 04:30:00,1.2878372991358562,0.0
2026-01-18 04:45:00,1.2343013673122232,0.0
2026-01-18 05:00:00,1.2322892825934624,0.0
2026-01-18 05:15:00,1.221382389235533,0.0
2026-01-18 05:30:00,1.220253651564423,0.0
2026-01-18 05:45:00,1.2488674808038291,0.0
2026-01-18 06:00:00,1.2323698313716225,0.0
2026-01-18 06:15:00,1.2428958921036275,0.0
2026-01-18 06:30:00,1.2786518735505275,0.0
2026-01-18 06:45:00,1.284601092599307,0.0
2026-01-18 07:00:00,1.2608511259959592,0.0
2026-01-18 07:15:00,1.3092464487704614,0.0
2026-01-18 07:30:00,1.5249840405578061,0.0
2026-01-18 07:45:00,1.400902049572866,0.0
2026-01-18 08:00:00,1.268939188261609,0.0
2026-01-18 08:15:00,1.2796858511092484,0.0
2026-01-18 08:30:00,1.3765872311809166,0.0
2026-01-18 08:45:00,1.3457089485490759,0.0
2026-01-18 09:00:00,1.217754190607904,0.0
2026-01-18 09:15:00,1.1544173675923721,0.0
2026-01-18 09:30:00,0.9790506093069198,0.0
2026-01-18 09:45:00,0.8887413350248112,0.0
2026-01-18 10:00:00,1.019970278806823,0.0
2026-01-18 10:15:00,0.8942254061755567,0.0
2026-01-18 10:30:00,0.6177029733413065,0.0
2026-01-18 10:45:00,0.5068983978127863,0.0
2026-01-18 11:00:00,0.408471713024558,0.0
2026-01-18 11:15:00,0.22384027718323823,0.0
2026-01-18 11:30:00,0.17307139041109626,0.0
2026-01-18 11:45:00,0.10147035808439617,0.0
2026-01-18 12:00:00,0.16553457212079192,0.0
2026-01-18 12:15:00,0.16091348604950434,0.0
2026-01-18 12:30:00,0.15103286193546267,0.0
2026-01-18 12:45:00,0.17702444873974996,0.0
2026-01-18 13:00:00,0.17787580251828927,0.0
2026-01-18 13:15:00,0.13513081109622932,0.0
2026-01-18 13:30:00,0.1022584480493033,0.0
2026-01-18 13:45:00,0.10242793137079506,0.0
2026-01-18 14:00:00,0.07869043641112451,0.0
2026-01-18 14:15:00,0.00121772455364754,-1000.0
2026-01-18 14:30:00,-0.05602410141042666,-1000.0
2026-01-18 14:45:00,-0.12617394865834078,-1000.0
2026-01-18 15:00:00,-0.11564483824214732,-1000.0
2026-01-18 15:15:00,-0.1135420310503823,-1000.0
2026-01-18 15:30:00,-0.1270343885135877,-1000.0
2026-01-18 15:45:00,-0.07997914993084282,-1000.0
2026-01-18 16:00:00,0.0179924587881423,-1000.0
2026-01-18 16:15:00,0.09594902208218224,0.0
2026-01-18 16:30:00,0.42396935401769226,0.0
2026-01-18 16:45:00,0.7642126503428606,0.0
2026-01-18 17:00:00,1.1242571457513424,1000.0
2026-01-18 17:15:00,1.368949185662601,1000.0
2026-01-18 17:30:00,1.29749465465363,1000.0
2026-01-18 17:45:00,1.2052837618544125,1000.0
2026-01-18 18:00:00,1.259962327051992,1000.0
2026-01-18 18:15:00,1.1806065209371464,1000.0
2026-01-18 18:30:00,1.088963233102722,1000.0
2026-01-18 18:45:00,1.1118825090058775,1000.0
2026-01-18 19:00:00,1.0577291776896878,0.0
2026-01-18 19:15:00,0.9994365440682307,0.0
2026-01-18 19:30:00,1.0129842239722446,0.0
2026-01-18 19:45:00,1.0096020897831262,0.0
2026-01-18 20:00:00,1.0224880399352667,0.0
2026-01-18 20:15:00,0.9454617320964898,0.0
2026-01-18 20:30:00,0.991384300948023,0.0
2026-01-18 20:45:00,1.0355715907784493,0.0
2026-01-18 21:00:00,0.9927991866505281,0.0
2026-01-18 21:15:00,0.8633130324021085,0.0
2026-01-18 21:30:00,0.8629061977706866,0.0
2026-01-18 21:45:00,0.9350829766119729,0.0
2026-01-18 22:00:00,1.1928163685220805,0.0
2026-01-18 22:15:00,1.1911885028840268,0.0
2026-01-18 22:30:00,1.1782674294611097,0.0
2026-01-18 22:45:00,1.2023721886192562,0.0
2026-01-18 23:00:00,1.1391699047460624,0.0
2026-01-18 23:15:00,1.122728665930658,0.0
2026-01-18 23:30:00,1.1328881004227813,0.0
2026-01-18 23:45:00,1.119181738224946,0.0
2026-01-19 00:00:00,1.0882762514864035,0.0
2026-01-19 00:15:00,0.8001643326419033,0.0
2026-01-19 00:30:00,0.7961841886237404,0.0
2026-01-19 00:45:00,0.9531072054953785,0.0
2026-01-19 01:00:00,0.9251392731270075,0.0
2026-01-19 01:15:00,0.9431817563044581,0.0
2026-01-19 01:30:00,0.9220652472793922,0.0
2026-01-19 01:45:00,0.9946904691339953,0.0
2026-01-19 02:00:00,1.0227430865367741,0.0
2026-01-19 02:15:00,1.019148843564101,0.0
2026-01-19 02:30:00,0.9978405435078886,0.0
2026-01-19 02:45:00,1.0488073899500758,0.0
2026-01-19 03:00:00,0.9233641135777791,0.0
2026-01-19 03:15:00,0.9123821489821343,0.0
2026-01-19 03:30:00,0.8925422443348202,0.0
2026-01-19 03:45:00,0.9071306936818122,0.0
2026-01-19 04:00:00,0.9061185252540939,0.0
2026-01-19 04:15:00,0.9077677388132538,0.0
2026-01-19 04:30:00,0.9296237753876654,0.0
2026-01-19 04:45:00,0.9201036511817393,0.0
2026-01-19 05:00:00,0.9350723799914966,0.0
2026-01-19 05:15:00,0.9258207976852091,0.0
2026-01-19 05:30:00,0.9769448318740179,0.0
2026-01-19 05:45:00,0.9585156319408995,0.0
2026-01-19 06:00:00,1.0735279533307838,0.0
2026-01-19 06:15:00,1.0929661678273652,0.0
2026-01-19 06:30:00,0.9699407102187687,0.0
2026-01-19 06:45:00,1.110727891885379,0.0
2026-01-19 07:00:00,0.9861747932709444,0.0
2026-01-19 07:15:00,0.9678950264245391,0.0
2026-01-19 07:30:00,1.1211967651178816,0.0
2026-01-19 07:45:00,1.20043314363767,0.0
2026-01-19 08:00:00,1.2321521323732616,0.0
2026-01-19 08:15:00,1.1728697562482164,0.0
2026-01-19 08:30:00,1.1459691550498705,0.0
2026-01-19 08:45:00,1.2067169651888523,0.0
2026-01-19 09:00:00,1.0377691063057637,0.0
2026-01-19 09:15:00,0.7332072162281044,0.0
2026-01-19 09:30:00,0.7979338017172737,0.0
2026-01-19 09:45:00,0.5592289184938674,0.0
2026-01-19 10:00:00,0.45193400732366906,0.0
2026-01-19 10:15:00,0.1887563958594982,0.0
2026-01-19 10:30:00,0.17735109318254774,0.0
2026-01-19 10:45:00,0.0553356351822904,-1000.0
2026-01-19 11:00:00,0.03436281344893305,-1000.0
2026-01-19 11:15:00,0.006303810373122001,-1000.0
2026-01-19 11:30:00,0.03376481966332832,-1000.0
2026-01-19 11:45:00,-0.0012198490053578954,-1000.0
2026-01-19 12:00:00,-0.008890665046763689,-1000.0
2026-01-19 12:15:00,0.030204715414704802,-1000.0
2026-01-19 12:30:00,0.11021064875295129,-1000.0
2026-01-19 12:45:00,0.13353396561282518,0.0
2026-01-19 13:00:00,0.13365051339687928,0.0
2026-01-19 13:15:00,0.1117410527217014,0.0
2026-01-19 13:30:00,0.09792074724722793,0.0
2026-01-19 13:45:00,0.08711775843660197,0.0
2026-01-19 14:00:00,0.08457253884122735,0.0
2026-01-19 14:15:00,0.03776601292359267,0.0
2026-01-19 14:30:00,0.06370098583097279,0.0
2026-01-19 14:45:00,0.02243480697947432,0.0
2026-01-19 15:00:00,0.10235331538733179,0.0
2026-01-19 15:15:00,0.10796743099512193,0.0
2026-01-19 15:30:00,0.16287875703387872,0.0
2026-01-19 15:45:00,0.28065463689063774,0.0
2026-01-19 16:00:00,0.4445364179779734,0.0
2026-01-19 16:15:00,0.7258183577597516,0.0
2026-01-19 16:30:00,1.0967400253122634,0.0
2026-01-19 16:45:00,1.3023189415650718,0.0
2026-01-19 17:00:00,1.4331608848852848,0.0
2026-01-19 17:15:00,1.6393111705333772,0.0
2026-01-19 17:30:00,2.073677645457191,0.0
2026-01-19 17:45:00,2.1044076534021237,0.0
2026-01-19 18:00:00,1.691168784773486,0.0
2026-01-19 18:15:00,1.5055795880076743,0.0
2026-01-19 18:30:00,1.6517601033676712,0.0
2026-01-19 18:45:00,1.622231549326536,0.0
2026-01-19 19:00:00,1.578162185285733,0.0
2026-01-19 19:15:00,1.650256251110937,0.0
2026-01-19 19:30:00,1.6825070687450783,0.0
2026-01-19 19:45:00,1.5864911203674155,0.0
2026-01-19 20:00:00,1.5900734593324923,0.0
2026-01-19 20:15:00,1.5008795634708585,0.0
2026-01-19 20:30:00,1.5403039025644822,0.0
2026-01-19 20:45:00,1.5599209092020976,0.0
2026-01-19 21:00:00,1.4309015830256058,0.0
2026-01-19 21:15:00,1.3853447503492782,0.0
2026-01-19 21:30:00,1.3790572682262692,0.0
2026-01-19 21:45:00,1.3752709639930463,0.0
2026-01-19 22:00:00,2.122195957629287,1000.0
2026-01-19 22:15:00,2.1382029203050417,1000.0
2026-01-19 22:30:00,2.0969015672192217,1000.0
2026-01-19 22:45:00,2.0658820797604855,1000.0
2026-01-19 23:00:00,2.2310074108197218,1000.0
2026-01-19 23:15:00,2.122845250291019,1000.0
2026-01-19 23:30:00,2.006935582957934,1000.0
2026-01-19 23:45:00,1.9673342105825993,1000.0
2026-01-20 00:00:00,2.1465853856310413,0.0
2026-01-20 00:15:00,1.8129302529675617,0.0
2026-01-20 00:30:00,1.843771337924249,0.0
2026-01-20 00:45:00,1.8195517391647194,0.0
2026-01-20 01:00:00,1.8479106299926338,0.0
2026-01-20 01:15:00,1.8009757863663916,0.0
2026-01-20 01:30:00,1.950544842582487,0.0
2026-01-20 01:45:00,2.050586936636845,0.0
2026-01-20 02:00:00,2.006004394891423,0.0
2026-01-20 02:15:00,2.0280833989431115,0.0
2026-01-20 02:30:00,1.9919517537477995,0.0
2026-01-20 02:45:00,2.1323828888676846,0.0
2026-01-20 03:00:00,2.0397255231311338,0.0
2026-01-20 03:15:00,2.0308384602923075,0.0
2026-01-20 03:30:00,2.021017711151586,0.0
2026-01-20 03:45:00,2.0164385308169455,0.0
2026-01-20 04:00:00,1.9288043936866952,0.0
2026-01-20 04:15:00,1.8215634434264725,0.0
2026-01-20 04:30:00,1.7434272286254642,0.0
2026-01-20 04:45:00,1.7327139367670996,0.0
2026-01-20 05:00:00,1.7131575614447734,0.0
2026-01-20 05:15:00,1.7257010656301743,0.0
2026-01-20 05:30:00,1.6112702698660408,0.0
2026-01-20 05:45:00,1.6785268397323876,0.0
2026-01-20 06:00:00,1.8768239517920748,0.0
2026-01-20 06:15:00,1.899503929304394,0.0
2026-01-20 06:30:00,2.0338607996950757,0.0
2026-01-20 06:45:00,2.073871441104142,0.0
2026-01-20 07:00:00,2.0498359422913195,0.0
2026-01-20 07:15:00,1.9427113171455475,0.0
2026-01-20 07:30:00,1.954135821679125,0.0
2026-01-20 07:45:00,1.9312949684297176,0.0
2026-01-20 08:00:00,1.814873861922047,0.0
2026-01-20 08:15:00,1.7468765189403956,0.0
2026-01-20 08:30:00,1.608272176181534,0.0
2026-01-20 08:45:00,1.3850663351169266,0.0
2026-01-20 09:00:00,1.3220952958234746,0.0
2026-01-20 09:15:00,1.228609403904839,0.0
2026-01-20 09:30:00,1.0390150699470388,0.0
2026-01-20 09:45:00,0.8513746540132746,0.0
2026-01-20 10:00:00,0.771357353751214,0.0
2026-01-20 10:15:00,0.401723840018479,0.0
2026-01-20 10:30:00,-0.031667782979258784,0.0
2026-01-20 10:45:00,-0.014969503942649672,0.0
2026-01-20 11:00:00,-0.1051032787945217,-1000.0
2026-01-20 11:15:00,-0.15498964197690301,-1000.0
2026-01-20 11:30:00,-0.20074653447520488,-1000.0
2026-01-20 11:45:00,-0.19751660432894505,-1000.0
2026-01-20 12:00:00,-0.14989123250802192,-1000.0
2026-01-20 12:15:00,-0.13446114126593697,-1000.0
2026-01-20 12:30:00,-0.09196489893331171,-1000.0
2026-01-20 12:45:00,-0.11907656853034725,-1000.0
2026-01-20 13:00:00,-0.09085009284081938,0.0
2026-01-20 13:15:00,-0.05000313435907685,0.0
2026-01-20 13:30:00,-0.04339295088781248,0.0
2026-01-20 13:45:00,-0.029226255718797802,0.0
2026-01-20 14:00:00,0.05052814293692451,0.0
2026-01-20 14:15:00,0.01874172445224947,0.0
2026-01-20 14:30:00,0.06318905827334646,0.0
2026-01-20 14:45:00,-0.08047906666506383,0.0
2026-01-20 15:00:00,0.012179797088350671,0.0
2026-01-20 15:15:00,-0.10332894034832574,0.0
2026-01-20 15:30:00,0.0844313264792386,0.0
2026-01-20 15:45:00,-0.07424974044299826,0.0
2026-01-20 16:00:00,0.06427901844361257,0.0
2026-01-20 16:15:00,0.25547202794149615,0.0
2026-01-20 16:30:00,0.6033065870013602,0.0
2026-01-20 16:45:00,1.0672645163868515,0.0
2026-01-20 17:00:00,1.3019349199703907,0.0
2026-01-20 17:15:00,1.535448749233138,0.0
2026-01-20 17:30:00,1.472623628704625,0.0
2026-01-20 17:45:00,1.360191307589702,0.0
2026-01-20 18:00:00,2.1108111537238243,0.0
2026-01-20 18:15:00,2.423626704239311,1000.0
2026-01-20 18:30:00,2.313157604695574,1000.0
2026-01-20 18:45:00,2.2283305401452376,1000.0
2026-01-20 19:00:00,2.2994094042807283,1000.0
2026-01-20 19:15:00,2.3177153130244164,1000.0
2026-01-20 19:30:00,2.326491141591143,1000.0
2026-01-20 19:45:00,2.293265924044866,1000.0
2026-01-20 20:00:00,2.289463743430352,1000.0
2026-01-20 20:15:00,2.1762352857951113,0.0
2026-01-20 20:30:00,2.271534775442457,0.0
2026-01-20 20:45:00,2.2017467469825682,0.0
2026-01-20 21:00:00,1.8735437608865282,0.0
2026-01-20 21:15:00,1.8794108923481516,0.0
2026-01-20 21:30:00,1.8749704383521322,0.0
2026-01-20 21:45:00,1.8789090980855514,0.0
2026-01-20 22:00:00,2.3439625145175547,0.0
2026-01-20 22:15:00,2.344679238746045,0.0
2026-01-20 22:30:00,2.3007175481934112,0.0
2026-01-20 22:45:00,2.244388903805792,0.0
2026-01-20 23:00:00,2.216499934809233,0.0
2026-01-20 23:15:00,2.1138945382780645,0.0
2026-01-20 23:30:00,1.8576217369834183,0.0
2026-01-20 23:45:00,2.041893472469269,0.0
2026-01-21 00:00:00,1.853739290002585,0.0
2026-01-21 00:15:00,1.5394029952701749,0.0
2026-01-21 00:30:00,1.4537024304311026,0.0
2026-01-21 00:45:00,1.5784225331185993,0.0
2026-01-21 01:00:00,1.6020423393324201,0.0
2026-01-21 01:15:00,1.649054380822536,0.0
2026-01-21 01:30:00,1.690377499849114,0.0
2026-01-21 01:45:00,1.6570983750865105,0.0
2026-01-21 02:00:00,1.6282711709875632,0.0
2026-01-21 02:15:00,1.929898994595683,0.0
2026-01-21 02:30:00,1.914242030352433,0.0
2026-01-21 02:45:00,1.9424995340617204,0.0
2026-01-21 03:00:00,2.0271242026409557,0.0
2026-01-21 03:15:00,1.999683935567614,0.0
2026-01-21 03:30:00,1.6337190107203496,0.0
2026-01-21 03:45:00,1.6548775592600502,0.0
2026-01-21 04:00:00,1.708906308683833,0.0
2026-01-21 04:15:00,1.7803004203954036,0.0
2026-01-21 04:30:00,1.8497259964842991,0.0
2026-01-21 04:45:00,1.720850694413942,0.0
2026-01-21 05:00:00,1.7241339067449803,0.0
2026-01-21 05:15:00,1.6580188442473913,0.0
2026-01-21 05:30:00,1.68382600054458,0.0
2026-01-21 05:45:00,1.6891418282160617,0.0
2026-01-21 06:00:00,1.699683391484444,0.0
2026-01-21 06:15:00,1.6975513567612437,0.0
2026-01-21 06:30:00,1.7026539317712301,0.0
2026-01-21 06:45:00,1.7020004774775552,0.0
2026-01-21 07:00:00,1.6810174969311742,0.0
2026-01-21 07:15:00,1.5943772143277855,0.0
2026-01-21 07:30:00,1.9656326724694897,0.0
2026-01-21 07:45:00,1.7226421930263625,0.0
2026-01-21 08:00:00,1.6868497606118205,0.0
2026-01-21 08:15:00,1.5980589196532746,0.0
2026-01-21 08:30:00,1.381054109744472,0.0
2026-01-21 08:45:00,1.314471750974143,0.0
2026-01-21 09:00:00,1.2118273081721576,0.0
2026-01-21 09:15:00,1.0985866852317376,0.0
2026-01-21 09:30:00,0.903793170652623,0.0
2026-01-21 09:45:00,0.8233488758948685,0.0
2026-01-21 10:00:00,1.0672193772138794,0.0
2026-01-21 10:15:00,0.8119514048675258,0.0
2026-01-21 10:30:00,0.5925970593667502,0.0
2026-01-21 10:45:00,0.36791766009946025,0.0
2026-01-21 11:00:00,0.1339195948833774,0.0
2026-01-21 11:15:00,0.1845375379001378,0.0
2026-01-21 11:30:00,0.04224540593059378,0.0
2026-01-21 11:45:00,0.017359323334901387,-1000.0
2026-01-21 12:00:00,-0.01065693215609731,-1000.0
2026-01-21 12:15:00,-0.10715129915854785,-1000.0
2026-01-21 12:30:00,-0.04751169548753816,-1000.0
2026-01-21 12:45:00,-0.02926183927192659,-1000.0
2026-01-21 13:00:00,-0.07127146401032691,-1000.0
2026-01-21 13:15:00,-0.10081009509225528,-1000.0
2026-01-21 13:30:00,-0.04711847785862848,-1000.0
2026-01-21 13:45:00,0.06983128228393377,0.0
2026-01-21 14:00:00,0.3095143248635902,0.0
2026-01-21 14:15:00,0.4167899784209148,0.0
2026-01-21 14:30:00,0.3651081210349488,0.0
2026-01-21 14:45:00,0.41774966908726757,0.0
2026-01-21 15:00:00,0.375398838357324,0.0
2026-01-21 15:15:00,0.44823591149450753,0.0
2026-01-21 15:30:00,0.4878497438869831,0.0
2026-01-21 15:45:00,0.5698762654132961,0.0
2026-01-21 16:00:00,0.6246600421956139,0.0
2026-01-21 16:15:00,0.7865409775260188,0.0
2026-01-21 16:30:00,1.1045852116956167,0.0
2026-01-21 16:45:00,1.5093984478276683,0.0
2026-01-21 17:00:00,1.6567264606331495,0.0
2026-01-21 17:15:00,2.337996016566556,0.0
2026-01-21 17:30:00,2.3227502074901176,0.0
2026-01-21 17:45:00,2.3090879256152887,0.0
2026-01-21 18:00:00,2.2100889352540296,0.0
2026-01-21 18:15:00,2.024895862289372,0.0
2026-01-21 18:30:00,2.1563738311869973,0.0
2026-01-21 18:45:00,2.2858201212576037,0.0
2026-01-21 19:00:00,2.129529130834248,0.0
2026-01-21 19:15:00,2.0953719691314348,0.0
2026-01-21 19:30:00,2.1814042980899524,0.0
2026-01-21 19:45:00,2.2721160364161,0.0
2026-01-21 20:00:00,2.1497593963266084,0.0
2026-01-21 20:15:00,2.003165247228254,0.0
2026-01-21 20:30:00,1.86767415642006,0.0
2026-01-21 20:45:00,1.964161066176228,0.0
2026-01-21 21:00:00,1.761138735640202,0.0
2026-01-21 21:15:00,1.632739247551332,0.0
2026-01-21 21:30:00,1.5266012861093474,0.0
2026-01-21 21:45:00,1.8696537626019851,1000.0
2026-01-21 22:00:00,2.877743364868727,1000.0
2026-01-21 22:15:00,2.9267377641881698,1000.0
2026-01-21 22:30:00,2.61393458338775,1000.0
2026-01-21 22:45:00,2.322112851863521,1000.0
2026-01-21 23:00:00,2.0968924593924587,1000.0
2026-01-21 23:15:00,1.9538019165142781,1000.0
2026-01-21 23:30:00,1.8430857786302706,1000.0
2026-01-21 23:45:00,1.739426926619425,0.0
2026-01-22 00:00:00,1.4255082274063475,0.0
2026-01-22 00:15:00,1.5333342989193415,0.0
2026-01-22 00:30:00,1.4781801874512355,0.0
2026-01-22 00:45:00,1.4196042600473484,0.0
2026-01-22 01:00:00,1.5276761308986884,0.0
2026-01-22 01:15:00,1.5557255063645175,0.0
2026-01-22 01:30:00,1.5368411217758184,0.0
2026-01-22 01:45:00,1.5345957101765328,0.0
2026-01-22 02:00:00,1.5529776500334809,0.0
2026-01-22 02:15:00,1.5913788667160633,0.0
2026-01-22 02:30:00,1.592505076373151,0.0
2026-01-22 02:45:00,1.488039503382208,0.0
2026-01-22 03:00:00,1.5213306528819657,0.0
2026-01-22 03:15:00,1.612622822425669,0.0
2026-01-22 03:30:00,1.598146060229107,0.0
2026-01-22 03:45:00,1.607289290739093,0.0
2026-01-22 04:00:00,1.596770771759608,0.0
2026-01-22 04:15:00,1.615187124013661,0.0
2026-01-22 04:30:00,1.262282106934905,0.0
2026-01-22 04:45:00,1.2219357213449853,0.0
2026-01-22 05:00:00,1.2363917614699944,0.0
2026-01-22 05:15:00,1.3074679870645098,0.0
2026-01-22 05:30:00,1.3641408895928515,0.0
2026-01-22 05:45:00,1.3280541995257462,0.0
2026-01-22 06:00:00,1.6922928897142173,0.0
2026-01-22 06:15:00,1.7426136766808273,0.0
2026-01-22 06:30:00,1.7411130806504385,0.0
2026-01-22 06:45:00,1.7053649705835687,0.0
2026-01-22 07:00:00,1.7168379197782944,0.0
2026-01-22 07:15:00,1.7089937918296925,0.0
2026-01-22 07:30:00,1.6297612182291945,0.0
2026-01-22 07:45:00,1.6616030459516316,0.0
2026-01-22 08:00:00,1.5711644635983817,0.0
2026-01-22 08:15:00,1.4494261994384956,0.0
2026-01-22 08:30:00,1.353351150655555,0.0
2026-01-22 08:45:00,1.346232444593373,0.0
2026-01-22 09:00:00,1.3264520755445697,0.0
2026-01-22 09:15:00,1.243770838019293,0.0
2026-01-22 09:30:00,0.8675428214534325,0.0
2026-01-22 09:45:00,0.8186198139057006,0.0
2026-01-22 10:00:00,0.994027212778482,0.0
2026-01-22 10:15:00,0.5986135751863882,0.0
2026-01-22 10:30:00,0.30619791496880444,0.0
2026-01-22 10:45:00,0.2452033815100918,0.0
2026-01-22 11:00:00,0.10270097715470397,0.0
2026-01-22 11:15:00,0.05091000008444354,0.0
2026-01-22 11:30:00,0.016013588864524208,0.0
2026-01-22 11:45:00,-0.008105101901384368,0.0
2026-01-22 12:00:00,-0.009931247935629982,0.0
2026-01-22 12:15:00,0.041792414759602485,0.0
2026-01-22 12:30:00,0.05836422473210192,0.0
2026-01-22 12:45:00,0.030331684343313247,0.0
2026-01-22 13:00:00,0.00765353390788288,0.0
2026-01-22 13:15:00,-0.01359157053372331,0.0
2026-01-22 13:30:00,-0.06498165204545464,0.0
2026-01-22 13:45:00,-0.15773134008543727,-1000.0
2026-01-22 14:00:00,-0.17796869876569354,-1000.0
2026-01-22 14:15:00,-0.18914418706099514,-1000.0
2026-01-22 14:30:00,-0.19853605861581175,-1000.0
2026-01-22 14:45:00,-0.251896187837309,-1000.0
2026-01-22 15:00:00,-0.22218096767698456,-1000.0
2026-01-22 15:15:00,-0.1711020417019028,-1000.0
2026-01-22 15:30:00,-0.09874610971895961,-1000.0
2026-01-22 15:45:00,0.025418307868486267,0.0
2026-01-22 16:00:00,0.2847207798062329,0.0
2026-01-22 16:15:00,0.7267348460373941,0.0
2026-01-22 16:30:00,0.9503451444648132,0.0
2026-01-22 16:45:00,1.1195279758078263,0.0
2026-01-22 17:00:00,1.435980834010275,0.0
2026-01-22 17:15:00,1.6329798040106465,0.0
2026-01-22 17:30:00,1.8181147358089407,0.0
2026-01-22 17:45:00,2.2410157478386106,0.0
2026-01-22 18:00:00,2.0744142998424473,0.0
2026-01-22 18:15:00,1.8429240836262,0.0
2026-01-22 18:30:00,2.0254856154099024,0.0
2026-01-22 18:45:00,2.0362179850465085,0.0
2026-01-22 19:00:00,2.028481063978011,0.0
2026-01-22 19:15:00,2.0640876047953034,0.0
2026-01-22 19:30:00,2.222543487383144,0.0
2026-01-22 19:45:00,2.1696783250167404,0.0
2026-01-22 20:00:00,2.232040482413601,0.0
2026-01-22 20:15:00,2.243017492715854,0.0
2026-01-22 20:30:00,2.1174349385624924,0.0
2026-01-22 20:45:00,2.181962497675132,0.0
2026-01-22 21:00:00,2.1492706700922692,0.0
2026-01-22 21:15:00,2.0355743057663975,0.0
2026-01-22 21:30:00,2.07002159900015,0.0
2026-01-22 21:45:00,2.058175686449318,0.0
2026-01-22 22:00:00,2.729927881008335,1000.0
2026-01-22 22:15:00,2.7214838390984233,1000.0
2026-01-22 22:30:00,2.706111720792341,1000.0
2026-01-22 22:45:00,2.6813638298337104,1000.0
2026-01-22 23:00:00,2.5736738996566997,1000.0
2026-01-22 23:15:00,2.414400005776706,1000.0
2026-01-22 23:30:00,2.427730352364024,1000.0
2026-01-22 23:45:00,2.59922102352061,1000.0
2026-01-23 00:00:00,3.126650026452617,0.0
2026-01-23 00:15:00,3.1476832614044903,0.0
2026-01-23 00:30:00,3.118967255837056,0.0
2026-01-23 00:45:00,2.8979571090218257,0.0
2026-01-23 01:00:00,2.4154102615903716,0.0
2026-01-23 01:15:00,2.291923114247042,0.0
2026-01-23 01:30:00,1.9925476960979795,0.0
2026-01-23 01:45:00,2.0167993435011593,0.0
2026-01-23 02:00:00,2.074556864055785,0.0
2026-01-23 02:15:00,2.135688378852807,0.0
2026-01-23 02:30:00,2.161701287186741,0.0
2026-01-23 02:45:00,2.180704356637574,0.0
2026-01-23 03:00:00,2.367958236279442,0.0
2026-01-23 03:15:00,2.3851053114088567,0.0
2026-01-23 03:30:00,2.395097818150896,0.0
2026-01-23 03:45:00,2.365107915236212,0.0
2026-01-23 04:00:00,2.2706905280620933,0.0
2026-01-23 04:15:00,2.1967225026996506,0.0
2026-01-23 04:30:00,2.147813417009594,0.0
2026-01-23 04:45:00,2.100358264222048,0.0
2026-01-23 05:00:00,2.066513597702636,0.0
2026-01-23 05:15:00,2.069047009648332,0.0
2026-01-23 05:30:00,1.850237869467182,0.0
2026-01-23 05:45:00,1.8490533526949797,0.0
2026-01-23 06:00:00,1.610306177155333,0.0
2026-01-23 06:15:00,1.6280542161654672,0.0
2026-01-23 06:30:00,1.6344758919891385,0.0
2026-01-23 06:45:00,1.7505527369095484,0.0
2026-01-23 07:00:00,1.7630053351780983,0.0
2026-01-23 07:15:00,1.539956813758444,0.0
2026-01-23 07:30:00,1.589590333853898,0.0
2026-01-23 07:45:00,1.5517333167255611,0.0
2026-01-23 08:00:00,1.440185781670261,0.0
2026-01-23 08:15:00,1.4397032581878058,0.0
2026-01-23 08:30:00,1.4540216943158006,0.0
2026-01-23 08:45:00,1.187921116675914,0.0
2026-01-23 09:00:00,1.1858564736985553,0.0
2026-01-23 09:15:00,1.1463598100165995,0.0
2026-01-23 09:30:00,1.0414775614569645,0.0
2026-01-23 09:45:00,0.9412963962222148,0.0
2026-01-23 10:00:00,0.8099394769881061,0.0
2026-01-23 10:15:00,0.5231109641974732,0.0
2026-01-23 10:30:00,0.2604306136051599,0.0
2026-01-23 10:45:00,0.12854355793670283,0.0
2026-01-23 11:00:00,0.1467325475656714,0.0
2026-01-23 11:15:00,0.02529881394176954,0.0
2026-01-23 11:30:00,-0.15198754338104695,0.0
2026-01-23 11:45:00,-0.19657144971663404,0.0
2026-01-23 12:00:00,0.18951287531069824,0.0
2026-01-23 12:15:00,0.19236106774057218,0.0
2026-01-23 12:30:00,0.09997923389141058,0.0
2026-01-23 12:45:00,0.025118324695454535,0.0
2026-01-23 13:00:00,0.034713272937567326,0.0
2026-01-23 13:15:00,-0.03409678314762756,0.0
2026-01-23 13:30:00,-0.06330656696558393,0.0
2026-01-23 13:45:00,0.03065290815331447,0.0
2026-01-23 14:00:00,0.00227685812407506,-1000.0
2026-01-23 14:15:00,-0.02083645292448112,-1000.0
2026-01-23 14:30:00,-0.052141279908594136,-1000.0
2026-01-23 14:45:00,0.01147958056915981,-1000.0
2026-01-23 15:00:00,-0.10754068411957181,-1000.0
2026-01-23 15:15:00,-0.09991044243764566,-1000.0
2026-01-23 15:30:00,-0.10448704400545102,-1000.0
2026-01-23 15:45:00,-0.0630556022324147,-1000.0
2026-01-23 16:00:00,0.07641916863323228,0.0
2026-01-23 16:15:00,0.48584432365289215,0.0
2026-01-23 16:30:00,0.8275798907563849,0.0
2026-01-23 16:45:00,1.1506287155028052,0.0
2026-01-23 17:00:00,1.4004054622995266,0.0
2026-01-23 17:15:00,1.6580141728072626,0.0
2026-01-23 17:30:00,1.742948677763353,0.0
2026-01-23 17:45:00,2.1072910833387524,0.0
2026-01-23 18:00:00,1.9324419119815817,0.0
2026-01-23 18:15:00,2.0616465535627206,0.0
2026-01-23 18:30:00,1.9841133881650006,0.0
2026-01-23 18:45:00,1.7650739413610725,0.0
2026-01-23 19:00:00,1.691743075395096,0.0
2026-01-23 19:15:00,1.7087965065956612,1000.0
2026-01-23 19:30:00,1.8293026292842207,1000.0
2026-01-23 19:45:00,2.127300807012753,1000.0
2026-01-23 20:00:00,2.146061446219042,1000.0
2026-01-23 20:15:00,2.094306447873075,1000.0
2026-01-23 20:30:00,2.1834788332144863,1000.0
2026-01-23 20:45:00,2.010281934053531,1000.0
2026-01-23 21:00:00,1.8766574368458997,1000.0
2026-01-23 21:15:00,1.6849415820675415,0.0
2026-01-23 21:30:00,1.5626644288495564,0.0
2026-01-23 21:45:00,1.3370794870753397,0.0
2026-01-23 22:00:00,1.894336032780214,0.0
2026-01-23 22:15:00,1.762453969208788,0.0
2026-01-23 22:30:00,1.6779883150337782,0.0
2026-01-23 22:45:00,1.5532449003201005,0.0
2026-01-23 23:00:00,1.4798365811632608,0.0
2026-01-23 23:15:00,1.342144044658645,0.0
2026-01-23 23:30:00,1.3594127125774413,0.0
2026-01-23 23:45:00,1.3254297996701658,0.0
2026-01-24 00:00:00,1.394047293994735,0.0
2026-01-24 00:15:00,1.7468935755892372,0.0
2026-01-24 00:30:00,1.7594830668450223,0.0
2026-01-24 00:45:00,1.6852308493224362,0.0
2026-01-24 01:00:00,1.728786766613651,0.0
2026-01-24 01:15:00,1.7683952460840475,0.0
2026-01-24 01:30:00,1.7626477914804202,0.0
2026-01-24 01:45:00,1.8254996828551442,0.0
2026-01-24 02:00:00,1.8161803856425296,0.0
2026-01-24 02:15:00,1.8229573190194162,0.0
2026-01-24 02:30:00,1.8530317577651736,0.0
2026-01-24 02:45:00,1.8958265916332133,0.0
2026-01-24 03:00:00,1.9352638883382716,0.0
2026-01-24 03:15:00,1.9400730027450022,0.0
2026-01-24 03:30:00,1.943896294910786,0.0
2026-01-24 03:45:00,1.9575095323064005,0.0
2026-01-24 04:00:00,1.9563162708886603,0.0
2026-01-24 04:15:00,1.961427358744633,0.0
2026-01-24 04:30:00,1.9734371076026527,0.0
2026-01-24 04:45:00,1.8471506452861655,0.0
2026-01-24 05:00:00,1.8174453562571031,0.0
2026-01-24 05:15:00,1.816767672311229,0.0
2026-01-24 05:30:00,1.8990186123863941,0.0
2026-01-24 05:45:00,1.8748289455742053,0.0
2026-01-24 06:00:00,1.6096405406477396,0.0
2026-01-24 06:15:00,1.6099543448111249,0.0
2026-01-24 06:30:00,1.625467278070932,0.0
2026-01-24 06:45:00,1.637362419557123,0.0
2026-01-24 07:00:00,1.6461333668192155,0.0
2026-01-24 07:15:00,1.7498725475323078,0.0
2026-01-24 07:30:00,1.7605485678228214,0.0
2026-01-24 07:45:00,1.5124284140756006,0.0
2026-01-24 08:00:00,1.317640718454432,0.0
2026-01-24 08:15:00,1.185557267249202,0.0
2026-01-24 08:30:00,1.2161787623943894,0.0
2026-01-24 08:45:00,1.043377879618871,0.0
2026-01-24 09:00:00,1.028737594926795,0.0
2026-01-24 09:15:00,0.9710433222243853,0.0
2026-01-24 09:30:00,0.740764024549189,0.0
2026-01-24 09:45:00,0.6867660002492815,0.0
2026-01-24 10:00:00,0.5779826468364416,0.0
2026-01-24 10:15:00,0.44952739760241944,0.0
2026-01-24 10:30:00,0.18219323204344195,0.0
2026-01-24 10:45:00,0.1255549212487773,0.0
2026-01-24 11:00:00,0.07111212688731654,0.0
2026-01-24 11:15:00,0.08605784701239856,0.0
2026-01-24 11:30:00,0.07862384054368031,0.0
2026-01-24 11:45:00,0.08583319363638618,0.0
2026-01-24 12:00:00,0.10807118208028632,0.0
2026-01-24 12:15:00,0.15615576623094024,0.0
2026-01-24 12:30:00,0.1332274244548568,0.0
2026-01-24 12:45:00,0.11100784623530065,0.0
2026-01-24 13:00:00,0.09251055878134916,0.0
2026-01-24 13:15:00,0.07902686061798334,0.0
2026-01-24 13:30:00,0.050093714095430744,0.0
2026-01-24 13:45:00,0.0571941569416857,0.0
2026-01-24 14:00:00,0.031242608535361552,0.0
2026-01-24 14:15:00,-0.024166560547265636,-1000.0
2026-01-24 14:30:00,-0.02736647067135641,-1000.0
2026-01-24 14:45:00,-0.029526847631053003,-1000.0
2026-01-24 15:00:00,-0.055630197102663904,-1000.0
2026-01-24 15:15:00,-0.1581316629032692,-1000.0
2026-01-24 15:30:00,-0.17720873035161006,-1000.0
2026-01-24 15:45:00,-0.15082073630675358,-1000.0
2026-01-24 16:00:00,-0.07529885895407003,-1000.0
2026-01-24 16:15:00,0.043063911068255654,0.0
2026-01-24 16:30:00,-0.014035539594803834,0.0
2026-01-24 16:45:00,0.18643198532105604,0.0
2026-01-24 17:00:00,0.5884322872185096,0.0
2026-01-24 17:15:00,0.8708520791515965,1000.0
2026-01-24 17:30:00,0.9962339285247801,1000.0
2026-01-24 17:45:00,0.9699350819124013,1000.0
2026-01-24 18:00:00,0.8029368423549517,1000.0
2026-01-24 18:15:00,0.8167729295845947,1000.0
2026-01-24 18:30:00,0.8983638933968263,1000.0
2026-01-24 18:45:00,0.8272414393910376,1000.0
2026-01-24 19:00:00,0.760986495618971,1000.0
2026-01-24 19:15:00,0.8191529352937853,0.0
2026-01-24 19:30:00,0.7696557674993227,0.0
2026-01-24 19:45:00,0.8157160523981147,0.0
2026-01-24 20:00:00,0.7765708604148984,0.0
2026-01-24 20:15:00,0.7408748152243849,0.0
2026-01-24 20:30:00,0.7951376970581246,0.0
2026-01-24 20:45:00,0.7978352394565916,0.0
2026-01-24 21:00:00,0.7317637872521606,0.0
2026-01-24 21:15:00,0.6796967718724288,0.0
2026-01-24 21:30:00,0.6917114535518473,0.0
2026-01-24 21:45:00,0.6988994978622793,0.0
2026-01-24 22:00:00,0.4957227447535341,0.0
2026-01-24 22:15:00,0.5191459798349803,0.0
2026-01-24 22:30:00,0.5623840110984644,0.0
2026-01-24 22:45:00,0.5811331541637893,0.0
2026-01-24 23:00:00,0.3878628121336248,0.0
2026-01-24 23:15:00,0.2492323251011874,0.0
2026-01-24 23:30:00,0.2927252724438382,0.0
2026-01-24 23:45:00,0.3047884063108086,0.0
2026-01-25 00:00:00,0.5651334892505063,0.0
2026-01-25 00:15:00,0.5274466991938552,0.0
2026-01-25 00:30:00,0.5822871074307558,0.0
2026-01-25 00:45:00,0.5095657633105328,0.0
2026-01-25 01:00:00,0.5179947802893924,0.0
2026-01-25 01:15:00,0.5372513362804225,0.0
2026-01-25 01:30:00,0.5461350701678769,0.0
2026-01-25 01:45:00,0.5501170723629586,0.0
2026-01-25 02:00:00,0.5611886216246716,0.0
2026-01-25 02:15:00,0.5539344314904804,0.0
2026-01-25 02:30:00,0.5537200953257846,0.0
2026-01-25 02:45:00,0.5627722129762168,0.0
2026-01-25 03:00:00,0.5698373260946809,0.0
2026-01-25 03:15:00,0.5448004623481693,0.0
2026-01-25 03:30:00,0.5773953082878602,0.0
2026-01-25 03:45:00,0.5775272808555351,0.0
2026-01-25 04:00:00,0.5414412206774326,0.0
2026-01-25 04:15:00,0.5436411987361778,0.0
2026-01-25 04:30:00,0.557453602818851,0.0
2026-01-25 04:45:00,0.569797420358395,0.0
2026-01-25 05:00:00,0.5355115062043209,0.0
2026-01-25 05:15:00,0.5434628434912949,0.0
2026-01-25 05:30:00,0.5540796485925187,0.0
2026-01-25 05:45:00,0.6604370891456303,0.0
2026-01-25 06:00:00,0.6722769068321215,0.0
2026-01-25 06:15:00,0.6477208572819187,0.0
2026-01-25 06:30:00,0.5039306384210888,0.0
2026-01-25 06:45:00,0.46418105806785254,0.0
2026-01-25 07:00:00,0.39803347581175313,0.0
2026-01-25 07:15:00,0.34971392101536874,0.0
2026-01-25 07:30:00,0.41002006408653474,0.0
2026-01-25 07:45:00,0.40420016691705635,0.0
2026-01-25 08:00:00,0.3674030154702235,0.0
2026-01-25 08:15:00,0.3634794220711069,0.0
2026-01-25 08:30:00,0.22871395246741416,0.0
2026-01-25 08:45:00,0.19917734188298938,0.0
2026-01-25 09:00:00,0.13880834341529813,0.0
2026-01-25 09:15:00,0.050329971288325635,0.0
2026-01-25 09:30:00,-0.03438229569431159,-1000.0
2026-01-25 09:45:00,-0.07509190446452492,-1000.0
2026-01-25 10:00:00,-0.1640385073941644,-1000.0
2026-01-25 10:15:00,-0.16830840614973705,-1000.0
2026-01-25 10:30:00,-0.17610562685028883,-1000.0
2026-01-25 10:45:00,-0.1275925162720414,-1000.0
2026-01-25 11:00:00,-0.06966094631631485,-1000.0
2026-01-25 11:15:00,-0.043994952789121494,-1000.0
2026-01-25 11:30:00,0.004887373225500055,0.0
2026-01-25 11:45:00,-0.05552469513310259,0.0
2026-01-25 12:00:00,-0.05992331778409289,0.0
2026-01-25 12:15:00,-0.048243821552685834,0.0
2026-01-25 12:30:00,-0.03763986813335936,0.0
2026-01-25 12:45:00,-0.041695470603605525,0.0
2026-01-25 13:00:00,-0.08582350201904103,0.0
2026-01-25 13:15:00,-0.08088328863253182,0.0
2026-01-25 13:30:00,-0.08392111962783584,0.0
2026-01-25 13:45:00,-0.08825841992013195,0.0
2026-01-25 14:00:00,0.020741567964702553,0.0
2026-01-25 14:15:00,0.03402785310384674,0.0
2026-01-25 14:30:00,0.038813578480057495,0.0
2026-01-25 14:45:00,0.025973345066083123,0.0
2026-01-25 15:00:00,0.018347270763469408,0.0
2026-01-25 15:15:00,0.04091321546737117,0.0
2026-01-25 15:30:00,0.015506458890559875,0.0
2026-01-25 15:45:00,0.018475569957486157,0.0
2026-01-25 16:00:00,0.03375298035746439,0.0
2026-01-25 16:15:00,0.16520183999684074,0.0
2026-01-25 16:30:00,0.06321254834881064,0.0
2026-01-25 16:45:00,-0.022690633512041772,0.0
2026-01-25 17:00:00,0.024292479161200243,0.0
2026-01-25 17:15:00,0.23932873414440975,0.0
2026-01-25 17:30:00,0.22555612839376624,0.0
2026-01-25 17:45:00,0.20802635343184414,0.0
2026-01-25 18:00:00,0.3099767386699329,0.0
2026-01-25 18:15:00,0.4093878581576091,0.0
2026-01-25 18:30:00,0.32221073271899126,0.0
2026-01-25 18:45:00,0.33112086262215934,0.0
2026-01-25 19:00:00,0.31503122763361074,0.0
2026-01-25 19:15:00,0.30138975009655405,0.0
2026-01-25 19:30:00,0.3279514545852742,0.0
2026-01-25 19:45:00,0.3176131941511893,0.0
2026-01-25 20:00:00,0.31345163407206683,1000.0
2026-01-25 20:15:00,0.299239602743358,1000.0
2026-01-25 20:30:00,0.39700723224538315,1000.0
2026-01-25 20:45:00,0.39021261708988686,1000.0
2026-01-25 21:00:00,0.3492400639037894,1000.0
2026-01-25 21:15:00,0.3677842642635268,1000.0
2026-01-25 21:30:00,0.3349284639155109,1000.0
2026-01-25 21:45:00,0.38811357501117794,1000.0
2026-01-25 22:00:00,0.15203356774736115,0.0
2026-01-25 22:15:00,0.1440708252086011,0.0
2026-01-25 22:30:00,0.13756302970878312,0.0
2026-01-25 22:45:00,0.14621323002829267,0.0
2026-01-25 23:00:00,0.13183952911633043,0.0
2026-01-25 23:15:00,0.17806879019428815,0.0
2026-01-25 23:30:00,0.1949864399051355,0.0
2026-01-25 23:45:00,0.19739068855325423,0.0
2026-01-26 00:00:00,0.062015026210839444,0.0
2026-01-26 00:15:00,-0.0023694056854741217,0.0
2026-01-26 00:30:00,0.08596131136030637,0.0
2026-01-26 00:45:00,0.12719006865906393,0.0
2026-01-26 01:00:00,0.15464176576787791,0.0
2026-01-26 01:15:00,0.18881904577512504,0.0
2026-01-26 01:30:00,0.1749488852868208,0.0
2026-01-26 01:45:00,0.2017651380717883,0.0
2026-01-26 02:00:00,0.2099004421058991,0.0
2026-01-26 02:15:00,0.2056403480324444,0.0
2026-01-26 02:30:00,0.2402667821114623,0.0
2026-01-26 02:45:00,0.2503804806880825,0.0
2026-01-26 03:00:00,0.25549940211392186,0.0
2026-01-26 03:15:00,0.2846977570838813,0.0
2026-01-26 03:30:00,0.3220259642839198,0.0
2026-01-26 03:45:00,0.36289502200263524,0.0
2026-01-26 04:00:00,0.5668186299573988,0.0
2026-01-26 04:15:00,0.5840867067903704,0.0
2026-01-26 04:30:00,0.651909822051677,0.0
2026-01-26 04:45:00,0.702194627523475,0.0
2026-01-26 05:00:00,0.7837890780547095,0.0
2026-01-26 05:15:00,0.6641419178666208,0.0
2026-01-26 05:30:00,0.5236970041536081,0.0
2026-01-26 05:45:00,0.5189604283891598,0.0
2026-01-26 06:00:00,0.8268727670057024,0.0
2026-01-26 06:15:00,0.7761879894056833,0.0
2026-01-26 06:30:00,0.771985859072041,0.0
2026-01-26 06:45:00,0.8332735113283571,0.0
2026-01-26 07:00:00,0.8889970522778345,0.0
2026-01-26 07:15:00,0.8936446340815712,0.0
2026-01-26 07:30:00,0.9120260418680968,0.0
2026-01-26 07:45:00,0.9550680903138059,0.0
2026-01-26 08:00:00,1.0048066704352043,0.0
2026-01-26 08:15:00,0.9755087244903599,0.0
2026-01-26 08:30:00,0.8761076688958431,0.0
2026-01-26 08:45:00,0.7353233679323185,0.0
2026-01-26 09:00:00,0.5963747025583258,0.0
2026-01-26 09:15:00,0.3119611833079375,0.0
2026-01-26 09:30:00,0.12565493551010895,0.0
2026-01-26 09:45:00,0.1567356432155594,0.0
2026-01-26 10:00:00,-0.20028694127112548,0.0
2026-01-26 10:15:00,-0.17490758252936367,0.0
2026-01-26 10:30:00,-0.16482024393733083,0.0
2026-01-26 10:45:00,-0.09797507253430145,0.0
2026-01-26 11:00:00,-0.12400557099533964,0.0
2026-01-26 11:15:00,-0.040655497117862545,0.0
2026-01-26 11:30:00,-0.10892507588566873,0.0
2026-01-26 11:45:00,-0.12503243293824584,0.0
2026-01-26 12:00:00,-0.15056356428336293,-1000.0
2026-01-26 12:15:00,-0.07408570969260132,-1000.0
2026-01-26 12:30:00,-0.10428689306736479,-1000.0
2026-01-26 12:45:00,-0.10133286052371794,-1000.0
2026-01-26 13:00:00,-0.12421517235652471,-1000.0
2026-01-26 13:15:00,-0.18871014877545456,-1000.0
2026-01-26 13:30:00,-0.20179026218682614,-1000.0
2026-01-26 13:45:00,-0.22377546010601826,-1000.0
2026-01-26 14:00:00,-0.1075709001442589,0.0
2026-01-26 14:15:00,-0.09737785381925732,0.0
2026-01-26 14:30:00,-0.09054529811905922,0.0
2026-01-26 14:45:00,-0.0603462218771903,0.0
2026-01-26 15:00:00,0.1277843580176621,0.0
2026-01-26 15:15:00,0.15792496912975532,0.0
2026-01-26 15:30:00,0.15054726821337905,0.0
2026-01-26 15:45:00,0.1853149755712266,0.0
2026-01-26 16:00:00,0.2673105486997318,0.0
2026-01-26 16:15:00,0.2433428872770502,0.0
2026-01-26 16:30:00,0.5635482492825542,0.0
2026-01-26 16:45:00,0.9892370904184568,0.0
2026-01-26 17:00:00,1.2517035829192054,0.0
2026-01-26 17:15:00,1.550727623925789,0.0
2026-01-26 17:30:00,1.3628117009723326,0.0
2026-01-26 17:45:00,1.4065185267134126,0.0
2026-01-26 18:00:00,1.986952470695782,0.0
2026-01-26 18:15:00,1.9977834779307888,0.0
2026-01-26 18:30:00,2.166992725344568,0.0
2026-01-26 18:45:00,2.1874684566308638,0.0
2026-01-26 19:00:00,1.9923850565419459,0.0
2026-01-26 19:15:00,2.013927392337197,0.0
2026-01-26 19:30:00,1.9302784071856771,0.0
2026-01-26 19:45:00,2.063692846335634,0.0
2026-01-26 20:00:00,2.057561525747155,0.0
2026-01-26 20:15:00,1.5602438804141185,0.0
2026-01-26 20:30:00,1.5536614123049206,0.0
2026-01-26 20:45:00,1.593266330037608,0.0
2026-01-26 21:00:00,1.6177460053059234,0.0
2026-01-26 21:15:00,1.5344071979925824,0.0
2026-01-26 21:30:00,1.5477367584812116,0.0
2026-01-26 21:45:00,1.574550300694332,0.0
2026-01-26 22:00:00,2.3370474628087856,1000.0
2026-01-26 22:15:00,2.3377087768160036,1000.0
2026-01-26 22:30:00,2.3733336052540106,1000.0
2026-01-26 22:45:00,2.48594240758129,1000.0
2026-01-26 23:00:00,2.5226001876901725,1000.0
2026-01-26 23:15:00,2.383874421163931,1000.0
2026-01-26 23:30:00,2.216408546210691,1000.0
2026-01-26 23:45:00,2.3401120523000687,1000.0
2026-01-27 00:00:00,1.816973813659204,0.0
2026-01-27 00:15:00,1.8846704188534473,0.0
2026-01-27 00:30:00,2.1775266941540856,0.0
2026-01-27 00:45:00,1.9491950589093054,0.0
2026-01-27 01:00:00,1.9365373424981698,0.0
2026-01-27 01:15:00,1.728762140253928,0.0
2026-01-27 01:30:00,1.7307982741379466,0.0
2026-01-27 01:45:00,1.7722060144061964,0.0
2026-01-27 02:00:00,1.7614287790098468,0.0
2026-01-27 02:15:00,1.7437502983017803,0.0
2026-01-27 02:30:00,1.7385317612869804,0.0
2026-01-27 02:45:00,1.5491495445588037,0.0
2026-01-27 03:00:00,1.446463680214265,0.0
2026-01-27 03:15:00,1.4464500914868286,0.0
2026-01-27 03:30:00,1.464545592954292,0.0
2026-01-27 03:45:00,1.4070163908177415,0.0
2026-01-27 04:00:00,1.3733085240031084,0.0
2026-01-27 04:15:00,1.385970919446443,0.0
2026-01-27 04:30:00,1.3842317808127989,0.0
2026-01-27 04:45:00,1.3580751761923477,0.0
2026-01-27 05:00:00,1.359636887992421,0.0
2026-01-27 05:15:00,1.34252287681606,0.0
2026-01-27 05:30:00,1.3721073239200186,0.0
2026-01-27 05:45:00,1.4138068186852606,0.0
2026-01-27 06:00:00,1.8165139169966933,0.0
2026-01-27 06:15:00,1.8624873171286978,0.0
2026-01-27 06:30:00,2.058120807589359,0.0
2026-01-27 06:45:00,2.0175085729815305,0.0
2026-01-27 07:00:00,2.070942538365094,0.0
2026-01-27 07:15:00,2.017287980330755,0.0
2026-01-27 07:30:00,2.0501440487367804,0.0
2026-01-27 07:45:00,1.911509796428453,0.0
2026-01-27 08:00:00,1.9933108739250591,0.0
2026-01-27 08:15:00,1.9585021786691823,0.0
2026-01-27 08:30:00,1.86399099235505,0.0
2026-01-27 08:45:00,1.8589629945703987,0.0
2026-01-27 09:00:00,2.018578477350852,0.0
2026-01-27 09:15:00,2.04989266330726,0.0
2026-01-27 09:30:00,1.9733743267893948,0.0
2026-01-27 09:45:00,1.8908303517949956,0.0
2026-01-27 10:00:00,0.9719446107865807,0.0
2026-01-27 10:15:00,0.8213981413820561,0.0
2026-01-27 10:30:00,0.7698599810323081,0.0
2026-01-27 10:45:00,0.8014312023786053,0.0
2026-01-27 11:00:00,0.667342878975259,0.0
2026-01-27 11:15:00,0.707066245525566,0.0
2026-01-27 11:30:00,0.6608669008373378,0.0
2026-01-27 11:45:00,0.6077453046323191,0.0
2026-01-27 12:00:00,0.6324381406271534,0.0
2026-01-27 12:15:00,0.5279523833927668,0.0
2026-01-27 12:30:00,0.35148323447573443,-1000.0
2026-01-27 12:45:00,0.379470980693174,-1000.0
2026-01-27 13:00:00,0.362817253760489,-1000.0
2026-01-27 13:15:00,0.35197835238992,-1000.0
2026-01-27 13:30:00,0.35194258305293735,-1000.0
2026-01-27 13:45:00,0.43559826619118874,-1000.0
2026-01-27 14:00:00,0.33831301201706354,-1000.0
2026-01-27 14:15:00,0.33594443650012795,-1000.0
2026-01-27 14:30:00,0.37980729410834085,0.0
2026-01-27 14:45:00,0.4338584130822641,0.0
2026-01-27 15:00:00,0.5032551446605679,0.0
2026-01-27 15:15:00,0.5061178938186333,0.0
2026-01-27 15:30:00,0.47771151373857634,0.0
2026-01-27 15:45:00,0.6131407277292069,0.0
2026-01-27 16:00:00,0.5796197199775901,0.0
2026-01-27 16:15:00,0.790553173717856,0.0
2026-01-27 16:30:00,0.9705240954179302,0.0
2026-01-27 16:45:00,1.0532829358019669,0.0
2026-01-27 17:00:00,1.6403450323548985,0.0
2026-01-27 17:15:00,2.5851639353483895,0.0
2026-01-27 17:30:00,2.5895182240557943,0.0
2026-01-27 17:45:00,2.5566730253584984,0.0
2026-01-27 18:00:00,2.4392378790471994,0.0
2026-01-27 18:15:00,2.4304683091099872,0.0
2026-01-27 18:30:00,2.2116517727453795,0.0
2026-01-27 18:45:00,2.2252113478530453,0.0
2026-01-27 19:00:00,2.1904477738245074,0.0
2026-01-27 19:15:00,2.1860114734550713,0.0
2026-01-27 19:30:00,2.1698642027601025,0.0
2026-01-27 19:45:00,2.1694870173067167,0.0
2026-01-27 20:00:00,2.149847311890038,0.0
2026-01-27 20:15:00,2.1252430169500016,0.0
2026-01-27 20:30:00,2.1109657741639345,0.0
2026-01-27 20:45:00,2.0117401441597367,0.0
2026-01-27 21:00:00,2.004400162072803,0.0
2026-01-27 21:15:00,2.037554293833999,0.0
2026-01-27 21:30:00,2.185575053697629,0.0
2026-01-27 21:45:00,2.3230705279924333,0.0
2026-01-27 22:00:00,3.5048663058493656,1000.0
2026-01-27 22:15:00,3.568564530170839,1000.0
2026-01-27 22:30:00,3.544195857175987,1000.0
2026-01-27 22:45:00,3.50674048762362,1000.0
2026-01-27 23:00:00,3.1874251086024756,1000.0
2026-01-27 23:15:00,3.01187081719691,1000.0
2026-01-27 23:30:00,3.007645993088984,1000.0
2026-01-27 23:45:00,3.043374067040346,1000.0
2026-01-28 00:00:00,3.3763229904923224,0.0
2026-01-28 00:15:00,2.5411983378205405,0.0
2026-01-28 00:30:00,2.049896032732143,0.0
2026-01-28 00:45:00,2.102387660346262,0.0
2026-01-28 01:00:00,2.0957780366663328,0.0
2026-01-28 01:15:00,2.1544601021284895,0.0
2026-01-28 01:30:00,2.1889144661314788,0.0
2026-01-28 01:45:00,2.4409694058044993,0.0
2026-01-28 02:00:00,2.55947505677425,0.0
2026-01-28 02:15:00,2.5435288603481516,0.0
2026-01-28 02:30:00,2.547191960808647,0.0
2026-01-28 02:45:00,2.5173730299183523,0.0
2026-01-28 03:00:00,2.4970052815386943,0.0
2026-01-28 03:15:00,2.23745463585253,0.0
2026-01-28 03:30:00,2.2786113854613785,0.0
2026-01-28 03:45:00,2.3605425422310904,0.0
2026-01-28 04:00:00,2.3495583531011395,0.0
2026-01-28 04:15:00,2.250349315128393,0.0
2026-01-28 04:30:00,2.1999100162625695,0.0
2026-01-28 04:45:00,2.171223955130116,0.0
2026-01-28 05:00:00,2.1649379822919355,0.0
2026-01-28 05:15:00,2.239433454661517,0.0
2026-01-28 05:30:00,1.9879485074754577,0.0
2026-01-28 05:45:00,1.9632161915432669,0.0
2026-01-28 06:00:00,2.102646305206943,0.0
2026-01-28 06:15:00,2.6589287459555973,0.0
2026-01-28 06:30:00,2.7065275793692227,0.0
2026-01-28 06:45:00,2.7021994594252803,0.0
2026-01-28 07:00:00,2.71351390999432,0.0
2026-01-28 07:15:00,2.6614265558199373,0.0
2026-01-28 07:30:00,2.2631711379661104,0.0
2026-01-28 07:45:00,2.0965443018359062,0.0
2026-01-28 08:00:00,1.809488425913489,0.0
2026-01-28 08:15:00,1.983252946179251,0.0
2026-01-28 08:30:00,1.923337817970467,0.0
2026-01-28 08:45:00,1.538689142920706,0.0
2026-01-28 09:00:00,1.538410333638604,0.0
2026-01-28 09:15:00,1.360051592714498,0.0
2026-01-28 09:30:00,1.2683045461561173,0.0
2026-01-28 09:45:00,1.1841265589530252,0.0
2026-01-28 10:00:00,0.8727883515882929,0.0
2026-01-28 10:15:00,0.8927111722136118,0.0
2026-01-28 10:30:00,0.7549442513621072,0.0
2026-01-28 10:45:00,0.7372569750716002,0.0
2026-01-28 11:00:00,0.7080512461970527,0.0
2026-01-28 11:15:00,0.7340111049283355,0.0
2026-01-28 11:30:00,0.6989150020786691,0.0
2026-01-28 11:45:00,0.39078673289176286,0.0
2026-01-28 12:00:00,0.4266968215724276,0.0
2026-01-28 12:15:00,0.35508471362160693,0.0
2026-01-28 12:30:00,0.28454901231653495,-1000.0
2026-01-28 12:45:00,0.25914262415610523,-1000.0
2026-01-28 13:00:00,0.2577689050091695,-1000.0
2026-01-28 13:15:00,0.1483657361819931,-1000.0
2026-01-28 13:30:00,0.11113387157006645,-1000.0
2026-01-28 13:45:00,0.18676885827690834,-1000.0
2026-01-28 14:00:00,0.33728520972192877,-1000.0
2026-01-28 14:15:00,0.3154613565766001,-1000.0
2026-01-28 14:30:00,0.43132289429029347,0.0
2026-01-28 14:45:00,0.46964270924953466,0.0
2026-01-28 15:00:00,0.571444022144402,0.0
2026-01-28 15:15:00,0.5406587197960878,0.0
2026-01-28 15:30:00,0.6122396568684024,0.0
2026-01-28 15:45:00,0.6760953468999588,0.0
2026-01-28 16:00:00,0.7771534895202832,0.0
2026-01-28 16:15:00,0.9006160418729884,0.0
2026-01-28 16:30:00,1.2180401244809682,0.0
2026-01-28 16:45:00,1.39159020247708,0.0
2026-01-28 17:00:00,1.7638181651247387,0.0
2026-01-28 17:15:00,1.8807987543756444,0.0
2026-01-28 17:30:00,2.380272540657026,0.0
2026-01-28 17:45:00,2.7067794076854765,0.0
2026-01-28 18:00:00,2.126842345306734,0.0
2026-01-28 18:15:00,2.150335669748006,0.0
2026-01-28 18:30:00,2.7547010937056484,0.0
2026-01-28 18:45:00,2.852892432001799,0.0
2026-01-28 19:00:00,2.9087978398039147,0.0
2026-01-28 19:15:00,2.89286726175938,0.0
2026-01-28 19:30:00,2.9151954668582536,0.0
2026-01-28 19:45:00,2.903338343583607,0.0
2026-01-28 20:00:00,2.8576589130526,0.0
2026-01-28 20:15:00,2.854574958408074,0.0
2026-01-28 20:30:00,2.8452422981939076,0.0
2026-01-28 20:45:00,2.8197884908592963,0.0
2026-01-28 21:00:00,2.914171183786123,0.0
2026-01-28 21:15:00,2.8932426080017613,0.0
2026-01-28 21:30:00,2.8880510062088236,0.0
2026-01-28 21:45:00,2.901412066844194,1000.0
2026-01-28 22:00:00,3.3601980813952266,1000.0
2026-01-28 22:15:00,3.3597273655941153,1000.0
2026-01-28 22:30:00,3.0798446027498447,1000.0
2026-01-28 22:45:00,3.0261167015135357,1000.0
2026-01-28 23:00:00,3.0452684330175837,1000.0
2026-01-28 23:15:00,2.906612344482636,1000.0
2026-01-28 23:30:00,3.0116207036042235,1000.0
2026-01-28 23:45:00,2.769782519160573,0.0
2026-01-29 00:00:00,2.141424457098524,0.0
2026-01-29 00:15:00,1.8717865435872536,0.0
2026-01-29 00:30:00,1.856049872660833,0.0
2026-01-29 00:45:00,1.8831025837598165,0.0
2026-01-29 01:00:00,1.9160475563266361,0.0
2026-01-29 01:15:00,1.9875998299284936,0.0
2026-01-29 01:30:00,1.967051328631349,0.0
2026-01-29 01:45:00,2.029824968394619,0.0
2026-01-29 02:00:00,2.0134518761999316,0.0
2026-01-29 02:15:00,2.0330484674622844,0.0
2026-01-29 02:30:00,2.0738574965030407,0.0
2026-01-29 02:45:00,2.0730791366362316,0.0
2026-01-29 03:00:00,2.1394530344713325,0.0
2026-01-29 03:15:00,2.080835402771953,0.0
2026-01-29 03:30:00,2.1496222808145182,0.0
2026-01-29 03:45:00,2.0616733111843755,0.0
2026-01-29 04:00:00,2.0990896468899978,0.0
2026-01-29 04:15:00,2.075363493968418,0.0
2026-01-29 04:30:00,2.0527003952559584,0.0
2026-01-29 04:45:00,1.9816634847061187,0.0
2026-01-29 05:00:00,2.3910289170306402,0.0
2026-01-29 05:15:00,2.477981794505458,0.0
2026-01-29 05:30:00,2.3854023327905494,0.0
2026-01-29 05:45:00,2.453563564479841,0.0
2026-01-29 06:00:00,2.1067407242820204,0.0
2026-01-29 06:15:00,2.077729800343583,0.0
2026-01-29 06:30:00,1.9660766636519704,0.0
2026-01-29 06:45:00,1.9839674556046634,0.0
2026-01-29 07:00:00,1.9924800847080486,0.0
2026-01-29 07:15:00,1.9865816522571453,0.0
2026-01-29 07:30:00,1.989641393922153,0.0
2026-01-29 07:45:00,1.913570139813285,0.0
2026-01-29 08:00:00,1.6759384173815122,0.0
2026-01-29 08:15:00,1.500350247140281,0.0
2026-01-29 08:30:00,1.5722502032007555,0.0
2026-01-29 08:45:00,1.656913990876373,0.0
2026-01-29 09:00:00,1.4761869060404091,0.0
2026-01-29 09:15:00,1.4371476883111522,0.0
2026-01-29 09:30:00,1.5907248963420313,0.0
2026-01-29 09:45:00,1.4455634426489248,0.0
2026-01-29 10:00:00,0.8594533712232483,0.0
2026-01-29 10:15:00,1.1508458921080222,0.0
2026-01-29 10:30:00,1.3103838368573295,0.0
2026-01-29 10:45:00,1.467400734011932,0.0
2026-01-29 11:00:00,1.5015153639021617,0.0
2026-01-29 11:15:00,1.4915550086896503,0.0
2026-01-29 11:30:00,1.4881529234010464,0.0
2026-01-29 11:45:00,1.4544481561731635,0.0
2026-01-29 12:00:00,1.3936712763310184,0.0
2026-01-29 12:15:00,1.2994080672239545,0.0
2026-01-29 12:30:00,1.3480424360975767,0.0
2026-01-29 12:45:00,1.3014922829681157,0.0
2026-01-29 13:00:00,1.2923733325534787,0.0
2026-01-29 13:15:00,1.2184245159472784,0.0
2026-01-29 13:30:00,1.2198580006102604,0.0
2026-01-29 13:45:00,1.259698819255793,0.0
2026-01-29 14:00:00,1.0603422866436352,-1000.0
2026-01-29 14:15:00,1.0755357613515535,-1000.0
2026-01-29 14:30:00,1.0375568986622832,-1000.0
2026-01-29 14:45:00,1.0003024362306703,-1000.0
2026-01-29 15:00:00,0.8465039778301715,-1000.0
2026-01-29 15:15:00,0.8706948784534473,-1000.0
2026-01-29 15:30:00,1.0153208530265645,-1000.0
2026-01-29 15:45:00,0.9667376757501559,-1000.0
2026-01-29 16:00:00,1.1257841985773454,0.0
2026-01-29 16:15:00,1.597754659035129,0.0
2026-01-29 16:30:00,1.8614850441736215,0.0
2026-01-29 16:45:00,2.4763979772659077,1000.0
2026-01-29 17:00:00,2.5727037720306645,1000.0
2026-01-29 17:15:00,2.5118376798102733,1000.0
2026-01-29 17:30:00,2.7192944526788883,1000.0
2026-01-29 17:45:00,2.5768972005064055,1000.0
2026-01-29 18:00:00,2.284439457555153,1000.0
2026-01-29 18:15:00,2.27178990250866,1000.0
2026-01-29 18:30:00,2.0663837381552623,1000.0
2026-01-29 18:45:00,2.1254962850980372,0.0
2026-01-29 19:00:00,1.8874661567660826,0.0
2026-01-29 19:15:00,1.8725458366622596,0.0
2026-01-29 19:30:00,1.753360415099456,0.0
2026-01-29 19:45:00,1.7884380316023163,0.0
2026-01-29 20:00:00,1.6846781105654478,0.0
2026-01-29 20:15:00,1.6339101401419218,0.0
2026-01-29 20:30:00,1.8381611842191903,0.0
2026-01-29 20:45:00,2.0727320867205377,0.0
2026-01-29 21:00:00,2.217451983877094,0.0
2026-01-29 21:15:00,2.1433614815949,0.0
2026-01-29 21:30:00,2.1075765912179842,0.0
2026-01-29 21:45:00,1.9120503006198002,0.0
2026-01-29 22:00:00,1.6420135823534308,0.0
2026-01-29 22:15:00,1.539621705576114,0.0
2026-01-29 22:30:00,1.2519012290796732,0.0
2026-01-29 22:45:00,1.2683028742228415,0.0
2026-01-29 23:00:00,1.2733017404657714,0.0
2026-01-29 23:15:00,1.2633785188011382,0.0
2026-01-29 23:30:00,1.2642867990861906,0.0
2026-01-29 23:45:00,1.1243706760581418,0.0
2026-01-30 00:00:00,0.9425492356189603,0.0
2026-01-30 00:15:00,2.0896790008771826,0.0
2026-01-30 00:30:00,1.8848898844630255,0.0
2026-01-30 00:45:00,1.8446144203514456,0.0
2026-01-30 01:00:00,1.629064666124973,0.0
2026-01-30 01:15:00,1.7189564993522006,0.0
2026-01-30 01:30:00,1.5580673075388112,0.0
2026-01-30 01:45:00,1.5688537851024027,0.0
2026-01-30 02:00:00,1.696193450539418,0.0
2026-01-30 02:15:00,1.6596191626644026,0.0
2026-01-30 02:30:00,1.6267909034105046,0.0
2026-01-30 02:45:00,1.440400220721781,0.0
2026-01-30 03:00:00,1.5044136377908561,0.0
2026-01-30 03:15:00,1.5355708939871096,0.0
2026-01-30 03:30:00,1.5378541490695097,0.0
2026-01-30 03:45:00,1.5677713603184291,0.0
2026-01-30 04:00:00,1.540524013869089,0.0
2026-01-30 04:15:00,1.5282602282761377,0.0
2026-01-30 04:30:00,1.5100223210907497,0.0
2026-01-30 04:45:00,1.5020452543808336,0.0
2026-01-30 05:00:00,1.5230317300493994,0.0
2026-01-30 05:15:00,1.4614790587184945,0.0
2026-01-30 05:30:00,1.4836260280321283,0.0
2026-01-30 05:45:00,1.5615936991940282,0.0
2026-01-30 06:00:00,1.8691865878022071,0.0
2026-01-30 06:15:00,1.8623481919733715,0.0
2026-01-30 06:30:00,1.800332542803359,0.0
2026-01-30 06:45:00,1.8658661681118447,0.0
2026-01-30 07:00:00,1.8854184075357519,0.0
2026-01-30 07:15:00,1.8797442071997132,0.0
2026-01-30 07:30:00,1.90326744574697,0.0
2026-01-30 07:45:00,1.8121785116799551,0.0
2026-01-30 08:00:00,1.7803998171130502,0.0
2026-01-30 08:15:00,1.7858291003330675,0.0
2026-01-30 08:30:00,1.4635475183522357,0.0
2026-01-30 08:45:00,1.4735623554369772,0.0
2026-01-30 09:00:00,1.3879946818471172,0.0
2026-01-30 09:15:00,1.3428294093635287,0.0
2026-01-30 09:30:00,1.4493477002666653,0.0
2026-01-30 09:45:00,1.439562354376727,0.0
2026-01-30 10:00:00,1.115390018442808,0.0
2026-01-30 10:15:00,1.119700870776426,0.0
2026-01-30 10:30:00,1.1639811982352835,0.0
2026-01-30 10:45:00,1.294729939370316,0.0
2026-01-30 11:00:00,1.2521753412398735,0.0
2026-01-30 11:15:00,1.2748995204224993,0.0
2026-01-30 11:30:00,0.880229671478132,0.0
2026-01-30 11:45:00,0.688494684727812,0.0
2026-01-30 12:00:00,0.6344311155965366,0.0
2026-01-30 12:15:00,0.6148654617951972,0.0
2026-01-30 12:30:00,0.5577051347531443,0.0
2026-01-30 12:45:00,0.44708553792545497,0.0
2026-01-30 13:00:00,0.23709275926979717,0.0
2026-01-30 13:15:00,0.22748264295080378,0.0
2026-01-30 13:30:00,0.1603167989201985,0.0
2026-01-30 13:45:00,0.09777287023365051,-1000.0
2026-01-30 14:00:00,0.11670628186649704,-1000.0
2026-01-30 14:15:00,0.07336587040707261,-1000.0
2026-01-30 14:30:00,0.07017792115731955,-1000.0
2026-01-30 14:45:00,0.0517786395581173,-1000.0
2026-01-30 15:00:00,-0.04851941810565188,-1000.0
2026-01-30 15:15:00,-0.024121444665614562,-1000.0
2026-01-30 15:30:00,0.05691146379539278,-1000.0
2026-01-30 15:45:00,0.12830959768056344,0.0
2026-01-30 16:00:00,0.24928367075781355,0.0
2026-01-30 16:15:00,0.4514922919425775,0.0
2026-01-30 16:30:00,0.9086271048091691,0.0
2026-01-30 16:45:00,1.1536575831288376,0.0
2026-01-30 17:00:00,1.394353604773132,0.0
2026-01-30 17:15:00,1.5261103625400851,0.0
2026-01-30 17:30:00,1.53091196493574,0.0
2026-01-30 17:45:00,1.6250375483583348,0.0
2026-01-30 18:00:00,1.2355752961257018,0.0
2026-01-30 18:15:00,1.3364940282317814,0.0
2026-01-30 18:30:00,1.4462549851811124,0.0
2026-01-30 18:45:00,1.53528535675863,0.0
2026-01-30 19:00:00,1.493221962928116,0.0
2026-01-30 19:15:00,1.465736044130725,0.0
2026-01-30 19:30:00,1.4385871377159345,0.0
2026-01-30 19:45:00,1.4381184510525251,0.0
2026-01-30 20:00:00,1.448624523092805,0.0
2026-01-30 20:15:00,1.5933444288358554,0.0
2026-01-30 20:30:00,1.6280255103035544,0.0
2026-01-30 20:45:00,1.476924126543541,0.0
2026-01-30 21:00:00,1.383208297016014,0.0
2026-01-30 21:15:00,1.27339952546819,0.0
2026-01-30 21:30:00,1.6510478314163919,0.0
2026-01-30 21:45:00,1.607666801877998,0.0
2026-01-30 22:00:00,2.2442145485089537,1000.0
2026-01-30 22:15:00,2.2624593195034355,1000.0
2026-01-30 22:30:00,2.4097931589608153,1000.0
2026-01-30 22:45:00,2.339874195030957,1000.0
2026-01-30 23:00:00,2.2806747952671205,1000.0
2026-01-30 23:15:00,2.2727995646877277,1000.0
2026-01-30 23:30:00,2.3587473218830324,1000.0
2026-01-30 23:45:00,2.3715152370815136,1000.0
2026-01-31 00:00:00,1.5062255086553933,0.0
2026-01-31 00:15:00,1.9576866798117807,0.0
2026-01-31 00:30:00,2.143651185168582,0.0
2026-01-31 00:45:00,2.197176591511935,0.0
2026-01-31 01:00:00,2.27925162936941,0.0
2026-01-31 01:15:00,2.2365850501140327,0.0
2026-01-31 01:30:00,2.1910783538051852,0.0
2026-01-31 01:45:00,2.0470496767658766,0.0
2026-01-31 02:00:00,2.237545805382128,0.0
2026-01-31 02:15:00,2.199554191087761,0.0
2026-01-31 02:30:00,2.0598564649183624,0.0
2026-01-31 02:45:00,2.0076138294961403,0.0
2026-01-31 03:00:00,1.8917630597708355,0.0
2026-01-31 03:15:00,1.877815542984631,0.0
2026-01-31 03:30:00,1.7992349170468303,0.0
2026-01-31 03:45:00,1.7641264981101876,0.0
2026-01-31 04:00:00,1.7540202887257108,0.0
2026-01-31 04:15:00,1.7285927242136787,0.0
2026-01-31 04:30:00,1.675404816929654,0.0
2026-01-31 04:45:00,1.524602553683088,0.0
2026-01-31 05:00:00,1.5226755752429342,0.0
2026-01-31 05:15:00,1.4787539454220848,0.0
2026-01-31 05:30:00,1.407797801731894,0.0
2026-01-31 05:45:00,1.3694089277061017,0.0
2026-01-31 06:00:00,1.8725676523797057,0.0
2026-01-31 06:15:00,1.851415875692453,0.0
2026-01-31 06:30:00,1.8739733902233604,0.0
2026-01-31 06:45:00,1.5838732766725945,0.0
2026-01-31 07:00:00,1.5541884440694238,0.0
2026-01-31 07:15:00,1.4730440167095558,0.0
2026-01-31 07:30:00,1.4414978627004278,0.0
2026-01-31 07:45:00,1.371353717288501,0.0
2026-01-31 08:00:00,1.2574690460633238,0.0
2026-01-31 08:15:00,1.1634297083413379,0.0
2026-01-31 08:30:00,1.1642855896257989,0.0
2026-01-31 08:45:00,1.163861591874273,0.0
2026-01-31 09:00:00,1.0718845632756726,0.0
2026-01-31 09:15:00,0.8815349527841192,0.0
2026-01-31 09:30:00,0.7266620346611239,0.0
2026-01-31 09:45:00,0.4161962737747676,0.0
2026-01-31 10:00:00,-0.004989423240517157,0.0
2026-01-31 10:15:00,-0.21969889567346892,-1000.0
2026-01-31 10:30:00,-0.22160862760942562,-1000.0
2026-01-31 10:45:00,-0.07794769969985578,-1000.0
2026-01-31 11:00:00,-0.11842161811512834,-1000.0
2026-01-31 11:15:00,-0.09047840406055131,-1000.0
2026-01-31 11:30:00,-0.07373652104288317,-1000.0
2026-01-31 11:45:00,-0.13088736008436677,-1000.0
2026-01-31 12:00:00,-0.14205748375218955,-1000.0
2026-01-31 12:15:00,-0.13472902341085008,0.0
2026-01-31 12:30:00,-0.1134277912952228,0.0
2026-01-31 12:45:00,-0.14171660983150902,0.0
2026-01-31 13:00:00,-0.08663283521454408,0.0
2026-01-31 13:15:00,-0.07370829981580422,0.0
2026-01-31 13:30:00,-0.09618588449928447,0.0
2026-01-31 13:45:00,-0.10122245357157983,0.0
2026-01-31 14:00:00,-0.17029521261523436,0.0
2026-01-31 14:15:00,-0.14720184023496366,0.0
2026-01-31 14:30:00,-0.12620788943173983,0.0
2026-01-31 14:45:00,-0.10575442991964944,0.0
2026-01-31 15:00:00,-0.10647879998725764,0.0
2026-01-31 15:15:00,-0.10776508019101431,0.0
2026-01-31 15:30:00,-0.1471215527363122,0.0
2026-01-31 15:45:00,-0.12177419350861411,0.0
2026-01-31 16:00:00,-0.11623471009985391,0.0
2026-01-31 16:15:00,-0.1472439622893109,0.0
2026-01-31 16:30:00,-0.17497250387422422,0.0
2026-01-31 16:45:00,-0.09966046743801585,0.0
2026-01-31 17:00:00,0.19732447654627647,0.0
2026-01-31 17:15:00,0.5521960451393017,0.0
2026-01-31 17:30:00,0.7330506906542535,0.0
2026-01-31 17:45:00,0.8919519310172715,1000.0
2026-01-31 18:00:00,0.6916384319513893,1000.0
2026-01-31 18:15:00,0.934616089816828,1000.0
2026-01-31 18:30:00,0.8304986939699267,1000.0
2026-01-31 18:45:00,0.8057169821196015,1000.0
2026-01-31 19:00:00,0.7803171193303248,1000.0
2026-01-31 19:15:00,0.7414846790008507,1000.0
2026-01-31 19:30:00,0.7876980728139613,1000.0
2026-01-31 19:45:00,0.7159634707092143,0.0
2026-01-31 20:00:00,0.6390024749694385,0.0
2026-01-31 20:15:00,0.7048230555632725,0.0
2026-01-31 20:30:00,0.9218670263222798,0.0
2026-01-31 20:45:00,0.9690595898487527,0.0
2026-01-31 21:00:00,0.8130735734929869,0.0
2026-01-31 21:15:00,0.7443911070834606,0.0
2026-01-31 21:30:00,0.8008737114719964,0.0
2026-01-31 21:45:00,0.8372928383593333,0.0
2026-01-31 22:00:00,0.3047582357817423,0.0
2026-01-31 22:15:00,0.38729526320311763,0.0
2026-01-31 22:30:00,0.6818319472992516,0.0
2026-01-31 22:45:00,0.6496260863283229,0.0
2026-01-31 23:00:00,0.6524862933326767,0.0
2026-01-31 23:15:00,0.6518751306100298,0.0
2026-01-31 23:30:00,0.49132653074554916,0.0
2026-01-31 23:45:00,0.4402329768124601,0.0
2026-02-01 00:00:00,0.5252793819177202,0.0
2026-02-01 00:15:00,0.5690277310187546,0.0
2026-02-01 00:30:00,0.5241117083104457,0.0
2026-02-01 00:45:00,0.5194314363149488,0.0
2026-02-01 01:00:00,0.5140103803296857,0.0
2026-02-01 01:15:00,0.5543726617821934,0.0
2026-02-01 01:30:00,0.5723410715613657,0.0
2026-02-01 01:45:00,0.50595335702269,0.0
2026-02-01 02:00:00,0.48700079541135544,0.0
2026-02-01 02:15:00,0.46041707138595,0.0
2026-02-01 02:30:00,0.3768449145456215,0.0
2026-02-01 02:45:00,0.3814502393073868,0.0
2026-02-01 03:00:00,0.3302481372097408,0.0
2026-02-01 03:15:00,0.36117787002987833,0.0
2026-02-01 03:30:00,0.35209238729582437,0.0
2026-02-01 03:45:00,0.3347783103563723,0.0
2026-02-01 04:00:00,0.31925699156145804,0.0
2026-02-01 04:15:00,0.3015601659309222,0.0
2026-02-01 04:30:00,0.28272608035964647,0.0
2026-02-01 04:45:00,0.25579444605212914,0.0
2026-02-01 05:00:00,0.24086860456050443,0.0
2026-02-01 05:15:00,0.24773686128094063,0.0
2026-02-01 05:30:00,0.3669403281022021,0.0
2026-02-01 05:45:00,0.2915110620576133,0.0
2026-02-01 06:00:00,0.3025075855871038,0.0
2026-02-01 06:15:00,0.2897801773468133,0.0
2026-02-01 06:30:00,0.2833065792316035,0.0
2026-02-01 06:45:00,0.27175464642176916,0.0
2026-02-01 07:00:00,0.265527994958103,0.0
2026-02-01 07:15:00,0.14388310915587404,0.0
2026-02-01 07:30:00,0.13486471532310257,0.0
2026-02-01 07:45:00,0.21983162995863947,0.0
2026-02-01 08:00:00,0.18281268241743073,0.0
2026-02-01 08:15:00,0.17454538066879485,0.0
2026-02-01 08:30:00,0.061262114969166635,0.0
2026-02-01 08:45:00,0.07334422625133183,0.0
2026-02-01 09:00:00,0.03092112328019898,0.0
2026-02-01 09:15:00,-0.0011876799181005679,0.0
2026-02-01 09:30:00,-0.055237346088318866,0.0
2026-02-01 09:45:00,-0.06376174035753403,0.0
2026-02-01 10:00:00,-0.09564046021248204,0.0
2026-02-01 10:15:00,-0.03573572562862297,0.0
2026-02-01 10:30:00,-0.041994249766335125,0.0
2026-02-01 10:45:00,-0.04960064306069121,0.0
2026-02-01 11:00:00,-0.04211544680763185,0.0
2026-02-01 11:15:00,-0.04236810545189809,0.0
2026-02-01 11:30:00,-0.076583561936721,0.0
2026-02-01 11:45:00,-0.06653039947722086,0.0
2026-02-01 12:00:00,-0.07153914047038035,0.0
2026-02-01 12:15:00,-0.06897190908713825,0.0
2026-02-01 12:30:00,-0.05532888564963174,0.0
2026-02-01 12:45:00,-0.012937741666903393,0.0
2026-02-01 13:00:00,-0.023066747914280376,0.0
2026-02-01 13:15:00,-0.043922374704962366,0.0
2026-02-01 13:30:00,-0.06559552848004299,0.0
2026-02-01 13:45:00,-0.07881847226696191,0.0
2026-02-01 14:00:00,-0.07244689422518644,0.0
2026-02-01 14:15:00,-0.08241054963386267,0.0
2026-02-01 14:30:00,-0.06368920474734377,0.0
2026-02-01 14:45:00,-0.03173346784668874,0.0
2026-02-01 15:00:00,-0.06432619003467614,-1000.0
2026-02-01 15:15:00,-0.058421094855441405,-1000.0
2026-02-01 15:30:00,-0.055106791475226145,-1000.0
2026-02-01 15:45:00,-0.05643430092149505,-1000.0
2026-02-01 16:00:00,-0.09228695559020862,-1000.0
2026-02-01 16:15:00,-0.0995349458674055,-1000.0
2026-02-01 16:30:00,-0.03406180647528831,-1000.0
2026-02-01 16:45:00,-0.06444436384482308,-1000.0
2026-02-01 17:00:00,0.056827470018492525,0.0
2026-02-01 17:15:00,0.33428474492505,0.0
2026-02-01 17:30:00,0.6397806048044651,0.0
2026-02-01 17:45:00,0.8215169126823209,0.0
2026-02-01 18:00:00,0.825944789108285,0.0
2026-02-01 18:15:00,0.9804901686173689,0.0
2026-02-01 18:30:00,0.9870625711329071,0.0
2026-02-01 18:45:00,0.967589308261844,0.0
2026-02-01 19:00:00,0.9134093535200848,0.0
2026-02-01 19:15:00,0.9220646621432591,0.0
2026-02-01 19:30:00,0.9388312710200789,0.0
2026-02-01 19:45:00,1.0016417552453656,0.0
2026-02-01 20:00:00,0.994196458910022,0.0
2026-02-01 20:15:00,1.023703626066082,0.0
2026-02-01 20:30:00,1.0648866818536393,0.0
2026-02-01 20:45:00,1.0155968323112845,0.0
2026-02-01 21:00:00,0.9455338541750145,0.0
2026-02-01 21:15:00,0.8805960641140693,0.0
2026-02-01 21:30:00,0.8799531804801685,0.0
2026-02-01 21:45:00,0.9678116846047129,0.0
2026-02-01 22:00:00,1.6329508652470703,1000.0
2026-02-01 22:15:00,1.6559186194560092,1000.0
2026-02-01 22:30:00,1.6513587310635136,1000.0
2026-02-01 22:45:00,1.7164091854157701,1000.0
2026-02-01 23:00:00,1.6733432466788307,1000.0
2026-02-01 23:15:00,1.7180086562652768,1000.0
2026-02-01 23:30:00,1.7628231428086556,1000.0
2026-02-01 23:45:00,1.752587157327826,1000.0
2026-02-02 00:00:00,1.3139964637819996,0.0
2026-02-02 00:15:00,1.5784770845775673,0.0
2026-02-02 00:30:00,1.6628170018371022,0.0
2026-02-02 00:45:00,1.6161442985556742,0.0
2026-02-02 01:00:00,1.6451753953582713,0.0
2026-02-02 01:15:00,1.6936587563200232,0.0
2026-02-02 01:30:00,1.51773224848918,0.0
2026-02-02 01:45:00,1.660356534008034,0.0
2026-02-02 02:00:00,1.677429660348378,0.0
2026-02-02 02:15:00,1.6657566797157055,0.0
2026-02-02 02:30:00,1.666613024407077,0.0
2026-02-02 02:45:00,1.6462406403570184,0.0
2026-02-02 03:00:00,1.6470798510040852,0.0
2026-02-02 03:15:00,1.6296411266339155,0.0
2026-02-02 03:30:00,1.6362751337168615,0.0
2026-02-02 03:45:00,1.637559191426395,0.0
2026-02-02 04:00:00,1.6378906578902142,0.0
2026-02-02 04:15:00,1.577041825852889,0.0
2026-02-02 04:30:00,1.4368962416788478,0.0
2026-02-02 04:45:00,1.3052257874810462,0.0
2026-02-02 05:00:00,1.3671525837482217,0.0
2026-02-02 05:15:00,1.2487390752812357,0.0
2026-02-02 05:30:00,1.4269707204445834,0.0
2026-02-02 05:45:00,1.4806990566263574,0.0
2026-02-02 06:00:00,2.1126459532626436,0.0
2026-02-02 06:15:00,1.816299608179439,0.0
2026-02-02 06:30:00,1.8080224260539788,0.0
2026-02-02 06:45:00,1.774219530789638,0.0
2026-02-02 07:00:00,1.766924056158445,0.0
2026-02-02 07:15:00,1.869788201830122,0.0
2026-02-02 07:30:00,1.8396490879839789,0.0
2026-02-02 07:45:00,1.6715465036802515,0.0
2026-02-02 08:00:00,1.442290845028541,0.0
2026-02-02 08:15:00,1.5100978843140251,0.0
2026-02-02 08:30:00,1.3253394569845651,0.0
2026-02-02 08:45:00,1.3630114588030051,0.0
2026-02-02 09:00:00,1.3518003543859185,0.0
2026-02-02 09:15:00,1.1560111090651712,0.0
2026-02-02 09:30:00,1.0278547308140373,0.0
2026-02-02 09:45:00,0.6080718789025885,0.0
2026-02-02 10:00:00,0.17404825220621478,0.0
2026-02-02 10:15:00,-0.17810989789088993,0.0
2026-02-02 10:30:00,-0.19303257606370633,0.0
2026-02-02 10:45:00,-0.12011109269757321,0.0
2026-02-02 11:00:00,-0.12265103661385968,0.0
2026-02-02 11:15:00,-0.007048789210190915,0.0
2026-02-02 11:30:00,-0.0032884801786470593,0.0
2026-02-02 11:45:00,-0.036000893289658865,0.0
2026-02-02 12:00:00,-0.06713577903622443,-1000.0
2026-02-02 12:15:00,-0.06286936168320535,-1000.0
2026-02-02 12:30:00,-0.11986051631141606,-1000.0
2026-02-02 12:45:00,-0.11865388471274001,-1000.0
2026-02-02 13:00:00,-0.1703739535425634,-1000.0
2026-02-02 13:15:00,-0.1850095426344317,-1000.0
2026-02-02 13:30:00,-0.18089040378042207,-1000.0
2026-02-02 13:45:00,-0.18837997839918433,-1000.0
2026-02-02 14:00:00,0.12812370896602832,0.0
2026-02-02 14:15:00,0.12563779448644047,0.0
2026-02-02 14:30:00,0.11917237206454895,0.0
2026-02-02 14:45:00,0.0991355596406357,0.0
2026-02-02 15:00:00,0.12103247129959847,0.0
2026-02-02 15:15:00,0.08957918455700355,0.0
2026-02-02 15:30:00,0.04257299825445364,0.0
2026-02-02 15:45:00,0.04650805057429301,0.0
2026-02-02 16:00:00,0.1611476224908731,0.0
2026-02-02 16:15:00,0.26174644914348083,0.0
2026-02-02 16:30:00,0.7545507941034505,0.0
2026-02-02 16:45:00,0.9840274761726583,0.0
2026-02-02 17:00:00,1.4302132735363993,1000.0
2026-02-02 17:15:00,1.4311839664987165,1000.0
2026-02-02 17:30:00,1.5618614419764438,1000.0
2026-02-02 17:45:00,1.5567781848886693,1000.0
2026-02-02 18:00:00,1.562714265992941,1000.0
2026-02-02 18:15:00,1.533732012511481,1000.0
2026-02-02 18:30:00,1.4768966516464024,1000.0
2026-02-02 18:45:00,1.4645052091877568,1000.0
2026-02-02 19:00:00,1.3653931868786027,0.0
2026-02-02 19:15:00,1.3391699429926194,0.0
2026-02-02 19:30:00,1.2757053582224003,0.0
2026-02-02 19:45:00,1.1822499555551602,0.0
2026-02-02 20:00:00,1.1998218088311494,0.0
2026-02-02 20:15:00,1.2349256467814984,0.0
2026-02-02 20:30:00,1.2023606417783976,0.0
2026-02-02 20:45:00,1.0624374756981854,0.0
2026-02-02 21:00:00,0.9862462924155047,0.0
2026-02-02 21:15:00,0.9253442931153124,0.0
2026-02-02 21:30:00,0.8275769771679903,0.0
2026-02-02 21:45:00,0.742694639168252,0.0
2026-02-02 22:00:00,0.6020387854915432,0.0
2026-02-02 22:15:00,0.4403299975397155,0.0
2026-02-02 22:30:00,0.40497848843955003,0.0
2026-02-02 22:45:00,0.3775643779059014,0.0
2026-02-02 23:00:00,0.323749988096331,0.0
2026-02-02 23:15:00,0.33205334994017377,0.0
2026-02-02 23:30:00,0.33695050193125914,0.0
2026-02-02 23:45:00,0.2826269584935659,0.0
2026-02-03 00:00:00,0.2103910733794666,0.0
2026-02-03 00:15:00,0.2563053173761865,0.0
2026-02-03 00:30:00,0.23647431715835127,0.0
2026-02-03 00:45:00,0.25479755373989715,0.0
2026-02-03 01:00:00,0.20977965579214258,0.0
2026-02-03 01:15:00,0.2614707666249611,0.0
2026-02-03 01:30:00,0.3059310928453864,0.0
2026-02-03 01:45:00,0.3209108996029891,0.0
2026-02-03 02:00:00,0.32347537892369976,0.0
2026-02-03 02:15:00,0.30861828517673,0.0
2026-02-03 02:30:00,0.29746775622933336,0.0
2026-02-03 02:45:00,0.2900329098164904,0.0
2026-02-03 03:00:00,0.28546650705452287,0.0
2026-02-03 03:15:00,0.2871099380857007,0.0
2026-02-03 03:30:00,0.2883860648326538,0.0
2026-02-03 03:45:00,0.29441573306996244,0.0
2026-02-03 04:00:00,0.28577467463422596,0.0
2026-02-03 04:15:00,0.26844480683930805,0.0
2026-02-03 04:30:00,0.12706961285965065,0.0
2026-02-03 04:45:00,0.0948895538958156,0.0
2026-02-03 05:00:00,0.08980725420848466,0.0
2026-02-03 05:15:00,0.0857936463513637,0.0
2026-02-03 05:30:00,0.05305139954831279,0.0
2026-02-03 05:45:00,0.030760127483817866,0.0
2026-02-03 06:00:00,0.2609322662336476,0.0
2026-02-03 06:15:00,0.24441734104658416,0.0
2026-02-03 06:30:00,0.2972178187833674,0.0
2026-02-03 06:45:00,0.30113520104943126,0.0
2026-02-03 07:00:00,0.4051352919798805,0.0
2026-02-03 07:15:00,0.4984237037848167,0.0
2026-02-03 07:30:00,0.5030795640434012,0.0
2026-02-03 07:45:00,0.6387796893984399,0.0
2026-02-03 08:00:00,0.4933737387699889,0.0
2026-02-03 08:15:00,0.35194482717374803,0.0
2026-02-03 08:30:00,0.3397428034373527,0.0
2026-02-03 08:45:00,0.21724717867988594,0.0
2026-02-03 09:00:00,0.14382875543546308,0.0
2026-02-03 09:15:00,0.08323592608751613,0.0
2026-02-03 09:30:00,0.07330486023727023,0.0
2026-02-03 09:45:00,0.039202349002243654,0.0
2026-02-03 10:00:00,-0.14929335726756313,-1000.0
2026-02-03 10:15:00,-0.08711779806021587,-1000.0
2026-02-03 10:30:00,-0.12318290643784846,-1000.0
2026-02-03 10:45:00,-0.11071097164559958,-1000.0
2026-02-03 11:00:00,-0.08211136450612862,-1000.0
2026-02-03 11:15:00,-0.07568826908367769,-1000.0
2026-02-03 11:30:00,-0.0884476460960341,-1000.0
2026-02-03 11:45:00,-0.10215965433609017,-1000.0
2026-02-03 12:00:00,-0.09635492747499644,0.0
2026-02-03 12:15:00,-0.09711403164014504,0.0
2026-02-03 12:30:00,-0.03418442048694494,0.0
2026-02-03 12:45:00,-0.007678713534053302,0.0
2026-02-03 13:00:00,-0.02753294878211596,0.0
2026-02-03 13:15:00,-0.048753153251171674,0.0
2026-02-03 13:30:00,-0.06060447662336573,0.0
2026-02-03 13:45:00,-0.06146541889846987,0.0
2026-02-03 14:00:00,-0.08025532185130263,0.0
2026-02-03 14:15:00,-0.09187437451501443,0.0
2026-02-03 14:30:00,-0.0850298304817275,0.0
2026-02-03 14:45:00,-0.0893902779842421,0.0
2026-02-03 15:00:00,-0.07235462202688843,0.0
2026-02-03 15:15:00,-0.06165052178098869,0.0
2026-02-03 15:30:00,-0.10925859858231714,0.0
2026-02-03 15:45:00,-0.09789317333848833,0.0
2026-02-03 16:00:00,-0.12083506019676711,0.0
2026-02-03 16:15:00,-0.10259141742982734,0.0
2026-02-03 16:30:00,-0.0328816603710821,0.0
2026-02-03 16:45:00,-0.08467364788953279,0.0
2026-02-03 17:00:00,0.07811724389287206,0.0
2026-02-03 17:15:00,0.24335214551904,0.0
2026-02-03 17:30:00,0.4116686412395546,0.0
2026-02-03 17:45:00,0.614372052269482,0.0
2026-02-03 18:00:00,0.6181343525539219,1000.0
2026-02-03 18:15:00,0.7987590889658204,1000.0
2026-02-03 18:30:00,0.7694275392714176,1000.0
2026-02-03 18:45:00,0.7072388620267207,1000.0
2026-02-03 19:00:00,0.7564690845048141,1000.0
2026-02-03 19:15:00,0.6001650479727842,1000.0
2026-02-03 19:30:00,0.6359378222016446,1000.0
2026-02-03 19:45:00,0.6368352190277217,1000.0
2026-02-03 20:00:00,0.506759315229694,0.0
2026-02-03 20:15:00,0.42162015608202713,0.0
2026-02-03 20:30:00,0.43940288362587826,0.0
2026-02-03 20:45:00,0.35409716806779185,0.0
2026-02-03 21:00:00,0.2670757067966502,0.0
2026-02-03 21:15:00,0.23935019136577443,0.0
2026-02-03 21:30:00,0.2575461067549213,0.0
2026-02-03 21:45:00,0.23299033643778239,0.0
2026-02-03 22:00:00,0.3176701039465159,0.0
2026-02-03 22:15:00,0.3670291107817032,0.0
2026-02-03 22:30:00,0.3437226045183325,0.0
2026-02-03 22:45:00,0.328259784468405,0.0
2026-02-03 23:00:00,0.24916650583126282,0.0
2026-02-03 23:15:00,0.27983931841104376,0.0
2026-02-03 23:30:00,0.28833709680958675,0.0
2026-02-03 23:45:00,0.3458426466351311,0.0
2026-02-04 00:00:00,0.2893743148267846,0.0
2026-02-04 00:15:00,0.1807739285621294,0.0
2026-02-04 00:30:00,0.19994505390461842,0.0
2026-02-04 00:45:00,0.19555769017350416,0.0
2026-02-04 01:00:00,0.19641952573356677,0.0
2026-02-04 01:15:00,0.19998628400708482,0.0
2026-02-04 01:30:00,0.20560333584284954,0.0
2026-02-04 01:45:00,0.20912654139332723,0.0
2026-02-04 02:00:00,0.20754931017688233,0.0
2026-02-04 02:15:00,0.19323646249813478,0.0
2026-02-04 02:30:00,0.2065566073401645,0.0
2026-02-04 02:45:00,0.22600747042248398,0.0
2026-02-04 03:00:00,0.19859470267676166,0.0
2026-02-04 03:15:00,0.17091864574911914,0.0
2026-02-04 03:30:00,0.31889879760501627,0.0
2026-02-04 03:45:00,0.2601198619277313,0.0
2026-02-04 04:00:00,0.26529438389500787,0.0
2026-02-04 04:15:00,0.2487219819567089,0.0
2026-02-04 04:30:00,0.20327286157947488,0.0
2026-02-04 04:45:00,0.17541554353246816,0.0
2026-02-04 05:00:00,0.16713149291755428,0.0
2026-02-04 05:15:00,0.17032581135381336,0.0
2026-02-04 05:30:00,0.10262343746747007,0.0
2026-02-04 05:45:00,0.07754306920610737,0.0
2026-02-04 06:00:00,0.2013628199407047,0.0
2026-02-04 06:15:00,0.22537452692548313,0.0
2026-02-04 06:30:00,0.2691145810680312,0.0
2026-02-04 06:45:00,0.26293875706400976,0.0
2026-02-04 07:00:00,0.2707641132019966,0.0
2026-02-04 07:15:00,0.2607318752075677,0.0
2026-02-04 07:30:00,0.32526244244516994,0.0
2026-02-04 07:45:00,0.27502333236789595,0.0
2026-02-04 08:00:00,0.22072948124175473,0.0
2026-02-04 08:15:00,0.09571144812010714,0.0
2026-02-04 08:30:00,0.07624758951854582,0.0
2026-02-04 08:45:00,0.05964383560426118,0.0
2026-02-04 09:00:00,0.015482355710200428,0.0
2026-02-04 09:15:00,-0.0026319919207600127,0.0
2026-02-04 09:30:00,-0.0273675451395615,0.0
2026-02-04 09:45:00,-0.07604582776032685,-1000.0
2026-02-04 10:00:00,-0.16187448113606917,-1000.0
2026-02-04 10:15:00,-0.12322039209685451,-1000.0
2026-02-04 10:30:00,-0.1034347541712732,-1000.0
2026-02-04 10:45:00,-0.09866729518807986,-1000.0
2026-02-04 11:00:00,-0.0913988632378785,-1000.0
2026-02-04 11:15:00,-0.08251535288955592,-1000.0
2026-02-04 11:30:00,-0.0664174649009062,-1000.0
2026-02-04 11:45:00,-0.07439178082722923,0.0
2026-02-04 12:00:00,-0.06205701386569885,0.0
2026-02-04 12:15:00,-0.04705586945112563,0.0
2026-02-04 12:30:00,-0.047165339582522746,0.0
2026-02-04 12:45:00,-0.03860779975495856,0.0
2026-02-04 13:00:00,-0.04399175234705545,0.0
2026-02-04 13:15:00,-0.06252513328737289,0.0
2026-02-04 13:30:00,-0.037466755086826446,0.0
2026-02-04 13:45:00,-0.0573702309468356,0.0
2026-02-04 14:00:00,-0.04274180839013476,0.0
2026-02-04 14:15:00,-0.046886264621456626,0.0
2026-02-04 14:30:00,-0.04098162844514507,0.0
2026-02-04 14:45:00,-0.054079651172278996,0.0
2026-02-04 15:00:00,-0.05546702538770853,0.0
2026-02-04 15:15:00,-0.04415875100390446,0.0
2026-02-04 15:30:00,0.001394756933973619,0.0
2026-02-04 15:45:00,0.014155845376648622,0.0
2026-02-04 16:00:00,-0.024001632379399375,0.0
2026-02-04 16:15:00,-0.021158930821849036,0.0
2026-02-04 16:30:00,-0.02327354834455382,0.0
2026-02-04 16:45:00,-0.04302090214566832,0.0
2026-02-04 17:00:00,-0.007354540401320246,0.0
2026-02-04 17:15:00,0.04998523867557444,0.0
2026-02-04 17:30:00,0.1534870876533436,0.0
2026-02-04 17:45:00,0.28490480910003635,0.0
2026-02-04 18:00:00,0.4678414307908258,0.0
2026-02-04 18:15:00,0.5740819153119758,0.0
2026-02-04 18:30:00,0.6058675691475849,0.0
2026-02-04 18:45:00,0.6312513719177516,0.0
2026-02-04 19:00:00,0.6519927775434251,0.0
2026-02-04 19:15:00,0.8300117879621989,0.0
2026-02-04 19:30:00,0.8638594426370516,0.0
2026-02-04 19:45:00,0.8557019268821113,0.0
2026-02-04 20:00:00,0.8938027385926182,0.0
2026-02-04 20:15:00,0.8851673822261968,0.0
2026-02-04 20:30:00,1.0252008863521598,0.0
2026-02-04 20:45:00,1.0575882053287036,0.0
2026-02-04 21:00:00,0.9292086767765095,0.0
2026-02-04 21:15:00,0.8204073709048556,0.0
2026-02-04 21:30:00,0.7480943823835958,0.0
2026-02-04 21:45:00,0.7790360545465495,0.0
2026-02-04 22:00:00,0.9060039080857331,1000.0
2026-02-04 22:15:00,1.0301867920475698,1000.0
2026-02-04 22:30:00,1.0277136057633984,1000.0
2026-02-04 22:45:00,0.9247779821018705,1000.0
2026-02-04 23:00:00,0.9114501546113886,1000.0
2026-02-04 23:15:00,0.8825413357991779,1000.0
2026-02-04 23:30:00,0.9785314180818955,1000.0
2026-02-04 23:45:00,1.011230003235525,1000.0
2026-02-05 00:00:00,1.0360961126288568,0.0
2026-02-05 00:15:00,1.0947382681706996,0.0
2026-02-05 00:30:00,1.1897507258779751,0.0
2026-02-05 00:45:00,1.1138320448386076,0.0
2026-02-05 01:00:00,1.2753398073888578,0.0
2026-02-05 01:15:00,1.2340866462387454,0.0
2026-02-05 01:30:00,1.1217604115464677,0.0
2026-02-05 01:45:00,1.1201217001761374,0.0
2026-02-05 02:00:00,1.1152802719070871,0.0
2026-02-05 02:15:00,1.101007584954756,0.0
2026-02-05 02:30:00,1.106501739320743,0.0
2026-02-05 02:45:00,1.0817352638503868,0.0
2026-02-05 03:00:00,1.0676825416919382,0.0
2026-02-05 03:15:00,1.0628116051601957,0.0
2026-02-05 03:30:00,1.030670091389998,0.0
2026-02-05 03:45:00,1.0388207228263104,0.0
2026-02-05 04:00:00,1.0303548227484225,0.0
2026-02-05 04:15:00,0.9976262806300962,0.0
2026-02-05 04:30:00,0.9992192958404224,0.0
2026-02-05 04:45:00,0.9629287526550305,0.0
2026-02-05 05:00:00,0.9473204294546481,0.0
2026-02-05 05:15:00,0.9717124372629673,0.0
2026-02-05 05:30:00,0.9885662946916488,0.0
2026-02-05 05:45:00,0.9928902600651122,0.0
2026-02-05 06:00:00,1.3142926866861824,0.0
2026-02-05 06:15:00,1.3601217697803456,0.0
2026-02-05 06:30:00,1.3993149025703577,0.0
2026-02-05 06:45:00,1.3842568709746188,0.0
2026-02-05 07:00:00,1.4117415797129726,0.0
2026-02-05 07:15:00,1.4513083530050375,0.0
2026-02-05 07:30:00,1.385216060677097,0.0
2026-02-05 07:45:00,1.3777752880522787,0.0
2026-02-05 08:00:00,1.3526961246417215,0.0
2026-02-05 08:15:00,1.2952076970315378,0.0
2026-02-05 08:30:00,1.2375723202846836,0.0
2026-02-05 08:45:00,1.2023023637222152,0.0
2026-02-05 09:00:00,1.1927770293520374,0.0
2026-02-05 09:15:00,1.059937394813432,0.0
2026-02-05 09:30:00,0.9485039152793956,0.0
2026-02-05 09:45:00,0.6734900590983138,0.0
2026-02-05 10:00:00,0.5275589794028134,0.0
2026-02-05 10:15:00,0.3002417255605017,0.0
2026-02-05 10:30:00,0.02660895436084462,0.0
2026-02-05 10:45:00,0.0492075183159622,0.0
2026-02-05 11:00:00,-0.027592015951232358,0.0
2026-02-05 11:15:00,0.013575325802737803,0.0
2026-02-05 11:30:00,0.05259984395322212,0.0
2026-02-05 11:45:00,-0.006641339806222783,0.0
2026-02-05 12:00:00,-0.00857908614876307,-1000.0
2026-02-05 12:15:00,-0.02393575316032598,-1000.0
2026-02-05 12:30:00,-0.04086251127998418,-1000.0
2026-02-05 12:45:00,-0.05204356491000559,-1000.0
2026-02-05 13:00:00,-0.06297827724926622,-1000.0
2026-02-05 13:15:00,-0.08978462139281698,-1000.0
2026-02-05 13:30:00,-0.10647110902264649,-1000.0
2026-02-05 13:45:00,-0.10284644486730592,-1000.0
2026-02-05 14:00:00,0.06234698350366899,0.0
2026-02-05 14:15:00,0.04941168988894537,0.0
2026-02-05 14:30:00,0.06072820526865606,0.0
2026-02-05 14:45:00,0.04915815661508757,0.0
2026-02-05 15:00:00,0.05569328224197993,0.0
2026-02-05 15:15:00,0.007851582868149807,0.0
2026-02-05 15:30:00,0.00021978658902563125,0.0
2026-02-05 15:45:00,0.022536631367548243,0.0
2026-02-05 16:00:00,0.0670208195180778,0.0
2026-02-05 16:15:00,0.2664990250607601,0.0
2026-02-05 16:30:00,0.601224879931465,0.0
2026-02-05 16:45:00,1.221055513312052,0.0
2026-02-05 17:00:00,1.3147180136705152,0.0
2026-02-05 17:15:00,1.4989576231107757,0.0
2026-02-05 17:30:00,1.5675148210596115,0.0
2026-02-05 17:45:00,1.6666251311555438,0.0
2026-02-05 18:00:00,2.1833722968555094,0.0
2026-02-05 18:15:00,2.2473192937321627,0.0
2026-02-05 18:30:00,2.1555638539587427,0.0
2026-02-05 18:45:00,2.0296860472351277,0.0
2026-02-05 19:00:00,1.954497173322839,0.0
2026-02-05 19:15:00,1.9537518309088693,0.0
2026-02-05 19:30:00,2.1852502811117516,0.0
2026-02-05 19:45:00,2.440649703701491,0.0
2026-02-05 20:00:00,3.066033371691578,0.0
2026-02-05 20:15:00,3.2984972351471353,1000.0
2026-02-05 20:30:00,3.8306488160121153,1000.0
2026-02-05 20:45:00,3.8891343720592433,1000.0
2026-02-05 21:00:00,3.648913165585009,1000.0
2026-02-05 21:15:00,3.5637113590441825,1000.0
2026-02-05 21:30:00,3.6457251615365744,1000.0
2026-02-05 21:45:00,3.950924746010401,1000.0
2026-02-05 22:00:00,3.1013672411941795,1000.0
2026-02-05 22:15:00,3.098373029268106,0.0
2026-02-05 22:30:00,3.2319548297323286,0.0
2026-02-05 22:45:00,3.2181539173526894,0.0
2026-02-05 23:00:00,3.1897762594840877,0.0
2026-02-05 23:15:00,3.125411532542697,0.0
2026-02-05 23:30:00,3.089274557804034,0.0
2026-02-05 23:45:00,2.9684891681304624,0.0
2026-02-06 00:00:00,1.6681094786711936,0.0
2026-02-06 00:15:00,3.1084245503699854,0.0
2026-02-06 00:30:00,3.1685615054896097,0.0
2026-02-06 00:45:00,3.1711654629127777,0.0
2026-02-06 01:00:00,3.3006747326709216,0.0
2026-02-06 01:15:00,3.2748932094941665,0.0
2026-02-06 01:30:00,3.108529506100597,0.0
2026-02-06 01:45:00,3.118637963620824,0.0
2026-02-06 02:00:00,3.113208808271838,0.0
2026-02-06 02:15:00,3.0878431040556316,0.0
2026-02-06 02:30:00,3.0774661417667493,0.0
2026-02-06 02:45:00,3.020998062277193,0.0
2026-02-06 03:00:00,2.8890322944187545,0.0
2026-02-06 03:15:00,2.81658340841521,0.0
2026-02-06 03:30:00,2.7612338060698316,0.0
2026-02-06 03:45:00,2.537965662790164,0.0
2026-02-06 04:00:00,2.483457184127556,0.0
2026-02-06 04:15:00,2.4170228790483055,0.0
2026-02-06 04:30:00,2.3975081200632546,0.0
2026-02-06 04:45:00,2.434803752868816,0.0
2026-02-06 05:00:00,2.4318124423075713,0.0
2026-02-06 05:15:00,2.3591225119162416,0.0
2026-02-06 05:30:00,2.3454098377455077,0.0
2026-02-06 05:45:00,2.338221422870604,0.0
2026-02-06 06:00:00,2.5438820855132405,0.0
2026-02-06 06:15:00,2.7110062751177817,0.0
2026-02-06 06:30:00,2.713137137395729,0.0
2026-02-06 06:45:00,2.7645088831590705,0.0
2026-02-06 07:00:00,2.7713808715444777,0.0
2026-02-06 07:15:00,2.6973271923269526,0.0
2026-02-06 07:30:00,2.664967873953405,0.0
2026-02-06 07:45:00,2.6050646449919377,0.0
2026-02-06 08:00:00,2.5477480984347083,0.0
2026-02-06 08:15:00,2.424966351947525,0.0
2026-02-06 08:30:00,2.4204192322961715,0.0
2026-02-06 08:45:00,2.3038030177728,0.0
2026-02-06 09:00:00,2.267218017540959,0.0
2026-02-06 09:15:00,2.3233056790689943,0.0
2026-02-06 09:30:00,2.195465924995078,0.0
2026-02-06 09:45:00,2.088764217515394,0.0
2026-02-06 10:00:00,1.4297987810713346,0.0
2026-02-06 10:15:00,1.3977804021453657,0.0
2026-02-06 10:30:00,1.2686734182543018,0.0
2026-02-06 10:45:00,1.3437423716733103,0.0
2026-02-06 11:00:00,1.168241797260652,0.0
2026-02-06 11:15:00,0.9841004056220183,0.0
2026-02-06 11:30:00,0.6947815106517414,0.0
2026-02-06 11:45:00,0.574674691201127,0.0
2026-02-06 12:00:00,0.43192255090347026,0.0
2026-02-06 12:15:00,0.13313188573614698,0.0
2026-02-06 12:30:00,-0.16159711258700307,-1000.0
2026-02-06 12:45:00,-0.13918712360340546,-1000.0
2026-02-06 13:00:00,-0.11504921486190142,-1000.0
2026-02-06 13:15:00,-0.09578510824033709,-1000.0
2026-02-06 13:30:00,-0.11073659875288994,-1000.0
2026-02-06 13:45:00,-0.08962357071659029,-1000.0
2026-02-06 14:00:00,0.15802443112692982,-1000.0
2026-02-06 14:15:00,0.09017880230804215,-1000.0
2026-02-06 14:30:00,0.03248753280365957,0.0
2026-02-06 14:45:00,0.05723850105274023,0.0
2026-02-06 15:00:00,0.05758251612549862,0.0
2026-02-06 15:15:00,0.03554193097657159,0.0
2026-02-06 15:30:00,0.05890657249421431,0.0
2026-02-06 15:45:00,0.09914690635706526,0.0
2026-02-06 16:00:00,0.12978345869916963,0.0
2026-02-06 16:15:00,0.21487546745977956,0.0
2026-02-06 16:30:00,0.37597850414388573,0.0
2026-02-06 16:45:00,0.6417674912852517,0.0
2026-02-06 17:00:00,1.1347724357239382,0.0
2026-02-06 17:15:00,1.2854552260407797,0.0
2026-02-06 17:30:00,1.4449655430390123,1000.0
2026-02-06 17:45:00,1.451363513272641,1000.0
2026-02-06 18:00:00,1.6033461016901562,1000.0
2026-02-06 18:15:00,1.5524766375566954,1000.0
2026-02-06 18:30:00,1.5796320201196852,1000.0
2026-02-06 18:45:00,1.5214137802099015,1000.0
2026-02-06 19:00:00,1.422888815017119,1000.0
2026-02-06 19:15:00,1.350644533140461,1000.0
2026-02-06 19:30:00,1.3147429719836001,0.0
2026-02-06 19:45:00,1.2617144337936548,0.0
2026-02-06 20:00:00,1.2114364617397368,0.0
2026-02-06 20:15:00,1.108901723100025,0.0
2026-02-06 20:30:00,1.0943690174217664,0.0
2026-02-06 20:45:00,1.069253363031772,0.0
2026-02-06 21:00:00,1.0054237441660443,0.0
2026-02-06 21:15:00,0.9549187181802271,0.0
2026-02-06 21:30:00,0.9801679677175513,0.0
2026-02-06 21:45:00,0.8963471004219483,0.0
2026-02-06 22:00:00,0.5600107602613841,0.0
2026-02-06 22:15:00,0.5733126341973835,0.0
2026-02-06 22:30:00,0.545813861779712,0.0
2026-02-06 22:45:00,0.5286417923685162,0.0
2026-02-06 23:00:00,0.520124113777274,0.0
2026-02-06 23:15:00,0.5358994676829129,0.0
2026-02-06 23:30:00,0.4041485829874842,0.0
2026-02-06 23:45:00,0.459940669518247,0.0
2026-02-07 00:00:00,0.35027189126537434,0.0
2026-02-07 00:15:00,0.30619371166644904,0.0
2026-02-07 00:30:00,0.3244728840426645,0.0
2026-02-07 00:45:00,0.2462473873722516,0.0
2026-02-07 01:00:00,0.29518013223746914,0.0
2026-02-07 01:15:00,0.28021613975645426,0.0
2026-02-07 01:30:00,0.37537586294464786,0.0
2026-02-07 01:45:00,0.37415420154933093,0.0
2026-02-07 02:00:00,0.3657502507742239,0.0
2026-02-07 02:15:00,0.2747290980617403,0.0
2026-02-07 02:30:00,0.2969512191865767,0.0
2026-02-07 02:45:00,0.2922902578292346,0.0
2026-02-07 03:00:00,0.20524686510807,0.0
2026-02-07 03:15:00,0.20451822145122375,0.0
2026-02-07 03:30:00,0.23729567588106099,0.0
2026-02-07 03:45:00,0.19894172088263737,0.0
2026-02-07 04:00:00,0.19189900081890301,0.0
2026-02-07 04:15:00,0.19365416245466985,0.0
2026-02-07 04:30:00,0.15538234873808196,0.0
2026-02-07 04:45:00,0.14815943769606874,0.0
2026-02-07 05:00:00,0.151935491580498,0.0
2026-02-07 05:15:00,0.14502788906377584,0.0
2026-02-07 05:30:00,0.14222625056770857,0.0
2026-02-07 05:45:00,0.1456064921386875,0.0
2026-02-07 06:00:00,0.13460489111880058,0.0
2026-02-07 06:15:00,0.09958670450461374,0.0
2026-02-07 06:30:00,0.15938477275497723,0.0
2026-02-07 06:45:00,0.1122055884186694,0.0
2026-02-07 07:00:00,0.11213800295659983,0.0
2026-02-07 07:15:00,0.1136203766936471,0.0
2026-02-07 07:30:00,0.21739271335831728,0.0
2026-02-07 07:45:00,0.11297797804267706,0.0
2026-02-07 08:00:00,0.14437274798833294,0.0
2026-02-07 08:15:00,0.06902754771275728,0.0
2026-02-07 08:30:00,0.11678367109404253,0.0
2026-02-07 08:45:00,0.04119871867063184,0.0
2026-02-07 09:00:00,0.008851658809681315,0.0
2026-02-07 09:15:00,-0.057119572087185023,0.0
2026-02-07 09:30:00,-0.09731983198509865,0.0
2026-02-07 09:45:00,-0.0919610858228402,0.0
2026-02-07 10:00:00,-0.07092828939919206,0.0
2026-02-07 10:15:00,-0.05157542815217237,0.0
2026-02-07 10:30:00,-0.05913003875117826,0.0
2026-02-07 10:45:00,-0.05839751789269877,0.0
2026-02-07 11:00:00,-0.06612708871859371,0.0
2026-02-07 11:15:00,-0.011931238151997689,0.0
2026-02-07 11:30:00,-0.004279812984152945,0.0
2026-02-07 11:45:00,-0.037396781433806536,0.0
2026-02-07 12:00:00,-0.037128803401552016,0.0
2026-02-07 12:15:00,-0.04885659322811707,0.0
2026-02-07 12:30:00,-0.041429733248281184,0.0
2026-02-07 12:45:00,-0.03858931754864275,0.0
2026-02-07 13:00:00,-0.02356765691245612,0.0
2026-02-07 13:15:00,-0.051479059318381606,0.0
2026-02-07 13:30:00,-0.042551206341280685,0.0
2026-02-07 13:45:00,-0.040147548634462814,0.0
2026-02-07 14:00:00,-0.13094593747006564,0.0
2026-02-07 14:15:00,-0.13429904524139766,0.0
2026-02-07 14:30:00,-0.1330920703531782,0.0
2026-02-07 14:45:00,-0.14403172713233917,0.0
2026-02-07 15:00:00,-0.12590535406761233,0.0
2026-02-07 15:15:00,-0.15856848123881115,-1000.0
2026-02-07 15:30:00,-0.08488884126403139,-1000.0
2026-02-07 15:45:00,-0.12643258930054163,-1000.0
2026-02-07 16:00:00,-0.11667991026902706,-1000.0
2026-02-07 16:15:00,-0.147752314701496,-1000.0
2026-02-07 16:30:00,-0.21510344213023083,-1000.0
2026-02-07 16:45:00,-0.2638578505856227,-1000.0
2026-02-07 17:00:00,-0.25452221744161124,-1000.0
2026-02-07 17:15:00,-0.036217140559222406,0.0
2026-02-07 17:30:00,0.49399250877078316,0.0
2026-02-07 17:45:00,0.8792235715345414,0.0
2026-02-07 18:00:00,0.8185545222498659,0.0
2026-02-07 18:15:00,1.0777130817155474,0.0
2026-02-07 18:30:00,1.0905247511809164,0.0
2026-02-07 18:45:00,1.205359277533976,0.0
2026-02-07 19:00:00,1.151460910979752,0.0
2026-02-07 19:15:00,1.0990848599929866,0.0
2026-02-07 19:30:00,1.0894455469052609,0.0
2026-02-07 19:45:00,1.1252299149267493,0.0
2026-02-07 20:00:00,1.0896921809734181,0.0
2026-02-07 20:15:00,1.0650366409351748,0.0
2026-02-07 20:30:00,1.0869258242953324,0.0
2026-02-07 20:45:00,0.9420943562969103,0.0
2026-02-07 21:00:00,0.8542072652170408,0.0
2026-02-07 21:15:00,0.8172099203645782,0.0
2026-02-07 21:30:00,0.8391048995634517,0.0
2026-02-07 21:45:00,0.8553633165014906,0.0
2026-02-07 22:00:00,1.2005020333027456,1000.0
2026-02-07 22:15:00,1.1999482124055854,1000.0
2026-02-07 22:30:00,1.1728059449709363,1000.0
2026-02-07 22:45:00,1.1534002203256049,1000.0
2026-02-07 23:00:00,1.0185466144860804,1000.0
2026-02-07 23:15:00,1.092543539342412,1000.0
2026-02-07 23:30:00,1.0871360486062578,1000.0
2026-02-07 23:45:00,1.1276249237597398,1000.0
2026-02-08 00:00:00,0.8783632789557155,0.0
2026-02-08 00:15:00,0.9649525360767924,0.0
2026-02-08 00:30:00,0.9963916787233288,0.0
2026-02-08 00:45:00,0.9670646662848452,0.0
2026-02-08 01:00:00,0.8416224296514768,0.0
2026-02-08 01:15:00,0.8471683072604783,0.0
2026-02-08 01:30:00,0.8419255040744571,0.0
2026-02-08 01:45:00,0.8072488059922769,0.0
2026-02-08 02:00:00,0.830492304400426,0.0
2026-02-08 02:15:00,0.8007383241394141,0.0
2026-02-08 02:30:00,0.7999057452459941,0.0
2026-02-08 02:45:00,0.8414229172708115,0.0
2026-02-08 03:00:00,0.8421420319044958,0.0
2026-02-08 03:15:00,0.7796426695799624,0.0
2026-02-08 03:30:00,0.7560266598605443,0.0
2026-02-08 03:45:00,0.7189592519128502,0.0
2026-02-08 04:00:00,0.7289135248280769,0.0
2026-02-08 04:15:00,0.7041302977903849,0.0
2026-02-08 04:30:00,0.6884103985771712,0.0
2026-02-08 04:45:00,0.6749629885286145,0.0
2026-02-08 05:00:00,0.6365573634395268,0.0
2026-02-08 05:15:00,0.5988607040146926,0.0
2026-02-08 05:30:00,0.6425218790455385,0.0
2026-02-08 05:45:00,0.6541108334775492,0.0
2026-02-08 06:00:00,0.823328136155402,0.0
2026-02-08 06:15:00,0.7730001595842029,0.0
2026-02-08 06:30:00,0.8070085394953553,0.0
2026-02-08 06:45:00,0.764311250862803,0.0
2026-02-08 07:00:00,0.8294940328187633,0.0
2026-02-08 07:15:00,0.7958975226821655,0.0
2026-02-08 07:30:00,0.8468998179770199,0.0
2026-02-08 07:45:00,0.8045722360163705,0.0
2026-02-08 08:00:00,0.8110858323728498,0.0
2026-02-08 08:15:00,0.6540477394518176,0.0
2026-02-08 08:30:00,0.5577268862570631,0.0
2026-02-08 08:45:00,0.21634291171332726,0.0
2026-02-08 09:00:00,0.11250849124466021,0.0
2026-02-08 09:15:00,-0.002213020775484846,0.0
2026-02-08 09:30:00,-0.0811294367629041,0.0
2026-02-08 09:45:00,-0.09583425369622188,0.0
2026-02-08 10:00:00,-0.056641284817523015,0.0
2026-02-08 10:15:00,0.031259308470970984,0.0
2026-02-08 10:30:00,0.03746275228597502,0.0
2026-02-08 10:45:00,0.03013016461242839,0.0
2026-02-08 11:00:00,0.03371495704634478,0.0
2026-02-08 11:15:00,0.04389932332953453,0.0
2026-02-08 11:30:00,0.05239080644511786,0.0
2026-02-08 11:45:00,0.01923230502625898,0.0
2026-02-08 12:00:00,-0.008773954039782289,0.0
2026-02-08 12:15:00,-0.019157338960758108,0.0
2026-02-08 12:30:00,-0.004143129726737183,0.0
2026-02-08 12:45:00,0.025366621258160735,0.0
2026-02-08 13:00:00,0.033810859989279525,0.0
2026-02-08 13:15:00,0.016678708630206544,0.0
2026-02-08 13:30:00,0.04423051630694358,0.0
2026-02-08 13:45:00,0.02622283653741692,0.0
2026-02-08 14:00:00,-0.13906371172284965,0.0
2026-02-08 14:15:00,-0.14903981966712415,0.0
2026-02-08 14:30:00,-0.14739436257102692,0.0
2026-02-08 14:45:00,-0.15385613413936639,0.0
2026-02-08 15:00:00,-0.15713329264618486,-1000.0
2026-02-08 15:15:00,-0.13335640556377887,-1000.0
2026-02-08 15:30:00,-0.12544479313013454,-1000.0
2026-02-08 15:45:00,-0.13027986034985897,-1000.0
2026-02-08 16:00:00,-0.11898321548988819,-1000.0
2026-02-08 16:15:00,-0.11281636276389752,-1000.0
2026-02-08 16:30:00,-0.18808988568752305,-1000.0
2026-02-08 16:45:00,-0.22158457612573873,-1000.0
2026-02-08 17:00:00,-0.0945856386338091,0.0
2026-02-08 17:15:00,0.1476292935810834,0.0
2026-02-08 17:30:00,0.4480264900409086,0.0
2026-02-08 17:45:00,0.6568006106325351,0.0
2026-02-08 18:00:00,0.831796119269435,1000.0
2026-02-08 18:15:00,1.1115911978816768,1000.0
2026-02-08 18:30:00,1.0851179565539455,1000.0
2026-02-08 18:45:00,1.0269041675066928,1000.0
2026-02-08 19:00:00,0.997371731499394,1000.0
2026-02-08 19:15:00,0.8942659285913493,1000.0
2026-02-08 19:30:00,0.8707400465444514,1000.0
2026-02-08 19:45:00,0.6935450790325042,1000.0
2026-02-08 20:00:00,0.6660092606042233,0.0
2026-02-08 20:15:00,0.5233249663929993,0.0
2026-02-08 20:30:00,0.40923661177430176,0.0
2026-02-08 20:45:00,0.31905851501546323,0.0
2026-02-08 21:00:00,0.2664039299592106,0.0
2026-02-08 21:15:00,0.107636003804478,0.0
2026-02-08 21:30:00,0.10574349542518172,0.0
2026-02-08 21:45:00,0.08377778593801546,0.0
2026-02-08 22:00:00,0.6193441844102405,0.0
2026-02-08 22:15:00,0.5774563743634673,0.0
2026-02-08 22:30:00,0.5838498635946842,0.0
2026-02-08 22:45:00,0.4781108357180414,0.0
2026-02-08 23:00:00,0.37298366470500427,0.0
2026-02-08 23:15:00,0.11796027857553974,0.0
2026-02-08 23:30:00,0.1230169154849444,0.0
2026-02-08 23:45:00,0.1419660974426749,0.0
2026-02-09 00:00:00,0.2639138784525285,0.0
2026-02-09 00:15:00,0.29100198198066846,0.0
2026-02-09 00:30:00,0.2878436659880391,0.0
2026-02-09 00:45:00,0.10933721537150133,0.0
2026-02-09 01:00:00,0.08867439434565334,0.0
2026-02-09 01:15:00,0.09240367963226581,0.0
2026-02-09 01:30:00,0.11965557060869635,0.0
2026-02-09 01:45:00,0.22199252935693276,0.0
2026-02-09 02:00:00,0.1931188049259245,0.0
2026-02-09 02:15:00,0.20055251819482756,0.0
2026-02-09 02:30:00,0.0841346569514178,0.0
2026-02-09 02:45:00,0.08248186209175949,0.0
2026-02-09 03:00:00,0.10046896446999148,0.0
2026-02-09 03:15:00,0.10161596052825633,0.0
2026-02-09 03:30:00,0.09714186078518977,0.0
2026-02-09 03:45:00,0.11688730973110033,0.0
2026-02-09 04:00:00,0.10901869281733084,0.0
2026-02-09 04:15:00,0.10331078791335897,0.0
2026-02-09 04:30:00,0.11178095917795089,0.0
2026-02-09 04:45:00,0.08841319224124976,0.0
2026-02-09 05:00:00,0.08378938040007777,0.0
2026-02-09 05:15:00,0.08191808061251983,0.0
2026-02-09 05:30:00,0.07278946690292783,0.0
2026-02-09 05:45:00,0.10667077379636664,0.0
2026-02-09 06:00:00,0.2166134021362944,0.0
2026-02-09 06:15:00,0.22427572184356068,0.0
2026-02-09 06:30:00,0.2943534399769375,0.0
2026-02-09 06:45:00,0.41050242170688184,0.0
2026-02-09 07:00:00,0.482572201023183,0.0
2026-02-09 07:15:00,0.5136624549980181,0.0
2026-02-09 07:30:00,0.5711092944058009,0.0
2026-02-09 07:45:00,0.5439958493215792,0.0
2026-02-09 08:00:00,0.5018804366798636,0.0
2026-02-09 08:15:00,0.3714492627270402,0.0
2026-02-09 08:30:00,0.3352384053459458,0.0
2026-02-09 08:45:00,0.215810309405425,0.0
2026-02-09 09:00:00,0.17416746245559114,0.0
2026-02-09 09:15:00,0.04232749449247211,0.0
2026-02-09 09:30:00,-0.01547241516896009,0.0
2026-02-09 09:45:00,-0.009109694538552588,0.0
2026-02-09 10:00:00,-0.10248431250386121,0.0
2026-02-09 10:15:00,-0.07232809001479093,0.0
2026-02-09 10:30:00,-0.060732785467816734,0.0
2026-02-09 10:45:00,-0.08799168924632911,0.0
2026-02-09 11:00:00,-0.08168731005082819,0.0
2026-02-09 11:15:00,-0.09190920658832805,0.0
2026-02-09 11:30:00,-0.08011829546122304,0.0
2026-02-09 11:45:00,-0.0832994377399247,0.0
2026-02-09 12:00:00,-0.06533914043694847,0.0
2026-02-09 12:15:00,-0.0539179214088836,0.0
2026-02-09 12:30:00,-0.08739939398294168,0.0
2026-02-09 12:45:00,-0.0846345726211981,0.0
2026-02-09 13:00:00,-0.08581050489944507,0.0
2026-02-09 13:15:00,-0.0831952995093118,0.0
2026-02-09 13:30:00,-0.0939015349328187,0.0
2026-02-09 13:45:00,-0.10487366688219567,0.0
2026-02-09 14:00:00,-0.19571726966428063,-1000.0
2026-02-09 14:15:00,-0.18877752393574343,-1000.0
2026-02-09 14:30:00,-0.18665131428552115,-1000.0
2026-02-09 14:45:00,-0.18614421133860917,-1000.0
2026-02-09 15:00:00,-0.15726218805312178,-1000.0
2026-02-09 15:15:00,-0.13861715290617477,-1000.0
2026-02-09 15:30:00,-0.13778503352790478,-1000.0
2026-02-09 15:45:00,-0.10839601898183653,-1000.0
2026-02-09 16:00:00,-0.11862101429410053,0.0
2026-02-09 16:15:00,-0.19926220259381558,0.0
2026-02-09 16:30:00,-0.13304161637683704,0.0
2026-02-09 16:45:00,-0.07958428400743663,0.0
2026-02-09 17:00:00,0.09854185037719147,0.0
2026-02-09 17:15:00,0.25086978811144267,0.0
2026-02-09 17:30:00,0.45257519264162244,0.0
2026-02-09 17:45:00,0.6490929744003643,0.0
2026-02-09 18:00:00,0.6377506748565269,0.0
2026-02-09 18:15:00,0.8973399751250594,1000.0
2026-02-09 18:30:00,1.026615920674454,1000.0
2026-02-09 18:45:00,0.9045305003377933,1000.0
2026-02-09 19:00:00,0.8900054185849054,1000.0
2026-02-09 19:15:00,0.8233030324594507,1000.0
2026-02-09 19:30:00,0.8038380128562932,1000.0
2026-02-09 19:45:00,0.7517275604375302,1000.0
2026-02-09 20:00:00,0.7113564718900075,1000.0
2026-02-09 20:15:00,0.6808069253846637,0.0
2026-02-09 20:30:00,0.6934901937339238,0.0
2026-02-09 20:45:00,0.6260847246175343,0.0
2026-02-09 21:00:00,0.5215612195440159,0.0
2026-02-09 21:15:00,0.37876217252811745,0.0
2026-02-09 21:30:00,0.4179393299570242,0.0
2026-02-09 21:45:00,0.4004517177969061,0.0
2026-02-09 22:00:00,0.4944755476224254,0.0
2026-02-09 22:15:00,0.517236176655862,0.0
2026-02-09 22:30:00,0.5294746973410392,0.0
2026-02-09 22:45:00,0.5724841899082785,0.0
2026-02-09 23:00:00,0.5234453329249716,0.0
2026-02-09 23:15:00,0.53799988344308,0.0
2026-02-09 23:30:00,0.4997296504614725,0.0
2026-02-09 23:45:00,0.41966318741180547,0.0
2026-02-10 00:00:00,0.3692551348979759,0.0
2026-02-10 00:15:00,0.3118204804399382,0.0
2026-02-10 00:30:00,0.3099513089825009,0.0
2026-02-10 00:45:00,0.3058157145834732,0.0
2026-02-10 01:00:00,0.33855483193626246,0.0
2026-02-10 01:15:00,0.3571658035351883,0.0
2026-02-10 01:30:00,0.36926825143360376,0.0
2026-02-10 01:45:00,0.35760274886145466,0.0
2026-02-10 02:00:00,0.3762433756613143,0.0
2026-02-10 02:15:00,0.3679482456161906,0.0
2026-02-10 02:30:00,0.3855026700063009,0.0
2026-02-10 02:45:00,0.39052634188109464,0.0
2026-02-10 03:00:00,0.39751495378321317,0.0
2026-02-10 03:15:00,0.5474561300330348,0.0
2026-02-10 03:30:00,0.5481084063343754,0.0
2026-02-10 03:45:00,0.5419661678938614,0.0
2026-02-10 04:00:00,0.5489361154444927,0.0
2026-02-10 04:15:00,0.5571771649791557,0.0
2026-02-10 04:30:00,0.5566043876909957,0.0
2026-02-10 04:45:00,0.5249384676603444,0.0
2026-02-10 05:00:00,0.5316693984522358,0.0
2026-02-10 05:15:00,0.5930631914344006,0.0
2026-02-10 05:30:00,0.5908997145323664,0.0
2026-02-10 05:45:00,0.7133368992022023,0.0
2026-02-10 06:00:00,0.69603848647336,0.0
2026-02-10 06:15:00,0.9477521238266712,0.0
2026-02-10 06:30:00,1.051845746642138,0.0
2026-02-10 06:45:00,1.0835903781303549,0.0
2026-02-10 07:00:00,1.0713631457487798,0.0
2026-02-10 07:15:00,1.1374912303135738,0.0
2026-02-10 07:30:00,1.205863492777042,0.0
2026-02-10 07:45:00,1.0885191466224544,0.0
2026-02-10 08:00:00,1.031083817311063,0.0
2026-02-10 08:15:00,1.0505343917636765,0.0
2026-02-10 08:30:00,0.9619857987229595,0.0
2026-02-10 08:45:00,0.5866236480085874,0.0
2026-02-10 09:00:00,0.663221920919683,0.0
2026-02-10 09:15:00,0.39585500054568723,0.0
2026-02-10 09:30:00,0.2536163537071546,0.0
2026-02-10 09:45:00,0.03995338501041178,0.0
2026-02-10 10:00:00,-0.23280326759687447,-1000.0
2026-02-10 10:15:00,-0.2741572767018764,-1000.0
2026-02-10 10:30:00,-0.23869409093634955,-1000.0
2026-02-10 10:45:00,-0.1777633237270368,-1000.0
2026-02-10 11:00:00,-0.1537792909153896,-1000.0
2026-02-10 11:15:00,-0.12009472289300296,-1000.0
2026-02-10 11:30:00,-0.05127808521788137,-1000.0
2026-02-10 11:45:00,-0.12017148311118937,-1000.0
2026-02-10 12:00:00,-0.10028684714685522,0.0
2026-02-10 12:15:00,-0.10157080180853087,0.0
2026-02-10 12:30:00,-0.13937897185548095,0.0
2026-02-10 12:45:00,-0.11776188638908436,0.0
2026-02-10 13:00:00,-0.10805957784763746,0.0
2026-02-10 13:15:00,-0.12197782278323484,0.0
2026-02-10 13:30:00,-0.1567156696967192,0.0
2026-02-10 13:45:00,-0.15107688510522221,0.0
2026-02-10 14:00:00,0.04600502212642104,0.0
2026-02-10 14:15:00,0.044754339005764386,0.0
2026-02-10 14:30:00,0.05364276394203061,0.0
2026-02-10 14:45:00,0.023334655454120605,0.0
2026-02-10 15:00:00,0.01915273875723495,0.0
2026-02-10 15:15:00,0.07607719658542424,0.0
2026-02-10 15:30:00,0.09761744729348085,0.0
2026-02-10 15:45:00,0.20635828365710482,0.0
2026-02-10 16:00:00,0.3013223570734309,0.0
2026-02-10 16:15:00,0.36926064177494866,0.0
2026-02-10 16:30:00,0.6501225614242868,0.0
2026-02-10 16:45:00,0.9039947105791897,0.0
2026-02-10 17:00:00,1.0778209403723669,0.0
2026-02-10 17:15:00,1.3963083383632175,0.0
2026-02-10 17:30:00,1.7709812404115512,0.0
2026-02-10 17:45:00,1.9768947703558026,0.0
2026-02-10 18:00:00,3.502946219192143,1000.0
2026-02-10 18:15:00,4.521043357466301,1000.0
2026-02-10 18:30:00,4.353493020458881,1000.0
2026-02-10 18:45:00,4.327619971777101,1000.0
2026-02-10 19:00:00,4.320516954710299,1000.0
2026-02-10 19:15:00,4.479126648456535,1000.0
2026-02-10 19:30:00,4.499316017802642,1000.0
2026-02-10 19:45:00,4.456632477208473,1000.0
2026-02-10 20:00:00,3.482008661068563,0.0
2026-02-10 20:15:00,2.4704277152552008,0.0
2026-02-10 20:30:00,2.3209303071861775,0.0
2026-02-10 20:45:00,1.6205478285244628,0.0
2026-02-10 21:00:00,1.4346663147256948,0.0
2026-02-10 21:15:00,1.1796417093579998,0.0
2026-02-10 21:30:00,1.0646686123554183,0.0
2026-02-10 21:45:00,1.084001925495819,0.0
2026-02-10 22:00:00,1.246679782268419,0.0
2026-02-10 22:15:00,1.2304176108689844,0.0
2026-02-10 22:30:00,1.1497949666444176,0.0
2026-02-10 22:45:00,1.1315544145654381,0.0
2026-02-10 23:00:00,0.781265442471856,0.0
2026-02-10 23:15:00,0.7878865421323369,0.0
2026-02-10 23:30:00,0.633339133318131,0.0
2026-02-10 23:45:00,0.4871082074472047,0.0
2026-02-11 00:00:00,0.6234364589637685,0.0
2026-02-11 00:15:00,0.6705643168892885,0.0
2026-02-11 00:30:00,0.6612992006021817,0.0
2026-02-11 00:45:00,0.5862158648730916,0.0
2026-02-11 01:00:00,0.5226203369655991,0.0
2026-02-11 01:15:00,0.4661613201865195,0.0
2026-02-11 01:30:00,0.33977829987104236,0.0
2026-02-11 01:45:00,0.3355872654470846,0.0
2026-02-11 02:00:00,0.3349562489964025,0.0
2026-02-11 02:15:00,0.32091923522996585,0.0
2026-02-11 02:30:00,0.32902208768619284,0.0
2026-02-11 02:45:00,0.30286812227840104,0.0
2026-02-11 03:00:00,0.23156087522180205,0.0
2026-02-11 03:15:00,0.23892301125488602,0.0
2026-02-11 03:30:00,0.230462264183715,0.0
2026-02-11 03:45:00,0.20265829977137922,0.0
2026-02-11 04:00:00,0.1888182410940405,0.0
2026-02-11 04:15:00,0.13807491134261946,0.0
2026-02-11 04:30:00,0.07170040208232929,0.0
2026-02-11 04:45:00,0.03999124285166609,0.0
2026-02-11 05:00:00,0.0319704909756121,0.0
2026-02-11 05:15:00,0.02389424561021705,0.0
2026-02-11 05:30:00,0.02012977239138167,0.0
2026-02-11 05:45:00,0.012837283218211933,0.0
2026-02-11 06:00:00,-0.06387208965167097,0.0
2026-02-11 06:15:00,-0.0441451993452946,0.0
2026-02-11 06:30:00,-0.04480463030411901,0.0
2026-02-11 06:45:00,-0.010712267796981163,0.0
2026-02-11 07:00:00,-0.008328684186230294,0.0
2026-02-11 07:15:00,0.027816836480711895,0.0
2026-02-11 07:30:00,0.04422403356191347,0.0
2026-02-11 07:45:00,0.004020861491912501,0.0
2026-02-11 08:00:00,-0.07643600813622516,0.0
2026-02-11 08:15:00,-0.05426315076359004,0.0
2026-02-11 08:30:00,-0.07427998227597463,0.0
2026-02-11 08:45:00,-0.07251238635061642,0.0
2026-02-11 09:00:00,-0.05395360238799737,0.0
2026-02-11 09:15:00,-0.06975396722387749,0.0
2026-02-11 09:30:00,-0.07010359079616164,0.0
2026-02-11 09:45:00,-0.06107894714127256,0.0
2026-02-11 10:00:00,-0.08148806520943988,0.0
2026-02-11 10:15:00,-0.051426544346754303,0.0
2026-02-11 10:30:00,-0.0739644471421479,0.0
2026-02-11 10:45:00,-0.06291920325072158,0.0
2026-02-11 11:00:00,-0.05860000684338099,0.0
2026-02-11 11:15:00,-0.037072617973378526,0.0
2026-02-11 11:30:00,-0.031637392499537696,0.0
2026-02-11 11:45:00,-0.023442534290669774,0.0
2026-02-11 12:00:00,-0.038119727359448415,0.0
2026-02-11 12:15:00,-0.05368034210605971,0.0
2026-02-11 12:30:00,-0.06156338849909964,0.0
2026-02-11 12:45:00,-0.04762365420602519,0.0
2026-02-11 13:00:00,-0.08270690700761656,0.0
2026-02-11 13:15:00,-0.057971930648696796,0.0
2026-02-11 13:30:00,-0.06853380503692452,0.0
2026-02-11 13:45:00,-0.09759304478954492,0.0
2026-02-11 14:00:00,-0.08451765538238398,0.0
2026-02-11 14:15:00,-0.10541416304135154,0.0
2026-02-11 14:30:00,-0.10431971061906928,-1000.0
2026-02-11 14:45:00,-0.14036993196503442,-1000.0
2026-02-11 15:00:00,-0.12716586574577482,-1000.0
2026-02-11 15:15:00,-0.12619387733200724,-1000.0
2026-02-11 15:30:00,-0.13716608277963113,-1000.0
2026-02-11 15:45:00,-0.1304008552396462,-1000.0
2026-02-11 16:00:00,-0.1665878437385085,-1000.0
2026-02-11 16:15:00,-0.14719467206976444,-1000.0
2026-02-11 16:30:00,-0.03936434394631183,0.0
2026-02-11 16:45:00,-0.1434131996406637,0.0
2026-02-11 17:00:00,-0.10933798363185476,0.0
2026-02-11 17:15:00,-0.021817351152323253,0.0
2026-02-11 17:30:00,0.36952729238124,0.0
2026-02-11 17:45:00,0.6971352151730833,0.0
2026-02-11 18:00:00,0.82088317396504,1000.0
2026-02-11 18:15:00,1.0405453799888036,1000.0
2026-02-11 18:30:00,1.1085080832525047,1000.0
2026-02-11 18:45:00,1.1250925061080619,1000.0
2026-02-11 19:00:00,1.0043005660470217,1000.0
2026-02-11 19:15:00,0.9219100023073687,1000.0
2026-02-11 19:30:00,0.8595262038902068,1000.0
2026-02-11 19:45:00,0.873598632835887,1000.0
2026-02-11 20:00:00,0.7838827884668386,0.0
2026-02-11 20:15:00,0.6373128455753236,0.0
2026-02-11 20:30:00,0.693374204084516,0.0
2026-02-11 20:45:00,0.7420939012363689,0.0
2026-02-11 21:00:00,0.6447334330817718,0.0
2026-02-11 21:15:00,0.6629443767445806,0.0
2026-02-11 21:30:00,0.6673976240899896,0.0
2026-02-11 21:45:00,0.6785831131102829,0.0
2026-02-11 22:00:00,0.5544000598066351,0.0
2026-02-11 22:15:00,0.41877978533682636,0.0
2026-02-11 22:30:00,0.4039408182844941,0.0
2026-02-11 22:45:00,0.3743471605830486,0.0
2026-02-11 23:00:00,0.36524964008980754,0.0
2026-02-11 23:15:00,0.2131205307945134,0.0
2026-02-11 23:30:00,0.40555213408018753,0.0
2026-02-11 23:45:00,0.5317821146820435,0.0
2026-02-12 00:00:00,0.1855705213311054,0.0
2026-02-12 00:15:00,0.7923634684917494,0.0
2026-02-12 00:30:00,0.6416839637482048,0.0
2026-02-12 00:45:00,0.5835002634932169,0.0
2026-02-12 01:00:00,0.5438921770106585,0.0
2026-02-12 01:15:00,0.5449206496934763,0.0
2026-02-12 01:30:00,0.5606355497010961,0.0
2026-02-12 01:45:00,0.5083097348210697,0.0
2026-02-12 02:00:00,0.4884495452938619,0.0
2026-02-12 02:15:00,0.48038632465525594,0.0
2026-02-12 02:30:00,0.48146493545574526,0.0
2026-02-12 02:45:00,0.49050905190136324,0.0
2026-02-12 03:00:00,0.5050580833347953,0.0
2026-02-12 03:15:00,0.5503975254999716,0.0
2026-02-12 03:30:00,0.5617992275481358,0.0
2026-02-12 03:45:00,0.5548450721717214,0.0
2026-02-12 04:00:00,0.5411882870799055,0.0
2026-02-12 04:15:00,0.5406246277897981,0.0
2026-02-12 04:30:00,0.5351593462178349,0.0
2026-02-12 04:45:00,0.48883014425528304,0.0
2026-02-12 05:00:00,0.49449568084140294,0.0
2026-02-12 05:15:00,0.5201338457842435,0.0
2026-02-12 05:30:00,0.4885391853185436,0.0
2026-02-12 05:45:00,0.4845419000455298,0.0
2026-02-12 06:00:00,0.5831264143520787,0.0
2026-02-12 06:15:00,0.6732691689176002,0.0
2026-02-12 06:30:00,0.658186216990756,0.0
2026-02-12 06:45:00,0.6759675104386894,0.0
2026-02-12 07:00:00,0.7476242498842041,0.0
2026-02-12 07:15:00,0.7837524488310732,0.0
2026-02-12 07:30:00,0.8759426162161681,0.0
2026-02-12 07:45:00,0.86135410609444,0.0
2026-02-12 08:00:00,0.8077494274960313,0.0
2026-02-12 08:15:00,0.6310332050454892,0.0
2026-02-12 08:30:00,0.35968829402242336,0.0
2026-02-12 08:45:00,0.17050715498806585,0.0
2026-02-12 09:00:00,0.07889514192314588,0.0
2026-02-12 09:15:00,-0.07323941036606393,0.0
2026-02-12 09:30:00,-0.10961933581510279,0.0
2026-02-12 09:45:00,-0.12945721775458294,0.0
2026-02-12 10:00:00,-0.05796190545474645,0.0
2026-02-12 10:15:00,-0.10556546017801555,0.0
2026-02-12 10:30:00,-0.11820770736626389,0.0
2026-02-12 10:45:00,-0.12156790408459603,0.0
2026-02-12 11:00:00,-0.12703271119919252,0.0
2026-02-12 11:15:00,-0.07654123383321865,0.0
2026-02-12 11:30:00,-0.057264639548895505,0.0
2026-02-12 11:45:00,-0.11223492234864527,0.0
2026-02-12 12:00:00,-0.1234827994508984,0.0
2026-02-12 12:15:00,-0.09090486982416272,0.0
2026-02-12 12:30:00,-0.09669966515291777,0.0
2026-02-12 12:45:00,-0.10913561773172938,0.0
2026-02-12 13:00:00,-0.12055918647561249,0.0
2026-02-12 13:15:00,-0.1345945604783,0.0
2026-02-12 13:30:00,-0.13193163549101053,-1000.0
2026-02-12 13:45:00,-0.14734742500984652,-1000.0
2026-02-12 14:00:00,-0.11854256297806327,-1000.0
2026-02-12 14:15:00,-0.12230080801077768,-1000.0
2026-02-12 14:30:00,-0.13404833921225007,-1000.0
2026-02-12 14:45:00,-0.17088346728595064,-1000.0
2026-02-12 15:00:00,-0.13384191498431716,-1000.0
2026-02-12 15:15:00,-0.14474987654187604,-1000.0
2026-02-12 15:30:00,-0.0967966855930034,0.0
2026-02-12 15:45:00,-0.09235112913879288,0.0
2026-02-12 16:00:00,-0.06850656466061196,0.0
2026-02-12 16:15:00,-0.12903454963399433,0.0
2026-02-12 16:30:00,0.0015957169267995111,0.0
2026-02-12 16:45:00,0.06329556548151072,0.0
2026-02-12 17:00:00,0.3246574222039564,0.0
2026-02-12 17:15:00,0.651168380286545,0.0
2026-02-12 17:30:00,0.9271059847821582,0.0
2026-02-12 17:45:00,1.1698091275886644,1000.0
2026-02-12 18:00:00,1.3694907718797078,1000.0
2026-02-12 18:15:00,1.5018090501841108,1000.0
2026-02-12 18:30:00,1.623435127638383,1000.0
2026-02-12 18:45:00,1.5309502388116185,1000.0
2026-02-12 19:00:00,1.3176035710068863,1000.0
2026-02-12 19:15:00,1.2546115119490957,1000.0
2026-02-12 19:30:00,1.1735157498116617,1000.0
2026-02-12 19:45:00,1.128437154583078,0.0
2026-02-12 20:00:00,1.0375515786260314,0.0
2026-02-12 20:15:00,1.0259292127708757,0.0
2026-02-12 20:30:00,1.0749324559669842,0.0
2026-02-12 20:45:00,0.9854214234062799,0.0
2026-02-12 21:00:00,0.9094087562389166,0.0
2026-02-12 21:15:00,0.8614270875770729,0.0
2026-02-12 21:30:00,0.9144545518292742,0.0
2026-02-12 21:45:00,0.9082006508037165,0.0
2026-02-12 22:00:00,1.001566210278297,0.0
2026-02-12 22:15:00,0.9777016512101269,0.0
2026-02-12 22:30:00,0.8778031781875129,0.0
2026-02-12 22:45:00,0.7791522069012394,0.0
2026-02-12 23:00:00,0.6941688439549194,0.0
2026-02-12 23:15:00,0.6315511058384408,0.0
2026-02-12 23:30:00,0.6525707624339432,0.0
2026-02-12 23:45:00,0.5901511659492651,0.0
2026-02-13 00:00:00,0.48887691088883123,0.0
2026-02-13 00:15:00,0.5367449529737914,0.0
2026-02-13 00:30:00,0.5385074864181207,0.0
2026-02-13 00:45:00,0.44979690194428057,0.0
2026-02-13 01:00:00,0.5408290242479458,0.0
2026-02-13 01:15:00,0.4771928509607821,0.0
2026-02-13 01:30:00,0.444655663814933,0.0
2026-02-13 01:45:00,0.4583359360666528,0.0
2026-02-13 02:00:00,0.43796420046081,0.0
2026-02-13 02:15:00,0.27535531691174653,0.0
2026-02-13 02:30:00,0.28018785379686717,0.0
2026-02-13 02:45:00,0.2590004697673242,0.0
2026-02-13 03:00:00,0.2973709378777572,0.0
2026-02-13 03:15:00,0.31489366725132434,0.0
2026-02-13 03:30:00,0.24573411737708295,0.0
2026-02-13 03:45:00,0.2658899436578843,0.0
2026-02-13 04:00:00,0.25230893434515445,0.0
2026-02-13 04:15:00,0.23223462456955601,0.0
2026-02-13 04:30:00,0.20705923243555358,0.0
2026-02-13 04:45:00,0.14293374867475026,0.0
2026-02-13 05:00:00,0.10121714407814494,0.0
2026-02-13 05:15:00,0.06176257894834881,0.0
2026-02-13 05:30:00,0.06278255809609304,0.0
2026-02-13 05:45:00,0.06128695320545128,0.0
2026-02-13 06:00:00,0.01187708264351408,0.0
2026-02-13 06:15:00,0.00898049348337757,0.0
2026-02-13 06:30:00,0.030464418071251106,0.0
2026-02-13 06:45:00,0.04619457058668525,0.0
2026-02-13 07:00:00,0.07108684329417735,0.0
2026-02-13 07:15:00,0.11931537030847104,0.0
2026-02-13 07:30:00,0.15117283705878956,0.0
2026-02-13 07:45:00,0.14884880281997814,0.0
2026-02-13 08:00:00,0.034493709645573654,0.0
2026-02-13 08:15:00,0.005107589883603818,0.0
2026-02-13 08:30:00,-0.03485936457345967,0.0
2026-02-13 08:45:00,-0.04898869573144221,0.0
2026-02-13 09:00:00,-0.06872377209108323,0.0
2026-02-13 09:15:00,-0.06783153754793027,0.0
2026-02-13 09:30:00,-0.09793774609708027,0.0
2026-02-13 09:45:00,-0.0983298922921257,0.0
2026-02-13 10:00:00,-0.05305207527418171,0.0
2026-02-13 10:15:00,-0.043909613698386696,0.0
2026-02-13 10:30:00,-0.04973689365794805,0.0
2026-02-13 10:45:00,-0.06311537354001572,0.0
2026-02-13 11:00:00,-0.0731788817946811,0.0
2026-02-13 11:15:00,-0.06999910749726625,0.0
2026-02-13 11:30:00,-0.06337066194278018,0.0
2026-02-13 11:45:00,-0.08401211762368171,0.0
2026-02-13 12:00:00,-0.052848619775610624,0.0
2026-02-13 12:15:00,-0.08218110090980188,0.0
2026-02-13 12:30:00,-0.08438046952586789,0.0
2026-02-13 12:45:00,-0.07169464829420896,0.0
2026-02-13 13:00:00,-0.07853001019632928,0.0
2026-02-13 13:15:00,-0.0762872284362293,0.0
2026-02-13 13:30:00,-0.0776838476139642,0.0
2026-02-13 13:45:00,-0.08738681189267626,0.0
2026-02-13 14:00:00,-0.08275569965276006,0.0
2026-02-13 14:15:00,-0.10782737145012343,-1000.0
2026-02-13 14:30:00,-0.10921542287615484,-1000.0
2026-02-13 14:45:00,-0.11468757771952393,-1000.0
2026-02-13 15:00:00,-0.09508860358794342,-1000.0
2026-02-13 15:15:00,-0.1009283048295083,-1000.0
2026-02-13 15:30:00,-0.100878253586132,-1000.0
2026-02-13 15:45:00,-0.12481052017502965,-1000.0
2026-02-13 16:00:00,-0.10995812013769685,-1000.0
2026-02-13 16:15:00,-0.07715535489164574,0.0
2026-02-13 16:30:00,-0.06785754998292844,0.0
2026-02-13 16:45:00,-0.06840283364682617,0.0
2026-02-13 17:00:00,-0.025018921705608134,0.0
2026-02-13 17:15:00,-0.11905174410895952,0.0
2026-02-13 17:30:00,0.044856052832566655,0.0
2026-02-13 17:45:00,0.17273310260645744,0.0
2026-02-13 18:00:00,0.2450912180911871,0.0
2026-02-13 18:15:00,0.47986341467097143,0.0
2026-02-13 18:30:00,0.6094595789298065,0.0
2026-02-13 18:45:00,0.6431168265725183,0.0
2026-02-13 19:00:00,0.34507419521890303,0.0
2026-02-13 19:15:00,0.36363160958968893,0.0
2026-02-13 19:30:00,0.3179944291856354,0.0
2026-02-13 19:45:00,0.31945305412732666,0.0
2026-02-13 20:00:00,0.29605309310297945,0.0
2026-02-13 20:15:00,0.30879049862158847,0.0
2026-02-13 20:30:00,0.3322013005553995,0.0
2026-02-13 20:45:00,0.3670737089599437,0.0
2026-02-13 21:00:00,0.16253058964673653,0.0
2026-02-13 21:15:00,0.13683870168874793,0.0
2026-02-13 21:30:00,0.12121156902400856,0.0
2026-02-13 21:45:00,0.13727712789176627,0.0
2026-02-13 22:00:00,0.46926945566791595,1000.0
2026-02-13 22:15:00,0.48174068915388024,1000.0
2026-02-13 22:30:00,0.4914250214338413,1000.0
2026-02-13 22:45:00,0.4042815201136788,1000.0
2026-02-13 23:00:00,0.3151405075708301,1000.0
2026-02-13 23:15:00,0.375731686389155,1000.0
2026-02-13 23:30:00,0.5909424174433852,1000.0
2026-02-13 23:45:00,0.6011398423129177,1000.0
2026-02-14 00:00:00,0.3450520106831421,0.0
2026-02-14 00:15:00,0.47493100159667895,0.0
2026-02-14 00:30:00,0.4339829345386657,0.0
2026-02-14 00:45:00,0.41283585334850986,0.0
2026-02-14 01:00:00,0.4153106264526608,0.0
2026-02-14 01:15:00,0.38398442892045603,0.0
2026-02-14 01:30:00,0.38967255084047125,0.0
2026-02-14 01:45:00,0.4033187841636447,0.0
2026-02-14 02:00:00,0.4111921474801176,0.0
2026-02-14 02:15:00,0.42052168388500394,0.0
2026-02-14 02:30:00,0.4175635521494622,0.0
2026-02-14 02:45:00,0.4142117348642054,0.0
2026-02-14 03:00:00,0.35282182386904737,0.0
2026-02-14 03:15:00,0.36197701344343197,0.0
2026-02-14 03:30:00,0.3603369406248709,0.0
2026-02-14 03:45:00,0.36182090311051085,0.0
2026-02-14 04:00:00,0.360692440841868,0.0
2026-02-14 04:15:00,0.34250475753458026,0.0
2026-02-14 04:30:00,0.3526624298813062,0.0
2026-02-14 04:45:00,0.342317784798166,0.0
2026-02-14 05:00:00,0.3425068630330061,0.0
2026-02-14 05:15:00,0.34445093773264895,0.0
2026-02-14 05:30:00,0.32046641590123986,0.0
2026-02-14 05:45:00,0.3364780740998051,0.0
2026-02-14 06:00:00,0.4864947240942389,0.0
2026-02-14 06:15:00,0.49079504023209797,0.0
2026-02-14 06:30:00,0.4719287194890279,0.0
2026-02-14 06:45:00,0.4358858352517036,0.0
2026-02-14 07:00:00,0.4397507513882469,0.0
2026-02-14 07:15:00,0.42262732381512685,0.0
2026-02-14 07:30:00,0.4632558580955972,0.0
2026-02-14 07:45:00,0.44438564716489026,0.0
2026-02-14 08:00:00,0.3867467435363141,0.0
2026-02-14 08:15:00,0.16018042713223055,0.0
2026-02-14 08:30:00,0.12978031912993962,0.0
2026-02-14 08:45:00,0.07575865554595662,0.0
2026-02-14 09:00:00,0.0824787372294587,0.0
2026-02-14 09:15:00,0.005087378646347456,0.0
2026-02-14 09:30:00,-0.02286965288151281,0.0
2026-02-14 09:45:00,-0.01585316568373486,0.0
2026-02-14 10:00:00,-0.05472169625377543,0.0
2026-02-14 10:15:00,-0.039859305458309506,0.0
2026-02-14 10:30:00,-0.08657988239147854,0.0
2026-02-14 10:45:00,-0.08984367825204981,0.0
2026-02-14 11:00:00,-0.025596638838202727,0.0
2026-02-14 11:15:00,-0.08899716135379077,0.0
2026-02-14 11:30:00,-0.01970591624323357,0.0
2026-02-14 11:45:00,-0.08056883088753668,0.0
2026-02-14 12:00:00,-0.12218721458040581,0.0
2026-02-14 12:15:00,-0.0960669537915377,0.0
2026-02-14 12:30:00,-0.10057446886065745,0.0
2026-02-14 12:45:00,-0.12671112442994803,0.0
2026-02-14 13:00:00,-0.08939180465467018,0.0
2026-02-14 13:15:00,-0.0958799192083201,0.0
2026-02-14 13:30:00,-0.07740703139194723,0.0
2026-02-14 13:45:00,-0.09451467155978399,0.0
2026-02-14 14:00:00,-0.12030676827746263,0.0
2026-02-14 14:15:00,-0.13705769846519014,-1000.0
2026-02-14 14:30:00,-0.14583381438197845,-1000.0
2026-02-14 14:45:00,-0.17569301437614207,-1000.0
2026-02-14 15:00:00,-0.17612357986091076,-1000.0
2026-02-14 15:15:00,-0.16079282849893203,-1000.0
2026-02-14 15:30:00,-0.149368825137645,-1000.0
2026-02-14 15:45:00,-0.16779621809978565,-1000.0
2026-02-14 16:00:00,-0.14713820129619354,-1000.0
2026-02-14 16:15:00,-0.1166441593666894,0.0
2026-02-14 16:30:00,-0.08322386408801061,0.0
2026-02-14 16:45:00,-0.06278772385122165,0.0
2026-02-14 17:00:00,-0.07297510518905831,0.0
2026-02-14 17:15:00,-0.07381038676143958,0.0
2026-02-14 17:30:00,-0.06019033697836907,0.0
2026-02-14 17:45:00,-0.1287457932408117,0.0
2026-02-14 18:00:00,-0.10203067990398272,0.0
2026-02-14 18:15:00,0.02858182921180932,0.0
2026-02-14 18:30:00,0.09423229197506482,0.0
2026-02-14 18:45:00,0.10717619117560435,0.0
2026-02-14 19:00:00,0.05872640029457779,0.0
2026-02-14 19:15:00,0.03129196803114002,0.0
2026-02-14 19:30:00,0.03673227259908662,0.0
2026-02-14 19:45:00,0.0232747675905692,0.0
2026-02-14 20:00:00,0.008739014129106014,0.0
2026-02-14 20:15:00,0.05880045671061592,0.0
2026-02-14 20:30:00,0.1572316423848735,0.0
2026-02-14 20:45:00,0.2939682057031014,0.0
2026-02-14 21:00:00,0.275379837583165,0.0
2026-02-14 21:15:00,0.2593828766263361,0.0
2026-02-14 21:30:00,0.3456103538841842,0.0
2026-02-14 21:45:00,0.41851536632080116,0.0
2026-02-14 22:00:00,0.8198424519573617,1000.0
2026-02-14 22:15:00,0.8246278426597156,1000.0
2026-02-14 22:30:00,0.7740071205844983,1000.0
2026-02-14 22:45:00,0.7357473254675475,1000.0
2026-02-14 23:00:00,0.6467174992270416,1000.0
2026-02-14 23:15:00,0.6091460280089478,1000.0
2026-02-14 23:30:00,0.6556617777086107,1000.0
2026-02-14 23:45:00,0.6364208985104043,1000.0
2026-02-15 00:00:00,0.6226265858241598,0.0
2026-02-15 00:15:00,0.5392067330230736,0.0
2026-02-15 00:30:00,0.5716071319795778,0.0
2026-02-15 00:45:00,0.5494370160012756,0.0
2026-02-15 01:00:00,0.6029049086965776,0.0
2026-02-15 01:15:00,0.6955263275852728,0.0
2026-02-15 01:30:00,0.6871239206136391,0.0
2026-02-15 01:45:00,0.7470786693928092,0.0
2026-02-15 02:00:00,0.7827166504774941,0.0
2026-02-15 02:15:00,0.8470145009341477,0.0
2026-02-15 02:30:00,0.9995279022197331,0.0
2026-02-15 02:45:00,0.9869497880083056,0.0
2026-02-15 03:00:00,0.9995704695696195,0.0
2026-02-15 03:15:00,0.9942566589893422,0.0
2026-02-15 03:30:00,0.967120036915907,0.0
2026-02-15 03:45:00,0.9647018725265002,0.0
2026-02-15 04:00:00,0.9953535611503319,0.0
2026-02-15 04:15:00,0.9999842425207377,0.0
2026-02-15 04:30:00,1.0874497260755343,0.0
2026-02-15 04:45:00,1.1559004669177855,0.0
2026-02-15 05:00:00,1.158899653354914,0.0
2026-02-15 05:15:00,1.2241504630376407,0.0
2026-02-15 05:30:00,1.221185914513306,0.0
2026-02-15 05:45:00,1.256527561335066,0.0
2026-02-15 06:00:00,1.3271791402900166,0.0
2026-02-15 06:15:00,1.418807291757614,0.0
2026-02-15 06:30:00,1.5342635663696473,0.0
2026-02-15 06:45:00,1.5885460777035245,0.0
2026-02-15 07:00:00,1.5232363114381167,0.0
2026-02-15 07:15:00,1.5230287792353456,0.0
2026-02-15 07:30:00,1.4272790072517607,0.0
2026-02-15 07:45:00,1.3506938048486945,0.0
2026-02-15 08:00:00,1.1785674066214242,0.0
2026-02-15 08:15:00,0.8241561698038141,0.0
2026-02-15 08:30:00,0.7757523744038346,0.0
2026-02-15 08:45:00,0.7346797266658491,0.0
2026-02-15 09:00:00,0.5768155562914089,0.0
2026-02-15 09:15:00,0.48395527661749205,0.0
2026-02-15 09:30:00,0.166292966597939,0.0
2026-02-15 09:45:00,0.0690882189101955,0.0
2026-02-15 10:00:00,-0.09683565270948744,0.0
2026-02-15 10:15:00,-0.19828304304843555,0.0
2026-02-15 10:30:00,-0.26068117969529814,-1000.0
2026-02-15 10:45:00,-0.24576927068289722,-1000.0
2026-02-15 11:00:00,-0.21311724004469557,-1000.0
2026-02-15 11:15:00,-0.19064769231628512,-1000.0
2026-02-15 11:30:00,-0.1978467570427333,-1000.0
2026-02-15 11:45:00,-0.2213971127987437,-1000.0
2026-02-15 12:00:00,-0.237117061313245,-1000.0
2026-02-15 12:15:00,-0.2039493181065547,-1000.0
2026-02-15 12:30:00,-0.17866403037500447,0.0
2026-02-15 12:45:00,-0.12277436976498254,0.0
2026-02-15 13:00:00,-0.1509420986716973,0.0
2026-02-15 13:15:00,-0.18561801902057862,0.0
2026-02-15 13:30:00,-0.21096818987873017,0.0
2026-02-15 13:45:00,-0.21926453864781154,0.0
2026-02-15 14:00:00,-0.15224602854630412,0.0
2026-02-15 14:15:00,-0.15944340440080285,0.0
2026-02-15 14:30:00,-0.1546963519515768,0.0
2026-02-15 14:45:00,-0.13832272328121956,0.0
2026-02-15 15:00:00,-0.15958525596953332,0.0
2026-02-15 15:15:00,-0.15435357200248226,0.0
2026-02-15 15:30:00,-0.16906044370532627,0.0
2026-02-15 15:45:00,-0.18920916103131868,0.0
2026-02-15 16:00:00,-0.1684761282791586,0.0
2026-02-15 16:15:00,-0.15698589139280675,0.0
2026-02-15 16:30:00,0.005666321587685517,0.0
2026-02-15 16:45:00,0.29501583617615257,0.0
2026-02-15 17:00:00,0.6502616527528593,0.0
2026-02-15 17:15:00,0.9266550115095484,0.0
2026-02-15 17:30:00,1.160228666993469,0.0
2026-02-15 17:45:00,1.3167647870188532,0.0
2026-02-15 18:00:00,2.2751492507612463,0.0
2026-02-15 18:15:00,3.1355838962135056,0.0
2026-02-15 18:30:00,3.19627233481145,0.0
2026-02-15 18:45:00,3.268470768546385,0.0
2026-02-15 19:00:00,3.1596350948788623,0.0
2026-02-15 19:15:00,3.1098655512790403,0.0
2026-02-15 19:30:00,3.1353596057209683,0.0
2026-02-15 19:45:00,3.1690705237977608,0.0
2026-02-15 20:00:00,3.178387019824474,1000.0
2026-02-15 20:15:00,3.028826866305911,1000.0
2026-02-15 20:30:00,3.208291080554939,1000.0
2026-02-15 20:45:00,3.201339696625596,1000.0
2026-02-15 21:00:00,3.233482699667321,1000.0
2026-02-15 21:15:00,3.599816808867614,1000.0
2026-02-15 21:30:00,3.6044133430360037,1000.0
2026-02-15 21:45:00,3.614300002149147,1000.0
2026-02-15 22:00:00,2.744018754844525,0.0
2026-02-15 22:15:00,2.6382260774624027,0.0
2026-02-15 22:30:00,2.6070173644020778,0.0
2026-02-15 22:45:00,2.639239105688578,0.0
2026-02-15 23:00:00,2.330329714965129,0.0
2026-02-15 23:15:00,2.5944394949490923,0.0
2026-02-15 23:30:00,2.6472290373631937,0.0
2026-02-15 23:45:00,2.70307149560517,0.0
2026-02-16 00:00:00,1.6238432612607518,0.0
2026-02-16 00:15:00,1.5720361920539392,0.0
2026-02-16 00:30:00,1.607403520299075,0.0
2026-02-16 00:45:00,1.632468674286975,0.0
2026-02-16 01:00:00,1.6957929407572827,0.0
2026-02-16 01:15:00,1.6731822219455597,0.0
2026-02-16 01:30:00,1.6762649851799918,0.0
2026-02-16 01:45:00,1.680241150316611,0.0
2026-02-16 02:00:00,1.7028266659378068,0.0
2026-02-16 02:15:00,1.690299153224356,0.0
2026-02-16 02:30:00,1.6944640880664334,0.0
2026-02-16 02:45:00,1.687800204766461,0.0
2026-02-16 03:00:00,1.7015486615480366,0.0
2026-02-16 03:15:00,1.7085516689208726,0.0
2026-02-16 03:30:00,1.7155135839144404,0.0
2026-02-16 03:45:00,1.6942715634450445,0.0
2026-02-16 04:00:00,1.689515663801795,0.0
2026-02-16 04:15:00,1.6915214369792695,0.0
2026-02-16 04:30:00,1.6813129133762652,0.0
2026-02-16 04:45:00,1.5834930772475049,0.0
2026-02-16 05:00:00,1.5477239106301215,0.0
2026-02-16 05:15:00,1.4874074260680912,0.0
2026-02-16 05:30:00,1.513057624560238,0.0
2026-02-16 05:45:00,1.5196912469465014,0.0
2026-02-16 06:00:00,2.112383368034354,0.0
2026-02-16 06:15:00,2.3546421656036087,0.0
2026-02-16 06:30:00,2.3618273262148146,0.0
2026-02-16 06:45:00,2.4150127831049266,0.0
2026-02-16 07:00:00,2.3252922702403542,0.0
2026-02-16 07:15:00,2.3142603622964453,0.0
2026-02-16 07:30:00,2.2920987404244286,0.0
2026-02-16 07:45:00,2.00900254713535,0.0
2026-02-16 08:00:00,1.6599100366885484,0.0
2026-02-16 08:15:00,1.4771051529467036,0.0
2026-02-16 08:30:00,1.5807536997752745,0.0
2026-02-16 08:45:00,1.5747472098352309,0.0
2026-02-16 09:00:00,1.4549790948007628,0.0
2026-02-16 09:15:00,1.2871001552057535,0.0
2026-02-16 09:30:00,1.2241160870288081,0.0
2026-02-16 09:45:00,1.0979635820536724,0.0
2026-02-16 10:00:00,0.29195028307775667,0.0
2026-02-16 10:15:00,0.2241066051507283,0.0
2026-02-16 10:30:00,0.2474109456264945,0.0
2026-02-16 10:45:00,0.15757570972684432,0.0
2026-02-16 11:00:00,-0.09726197213677454,0.0
2026-02-16 11:15:00,-0.14395428919407616,0.0
2026-02-16 11:30:00,-0.17814200467890887,0.0
2026-02-16 11:45:00,-0.19829168179997067,-1000.0
2026-02-16 12:00:00,-0.2303318888859533,-1000.0
2026-02-16 12:15:00,-0.22361549125838664,-1000.0
2026-02-16 12:30:00,-0.20640623425176163,-1000.0
2026-02-16 12:45:00,-0.2000992832424603,-1000.0
2026-02-16 13:00:00,-0.15208529381261313,-1000.0
2026-02-16 13:15:00,-0.18034438350753576,-1000.0
2026-02-16 13:30:00,-0.1891846362673007,-1000.0
2026-02-16 13:45:00,-0.19647842743027452,0.0
2026-02-16 14:00:00,0.04909153736433329,0.0
2026-02-16 14:15:00,0.05095664490219175,0.0
2026-02-16 14:30:00,0.07694184484949969,0.0
2026-02-16 14:45:00,0.07267150929961746,0.0
2026-02-16 15:00:00,0.16337663543739364,0.0
2026-02-16 15:15:00,0.13022794296205678,0.0
2026-02-16 15:30:00,0.28612222464509673,0.0
2026-02-16 15:45:00,0.37188959853588033,0.0
2026-02-16 16:00:00,0.4418676117570124,0.0
2026-02-16 16:15:00,0.5621100494940156,0.0
2026-02-16 16:30:00,0.6991522278563752,0.0
2026-02-16 16:45:00,0.8039752329634386,0.0
2026-02-16 17:00:00,1.0608424608266196,0.0
2026-02-16 17:15:00,1.1919810695187605,0.0
2026-02-16 17:30:00,1.5850685990962181,0.0
2026-02-16 17:45:00,2.1955464354606593,0.0
2026-02-16 18:00:00,2.603574720607348,0.0
2026-02-16 18:15:00,3.014362076677401,0.0
2026-02-16 18:30:00,3.258978202793354,0.0
2026-02-16 18:45:00,3.224973042530761,0.0
2026-02-16 19:00:00,3.36719484843526,0.0
2026-02-16 19:15:00,3.2513213986978795,0.0
2026-02-16 19:30:00,3.6857806851011428,1000.0
2026-02-16 19:45:00,3.633853441625968,1000.0
2026-02-16 20:00:00,3.4239033936185144,1000.0
2026-02-16 20:15:00,3.4204468487550153,1000.0
2026-02-16 20:30:00,3.4290293976176076,1000.0
2026-02-16 20:45:00,3.443266064679309,1000.0
2026-02-16 21:00:00,3.4376323142539222,1000.0
2026-02-16 21:15:00,3.319308395716304,1000.0
2026-02-16 21:30:00,3.0019885973286136,0.0
2026-02-16 21:45:00,3.024519549920398,0.0
2026-02-16 22:00:00,2.2502344274103607,0.0
2026-02-16 22:15:00,2.0678127656398653,0.0
2026-02-16 22:30:00,2.0346340011623805,0.0
2026-02-16 22:45:00,1.9016443442110347,0.0
2026-02-16 23:00:00,2.014646927247021,0.0
2026-02-16 23:15:00,2.025160928962797,0.0
2026-02-16 23:30:00,2.0323225573056907,0.0
2026-02-16 23:45:00,1.8945784361355467,0.0
2026-02-17 00:00:00,1.7426385637514021,0.0
2026-02-17 00:15:00,1.480756490884007,0.0
2026-02-17 00:30:00,1.4154882442071217,0.0
2026-02-17 00:45:00,1.3596505483892916,0.0
2026-02-17 01:00:00,1.3523020336075493,0.0
2026-02-17 01:15:00,1.1379008602679337,0.0
2026-02-17 01:30:00,1.0965763288118788,0.0
2026-02-17 01:45:00,1.0904306754452957,0.0
2026-02-17 02:00:00,1.071798883159508,0.0
2026-02-17 02:15:00,1.0216066283342875,0.0
2026-02-17 02:30:00,1.0132466956072756,0.0
2026-02-17 02:45:00,1.1012167146265583,0.0
2026-02-17 03:00:00,1.146830916127728,0.0
2026-02-17 03:15:00,1.2012451017880965,0.0
2026-02-17 03:30:00,1.1823568055311082,0.0
2026-02-17 03:45:00,1.1665364353296248,0.0
2026-02-17 04:00:00,1.1527545805469717,0.0
2026-02-17 04:15:00,1.1376344299675452,0.0
2026-02-17 04:30:00,1.067583385479485,0.0
2026-02-17 04:45:00,1.0422636024860987,0.0
2026-02-17 05:00:00,1.0543551561047744,0.0
2026-02-17 05:15:00,1.0148552386197394,0.0
2026-02-17 05:30:00,1.0295525663574308,0.0
2026-02-17 05:45:00,1.0124250653546503,0.0
2026-02-17 06:00:00,0.7224441889481072,0.0
2026-02-17 06:15:00,0.7377505729914007,0.0
2026-02-17 06:30:00,0.7431290622721454,0.0
2026-02-17 06:45:00,0.7258449992854086,0.0
2026-02-17 07:00:00,0.7399244767020894,0.0
2026-02-17 07:15:00,0.7956706943472738,0.0
2026-02-17 07:30:00,0.7724282777089336,0.0
2026-02-17 07:45:00,0.6453793812644709,0.0
2026-02-17 08:00:00,0.6769396284848377,0.0
2026-02-17 08:15:00,0.3664972359498899,0.0
2026-02-17 08:30:00,0.08478086411936295,0.0
2026-02-17 08:45:00,-0.0936147233906884,0.0
2026-02-17 09:00:00,-0.15494841548415672,0.0
2026-02-17 09:15:00,-0.1951221551301209,0.0
2026-02-17 09:30:00,-0.23772746445760765,0.0
2026-02-17 09:45:00,-0.22819829359296762,0.0
2026-02-17 10:00:00,-0.1704703851664559,0.0
2026-02-17 10:15:00,-0.11088217884771175,0.0
2026-02-17 10:30:00,-0.12990060223315783,0.0
2026-02-17 10:45:00,-0.2171138018054267,0.0
2026-02-17 11:00:00,-0.19093216547855607,0.0
2026-02-17 11:15:00,-0.16817943837085425,0.0
2026-02-17 11:30:00,-0.14493007504642755,0.0
2026-02-17 11:45:00,-0.14344222271482937,0.0
2026-02-17 12:00:00,-0.157197652775754,-1000.0
2026-02-17 12:15:00,-0.18800305782411106,-1000.0
2026-02-17 12:30:00,-0.21030075959197442,-1000.0
2026-02-17 12:45:00,-0.20187999193684247,-1000.0
2026-02-17 13:00:00,-0.2046682435441507,-1000.0
2026-02-17 13:15:00,-0.22248262456384985,-1000.0
2026-02-17 13:30:00,-0.23107456697035228,-1000.0
2026-02-17 13:45:00,-0.24338505740054275,-1000.0
2026-02-17 14:00:00,-0.09738124223599527,0.0
2026-02-17 14:15:00,-0.0852629381763132,0.0
2026-02-17 14:30:00,-0.09559449496200334,0.0
2026-02-17 14:45:00,-0.09527084048988166,0.0
2026-02-17 15:00:00,-0.11938582594792833,0.0
2026-02-17 15:15:00,-0.14562466145557007,0.0
2026-02-17 15:30:00,-0.1285239293435185,0.0
2026-02-17 15:45:00,-0.13577000381079726,0.0
2026-02-17 16:00:00,-0.10528622883974802,0.0
2026-02-17 16:15:00,-0.10152120000295696,0.0
2026-02-17 16:30:00,-0.10802733229437964,0.0
2026-02-17 16:45:00,-0.16705737210992985,0.0
2026-02-17 17:00:00,-0.15815924295721648,0.0
2026-02-17 17:15:00,-0.11856932187361875,0.0
2026-02-17 17:30:00,0.004232414778599309,0.0
2026-02-17 17:45:00,0.25012642462741097,0.0
2026-02-17 18:00:00,0.4385181234911121,0.0
2026-02-17 18:15:00,0.8421825634172203,0.0
2026-02-17 18:30:00,0.8952991508921428,0.0
2026-02-17 18:45:00,1.0999036254604655,1000.0
2026-02-17 19:00:00,1.0563869296934538,1000.0
2026-02-17 19:15:00,1.0636433479806888,1000.0
2026-02-17 19:30:00,1.0301788583975964,1000.0
2026-02-17 19:45:00,0.9931325763004956,1000.0
2026-02-17 20:00:00,0.9631591317570576,1000.0
2026-02-17 20:15:00,0.9116998686515698,1000.0
2026-02-17 20:30:00,0.9062785919018547,1000.0
2026-02-17 20:45:00,0.9113461257437253,0.0
2026-02-17 21:00:00,0.8053752200472531,0.0
2026-02-17 21:15:00,0.7833069359554252,0.0
2026-02-17 21:30:00,0.7355426525288703,0.0
2026-02-17 21:45:00,0.7703146085695606,0.0
2026-02-17 22:00:00,0.549818423939343,0.0
2026-02-17 22:15:00,0.5216306128447661,0.0
2026-02-17 22:30:00,0.5370563425102755,0.0
2026-02-17 22:45:00,0.5399820710467241,0.0
2026-02-17 23:00:00,0.44353272236018093,0.0
2026-02-17 23:15:00,0.35273749576569324,0.0
2026-02-17 23:30:00,0.42127585942436097,0.0
2026-02-17 23:45:00,0.4332530128565219,0.0
2026-02-18 00:00:00,0.6510194564049403,0.0
2026-02-18 00:15:00,0.8250938091695462,0.0
2026-02-18 00:30:00,0.810521522966709,0.0
2026-02-18 00:45:00,0.8058437055766587,0.0
2026-02-18 01:00:00,0.8458857711219211,0.0
2026-02-18 01:15:00,0.8532661526792386,0.0
2026-02-18 01:30:00,0.9205228305532952,0.0
2026-02-18 01:45:00,0.9355159177910497,0.0
2026-02-18 02:00:00,0.9573168704073654,0.0
2026-02-18 02:15:00,0.9348522582252637,0.0
2026-02-18 02:30:00,0.9143724282245027,0.0
2026-02-18 02:45:00,0.8807203064457985,0.0
2026-02-18 03:00:00,0.9063870446227221,0.0
2026-02-18 03:15:00,0.9131262855146027,0.0
2026-02-18 03:30:00,0.9213236792546237,0.0
2026-02-18 03:45:00,0.9169077988729823,0.0
2026-02-18 04:00:00,0.9233711828915553,0.0
2026-02-18 04:15:00,0.9251107880840186,0.0
2026-02-18 04:30:00,0.9176811851600934,0.0
2026-02-18 04:45:00,0.9309069062282477,0.0
2026-02-18 05:00:00,0.8832547093009218,0.0
2026-02-18 05:15:00,0.8874537004777618,0.0
2026-02-18 05:30:00,0.8618628122177457,0.0
2026-02-18 05:45:00,0.8618628122177457,0.0
2026-02-18 06:00:00,0.8833968749971877,0.0
2026-02-18 06:15:00,0.9250117528713631,0.0
2026-02-18 06:30:00,0.9985211518440903,0.0
2026-02-18 06:45:00,0.9974186624571587,0.0
2026-02-18 07:00:00,1.029422977181376,0.0
2026-02-18 07:15:00,1.038179887806097,0.0
2026-02-18 07:30:00,0.956723569839793,0.0
2026-02-18 07:45:00,0.8640972363625585,0.0
2026-02-18 08:00:00,0.6997025425265967,0.0
2026-02-18 08:15:00,0.36323113796467055,0.0
2026-02-18 08:30:00,0.12684769466172366,0.0
2026-02-18 08:45:00,-0.05033434140207463,0.0
2026-02-18 09:00:00,-0.08576784431774351,0.0
2026-02-18 09:15:00,-0.15584479158544817,0.0
2026-02-18 09:30:00,-0.19669304554438857,0.0
2026-02-18 09:45:00,-0.2427656286712699,0.0
2026-02-18 10:00:00,-0.08160563288393463,0.0
2026-02-18 10:15:00,-0.09612404024420049,0.0
2026-02-18 10:30:00,-0.11405762100928074,0.0
2026-02-18 10:45:00,-0.11175567989433498,0.0
2026-02-18 11:00:00,-0.2056713175465994,0.0
2026-02-18 11:15:00,-0.12608396655903262,0.0
2026-02-18 11:30:00,-0.15488867692277639,0.0
2026-02-18 11:45:00,-0.153056814082762,0.0
2026-02-18 12:00:00,-0.1943554556035433,-1000.0
2026-02-18 12:15:00,-0.23786110126273538,-1000.0
2026-02-18 12:30:00,-0.22934942305999304,-1000.0
2026-02-18 12:45:00,-0.2203136623889118,-1000.0
2026-02-18 13:00:00,-0.23111259423152009,-1000.0
2026-02-18 13:15:00,-0.23955703276809587,-1000.0
2026-02-18 13:30:00,-0.23923010037718156,-1000.0
2026-02-18 13:45:00,-0.22833262745048027,-1000.0
2026-02-18 14:00:00,-0.10376392793067744,0.0
2026-02-18 14:15:00,-0.0887911677662336,0.0
2026-02-18 14:30:00,-0.09294126401092459,0.0
2026-02-18 14:45:00,-0.11117977408959796,0.0
2026-02-18 15:00:00,-0.14014882302126225,0.0
2026-02-18 15:15:00,-0.13724662665138282,0.0
2026-02-18 15:30:00,-0.12388795202667917,0.0
2026-02-18 15:45:00,-0.14205403810433298,0.0
2026-02-18 16:00:00,-0.08932074293815283,0.0
2026-02-18 16:15:00,-0.10870908067052087,0.0
2026-02-18 16:30:00,-0.11628008598688576,0.0
2026-02-18 16:45:00,-0.09421175195118799,0.0
2026-02-18 17:00:00,-0.06440831316225419,0.0
2026-02-18 17:15:00,-0.0892939069251451,0.0
2026-02-18 17:30:00,-0.05693756164935136,0.0
2026-02-18 17:45:00,0.0009469941375434567,0.0
2026-02-18 18:00:00,0.16742912103606886,0.0
2026-02-18 18:15:00,0.42561798879588725,1000.0
2026-02-18 18:30:00,0.43692072465828463,1000.0
2026-02-18 18:45:00,0.5684261932768347,1000.0
2026-02-18 19:00:00,0.42670217441511415,1000.0
2026-02-18 19:15:00,0.4624285990237887,1000.0
2026-02-18 19:30:00,0.413063005371829,1000.0
2026-02-18 19:45:00,0.42860448028258713,1000.0
2026-02-18 20:00:00,0.3591306225630783,1000.0
2026-02-18 20:15:00,0.2960675094893932,0.0
2026-02-18 20:30:00,0.27190892936550504,0.0
2026-02-18 20:45:00,0.2915552781201641,0.0
2026-02-18 21:00:00,0.2507445968071717,0.0
2026-02-18 21:15:00,0.24405186570343737,0.0
2026-02-18 21:30:00,0.12611260439475483,0.0
2026-02-18 21:45:00,0.16942942135489045,0.0
2026-02-18 22:00:00,-0.040624312676759686,0.0
2026-02-18 22:15:00,-0.038296144681925576,0.0
2026-02-18 22:30:00,-0.03204405615518599,0.0
2026-02-18 22:45:00,-0.029682100002796086,0.0
2026-02-18 23:00:00,-0.10765056311626787,0.0
2026-02-18 23:15:00,-0.13435935352299702,0.0
2026-02-18 23:30:00,-0.0889723802709627,0.0
2026-02-18 23:45:00,-0.07415764332297255,0.0
2026-02-19 00:00:00,0.054633380091085,0.0
2026-02-19 00:15:00,0.06609117351577787,0.0
2026-02-19 00:30:00,0.05574990351847615,0.0
2026-02-19 00:45:00,-0.0009089287048429991,0.0
2026-02-19 01:00:00,0.0023226867536530887,0.0
2026-02-19 01:15:00,-0.005590198332708491,0.0
2026-02-19 01:30:00,-0.008599489401174427,0.0
2026-02-19 01:45:00,-0.013442062112540806,0.0
2026-02-19 02:00:00,0.005364980560168481,0.0
2026-02-19 02:15:00,0.0339690335942966,0.0
2026-02-19 02:30:00,0.0458054273391758,0.0
2026-02-19 02:45:00,0.03989974235831197,0.0
2026-02-19 03:00:00,0.04739892728850158,0.0
2026-02-19 03:15:00,0.04351012281088511,0.0
2026-02-19 03:30:00,0.03438984444379277,0.0
2026-02-19 03:45:00,0.03695104177197403,0.0
2026-02-19 04:00:00,0.019427730169599196,0.0
2026-02-19 04:15:00,0.011147132054761326,0.0
2026-02-19 04:30:00,0.0011833898049920044,0.0
2026-02-19 04:45:00,0.007390514784624581,0.0
2026-02-19 05:00:00,0.00936039538147945,0.0
2026-02-19 05:15:00,0.018887311299898686,0.0
2026-02-19 05:30:00,0.02331428180630981,0.0
2026-02-19 05:45:00,0.03229873577662513,0.0
2026-02-19 06:00:00,-0.119266566218028,0.0
2026-02-19 06:15:00,-0.12227190534140371,0.0
2026-02-19 06:30:00,-0.12319202153731615,0.0
2026-02-19 06:45:00,-0.12315026943294533,0.0
2026-02-19 07:00:00,-0.10921055412445385,0.0
2026-02-19 07:15:00,-0.08674569233552996,0.0
2026-02-19 07:30:00,-0.10652583485825548,0.0
2026-02-19 07:45:00,-0.14210968650549757,0.0
2026-02-19 08:00:00,-0.14620618874163496,0.0
2026-02-19 08:15:00,-0.1441397992500792,-1000.0
2026-02-19 08:30:00,-0.19418012503869872,-1000.0
2026-02-19 08:45:00,-0.1856730212957788,-1000.0
2026-02-19 09:00:00,-0.22081317910174295,-1000.0
2026-02-19 09:15:00,-0.24424284976640454,-1000.0
2026-02-19 09:30:00,-0.2685865908028789,-1000.0
2026-02-19 09:45:00,-0.25260461161417663,-1000.0
2026-02-19 10:00:00,-0.1853378890836743,-1000.0
2026-02-19 10:15:00,-0.14313649587004118,0.0
2026-02-19 10:30:00,-0.1731037551749555,0.0
2026-02-19 10:45:00,-0.2026306270800986,0.0
2026-02-19 11:00:00,-0.19019160306239122,0.0
2026-02-19 11:15:00,-0.16223589993134185,0.0
2026-02-19 11:30:00,-0.15389686185390863,0.0
2026-02-19 11:45:00,-0.1645335481194329,0.0
2026-02-19 12:00:00,-0.16450727005163993,0.0
2026-02-19 12:15:00,-0.14469512871224705,0.0
2026-02-19 12:30:00,-0.15703481345612166,0.0
2026-02-19 12:45:00,-0.1481304150090524,0.0
2026-02-19 13:00:00,-0.15949043838769833,0.0
2026-02-19 13:15:00,-0.16489273139515837,0.0
2026-02-19 13:30:00,-0.1610955280174881,0.0
2026-02-19 13:45:00,-0.17303345923819685,0.0
2026-02-19 14:00:00,-0.06088394503659977,0.0
2026-02-19 14:15:00,-0.06727229073860361,0.0
2026-02-19 14:30:00,-0.06358548666563886,0.0
2026-02-19 14:45:00,-0.06398727956139924,0.0
2026-02-19 15:00:00,-0.07200290361623173,0.0
2026-02-19 15:15:00,-0.0867857586067296,0.0
2026-02-19 15:30:00,-0.09148678393975455,0.0
2026-02-19 15:45:00,-0.10294306546565807,0.0
2026-02-19 16:00:00,-0.11505439267255231,0.0
2026-02-19 16:15:00,-0.15257490553849898,0.0
2026-02-19 16:30:00,-0.1341243542733202,0.0
2026-02-19 16:45:00,-0.0899303082975527,0.0
2026-02-19 17:00:00,-0.03313862187010516,0.0
2026-02-19 17:15:00,-0.04457602372308562,0.0
2026-02-19 17:30:00,-0.09514893145856401,0.0
2026-02-19 17:45:00,-0.0706961397836363,0.0
2026-02-19 18:00:00,0.035342395791465794,0.0
2026-02-19 18:15:00,0.16061447261671402,1000.0
2026-02-19 18:30:00,0.12288127087931093,1000.0
2026-02-19 18:45:00,0.21630896887693588,1000.0
2026-02-19 19:00:00,0.11145493844776908,1000.0
2026-02-19 19:15:00,0.13103201131471903,1000.0
2026-02-19 19:30:00,0.08653733218258139,1000.0
2026-02-19 19:45:00,0.08792743006831649,1000.0
2026-02-19 20:00:00,0.08942726053923533,1000.0
2026-02-19 20:15:00,0.05239314093678373,0.0
2026-02-19 20:30:00,0.020411564015413892,0.0
2026-02-19 20:45:00,-0.015189941014977953,0.0
2026-02-19 21:00:00,-0.01193923888993615,0.0
2026-02-19 21:15:00,-0.006833628032841063,0.0
2026-02-19 21:30:00,-0.009909456261097974,0.0
2026-02-19 21:45:00,-0.1276769085494804,0.0
2026-02-19 22:00:00,0.012662629472578794,0.0
2026-02-19 22:15:00,-0.0211782262636491,0.0
2026-02-19 22:30:00,-0.03493273989619988,0.0
2026-02-19 22:45:00,0.022257235832012758,0.0
2026-02-19 23:00:00,0.026423250957858704,0.0
2026-02-19 23:15:00,-0.010105449468102535,0.0
2026-02-19 23:30:00,0.000668895838489305,0.0
2026-02-19 23:45:00,0.018610294025104963,0.0
2026-02-20 00:00:00,0.032125334379577264,0.0
2026-02-20 00:15:00,0.11093344914295934,0.0
2026-02-20 00:30:00,0.18418422068264756,0.0
2026-02-20 00:45:00,0.1442793378332236,0.0
2026-02-20 01:00:00,0.062183624391903676,0.0
2026-02-20 01:15:00,0.029838004226240798,0.0
2026-02-20 01:30:00,0.033365244498049895,0.0
2026-02-20 01:45:00,0.027947534486521118,0.0
2026-02-20 02:00:00,0.04036726109537486,0.0
2026-02-20 02:15:00,0.043134225462627775,0.0
2026-02-20 02:30:00,0.041872098914649464,0.0
2026-02-20 02:45:00,0.04076866498116319,0.0
2026-02-20 03:00:00,0.03743064928372018,0.0
2026-02-20 03:15:00,0.047882543383144065,0.0
2026-02-20 03:30:00,0.0025772566775583614,0.0
2026-02-20 03:45:00,0.001182597709230304,0.0
2026-02-20 04:00:00,-0.003193593928204294,0.0
2026-02-20 04:15:00,0.011016778439898081,0.0
2026-02-20 04:30:00,0.012260846821103124,0.0
2026-02-20 04:45:00,-0.0032019317906613483,0.0
2026-02-20 05:00:00,0.00879994368629412,0.0
2026-02-20 05:15:00,0.0022522629439998463,0.0
2026-02-20 05:30:00,0.011134118453031834,0.0
2026-02-20 05:45:00,0.02363249093135447,0.0
2026-02-20 06:00:00,-0.08085078724167946,0.0
2026-02-20 06:15:00,-0.0655323600465719,0.0
2026-02-20 06:30:00,-0.06744380811561863,0.0
2026-02-20 06:45:00,-0.05063905420118413,0.0
2026-02-20 07:00:00,-0.05705176322847844,0.0
2026-02-20 07:15:00,-0.006136376080334079,0.0
2026-02-20 07:30:00,-0.05875550065384814,0.0
2026-02-20 07:45:00,-0.1373199244125948,0.0
2026-02-20 08:00:00,-0.10430574306212936,0.0
2026-02-20 08:15:00,-0.1075810235892661,0.0
2026-02-20 08:30:00,-0.14836139988611044,0.0
2026-02-20 08:45:00,-0.15986102084817178,0.0
2026-02-20 09:00:00,-0.1766897152854201,-1000.0
2026-02-20 09:15:00,-0.2080071496327303,-1000.0
2026-02-20 09:30:00,-0.2303525267369223,-1000.0
2026-02-20 09:45:00,-0.23326721628964758,-1000.0
2026-02-20 10:00:00,-0.18510459627538017,-1000.0
2026-02-20 10:15:00,-0.16782829275518013,-1000.0
2026-02-20 10:30:00,-0.18391325807234526,-1000.0
2026-02-20 10:45:00,-0.17599594455378176,-1000.0
2026-02-20 11:00:00,-0.16554961325903017,0.0
2026-02-20 11:15:00,-0.14945213565458737,0.0
2026-02-20 11:30:00,-0.15214856474850472,0.0
2026-02-20 11:45:00,-0.15778367689756634,0.0
2026-02-20 12:00:00,-0.14065450118279801,0.0
2026-02-20 12:15:00,-0.16580184639946258,0.0
2026-02-20 12:30:00,-0.1582886582527764,0.0
2026-02-20 12:45:00,-0.17218220730339387,0.0
2026-02-20 13:00:00,-0.1826468093297856,0.0
2026-02-20 13:15:00,-0.2110874770761252,0.0
2026-02-20 13:30:00,-0.22240400142340425,0.0
2026-02-20 13:45:00,-0.22712600935741725,0.0
2026-02-20 14:00:00,-0.06395582785730689,0.0
2026-02-20 14:15:00,-0.0661570770335628,0.0
2026-02-20 14:30:00,-0.06352011692951758,0.0
2026-02-20 14:45:00,-0.07628848084579926,0.0
2026-02-20 15:00:00,-0.08674568782833675,0.0
2026-02-20 15:15:00,-0.09214262256264813,0.0
2026-02-20 15:30:00,-0.10013906113689608,0.0
2026-02-20 15:45:00,-0.11310169108651265,0.0
2026-02-20 16:00:00,-0.11401264491033651,0.0
2026-02-20 16:15:00,-0.12918468545339634,0.0
2026-02-20 16:30:00,-0.10691766910600385,0.0
2026-02-20 16:45:00,-0.06868662124137472,0.0
2026-02-20 17:00:00,-0.04489265595666855,0.0
2026-02-20 17:15:00,-0.09544394007101098,0.0
2026-02-20 17:30:00,-0.07396764374905651,0.0
2026-02-20 17:45:00,0.06721936282686411,0.0
2026-02-20 18:00:00,0.11317782281213762,0.0
2026-02-20 18:15:00,0.1615499563523999,0.0
2026-02-20 18:30:00,0.08518307401417671,0.0
2026-02-20 18:45:00,0.24166779698285967,1000.0
2026-02-20 19:00:00,0.22914466433127628,1000.0
2026-02-20 19:15:00,0.28680293243418,1000.0
2026-02-20 19:30:00,0.29256947962771995,1000.0
2026-02-20 19:45:00,0.31538285320644655,1000.0
2026-02-20 20:00:00,0.2945073175741277,1000.0
2026-02-20 20:15:00,0.2326713065869586,1000.0
2026-02-20 20:30:00,0.16735289410854223,1000.0
2026-02-20 20:45:00,0.196518102962678,0.0
2026-02-20 21:00:00,0.11691045162201155,0.0
2026-02-20 21:15:00,0.08861310248102171,0.0
2026-02-20 21:30:00,-0.02853268301873834,0.0
2026-02-20 21:45:00,-0.09610854444151817,0.0
2026-02-20 22:00:00,0.09026422742121908,0.0
2026-02-20 22:15:00,0.040432126969380644,0.0
2026-02-20 22:30:00,0.04338671529215732,0.0
2026-02-20 22:45:00,0.05724043141135003,0.0
2026-02-20 23:00:00,0.0442334013956569,0.0
2026-02-20 23:15:00,0.05439424572410523,0.0
2026-02-20 23:30:00,0.07152746499126583,0.0
2026-02-20 23:45:00,0.06450990733012085,0.0
2026-02-21 00:00:00,0.13111020771410048,0.0
2026-02-21 00:15:00,0.13408476728443883,0.0
2026-02-21 00:30:00,0.13450880065535026,0.0
2026-02-21 00:45:00,0.13450880065535026,0.0
2026-02-21 01:00:00,0.15326178048896083,0.0
2026-02-21 01:15:00,0.157633109658794,0.0
2026-02-21 01:30:00,0.1571827044947589,0.0
2026-02-21 01:45:00,0.19280109774023413,0.0
2026-02-21 02:00:00,0.20115413609526772,0.0
2026-02-21 02:15:00,0.20752603528570834,0.0
2026-02-21 02:30:00,0.16462558605846728,0.0
2026-02-21 02:45:00,0.16420474982007,0.0
2026-02-21 03:00:00,0.09536054534399008,0.0
2026-02-21 03:15:00,0.06477730815383992,0.0
2026-02-21 03:30:00,0.0678866110636121,0.0
2026-02-21 03:45:00,0.07491075003429386,0.0
2026-02-21 04:00:00,0.07181038036007899,0.0
2026-02-21 04:15:00,0.0749804220972765,0.0
2026-02-21 04:30:00,0.028923774689859065,0.0
2026-02-21 04:45:00,0.01883678456582096,0.0
2026-02-21 05:00:00,0.030789333174436734,0.0
2026-02-21 05:15:00,0.019918489684887988,0.0
2026-02-21 05:30:00,0.018320624151202638,0.0
2026-02-21 05:45:00,0.01950269302385589,0.0
2026-02-21 06:00:00,-0.04437797999500998,0.0
2026-02-21 06:15:00,-0.030715913265602333,0.0
2026-02-21 06:30:00,-0.02926066590037933,0.0
2026-02-21 06:45:00,-0.02087523185438222,0.0
2026-02-21 07:00:00,-0.028877530131470854,0.0
2026-02-21 07:15:00,-0.034555220690906684,0.0
2026-02-21 07:30:00,-0.06531492078508383,0.0
2026-02-21 07:45:00,-0.09885593203035116,0.0
2026-02-21 08:00:00,-0.09764375734920874,0.0
2026-02-21 08:15:00,-0.04885575480690644,0.0
2026-02-21 08:30:00,-0.080746267156124,0.0
2026-02-21 08:45:00,-0.0931363041977062,0.0
2026-02-21 09:00:00,-0.17112482072396915,0.0
2026-02-21 09:15:00,-0.18681882890922902,0.0
2026-02-21 09:30:00,-0.20334773639030893,0.0
2026-02-21 09:45:00,-0.16144800379997237,0.0
2026-02-21 10:00:00,-0.19537643931703297,0.0
2026-02-21 10:15:00,-0.1566342239731847,0.0
2026-02-21 10:30:00,-0.1542027592686441,0.0
2026-02-21 10:45:00,-0.1899095643020255,0.0
2026-02-21 11:00:00,-0.19504264289584775,0.0
2026-02-21 11:15:00,-0.1845000772114217,0.0
2026-02-21 11:30:00,-0.16844900346789168,0.0
2026-02-21 11:45:00,-0.18124932971051955,0.0
2026-02-21 12:00:00,-0.18008288288221658,-1000.0
2026-02-21 12:15:00,-0.18155462844260045,-1000.0
2026-02-21 12:30:00,-0.19557746674781304,-1000.0
2026-02-21 12:45:00,-0.1634218861404213,-1000.0
2026-02-21 13:00:00,-0.16903856711295942,-1000.0
2026-02-21 13:15:00,-0.17529486960657512,-1000.0
2026-02-21 13:30:00,-0.21161039055477834,-1000.0
2026-02-21 13:45:00,-0.22418081745459797,-1000.0
2026-02-21 14:00:00,-0.03223443420129282,0.0
2026-02-21 14:15:00,-0.038028123485856345,0.0
2026-02-21 14:30:00,-0.037106001189798114,0.0
2026-02-21 14:45:00,-0.017717071629026356,0.0
2026-02-21 15:00:00,-0.03897823666762351,0.0
2026-02-21 15:15:00,-0.054171795885234804,0.0
2026-02-21 15:30:00,-0.07488869253088014,0.0
2026-02-21 15:45:00,-0.09838590520593009,0.0
2026-02-21 16:00:00,-0.09165561378878642,0.0
2026-02-21 16:15:00,-0.12334034930438745,0.0
2026-02-21 16:30:00,-0.11248792915101342,0.0
2026-02-21 16:45:00,-0.07460691203000568,0.0
2026-02-21 17:00:00,-0.10872193747802204,0.0
2026-02-21 17:15:00,-0.19660680494855998,0.0
2026-02-21 17:30:00,-0.19286993183748852,0.0
2026-02-21 17:45:00,0.005164084177075789,0.0
2026-02-21 18:00:00,-0.13991343885168564,0.0
2026-02-21 18:15:00,-0.019774304509145118,0.0
2026-02-21 18:30:00,-0.007688553376903857,0.0
2026-02-21 18:45:00,0.1104436940719249,0.0
2026-02-21 19:00:00,0.12026191612078571,0.0
2026-02-21 19:15:00,0.05922049661671116,0.0
2026-02-21 19:30:00,0.03397697930551039,0.0
2026-02-21 19:45:00,0.09120923603222421,0.0
2026-02-21 20:00:00,0.07008222688360587,0.0
2026-02-21 20:15:00,0.03290712762671663,0.0
2026-02-21 20:30:00,0.015324772061732042,0.0
2026-02-21 20:45:00,0.005684793568447286,0.0
2026-02-21 21:00:00,0.005169888912171718,0.0
2026-02-21 21:15:00,0.03679054890890716,0.0
2026-02-21 21:30:00,-0.0665980088104817,0.0
2026-02-21 21:45:00,-0.009485654685934678,0.0
2026-02-21 22:00:00,0.4957272524886484,1000.0
2026-02-21 22:15:00,0.47570678985528897,1000.0
2026-02-21 22:30:00,0.4866858337078534,1000.0
2026-02-21 22:45:00,0.49184041684653873,1000.0
2026-02-21 23:00:00,0.54422195920263,1000.0
2026-02-21 23:15:00,0.5827061142221738,1000.0
2026-02-21 23:30:00,0.6048671824227146,1000.0
2026-02-21 23:45:00,0.6225640455543238,1000.0
2026-02-22 00:00:00,0.23248569409994357,0.0
2026-02-22 00:15:00,0.28023623595852915,0.0
2026-02-22 00:30:00,0.2754160613967618,0.0
2026-02-22 00:45:00,0.23438720628884654,0.0
2026-02-22 01:00:00,0.2231982552834724,0.0
2026-02-22 01:15:00,0.22890282997403127,0.0
2026-02-22 01:30:00,0.24088306011252314,0.0
2026-02-22 01:45:00,0.26212803644817473,0.0
2026-02-22 02:00:00,0.2725246428888366,0.0
2026-02-22 02:15:00,0.2729910675034743,0.0
2026-02-22 02:30:00,0.2844097135560803,0.0
2026-02-22 02:45:00,0.26997381384359814,0.0
2026-02-22 03:00:00,0.2955708124586955,0.0
2026-02-22 03:15:00,0.4373633103792111,0.0
2026-02-22 03:30:00,0.4664263848309283,0.0
2026-02-22 03:45:00,0.4814430023711392,0.0
2026-02-22 04:00:00,0.4637237769820486,0.0
2026-02-22 04:15:00,0.5351174312070468,0.0
2026-02-22 04:30:00,0.5124034569781892,0.0
2026-02-22 04:45:00,0.537259290698648,0.0
2026-02-22 05:00:00,0.5393516656847624,0.0
2026-02-22 05:15:00,0.5927158528302019,0.0
2026-02-22 05:30:00,0.637824523713955,0.0
2026-02-22 05:45:00,0.648644508425835,0.0
2026-02-22 06:00:00,0.6617408724222836,0.0
2026-02-22 06:15:00,0.7043911339728749,0.0
2026-02-22 06:30:00,0.7380619787809757,0.0
2026-02-22 06:45:00,0.7339697971877673,0.0
2026-02-22 07:00:00,0.7312722174028337,0.0
2026-02-22 07:15:00,0.7129419600614388,0.0
2026-02-22 07:30:00,0.7055805211194227,0.0
2026-02-22 07:45:00,0.7118090657024477,0.0
2026-02-22 08:00:00,0.46469869995151364,0.0
2026-02-22 08:15:00,0.28658328471304834,0.0
2026-02-22 08:30:00,0.03413257212322185,0.0
2026-02-22 08:45:00,-0.05831784175444038,0.0
2026-02-22 09:00:00,-0.1828484587179782,0.0
2026-02-22 09:15:00,-0.21723165477975484,-1000.0
2026-02-22 09:30:00,-0.25733017723464846,-1000.0
2026-02-22 09:45:00,-0.2467305015502393,-1000.0
2026-02-22 10:00:00,-0.18122720328156092,-1000.0
2026-02-22 10:15:00,-0.1769297160280893,-1000.0
2026-02-22 10:30:00,-0.2160949790210174,-1000.0
2026-02-22 10:45:00,-0.19382261374467186,-1000.0
2026-02-22 11:00:00,-0.18607502212368507,-1000.0
2026-02-22 11:15:00,-0.17133156269735747,0.0
2026-02-22 11:30:00,-0.1673182167012757,0.0
2026-02-22 11:45:00,-0.18194528090383907,0.0
2026-02-22 12:00:00,-0.18049851651036133,0.0
2026-02-22 12:15:00,-0.16751940597116388,0.0
2026-02-22 12:30:00,-0.1685356871906407,0.0
2026-02-22 12:45:00,-0.17436272444544806,0.0
2026-02-22 13:00:00,-0.18791971076689776,0.0
2026-02-22 13:15:00,-0.19468507217158776,0.0
2026-02-22 13:30:00,-0.19829816383450743,0.0
2026-02-22 13:45:00,-0.21393576687463486,0.0
2026-02-22 14:00:00,-0.09894556844109394,0.0
2026-02-22 14:15:00,-0.11684612644615189,0.0
2026-02-22 14:30:00,-0.10185678708912285,0.0
2026-02-22 14:45:00,-0.09670045104448391,0.0
2026-02-22 15:00:00,-0.11121801341196359,0.0
2026-02-22 15:15:00,-0.12628094741323756,0.0
2026-02-22 15:30:00,-0.13758199618864297,0.0
2026-02-22 15:45:00,-0.16455204904683784,0.0
2026-02-22 16:00:00,-0.14084673347712343,0.0
2026-02-22 16:15:00,-0.12976296138365565,0.0
2026-02-22 16:30:00,-0.18226125330020274,0.0
2026-02-22 16:45:00,-0.17001177175050694,0.0
2026-02-22 17:00:00,-0.20284347589210708,0.0
2026-02-22 17:15:00,-0.07954431114670005,0.0
2026-02-22 17:30:00,0.15962007818515825,0.0
2026-02-22 17:45:00,0.6428703604381989,0.0
2026-02-22 18:00:00,0.8225034258376269,0.0
2026-02-22 18:15:00,1.0153113468216775,0.0
2026-02-22 18:30:00,1.0569011117511824,0.0
2026-02-22 18:45:00,1.0071290307204832,0.0
2026-02-22 19:00:00,1.0265295694025036,0.0
2026-02-22 19:15:00,1.2319177778444892,0.0
2026-02-22 19:30:00,1.398051505253334,1000.0
2026-02-22 19:45:00,1.4449217740084908,1000.0
2026-02-22 20:00:00,1.5374041611182871,1000.0
2026-02-22 20:15:00,1.468933916419937,1000.0
2026-02-22 20:30:00,1.4906660625637098,1000.0
2026-02-22 20:45:00,1.563914863300995,1000.0
2026-02-22 21:00:00,1.5404475960187287,1000.0
2026-02-22 21:15:00,1.5184117561157056,1000.0
2026-02-22 21:30:00,1.2865300472154666,0.0
2026-02-22 21:45:00,1.1632115724173737,0.0
2026-02-22 22:00:00,1.5874736709094446,0.0
2026-02-22 22:15:00,1.4481041835193673,0.0
2026-02-22 22:30:00,1.2972816176537623,0.0
2026-02-22 22:45:00,1.3538084238294914,0.0
2026-02-22 23:00:00,1.3705170257758337,0.0
2026-02-22 23:15:00,1.3550007348835227,0.0
2026-02-22 23:30:00,1.327770026209438,0.0
2026-02-22 23:45:00,1.2697456255596877,0.0
2026-02-23 00:00:00,1.0957810281980882,0.0
2026-02-23 00:15:00,1.0508019141300464,0.0
2026-02-23 00:30:00,1.0069863637103724,0.0
2026-02-23 00:45:00,1.0371210006043126,0.0
2026-02-23 01:00:00,1.0442305757453947,0.0
2026-02-23 01:15:00,1.023332089854797,0.0
2026-02-23 01:30:00,1.0542974837928316,0.0
2026-02-23 01:45:00,1.0312963113315803,0.0
2026-02-23 02:00:00,1.0446554447547967,0.0
2026-02-23 02:15:00,0.9387968791582911,0.0
2026-02-23 02:30:00,0.9484681357483865,0.0
2026-02-23 02:45:00,0.9416455903200575,0.0
2026-02-23 03:00:00,0.9387872115315787,0.0
2026-02-23 03:15:00,0.9499330718167823,0.0
2026-02-23 03:30:00,0.9479807228485543,0.0
2026-02-23 03:45:00,0.9512942248862957,0.0
2026-02-23 04:00:00,0.9372230948417919,0.0
2026-02-23 04:15:00,0.9424937556272387,0.0
2026-02-23 04:30:00,0.9489069806902586,0.0
2026-02-23 04:45:00,0.9564451147497119,0.0
2026-02-23 05:00:00,0.9693455680226145,0.0
2026-02-23 05:15:00,0.9867414996450288,0.0
2026-02-23 05:30:00,0.9842134212231439,0.0
2026-02-23 05:45:00,0.9919140249381813,0.0
2026-02-23 06:00:00,0.7357471780002675,0.0
2026-02-23 06:15:00,0.7781019647788806,0.0
2026-02-23 06:30:00,0.7618523180420553,0.0
2026-02-23 06:45:00,0.733696991166844,0.0
2026-02-23 07:00:00,0.741703021627843,0.0
2026-02-23 07:15:00,0.8723791744460971,0.0
2026-02-23 07:30:00,0.796226737408605,0.0
2026-02-23 07:45:00,0.6857401137695247,0.0
2026-02-23 08:00:00,0.6266201272945744,0.0
2026-02-23 08:15:00,0.5540710067334677,0.0
2026-02-23 08:30:00,0.18632298028249844,0.0
2026-02-23 08:45:00,-0.09714035398780706,0.0
2026-02-23 09:00:00,-0.15319835875691937,0.0
2026-02-23 09:15:00,-0.20977269906374774,0.0
2026-02-23 09:30:00,-0.2523456512710923,-1000.0
2026-02-23 09:45:00,-0.22496374143824377,-1000.0
2026-02-23 10:00:00,-0.28776166050444485,-1000.0
2026-02-23 10:15:00,-0.15351485807667212,-1000.0
2026-02-23 10:30:00,-0.223757208443256,-1000.0
2026-02-23 10:45:00,-0.2457826307432861,-1000.0
2026-02-23 11:00:00,-0.2287685562362193,-1000.0
2026-02-23 11:15:00,-0.23522370328284875,-1000.0
2026-02-23 11:30:00,-0.2258536860372806,0.0
2026-02-23 11:45:00,-0.19810148506068265,0.0
2026-02-23 12:00:00,-0.20997528790396716,0.0
2026-02-23 12:15:00,-0.2150573699334288,0.0
2026-02-23 12:30:00,-0.2097802132003813,0.0
2026-02-23 12:45:00,-0.2054566094598324,0.0
2026-02-23 13:00:00,-0.2207704927244745,0.0
2026-02-23 13:15:00,-0.2020677548626711,0.0
2026-02-23 13:30:00,-0.20603695459988364,0.0
2026-02-23 13:45:00,-0.21984620370318372,0.0
2026-02-23 14:00:00,-0.028478201499157824,0.0
2026-02-23 14:15:00,-0.052154304962885915,0.0
2026-02-23 14:30:00,-0.03612777572843724,0.0
2026-02-23 14:45:00,-0.038024472862008406,0.0
2026-02-23 15:00:00,-0.09683096096750862,0.0
2026-02-23 15:15:00,-0.10077650319767062,0.0
2026-02-23 15:30:00,-0.10800517220266749,0.0
2026-02-23 15:45:00,-0.1596082644746357,0.0
2026-02-23 16:00:00,-0.1990137955666304,0.0
2026-02-23 16:15:00,-0.21990446470528266,0.0
2026-02-23 16:30:00,-0.1680408153156885,0.0
2026-02-23 16:45:00,-0.20159654438720498,0.0
2026-02-23 17:00:00,-0.046360848865495304,0.0
2026-02-23 17:15:00,0.2573372032511675,0.0
2026-02-23 17:30:00,0.5446936597323626,0.0
2026-02-23 17:45:00,0.8348751412590552,0.0
2026-02-23 18:00:00,1.2177265950983687,0.0
2026-02-23 18:15:00,1.1356508223550776,0.0
2026-02-23 18:30:00,1.2512106834754098,0.0
2026-02-23 18:45:00,1.2629725826758822,0.0
2026-02-23 19:00:00,1.1470059391392757,0.0
2026-02-23 19:15:00,1.3012288736513602,0.0
2026-02-23 19:30:00,1.3000074667264467,0.0
2026-02-23 19:45:00,1.4025197954652997,0.0
2026-02-23 20:00:00,1.380421132297613,0.0
2026-02-23 20:15:00,1.5100219267248387,0.0
2026-02-23 20:30:00,1.6415303742681602,1000.0
2026-02-23 20:45:00,1.6424179550496052,1000.0
2026-02-23 21:00:00,2.1386039550554345,1000.0
2026-02-23 21:15:00,1.5531654192875832,1000.0
2026-02-23 21:30:00,1.5139983768675476,1000.0
2026-02-23 21:45:00,1.42154558641428,1000.0
2026-02-23 22:00:00,1.7493328301223494,1000.0
2026-02-23 22:15:00,1.520100515238741,1000.0
2026-02-23 22:30:00,1.5010647775462291,0.0
2026-02-23 22:45:00,1.4699823946747563,0.0
2026-02-23 23:00:00,1.436340193216105,0.0
2026-02-23 23:15:00,1.3551138781219896,0.0
2026-02-23 23:30:00,1.3042019952470298,0.0
2026-02-23 23:45:00,1.2599738880206577,0.0
2026-02-24 00:00:00,1.1746345350845033,0.0
2026-02-24 00:15:00,1.0315573200414374,0.0
2026-02-24 00:30:00,0.9935900399066757,0.0
2026-02-24 00:45:00,1.010236754889981,0.0
2026-02-24 01:00:00,1.0536324123590215,0.0
2026-02-24 01:15:00,1.125002703917773,0.0
2026-02-24 01:30:00,1.1010082181385332,0.0
2026-02-24 01:45:00,1.0769008944073224,0.0
2026-02-24 02:00:00,1.0439362169441502,0.0
2026-02-24 02:15:00,1.064577365518357,0.0
2026-02-24 02:30:00,1.079407860177947,0.0
2026-02-24 02:45:00,1.0826406700184579,0.0
2026-02-24 03:00:00,1.0571264862528933,0.0
2026-02-24 03:15:00,1.0111289246403787,0.0
2026-02-24 03:30:00,1.0137349755099452,0.0
2026-02-24 03:45:00,1.00666266417533,0.0
2026-02-24 04:00:00,0.9992623898691617,0.0
2026-02-24 04:15:00,1.002930177146361,0.0
2026-02-24 04:30:00,1.0018673817773602,0.0
2026-02-24 04:45:00,0.9761125218490567,0.0
2026-02-24 05:00:00,0.9815155161527739,0.0
2026-02-24 05:15:00,0.9847916648597455,0.0
2026-02-24 05:30:00,0.9800136794210309,0.0
2026-02-24 05:45:00,0.9677193354946163,0.0
2026-02-24 06:00:00,0.9365448508277929,0.0
2026-02-24 06:15:00,0.9636418139001255,0.0
2026-02-24 06:30:00,0.968495808072897,0.0
2026-02-24 06:45:00,0.9422343266047509,0.0
2026-02-24 07:00:00,0.9544605657950795,0.0
2026-02-24 07:15:00,1.0231401330024008,0.0
2026-02-24 07:30:00,0.9536753990918666,0.0
2026-02-24 07:45:00,0.8629697520406044,0.0
2026-02-24 08:00:00,0.8583665236784713,0.0
2026-02-24 08:15:00,0.5860974862167349,0.0
2026-02-24 08:30:00,0.2508609104067355,0.0
2026-02-24 08:45:00,0.15852530261652753,0.0
2026-02-24 09:00:00,0.03444607286085963,0.0
2026-02-24 09:15:00,-0.017823378176201755,0.0
2026-02-24 09:30:00,-0.10072362361437165,-1000.0
2026-02-24 09:45:00,-0.0653607641861469,-1000.0
2026-02-24 10:00:00,-0.09827007602673343,-1000.0
2026-02-24 10:15:00,-0.12246701336386469,-1000.0
2026-02-24 10:30:00,-0.13155762172194393,-1000.0
2026-02-24 10:45:00,-0.11863023243993266,-1000.0
2026-02-24 11:00:00,-0.08337210862357282,-1000.0
2026-02-24 11:15:00,-0.06592095475376729,-1000.0
2026-02-24 11:30:00,-0.0489552949306122,0.0
2026-02-24 11:45:00,-0.052244755623951214,0.0
2026-02-24 12:00:00,-0.059349219151057786,0.0
2026-02-24 12:15:00,-0.07656530748501447,0.0
2026-02-24 12:30:00,-0.11214928555230544,0.0
2026-02-24 12:45:00,-0.08637346180816707,0.0
2026-02-24 13:00:00,-0.07134180743376078,0.0
2026-02-24 13:15:00,-0.12734426472965962,0.0
2026-02-24 13:30:00,-0.04090342219673844,0.0
2026-02-24 13:45:00,-0.08257365942318069,0.0
2026-02-24 14:00:00,-0.09591914718569193,0.0
2026-02-24 14:15:00,-0.04638370098370963,0.0
2026-02-24 14:30:00,-0.09599232728551073,0.0
2026-02-24 14:45:00,-0.07266951277632427,0.0
2026-02-24 15:00:00,-0.09292899734125093,0.0
2026-02-24 15:15:00,-0.10250397338605938,0.0
2026-02-24 15:30:00,-0.09718566351672427,0.0
2026-02-24 15:45:00,-0.10325374541718776,0.0
2026-02-24 16:00:00,-0.07553586094630317,0.0
2026-02-24 16:15:00,-0.06473750939969156,0.0
2026-02-24 16:30:00,-0.08654275581421174,0.0
2026-02-24 16:45:00,-0.100630850417122,0.0
2026-02-24 17:00:00,-0.058848209043821584,0.0
2026-02-24 17:15:00,-0.12456934848064118,0.0
2026-02-24 17:30:00,-0.10980329268598675,0.0
2026-02-24 17:45:00,-0.05868340034323063,0.0
2026-02-24 18:00:00,0.11033718324932316,0.0
2026-02-24 18:15:00,0.2895359489183569,1000.0
2026-02-24 18:30:00,0.3593031347823009,1000.0
2026-02-24 18:45:00,0.41851064541454486,1000.0
2026-02-24 19:00:00,0.4664998402722849,1000.0
2026-02-24 19:15:00,0.3399912699813262,1000.0
2026-02-24 19:30:00,0.3007927223028101,1000.0
2026-02-24 19:45:00,0.2332678962662158,1000.0
2026-02-24 20:00:00,0.21378827306085174,1000.0
2026-02-24 20:15:00,0.149990107230072,0.0
2026-02-24 20:30:00,0.1357009739928696,0.0
2026-02-24 20:45:00,0.2584303878699359,0.0
2026-02-24 21:00:00,0.22403814866609753,0.0
2026-02-24 21:15:00,0.20803261165259582,0.0
2026-02-24 21:30:00,0.22087643840223195,0.0
2026-02-24 21:45:00,0.239889509326886,0.0
2026-02-24 22:00:00,0.09240437947445974,0.0
2026-02-24 22:15:00,0.07692538107867966,0.0
2026-02-24 22:30:00,0.06729953379130299,0.0
2026-02-24 22:45:00,0.06352388996098988,0.0
2026-02-24 23:00:00,-0.0036539885924722895,0.0
2026-02-24 23:15:00,-0.013787364651905947,0.0
2026-02-24 23:30:00,0.025097265151793044,0.0
2026-02-24 23:45:00,-0.002651737812563843,0.0
2026-02-25 00:00:00,0.23555558228352144,0.0
2026-02-25 00:15:00,0.1830226964871248,0.0
2026-02-25 00:30:00,0.17285809088428714,0.0
2026-02-25 00:45:00,0.17362089714409523,0.0
2026-02-25 01:00:00,0.1597796272386753,0.0
2026-02-25 01:15:00,0.155815353304252,0.0
2026-02-25 01:30:00,0.1423690700337873,0.0
2026-02-25 01:45:00,0.15068824492157684,0.0
2026-02-25 02:00:00,0.14973788700166107,0.0
2026-02-25 02:15:00,0.1325148221072067,0.0
2026-02-25 02:30:00,0.11418634507548735,0.0
2026-02-25 02:45:00,0.11992705497000568,0.0
2026-02-25 03:00:00,0.11492119161807877,0.0
2026-02-25 03:15:00,0.11124783623734003,0.0
2026-02-25 03:30:00,0.10924884120895813,0.0
2026-02-25 03:45:00,0.11009720918028287,0.0
2026-02-25 04:00:00,0.10401603713816918,0.0
2026-02-25 04:15:00,0.09845318497419099,0.0
2026-02-25 04:30:00,0.05298056609847218,0.0
2026-02-25 04:45:00,0.08974611367805282,0.0
2026-02-25 05:00:00,0.07512140459713837,0.0
2026-02-25 05:15:00,0.023334012035947697,0.0
2026-02-25 05:30:00,0.05020880994112178,0.0
2026-02-25 05:45:00,0.051258066227011706,0.0
2026-02-25 06:00:00,-0.039087079284538494,0.0
2026-02-25 06:15:00,-0.021627787459121275,0.0
2026-02-25 06:30:00,0.018658907220757522,0.0
2026-02-25 06:45:00,0.04278719001001389,0.0
2026-02-25 07:00:00,0.15425832252925592,0.0
2026-02-25 07:15:00,0.29815016840319747,0.0
2026-02-25 07:30:00,0.2502510519869119,0.0
2026-02-25 07:45:00,0.20526278638437842,0.0
2026-02-25 08:00:00,0.15696071262555156,0.0
2026-02-25 08:15:00,0.17232548524652092,0.0
2026-02-25 08:30:00,0.06832605617113584,0.0
2026-02-25 08:45:00,0.01878667014802378,0.0
2026-02-25 09:00:00,0.05532093651075278,0.0
2026-02-25 09:15:00,0.03588616597529418,0.0
2026-02-25 09:30:00,-0.0054626730471478676,0.0
2026-02-25 09:45:00,-0.04777835956278782,0.0
2026-02-25 10:00:00,-0.15106141403080417,0.0
2026-02-25 10:15:00,-0.11221242805196278,0.0
2026-02-25 10:30:00,-0.1226955593725183,0.0
2026-02-25 10:45:00,-0.08180078653386517,0.0
2026-02-25 11:00:00,-0.06637390690989751,0.0
2026-02-25 11:15:00,-0.07453018049663467,0.0
2026-02-25 11:30:00,-0.06855061521140275,0.0
2026-02-25 11:45:00,-0.10383078179034731,0.0
2026-02-25 12:00:00,-0.12032238961629761,0.0
2026-02-25 12:15:00,-0.1466921826806187,0.0
2026-02-25 12:30:00,-0.13065376582945865,0.0
2026-02-25 12:45:00,-0.0900253218556724,0.0
2026-02-25 13:00:00,-0.1591603609470228,-1000.0
2026-02-25 13:15:00,-0.13438724580115516,-1000.0
2026-02-25 13:30:00,-0.13025774473698398,-1000.0
2026-02-25 13:45:00,-0.1357980806703394,-1000.0
2026-02-25 14:00:00,-0.12377994895469273,-1000.0
2026-02-25 14:15:00,-0.15060474491509837,-1000.0
2026-02-25 14:30:00,-0.1683354979886362,-1000.0
2026-02-25 14:45:00,-0.17630752202407263,-1000.0
2026-02-25 15:00:00,-0.1416259641517054,0.0
2026-02-25 15:15:00,-0.13190404059775068,0.0
2026-02-25 15:30:00,-0.03248583464401324,0.0
2026-02-25 15:45:00,-0.015801843929423826,0.0
2026-02-25 16:00:00,0.051037613240593215,0.0
2026-02-25 16:15:00,0.09433531593028968,0.0
2026-02-25 16:30:00,0.20649946522815626,0.0
2026-02-25 16:45:00,0.4224358705872584,0.0
2026-02-25 17:00:00,0.6303994205830892,0.0
2026-02-25 17:15:00,0.7123305062853933,0.0
2026-02-25 17:30:00,1.0987580070960745,0.0
2026-02-25 17:45:00,1.2483667239095857,0.0
2026-02-25 18:00:00,1.5132296298209125,0.0
2026-02-25 18:15:00,1.616485675357131,0.0
2026-02-25 18:30:00,1.6866958689250677,0.0
2026-02-25 18:45:00,1.6588646415346269,0.0
2026-02-25 19:00:00,1.3704002314744264,0.0
2026-02-25 19:15:00,1.4116715856650797,0.0
2026-02-25 19:30:00,1.4742475966289275,0.0
2026-02-25 19:45:00,1.4869061109881099,0.0
2026-02-25 20:00:00,1.4606976815520145,0.0
2026-02-25 20:15:00,1.4879943323731195,0.0
2026-02-25 20:30:00,1.6063145663118719,0.0
2026-02-25 20:45:00,1.5891950551068594,0.0
2026-02-25 21:00:00,1.5191350448642977,0.0
2026-02-25 21:15:00,1.499173806313825,0.0
2026-02-25 21:30:00,1.4894393089465612,0.0
2026-02-25 21:45:00,1.5289171596917368,0.0
2026-02-25 22:00:00,1.7800725324090652,1000.0
2026-02-25 22:15:00,1.832811343768616,1000.0
2026-02-25 22:30:00,1.9209474167437548,1000.0
2026-02-25 22:45:00,2.17115044687338,1000.0
2026-02-25 23:00:00,2.152244197312342,1000.0
2026-02-25 23:15:00,2.147355055163993,1000.0
2026-02-25 23:30:00,2.3384504504784256,1000.0
2026-02-25 23:45:00,2.4179001253147168,1000.0
2026-02-26 00:00:00,1.8534740305112194,0.0
2026-02-26 00:15:00,3.181452058982046,0.0
2026-02-26 00:30:00,3.7309552789431706,0.0
2026-02-26 00:45:00,3.667686572509507,0.0
2026-02-26 01:00:00,3.658979447001726,0.0
2026-02-26 01:15:00,3.6243356933954907,0.0
2026-02-26 01:30:00,3.5453113149381252,0.0
2026-02-26 01:45:00,3.2528877968746444,0.0
2026-02-26 02:00:00,3.0933271887994467,0.0
2026-02-26 02:15:00,3.0446310385198716,0.0
2026-02-26 02:30:00,2.8420282771593226,0.0
2026-02-26 02:45:00,2.798050224529994,0.0
2026-02-26 03:00:00,2.7518760608115094,0.0
2026-02-26 03:15:00,2.7414334418683066,0.0
2026-02-26 03:30:00,2.7533902347188723,0.0
2026-02-26 03:45:00,2.7202220181081573,0.0
2026-02-26 04:00:00,2.7301611162265194,0.0
2026-02-26 04:15:00,2.7140839885219665,0.0
2026-02-26 04:30:00,2.695783925625557,0.0
2026-02-26 04:45:00,2.4693110478047666,0.0
2026-02-26 05:00:00,2.366930300642203,0.0
2026-02-26 05:15:00,2.2764411630599564,0.0
2026-02-26 05:30:00,2.358641557098393,0.0
2026-02-26 05:45:00,2.3384925468031095,0.0
2026-02-26 06:00:00,2.8895297134097926,0.0
2026-02-26 06:15:00,2.965465424124536,0.0
2026-02-26 06:30:00,2.566834000933853,0.0
2026-02-26 06:45:00,2.6222103194744073,0.0
2026-02-26 07:00:00,2.583042051503818,0.0
2026-02-26 07:15:00,2.4091417043106658,0.0
2026-02-26 07:30:00,2.252867624519659,0.0
2026-02-26 07:45:00,1.9307133353301655,0.0
2026-02-26 08:00:00,1.7126306799703575,0.0
2026-02-26 08:15:00,1.593626186493068,0.0
2026-02-26 08:30:00,1.5383974803243334,0.0
2026-02-26 08:45:00,1.4281301651425777,0.0
2026-02-26 09:00:00,1.440566827768899,0.0
2026-02-26 09:15:00,1.496097008546906,0.0
2026-02-26 09:30:00,1.4210646167513208,0.0
2026-02-26 09:45:00,1.4448711714559372,0.0
2026-02-26 10:00:00,1.151167296277021,0.0
2026-02-26 10:15:00,1.1165237182765253,0.0
2026-02-26 10:30:00,0.9406490384540634,0.0
2026-02-26 10:45:00,0.8841009762363691,0.0
2026-02-26 11:00:00,0.8648918154308501,0.0
2026-02-26 11:15:00,0.9536402815432138,0.0
2026-02-26 11:30:00,0.900364657232142,0.0
2026-02-26 11:45:00,0.7363996261873305,0.0
2026-02-26 12:00:00,0.6903256601633125,0.0
2026-02-26 12:15:00,0.4959921366841789,0.0
2026-02-26 12:30:00,0.06415664358864404,-1000.0
2026-02-26 12:45:00,0.009702394728478926,-1000.0
2026-02-26 13:00:00,0.004254475474633791,-1000.0
2026-02-26 13:15:00,0.004510331094692227,-1000.0
2026-02-26 13:30:00,0.02788332850121981,-1000.0
2026-02-26 13:45:00,-0.00769000649097713,-1000.0
2026-02-26 14:00:00,0.34439194882351154,-1000.0
2026-02-26 14:15:00,0.3164755195660185,-1000.0
2026-02-26 14:30:00,0.2637521934666864,0.0
2026-02-26 14:45:00,0.15953325140904906,0.0
2026-02-26 15:00:00,0.1610003053662489,0.0
2026-02-26 15:15:00,0.14051475486602766,0.0
2026-02-26 15:30:00,0.2517071238400793,0.0
2026-02-26 15:45:00,0.30173432000355893,0.0
2026-02-26 16:00:00,0.35400291348704593,0.0
2026-02-26 16:15:00,0.43607291338152226,0.0
2026-02-26 16:30:00,0.65858573329715,0.0
2026-02-26 16:45:00,0.8930572849629294,0.0
2026-02-26 17:00:00,1.0786740701411843,0.0
2026-02-26 17:15:00,1.3485832951714234,0.0
2026-02-26 17:30:00,1.5865822036345831,0.0
2026-02-26 17:45:00,1.5244098811123978,0.0
2026-02-26 18:00:00,2.89029621318581,1000.0
2026-02-26 18:15:00,3.44552341934652,1000.0
2026-02-26 18:30:00,3.0812334788294033,1000.0
2026-02-26 18:45:00,2.7216955234342595,1000.0
2026-02-26 19:00:00,2.3474068636598027,1000.0
2026-02-26 19:15:00,2.2414402354034513,1000.0
2026-02-26 19:30:00,2.207052214543772,1000.0
2026-02-26 19:45:00,2.2133620141519295,1000.0
2026-02-26 20:00:00,1.801223913175384,0.0
2026-02-26 20:15:00,1.741801390877032,0.0
2026-02-26 20:30:00,1.7031295673391327,0.0
2026-02-26 20:45:00,1.532383475957822,0.0
2026-02-26 21:00:00,1.4406816199614312,0.0
2026-02-26 21:15:00,1.2533623530218099,0.0
2026-02-26 21:30:00,1.1913447126339565,0.0
2026-02-26 21:45:00,1.2726718783392406,0.0
2026-02-26 22:00:00,1.3091894813785903,0.0
2026-02-26 22:15:00,1.2699682904389287,0.0
2026-02-26 22:30:00,1.2984045025393178,0.0
2026-02-26 22:45:00,1.1999281739066336,0.0
2026-02-26 23:00:00,0.9242266011616853,0.0
2026-02-26 23:15:00,0.9760030442831141,0.0
2026-02-26 23:30:00,0.9716244586733251,0.0
2026-02-26 23:45:00,1.0621045896097638,0.0
2026-02-27 00:00:00,0.9455428032870901,0.0
2026-02-27 00:15:00,1.1363155194085928,0.0
2026-02-27 00:30:00,1.1365535951887227,0.0
2026-02-27 00:45:00,1.149352308793302,0.0
2026-02-27 01:00:00,1.239156497455206,0.0
2026-02-27 01:15:00,1.2396014941480846,0.0
2026-02-27 01:30:00,1.2246695442418003,0.0
2026-02-27 01:45:00,1.2690018244996195,0.0
2026-02-27 02:00:00,1.2973118271020623,0.0
2026-02-27 02:15:00,1.3021983086513975,0.0
2026-02-27 02:30:00,1.3198314005429925,0.0
2026-02-27 02:45:00,1.3036825704640034,0.0
2026-02-27 03:00:00,1.2886350562062472,0.0
2026-02-27 03:15:00,1.3547375986156769,0.0
2026-02-27 03:30:00,1.5536485861411518,0.0
2026-02-27 03:45:00,1.5832157239704299,0.0
2026-02-27 04:00:00,1.6339206380011932,0.0
2026-02-27 04:15:00,1.6288647554292524,0.0
2026-02-27 04:30:00,1.7021537724521472,0.0
2026-02-27 04:45:00,1.6251846109171617,0.0
2026-02-27 05:00:00,1.6376510528638493,0.0
2026-02-27 05:15:00,1.7650938816593758,0.0
2026-02-27 05:30:00,1.7613428535809907,0.0
2026-02-27 05:45:00,1.8833266252961287,0.0
2026-02-27 06:00:00,1.7004154609698827,0.0
2026-02-27 06:15:00,1.7355850341317178,0.0
2026-02-27 06:30:00,1.8464989972445056,0.0
2026-02-27 06:45:00,2.1877234471752307,0.0
2026-02-27 07:00:00,2.3735806390489897,0.0
2026-02-27 07:15:00,2.1458234376750807,0.0
2026-02-27 07:30:00,2.0002679094875155,0.0
2026-02-27 07:45:00,1.6045349422424697,0.0
2026-02-27 08:00:00,1.5494739564338709,0.0
2026-02-27 08:15:00,1.355566065596846,0.0
2026-02-27 08:30:00,1.284103389678333,0.0
2026-02-27 08:45:00,1.4004916150594109,0.0
2026-02-27 09:00:00,1.3895046472970247,0.0
2026-02-27 09:15:00,1.1854613115898764,0.0
2026-02-27 09:30:00,1.1079929939931068,0.0
2026-02-27 09:45:00,0.7677425530682023,0.0
2026-02-27 10:00:00,0.7286139866521828,0.0
2026-02-27 10:15:00,0.6000805250839778,0.0
2026-02-27 10:30:00,0.1277375009349256,0.0
2026-02-27 10:45:00,0.1140489818941758,0.0
2026-02-27 11:00:00,-0.11594998071957019,0.0
2026-02-27 11:15:00,-0.11000768811697709,0.0
2026-02-27 11:30:00,-0.1646731713775318,-1000.0
2026-02-27 11:45:00,-0.10139498599236726,-1000.0
2026-02-27 12:00:00,-0.11863413325509048,-1000.0
2026-02-27 12:15:00,-0.15821794539215697,-1000.0
2026-02-27 12:30:00,-0.1107344389903899,-1000.0
2026-02-27 12:45:00,-0.11392640069110237,-1000.0
2026-02-27 13:00:00,-0.14628596225668772,-1000.0
2026-02-27 13:15:00,-0.1501859916070637,-1000.0
2026-02-27 13:30:00,-0.14352757422706305,0.0
2026-02-27 13:45:00,-0.07868251557692332,0.0
2026-02-27 14:00:00,0.31286139221852893,0.0
2026-02-27 14:15:00,0.21190218063275404,0.0
2026-02-27 14:30:00,0.10968868242869435,0.0
2026-02-27 14:45:00,0.04560051941625453,0.0
2026-02-27 15:00:00,0.02512324089250856,0.0
2026-02-27 15:15:00,0.006341470745453872,0.0
2026-02-27 15:30:00,-0.06466439468475908,0.0
2026-02-27 15:45:00,-0.054290073337811495,0.0
2026-02-27 16:00:00,0.019043659191570653,0.0
2026-02-27 16:15:00,0.08871925516028761,0.0
2026-02-27 16:30:00,0.33126393952675987,0.0
2026-02-27 16:45:00,0.7649143799636123,0.0
2026-02-27 17:00:00,1.1508428067226948,0.0
2026-02-27 17:15:00,1.1388312190124774,0.0
2026-02-27 17:30:00,1.2384380987327794,1000.0
2026-02-27 17:45:00,1.4688216154258047,1000.0
2026-02-27 18:00:00,1.3854008880360162,1000.0
2026-02-27 18:15:00,1.4880879586118272,1000.0
2026-02-27 18:30:00,1.478401399719919,1000.0
2026-02-27 18:45:00,1.5970654382111475,1000.0
2026-02-27 19:00:00,1.293031603143806,1000.0
2026-02-27 19:15:00,1.1986218765323253,1000.0
2026-02-27 19:30:00,1.0893068042929712,0.0
2026-02-27 19:45:00,1.0076199225199634,0.0
2026-02-27 20:00:00,0.9578781991902259,0.0
2026-02-27 20:15:00,0.8827437134891942,0.0
2026-02-27 20:30:00,0.9263422424637654,0.0
2026-02-27 20:45:00,0.9398144193177842,0.0
2026-02-27 21:00:00,0.8743910849572941,0.0
2026-02-27 21:15:00,0.823240578781982,0.0
2026-02-27 21:30:00,0.8424059065031807,0.0
2026-02-27 21:45:00,0.8542340624573834,0.0
2026-02-27 22:00:00,0.5563305276853173,0.0
2026-02-27 22:15:00,0.49744737486894425,0.0
2026-02-27 22:30:00,0.5465435350040728,0.0
2026-02-27 22:45:00,0.35076032715064764,0.0
2026-02-27 23:00:00,0.36328286643246666,0.0
2026-02-27 23:15:00,0.36901161167169244,0.0
2026-02-27 23:30:00,0.3797894958047674,0.0
2026-02-27 23:45:00,0.339041123696235,0.0
2026-02-28 00:00:00,0.3367197146268167,0.0
2026-02-28 00:15:00,0.6658198124231909,0.0
2026-02-28 00:30:00,0.567522879867408,0.0
2026-02-28 00:45:00,0.5588527626188455,0.0
2026-02-28 01:00:00,0.5709636330473872,0.0
2026-02-28 01:15:00,0.5045827169332473,0.0
2026-02-28 01:30:00,0.4473423858408734,0.0
2026-02-28 01:45:00,0.42221052011236504,0.0
2026-02-28 02:00:00,0.4317606739690516,0.0
2026-02-28 02:15:00,0.5301455169125886,0.0
2026-02-28 02:30:00,0.5378394264796141,0.0
2026-02-28 02:45:00,0.5236222556387565,0.0
2026-02-28 03:00:00,0.4787931678772119,0.0
2026-02-28 03:15:00,0.38325853877844657,0.0
2026-02-28 03:30:00,0.37814071386006337,0.0
2026-02-28 03:45:00,0.35380843988186256,0.0
2026-02-28 04:00:00,0.44130217022370083,0.0
2026-02-28 04:15:00,0.43905054943507854,0.0
2026-02-28 04:30:00,0.4362689114005815,0.0
2026-02-28 04:45:00,0.482379901407151,0.0
2026-02-28 05:00:00,0.464992913310107,0.0
2026-02-28 05:15:00,0.4571068289237048,0.0
2026-02-28 05:30:00,0.4685235725865309,0.0
2026-02-28 05:45:00,0.46023572473503604,0.0
2026-02-28 06:00:00,0.5934684460298735,0.0
2026-02-28 06:15:00,0.646244552642811,0.0
2026-02-28 06:30:00,0.6571759322696625,0.0
2026-02-28 06:45:00,0.6676449858141605,0.0
2026-02-28 07:00:00,0.7872849193419829,0.0
2026-02-28 07:15:00,0.7977851407400512,0.0
2026-02-28 07:30:00,0.7881556669400269,0.0
2026-02-28 07:45:00,0.7961173227407378,0.0
2026-02-28 08:00:00,0.7082078652869487,0.0
2026-02-28 08:15:00,0.39160637506308515,0.0
2026-02-28 08:30:00,0.26674036031686676,0.0
2026-02-28 08:45:00,0.3051902309341805,0.0
2026-02-28 09:00:00,0.23066931359542006,0.0
2026-02-28 09:15:00,0.16294197370200264,0.0
2026-02-28 09:30:00,0.1942860467563536,0.0
2026-02-28 09:45:00,0.143331209767866,0.0
2026-02-28 10:00:00,-0.16885090844013786,0.0
2026-02-28 10:15:00,-0.06556551640772096,0.0
2026-02-28 10:30:00,-0.023837174748661684,0.0
2026-02-28 10:45:00,0.160546941478691,0.0
2026-02-28 11:00:00,0.07745196742215431,0.0
2026-02-28 11:15:00,0.01405934260955278,0.0
2026-02-28 11:30:00,0.021817917597166576,0.0
2026-02-28 11:45:00,0.022634482610798527,0.0
2026-02-28 12:00:00,-0.005740234481285571,0.0
2026-02-28 12:15:00,-0.053951104839511634,0.0
2026-02-28 12:30:00,-0.013216075226380897,0.0
2026-02-28 12:45:00,-0.013792738527549326,0.0
2026-02-28 13:00:00,-0.00996997250070572,0.0
2026-02-28 13:15:00,-0.037509697004429354,0.0
2026-02-28 13:30:00,-0.023071349711098154,0.0
2026-02-28 13:45:00,-0.07051604770108137,0.0
2026-02-28 14:00:00,-0.15414541547504212,0.0
2026-02-28 14:15:00,-0.1775955448888179,-1000.0
2026-02-28 14:30:00,-0.19188861397651336,-1000.0
2026-02-28 14:45:00,-0.19378592367478048,-1000.0
2026-02-28 15:00:00,-0.20012690178958564,-1000.0
2026-02-28 15:15:00,-0.20353883251742017,-1000.0
2026-02-28 15:30:00,-0.27291423847281826,-1000.0
2026-02-28 15:45:00,-0.25433195615496784,-1000.0
2026-02-28 16:00:00,-0.16551029147093596,-1000.0
2026-02-28 16:15:00,0.010344654925661027,0.0
2026-02-28 16:30:00,0.45679916715677316,0.0
2026-02-28 16:45:00,0.7462562517895587,0.0
2026-02-28 17:00:00,0.8872968494227095,0.0
2026-02-28 17:15:00,1.1380316836467417,0.0
2026-02-28 17:30:00,1.2262977661777017,0.0
2026-02-28 17:45:00,1.5699743678810039,0.0
2026-02-28 18:00:00,1.886002544495349,0.0
2026-02-28 18:15:00,2.1184394352302847,0.0
2026-02-28 18:30:00,2.4825238656253776,0.0
2026-02-28 18:45:00,3.824919648934665,0.0
2026-02-28 19:00:00,3.8839121945855766,1000.0
2026-02-28 19:15:00,3.9794723715849654,1000.0
2026-02-28 19:30:00,3.9525735333649217,1000.0
2026-02-28 19:45:00,3.922121106786522,1000.0
2026-02-28 20:00:00,3.8852765310999646,1000.0
2026-02-28 20:15:00,3.842247866773087,1000.0
2026-02-28 20:30:00,3.798992444666916,1000.0
2026-02-28 20:45:00,3.874923379826123,1000.0
2026-02-28 21:00:00,3.563765902463226,0.0
2026-02-28 21:15:00,3.319177680138326,0.0
2026-02-28 21:30:00,3.2016221980386796,0.0
2026-02-28 21:45:00,3.1982901595674504,0.0
2026-02-28 22:00:00,2.9956524298110576,0.0
2026-02-28 22:15:00,3.000354503255517,0.0
2026-02-28 22:30:00,2.972107641580858,0.0
2026-02-28 22:45:00,2.931062667894162,0.0
2026-02-28 23:00:00,2.737233706301788,0.0
2026-02-28 23:15:00,2.7041618132872594,0.0
2026-02-28 23:30:00,2.650387175383575,0.0
2026-02-28 23:45:00,2.579788737796218,0.0
